stamp_sec,topic,type,value
1774017348.416962,/metrics/dbscan/front/detections_count,std_msgs/msg/Int32,14
1774017348.417311,/metrics/dbscan/front/points_in,std_msgs/msg/Int32,6415
1774017348.4175258,/metrics/dbscan/front/processing_ms,std_msgs/msg/Float32,127.58525848388672
1774017348.5345314,/metrics/dbscan/front/detections_count,std_msgs/msg/Int32,13
1774017348.5347564,/metrics/dbscan/front/points_in,std_msgs/msg/Int32,6435
1774017348.5348678,/metrics/dbscan/front/processing_ms,std_msgs/msg/Float32,115.7785415649414
1774017348.7065282,/metrics/dbscan/front/detections_count,std_msgs/msg/Int32,13
1774017348.7068942,/metrics/dbscan/front/points_in,std_msgs/msg/Int32,6400
1774017348.71139,/metrics/dbscan/front/processing_ms,std_msgs/msg/Float32,170.10830688476562
1774017348.828576,/metrics/dbscan/front/detections_count,std_msgs/msg/Int32,13
1774017348.8287284,/metrics/dbscan/front/points_in,std_msgs/msg/Int32,6378
1774017348.8288329,/metrics/dbscan/front/processing_ms,std_msgs/msg/Float32,120.42949676513672
1774017348.9437559,/metrics/dbscan/front/detections_count,std_msgs/msg/Int32,13
1774017348.944017,/metrics/dbscan/front/points_in,std_msgs/msg/Int32,6296
1774017348.9441316,/metrics/dbscan/front/processing_ms,std_msgs/msg/Float32,113.5304946899414
1774017349.0552514,/metrics/dbscan/front/detections_count,std_msgs/msg/Int32,11
1774017349.0554554,/metrics/dbscan/front/points_in,std_msgs/msg/Int32,6187
1774017349.0555847,/metrics/dbscan/front/processing_ms,std_msgs/msg/Float32,109.9632339477539
1774017349.104693,/metrics/dbscan/right/detections_count,std_msgs/msg/Int32,9
1774017349.1049676,/metrics/dbscan/right/points_in,std_msgs/msg/Int32,6713
1774017349.105117,/metrics/dbscan/right/processing_ms,std_msgs/msg/Float32,140.39852905273438
1774017349.166921,/metrics/dbscan/front/detections_count,std_msgs/msg/Int32,13
1774017349.1671467,/metrics/dbscan/front/points_in,std_msgs/msg/Int32,6163
1774017349.1672835,/metrics/dbscan/front/processing_ms,std_msgs/msg/Float32,110.10151672363281
1774017349.2322958,/metrics/dbscan/right/detections_count,std_msgs/msg/Int32,8
1774017349.2325687,/metrics/dbscan/right/points_in,std_msgs/msg/Int32,6662
1774017349.2327576,/metrics/dbscan/right/processing_ms,std_msgs/msg/Float32,126.11360931396484
1774017349.2810483,/metrics/dbscan/front/detections_count,std_msgs/msg/Int32,12
1774017349.2812161,/metrics/dbscan/front/points_in,std_msgs/msg/Int32,6106
1774017349.281369,/metrics/dbscan/front/processing_ms,std_msgs/msg/Float32,112.29216766357422
1774017349.4015164,/metrics/dbscan/front/detections_count,std_msgs/msg/Int32,15
1774017349.4017072,/metrics/dbscan/front/points_in,std_msgs/msg/Int32,6110
1774017349.4018354,/metrics/dbscan/front/processing_ms,std_msgs/msg/Float32,118.91985321044922
1774017349.4129987,/metrics/dbscan/right/detections_count,std_msgs/msg/Int32,9
1774017349.4132328,/metrics/dbscan/right/points_in,std_msgs/msg/Int32,6677
1774017349.4133668,/metrics/dbscan/right/processing_ms,std_msgs/msg/Float32,179.17434692382812
1774017349.518577,/metrics/dbscan/front/detections_count,std_msgs/msg/Int32,12
1774017349.5188062,/metrics/dbscan/front/points_in,std_msgs/msg/Int32,6142
1774017349.5189726,/metrics/dbscan/front/processing_ms,std_msgs/msg/Float32,115.36567687988281
1774017349.5415194,/metrics/dbscan/right/detections_count,std_msgs/msg/Int32,9
1774017349.541825,/metrics/dbscan/right/points_in,std_msgs/msg/Int32,6700
1774017349.5420828,/metrics/dbscan/right/processing_ms,std_msgs/msg/Float32,126.35991668701172
1774017349.6441715,/metrics/dbscan/front/detections_count,std_msgs/msg/Int32,13
1774017349.644323,/metrics/dbscan/front/points_in,std_msgs/msg/Int32,6151
1774017349.6444154,/metrics/dbscan/front/processing_ms,std_msgs/msg/Float32,123.9499282836914
1774017349.6752894,/metrics/dbscan/right/detections_count,std_msgs/msg/Int32,9
1774017349.6755068,/metrics/dbscan/right/points_in,std_msgs/msg/Int32,6725
1774017349.6756465,/metrics/dbscan/right/processing_ms,std_msgs/msg/Float32,131.91934204101562
1774017349.7682457,/metrics/dbscan/front/detections_count,std_msgs/msg/Int32,13
1774017349.7684934,/metrics/dbscan/front/points_in,std_msgs/msg/Int32,6195
1774017349.768611,/metrics/dbscan/front/processing_ms,std_msgs/msg/Float32,122.22138977050781
1774017349.8091853,/metrics/dbscan/right/detections_count,std_msgs/msg/Int32,9
1774017349.8093483,/metrics/dbscan/right/points_in,std_msgs/msg/Int32,6762
1774017349.8095136,/metrics/dbscan/right/processing_ms,std_msgs/msg/Float32,132.10507202148438
1774017349.8876638,/metrics/dbscan/front/detections_count,std_msgs/msg/Int32,12
1774017349.8879955,/metrics/dbscan/front/points_in,std_msgs/msg/Int32,6241
1774017349.8881829,/metrics/dbscan/front/processing_ms,std_msgs/msg/Float32,117.49421691894531
1774017349.9465842,/metrics/dbscan/right/detections_count,std_msgs/msg/Int32,9
1774017349.9467368,/metrics/dbscan/right/points_in,std_msgs/msg/Int32,6813
1774017349.9468305,/metrics/dbscan/right/processing_ms,std_msgs/msg/Float32,135.90675354003906
1774017350.0090132,/metrics/dbscan/front/detections_count,std_msgs/msg/Int32,12
1774017350.0092525,/metrics/dbscan/front/points_in,std_msgs/msg/Int32,6267
1774017350.0093694,/metrics/dbscan/front/processing_ms,std_msgs/msg/Float32,119.37637329101562
1774017350.0876899,/metrics/dbscan/right/detections_count,std_msgs/msg/Int32,8
1774017350.0880108,/metrics/dbscan/right/points_in,std_msgs/msg/Int32,6827
1774017350.0882263,/metrics/dbscan/right/processing_ms,std_msgs/msg/Float32,139.53512573242188
1774017350.1319768,/metrics/dbscan/front/detections_count,std_msgs/msg/Int32,12
1774017350.132178,/metrics/dbscan/front/points_in,std_msgs/msg/Int32,6265
1774017350.132299,/metrics/dbscan/front/processing_ms,std_msgs/msg/Float32,121.04967498779297
1774017350.133451,/metrics/dbscan/left/detections_count,std_msgs/msg/Int32,12
1774017350.1335697,/metrics/dbscan/left/points_in,std_msgs/msg/Int32,8229
1774017350.133659,/metrics/dbscan/left/processing_ms,std_msgs/msg/Float32,149.29452514648438
1774017350.2190218,/metrics/dbscan/right/detections_count,std_msgs/msg/Int32,9
1774017350.2192378,/metrics/dbscan/right/points_in,std_msgs/msg/Int32,6823
1774017350.2193577,/metrics/dbscan/right/processing_ms,std_msgs/msg/Float32,129.65032958984375
1774017350.2578146,/metrics/dbscan/front/detections_count,std_msgs/msg/Int32,13
1774017350.2580528,/metrics/dbscan/front/points_in,std_msgs/msg/Int32,6266
1774017350.258187,/metrics/dbscan/front/processing_ms,std_msgs/msg/Float32,124.26696014404297
1774017350.3181994,/metrics/dbscan/left/detections_count,std_msgs/msg/Int32,12
1774017350.3184037,/metrics/dbscan/left/points_in,std_msgs/msg/Int32,8226
1774017350.31852,/metrics/dbscan/left/processing_ms,std_msgs/msg/Float32,182.98568725585938
1774017350.3508976,/metrics/dbscan/right/detections_count,std_msgs/msg/Int32,10
1774017350.3510892,/metrics/dbscan/right/points_in,std_msgs/msg/Int32,6847
1774017350.3512282,/metrics/dbscan/right/processing_ms,std_msgs/msg/Float32,130.1846466064453
1774017350.372913,/metrics/dbscan/front/detections_count,std_msgs/msg/Int32,13
1774017350.3732574,/metrics/dbscan/front/points_in,std_msgs/msg/Int32,6255
1774017350.3734417,/metrics/dbscan/front/processing_ms,std_msgs/msg/Float32,113.29037475585938
1774017350.4550867,/metrics/dbscan/left/detections_count,std_msgs/msg/Int32,12
1774017350.455284,/metrics/dbscan/left/points_in,std_msgs/msg/Int32,8234
1774017350.4553938,/metrics/dbscan/left/processing_ms,std_msgs/msg/Float32,135.36611938476562
1774017350.4853072,/metrics/dbscan/right/detections_count,std_msgs/msg/Int32,10
1774017350.4855309,/metrics/dbscan/right/points_in,std_msgs/msg/Int32,6819
1774017350.4856546,/metrics/dbscan/right/processing_ms,std_msgs/msg/Float32,132.6787109375
1774017350.4910355,/metrics/dbscan/front/detections_count,std_msgs/msg/Int32,13
1774017350.4912212,/metrics/dbscan/front/points_in,std_msgs/msg/Int32,6282
1774017350.491323,/metrics/dbscan/front/processing_ms,std_msgs/msg/Float32,116.22225952148438
1774017350.589333,/metrics/dbscan/left/detections_count,std_msgs/msg/Int32,12
1774017350.5896614,/metrics/dbscan/left/points_in,std_msgs/msg/Int32,8223
1774017350.5898292,/metrics/dbscan/left/processing_ms,std_msgs/msg/Float32,131.51768493652344
1774017350.6104825,/metrics/dbscan/front/detections_count,std_msgs/msg/Int32,12
1774017350.6107323,/metrics/dbscan/front/points_in,std_msgs/msg/Int32,6263
1774017350.6109064,/metrics/dbscan/front/processing_ms,std_msgs/msg/Float32,117.56990051269531
1774017350.6162596,/metrics/dbscan/right/detections_count,std_msgs/msg/Int32,8
1774017350.6164906,/metrics/dbscan/right/points_in,std_msgs/msg/Int32,6848
1774017350.6167083,/metrics/dbscan/right/processing_ms,std_msgs/msg/Float32,129.1661376953125
1774017350.731377,/metrics/dbscan/left/detections_count,std_msgs/msg/Int32,12
1774017350.731539,/metrics/dbscan/left/points_in,std_msgs/msg/Int32,8201
1774017350.7316663,/metrics/dbscan/left/processing_ms,std_msgs/msg/Float32,140.3281707763672
1774017350.7386303,/metrics/dbscan/front/detections_count,std_msgs/msg/Int32,13
1774017350.7388523,/metrics/dbscan/front/points_in,std_msgs/msg/Int32,6263
1774017350.7390282,/metrics/dbscan/front/processing_ms,std_msgs/msg/Float32,125.9107666015625
1774017350.762858,/metrics/dbscan/back/detections_count,std_msgs/msg/Int32,11
1774017350.763057,/metrics/dbscan/back/points_in,std_msgs/msg/Int32,4898
1774017350.7631748,/metrics/dbscan/back/processing_ms,std_msgs/msg/Float32,122.99559020996094
1774017350.764464,/metrics/dbscan/right/detections_count,std_msgs/msg/Int32,10
1774017350.7646184,/metrics/dbscan/right/points_in,std_msgs/msg/Int32,6848
1774017350.7647743,/metrics/dbscan/right/processing_ms,std_msgs/msg/Float32,146.8855743408203
1774017350.8657622,/metrics/dbscan/back/detections_count,std_msgs/msg/Int32,11
1774017350.866021,/metrics/dbscan/back/points_in,std_msgs/msg/Int32,4855
1774017350.8661811,/metrics/dbscan/back/processing_ms,std_msgs/msg/Float32,101.60393524169922
1774017350.867043,/metrics/dbscan/left/detections_count,std_msgs/msg/Int32,12
1774017350.8672268,/metrics/dbscan/left/points_in,std_msgs/msg/Int32,8172
1774017350.8673859,/metrics/dbscan/left/processing_ms,std_msgs/msg/Float32,133.38734436035156
1774017350.8739965,/metrics/dbscan/front/detections_count,std_msgs/msg/Int32,12
1774017350.874181,/metrics/dbscan/front/points_in,std_msgs/msg/Int32,6276
1774017350.8743303,/metrics/dbscan/front/processing_ms,std_msgs/msg/Float32,133.2805633544922
1774017350.9117484,/metrics/dbscan/right/detections_count,std_msgs/msg/Int32,9
1774017350.911925,/metrics/dbscan/right/points_in,std_msgs/msg/Int32,6846
1774017350.912066,/metrics/dbscan/right/processing_ms,std_msgs/msg/Float32,145.72012329101562
1774017350.9693635,/metrics/dbscan/back/detections_count,std_msgs/msg/Int32,10
1774017350.9695847,/metrics/dbscan/back/points_in,std_msgs/msg/Int32,4825
1774017350.969705,/metrics/dbscan/back/processing_ms,std_msgs/msg/Float32,102.11315155029297
1774017350.9991877,/metrics/dbscan/front/detections_count,std_msgs/msg/Int32,13
1774017350.9994154,/metrics/dbscan/front/points_in,std_msgs/msg/Int32,6250
1774017350.9995663,/metrics/dbscan/front/processing_ms,std_msgs/msg/Float32,122.9926528930664
1774017351.0029652,/metrics/dbscan/left/detections_count,std_msgs/msg/Int32,12
1774017351.003155,/metrics/dbscan/left/points_in,std_msgs/msg/Int32,8115
1774017351.0032787,/metrics/dbscan/left/processing_ms,std_msgs/msg/Float32,135.0650634765625
1774017351.0525327,/metrics/dbscan/right/detections_count,std_msgs/msg/Int32,10
1774017351.0528,/metrics/dbscan/right/points_in,std_msgs/msg/Int32,6840
1774017351.0529916,/metrics/dbscan/right/processing_ms,std_msgs/msg/Float32,139.19020080566406
1774017351.128152,/metrics/dbscan/front/detections_count,std_msgs/msg/Int32,13
1774017351.128375,/metrics/dbscan/front/points_in,std_msgs/msg/Int32,6206
1774017351.1285145,/metrics/dbscan/front/processing_ms,std_msgs/msg/Float32,127.1370620727539
1774017351.1345973,/metrics/dbscan/back/detections_count,std_msgs/msg/Int32,10
1774017351.1348917,/metrics/dbscan/back/points_in,std_msgs/msg/Int32,4762
1774017351.1350942,/metrics/dbscan/back/processing_ms,std_msgs/msg/Float32,163.85049438476562
1774017351.1418102,/metrics/dbscan/left/detections_count,std_msgs/msg/Int32,12
1774017351.1420872,/metrics/dbscan/left/points_in,std_msgs/msg/Int32,8062
1774017351.1422732,/metrics/dbscan/left/processing_ms,std_msgs/msg/Float32,137.0177001953125
1774017351.1974874,/metrics/dbscan/right/detections_count,std_msgs/msg/Int32,10
1774017351.197715,/metrics/dbscan/right/points_in,std_msgs/msg/Int32,6794
1774017351.197911,/metrics/dbscan/right/processing_ms,std_msgs/msg/Float32,142.3580780029297
1774017351.234317,/metrics/dbscan/back/detections_count,std_msgs/msg/Int32,10
1774017351.2345338,/metrics/dbscan/back/points_in,std_msgs/msg/Int32,4662
1774017351.2347026,/metrics/dbscan/back/processing_ms,std_msgs/msg/Float32,98.06661224365234
1774017351.2500098,/metrics/dbscan/front/detections_count,std_msgs/msg/Int32,14
1774017351.250171,/metrics/dbscan/front/points_in,std_msgs/msg/Int32,6179
1774017351.2502797,/metrics/dbscan/front/processing_ms,std_msgs/msg/Float32,119.83773803710938
1774017351.2812052,/metrics/dbscan/left/detections_count,std_msgs/msg/Int32,13
1774017351.2813737,/metrics/dbscan/left/points_in,std_msgs/msg/Int32,8039
1774017351.281488,/metrics/dbscan/left/processing_ms,std_msgs/msg/Float32,137.80970764160156
1774017351.331731,/metrics/dbscan/back/detections_count,std_msgs/msg/Int32,11
1774017351.331928,/metrics/dbscan/back/points_in,std_msgs/msg/Int32,4583
1774017351.3320682,/metrics/dbscan/back/processing_ms,std_msgs/msg/Float32,95.51485443115234
1774017351.3327308,/metrics/dbscan/right/detections_count,std_msgs/msg/Int32,10
1774017351.3328855,/metrics/dbscan/right/processing_ms,std_msgs/msg/Float32,134.05162048339844
1774017351.3334157,/metrics/dbscan/right/points_in,std_msgs/msg/Int32,6734
1774017351.372745,/metrics/dbscan/front/detections_count,std_msgs/msg/Int32,12
1774017351.3730552,/metrics/dbscan/front/points_in,std_msgs/msg/Int32,6126
1774017351.3732178,/metrics/dbscan/front/processing_ms,std_msgs/msg/Float32,121.00823211669922
1774017351.4181983,/metrics/dbscan/left/detections_count,std_msgs/msg/Int32,12
1774017351.4184058,/metrics/dbscan/left/points_in,std_msgs/msg/Int32,8042
1774017351.4185367,/metrics/dbscan/left/processing_ms,std_msgs/msg/Float32,135.3536376953125
1774017351.4318273,/metrics/dbscan/back/detections_count,std_msgs/msg/Int32,12
1774017351.4321108,/metrics/dbscan/back/points_in,std_msgs/msg/Int32,4498
1774017351.432253,/metrics/dbscan/back/processing_ms,std_msgs/msg/Float32,97.81902313232422
1774017351.47586,/metrics/dbscan/right/detections_count,std_msgs/msg/Int32,10
1774017351.4761102,/metrics/dbscan/right/points_in,std_msgs/msg/Int32,6726
1774017351.4762197,/metrics/dbscan/right/processing_ms,std_msgs/msg/Float32,141.13426208496094
1774017351.4959419,/metrics/dbscan/front/detections_count,std_msgs/msg/Int32,11
1774017351.496128,/metrics/dbscan/front/points_in,std_msgs/msg/Int32,6128
1774017351.4962425,/metrics/dbscan/front/processing_ms,std_msgs/msg/Float32,120.94886016845703
1774017351.528354,/metrics/dbscan/back/detections_count,std_msgs/msg/Int32,11
1774017351.528572,/metrics/dbscan/back/points_in,std_msgs/msg/Int32,4434
1774017351.5286756,/metrics/dbscan/back/processing_ms,std_msgs/msg/Float32,95.22447967529297
1774017351.5676777,/metrics/dbscan/left/detections_count,std_msgs/msg/Int32,12
1774017351.5678525,/metrics/dbscan/left/points_in,std_msgs/msg/Int32,8022
1774017351.5680523,/metrics/dbscan/left/processing_ms,std_msgs/msg/Float32,147.7474822998047
1774017351.6153903,/metrics/dbscan/front/detections_count,std_msgs/msg/Int32,14
1774017351.6156201,/metrics/dbscan/front/points_in,std_msgs/msg/Int32,6179
1774017351.615743,/metrics/dbscan/front/processing_ms,std_msgs/msg/Float32,117.96548461914062
1774017351.616928,/metrics/dbscan/right/detections_count,std_msgs/msg/Int32,10
1774017351.617097,/metrics/dbscan/right/points_in,std_msgs/msg/Int32,6781
1774017351.6172876,/metrics/dbscan/right/processing_ms,std_msgs/msg/Float32,139.39125061035156
1774017351.6307428,/metrics/dbscan/back/detections_count,std_msgs/msg/Int32,11
1774017351.631053,/metrics/dbscan/back/points_in,std_msgs/msg/Int32,4408
1774017351.631192,/metrics/dbscan/back/processing_ms,std_msgs/msg/Float32,100.78780364990234
1774017351.716019,/metrics/dbscan/left/detections_count,std_msgs/msg/Int32,12
1774017351.716264,/metrics/dbscan/left/points_in,std_msgs/msg/Int32,8033
1774017351.716406,/metrics/dbscan/left/processing_ms,std_msgs/msg/Float32,146.35501098632812
1774017351.7331383,/metrics/dbscan/back/detections_count,std_msgs/msg/Int32,12
1774017351.7333639,/metrics/dbscan/back/points_in,std_msgs/msg/Int32,4297
1774017351.7335289,/metrics/dbscan/back/processing_ms,std_msgs/msg/Float32,100.72853088378906
1774017351.7352157,/metrics/dbscan/front/detections_count,std_msgs/msg/Int32,13
1774017351.7353866,/metrics/dbscan/front/points_in,std_msgs/msg/Int32,6228
1774017351.7355502,/metrics/dbscan/front/processing_ms,std_msgs/msg/Float32,118.10567474365234
1774017351.7541425,/metrics/dbscan/right/detections_count,std_msgs/msg/Int32,9
1774017351.754387,/metrics/dbscan/right/points_in,std_msgs/msg/Int32,6819
1774017351.7545495,/metrics/dbscan/right/processing_ms,std_msgs/msg/Float32,135.239013671875
1774017351.8353322,/metrics/dbscan/back/detections_count,std_msgs/msg/Int32,12
1774017351.835501,/metrics/dbscan/back/points_in,std_msgs/msg/Int32,4198
1774017351.8356097,/metrics/dbscan/back/processing_ms,std_msgs/msg/Float32,100.34496307373047
1774017351.854076,/metrics/dbscan/front/detections_count,std_msgs/msg/Int32,12
1774017351.8544128,/metrics/dbscan/front/points_in,std_msgs/msg/Int32,6247
1774017351.8545465,/metrics/dbscan/front/processing_ms,std_msgs/msg/Float32,117.01374053955078
1774017351.8573158,/metrics/dbscan/left/detections_count,std_msgs/msg/Int32,12
1774017351.8575134,/metrics/dbscan/left/points_in,std_msgs/msg/Int32,7955
1774017351.8576782,/metrics/dbscan/left/processing_ms,std_msgs/msg/Float32,139.33251953125
1774017351.9013371,/metrics/dbscan/right/detections_count,std_msgs/msg/Int32,8
1774017351.9015594,/metrics/dbscan/right/points_in,std_msgs/msg/Int32,6847
1774017351.9017649,/metrics/dbscan/right/processing_ms,std_msgs/msg/Float32,145.36227416992188
1774017351.9432952,/metrics/dbscan/back/detections_count,std_msgs/msg/Int32,12
1774017351.9437916,/metrics/dbscan/back/points_in,std_msgs/msg/Int32,4180
1774017351.9439917,/metrics/dbscan/back/processing_ms,std_msgs/msg/Float32,105.7741928100586
1774017351.9695034,/metrics/dbscan/front/detections_count,std_msgs/msg/Int32,14
1774017351.9698014,/metrics/dbscan/front/points_in,std_msgs/msg/Int32,6298
1774017351.969968,/metrics/dbscan/front/processing_ms,std_msgs/msg/Float32,113.04551696777344
1774017352.0008008,/metrics/dbscan/left/detections_count,std_msgs/msg/Int32,12
1774017352.0010366,/metrics/dbscan/left/points_in,std_msgs/msg/Int32,7899
1774017352.0012074,/metrics/dbscan/left/processing_ms,std_msgs/msg/Float32,141.31324768066406
1774017352.0437508,/metrics/dbscan/right/detections_count,std_msgs/msg/Int32,8
1774017352.043958,/metrics/dbscan/right/points_in,std_msgs/msg/Int32,6939
1774017352.04407,/metrics/dbscan/right/processing_ms,std_msgs/msg/Float32,140.18515014648438
1774017352.0475278,/metrics/dbscan/back/detections_count,std_msgs/msg/Int32,11
1774017352.0477645,/metrics/dbscan/back/points_in,std_msgs/msg/Int32,4226
1774017352.047918,/metrics/dbscan/back/processing_ms,std_msgs/msg/Float32,102.7435073852539
1774017352.0948226,/metrics/dbscan/front/detections_count,std_msgs/msg/Int32,15
1774017352.0950427,/metrics/dbscan/front/points_in,std_msgs/msg/Int32,6333
1774017352.0951705,/metrics/dbscan/front/processing_ms,std_msgs/msg/Float32,122.9291000366211
1774017352.1365857,/metrics/dbscan/left/detections_count,std_msgs/msg/Int32,11
1774017352.1369574,/metrics/dbscan/left/points_in,std_msgs/msg/Int32,7775
1774017352.1371436,/metrics/dbscan/left/processing_ms,std_msgs/msg/Float32,133.9280242919922
1774017352.153449,/metrics/dbscan/back/detections_count,std_msgs/msg/Int32,11
1774017352.1536398,/metrics/dbscan/back/points_in,std_msgs/msg/Int32,4354
1774017352.1537464,/metrics/dbscan/back/processing_ms,std_msgs/msg/Float32,104.47541809082031
1774017352.180405,/metrics/dbscan/right/detections_count,std_msgs/msg/Int32,11
1774017352.1806092,/metrics/dbscan/right/points_in,std_msgs/msg/Int32,6951
1774017352.1807234,/metrics/dbscan/right/processing_ms,std_msgs/msg/Float32,135.13247680664062
1774017352.2187686,/metrics/dbscan/front/detections_count,std_msgs/msg/Int32,14
1774017352.2189693,/metrics/dbscan/front/points_in,std_msgs/msg/Int32,6226
1774017352.219078,/metrics/dbscan/front/processing_ms,std_msgs/msg/Float32,121.79267120361328
1774017352.2494123,/metrics/dbscan/back/detections_count,std_msgs/msg/Int32,12
1774017352.2495716,/metrics/dbscan/back/points_in,std_msgs/msg/Int32,4468
1774017352.2496717,/metrics/dbscan/back/processing_ms,std_msgs/msg/Float32,94.45613861083984
1774017352.2682886,/metrics/dbscan/left/detections_count,std_msgs/msg/Int32,11
1774017352.268526,/metrics/dbscan/left/points_in,std_msgs/msg/Int32,7651
1774017352.2687175,/metrics/dbscan/left/processing_ms,std_msgs/msg/Float32,129.60829162597656
1774017352.3143451,/metrics/dbscan/right/detections_count,std_msgs/msg/Int32,10
1774017352.3144982,/metrics/dbscan/right/points_in,std_msgs/msg/Int32,7019
1774017352.3145926,/metrics/dbscan/right/processing_ms,std_msgs/msg/Float32,132.43408203125
1774017352.343987,/metrics/dbscan/front/detections_count,std_msgs/msg/Int32,13
1774017352.3441653,/metrics/dbscan/front/points_in,std_msgs/msg/Int32,6156
1774017352.3442767,/metrics/dbscan/front/processing_ms,std_msgs/msg/Float32,123.38899993896484
1774017352.347256,/metrics/dbscan/back/detections_count,std_msgs/msg/Int32,12
1774017352.3474448,/metrics/dbscan/back/points_in,std_msgs/msg/Int32,4584
1774017352.3475578,/metrics/dbscan/back/processing_ms,std_msgs/msg/Float32,96.61865234375
1774017352.3963356,/metrics/dbscan/left/detections_count,std_msgs/msg/Int32,12
1774017352.396666,/metrics/dbscan/left/points_in,std_msgs/msg/Int32,7535
1774017352.3968875,/metrics/dbscan/left/processing_ms,std_msgs/msg/Float32,126.0739517211914
1774017352.4545918,/metrics/dbscan/right/detections_count,std_msgs/msg/Int32,10
1774017352.4548452,/metrics/dbscan/right/points_in,std_msgs/msg/Int32,7045
1774017352.4550254,/metrics/dbscan/right/processing_ms,std_msgs/msg/Float32,138.56532287597656
1774017352.4560704,/metrics/dbscan/back/detections_count,std_msgs/msg/Int32,11
1774017352.4562187,/metrics/dbscan/back/points_in,std_msgs/msg/Int32,4638
1774017352.456364,/metrics/dbscan/back/processing_ms,std_msgs/msg/Float32,106.51322174072266
1774017352.4709833,/metrics/dbscan/front/detections_count,std_msgs/msg/Int32,12
1774017352.4712355,/metrics/dbscan/front/points_in,std_msgs/msg/Int32,6107
1774017352.4713635,/metrics/dbscan/front/processing_ms,std_msgs/msg/Float32,125.3686294555664
1774017352.5327008,/metrics/dbscan/left/detections_count,std_msgs/msg/Int32,11
1774017352.5329282,/metrics/dbscan/left/points_in,std_msgs/msg/Int32,7486
1774017352.533185,/metrics/dbscan/left/processing_ms,std_msgs/msg/Float32,134.81117248535156
1774017352.5625658,/metrics/dbscan/back/detections_count,std_msgs/msg/Int32,10
1774017352.5627308,/metrics/dbscan/back/points_in,std_msgs/msg/Int32,4633
1774017352.562827,/metrics/dbscan/back/processing_ms,std_msgs/msg/Float32,104.04496002197266
1774017352.5903463,/metrics/dbscan/front/detections_count,std_msgs/msg/Int32,11
1774017352.5905778,/metrics/dbscan/front/points_in,std_msgs/msg/Int32,6133
1774017352.59073,/metrics/dbscan/front/processing_ms,std_msgs/msg/Float32,116.74455261230469
1774017352.5986195,/metrics/dbscan/right/detections_count,std_msgs/msg/Int32,9
1774017352.5988178,/metrics/dbscan/right/points_in,std_msgs/msg/Int32,7048
1774017352.5990052,/metrics/dbscan/right/processing_ms,std_msgs/msg/Float32,141.1562957763672
1774017352.664287,/metrics/dbscan/left/detections_count,std_msgs/msg/Int32,12
1774017352.6644442,/metrics/dbscan/left/points_in,std_msgs/msg/Int32,7482
1774017352.6645386,/metrics/dbscan/left/processing_ms,std_msgs/msg/Float32,129.80201721191406
1774017352.6697204,/metrics/dbscan/back/detections_count,std_msgs/msg/Int32,12
1774017352.6700785,/metrics/dbscan/back/points_in,std_msgs/msg/Int32,4623
1774017352.6702242,/metrics/dbscan/back/processing_ms,std_msgs/msg/Float32,104.87533569335938
1774017352.7093077,/metrics/dbscan/front/detections_count,std_msgs/msg/Int32,12
1774017352.7095137,/metrics/dbscan/front/points_in,std_msgs/msg/Int32,6105
1774017352.7096314,/metrics/dbscan/front/processing_ms,std_msgs/msg/Float32,113.30496978759766
1774017352.736706,/metrics/dbscan/right/detections_count,std_msgs/msg/Int32,10
1774017352.7370589,/metrics/dbscan/right/points_in,std_msgs/msg/Int32,7052
1774017352.7372332,/metrics/dbscan/right/processing_ms,std_msgs/msg/Float32,136.34548950195312
1774017352.7737083,/metrics/dbscan/back/detections_count,std_msgs/msg/Int32,11
1774017352.7739701,/metrics/dbscan/back/points_in,std_msgs/msg/Int32,4623
1774017352.774088,/metrics/dbscan/back/processing_ms,std_msgs/msg/Float32,101.51349639892578
1774017352.7980368,/metrics/dbscan/left/detections_count,std_msgs/msg/Int32,11
1774017352.7982442,/metrics/dbscan/left/points_in,std_msgs/msg/Int32,7490
1774017352.7984836,/metrics/dbscan/left/processing_ms,std_msgs/msg/Float32,132.0396728515625
1774017352.8360872,/metrics/dbscan/front/detections_count,std_msgs/msg/Int32,13
1774017352.8362732,/metrics/dbscan/front/points_in,std_msgs/msg/Int32,6094
1774017352.8363707,/metrics/dbscan/front/processing_ms,std_msgs/msg/Float32,125.09539794921875
1774017352.875045,/metrics/dbscan/right/detections_count,std_msgs/msg/Int32,11
1774017352.8753002,/metrics/dbscan/right/points_in,std_msgs/msg/Int32,7031
1774017352.875464,/metrics/dbscan/right/processing_ms,std_msgs/msg/Float32,134.9157257080078
1774017352.88558,/metrics/dbscan/back/detections_count,std_msgs/msg/Int32,11
1774017352.8857849,/metrics/dbscan/back/points_in,std_msgs/msg/Int32,4665
1774017352.8859382,/metrics/dbscan/back/processing_ms,std_msgs/msg/Float32,108.84889221191406
1774017352.935783,/metrics/dbscan/left/detections_count,std_msgs/msg/Int32,11
1774017352.9360654,/metrics/dbscan/left/points_in,std_msgs/msg/Int32,7494
1774017352.9362698,/metrics/dbscan/left/processing_ms,std_msgs/msg/Float32,136.2870330810547
1774017352.9592485,/metrics/dbscan/front/detections_count,std_msgs/msg/Int32,13
1774017352.9594278,/metrics/dbscan/front/points_in,std_msgs/msg/Int32,6125
1774017352.9595442,/metrics/dbscan/front/processing_ms,std_msgs/msg/Float32,121.51248931884766
1774017352.9860556,/metrics/dbscan/back/detections_count,std_msgs/msg/Int32,11
1774017352.9862416,/metrics/dbscan/back/points_in,std_msgs/msg/Int32,4707
1774017352.9863796,/metrics/dbscan/back/processing_ms,std_msgs/msg/Float32,98.02448272705078
1774017353.0141134,/metrics/dbscan/right/detections_count,std_msgs/msg/Int32,10
1774017353.0142863,/metrics/dbscan/right/points_in,std_msgs/msg/Int32,6956
1774017353.0144355,/metrics/dbscan/right/processing_ms,std_msgs/msg/Float32,136.6066436767578
1774017353.0727656,/metrics/dbscan/left/detections_count,std_msgs/msg/Int32,11
1774017353.0730803,/metrics/dbscan/left/points_in,std_msgs/msg/Int32,7503
1774017353.073267,/metrics/dbscan/left/processing_ms,std_msgs/msg/Float32,134.64300537109375
1774017353.07989,/metrics/dbscan/front/detections_count,std_msgs/msg/Int32,12
1774017353.080068,/metrics/dbscan/front/points_in,std_msgs/msg/Int32,6155
1774017353.080183,/metrics/dbscan/front/processing_ms,std_msgs/msg/Float32,118.87908172607422
1774017353.0985324,/metrics/dbscan/back/detections_count,std_msgs/msg/Int32,10
1774017353.0987222,/metrics/dbscan/back/points_in,std_msgs/msg/Int32,4725
1774017353.0988266,/metrics/dbscan/back/processing_ms,std_msgs/msg/Float32,110.36444854736328
1774017353.1496084,/metrics/dbscan/right/detections_count,std_msgs/msg/Int32,9
1774017353.1498306,/metrics/dbscan/right/points_in,std_msgs/msg/Int32,6932
1774017353.1500318,/metrics/dbscan/right/processing_ms,std_msgs/msg/Float32,133.67977905273438
1774017353.1979697,/metrics/dbscan/front/detections_count,std_msgs/msg/Int32,12
1774017353.198182,/metrics/dbscan/front/points_in,std_msgs/msg/Int32,6209
1774017353.1983624,/metrics/dbscan/front/processing_ms,std_msgs/msg/Float32,116.34848022460938
1774017353.2004435,/metrics/dbscan/back/detections_count,std_msgs/msg/Int32,11
1774017353.2006319,/metrics/dbscan/back/points_in,std_msgs/msg/Int32,4694
1774017353.2007613,/metrics/dbscan/back/processing_ms,std_msgs/msg/Float32,100.72502899169922
1774017353.205008,/metrics/dbscan/left/detections_count,std_msgs/msg/Int32,11
1774017353.2052944,/metrics/dbscan/left/points_in,std_msgs/msg/Int32,7511
1774017353.2054684,/metrics/dbscan/left/processing_ms,std_msgs/msg/Float32,130.22340393066406
1774017353.2817144,/metrics/dbscan/right/detections_count,std_msgs/msg/Int32,9
1774017353.2819567,/metrics/dbscan/right/points_in,std_msgs/msg/Int32,6854
1774017353.2821336,/metrics/dbscan/right/processing_ms,std_msgs/msg/Float32,130.3853302001953
1774017353.3030643,/metrics/dbscan/back/detections_count,std_msgs/msg/Int32,12
1774017353.3032496,/metrics/dbscan/back/points_in,std_msgs/msg/Int32,4619
1774017353.303376,/metrics/dbscan/back/processing_ms,std_msgs/msg/Float32,101.0333251953125
1774017353.3145993,/metrics/dbscan/front/detections_count,std_msgs/msg/Int32,13
1774017353.3148568,/metrics/dbscan/front/points_in,std_msgs/msg/Int32,6325
1774017353.3150065,/metrics/dbscan/front/processing_ms,std_msgs/msg/Float32,115.01469421386719
1774017353.3430917,/metrics/dbscan/left/detections_count,std_msgs/msg/Int32,11
1774017353.3432455,/metrics/dbscan/left/points_in,std_msgs/msg/Int32,7499
1774017353.3433404,/metrics/dbscan/left/processing_ms,std_msgs/msg/Float32,136.32643127441406
1774017353.4007418,/metrics/dbscan/back/detections_count,std_msgs/msg/Int32,12
1774017353.4010582,/metrics/dbscan/back/points_in,std_msgs/msg/Int32,4521
1774017353.401227,/metrics/dbscan/back/processing_ms,std_msgs/msg/Float32,96.28792572021484
1774017353.4146113,/metrics/dbscan/right/detections_count,std_msgs/msg/Int32,8
1774017353.4147778,/metrics/dbscan/right/points_in,std_msgs/msg/Int32,6693
1774017353.414892,/metrics/dbscan/right/processing_ms,std_msgs/msg/Float32,131.18338012695312
1774017353.4335523,/metrics/dbscan/front/detections_count,std_msgs/msg/Int32,13
1774017353.4337196,/metrics/dbscan/front/points_in,std_msgs/msg/Int32,6394
1774017353.4338477,/metrics/dbscan/front/processing_ms,std_msgs/msg/Float32,117.42007446289062
1774017353.4793184,/metrics/dbscan/left/detections_count,std_msgs/msg/Int32,11
1774017353.4794927,/metrics/dbscan/left/points_in,std_msgs/msg/Int32,7487
1774017353.4796076,/metrics/dbscan/left/processing_ms,std_msgs/msg/Float32,134.63897705078125
1774017353.5026062,/metrics/dbscan/back/detections_count,std_msgs/msg/Int32,13
1774017353.5028188,/metrics/dbscan/back/points_in,std_msgs/msg/Int32,4411
1774017353.502973,/metrics/dbscan/back/processing_ms,std_msgs/msg/Float32,100.28091430664062
1774017353.5505855,/metrics/dbscan/front/detections_count,std_msgs/msg/Int32,12
1774017353.5507488,/metrics/dbscan/front/points_in,std_msgs/msg/Int32,6436
1774017353.5508993,/metrics/dbscan/front/processing_ms,std_msgs/msg/Float32,115.47277069091797
1774017353.5555153,/metrics/dbscan/right/detections_count,std_msgs/msg/Int32,9
1774017353.5557468,/metrics/dbscan/right/points_in,std_msgs/msg/Int32,6683
1774017353.555894,/metrics/dbscan/right/processing_ms,std_msgs/msg/Float32,139.23988342285156
1774017353.6076744,/metrics/dbscan/back/detections_count,std_msgs/msg/Int32,12
1774017353.6078918,/metrics/dbscan/back/points_in,std_msgs/msg/Int32,4346
1774017353.6080456,/metrics/dbscan/back/processing_ms,std_msgs/msg/Float32,103.22884368896484
1774017353.6252341,/metrics/dbscan/left/detections_count,std_msgs/msg/Int32,11
1774017353.6254246,/metrics/dbscan/left/points_in,std_msgs/msg/Int32,7476
1774017353.6255739,/metrics/dbscan/left/processing_ms,std_msgs/msg/Float32,143.51856994628906
1774017353.6688404,/metrics/dbscan/front/detections_count,std_msgs/msg/Int32,15
1774017353.6691313,/metrics/dbscan/front/points_in,std_msgs/msg/Int32,6462
1774017353.6692934,/metrics/dbscan/front/processing_ms,std_msgs/msg/Float32,116.34537506103516
1774017353.697385,/metrics/dbscan/right/detections_count,std_msgs/msg/Int32,9
1774017353.6975873,/metrics/dbscan/right/points_in,std_msgs/msg/Int32,6656
1774017353.6977413,/metrics/dbscan/right/processing_ms,std_msgs/msg/Float32,139.17669677734375
1774017353.7134848,/metrics/dbscan/back/detections_count,std_msgs/msg/Int32,13
1774017353.7136753,/metrics/dbscan/back/points_in,std_msgs/msg/Int32,4312
1774017353.713811,/metrics/dbscan/back/processing_ms,std_msgs/msg/Float32,104.03502655029297
1774017353.7780252,/metrics/dbscan/left/detections_count,std_msgs/msg/Int32,11
1774017353.77827,/metrics/dbscan/left/points_in,std_msgs/msg/Int32,7479
1774017353.7784238,/metrics/dbscan/left/processing_ms,std_msgs/msg/Float32,149.7097625732422
1774017353.7942078,/metrics/dbscan/front/detections_count,std_msgs/msg/Int32,14
1774017353.794386,/metrics/dbscan/front/points_in,std_msgs/msg/Int32,6534
1774017353.794499,/metrics/dbscan/front/processing_ms,std_msgs/msg/Float32,122.884521484375
1774017353.8210108,/metrics/dbscan/back/detections_count,std_msgs/msg/Int32,13
1774017353.8212452,/metrics/dbscan/back/points_in,std_msgs/msg/Int32,4315
1774017353.8213787,/metrics/dbscan/back/processing_ms,std_msgs/msg/Float32,105.80452728271484
1774017353.838946,/metrics/dbscan/right/detections_count,std_msgs/msg/Int32,9
1774017353.8393474,/metrics/dbscan/right/points_in,std_msgs/msg/Int32,6660
1774017353.8395455,/metrics/dbscan/right/processing_ms,std_msgs/msg/Float32,139.8509063720703
1774017353.9180818,/metrics/dbscan/left/detections_count,std_msgs/msg/Int32,11
1774017353.918305,/metrics/dbscan/left/points_in,std_msgs/msg/Int32,7496
1774017353.9184296,/metrics/dbscan/left/processing_ms,std_msgs/msg/Float32,138.2018585205078
1774017353.9196944,/metrics/dbscan/back/detections_count,std_msgs/msg/Int32,13
1774017353.9198356,/metrics/dbscan/back/points_in,std_msgs/msg/Int32,4407
1774017353.9199753,/metrics/dbscan/back/processing_ms,std_msgs/msg/Float32,97.06295013427734
1774017353.9219193,/metrics/dbscan/front/detections_count,std_msgs/msg/Int32,15
1774017353.9221346,/metrics/dbscan/front/points_in,std_msgs/msg/Int32,6555
1774017353.9222863,/metrics/dbscan/front/processing_ms,std_msgs/msg/Float32,126.24932861328125
1774017353.9856768,/metrics/dbscan/right/detections_count,std_msgs/msg/Int32,10
1774017353.9858983,/metrics/dbscan/right/points_in,std_msgs/msg/Int32,6697
1774017353.9860551,/metrics/dbscan/right/processing_ms,std_msgs/msg/Float32,144.32447814941406
1774017354.0206022,/metrics/dbscan/back/detections_count,std_msgs/msg/Int32,13
1774017354.0209188,/metrics/dbscan/back/points_in,std_msgs/msg/Int32,4504
1774017354.0211012,/metrics/dbscan/back/processing_ms,std_msgs/msg/Float32,98.32349395751953
1774017354.0455256,/metrics/dbscan/front/detections_count,std_msgs/msg/Int32,11
1774017354.045708,/metrics/dbscan/front/points_in,std_msgs/msg/Int32,6569
1774017354.0458517,/metrics/dbscan/front/processing_ms,std_msgs/msg/Float32,121.15997314453125
1774017354.0709348,/metrics/dbscan/left/detections_count,std_msgs/msg/Int32,11
1774017354.0712578,/metrics/dbscan/left/points_in,std_msgs/msg/Int32,7488
1774017354.0713809,/metrics/dbscan/left/processing_ms,std_msgs/msg/Float32,150.32920837402344
1774017354.126734,/metrics/dbscan/back/detections_count,std_msgs/msg/Int32,13
1774017354.1269312,/metrics/dbscan/back/points_in,std_msgs/msg/Int32,4569
1774017354.1270492,/metrics/dbscan/back/processing_ms,std_msgs/msg/Float32,103.81531524658203
1774017354.1283524,/metrics/dbscan/right/detections_count,std_msgs/msg/Int32,11
1774017354.128547,/metrics/dbscan/right/points_in,std_msgs/msg/Int32,7000
1774017354.1286554,/metrics/dbscan/right/processing_ms,std_msgs/msg/Float32,140.5320587158203
1774017354.1662238,/metrics/dbscan/front/detections_count,std_msgs/msg/Int32,13
1774017354.1665182,/metrics/dbscan/front/points_in,std_msgs/msg/Int32,6585
1774017354.1666932,/metrics/dbscan/front/processing_ms,std_msgs/msg/Float32,119.13335418701172
1774017354.211265,/metrics/dbscan/left/detections_count,std_msgs/msg/Int32,11
1774017354.2115328,/metrics/dbscan/left/points_in,std_msgs/msg/Int32,7497
1774017354.2116714,/metrics/dbscan/left/processing_ms,std_msgs/msg/Float32,138.0813446044922
1774017354.2303205,/metrics/dbscan/back/detections_count,std_msgs/msg/Int32,12
1774017354.2304893,/metrics/dbscan/back/points_in,std_msgs/msg/Int32,4652
1774017354.230576,/metrics/dbscan/back/processing_ms,std_msgs/msg/Float32,102.00257110595703
1774017354.2686121,/metrics/dbscan/right/detections_count,std_msgs/msg/Int32,9
1774017354.2688422,/metrics/dbscan/right/points_in,std_msgs/msg/Int32,7033
1774017354.2690065,/metrics/dbscan/right/processing_ms,std_msgs/msg/Float32,138.26519775390625
1774017354.285761,/metrics/dbscan/front/detections_count,std_msgs/msg/Int32,13
1774017354.285977,/metrics/dbscan/front/points_in,std_msgs/msg/Int32,6535
1774017354.286084,/metrics/dbscan/front/processing_ms,std_msgs/msg/Float32,117.92379760742188
1774017354.3299918,/metrics/dbscan/back/detections_count,std_msgs/msg/Int32,12
1774017354.330175,/metrics/dbscan/back/points_in,std_msgs/msg/Int32,4690
1774017354.3302817,/metrics/dbscan/back/processing_ms,std_msgs/msg/Float32,98.08647918701172
1774017354.34481,/metrics/dbscan/left/detections_count,std_msgs/msg/Int32,12
1774017354.3449872,/metrics/dbscan/left/points_in,std_msgs/msg/Int32,7477
1774017354.3450816,/metrics/dbscan/left/processing_ms,std_msgs/msg/Float32,131.88247680664062
1774017354.396532,/metrics/dbscan/front/detections_count,std_msgs/msg/Int32,13
1774017354.3966968,/metrics/dbscan/front/points_in,std_msgs/msg/Int32,6358
1774017354.396802,/metrics/dbscan/front/processing_ms,std_msgs/msg/Float32,108.97058868408203
1774017354.4005053,/metrics/dbscan/right/detections_count,std_msgs/msg/Int32,11
1774017354.400648,/metrics/dbscan/right/points_in,std_msgs/msg/Int32,7110
1774017354.4007525,/metrics/dbscan/right/processing_ms,std_msgs/msg/Float32,130.44509887695312
1774017354.4349358,/metrics/dbscan/back/detections_count,std_msgs/msg/Int32,11
1774017354.4351306,/metrics/dbscan/back/points_in,std_msgs/msg/Int32,4733
1774017354.4352508,/metrics/dbscan/back/processing_ms,std_msgs/msg/Float32,103.45777893066406
1774017354.4705148,/metrics/dbscan/left/detections_count,std_msgs/msg/Int32,11
1774017354.4707525,/metrics/dbscan/left/points_in,std_msgs/msg/Int32,7478
1774017354.470934,/metrics/dbscan/left/processing_ms,std_msgs/msg/Float32,123.76773834228516
1774017354.5013726,/metrics/dbscan/front/detections_count,std_msgs/msg/Int32,12
1774017354.5015962,/metrics/dbscan/front/points_in,std_msgs/msg/Int32,6216
1774017354.5017004,/metrics/dbscan/front/processing_ms,std_msgs/msg/Float32,103.43251037597656
1774017354.5197356,/metrics/dbscan/right/detections_count,std_msgs/msg/Int32,9
1774017354.5199757,/metrics/dbscan/right/points_in,std_msgs/msg/Int32,7078
1774017354.5201192,/metrics/dbscan/right/processing_ms,std_msgs/msg/Float32,117.05116271972656
1774017354.5273545,/metrics/dbscan/back/detections_count,std_msgs/msg/Int32,12
1774017354.5275862,/metrics/dbscan/back/points_in,std_msgs/msg/Int32,4766
1774017354.5277176,/metrics/dbscan/back/processing_ms,std_msgs/msg/Float32,90.39366912841797
1774017354.5889575,/metrics/dbscan/left/detections_count,std_msgs/msg/Int32,12
1774017354.5891943,/metrics/dbscan/left/points_in,std_msgs/msg/Int32,7492
1774017354.589309,/metrics/dbscan/left/processing_ms,std_msgs/msg/Float32,115.58984375
1774017354.6008186,/metrics/dbscan/front/detections_count,std_msgs/msg/Int32,13
1774017354.6009912,/metrics/dbscan/front/points_in,std_msgs/msg/Int32,6132
1774017354.6011176,/metrics/dbscan/front/processing_ms,std_msgs/msg/Float32,97.03630065917969
1774017354.612091,/metrics/dbscan/back/detections_count,std_msgs/msg/Int32,12
1774017354.6122751,/metrics/dbscan/back/points_in,std_msgs/msg/Int32,4769
1774017354.612382,/metrics/dbscan/back/processing_ms,std_msgs/msg/Float32,83.27737426757812
1774017354.6335027,/metrics/dbscan/right/detections_count,std_msgs/msg/Int32,10
1774017354.6336522,/metrics/dbscan/right/points_in,std_msgs/msg/Int32,7035
1774017354.633769,/metrics/dbscan/right/processing_ms,std_msgs/msg/Float32,111.92147827148438
1774017354.6932704,/metrics/dbscan/back/detections_count,std_msgs/msg/Int32,11
1774017354.6934614,/metrics/dbscan/back/processing_ms,std_msgs/msg/Float32,79.87157440185547
1774017354.694131,/metrics/dbscan/back/points_in,std_msgs/msg/Int32,4780
1774017354.696213,/metrics/dbscan/front/detections_count,std_msgs/msg/Int32,12
1774017354.6963432,/metrics/dbscan/front/points_in,std_msgs/msg/Int32,6086
1774017354.696427,/metrics/dbscan/front/processing_ms,std_msgs/msg/Float32,93.50653076171875
1774017354.6973748,/metrics/dbscan/left/detections_count,std_msgs/msg/Int32,11
1774017354.697475,/metrics/dbscan/left/points_in,std_msgs/msg/Int32,7485
1774017354.6975636,/metrics/dbscan/left/processing_ms,std_msgs/msg/Float32,106.34744262695312
1774017354.73591,/metrics/dbscan/right/detections_count,std_msgs/msg/Int32,10
1774017354.7361085,/metrics/dbscan/right/points_in,std_msgs/msg/Int32,6958
1774017354.7361965,/metrics/dbscan/right/processing_ms,std_msgs/msg/Float32,100.82715606689453
1774017354.7696376,/metrics/dbscan/back/detections_count,std_msgs/msg/Int32,12
1774017354.7698421,/metrics/dbscan/back/points_in,std_msgs/msg/Int32,4824
1774017354.7699447,/metrics/dbscan/back/processing_ms,std_msgs/msg/Float32,73.94865417480469
1774017354.7829235,/metrics/dbscan/front/detections_count,std_msgs/msg/Int32,13
1774017354.7830794,/metrics/dbscan/front/points_in,std_msgs/msg/Int32,6110
1774017354.7831724,/metrics/dbscan/front/processing_ms,std_msgs/msg/Float32,85.12825775146484
1774017354.7995458,/metrics/dbscan/left/detections_count,std_msgs/msg/Int32,11
1774017354.7997053,/metrics/dbscan/left/points_in,std_msgs/msg/Int32,7497
1774017354.7998037,/metrics/dbscan/left/processing_ms,std_msgs/msg/Float32,100.24703216552734
1774017354.836129,/metrics/dbscan/right/detections_count,std_msgs/msg/Int32,8
1774017354.8363225,/metrics/dbscan/right/points_in,std_msgs/msg/Int32,6973
1774017354.8364394,/metrics/dbscan/right/processing_ms,std_msgs/msg/Float32,98.00921630859375
1774017354.8473756,/metrics/dbscan/back/detections_count,std_msgs/msg/Int32,12
1774017354.8475492,/metrics/dbscan/back/points_in,std_msgs/msg/Int32,4902
1774017354.8476794,/metrics/dbscan/back/processing_ms,std_msgs/msg/Float32,75.61615753173828
1774017354.8650699,/metrics/dbscan/front/detections_count,std_msgs/msg/Int32,13
1774017354.8652122,/metrics/dbscan/front/points_in,std_msgs/msg/Int32,6125
1774017354.8653738,/metrics/dbscan/front/processing_ms,std_msgs/msg/Float32,80.38387298583984
1774017354.896756,/metrics/dbscan/left/detections_count,std_msgs/msg/Int32,11
1774017354.8968859,/metrics/dbscan/left/points_in,std_msgs/msg/Int32,7464
1774017354.896965,/metrics/dbscan/left/processing_ms,std_msgs/msg/Float32,95.96018981933594
1774017354.9238439,/metrics/dbscan/back/detections_count,std_msgs/msg/Int32,12
1774017354.9240277,/metrics/dbscan/back/points_in,std_msgs/msg/Int32,4967
1774017354.9241247,/metrics/dbscan/back/processing_ms,std_msgs/msg/Float32,74.9448013305664
1774017354.9335787,/metrics/dbscan/right/detections_count,std_msgs/msg/Int32,9
1774017354.933694,/metrics/dbscan/right/points_in,std_msgs/msg/Int32,7054
1774017354.9337602,/metrics/dbscan/right/processing_ms,std_msgs/msg/Float32,95.78916931152344
1774017354.9456828,/metrics/dbscan/front/detections_count,std_msgs/msg/Int32,15
1774017354.9458604,/metrics/dbscan/front/points_in,std_msgs/msg/Int32,6183
1774017354.9459908,/metrics/dbscan/front/processing_ms,std_msgs/msg/Float32,79.43580627441406
1774017354.9887302,/metrics/dbscan/left/detections_count,std_msgs/msg/Int32,11
1774017354.988978,/metrics/dbscan/left/points_in,std_msgs/msg/Int32,7475
1774017354.9891293,/metrics/dbscan/left/processing_ms,std_msgs/msg/Float32,90.42752838134766
1774017354.9964125,/metrics/dbscan/back/detections_count,std_msgs/msg/Int32,11
1774017354.9965396,/metrics/dbscan/back/points_in,std_msgs/msg/Int32,4978
1774017354.996616,/metrics/dbscan/back/processing_ms,std_msgs/msg/Float32,69.68829345703125
1774017355.0254521,/metrics/dbscan/front/detections_count,std_msgs/msg/Int32,14
1774017355.0256667,/metrics/dbscan/front/points_in,std_msgs/msg/Int32,6205
1774017355.0258043,/metrics/dbscan/front/processing_ms,std_msgs/msg/Float32,78.50338745117188
1774017355.0263293,/metrics/dbscan/right/detections_count,std_msgs/msg/Int32,8
1774017355.0264013,/metrics/dbscan/right/points_in,std_msgs/msg/Int32,7108
1774017355.026463,/metrics/dbscan/right/processing_ms,std_msgs/msg/Float32,90.85450744628906
1774017355.0646594,/metrics/dbscan/back/detections_count,std_msgs/msg/Int32,12
1774017355.06479,/metrics/dbscan/back/points_in,std_msgs/msg/Int32,4992
1774017355.0648656,/metrics/dbscan/back/processing_ms,std_msgs/msg/Float32,66.47019958496094
1774017355.0768633,/metrics/dbscan/left/detections_count,std_msgs/msg/Int32,11
1774017355.0770764,/metrics/dbscan/left/points_in,std_msgs/msg/Int32,7499
1774017355.077182,/metrics/dbscan/left/processing_ms,std_msgs/msg/Float32,86.49676513671875
1774017355.1046467,/metrics/dbscan/front/detections_count,std_msgs/msg/Int32,15
1774017355.1047726,/metrics/dbscan/front/points_in,std_msgs/msg/Int32,6198
1774017355.1048348,/metrics/dbscan/front/processing_ms,std_msgs/msg/Float32,77.1310043334961
1774017355.11284,/metrics/dbscan/right/detections_count,std_msgs/msg/Int32,10
1774017355.1129916,/metrics/dbscan/right/points_in,std_msgs/msg/Int32,7131
1774017355.1130748,/metrics/dbscan/right/processing_ms,std_msgs/msg/Float32,85.31201934814453
1774017355.1314502,/metrics/dbscan/back/detections_count,std_msgs/msg/Int32,12
1774017355.1316278,/metrics/dbscan/back/points_in,std_msgs/msg/Int32,4991
1774017355.131712,/metrics/dbscan/back/processing_ms,std_msgs/msg/Float32,64.86894989013672
1774017355.161735,/metrics/dbscan/left/detections_count,std_msgs/msg/Int32,11
1774017355.1618433,/metrics/dbscan/left/points_in,std_msgs/msg/Int32,7501
1774017355.1619184,/metrics/dbscan/left/processing_ms,std_msgs/msg/Float32,83.28303527832031
1774017355.1850922,/metrics/dbscan/front/detections_count,std_msgs/msg/Int32,14
1774017355.1852467,/metrics/dbscan/front/points_in,std_msgs/msg/Int32,6195
1774017355.185348,/metrics/dbscan/front/processing_ms,std_msgs/msg/Float32,79.23120880126953
1774017355.1973689,/metrics/dbscan/right/detections_count,std_msgs/msg/Int32,9
1774017355.1975062,/metrics/dbscan/right/points_in,std_msgs/msg/Int32,7119
1774017355.1976132,/metrics/dbscan/right/processing_ms,std_msgs/msg/Float32,82.72220611572266
1774017355.198493,/metrics/dbscan/back/detections_count,std_msgs/msg/Int32,12
1774017355.1985934,/metrics/dbscan/back/points_in,std_msgs/msg/Int32,5014
1774017355.1986873,/metrics/dbscan/back/processing_ms,std_msgs/msg/Float32,63.34841537475586
1774017355.241307,/metrics/dbscan/left/detections_count,std_msgs/msg/Int32,11
1774017355.2414534,/metrics/dbscan/left/points_in,std_msgs/msg/Int32,7479
1774017355.2415183,/metrics/dbscan/left/processing_ms,std_msgs/msg/Float32,78.37586212158203
1774017355.2532177,/metrics/dbscan/front/detections_count,std_msgs/msg/Int32,15
1774017355.2533598,/metrics/dbscan/front/points_in,std_msgs/msg/Int32,6200
1774017355.2534382,/metrics/dbscan/front/processing_ms,std_msgs/msg/Float32,66.96920013427734
1774017355.280203,/metrics/dbscan/right/detections_count,std_msgs/msg/Int32,10
1774017355.280329,/metrics/dbscan/right/points_in,std_msgs/msg/Int32,7092
1774017355.2803948,/metrics/dbscan/right/processing_ms,std_msgs/msg/Float32,81.56367492675781
1774017355.305619,/metrics/dbscan/back/detections_count,std_msgs/msg/Int32,12
1774017355.3057861,/metrics/dbscan/back/points_in,std_msgs/msg/Int32,5006
1774017355.3058581,/metrics/dbscan/back/processing_ms,std_msgs/msg/Float32,68.79364776611328
1774017355.3218172,/metrics/dbscan/front/detections_count,std_msgs/msg/Int32,14
1774017355.3219848,/metrics/dbscan/front/points_in,std_msgs/msg/Int32,6200
1774017355.3220544,/metrics/dbscan/front/processing_ms,std_msgs/msg/Float32,67.40469360351562
1774017355.3235915,/metrics/dbscan/left/detections_count,std_msgs/msg/Int32,11
1774017355.3236969,/metrics/dbscan/left/points_in,std_msgs/msg/Int32,7463
1774017355.3238072,/metrics/dbscan/left/processing_ms,std_msgs/msg/Float32,80.91383361816406
1774017355.3629386,/metrics/dbscan/right/detections_count,std_msgs/msg/Int32,9
1774017355.363066,/metrics/dbscan/right/points_in,std_msgs/msg/Int32,7052
1774017355.3631387,/metrics/dbscan/right/processing_ms,std_msgs/msg/Float32,81.49471282958984
1774017355.3923075,/metrics/dbscan/front/detections_count,std_msgs/msg/Int32,13
1774017355.392509,/metrics/dbscan/front/points_in,std_msgs/msg/Int32,6194
1774017355.3925905,/metrics/dbscan/front/processing_ms,std_msgs/msg/Float32,68.86077880859375
1774017355.4114006,/metrics/dbscan/back/detections_count,std_msgs/msg/Int32,11
1774017355.4115748,/metrics/dbscan/back/points_in,std_msgs/msg/Int32,5012
1774017355.4116845,/metrics/dbscan/back/processing_ms,std_msgs/msg/Float32,73.55734252929688
1774017355.4122963,/metrics/dbscan/left/detections_count,std_msgs/msg/Int32,11
1774017355.412396,/metrics/dbscan/left/points_in,std_msgs/msg/Int32,7467
1774017355.412476,/metrics/dbscan/left/processing_ms,std_msgs/msg/Float32,86.58455657958984
1774017355.4483664,/metrics/dbscan/right/detections_count,std_msgs/msg/Int32,8
1774017355.4485517,/metrics/dbscan/right/points_in,std_msgs/msg/Int32,7012
1774017355.4486604,/metrics/dbscan/right/processing_ms,std_msgs/msg/Float32,84.1889877319336
1774017355.4664357,/metrics/dbscan/front/detections_count,std_msgs/msg/Int32,11
1774017355.4665825,/metrics/dbscan/front/points_in,std_msgs/msg/Int32,6198
1774017355.466669,/metrics/dbscan/front/processing_ms,std_msgs/msg/Float32,71.93799591064453
1774017355.5043437,/metrics/dbscan/left/detections_count,std_msgs/msg/Int32,11
1774017355.5045102,/metrics/dbscan/left/points_in,std_msgs/msg/Int32,7481
1774017355.5045927,/metrics/dbscan/left/processing_ms,std_msgs/msg/Float32,90.96489715576172
1774017355.5120058,/metrics/dbscan/back/detections_count,std_msgs/msg/Int32,12
1774017355.5121288,/metrics/dbscan/back/points_in,std_msgs/msg/Int32,5052
1774017355.5122116,/metrics/dbscan/back/processing_ms,std_msgs/msg/Float32,74.50372314453125
1774017355.5359633,/metrics/dbscan/right/detections_count,std_msgs/msg/Int32,10
1774017355.5361087,/metrics/dbscan/right/points_in,std_msgs/msg/Int32,6970
1774017355.5361793,/metrics/dbscan/right/processing_ms,std_msgs/msg/Float32,86.43098449707031
1774017355.5421045,/metrics/dbscan/front/detections_count,std_msgs/msg/Int32,11
1774017355.542266,/metrics/dbscan/front/points_in,std_msgs/msg/Int32,6159
1774017355.5423582,/metrics/dbscan/front/processing_ms,std_msgs/msg/Float32,74.33708953857422
1774017355.5928671,/metrics/dbscan/left/detections_count,std_msgs/msg/Int32,11
1774017355.5930567,/metrics/dbscan/left/points_in,std_msgs/msg/Int32,7504
1774017355.5931504,/metrics/dbscan/left/processing_ms,std_msgs/msg/Float32,86.32823181152344
1774017355.6142688,/metrics/dbscan/back/detections_count,std_msgs/msg/Int32,12
1774017355.61442,/metrics/dbscan/back/points_in,std_msgs/msg/Int32,5102
1774017355.6145198,/metrics/dbscan/back/processing_ms,std_msgs/msg/Float32,76.31302642822266
1774017355.6181977,/metrics/dbscan/front/detections_count,std_msgs/msg/Int32,11
1774017355.618349,/metrics/dbscan/front/points_in,std_msgs/msg/Int32,6105
1774017355.6184123,/metrics/dbscan/front/processing_ms,std_msgs/msg/Float32,74.81157684326172
1774017355.6243284,/metrics/dbscan/right/detections_count,std_msgs/msg/Int32,9
1774017355.6245253,/metrics/dbscan/right/points_in,std_msgs/msg/Int32,6958
1774017355.6246228,/metrics/dbscan/right/processing_ms,std_msgs/msg/Float32,86.62163543701172
1774017355.6805115,/metrics/dbscan/left/detections_count,std_msgs/msg/Int32,11
1774017355.680647,/metrics/dbscan/left/points_in,std_msgs/msg/Int32,7513
1774017355.6807191,/metrics/dbscan/left/processing_ms,std_msgs/msg/Float32,86.14321899414062
1774017355.693124,/metrics/dbscan/front/detections_count,std_msgs/msg/Int32,12
1774017355.6933243,/metrics/dbscan/front/points_in,std_msgs/msg/Int32,6093
1774017355.693453,/metrics/dbscan/front/processing_ms,std_msgs/msg/Float32,73.2623062133789
1774017355.7055855,/metrics/dbscan/back/detections_count,std_msgs/msg/Int32,12
1774017355.7057312,/metrics/dbscan/back/points_in,std_msgs/msg/Int32,5173
1774017355.7057953,/metrics/dbscan/back/processing_ms,std_msgs/msg/Float32,71.60413360595703
1774017355.7121625,/metrics/dbscan/right/detections_count,std_msgs/msg/Int32,11
1774017355.7122831,/metrics/dbscan/right/points_in,std_msgs/msg/Int32,6924
1774017355.7123454,/metrics/dbscan/right/processing_ms,std_msgs/msg/Float32,86.3437271118164
1774017355.7651446,/metrics/dbscan/front/detections_count,std_msgs/msg/Int32,12
1774017355.7652698,/metrics/dbscan/front/points_in,std_msgs/msg/Int32,6122
1774017355.7653353,/metrics/dbscan/front/processing_ms,std_msgs/msg/Float32,70.40471649169922
1774017355.765403,/metrics/dbscan/left/detections_count,std_msgs/msg/Int32,11
1774017355.7654688,/metrics/dbscan/left/points_in,std_msgs/msg/Int32,7475
1774017355.7655308,/metrics/dbscan/left/processing_ms,std_msgs/msg/Float32,83.0223617553711
1774017355.7992942,/metrics/dbscan/right/detections_count,std_msgs/msg/Int32,9
1774017355.7994082,/metrics/dbscan/right/points_in,std_msgs/msg/Int32,6907
1774017355.7994707,/metrics/dbscan/right/processing_ms,std_msgs/msg/Float32,85.82840728759766
1774017355.81092,/metrics/dbscan/back/detections_count,std_msgs/msg/Int32,11
1774017355.811085,/metrics/dbscan/back/points_in,std_msgs/msg/Int32,5197
1774017355.8111813,/metrics/dbscan/back/processing_ms,std_msgs/msg/Float32,74.74608612060547
1774017355.8364604,/metrics/dbscan/front/detections_count,std_msgs/msg/Int32,12
1774017355.8366177,/metrics/dbscan/front/points_in,std_msgs/msg/Int32,6162
1774017355.8366935,/metrics/dbscan/front/processing_ms,std_msgs/msg/Float32,69.99118041992188
1774017355.8503106,/metrics/dbscan/left/detections_count,std_msgs/msg/Int32,11
1774017355.8504472,/metrics/dbscan/left/points_in,std_msgs/msg/Int32,7477
1774017355.8505137,/metrics/dbscan/left/processing_ms,std_msgs/msg/Float32,83.80319213867188
1774017355.8893564,/metrics/dbscan/right/detections_count,std_msgs/msg/Int32,9
1774017355.8894997,/metrics/dbscan/right/points_in,std_msgs/msg/Int32,6876
1774017355.8895721,/metrics/dbscan/right/processing_ms,std_msgs/msg/Float32,88.93026733398438
1774017355.9086702,/metrics/dbscan/front/detections_count,std_msgs/msg/Int32,11
1774017355.9088461,/metrics/dbscan/front/points_in,std_msgs/msg/Int32,6214
1774017355.90896,/metrics/dbscan/front/processing_ms,std_msgs/msg/Float32,70.60966491699219
1774017355.909521,/metrics/dbscan/back/detections_count,std_msgs/msg/Int32,11
1774017355.9096339,/metrics/dbscan/back/points_in,std_msgs/msg/Int32,5172
1774017355.9097228,/metrics/dbscan/back/processing_ms,std_msgs/msg/Float32,72.88143920898438
1774017355.940811,/metrics/dbscan/left/detections_count,std_msgs/msg/Int32,11
1774017355.941033,/metrics/dbscan/left/points_in,std_msgs/msg/Int32,7490
1774017355.94114,/metrics/dbscan/left/processing_ms,std_msgs/msg/Float32,89.0999755859375
1774017355.9737446,/metrics/dbscan/right/detections_count,std_msgs/msg/Int32,10
1774017355.9739957,/metrics/dbscan/right/points_in,std_msgs/msg/Int32,6838
1774017355.974078,/metrics/dbscan/right/processing_ms,std_msgs/msg/Float32,83.04621124267578
1774017355.9800012,/metrics/dbscan/front/detections_count,std_msgs/msg/Int32,12
1774017355.9801614,/metrics/dbscan/front/points_in,std_msgs/msg/Int32,6247
1774017355.980242,/metrics/dbscan/front/processing_ms,std_msgs/msg/Float32,69.87789916992188
1774017356.0128117,/metrics/dbscan/back/detections_count,std_msgs/msg/Int32,11
1774017356.0129602,/metrics/dbscan/back/points_in,std_msgs/msg/Int32,5110
1774017356.0130293,/metrics/dbscan/back/processing_ms,std_msgs/msg/Float32,76.11498260498047
1774017356.027452,/metrics/dbscan/left/detections_count,std_msgs/msg/Int32,11
1774017356.027638,/metrics/dbscan/left/points_in,std_msgs/msg/Int32,7506
1774017356.0277367,/metrics/dbscan/left/processing_ms,std_msgs/msg/Float32,84.87030029296875
1774017356.060402,/metrics/dbscan/right/detections_count,std_msgs/msg/Int32,9
1774017356.0605733,/metrics/dbscan/right/points_in,std_msgs/msg/Int32,6804
1774017356.060653,/metrics/dbscan/right/processing_ms,std_msgs/msg/Float32,84.99686431884766
1774017356.0612142,/metrics/dbscan/front/detections_count,std_msgs/msg/Int32,12
1774017356.061314,/metrics/dbscan/front/points_in,std_msgs/msg/Int32,6210
1774017356.0614343,/metrics/dbscan/front/processing_ms,std_msgs/msg/Float32,74.861328125
1774017356.1060352,/metrics/dbscan/back/detections_count,std_msgs/msg/Int32,11
1774017356.1062036,/metrics/dbscan/back/points_in,std_msgs/msg/Int32,5005
1774017356.1062858,/metrics/dbscan/back/processing_ms,std_msgs/msg/Float32,67.80099487304688
1774017356.1137676,/metrics/dbscan/left/detections_count,std_msgs/msg/Int32,11
1774017356.1139588,/metrics/dbscan/left/points_in,std_msgs/msg/Int32,7499
1774017356.1140823,/metrics/dbscan/left/processing_ms,std_msgs/msg/Float32,85.00519561767578
1774017356.1478043,/metrics/dbscan/right/detections_count,std_msgs/msg/Int32,11
1774017356.1479564,/metrics/dbscan/right/points_in,std_msgs/msg/Int32,6795
1774017356.1480246,/metrics/dbscan/right/processing_ms,std_msgs/msg/Float32,85.76177215576172
1774017356.1537147,/metrics/dbscan/front/detections_count,std_msgs/msg/Int32,13
1774017356.1538622,/metrics/dbscan/front/points_in,std_msgs/msg/Int32,6201
1774017356.1539614,/metrics/dbscan/front/processing_ms,std_msgs/msg/Float32,67.9721908569336
1774017356.1916008,/metrics/dbscan/left/detections_count,std_msgs/msg/Int32,11
1774017356.1918294,/metrics/dbscan/left/points_in,std_msgs/msg/Int32,7512
1774017356.1919575,/metrics/dbscan/left/processing_ms,std_msgs/msg/Float32,76.50055694580078
1774017356.1964881,/metrics/dbscan/back/detections_count,std_msgs/msg/Int32,10
1774017356.1966667,/metrics/dbscan/back/points_in,std_msgs/msg/Int32,4826
1774017356.1967657,/metrics/dbscan/back/processing_ms,std_msgs/msg/Float32,62.6950569152832
1774017356.231378,/metrics/dbscan/right/detections_count,std_msgs/msg/Int32,9
1774017356.2315056,/metrics/dbscan/right/points_in,std_msgs/msg/Int32,6837
1774017356.231562,/metrics/dbscan/right/processing_ms,std_msgs/msg/Float32,82.35648345947266
1774017356.2499137,/metrics/dbscan/front/detections_count,std_msgs/msg/Int32,15
1774017356.250034,/metrics/dbscan/front/points_in,std_msgs/msg/Int32,6197
1774017356.2501044,/metrics/dbscan/front/processing_ms,std_msgs/msg/Float32,67.35934448242188
1774017356.2693608,/metrics/dbscan/left/detections_count,std_msgs/msg/Int32,11
1774017356.2694955,/metrics/dbscan/left/points_in,std_msgs/msg/Int32,7477
1774017356.2695806,/metrics/dbscan/left/processing_ms,std_msgs/msg/Float32,76.25962829589844
1774017356.3006535,/metrics/dbscan/back/detections_count,std_msgs/msg/Int32,11
1774017356.3007894,/metrics/dbscan/back/points_in,std_msgs/msg/Int32,4586
1774017356.30088,/metrics/dbscan/back/processing_ms,std_msgs/msg/Float32,65.70025634765625
1774017356.3165085,/metrics/dbscan/right/detections_count,std_msgs/msg/Int32,10
1774017356.316629,/metrics/dbscan/right/points_in,std_msgs/msg/Int32,6888
1774017356.316715,/metrics/dbscan/right/processing_ms,std_msgs/msg/Float32,83.97014617919922
1774017356.3500674,/metrics/dbscan/left/detections_count,std_msgs/msg/Int32,11
1774017356.3502326,/metrics/dbscan/left/points_in,std_msgs/msg/Int32,7479
1774017356.350329,/metrics/dbscan/left/processing_ms,std_msgs/msg/Float32,79.52326965332031
1774017356.3616486,/metrics/dbscan/front/detections_count,std_msgs/msg/Int32,15
1774017356.3617978,/metrics/dbscan/front/points_in,std_msgs/msg/Int32,6172
1774017356.3619018,/metrics/dbscan/front/processing_ms,std_msgs/msg/Float32,77.05773162841797
1774017356.4030716,/metrics/dbscan/back/detections_count,std_msgs/msg/Int32,12
1774017356.403217,/metrics/dbscan/back/points_in,std_msgs/msg/Int32,4392
1774017356.403302,/metrics/dbscan/back/processing_ms,std_msgs/msg/Float32,67.52356719970703
1774017356.4055572,/metrics/dbscan/right/detections_count,std_msgs/msg/Int32,10
1774017356.4056811,/metrics/dbscan/right/points_in,std_msgs/msg/Int32,6927
1774017356.4058356,/metrics/dbscan/right/processing_ms,std_msgs/msg/Float32,87.53311157226562
1774017356.4351366,/metrics/dbscan/left/detections_count,std_msgs/msg/Int32,11
1774017356.4352896,/metrics/dbscan/left/points_in,std_msgs/msg/Int32,7462
1774017356.4353633,/metrics/dbscan/left/processing_ms,std_msgs/msg/Float32,83.8785400390625
1774017356.4580064,/metrics/dbscan/front/detections_count,std_msgs/msg/Int32,15
1774017356.458154,/metrics/dbscan/front/points_in,std_msgs/msg/Int32,6148
1774017356.4582365,/metrics/dbscan/front/processing_ms,std_msgs/msg/Float32,73.70455932617188
1774017356.493204,/metrics/dbscan/right/detections_count,std_msgs/msg/Int32,11
1774017356.4933624,/metrics/dbscan/right/points_in,std_msgs/msg/Int32,6971
1774017356.4934382,/metrics/dbscan/right/processing_ms,std_msgs/msg/Float32,85.3745346069336
1774017356.50145,/metrics/dbscan/back/detections_count,std_msgs/msg/Int32,10
1774017356.5015895,/metrics/dbscan/back/points_in,std_msgs/msg/Int32,4225
1774017356.5016665,/metrics/dbscan/back/processing_ms,std_msgs/msg/Float32,66.39286041259766
1774017356.528573,/metrics/dbscan/left/detections_count,std_msgs/msg/Int32,11
1774017356.5287375,/metrics/dbscan/left/points_in,std_msgs/msg/Int32,7470
1774017356.5288198,/metrics/dbscan/left/processing_ms,std_msgs/msg/Float32,91.93710327148438
1774017356.5571587,/metrics/dbscan/front/detections_count,std_msgs/msg/Int32,16
1774017356.5573294,/metrics/dbscan/front/points_in,std_msgs/msg/Int32,6113
1774017356.5574067,/metrics/dbscan/front/processing_ms,std_msgs/msg/Float32,71.51569366455078
1774017356.581368,/metrics/dbscan/right/detections_count,std_msgs/msg/Int32,9
1774017356.5815706,/metrics/dbscan/right/points_in,std_msgs/msg/Int32,6987
1774017356.581664,/metrics/dbscan/right/processing_ms,std_msgs/msg/Float32,86.17501831054688
1774017356.5987303,/metrics/dbscan/back/detections_count,std_msgs/msg/Int32,10
1774017356.5988607,/metrics/dbscan/back/points_in,std_msgs/msg/Int32,4125
1774017356.5989769,/metrics/dbscan/back/processing_ms,std_msgs/msg/Float32,60.87755584716797
1774017356.6174119,/metrics/dbscan/left/detections_count,std_msgs/msg/Int32,11
1774017356.6175508,/metrics/dbscan/left/points_in,std_msgs/msg/Int32,7494
1774017356.6176252,/metrics/dbscan/left/processing_ms,std_msgs/msg/Float32,87.51417541503906
1774017356.6567416,/metrics/dbscan/front/detections_count,std_msgs/msg/Int32,15
1774017356.657022,/metrics/dbscan/front/points_in,std_msgs/msg/Int32,6110
1774017356.657126,/metrics/dbscan/front/processing_ms,std_msgs/msg/Float32,70.81829833984375
1774017356.666267,/metrics/dbscan/right/detections_count,std_msgs/msg/Int32,11
1774017356.6664176,/metrics/dbscan/right/points_in,std_msgs/msg/Int32,7033
1774017356.6665082,/metrics/dbscan/right/processing_ms,std_msgs/msg/Float32,82.77775573730469
1774017356.7035,/metrics/dbscan/back/detections_count,std_msgs/msg/Int32,10
1774017356.703657,/metrics/dbscan/back/points_in,std_msgs/msg/Int32,4111
1774017356.7037616,/metrics/dbscan/back/processing_ms,std_msgs/msg/Float32,65.95350646972656
1774017356.710141,/metrics/dbscan/left/detections_count,std_msgs/msg/Int32,11
1774017356.7102516,/metrics/dbscan/left/points_in,std_msgs/msg/Int32,7500
1774017356.7103107,/metrics/dbscan/left/processing_ms,std_msgs/msg/Float32,91.49372863769531
1774017356.7503057,/metrics/dbscan/right/detections_count,std_msgs/msg/Int32,11
1774017356.7504632,/metrics/dbscan/right/points_in,std_msgs/msg/Int32,7085
1774017356.7505305,/metrics/dbscan/right/processing_ms,std_msgs/msg/Float32,82.69752502441406
1774017356.7618248,/metrics/dbscan/front/detections_count,std_msgs/msg/Int32,13
1774017356.7619834,/metrics/dbscan/front/points_in,std_msgs/msg/Int32,6148
1774017356.7620578,/metrics/dbscan/front/processing_ms,std_msgs/msg/Float32,74.43345642089844
1774017356.7989402,/metrics/dbscan/left/detections_count,std_msgs/msg/Int32,11
1774017356.7990866,/metrics/dbscan/left/points_in,std_msgs/msg/Int32,7475
1774017356.7991807,/metrics/dbscan/left/processing_ms,std_msgs/msg/Float32,87.52900695800781
1774017356.8014286,/metrics/dbscan/back/detections_count,std_msgs/msg/Int32,10
1774017356.8015342,/metrics/dbscan/back/points_in,std_msgs/msg/Int32,4121
1774017356.8015947,/metrics/dbscan/back/processing_ms,std_msgs/msg/Float32,67.51868438720703
1774017356.8330746,/metrics/dbscan/right/detections_count,std_msgs/msg/Int32,8
1774017356.8332741,/metrics/dbscan/right/points_in,std_msgs/msg/Int32,7096
1774017356.833355,/metrics/dbscan/right/processing_ms,std_msgs/msg/Float32,81.27753448486328
1774017356.8585207,/metrics/dbscan/front/detections_count,std_msgs/msg/Int32,13
1774017356.8586988,/metrics/dbscan/front/points_in,std_msgs/msg/Int32,6213
1774017356.8587766,/metrics/dbscan/front/processing_ms,std_msgs/msg/Float32,75.58311462402344
1774017356.8873248,/metrics/dbscan/left/detections_count,std_msgs/msg/Int32,11
1774017356.8875053,/metrics/dbscan/left/points_in,std_msgs/msg/Int32,7487
1774017356.8875916,/metrics/dbscan/left/processing_ms,std_msgs/msg/Float32,87.1043472290039
1774017356.902728,/metrics/dbscan/back/detections_count,std_msgs/msg/Int32,10
1774017356.9028556,/metrics/dbscan/back/points_in,std_msgs/msg/Int32,4122
1774017356.902958,/metrics/dbscan/back/processing_ms,std_msgs/msg/Float32,68.3758544921875
1774017356.922332,/metrics/dbscan/right/detections_count,std_msgs/msg/Int32,11
1774017356.922507,/metrics/dbscan/right/points_in,std_msgs/msg/Int32,7106
1774017356.9226053,/metrics/dbscan/right/processing_ms,std_msgs/msg/Float32,87.61192321777344
1774017356.9614968,/metrics/dbscan/front/detections_count,std_msgs/msg/Int32,12
1774017356.9616656,/metrics/dbscan/front/points_in,std_msgs/msg/Int32,6248
1774017356.9617362,/metrics/dbscan/front/processing_ms,std_msgs/msg/Float32,76.87692260742188
1774017356.9748216,/metrics/dbscan/left/detections_count,std_msgs/msg/Int32,11
1774017356.9750388,/metrics/dbscan/left/points_in,std_msgs/msg/Int32,7477
1774017356.9751408,/metrics/dbscan/left/processing_ms,std_msgs/msg/Float32,85.6584243774414
1774017357.005918,/metrics/dbscan/back/detections_count,std_msgs/msg/Int32,10
1774017357.0061378,/metrics/dbscan/back/points_in,std_msgs/msg/Int32,4120
1774017357.0062792,/metrics/dbscan/back/processing_ms,std_msgs/msg/Float32,69.58123779296875
1774017357.0140724,/metrics/dbscan/right/detections_count,std_msgs/msg/Int32,10
1774017357.0141978,/metrics/dbscan/right/points_in,std_msgs/msg/Int32,7101
1774017357.014277,/metrics/dbscan/right/processing_ms,std_msgs/msg/Float32,89.58642578125
1774017357.059628,/metrics/dbscan/left/detections_count,std_msgs/msg/Int32,11
1774017357.059794,/metrics/dbscan/left/points_in,std_msgs/msg/Int32,7495
1774017357.0599005,/metrics/dbscan/left/processing_ms,std_msgs/msg/Float32,83.00812530517578
1774017357.060819,/metrics/dbscan/front/detections_count,std_msgs/msg/Int32,13
1774017357.0609598,/metrics/dbscan/front/points_in,std_msgs/msg/Int32,6276
1774017357.0610797,/metrics/dbscan/front/processing_ms,std_msgs/msg/Float32,75.05406188964844
1774017357.1009493,/metrics/dbscan/right/detections_count,std_msgs/msg/Int32,10
1774017357.1011422,/metrics/dbscan/right/points_in,std_msgs/msg/Int32,7126
1774017357.1012495,/metrics/dbscan/right/processing_ms,std_msgs/msg/Float32,85.74015045166016
1774017357.103683,/metrics/dbscan/back/detections_count,std_msgs/msg/Int32,10
1774017357.1037807,/metrics/dbscan/back/points_in,std_msgs/msg/Int32,4118
1774017357.1038446,/metrics/dbscan/back/processing_ms,std_msgs/msg/Float32,66.90420532226562
1774017357.144484,/metrics/dbscan/left/detections_count,std_msgs/msg/Int32,11
1774017357.1446097,/metrics/dbscan/left/points_in,std_msgs/msg/Int32,7497
1774017357.1446831,/metrics/dbscan/left/processing_ms,std_msgs/msg/Float32,82.86876678466797
1774017357.1548629,/metrics/dbscan/front/detections_count,std_msgs/msg/Int32,12
1774017357.1550868,/metrics/dbscan/front/points_in,std_msgs/msg/Int32,6300
1774017357.1552112,/metrics/dbscan/front/processing_ms,std_msgs/msg/Float32,67.8346939086914
1774017357.184823,/metrics/dbscan/right/detections_count,std_msgs/msg/Int32,10
1774017357.1850166,/metrics/dbscan/right/points_in,std_msgs/msg/Int32,7138
1774017357.1851478,/metrics/dbscan/right/processing_ms,std_msgs/msg/Float32,82.60919189453125
1774017357.200715,/metrics/dbscan/back/detections_count,std_msgs/msg/Int32,9
1774017357.2008646,/metrics/dbscan/back/points_in,std_msgs/msg/Int32,4103
1774017357.2009778,/metrics/dbscan/back/processing_ms,std_msgs/msg/Float32,63.72602462768555
1774017357.2273145,/metrics/dbscan/left/detections_count,std_msgs/msg/Int32,11
1774017357.2274766,/metrics/dbscan/left/points_in,std_msgs/msg/Int32,7479
1774017357.22755,/metrics/dbscan/left/processing_ms,std_msgs/msg/Float32,81.58283996582031
1774017357.256637,/metrics/dbscan/front/detections_count,std_msgs/msg/Int32,11
1774017357.2567682,/metrics/dbscan/front/points_in,std_msgs/msg/Int32,6346
1774017357.256831,/metrics/dbscan/front/processing_ms,std_msgs/msg/Float32,70.31824493408203
1774017357.2685943,/metrics/dbscan/right/detections_count,std_msgs/msg/Int32,10
1774017357.268713,/metrics/dbscan/right/points_in,std_msgs/msg/Int32,7107
1774017357.2687821,/metrics/dbscan/right/processing_ms,std_msgs/msg/Float32,82.14146423339844
1774017357.299364,/metrics/dbscan/back/detections_count,std_msgs/msg/Int32,11
1774017357.299487,/metrics/dbscan/back/points_in,std_msgs/msg/Int32,4113
1774017357.2995598,/metrics/dbscan/back/processing_ms,std_msgs/msg/Float32,61.190250396728516
1774017357.3097684,/metrics/dbscan/left/detections_count,std_msgs/msg/Int32,11
1774017357.3099315,/metrics/dbscan/left/points_in,std_msgs/msg/Int32,7478
1774017357.3100114,/metrics/dbscan/left/processing_ms,std_msgs/msg/Float32,81.0027084350586
1774017357.3478816,/metrics/dbscan/right/detections_count,std_msgs/msg/Int32,11
1774017357.34803,/metrics/dbscan/right/points_in,std_msgs/msg/Int32,7085
1774017357.3480945,/metrics/dbscan/right/processing_ms,std_msgs/msg/Float32,78.06237030029297
1774017357.3659234,/metrics/dbscan/front/detections_count,std_msgs/msg/Int32,12
1774017357.3660522,/metrics/dbscan/front/points_in,std_msgs/msg/Int32,6393
1774017357.3661354,/metrics/dbscan/front/processing_ms,std_msgs/msg/Float32,81.01731872558594
1774017357.396324,/metrics/dbscan/left/detections_count,std_msgs/msg/Int32,11
1774017357.3964555,/metrics/dbscan/left/points_in,std_msgs/msg/Int32,7475
1774017357.3965259,/metrics/dbscan/left/processing_ms,std_msgs/msg/Float32,85.13044738769531
1774017357.4101913,/metrics/dbscan/back/detections_count,std_msgs/msg/Int32,11
1774017357.4103272,/metrics/dbscan/back/points_in,std_msgs/msg/Int32,4113
1774017357.4103963,/metrics/dbscan/back/processing_ms,std_msgs/msg/Float32,75.68106079101562
1774017357.4326842,/metrics/dbscan/right/detections_count,std_msgs/msg/Int32,10
1774017357.4328015,/metrics/dbscan/right/points_in,std_msgs/msg/Int32,7019
1774017357.432863,/metrics/dbscan/right/processing_ms,std_msgs/msg/Float32,83.43087005615234
1774017357.4631896,/metrics/dbscan/front/detections_count,std_msgs/msg/Int32,12
1774017357.4632957,/metrics/dbscan/front/points_in,std_msgs/msg/Int32,6464
1774017357.463357,/metrics/dbscan/front/processing_ms,std_msgs/msg/Float32,79.55445098876953
1774017357.4865296,/metrics/dbscan/left/detections_count,std_msgs/msg/Int32,12
1774017357.4866345,/metrics/dbscan/left/points_in,std_msgs/msg/Int32,7477
1774017357.4867027,/metrics/dbscan/left/processing_ms,std_msgs/msg/Float32,88.96842193603516
1774017357.500678,/metrics/dbscan/back/detections_count,std_msgs/msg/Int32,10
1774017357.500788,/metrics/dbscan/back/points_in,std_msgs/msg/Int32,4124
1774017357.5008476,/metrics/dbscan/back/processing_ms,std_msgs/msg/Float32,64.8857650756836
1774017357.5155172,/metrics/dbscan/right/detections_count,std_msgs/msg/Int32,10
1774017357.5156353,/metrics/dbscan/right/points_in,std_msgs/msg/Int32,6945
1774017357.515711,/metrics/dbscan/right/processing_ms,std_msgs/msg/Float32,81.4837875366211
1774017357.560985,/metrics/dbscan/front/detections_count,std_msgs/msg/Int32,12
1774017357.5611124,/metrics/dbscan/front/points_in,std_msgs/msg/Int32,6551
1774017357.5611804,/metrics/dbscan/front/processing_ms,std_msgs/msg/Float32,76.02408599853516
1774017357.5725951,/metrics/dbscan/left/detections_count,std_msgs/msg/Int32,12
1774017357.5727642,/metrics/dbscan/left/points_in,std_msgs/msg/Int32,7494
1774017357.5728307,/metrics/dbscan/left/processing_ms,std_msgs/msg/Float32,84.57174682617188
1774017357.598433,/metrics/dbscan/back/detections_count,std_msgs/msg/Int32,11
1774017357.598569,/metrics/dbscan/back/points_in,std_msgs/msg/Int32,4138
1774017357.5986407,/metrics/dbscan/back/processing_ms,std_msgs/msg/Float32,63.00932312011719
1774017357.5992477,/metrics/dbscan/right/detections_count,std_msgs/msg/Int32,11
1774017357.5993195,/metrics/dbscan/right/points_in,std_msgs/msg/Int32,6849
1774017357.5993707,/metrics/dbscan/right/processing_ms,std_msgs/msg/Float32,82.51575469970703
1774017357.66347,/metrics/dbscan/front/detections_count,std_msgs/msg/Int32,12
1774017357.6636193,/metrics/dbscan/front/points_in,std_msgs/msg/Int32,6606
1774017357.6636982,/metrics/dbscan/front/processing_ms,std_msgs/msg/Float32,78.0663070678711
1774017357.667013,/metrics/dbscan/left/detections_count,std_msgs/msg/Int32,12
1774017357.6671355,/metrics/dbscan/left/points_in,std_msgs/msg/Int32,7534
1774017357.6672034,/metrics/dbscan/left/processing_ms,std_msgs/msg/Float32,84.62438201904297
1774017357.6837,/metrics/dbscan/right/detections_count,std_msgs/msg/Int32,9
1774017357.6838503,/metrics/dbscan/right/points_in,std_msgs/msg/Int32,6831
1774017357.683955,/metrics/dbscan/right/processing_ms,std_msgs/msg/Float32,83.30323791503906
1774017357.7010686,/metrics/dbscan/back/detections_count,std_msgs/msg/Int32,11
1774017357.7012255,/metrics/dbscan/back/points_in,std_msgs/msg/Int32,4115
1774017357.7012916,/metrics/dbscan/back/processing_ms,std_msgs/msg/Float32,64.90715026855469
1774017357.7612267,/metrics/dbscan/front/detections_count,std_msgs/msg/Int32,14
1774017357.761405,/metrics/dbscan/front/points_in,std_msgs/msg/Int32,6604
1774017357.7614849,/metrics/dbscan/front/processing_ms,std_msgs/msg/Float32,74.63408660888672
1774017357.766194,/metrics/dbscan/left/detections_count,std_msgs/msg/Int32,12
1774017357.7663155,/metrics/dbscan/left/points_in,std_msgs/msg/Int32,7591
1774017357.7663846,/metrics/dbscan/left/processing_ms,std_msgs/msg/Float32,87.00456237792969
1774017357.7677717,/metrics/dbscan/right/detections_count,std_msgs/msg/Int32,8
1774017357.7678833,/metrics/dbscan/right/points_in,std_msgs/msg/Int32,6772
1774017357.7679796,/metrics/dbscan/right/processing_ms,std_msgs/msg/Float32,83.0645980834961
1774017357.8007765,/metrics/dbscan/back/detections_count,std_msgs/msg/Int32,12
1774017357.8009422,/metrics/dbscan/back/points_in,std_msgs/msg/Int32,4117
1774017357.8010302,/metrics/dbscan/back/processing_ms,std_msgs/msg/Float32,63.72065353393555
1774017357.8527784,/metrics/dbscan/right/detections_count,std_msgs/msg/Int32,10
1774017357.8529518,/metrics/dbscan/right/points_in,std_msgs/msg/Int32,6698
1774017357.8530462,/metrics/dbscan/right/processing_ms,std_msgs/msg/Float32,82.79185485839844
1774017357.8577151,/metrics/dbscan/front/detections_count,std_msgs/msg/Int32,12
1774017357.857928,/metrics/dbscan/front/points_in,std_msgs/msg/Int32,6616
1774017357.8580246,/metrics/dbscan/front/processing_ms,std_msgs/msg/Float32,74.98909759521484
1774017357.8652356,/metrics/dbscan/left/detections_count,std_msgs/msg/Int32,12
1774017357.8653688,/metrics/dbscan/left/points_in,std_msgs/msg/Int32,7578
1774017357.8654535,/metrics/dbscan/left/processing_ms,std_msgs/msg/Float32,85.5638656616211
1774017357.8984199,/metrics/dbscan/back/detections_count,std_msgs/msg/Int32,10
1774017357.8985465,/metrics/dbscan/back/points_in,std_msgs/msg/Int32,4106
1774017357.8986187,/metrics/dbscan/back/processing_ms,std_msgs/msg/Float32,61.03553771972656
1774017357.9477777,/metrics/dbscan/right/detections_count,std_msgs/msg/Int32,10
1774017357.947958,/metrics/dbscan/right/points_in,std_msgs/msg/Int32,6655
1774017357.948068,/metrics/dbscan/right/processing_ms,std_msgs/msg/Float32,84.8564682006836
1774017357.9640899,/metrics/dbscan/front/detections_count,std_msgs/msg/Int32,14
1774017357.9642172,/metrics/dbscan/front/points_in,std_msgs/msg/Int32,6590
1774017357.9642985,/metrics/dbscan/front/processing_ms,std_msgs/msg/Float32,79.07705688476562
1774017357.9666462,/metrics/dbscan/left/detections_count,std_msgs/msg/Int32,12
1774017357.966719,/metrics/dbscan/left/points_in,std_msgs/msg/Int32,7572
1774017357.9667735,/metrics/dbscan/left/processing_ms,std_msgs/msg/Float32,85.28286743164062
1774017357.994678,/metrics/dbscan/back/detections_count,std_msgs/msg/Int32,11
1774017357.9948843,/metrics/dbscan/back/points_in,std_msgs/msg/Int32,4116
1774017357.9950454,/metrics/dbscan/back/processing_ms,std_msgs/msg/Float32,60.84746170043945
1774017358.0427434,/metrics/dbscan/right/detections_count,std_msgs/msg/Int32,10
1774017358.042901,/metrics/dbscan/right/points_in,std_msgs/msg/Int32,6689
1774017358.0430198,/metrics/dbscan/right/processing_ms,std_msgs/msg/Float32,82.78028869628906
1774017358.062728,/metrics/dbscan/front/detections_count,std_msgs/msg/Int32,14
1774017358.062842,/metrics/dbscan/front/points_in,std_msgs/msg/Int32,6560
1774017358.0629756,/metrics/dbscan/front/processing_ms,std_msgs/msg/Float32,78.09170532226562
1774017358.0649154,/metrics/dbscan/left/detections_count,std_msgs/msg/Int32,12
1774017358.0649981,/metrics/dbscan/left/points_in,std_msgs/msg/Int32,7653
1774017358.0650785,/metrics/dbscan/left/processing_ms,std_msgs/msg/Float32,83.26570892333984
1774017358.094001,/metrics/dbscan/back/detections_count,std_msgs/msg/Int32,10
1774017358.0942116,/metrics/dbscan/back/points_in,std_msgs/msg/Int32,4114
1774017358.0943213,/metrics/dbscan/back/processing_ms,std_msgs/msg/Float32,58.99224090576172
1774017358.1376612,/metrics/dbscan/right/detections_count,std_msgs/msg/Int32,9
1774017358.1378171,/metrics/dbscan/right/points_in,std_msgs/msg/Int32,6749
1774017358.137914,/metrics/dbscan/right/processing_ms,std_msgs/msg/Float32,77.41985321044922
1774017358.1576262,/metrics/dbscan/front/detections_count,std_msgs/msg/Int32,13
1774017358.1578023,/metrics/dbscan/front/points_in,std_msgs/msg/Int32,6534
1774017358.1579363,/metrics/dbscan/front/processing_ms,std_msgs/msg/Float32,72.18797302246094
1774017358.1633294,/metrics/dbscan/left/detections_count,std_msgs/msg/Int32,12
1774017358.163493,/metrics/dbscan/left/points_in,std_msgs/msg/Int32,7694
1774017358.1635964,/metrics/dbscan/left/processing_ms,std_msgs/msg/Float32,80.93629455566406
1774017358.1929808,/metrics/dbscan/back/detections_count,std_msgs/msg/Int32,10
1774017358.193177,/metrics/dbscan/back/points_in,std_msgs/msg/Int32,4131
1774017358.1932766,/metrics/dbscan/back/processing_ms,std_msgs/msg/Float32,56.450565338134766
1774017358.235677,/metrics/dbscan/right/detections_count,std_msgs/msg/Int32,8
1774017358.2358096,/metrics/dbscan/right/points_in,std_msgs/msg/Int32,6947
1774017358.2358994,/metrics/dbscan/right/processing_ms,std_msgs/msg/Float32,74.89239501953125
1774017358.255453,/metrics/dbscan/front/detections_count,std_msgs/msg/Int32,12
1774017358.2555933,/metrics/dbscan/front/points_in,std_msgs/msg/Int32,6472
1774017358.255687,/metrics/dbscan/front/processing_ms,std_msgs/msg/Float32,69.40685272216797
1774017358.2564127,/metrics/dbscan/left/detections_count,std_msgs/msg/Int32,12
1774017358.256496,/metrics/dbscan/left/points_in,std_msgs/msg/Int32,7712
1774017358.2565773,/metrics/dbscan/left/processing_ms,std_msgs/msg/Float32,78.10832214355469
1774017358.2981482,/metrics/dbscan/back/detections_count,std_msgs/msg/Int32,11
1774017358.2982657,/metrics/dbscan/back/points_in,std_msgs/msg/Int32,4114
1774017358.298333,/metrics/dbscan/back/processing_ms,std_msgs/msg/Float32,62.36420822143555
1774017358.3391714,/metrics/dbscan/right/detections_count,std_msgs/msg/Int32,9
1774017358.3393085,/metrics/dbscan/right/points_in,std_msgs/msg/Int32,7082
1774017358.339405,/metrics/dbscan/right/processing_ms,std_msgs/msg/Float32,77.90995025634766
1774017358.3538258,/metrics/dbscan/front/detections_count,std_msgs/msg/Int32,14
1774017358.3539767,/metrics/dbscan/front/points_in,std_msgs/msg/Int32,6471
1774017358.3540478,/metrics/dbscan/front/processing_ms,std_msgs/msg/Float32,70.97173309326172
1774017358.3574162,/metrics/dbscan/left/detections_count,std_msgs/msg/Int32,12
1774017358.3575647,/metrics/dbscan/left/points_in,std_msgs/msg/Int32,7720
1774017358.3577108,/metrics/dbscan/left/processing_ms,std_msgs/msg/Float32,77.24862670898438
1774017358.3997633,/metrics/dbscan/back/detections_count,std_msgs/msg/Int32,10
1774017358.39995,/metrics/dbscan/back/points_in,std_msgs/msg/Int32,4120
1774017358.4000351,/metrics/dbscan/back/processing_ms,std_msgs/msg/Float32,62.53670883178711
1774017358.447491,/metrics/dbscan/right/detections_count,std_msgs/msg/Int32,9
1774017358.4476457,/metrics/dbscan/right/points_in,std_msgs/msg/Int32,7149
1774017358.4477212,/metrics/dbscan/right/processing_ms,std_msgs/msg/Float32,84.9485092163086
1774017358.4601684,/metrics/dbscan/front/detections_count,std_msgs/msg/Int32,11
1774017358.4603074,/metrics/dbscan/front/points_in,std_msgs/msg/Int32,6522
1774017358.4603732,/metrics/dbscan/front/processing_ms,std_msgs/msg/Float32,76.6051254272461
1774017358.4620986,/metrics/dbscan/left/detections_count,std_msgs/msg/Int32,12
1774017358.4621804,/metrics/dbscan/left/points_in,std_msgs/msg/Int32,7717
1774017358.4622374,/metrics/dbscan/left/processing_ms,std_msgs/msg/Float32,82.02599334716797
1774017358.5014062,/metrics/dbscan/back/detections_count,std_msgs/msg/Int32,10
1774017358.501527,/metrics/dbscan/back/points_in,std_msgs/msg/Int32,4132
1774017358.5015926,/metrics/dbscan/back/processing_ms,std_msgs/msg/Float32,63.201629638671875
1774017358.5496004,/metrics/dbscan/right/detections_count,std_msgs/msg/Int32,11
1774017358.5497503,/metrics/dbscan/right/points_in,std_msgs/msg/Int32,7163
1774017358.5498295,/metrics/dbscan/right/processing_ms,std_msgs/msg/Float32,86.95498657226562
1774017358.5604322,/metrics/dbscan/front/detections_count,std_msgs/msg/Int32,12
1774017358.5605853,/metrics/dbscan/front/points_in,std_msgs/msg/Int32,6469
1774017358.5606885,/metrics/dbscan/front/processing_ms,std_msgs/msg/Float32,74.80996704101562
1774017358.5709283,/metrics/dbscan/left/detections_count,std_msgs/msg/Int32,12
1774017358.5711012,/metrics/dbscan/left/points_in,std_msgs/msg/Int32,7661
1774017358.5711951,/metrics/dbscan/left/processing_ms,std_msgs/msg/Float32,89.34310150146484
1774017358.6000173,/metrics/dbscan/back/detections_count,std_msgs/msg/Int32,10
1774017358.6001835,/metrics/dbscan/back/points_in,std_msgs/msg/Int32,4126
1774017358.600273,/metrics/dbscan/back/processing_ms,std_msgs/msg/Float32,64.7092514038086
1774017358.6452794,/metrics/dbscan/right/detections_count,std_msgs/msg/Int32,10
1774017358.6454144,/metrics/dbscan/right/points_in,std_msgs/msg/Int32,7163
1774017358.645493,/metrics/dbscan/right/processing_ms,std_msgs/msg/Float32,84.10057830810547
1774017358.6619,/metrics/dbscan/front/detections_count,std_msgs/msg/Int32,14
1774017358.6620715,/metrics/dbscan/front/points_in,std_msgs/msg/Int32,6437
1774017358.6621625,/metrics/dbscan/front/processing_ms,std_msgs/msg/Float32,76.40423583984375
1774017358.6663496,/metrics/dbscan/left/detections_count,std_msgs/msg/Int32,11
1774017358.6664777,/metrics/dbscan/left/points_in,std_msgs/msg/Int32,7625
1774017358.6665497,/metrics/dbscan/left/processing_ms,std_msgs/msg/Float32,84.28852844238281
1774017358.6965141,/metrics/dbscan/back/detections_count,std_msgs/msg/Int32,10
1774017358.6966841,/metrics/dbscan/back/points_in,std_msgs/msg/Int32,4138
1774017358.6968002,/metrics/dbscan/back/processing_ms,std_msgs/msg/Float32,62.20520782470703
1774017358.74483,/metrics/dbscan/right/detections_count,std_msgs/msg/Int32,9
1774017358.7450435,/metrics/dbscan/right/points_in,std_msgs/msg/Int32,7146
1774017358.7458863,/metrics/dbscan/right/processing_ms,std_msgs/msg/Float32,84.3228759765625
1774017358.765031,/metrics/dbscan/left/detections_count,std_msgs/msg/Int32,11
1774017358.765199,/metrics/dbscan/left/points_in,std_msgs/msg/Int32,7651
1774017358.765288,/metrics/dbscan/left/processing_ms,std_msgs/msg/Float32,85.1832046508789
1774017358.7662992,/metrics/dbscan/front/detections_count,std_msgs/msg/Int32,11
1774017358.7664506,/metrics/dbscan/front/points_in,std_msgs/msg/Int32,6435
1774017358.766541,/metrics/dbscan/front/processing_ms,std_msgs/msg/Float32,78.03546905517578
1774017358.802342,/metrics/dbscan/back/detections_count,std_msgs/msg/Int32,12
1774017358.802471,/metrics/dbscan/back/points_in,std_msgs/msg/Int32,4129
1774017358.8025386,/metrics/dbscan/back/processing_ms,std_msgs/msg/Float32,65.5136489868164
1774017358.8435888,/metrics/dbscan/right/detections_count,std_msgs/msg/Int32,10
1774017358.8437088,/metrics/dbscan/right/points_in,std_msgs/msg/Int32,7141
1774017358.8437724,/metrics/dbscan/right/processing_ms,std_msgs/msg/Float32,81.24343872070312
1774017358.8648303,/metrics/dbscan/front/detections_count,std_msgs/msg/Int32,12
1774017358.8650248,/metrics/dbscan/front/points_in,std_msgs/msg/Int32,6426
1774017358.8651617,/metrics/dbscan/front/processing_ms,std_msgs/msg/Float32,82.97319030761719
1774017358.8700986,/metrics/dbscan/left/detections_count,std_msgs/msg/Int32,11
1774017358.8702152,/metrics/dbscan/left/points_in,std_msgs/msg/Int32,7656
1774017358.8702888,/metrics/dbscan/left/processing_ms,std_msgs/msg/Float32,90.68148040771484
1774017358.896685,/metrics/dbscan/back/detections_count,std_msgs/msg/Int32,10
1774017358.896803,/metrics/dbscan/back/points_in,std_msgs/msg/Int32,4118
1774017358.8968666,/metrics/dbscan/back/processing_ms,std_msgs/msg/Float32,60.72502899169922
1774017358.942238,/metrics/dbscan/right/detections_count,std_msgs/msg/Int32,9
1774017358.942357,/metrics/dbscan/right/points_in,std_msgs/msg/Int32,7131
1774017358.9424233,/metrics/dbscan/right/processing_ms,std_msgs/msg/Float32,79.91993713378906
1774017358.9570355,/metrics/dbscan/front/detections_count,std_msgs/msg/Int32,13
1774017358.9572475,/metrics/dbscan/front/points_in,std_msgs/msg/Int32,6485
1774017358.9573398,/metrics/dbscan/front/processing_ms,std_msgs/msg/Float32,73.51876068115234
1774017358.9674704,/metrics/dbscan/left/detections_count,std_msgs/msg/Int32,12
1774017358.967575,/metrics/dbscan/left/points_in,std_msgs/msg/Int32,7654
1774017358.967653,/metrics/dbscan/left/processing_ms,std_msgs/msg/Float32,86.68582916259766
1774017359.0040154,/metrics/dbscan/back/detections_count,std_msgs/msg/Int32,10
1774017359.0042386,/metrics/dbscan/back/points_in,std_msgs/msg/Int32,4117
1774017359.0043824,/metrics/dbscan/back/processing_ms,std_msgs/msg/Float32,65.279541015625
1774017359.0477707,/metrics/dbscan/right/detections_count,std_msgs/msg/Int32,11
1774017359.0479844,/metrics/dbscan/right/points_in,std_msgs/msg/Int32,7144
1774017359.0480893,/metrics/dbscan/right/processing_ms,std_msgs/msg/Float32,85.4636459350586
1774017359.0611012,/metrics/dbscan/front/detections_count,std_msgs/msg/Int32,13
1774017359.0612357,/metrics/dbscan/front/points_in,std_msgs/msg/Int32,6657
1774017359.0613222,/metrics/dbscan/front/processing_ms,std_msgs/msg/Float32,76.59622955322266
1774017359.0686378,/metrics/dbscan/left/detections_count,std_msgs/msg/Int32,13
1774017359.0687537,/metrics/dbscan/left/points_in,std_msgs/msg/Int32,7780
1774017359.0688136,/metrics/dbscan/left/processing_ms,std_msgs/msg/Float32,86.93187713623047
1774017359.099713,/metrics/dbscan/back/detections_count,std_msgs/msg/Int32,10
1774017359.0998309,/metrics/dbscan/back/points_in,std_msgs/msg/Int32,4116
1774017359.0999131,/metrics/dbscan/back/processing_ms,std_msgs/msg/Float32,61.3272819519043
1774017359.1420703,/metrics/dbscan/right/detections_count,std_msgs/msg/Int32,12
1774017359.1422088,/metrics/dbscan/right/points_in,std_msgs/msg/Int32,7229
1774017359.142294,/metrics/dbscan/right/processing_ms,std_msgs/msg/Float32,83.0536880493164
1774017359.1585274,/metrics/dbscan/front/detections_count,std_msgs/msg/Int32,13
1774017359.1586716,/metrics/dbscan/front/points_in,std_msgs/msg/Int32,6796
1774017359.15874,/metrics/dbscan/front/processing_ms,std_msgs/msg/Float32,73.13320922851562
1774017359.1656587,/metrics/dbscan/left/detections_count,std_msgs/msg/Int32,11
1774017359.165793,/metrics/dbscan/left/points_in,std_msgs/msg/Int32,8011
1774017359.16589,/metrics/dbscan/left/processing_ms,std_msgs/msg/Float32,82.87239837646484
1774017359.1950803,/metrics/dbscan/back/detections_count,std_msgs/msg/Int32,9
1774017359.1952019,/metrics/dbscan/back/points_in,std_msgs/msg/Int32,4107
1774017359.19527,/metrics/dbscan/back/processing_ms,std_msgs/msg/Float32,61.38794708251953
1774017359.2412956,/metrics/dbscan/right/detections_count,std_msgs/msg/Int32,12
1774017359.241435,/metrics/dbscan/right/points_in,std_msgs/msg/Int32,7359
1774017359.2415087,/metrics/dbscan/right/processing_ms,std_msgs/msg/Float32,80.18096923828125
1774017359.2585804,/metrics/dbscan/front/detections_count,std_msgs/msg/Int32,12
1774017359.258709,/metrics/dbscan/front/points_in,std_msgs/msg/Int32,6798
1774017359.2587807,/metrics/dbscan/front/processing_ms,std_msgs/msg/Float32,72.13670349121094
1774017359.2594397,/metrics/dbscan/left/detections_count,std_msgs/msg/Int32,11
1774017359.2595139,/metrics/dbscan/left/points_in,std_msgs/msg/Int32,8233
1774017359.259575,/metrics/dbscan/left/processing_ms,std_msgs/msg/Float32,80.48123931884766
1774017359.2948148,/metrics/dbscan/back/detections_count,std_msgs/msg/Int32,11
1774017359.2949781,/metrics/dbscan/back/points_in,std_msgs/msg/Int32,4118
1774017359.2951267,/metrics/dbscan/back/processing_ms,std_msgs/msg/Float32,60.1230354309082
1774017359.3411047,/metrics/dbscan/right/detections_count,std_msgs/msg/Int32,10
1774017359.3412344,/metrics/dbscan/right/points_in,std_msgs/msg/Int32,7509
1774017359.3413088,/metrics/dbscan/right/processing_ms,std_msgs/msg/Float32,80.1540756225586
1774017359.351638,/metrics/dbscan/front/detections_count,std_msgs/msg/Int32,14
1774017359.3517814,/metrics/dbscan/front/points_in,std_msgs/msg/Int32,6768
1774017359.3518522,/metrics/dbscan/front/processing_ms,std_msgs/msg/Float32,69.39253997802734
1774017359.360818,/metrics/dbscan/left/detections_count,std_msgs/msg/Int32,11
1774017359.3609748,/metrics/dbscan/left/points_in,std_msgs/msg/Int32,8336
1774017359.361091,/metrics/dbscan/left/processing_ms,std_msgs/msg/Float32,81.19474029541016
1774017359.398232,/metrics/dbscan/back/detections_count,std_msgs/msg/Int32,10
1774017359.3983498,/metrics/dbscan/back/points_in,std_msgs/msg/Int32,4114
1774017359.3984227,/metrics/dbscan/back/processing_ms,std_msgs/msg/Float32,62.512760162353516
1774017359.44547,/metrics/dbscan/right/detections_count,std_msgs/msg/Int32,12
1774017359.4456098,/metrics/dbscan/right/points_in,std_msgs/msg/Int32,7810
1774017359.4456818,/metrics/dbscan/right/processing_ms,std_msgs/msg/Float32,82.80429077148438
1774017359.4661896,/metrics/dbscan/left/detections_count,std_msgs/msg/Int32,12
1774017359.4663088,/metrics/dbscan/left/points_in,std_msgs/msg/Int32,8434
1774017359.4663877,/metrics/dbscan/left/processing_ms,std_msgs/msg/Float32,85.49169921875
1774017359.4667964,/metrics/dbscan/front/detections_count,std_msgs/msg/Int32,13
1774017359.466859,/metrics/dbscan/front/points_in,std_msgs/msg/Int32,6714
1774017359.466932,/metrics/dbscan/front/processing_ms,std_msgs/msg/Float32,83.31208801269531
1774017359.5014045,/metrics/dbscan/back/detections_count,std_msgs/msg/Int32,10
1774017359.5016024,/metrics/dbscan/back/points_in,std_msgs/msg/Int32,4112
1774017359.501712,/metrics/dbscan/back/processing_ms,std_msgs/msg/Float32,64.16751098632812
1774017359.5443177,/metrics/dbscan/right/detections_count,std_msgs/msg/Int32,11
1774017359.544449,/metrics/dbscan/right/points_in,std_msgs/msg/Int32,8207
1774017359.5445235,/metrics/dbscan/right/processing_ms,std_msgs/msg/Float32,81.54828643798828
1774017359.562785,/metrics/dbscan/front/detections_count,std_msgs/msg/Int32,13
1774017359.5629816,/metrics/dbscan/front/points_in,std_msgs/msg/Int32,6746
1774017359.563081,/metrics/dbscan/front/processing_ms,std_msgs/msg/Float32,76.90037536621094
1774017359.568611,/metrics/dbscan/left/detections_count,std_msgs/msg/Int32,12
1774017359.5687537,/metrics/dbscan/left/points_in,std_msgs/msg/Int32,8545
1774017359.568823,/metrics/dbscan/left/processing_ms,std_msgs/msg/Float32,86.37858581542969
1774017359.5968528,/metrics/dbscan/back/detections_count,std_msgs/msg/Int32,11
1774017359.5970485,/metrics/dbscan/back/points_in,std_msgs/msg/Int32,4110
1774017359.597119,/metrics/dbscan/back/processing_ms,std_msgs/msg/Float32,59.78571319580078
1774017359.646272,/metrics/dbscan/right/detections_count,std_msgs/msg/Int32,11
1774017359.6463897,/metrics/dbscan/right/points_in,std_msgs/msg/Int32,8563
1774017359.6464586,/metrics/dbscan/right/processing_ms,std_msgs/msg/Float32,82.83966064453125
1774017359.6646624,/metrics/dbscan/front/detections_count,std_msgs/msg/Int32,12
1774017359.6648018,/metrics/dbscan/front/points_in,std_msgs/msg/Int32,6840
1774017359.6648815,/metrics/dbscan/front/processing_ms,std_msgs/msg/Float32,79.29830169677734
1774017359.6780515,/metrics/dbscan/left/detections_count,std_msgs/msg/Int32,12
1774017359.678237,/metrics/dbscan/left/points_in,std_msgs/msg/Int32,8615
1774017359.6783197,/metrics/dbscan/left/processing_ms,std_msgs/msg/Float32,95.84081268310547
1774017359.7019873,/metrics/dbscan/back/detections_count,std_msgs/msg/Int32,11
1774017359.7021074,/metrics/dbscan/back/points_in,std_msgs/msg/Int32,4110
1774017359.7021701,/metrics/dbscan/back/processing_ms,std_msgs/msg/Float32,64.35010528564453
1774017359.7440565,/metrics/dbscan/right/detections_count,std_msgs/msg/Int32,11
1774017359.7442122,/metrics/dbscan/right/points_in,std_msgs/msg/Int32,8426
1774017359.7442894,/metrics/dbscan/right/processing_ms,std_msgs/msg/Float32,83.3401107788086
1774017359.7698517,/metrics/dbscan/front/detections_count,std_msgs/msg/Int32,12
1774017359.7700486,/metrics/dbscan/front/points_in,std_msgs/msg/Int32,6976
1774017359.7701426,/metrics/dbscan/front/processing_ms,std_msgs/msg/Float32,83.86945343017578
1774017359.7724485,/metrics/dbscan/left/detections_count,std_msgs/msg/Int32,13
1774017359.772601,/metrics/dbscan/left/points_in,std_msgs/msg/Int32,8681
1774017359.7726817,/metrics/dbscan/left/processing_ms,std_msgs/msg/Float32,92.96480560302734
1774017359.7957613,/metrics/dbscan/back/detections_count,std_msgs/msg/Int32,10
1774017359.7959075,/metrics/dbscan/back/points_in,std_msgs/msg/Int32,4113
1774017359.7960043,/metrics/dbscan/back/processing_ms,std_msgs/msg/Float32,61.471946716308594
1774017359.8534534,/metrics/dbscan/right/detections_count,std_msgs/msg/Int32,10
1774017359.8536205,/metrics/dbscan/right/points_in,std_msgs/msg/Int32,8079
1774017359.85369,/metrics/dbscan/right/processing_ms,std_msgs/msg/Float32,93.21319580078125
1774017359.865867,/metrics/dbscan/front/detections_count,std_msgs/msg/Int32,11
1774017359.8660076,/metrics/dbscan/front/points_in,std_msgs/msg/Int32,6997
1774017359.8660815,/metrics/dbscan/front/processing_ms,std_msgs/msg/Float32,83.24667358398438
1774017359.867992,/metrics/dbscan/left/detections_count,std_msgs/msg/Int32,12
1774017359.8680649,/metrics/dbscan/left/points_in,std_msgs/msg/Int32,8727
1774017359.8681178,/metrics/dbscan/left/processing_ms,std_msgs/msg/Float32,87.84162139892578
1774017359.902007,/metrics/dbscan/back/detections_count,std_msgs/msg/Int32,10
1774017359.9021564,/metrics/dbscan/back/points_in,std_msgs/msg/Int32,4115
1774017359.9022298,/metrics/dbscan/back/processing_ms,std_msgs/msg/Float32,66.33709716796875
1774017359.943213,/metrics/dbscan/right/detections_count,std_msgs/msg/Int32,9
1774017359.94338,/metrics/dbscan/right/points_in,std_msgs/msg/Int32,8024
1774017359.9434683,/metrics/dbscan/right/processing_ms,std_msgs/msg/Float32,82.15895080566406
1774017359.9610023,/metrics/dbscan/front/detections_count,std_msgs/msg/Int32,10
1774017359.9611342,/metrics/dbscan/front/points_in,std_msgs/msg/Int32,6884
1774017359.9612086,/metrics/dbscan/front/processing_ms,std_msgs/msg/Float32,77.68814086914062
1774017359.9676802,/metrics/dbscan/left/detections_count,std_msgs/msg/Int32,11
1774017359.9678314,/metrics/dbscan/left/points_in,std_msgs/msg/Int32,8722
1774017359.967959,/metrics/dbscan/left/processing_ms,std_msgs/msg/Float32,86.86569213867188
1774017359.9998596,/metrics/dbscan/back/detections_count,std_msgs/msg/Int32,10
1774017360.000028,/metrics/dbscan/back/points_in,std_msgs/msg/Int32,4111
1774017360.0001395,/metrics/dbscan/back/processing_ms,std_msgs/msg/Float32,63.841861724853516
1774017360.049337,/metrics/dbscan/right/detections_count,std_msgs/msg/Int32,11
1774017360.0494637,/metrics/dbscan/right/points_in,std_msgs/msg/Int32,8065
1774017360.0495427,/metrics/dbscan/right/processing_ms,std_msgs/msg/Float32,87.46943664550781
1774017360.064716,/metrics/dbscan/front/detections_count,std_msgs/msg/Int32,11
1774017360.0648608,/metrics/dbscan/front/points_in,std_msgs/msg/Int32,6803
1774017360.0649745,/metrics/dbscan/front/processing_ms,std_msgs/msg/Float32,80.54219818115234
1774017360.072862,/metrics/dbscan/left/detections_count,std_msgs/msg/Int32,11
1774017360.0730677,/metrics/dbscan/left/points_in,std_msgs/msg/Int32,8764
1774017360.0732148,/metrics/dbscan/left/processing_ms,std_msgs/msg/Float32,90.51007843017578
1774017360.0991828,/metrics/dbscan/back/detections_count,std_msgs/msg/Int32,9
1774017360.0993445,/metrics/dbscan/back/points_in,std_msgs/msg/Int32,4117
1774017360.0994549,/metrics/dbscan/back/processing_ms,std_msgs/msg/Float32,62.952816009521484
1774017360.1487985,/metrics/dbscan/right/detections_count,std_msgs/msg/Int32,10
1774017360.1489294,/metrics/dbscan/right/points_in,std_msgs/msg/Int32,8475
1774017360.149003,/metrics/dbscan/right/processing_ms,std_msgs/msg/Float32,86.0115737915039
1774017360.162582,/metrics/dbscan/front/detections_count,std_msgs/msg/Int32,12
1774017360.16276,/metrics/dbscan/front/points_in,std_msgs/msg/Int32,6774
1774017360.162837,/metrics/dbscan/front/processing_ms,std_msgs/msg/Float32,76.79876708984375
1774017360.1682413,/metrics/dbscan/left/detections_count,std_msgs/msg/Int32,12
1774017360.168364,/metrics/dbscan/left/points_in,std_msgs/msg/Int32,8790
1774017360.1684248,/metrics/dbscan/left/processing_ms,std_msgs/msg/Float32,85.32415771484375
1774017360.1989584,/metrics/dbscan/back/detections_count,std_msgs/msg/Int32,10
1774017360.199091,/metrics/dbscan/back/points_in,std_msgs/msg/Int32,4117
1774017360.1991565,/metrics/dbscan/back/processing_ms,std_msgs/msg/Float32,60.63771438598633
1774017360.2420137,/metrics/dbscan/right/detections_count,std_msgs/msg/Int32,9
1774017360.2421818,/metrics/dbscan/right/points_in,std_msgs/msg/Int32,8393
1774017360.2422829,/metrics/dbscan/right/processing_ms,std_msgs/msg/Float32,82.06487274169922
1774017360.2652173,/metrics/dbscan/front/detections_count,std_msgs/msg/Int32,12
1774017360.265354,/metrics/dbscan/front/points_in,std_msgs/msg/Int32,6765
1774017360.265429,/metrics/dbscan/front/processing_ms,std_msgs/msg/Float32,78.2479248046875
1774017360.2659009,/metrics/dbscan/left/detections_count,std_msgs/msg/Int32,12
1774017360.265998,/metrics/dbscan/left/points_in,std_msgs/msg/Int32,8809
1774017360.2660992,/metrics/dbscan/left/processing_ms,std_msgs/msg/Float32,86.05010223388672
1774017360.3024292,/metrics/dbscan/back/detections_count,std_msgs/msg/Int32,10
1774017360.3025975,/metrics/dbscan/back/points_in,std_msgs/msg/Int32,4119
1774017360.3026721,/metrics/dbscan/back/processing_ms,std_msgs/msg/Float32,63.324832916259766
1774017360.3397148,/metrics/dbscan/right/detections_count,std_msgs/msg/Int32,11
1774017360.3399005,/metrics/dbscan/right/points_in,std_msgs/msg/Int32,8405
1774017360.3399851,/metrics/dbscan/right/processing_ms,std_msgs/msg/Float32,79.40802764892578
1774017360.363824,/metrics/dbscan/front/detections_count,std_msgs/msg/Int32,12
1774017360.3640454,/metrics/dbscan/front/points_in,std_msgs/msg/Int32,6672
1774017360.3641593,/metrics/dbscan/front/processing_ms,std_msgs/msg/Float32,79.0934829711914
1774017360.3671474,/metrics/dbscan/left/detections_count,std_msgs/msg/Int32,13
1774017360.3672318,/metrics/dbscan/left/points_in,std_msgs/msg/Int32,8769
1774017360.367311,/metrics/dbscan/left/processing_ms,std_msgs/msg/Float32,86.74140167236328
1774017360.4030297,/metrics/dbscan/back/detections_count,std_msgs/msg/Int32,11
1774017360.4031992,/metrics/dbscan/back/points_in,std_msgs/msg/Int32,4127
1774017360.4032755,/metrics/dbscan/back/processing_ms,std_msgs/msg/Float32,61.76909255981445
1774017360.4481752,/metrics/dbscan/right/detections_count,std_msgs/msg/Int32,10
1774017360.4483187,/metrics/dbscan/right/points_in,std_msgs/msg/Int32,8441
1774017360.4483922,/metrics/dbscan/right/processing_ms,std_msgs/msg/Float32,86.80830383300781
1774017360.4668214,/metrics/dbscan/front/detections_count,std_msgs/msg/Int32,13
1774017360.4669912,/metrics/dbscan/front/points_in,std_msgs/msg/Int32,6465
1774017360.4670682,/metrics/dbscan/front/processing_ms,std_msgs/msg/Float32,83.48592376708984
1774017360.472402,/metrics/dbscan/left/detections_count,std_msgs/msg/Int32,12
1774017360.4726021,/metrics/dbscan/left/points_in,std_msgs/msg/Int32,8636
1774017360.47268,/metrics/dbscan/left/processing_ms,std_msgs/msg/Float32,91.6083755493164
1774017360.5031836,/metrics/dbscan/back/detections_count,std_msgs/msg/Int32,10
1774017360.5033388,/metrics/dbscan/back/points_in,std_msgs/msg/Int32,4121
1774017360.5034235,/metrics/dbscan/back/processing_ms,std_msgs/msg/Float32,68.83697509765625
1774017360.5478516,/metrics/dbscan/right/detections_count,std_msgs/msg/Int32,11
1774017360.54803,/metrics/dbscan/right/points_in,std_msgs/msg/Int32,8213
1774017360.5481343,/metrics/dbscan/right/processing_ms,std_msgs/msg/Float32,85.82513427734375
1774017360.5641108,/metrics/dbscan/front/detections_count,std_msgs/msg/Int32,14
1774017360.5642333,/metrics/dbscan/front/points_in,std_msgs/msg/Int32,6291
1774017360.564296,/metrics/dbscan/front/processing_ms,std_msgs/msg/Float32,79.32459259033203
1774017360.5678437,/metrics/dbscan/left/detections_count,std_msgs/msg/Int32,12
1774017360.5679917,/metrics/dbscan/left/points_in,std_msgs/msg/Int32,8473
1774017360.5680661,/metrics/dbscan/left/processing_ms,std_msgs/msg/Float32,86.58516693115234
1774017360.6070757,/metrics/dbscan/back/detections_count,std_msgs/msg/Int32,11
1774017360.6072314,/metrics/dbscan/back/points_in,std_msgs/msg/Int32,4125
1774017360.6073205,/metrics/dbscan/back/processing_ms,std_msgs/msg/Float32,70.75404357910156
1774017360.6477191,/metrics/dbscan/right/detections_count,std_msgs/msg/Int32,11
1774017360.6478915,/metrics/dbscan/right/points_in,std_msgs/msg/Int32,7973
1774017360.6479928,/metrics/dbscan/right/processing_ms,std_msgs/msg/Float32,85.15907287597656
1774017360.662773,/metrics/dbscan/front/detections_count,std_msgs/msg/Int32,13
1774017360.6629903,/metrics/dbscan/front/points_in,std_msgs/msg/Int32,6269
1774017360.6630912,/metrics/dbscan/front/processing_ms,std_msgs/msg/Float32,77.05029296875
1774017360.667429,/metrics/dbscan/left/detections_count,std_msgs/msg/Int32,12
1774017360.6675844,/metrics/dbscan/left/points_in,std_msgs/msg/Int32,8472
1774017360.6676934,/metrics/dbscan/left/processing_ms,std_msgs/msg/Float32,84.82270050048828
1774017360.7038188,/metrics/dbscan/back/detections_count,std_msgs/msg/Int32,10
1774017360.7040007,/metrics/dbscan/back/points_in,std_msgs/msg/Int32,4124
1774017360.704087,/metrics/dbscan/back/processing_ms,std_msgs/msg/Float32,66.99366760253906
1774017360.7486143,/metrics/dbscan/right/detections_count,std_msgs/msg/Int32,11
1774017360.748794,/metrics/dbscan/right/points_in,std_msgs/msg/Int32,7717
1774017360.748954,/metrics/dbscan/right/processing_ms,std_msgs/msg/Float32,85.38417053222656
1774017360.7661457,/metrics/dbscan/front/detections_count,std_msgs/msg/Int32,13
1774017360.7662988,/metrics/dbscan/front/points_in,std_msgs/msg/Int32,6386
1774017360.7664025,/metrics/dbscan/front/processing_ms,std_msgs/msg/Float32,80.38059997558594
1774017360.7669003,/metrics/dbscan/left/detections_count,std_msgs/msg/Int32,12
1774017360.7669961,/metrics/dbscan/left/points_in,std_msgs/msg/Int32,8551
1774017360.7670944,/metrics/dbscan/left/processing_ms,std_msgs/msg/Float32,86.9749526977539
1774017360.8065248,/metrics/dbscan/back/detections_count,std_msgs/msg/Int32,10
1774017360.8067708,/metrics/dbscan/back/points_in,std_msgs/msg/Int32,4120
1774017360.8068893,/metrics/dbscan/back/processing_ms,std_msgs/msg/Float32,69.2756576538086
1774017360.841201,/metrics/dbscan/right/detections_count,std_msgs/msg/Int32,12
1774017360.8413646,/metrics/dbscan/right/points_in,std_msgs/msg/Int32,7523
1774017360.841463,/metrics/dbscan/right/processing_ms,std_msgs/msg/Float32,81.61813354492188
1774017360.8651578,/metrics/dbscan/left/detections_count,std_msgs/msg/Int32,12
1774017360.8653305,/metrics/dbscan/left/points_in,std_msgs/msg/Int32,8605
1774017360.8654065,/metrics/dbscan/left/processing_ms,std_msgs/msg/Float32,85.43621826171875
1774017360.865845,/metrics/dbscan/front/detections_count,std_msgs/msg/Int32,13
1774017360.8659632,/metrics/dbscan/front/points_in,std_msgs/msg/Int32,6513
1774017360.8660448,/metrics/dbscan/front/processing_ms,std_msgs/msg/Float32,83.03257751464844
1774017360.9030318,/metrics/dbscan/back/detections_count,std_msgs/msg/Int32,10
1774017360.9031806,/metrics/dbscan/back/points_in,std_msgs/msg/Int32,4122
1774017360.9032497,/metrics/dbscan/back/processing_ms,std_msgs/msg/Float32,64.43315887451172
1774017360.9402328,/metrics/dbscan/right/detections_count,std_msgs/msg/Int32,10
1774017360.9404125,/metrics/dbscan/right/points_in,std_msgs/msg/Int32,7368
1774017360.9405096,/metrics/dbscan/right/processing_ms,std_msgs/msg/Float32,79.54074096679688
1774017360.954188,/metrics/dbscan/front/detections_count,std_msgs/msg/Int32,13
1774017360.9543357,/metrics/dbscan/front/points_in,std_msgs/msg/Int32,6448
1774017360.9544015,/metrics/dbscan/front/processing_ms,std_msgs/msg/Float32,71.08422088623047
1774017360.9699283,/metrics/dbscan/left/detections_count,std_msgs/msg/Int32,12
1774017360.970052,/metrics/dbscan/left/points_in,std_msgs/msg/Int32,8574
1774017360.9701266,/metrics/dbscan/left/processing_ms,std_msgs/msg/Float32,89.12135314941406
1774017360.9996903,/metrics/dbscan/back/detections_count,std_msgs/msg/Int32,10
1774017360.9998221,/metrics/dbscan/back/points_in,std_msgs/msg/Int32,4111
1774017360.9998984,/metrics/dbscan/back/processing_ms,std_msgs/msg/Float32,65.07571411132812
1774017361.0502002,/metrics/dbscan/right/detections_count,std_msgs/msg/Int32,11
1774017361.0503418,/metrics/dbscan/right/points_in,std_msgs/msg/Int32,7262
1774017361.0504475,/metrics/dbscan/right/processing_ms,std_msgs/msg/Float32,88.78981018066406
1774017361.063794,/metrics/dbscan/front/detections_count,std_msgs/msg/Int32,13
1774017361.0639303,/metrics/dbscan/front/points_in,std_msgs/msg/Int32,6319
1774017361.0640008,/metrics/dbscan/front/processing_ms,std_msgs/msg/Float32,79.12655639648438
1774017361.079639,/metrics/dbscan/left/detections_count,std_msgs/msg/Int32,13
1774017361.079803,/metrics/dbscan/left/points_in,std_msgs/msg/Int32,8498
1774017361.0799012,/metrics/dbscan/left/processing_ms,std_msgs/msg/Float32,98.03606414794922
1774017361.1016068,/metrics/dbscan/back/detections_count,std_msgs/msg/Int32,11
1774017361.101852,/metrics/dbscan/back/points_in,std_msgs/msg/Int32,4113
1774017361.1019719,/metrics/dbscan/back/processing_ms,std_msgs/msg/Float32,66.00190734863281
1774017361.1417868,/metrics/dbscan/right/detections_count,std_msgs/msg/Int32,11
1774017361.1419225,/metrics/dbscan/right/points_in,std_msgs/msg/Int32,7161
1774017361.1419907,/metrics/dbscan/right/processing_ms,std_msgs/msg/Float32,79.90240478515625
1774017361.1626272,/metrics/dbscan/front/detections_count,std_msgs/msg/Int32,12
1774017361.1627476,/metrics/dbscan/front/points_in,std_msgs/msg/Int32,6196
1774017361.1628153,/metrics/dbscan/front/processing_ms,std_msgs/msg/Float32,76.12330627441406
1774017361.1670444,/metrics/dbscan/left/detections_count,std_msgs/msg/Int32,13
1774017361.1671515,/metrics/dbscan/left/points_in,std_msgs/msg/Int32,8379
1774017361.167223,/metrics/dbscan/left/processing_ms,std_msgs/msg/Float32,83.9908676147461
1774017361.1993105,/metrics/dbscan/back/detections_count,std_msgs/msg/Int32,10
1774017361.1994965,/metrics/dbscan/back/points_in,std_msgs/msg/Int32,4117
1774017361.1996315,/metrics/dbscan/back/processing_ms,std_msgs/msg/Float32,63.240604400634766
1774017361.2363505,/metrics/dbscan/right/detections_count,std_msgs/msg/Int32,10
1774017361.2365677,/metrics/dbscan/right/points_in,std_msgs/msg/Int32,7147
1774017361.2367096,/metrics/dbscan/right/processing_ms,std_msgs/msg/Float32,73.96329498291016
1774017361.2589974,/metrics/dbscan/front/detections_count,std_msgs/msg/Int32,11
1774017361.2591283,/metrics/dbscan/front/points_in,std_msgs/msg/Int32,6120
1774017361.2591994,/metrics/dbscan/front/processing_ms,std_msgs/msg/Float32,73.22402954101562
1774017361.2613738,/metrics/dbscan/left/detections_count,std_msgs/msg/Int32,12
1774017361.261502,/metrics/dbscan/left/points_in,std_msgs/msg/Int32,8322
1774017361.2616076,/metrics/dbscan/left/processing_ms,std_msgs/msg/Float32,82.07418060302734
1774017361.2977936,/metrics/dbscan/back/detections_count,std_msgs/msg/Int32,9
1774017361.2979312,/metrics/dbscan/back/points_in,std_msgs/msg/Int32,4105
1774017361.298,/metrics/dbscan/back/processing_ms,std_msgs/msg/Float32,60.877418518066406
1774017361.3352437,/metrics/dbscan/right/detections_count,std_msgs/msg/Int32,9
1774017361.3353775,/metrics/dbscan/right/points_in,std_msgs/msg/Int32,7144
1774017361.3354475,/metrics/dbscan/right/processing_ms,std_msgs/msg/Float32,76.64010620117188
1774017361.358543,/metrics/dbscan/front/detections_count,std_msgs/msg/Int32,11
1774017361.3588004,/metrics/dbscan/front/points_in,std_msgs/msg/Int32,6124
1774017361.3589158,/metrics/dbscan/front/processing_ms,std_msgs/msg/Float32,75.92527770996094
1774017361.359703,/metrics/dbscan/left/detections_count,std_msgs/msg/Int32,13
1774017361.3597734,/metrics/dbscan/left/points_in,std_msgs/msg/Int32,8301
1774017361.3598258,/metrics/dbscan/left/processing_ms,std_msgs/msg/Float32,80.02497863769531
1774017361.4026372,/metrics/dbscan/back/detections_count,std_msgs/msg/Int32,10
1774017361.402808,/metrics/dbscan/back/points_in,std_msgs/msg/Int32,4107
1774017361.402923,/metrics/dbscan/back/processing_ms,std_msgs/msg/Float32,63.95402908325195
1774017361.4381514,/metrics/dbscan/right/detections_count,std_msgs/msg/Int32,11
1774017361.4383218,/metrics/dbscan/right/points_in,std_msgs/msg/Int32,7109
1774017361.4384115,/metrics/dbscan/right/processing_ms,std_msgs/msg/Float32,77.84772491455078
1774017361.4655447,/metrics/dbscan/front/detections_count,std_msgs/msg/Int32,11
1774017361.4656968,/metrics/dbscan/front/points_in,std_msgs/msg/Int32,6094
1774017361.4657829,/metrics/dbscan/front/processing_ms,std_msgs/msg/Float32,82.07830810546875
1774017361.469897,/metrics/dbscan/left/detections_count,std_msgs/msg/Int32,12
1774017361.4700491,/metrics/dbscan/left/points_in,std_msgs/msg/Int32,8307
1774017361.4701269,/metrics/dbscan/left/processing_ms,std_msgs/msg/Float32,90.63684844970703
1774017361.502583,/metrics/dbscan/back/detections_count,std_msgs/msg/Int32,10
1774017361.5027626,/metrics/dbscan/back/points_in,std_msgs/msg/Int32,4113
1774017361.5028434,/metrics/dbscan/back/processing_ms,std_msgs/msg/Float32,64.03380584716797
1774017361.5461361,/metrics/dbscan/right/detections_count,std_msgs/msg/Int32,11
1774017361.5462878,/metrics/dbscan/right/points_in,std_msgs/msg/Int32,7040
1774017361.5463815,/metrics/dbscan/right/processing_ms,std_msgs/msg/Float32,85.91658782958984
1774017361.5611753,/metrics/dbscan/front/detections_count,std_msgs/msg/Int32,11
1774017361.561416,/metrics/dbscan/front/points_in,std_msgs/msg/Int32,6021
1774017361.5615225,/metrics/dbscan/front/processing_ms,std_msgs/msg/Float32,77.09260559082031
1774017361.5679805,/metrics/dbscan/left/detections_count,std_msgs/msg/Int32,12
1774017361.568142,/metrics/dbscan/left/points_in,std_msgs/msg/Int32,8218
1774017361.568254,/metrics/dbscan/left/processing_ms,std_msgs/msg/Float32,86.35830688476562
1774017361.6005144,/metrics/dbscan/back/detections_count,std_msgs/msg/Int32,10
1774017361.6006873,/metrics/dbscan/back/points_in,std_msgs/msg/Int32,4107
1774017361.600822,/metrics/dbscan/back/processing_ms,std_msgs/msg/Float32,65.98506927490234
1774017361.6460443,/metrics/dbscan/right/detections_count,std_msgs/msg/Int32,10
1774017361.6461859,/metrics/dbscan/right/points_in,std_msgs/msg/Int32,6991
1774017361.6462827,/metrics/dbscan/right/processing_ms,std_msgs/msg/Float32,84.04103088378906
1774017361.6614573,/metrics/dbscan/front/detections_count,std_msgs/msg/Int32,12
1774017361.66161,/metrics/dbscan/front/points_in,std_msgs/msg/Int32,5969
1774017361.6616914,/metrics/dbscan/front/processing_ms,std_msgs/msg/Float32,76.67698669433594
1774017361.6626112,/metrics/dbscan/left/detections_count,std_msgs/msg/Int32,12
1774017361.66271,/metrics/dbscan/left/points_in,std_msgs/msg/Int32,8152
1774017361.662789,/metrics/dbscan/left/processing_ms,std_msgs/msg/Float32,84.37677001953125
1774017361.6953628,/metrics/dbscan/back/detections_count,std_msgs/msg/Int32,9
1774017361.6955097,/metrics/dbscan/back/points_in,std_msgs/msg/Int32,4100
1774017361.6956136,/metrics/dbscan/back/processing_ms,std_msgs/msg/Float32,60.48676681518555
1774017361.7453988,/metrics/dbscan/right/detections_count,std_msgs/msg/Int32,10
1774017361.7455537,/metrics/dbscan/right/points_in,std_msgs/msg/Int32,6969
1774017361.7456589,/metrics/dbscan/right/processing_ms,std_msgs/msg/Float32,83.82182312011719
1774017361.764416,/metrics/dbscan/left/detections_count,std_msgs/msg/Int32,12
1774017361.764554,/metrics/dbscan/left/points_in,std_msgs/msg/Int32,8178
1774017361.764651,/metrics/dbscan/left/processing_ms,std_msgs/msg/Float32,84.52733612060547
1774017361.766709,/metrics/dbscan/front/detections_count,std_msgs/msg/Int32,11
1774017361.7667964,/metrics/dbscan/front/points_in,std_msgs/msg/Int32,6012
1774017361.7668812,/metrics/dbscan/front/processing_ms,std_msgs/msg/Float32,80.21836853027344
1774017361.7978508,/metrics/dbscan/back/detections_count,std_msgs/msg/Int32,11
1774017361.7980492,/metrics/dbscan/back/points_in,std_msgs/msg/Int32,4123
1774017361.798138,/metrics/dbscan/back/processing_ms,std_msgs/msg/Float32,62.234153747558594
1774017361.8476186,/metrics/dbscan/right/detections_count,std_msgs/msg/Int32,12
1774017361.8477516,/metrics/dbscan/right/points_in,std_msgs/msg/Int32,6956
1774017361.8478334,/metrics/dbscan/right/processing_ms,std_msgs/msg/Float32,83.87037658691406
1774017361.8653827,/metrics/dbscan/front/detections_count,std_msgs/msg/Int32,13
1774017361.8655498,/metrics/dbscan/front/points_in,std_msgs/msg/Int32,6061
1774017361.8656318,/metrics/dbscan/front/processing_ms,std_msgs/msg/Float32,82.46430206298828
1774017361.8663647,/metrics/dbscan/left/detections_count,std_msgs/msg/Int32,13
1774017361.8664496,/metrics/dbscan/left/points_in,std_msgs/msg/Int32,8217
1774017361.8665235,/metrics/dbscan/left/processing_ms,std_msgs/msg/Float32,85.96074676513672
1774017361.9016228,/metrics/dbscan/back/detections_count,std_msgs/msg/Int32,10
1774017361.9017973,/metrics/dbscan/back/points_in,std_msgs/msg/Int32,4118
1774017361.9019341,/metrics/dbscan/back/processing_ms,std_msgs/msg/Float32,65.1987075805664
1774017361.9445546,/metrics/dbscan/right/detections_count,std_msgs/msg/Int32,13
1774017361.9447129,/metrics/dbscan/right/points_in,std_msgs/msg/Int32,6951
1774017361.9448113,/metrics/dbscan/right/processing_ms,std_msgs/msg/Float32,84.83030700683594
1774017361.9629686,/metrics/dbscan/front/detections_count,std_msgs/msg/Int32,11
1774017361.9630933,/metrics/dbscan/front/points_in,std_msgs/msg/Int32,6093
1774017361.9631588,/metrics/dbscan/front/processing_ms,std_msgs/msg/Float32,78.71456146240234
1774017361.9699614,/metrics/dbscan/left/detections_count,std_msgs/msg/Int32,13
1774017361.9700994,/metrics/dbscan/left/points_in,std_msgs/msg/Int32,8197
1774017361.9701712,/metrics/dbscan/left/processing_ms,std_msgs/msg/Float32,87.95430755615234
1774017362.0035064,/metrics/dbscan/back/detections_count,std_msgs/msg/Int32,10
1774017362.003688,/metrics/dbscan/back/points_in,std_msgs/msg/Int32,4120
1774017362.0037642,/metrics/dbscan/back/processing_ms,std_msgs/msg/Float32,65.42871856689453
1774017362.044854,/metrics/dbscan/right/detections_count,std_msgs/msg/Int32,11
1774017362.0450249,/metrics/dbscan/right/points_in,std_msgs/msg/Int32,6918
1774017362.0450997,/metrics/dbscan/right/processing_ms,std_msgs/msg/Float32,84.22041320800781
1774017362.0653453,/metrics/dbscan/front/detections_count,std_msgs/msg/Int32,12
1774017362.065492,/metrics/dbscan/front/points_in,std_msgs/msg/Int32,6018
1774017362.0656133,/metrics/dbscan/front/processing_ms,std_msgs/msg/Float32,80.9899673461914
1774017362.0773423,/metrics/dbscan/left/detections_count,std_msgs/msg/Int32,12
1774017362.0775042,/metrics/dbscan/left/points_in,std_msgs/msg/Int32,8106
1774017362.0775876,/metrics/dbscan/left/processing_ms,std_msgs/msg/Float32,95.01630401611328
1774017362.1088011,/metrics/dbscan/back/detections_count,std_msgs/msg/Int32,10
1774017362.1089413,/metrics/dbscan/back/points_in,std_msgs/msg/Int32,4119
1774017362.1090243,/metrics/dbscan/back/processing_ms,std_msgs/msg/Float32,70.1678695678711
1774017362.1389856,/metrics/dbscan/right/detections_count,std_msgs/msg/Int32,11
1774017362.1391387,/metrics/dbscan/right/points_in,std_msgs/msg/Int32,6821
1774017362.139214,/metrics/dbscan/right/processing_ms,std_msgs/msg/Float32,78.46316528320312
1774017362.1598976,/metrics/dbscan/front/detections_count,std_msgs/msg/Int32,14
1774017362.1600528,/metrics/dbscan/front/points_in,std_msgs/msg/Int32,5907
1774017362.1601303,/metrics/dbscan/front/processing_ms,std_msgs/msg/Float32,74.91292572021484
1774017362.1638474,/metrics/dbscan/left/detections_count,std_msgs/msg/Int32,12
1774017362.163965,/metrics/dbscan/left/points_in,std_msgs/msg/Int32,7961
1774017362.1640296,/metrics/dbscan/left/processing_ms,std_msgs/msg/Float32,85.00310516357422
1774017362.1964977,/metrics/dbscan/back/detections_count,std_msgs/msg/Int32,9
1774017362.1966188,/metrics/dbscan/back/points_in,std_msgs/msg/Int32,4126
1774017362.196697,/metrics/dbscan/back/processing_ms,std_msgs/msg/Float32,61.41270446777344
1774017362.2381494,/metrics/dbscan/right/detections_count,std_msgs/msg/Int32,10
1774017362.2383022,/metrics/dbscan/right/points_in,std_msgs/msg/Int32,6756
1774017362.2384198,/metrics/dbscan/right/processing_ms,std_msgs/msg/Float32,76.55126953125
1774017362.2619545,/metrics/dbscan/left/detections_count,std_msgs/msg/Int32,12
1774017362.2620716,/metrics/dbscan/left/points_in,std_msgs/msg/Int32,7836
1774017362.2621586,/metrics/dbscan/left/processing_ms,std_msgs/msg/Float32,82.5168685913086
1774017362.262598,/metrics/dbscan/front/detections_count,std_msgs/msg/Int32,13
1774017362.2626877,/metrics/dbscan/front/points_in,std_msgs/msg/Int32,5852
1774017362.2627778,/metrics/dbscan/front/processing_ms,std_msgs/msg/Float32,76.8695297241211
1774017362.2951765,/metrics/dbscan/back/detections_count,std_msgs/msg/Int32,10
1774017362.295328,/metrics/dbscan/back/points_in,std_msgs/msg/Int32,4123
1774017362.2954283,/metrics/dbscan/back/processing_ms,std_msgs/msg/Float32,59.108253479003906
1774017362.3441436,/metrics/dbscan/right/detections_count,std_msgs/msg/Int32,11
1774017362.3442795,/metrics/dbscan/right/points_in,std_msgs/msg/Int32,6704
1774017362.3443656,/metrics/dbscan/right/processing_ms,std_msgs/msg/Float32,82.4810791015625
1774017362.3590014,/metrics/dbscan/front/detections_count,std_msgs/msg/Int32,14
1774017362.3591397,/metrics/dbscan/front/points_in,std_msgs/msg/Int32,5833
1774017362.3592257,/metrics/dbscan/front/processing_ms,std_msgs/msg/Float32,72.53209686279297
1774017362.3639417,/metrics/dbscan/left/detections_count,std_msgs/msg/Int32,11
1774017362.3640635,/metrics/dbscan/left/points_in,std_msgs/msg/Int32,7755
1774017362.36415,/metrics/dbscan/left/processing_ms,std_msgs/msg/Float32,83.88768005371094
1774017362.4055037,/metrics/dbscan/back/detections_count,std_msgs/msg/Int32,10
1774017362.4057481,/metrics/dbscan/back/points_in,std_msgs/msg/Int32,4122
1774017362.4059408,/metrics/dbscan/back/processing_ms,std_msgs/msg/Float32,69.14395904541016
1774017362.4488957,/metrics/dbscan/right/detections_count,std_msgs/msg/Int32,10
1774017362.4490216,/metrics/dbscan/right/points_in,std_msgs/msg/Int32,6698
1774017362.4490914,/metrics/dbscan/right/processing_ms,std_msgs/msg/Float32,85.46753692626953
1774017362.454718,/metrics/dbscan/front/detections_count,std_msgs/msg/Int32,12
1774017362.4548998,/metrics/dbscan/front/points_in,std_msgs/msg/Int32,5763
1774017362.4550028,/metrics/dbscan/front/processing_ms,std_msgs/msg/Float32,71.14586639404297
1774017362.4679072,/metrics/dbscan/left/detections_count,std_msgs/msg/Int32,12
1774017362.468044,/metrics/dbscan/left/points_in,std_msgs/msg/Int32,7713
1774017362.4681158,/metrics/dbscan/left/processing_ms,std_msgs/msg/Float32,86.73455047607422
1774017362.500802,/metrics/dbscan/back/detections_count,std_msgs/msg/Int32,11
1774017362.5009556,/metrics/dbscan/back/points_in,std_msgs/msg/Int32,4119
1774017362.501056,/metrics/dbscan/back/processing_ms,std_msgs/msg/Float32,63.412601470947266
1774017362.545366,/metrics/dbscan/right/detections_count,std_msgs/msg/Int32,12
1774017362.5454857,/metrics/dbscan/right/points_in,std_msgs/msg/Int32,6675
1774017362.5455463,/metrics/dbscan/right/processing_ms,std_msgs/msg/Float32,85.26964569091797
1774017362.5563552,/metrics/dbscan/front/detections_count,std_msgs/msg/Int32,13
1774017362.5564785,/metrics/dbscan/front/points_in,std_msgs/msg/Int32,5713
1774017362.5565407,/metrics/dbscan/front/processing_ms,std_msgs/msg/Float32,72.9903793334961
1774017362.5641134,/metrics/dbscan/left/detections_count,std_msgs/msg/Int32,12
1774017362.5642507,/metrics/dbscan/left/points_in,std_msgs/msg/Int32,7678
1774017362.5643315,/metrics/dbscan/left/processing_ms,std_msgs/msg/Float32,82.2844467163086
1774017362.6045542,/metrics/dbscan/back/detections_count,std_msgs/msg/Int32,10
1774017362.6047018,/metrics/dbscan/back/points_in,std_msgs/msg/Int32,4126
1774017362.6047685,/metrics/dbscan/back/processing_ms,std_msgs/msg/Float32,66.8218994140625
1774017362.645396,/metrics/dbscan/right/detections_count,std_msgs/msg/Int32,11
1774017362.6455557,/metrics/dbscan/right/points_in,std_msgs/msg/Int32,6558
1774017362.6456645,/metrics/dbscan/right/processing_ms,std_msgs/msg/Float32,83.63372802734375
1774017362.6614673,/metrics/dbscan/front/detections_count,std_msgs/msg/Int32,13
1774017362.661605,/metrics/dbscan/front/points_in,std_msgs/msg/Int32,5669
1774017362.6616783,/metrics/dbscan/front/processing_ms,std_msgs/msg/Float32,76.73875427246094
1774017362.6637964,/metrics/dbscan/left/detections_count,std_msgs/msg/Int32,11
1774017362.6639,/metrics/dbscan/left/points_in,std_msgs/msg/Int32,7665
1774017362.6639662,/metrics/dbscan/left/processing_ms,std_msgs/msg/Float32,85.50895690917969
1774017362.7072916,/metrics/dbscan/back/detections_count,std_msgs/msg/Int32,10
1774017362.7074735,/metrics/dbscan/back/points_in,std_msgs/msg/Int32,4132
1774017362.7075758,/metrics/dbscan/back/processing_ms,std_msgs/msg/Float32,68.3632583618164
1774017362.7428198,/metrics/dbscan/right/detections_count,std_msgs/msg/Int32,10
1774017362.7430308,/metrics/dbscan/right/points_in,std_msgs/msg/Int32,6469
1774017362.743123,/metrics/dbscan/right/processing_ms,std_msgs/msg/Float32,81.5450668334961
1774017362.7631216,/metrics/dbscan/front/detections_count,std_msgs/msg/Int32,11
1774017362.76324,/metrics/dbscan/front/points_in,std_msgs/msg/Int32,5699
1774017362.763306,/metrics/dbscan/front/processing_ms,std_msgs/msg/Float32,76.32816314697266
1774017362.7674303,/metrics/dbscan/left/detections_count,std_msgs/msg/Int32,12
1774017362.7675257,/metrics/dbscan/left/points_in,std_msgs/msg/Int32,7681
1774017362.7675848,/metrics/dbscan/left/processing_ms,std_msgs/msg/Float32,87.37252044677734
1774017362.8002067,/metrics/dbscan/back/detections_count,std_msgs/msg/Int32,10
1774017362.8003573,/metrics/dbscan/back/points_in,std_msgs/msg/Int32,4110
1774017362.8004313,/metrics/dbscan/back/processing_ms,std_msgs/msg/Float32,65.54361724853516
1774017362.8433564,/metrics/dbscan/right/detections_count,std_msgs/msg/Int32,12
1774017362.8434918,/metrics/dbscan/right/points_in,std_msgs/msg/Int32,6383
1774017362.843577,/metrics/dbscan/right/processing_ms,std_msgs/msg/Float32,81.43424224853516
1774017362.8646426,/metrics/dbscan/front/detections_count,std_msgs/msg/Int32,12
1774017362.8647916,/metrics/dbscan/front/points_in,std_msgs/msg/Int32,5741
1774017362.8648586,/metrics/dbscan/front/processing_ms,std_msgs/msg/Float32,77.81228637695312
1774017362.8668103,/metrics/dbscan/left/detections_count,std_msgs/msg/Int32,11
1774017362.8669455,/metrics/dbscan/left/points_in,std_msgs/msg/Int32,7681
1774017362.867036,/metrics/dbscan/left/processing_ms,std_msgs/msg/Float32,87.06407928466797
1774017362.9017837,/metrics/dbscan/back/detections_count,std_msgs/msg/Int32,10
1774017362.9019463,/metrics/dbscan/back/points_in,std_msgs/msg/Int32,4118
1774017362.9020324,/metrics/dbscan/back/processing_ms,std_msgs/msg/Float32,66.16130065917969
1774017362.9444628,/metrics/dbscan/right/detections_count,std_msgs/msg/Int32,11
1774017362.9445744,/metrics/dbscan/right/points_in,std_msgs/msg/Int32,6330
1774017362.9446359,/metrics/dbscan/right/processing_ms,std_msgs/msg/Float32,81.64356231689453
1774017362.9645133,/metrics/dbscan/front/detections_count,std_msgs/msg/Int32,12
1774017362.9646494,/metrics/dbscan/front/points_in,std_msgs/msg/Int32,5743
1774017362.9647114,/metrics/dbscan/front/processing_ms,std_msgs/msg/Float32,80.90036010742188
1774017362.9652832,/metrics/dbscan/left/detections_count,std_msgs/msg/Int32,12
1774017362.9653685,/metrics/dbscan/left/points_in,std_msgs/msg/Int32,7678
1774017362.9654489,/metrics/dbscan/left/processing_ms,std_msgs/msg/Float32,83.81310272216797
1774017362.9997394,/metrics/dbscan/back/detections_count,std_msgs/msg/Int32,10
1774017362.9998987,/metrics/dbscan/back/points_in,std_msgs/msg/Int32,4107
1774017362.999992,/metrics/dbscan/back/processing_ms,std_msgs/msg/Float32,63.39139938354492
1774017363.0368469,/metrics/dbscan/right/detections_count,std_msgs/msg/Int32,12
1774017363.0369923,/metrics/dbscan/right/points_in,std_msgs/msg/Int32,6283
1774017363.0370634,/metrics/dbscan/right/processing_ms,std_msgs/msg/Float32,77.4619369506836
1774017363.0575414,/metrics/dbscan/front/detections_count,std_msgs/msg/Int32,12
1774017363.0576856,/metrics/dbscan/front/points_in,std_msgs/msg/Int32,5751
1774017363.0577762,/metrics/dbscan/front/processing_ms,std_msgs/msg/Float32,73.04756927490234
1774017363.0652208,/metrics/dbscan/left/detections_count,std_msgs/msg/Int32,12
1774017363.0653374,/metrics/dbscan/left/points_in,std_msgs/msg/Int32,7706
1774017363.0653977,/metrics/dbscan/left/processing_ms,std_msgs/msg/Float32,82.6397933959961
1774017363.0999153,/metrics/dbscan/back/detections_count,std_msgs/msg/Int32,10
1774017363.1000392,/metrics/dbscan/back/points_in,std_msgs/msg/Int32,4097
1774017363.1001084,/metrics/dbscan/back/processing_ms,std_msgs/msg/Float32,63.30011749267578
1774017363.1355026,/metrics/dbscan/right/detections_count,std_msgs/msg/Int32,10
1774017363.1356635,/metrics/dbscan/right/points_in,std_msgs/msg/Int32,6346
1774017363.1357503,/metrics/dbscan/right/processing_ms,std_msgs/msg/Float32,75.6190414428711
1774017363.1553934,/metrics/dbscan/front/detections_count,std_msgs/msg/Int32,12
1774017363.1555858,/metrics/dbscan/front/points_in,std_msgs/msg/Int32,5771
1774017363.155665,/metrics/dbscan/front/processing_ms,std_msgs/msg/Float32,70.60667419433594
1774017363.1605728,/metrics/dbscan/left/detections_count,std_msgs/msg/Int32,11
1774017363.1606734,/metrics/dbscan/left/points_in,std_msgs/msg/Int32,7711
1774017363.1607378,/metrics/dbscan/left/processing_ms,std_msgs/msg/Float32,81.99833679199219
1774017363.1990256,/metrics/dbscan/back/detections_count,std_msgs/msg/Int32,10
1774017363.199189,/metrics/dbscan/back/points_in,std_msgs/msg/Int32,4112
1774017363.1992648,/metrics/dbscan/back/processing_ms,std_msgs/msg/Float32,61.73624038696289
1774017363.2414408,/metrics/dbscan/right/detections_count,std_msgs/msg/Int32,12
1774017363.2415888,/metrics/dbscan/right/points_in,std_msgs/msg/Int32,6411
1774017363.2416716,/metrics/dbscan/right/processing_ms,std_msgs/msg/Float32,81.10586547851562
1774017363.256784,/metrics/dbscan/front/detections_count,std_msgs/msg/Int32,13
1774017363.2569494,/metrics/dbscan/front/points_in,std_msgs/msg/Int32,5795
1774017363.2570393,/metrics/dbscan/front/processing_ms,std_msgs/msg/Float32,71.56822204589844
1774017363.2615008,/metrics/dbscan/left/detections_count,std_msgs/msg/Int32,12
1774017363.2616012,/metrics/dbscan/left/points_in,std_msgs/msg/Int32,7700
1774017363.2616627,/metrics/dbscan/left/processing_ms,std_msgs/msg/Float32,82.57130432128906
1774017363.2939,/metrics/dbscan/back/detections_count,std_msgs/msg/Int32,11
1774017363.2940295,/metrics/dbscan/back/points_in,std_msgs/msg/Int32,4115
1774017363.2940981,/metrics/dbscan/back/processing_ms,std_msgs/msg/Float32,60.26170349121094
1774017363.3379,/metrics/dbscan/right/detections_count,std_msgs/msg/Int32,13
1774017363.33808,/metrics/dbscan/right/points_in,std_msgs/msg/Int32,6503
1774017363.3381865,/metrics/dbscan/right/processing_ms,std_msgs/msg/Float32,77.06475830078125
1774017363.3570273,/metrics/dbscan/front/detections_count,std_msgs/msg/Int32,12
1774017363.3571944,/metrics/dbscan/front/points_in,std_msgs/msg/Int32,5859
1774017363.3572664,/metrics/dbscan/front/processing_ms,std_msgs/msg/Float32,70.05823516845703
1774017363.3643854,/metrics/dbscan/left/detections_count,std_msgs/msg/Int32,12
1774017363.3645449,/metrics/dbscan/left/points_in,std_msgs/msg/Int32,7699
1774017363.364639,/metrics/dbscan/left/processing_ms,std_msgs/msg/Float32,84.18296813964844
1774017363.3959074,/metrics/dbscan/back/detections_count,std_msgs/msg/Int32,9
1774017363.3960402,/metrics/dbscan/back/points_in,std_msgs/msg/Int32,4107
1774017363.3961127,/metrics/dbscan/back/processing_ms,std_msgs/msg/Float32,60.9398078918457
1774017363.447069,/metrics/dbscan/right/detections_count,std_msgs/msg/Int32,13
1774017363.4471939,/metrics/dbscan/right/points_in,std_msgs/msg/Int32,6643
1774017363.4472644,/metrics/dbscan/right/processing_ms,std_msgs/msg/Float32,84.45799255371094
1774017363.4569921,/metrics/dbscan/front/detections_count,std_msgs/msg/Int32,12
1774017363.4571424,/metrics/dbscan/front/points_in,std_msgs/msg/Int32,5975
1774017363.457221,/metrics/dbscan/front/processing_ms,std_msgs/msg/Float32,73.47703552246094
1774017363.46752,/metrics/dbscan/left/detections_count,std_msgs/msg/Int32,12
1774017363.467648,/metrics/dbscan/left/points_in,std_msgs/msg/Int32,7684
1774017363.4677446,/metrics/dbscan/left/processing_ms,std_msgs/msg/Float32,86.48789978027344
1774017363.4999692,/metrics/dbscan/back/detections_count,std_msgs/msg/Int32,11
1774017363.5001352,/metrics/dbscan/back/points_in,std_msgs/msg/Int32,4119
1774017363.5002203,/metrics/dbscan/back/processing_ms,std_msgs/msg/Float32,64.4402084350586
1774017363.5487082,/metrics/dbscan/right/detections_count,std_msgs/msg/Int32,14
1774017363.548834,/metrics/dbscan/right/points_in,std_msgs/msg/Int32,6733
1774017363.5489275,/metrics/dbscan/right/processing_ms,std_msgs/msg/Float32,85.47228240966797
1774017363.5626905,/metrics/dbscan/front/detections_count,std_msgs/msg/Int32,12
1774017363.562848,/metrics/dbscan/front/points_in,std_msgs/msg/Int32,6010
1774017363.562961,/metrics/dbscan/front/processing_ms,std_msgs/msg/Float32,77.58480072021484
1774017363.5705066,/metrics/dbscan/left/detections_count,std_msgs/msg/Int32,11
1774017363.5706885,/metrics/dbscan/left/points_in,std_msgs/msg/Int32,7653
1774017363.5707772,/metrics/dbscan/left/processing_ms,std_msgs/msg/Float32,87.47579193115234
1774017363.6005466,/metrics/dbscan/back/detections_count,std_msgs/msg/Int32,11
1774017363.600679,/metrics/dbscan/back/points_in,std_msgs/msg/Int32,4127
1774017363.6007543,/metrics/dbscan/back/processing_ms,std_msgs/msg/Float32,64.7889404296875
1774017363.6452668,/metrics/dbscan/right/detections_count,std_msgs/msg/Int32,14
1774017363.6454508,/metrics/dbscan/right/points_in,std_msgs/msg/Int32,6783
1774017363.6455595,/metrics/dbscan/right/processing_ms,std_msgs/msg/Float32,85.42142486572266
1774017363.665129,/metrics/dbscan/front/detections_count,std_msgs/msg/Int32,13
1774017363.6652358,/metrics/dbscan/front/points_in,std_msgs/msg/Int32,5979
1774017363.6653142,/metrics/dbscan/front/processing_ms,std_msgs/msg/Float32,81.48616027832031
1774017363.6656358,/metrics/dbscan/left/detections_count,std_msgs/msg/Int32,11
1774017363.665711,/metrics/dbscan/left/points_in,std_msgs/msg/Int32,7666
1774017363.6657636,/metrics/dbscan/left/processing_ms,std_msgs/msg/Float32,87.2222671508789
1774017363.7033577,/metrics/dbscan/back/detections_count,std_msgs/msg/Int32,10
1774017363.7035546,/metrics/dbscan/back/points_in,std_msgs/msg/Int32,4118
1774017363.7036452,/metrics/dbscan/back/processing_ms,std_msgs/msg/Float32,66.18897247314453
1774017363.7417924,/metrics/dbscan/right/detections_count,std_msgs/msg/Int32,13
1774017363.7419732,/metrics/dbscan/right/points_in,std_msgs/msg/Int32,6740
1774017363.7420666,/metrics/dbscan/right/processing_ms,std_msgs/msg/Float32,81.20347595214844
1774017363.7629921,/metrics/dbscan/left/detections_count,std_msgs/msg/Int32,11
1774017363.763156,/metrics/dbscan/left/points_in,std_msgs/msg/Int32,7656
1774017363.7671041,/metrics/dbscan/left/processing_ms,std_msgs/msg/Float32,83.49121856689453
1774017363.7675347,/metrics/dbscan/front/detections_count,std_msgs/msg/Int32,12
1774017363.7676036,/metrics/dbscan/front/points_in,std_msgs/msg/Int32,5918
1774017363.7676706,/metrics/dbscan/front/processing_ms,std_msgs/msg/Float32,78.89131927490234
1774017363.8020923,/metrics/dbscan/back/detections_count,std_msgs/msg/Int32,10
1774017363.8022497,/metrics/dbscan/back/points_in,std_msgs/msg/Int32,4118
1774017363.8023326,/metrics/dbscan/back/processing_ms,std_msgs/msg/Float32,63.35221862792969
1774017363.8429227,/metrics/dbscan/right/detections_count,std_msgs/msg/Int32,13
1774017363.843053,/metrics/dbscan/right/points_in,std_msgs/msg/Int32,6753
1774017363.8431275,/metrics/dbscan/right/processing_ms,std_msgs/msg/Float32,82.23849487304688
1774017363.8634257,/metrics/dbscan/left/detections_count,std_msgs/msg/Int32,11
1774017363.8635478,/metrics/dbscan/left/points_in,std_msgs/msg/Int32,7661
1774017363.8636103,/metrics/dbscan/left/processing_ms,std_msgs/msg/Float32,82.96736145019531
1774017363.865561,/metrics/dbscan/front/detections_count,std_msgs/msg/Int32,11
1774017363.865675,/metrics/dbscan/front/processing_ms,std_msgs/msg/Float32,79.25672149658203
1774017363.8660214,/metrics/dbscan/front/points_in,std_msgs/msg/Int32,5942
1774017363.8993373,/metrics/dbscan/back/detections_count,std_msgs/msg/Int32,9
1774017363.899497,/metrics/dbscan/back/points_in,std_msgs/msg/Int32,4122
1774017363.8996258,/metrics/dbscan/back/processing_ms,std_msgs/msg/Float32,65.0162582397461
1774017363.9452302,/metrics/dbscan/right/detections_count,std_msgs/msg/Int32,14
1774017363.945356,/metrics/dbscan/right/points_in,std_msgs/msg/Int32,6820
1774017363.9454274,/metrics/dbscan/right/processing_ms,std_msgs/msg/Float32,84.13837432861328
1774017363.957571,/metrics/dbscan/front/detections_count,std_msgs/msg/Int32,13
1774017363.9577363,/metrics/dbscan/front/points_in,std_msgs/msg/Int32,6023
1774017363.9578397,/metrics/dbscan/front/processing_ms,std_msgs/msg/Float32,74.44625091552734
1774017363.9643533,/metrics/dbscan/left/detections_count,std_msgs/msg/Int32,12
1774017363.9644504,/metrics/dbscan/left/points_in,std_msgs/msg/Int32,7645
1774017363.9645073,/metrics/dbscan/left/processing_ms,std_msgs/msg/Float32,82.35155487060547
1774017363.9987395,/metrics/dbscan/back/detections_count,std_msgs/msg/Int32,10
1774017363.9988647,/metrics/dbscan/back/points_in,std_msgs/msg/Int32,4135
1774017363.9990091,/metrics/dbscan/back/processing_ms,std_msgs/msg/Float32,64.43074035644531
1774017364.0460029,/metrics/dbscan/right/detections_count,std_msgs/msg/Int32,13
1774017364.0461924,/metrics/dbscan/right/points_in,std_msgs/msg/Int32,6890
1774017364.0463,/metrics/dbscan/right/processing_ms,std_msgs/msg/Float32,82.98919677734375
1774017364.0570424,/metrics/dbscan/front/detections_count,std_msgs/msg/Int32,12
1774017364.0572066,/metrics/dbscan/front/points_in,std_msgs/msg/Int32,6063
1774017364.057277,/metrics/dbscan/front/processing_ms,std_msgs/msg/Float32,73.82769012451172
1774017364.0660524,/metrics/dbscan/left/detections_count,std_msgs/msg/Int32,12
1774017364.0661793,/metrics/dbscan/left/points_in,std_msgs/msg/Int32,7645
1774017364.0662644,/metrics/dbscan/left/processing_ms,std_msgs/msg/Float32,84.0361557006836
1774017364.1008568,/metrics/dbscan/back/detections_count,std_msgs/msg/Int32,10
1774017364.1010337,/metrics/dbscan/back/points_in,std_msgs/msg/Int32,4127
1774017364.101151,/metrics/dbscan/back/processing_ms,std_msgs/msg/Float32,64.9438247680664
1774017364.1441689,/metrics/dbscan/right/detections_count,std_msgs/msg/Int32,13
1774017364.1442902,/metrics/dbscan/right/points_in,std_msgs/msg/Int32,6966
1774017364.1443613,/metrics/dbscan/right/processing_ms,std_msgs/msg/Float32,80.83135986328125
1774017364.160054,/metrics/dbscan/front/detections_count,std_msgs/msg/Int32,12
1774017364.1602442,/metrics/dbscan/front/points_in,std_msgs/msg/Int32,6110
1774017364.160363,/metrics/dbscan/front/processing_ms,std_msgs/msg/Float32,75.51144409179688
1774017364.166506,/metrics/dbscan/left/detections_count,std_msgs/msg/Int32,11
1774017364.1666973,/metrics/dbscan/left/points_in,std_msgs/msg/Int32,7664
1774017364.1668496,/metrics/dbscan/left/processing_ms,std_msgs/msg/Float32,87.2929916381836
1774017364.1961355,/metrics/dbscan/back/detections_count,std_msgs/msg/Int32,11
1774017364.196263,/metrics/dbscan/back/points_in,std_msgs/msg/Int32,4121
1774017364.1963384,/metrics/dbscan/back/processing_ms,std_msgs/msg/Float32,59.834800720214844
1774017364.2420628,/metrics/dbscan/right/detections_count,std_msgs/msg/Int32,12
1774017364.2422621,/metrics/dbscan/right/points_in,std_msgs/msg/Int32,6949
1774017364.242364,/metrics/dbscan/right/processing_ms,std_msgs/msg/Float32,81.33610534667969
1774017364.253698,/metrics/dbscan/front/detections_count,std_msgs/msg/Int32,12
1774017364.2538974,/metrics/dbscan/front/points_in,std_msgs/msg/Int32,6121
1774017364.2540023,/metrics/dbscan/front/processing_ms,std_msgs/msg/Float32,68.14673614501953
1774017364.260707,/metrics/dbscan/left/detections_count,std_msgs/msg/Int32,12
1774017364.2608197,/metrics/dbscan/left/points_in,std_msgs/msg/Int32,7682
1774017364.260927,/metrics/dbscan/left/processing_ms,std_msgs/msg/Float32,81.28788757324219
1774017364.2940893,/metrics/dbscan/back/detections_count,std_msgs/msg/Int32,10
1774017364.2941957,/metrics/dbscan/back/points_in,std_msgs/msg/Int32,4122
1774017364.294256,/metrics/dbscan/back/processing_ms,std_msgs/msg/Float32,56.83755111694336
1774017364.339822,/metrics/dbscan/right/detections_count,std_msgs/msg/Int32,14
1774017364.3400593,/metrics/dbscan/right/points_in,std_msgs/msg/Int32,6928
1774017364.3401473,/metrics/dbscan/right/processing_ms,std_msgs/msg/Float32,79.4346694946289
1774017364.359558,/metrics/dbscan/front/detections_count,std_msgs/msg/Int32,12
1774017364.3597562,/metrics/dbscan/front/points_in,std_msgs/msg/Int32,6029
1774017364.359848,/metrics/dbscan/front/processing_ms,std_msgs/msg/Float32,72.39676666259766
1774017364.3634968,/metrics/dbscan/left/detections_count,std_msgs/msg/Int32,11
1774017364.363607,/metrics/dbscan/left/points_in,std_msgs/msg/Int32,7670
1774017364.3636782,/metrics/dbscan/left/processing_ms,std_msgs/msg/Float32,82.82441711425781
1774017364.3983421,/metrics/dbscan/back/detections_count,std_msgs/msg/Int32,9
1774017364.3984728,/metrics/dbscan/back/points_in,std_msgs/msg/Int32,4114
1774017364.3985436,/metrics/dbscan/back/processing_ms,std_msgs/msg/Float32,60.29042434692383
1774017364.4432333,/metrics/dbscan/right/detections_count,std_msgs/msg/Int32,13
1774017364.4433866,/metrics/dbscan/right/points_in,std_msgs/msg/Int32,6982
1774017364.4434767,/metrics/dbscan/right/processing_ms,std_msgs/msg/Float32,81.95198059082031
1774017364.4622948,/metrics/dbscan/front/detections_count,std_msgs/msg/Int32,12
1774017364.4624445,/metrics/dbscan/front/points_in,std_msgs/msg/Int32,6025
1774017364.462517,/metrics/dbscan/front/processing_ms,std_msgs/msg/Float32,79.5400619506836
1774017364.4677746,/metrics/dbscan/left/detections_count,std_msgs/msg/Int32,11
1774017364.4679596,/metrics/dbscan/left/points_in,std_msgs/msg/Int32,7657
1774017364.4680798,/metrics/dbscan/left/processing_ms,std_msgs/msg/Float32,87.28649139404297
1774017364.4957101,/metrics/dbscan/back/detections_count,std_msgs/msg/Int32,11
1774017364.4958296,/metrics/dbscan/back/points_in,std_msgs/msg/Int32,4121
1774017364.4959095,/metrics/dbscan/back/processing_ms,std_msgs/msg/Float32,61.69678497314453
1774017364.5507796,/metrics/dbscan/right/detections_count,std_msgs/msg/Int32,12
1774017364.5509856,/metrics/dbscan/right/points_in,std_msgs/msg/Int32,7093
1774017364.5510874,/metrics/dbscan/right/processing_ms,std_msgs/msg/Float32,88.41216278076172
1774017364.5584316,/metrics/dbscan/front/detections_count,std_msgs/msg/Int32,12
1774017364.5586185,/metrics/dbscan/front/points_in,std_msgs/msg/Int32,6050
1774017364.5587113,/metrics/dbscan/front/processing_ms,std_msgs/msg/Float32,74.29145050048828
1774017364.5660534,/metrics/dbscan/left/detections_count,std_msgs/msg/Int32,12
1774017364.5661898,/metrics/dbscan/left/points_in,std_msgs/msg/Int32,7677
1774017364.5663161,/metrics/dbscan/left/processing_ms,std_msgs/msg/Float32,84.52814483642578
1774017364.6004472,/metrics/dbscan/back/detections_count,std_msgs/msg/Int32,10
1774017364.6006293,/metrics/dbscan/back/points_in,std_msgs/msg/Int32,4121
1774017364.6007733,/metrics/dbscan/back/processing_ms,std_msgs/msg/Float32,64.90412902832031
1774017364.6491141,/metrics/dbscan/right/detections_count,std_msgs/msg/Int32,12
1774017364.6492763,/metrics/dbscan/right/points_in,std_msgs/msg/Int32,7214
1774017364.6493714,/metrics/dbscan/right/processing_ms,std_msgs/msg/Float32,86.08300018310547
1774017364.6657426,/metrics/dbscan/left/detections_count,std_msgs/msg/Int32,11
1774017364.6659045,/metrics/dbscan/left/points_in,std_msgs/msg/Int32,7677
1774017364.6659849,/metrics/dbscan/left/processing_ms,std_msgs/msg/Float32,86.87470245361328
1774017364.6668863,/metrics/dbscan/front/detections_count,std_msgs/msg/Int32,12
1774017364.6670322,/metrics/dbscan/front/points_in,std_msgs/msg/Int32,6038
1774017364.6671886,/metrics/dbscan/front/processing_ms,std_msgs/msg/Float32,82.70594024658203
1774017364.699711,/metrics/dbscan/back/detections_count,std_msgs/msg/Int32,10
1774017364.699833,/metrics/dbscan/back/points_in,std_msgs/msg/Int32,4101
1774017364.6999285,/metrics/dbscan/back/processing_ms,std_msgs/msg/Float32,65.15951538085938
1774017364.7482245,/metrics/dbscan/right/detections_count,std_msgs/msg/Int32,11
1774017364.748378,/metrics/dbscan/right/points_in,std_msgs/msg/Int32,7190
1774017364.7484472,/metrics/dbscan/right/processing_ms,std_msgs/msg/Float32,88.72146606445312
1774017364.759658,/metrics/dbscan/front/detections_count,std_msgs/msg/Int32,11
1774017364.7597873,/metrics/dbscan/front/points_in,std_msgs/msg/Int32,5970
1774017364.759864,/metrics/dbscan/front/processing_ms,std_msgs/msg/Float32,74.77365112304688
1774017364.7639017,/metrics/dbscan/left/detections_count,std_msgs/msg/Int32,12
1774017364.764038,/metrics/dbscan/left/points_in,std_msgs/msg/Int32,7704
1774017364.7641075,/metrics/dbscan/left/processing_ms,std_msgs/msg/Float32,84.25374603271484
1774017364.8024359,/metrics/dbscan/back/detections_count,std_msgs/msg/Int32,10
1774017364.8026316,/metrics/dbscan/back/points_in,std_msgs/msg/Int32,4115
1774017364.8027153,/metrics/dbscan/back/processing_ms,std_msgs/msg/Float32,66.26530456542969
1774017364.847997,/metrics/dbscan/right/detections_count,std_msgs/msg/Int32,10
1774017364.8481495,/metrics/dbscan/right/points_in,std_msgs/msg/Int32,7207
1774017364.8482273,/metrics/dbscan/right/processing_ms,std_msgs/msg/Float32,87.9111557006836
1774017364.8598976,/metrics/dbscan/front/detections_count,std_msgs/msg/Int32,14
1774017364.860038,/metrics/dbscan/front/points_in,std_msgs/msg/Int32,5930
1774017364.8601184,/metrics/dbscan/front/processing_ms,std_msgs/msg/Float32,73.78863525390625
1774017364.866217,/metrics/dbscan/left/detections_count,std_msgs/msg/Int32,12
1774017364.866345,/metrics/dbscan/left/points_in,std_msgs/msg/Int32,7702
1774017364.8664238,/metrics/dbscan/left/processing_ms,std_msgs/msg/Float32,86.13059997558594
1774017364.9041734,/metrics/dbscan/back/detections_count,std_msgs/msg/Int32,9
1774017364.9043574,/metrics/dbscan/back/points_in,std_msgs/msg/Int32,4107
1774017364.9044633,/metrics/dbscan/back/processing_ms,std_msgs/msg/Float32,66.73321533203125
1774017364.9445212,/metrics/dbscan/right/detections_count,std_msgs/msg/Int32,10
1774017364.9446452,/metrics/dbscan/right/points_in,std_msgs/msg/Int32,7297
1774017364.9447224,/metrics/dbscan/right/processing_ms,std_msgs/msg/Float32,84.2876205444336
1774017364.9542127,/metrics/dbscan/front/detections_count,std_msgs/msg/Int32,12
1774017364.9543357,/metrics/dbscan/front/points_in,std_msgs/msg/Int32,6001
1774017364.9544034,/metrics/dbscan/front/processing_ms,std_msgs/msg/Float32,70.80227661132812
1774017364.9670985,/metrics/dbscan/left/detections_count,std_msgs/msg/Int32,12
1774017364.967219,/metrics/dbscan/left/points_in,std_msgs/msg/Int32,7697
1774017364.9672835,/metrics/dbscan/left/processing_ms,std_msgs/msg/Float32,85.34113311767578
1774017365.000123,/metrics/dbscan/back/detections_count,std_msgs/msg/Int32,10
1774017365.0002718,/metrics/dbscan/back/points_in,std_msgs/msg/Int32,4106
1774017365.0003495,/metrics/dbscan/back/processing_ms,std_msgs/msg/Float32,62.021121978759766
1774017365.0467854,/metrics/dbscan/right/detections_count,std_msgs/msg/Int32,8
1774017365.0469897,/metrics/dbscan/right/points_in,std_msgs/msg/Int32,7419
1774017365.0471268,/metrics/dbscan/right/processing_ms,std_msgs/msg/Float32,84.82809448242188
1774017365.0587323,/metrics/dbscan/front/detections_count,std_msgs/msg/Int32,12
1774017365.0588663,/metrics/dbscan/front/points_in,std_msgs/msg/Int32,6083
1774017365.0589743,/metrics/dbscan/front/processing_ms,std_msgs/msg/Float32,75.00816345214844
1774017365.067338,/metrics/dbscan/left/detections_count,std_msgs/msg/Int32,11
1774017365.067457,/metrics/dbscan/left/points_in,std_msgs/msg/Int32,7680
1774017365.0675175,/metrics/dbscan/left/processing_ms,std_msgs/msg/Float32,85.7047348022461
1774017365.0952172,/metrics/dbscan/back/detections_count,std_msgs/msg/Int32,10
1774017365.095411,/metrics/dbscan/back/points_in,std_msgs/msg/Int32,4131
1774017365.0955071,/metrics/dbscan/back/processing_ms,std_msgs/msg/Float32,60.070411682128906
1774017365.1447742,/metrics/dbscan/right/detections_count,std_msgs/msg/Int32,9
1774017365.1449096,/metrics/dbscan/right/points_in,std_msgs/msg/Int32,7468
1774017365.144988,/metrics/dbscan/right/processing_ms,std_msgs/msg/Float32,82.81011962890625
1774017365.160764,/metrics/dbscan/front/detections_count,std_msgs/msg/Int32,12
1774017365.160966,/metrics/dbscan/front/points_in,std_msgs/msg/Int32,6151
1774017365.1610682,/metrics/dbscan/front/processing_ms,std_msgs/msg/Float32,74.75337219238281
1774017365.1620715,/metrics/dbscan/left/detections_count,std_msgs/msg/Int32,12
1774017365.1621535,/metrics/dbscan/left/points_in,std_msgs/msg/Int32,7668
1774017365.1622279,/metrics/dbscan/left/processing_ms,std_msgs/msg/Float32,81.8738784790039
1774017365.1964571,/metrics/dbscan/back/detections_count,std_msgs/msg/Int32,11
1774017365.196596,/metrics/dbscan/back/points_in,std_msgs/msg/Int32,4128
1774017365.196665,/metrics/dbscan/back/processing_ms,std_msgs/msg/Float32,61.51760482788086
1774017365.2464268,/metrics/dbscan/right/detections_count,std_msgs/msg/Int32,9
1774017365.2465749,/metrics/dbscan/right/points_in,std_msgs/msg/Int32,7424
1774017365.2466488,/metrics/dbscan/right/processing_ms,std_msgs/msg/Float32,83.30587005615234
1774017365.256389,/metrics/dbscan/front/detections_count,std_msgs/msg/Int32,13
1774017365.2565331,/metrics/dbscan/front/points_in,std_msgs/msg/Int32,6117
1774017365.2565968,/metrics/dbscan/front/processing_ms,std_msgs/msg/Float32,71.65760803222656
1774017365.261958,/metrics/dbscan/left/detections_count,std_msgs/msg/Int32,11
1774017365.2621138,/metrics/dbscan/left/points_in,std_msgs/msg/Int32,7666
1774017365.2621927,/metrics/dbscan/left/processing_ms,std_msgs/msg/Float32,82.28501892089844
1774017365.2979171,/metrics/dbscan/back/detections_count,std_msgs/msg/Int32,11
1774017365.298048,/metrics/dbscan/back/points_in,std_msgs/msg/Int32,4124
1774017365.2981164,/metrics/dbscan/back/processing_ms,std_msgs/msg/Float32,61.729576110839844
1774017365.3371801,/metrics/dbscan/right/detections_count,std_msgs/msg/Int32,10
1774017365.3373058,/metrics/dbscan/right/points_in,std_msgs/msg/Int32,7212
1774017365.3373694,/metrics/dbscan/right/processing_ms,std_msgs/msg/Float32,77.91322326660156
1774017365.3526242,/metrics/dbscan/front/detections_count,std_msgs/msg/Int32,12
1774017365.352746,/metrics/dbscan/front/points_in,std_msgs/msg/Int32,6092
1774017365.3528256,/metrics/dbscan/front/processing_ms,std_msgs/msg/Float32,66.71566009521484
1774017365.3633122,/metrics/dbscan/left/detections_count,std_msgs/msg/Int32,11
1774017365.363427,/metrics/dbscan/left/points_in,std_msgs/msg/Int32,7684
1774017365.363495,/metrics/dbscan/left/processing_ms,std_msgs/msg/Float32,83.2806625366211
1774017365.400269,/metrics/dbscan/back/detections_count,std_msgs/msg/Int32,9
1774017365.4004247,/metrics/dbscan/back/points_in,std_msgs/msg/Int32,4122
1774017365.4005044,/metrics/dbscan/back/processing_ms,std_msgs/msg/Float32,62.6201171875
1774017365.4368916,/metrics/dbscan/right/detections_count,std_msgs/msg/Int32,12
1774017365.4370542,/metrics/dbscan/right/points_in,std_msgs/msg/Int32,7139
1774017365.4371219,/metrics/dbscan/right/processing_ms,std_msgs/msg/Float32,76.56304931640625
1774017365.4555304,/metrics/dbscan/front/detections_count,std_msgs/msg/Int32,13
1774017365.4556873,/metrics/dbscan/front/points_in,std_msgs/msg/Int32,6176
1774017365.4557555,/metrics/dbscan/front/processing_ms,std_msgs/msg/Float32,72.34437561035156
1774017365.468226,/metrics/dbscan/left/detections_count,std_msgs/msg/Int32,12
1774017365.468346,/metrics/dbscan/left/points_in,std_msgs/msg/Int32,7681
1774017365.4684129,/metrics/dbscan/left/processing_ms,std_msgs/msg/Float32,86.36181640625
1774017365.5017939,/metrics/dbscan/back/detections_count,std_msgs/msg/Int32,10
1774017365.5019464,/metrics/dbscan/back/points_in,std_msgs/msg/Int32,4132
1774017365.5020328,/metrics/dbscan/back/processing_ms,std_msgs/msg/Float32,63.7761344909668
1774017365.5393724,/metrics/dbscan/right/detections_count,std_msgs/msg/Int32,11
1774017365.5395787,/metrics/dbscan/right/points_in,std_msgs/msg/Int32,7274
1774017365.539652,/metrics/dbscan/right/processing_ms,std_msgs/msg/Float32,78.47425079345703
1774017365.552936,/metrics/dbscan/front/detections_count,std_msgs/msg/Int32,12
1774017365.5530858,/metrics/dbscan/front/points_in,std_msgs/msg/Int32,6310
1774017365.5531604,/metrics/dbscan/front/processing_ms,std_msgs/msg/Float32,69.72077178955078
1774017365.5655494,/metrics/dbscan/left/detections_count,std_msgs/msg/Int32,11
1774017365.5656574,/metrics/dbscan/left/points_in,std_msgs/msg/Int32,7682
1774017365.5657122,/metrics/dbscan/left/processing_ms,std_msgs/msg/Float32,83.12220001220703
1774017365.6015792,/metrics/dbscan/back/detections_count,std_msgs/msg/Int32,10
1774017365.6017594,/metrics/dbscan/back/points_in,std_msgs/msg/Int32,4127
1774017365.6018872,/metrics/dbscan/back/processing_ms,std_msgs/msg/Float32,62.342071533203125
1774017365.6477902,/metrics/dbscan/right/detections_count,std_msgs/msg/Int32,12
1774017365.6479535,/metrics/dbscan/right/points_in,std_msgs/msg/Int32,7436
1774017365.6480846,/metrics/dbscan/right/processing_ms,std_msgs/msg/Float32,85.28313446044922
1774017365.657967,/metrics/dbscan/front/detections_count,std_msgs/msg/Int32,13
1774017365.6580946,/metrics/dbscan/front/points_in,std_msgs/msg/Int32,6424
1774017365.6581812,/metrics/dbscan/front/processing_ms,std_msgs/msg/Float32,73.77168273925781
1774017365.6641128,/metrics/dbscan/left/detections_count,std_msgs/msg/Int32,11
1774017365.6642537,/metrics/dbscan/left/points_in,std_msgs/msg/Int32,7676
1774017365.664349,/metrics/dbscan/left/processing_ms,std_msgs/msg/Float32,85.58683776855469
1774017365.699604,/metrics/dbscan/back/detections_count,std_msgs/msg/Int32,10
1774017365.6997263,/metrics/dbscan/back/points_in,std_msgs/msg/Int32,4126
1774017365.6997898,/metrics/dbscan/back/processing_ms,std_msgs/msg/Float32,64.8353042602539
1774017365.750078,/metrics/dbscan/right/detections_count,std_msgs/msg/Int32,11
1774017365.7502227,/metrics/dbscan/right/points_in,std_msgs/msg/Int32,7483
1774017365.7503219,/metrics/dbscan/right/processing_ms,std_msgs/msg/Float32,87.84915924072266
1774017365.7634726,/metrics/dbscan/front/detections_count,std_msgs/msg/Int32,11
1774017365.7636218,/metrics/dbscan/front/points_in,std_msgs/msg/Int32,6480
1774017365.763709,/metrics/dbscan/front/processing_ms,std_msgs/msg/Float32,78.20894622802734
1774017365.7721963,/metrics/dbscan/left/detections_count,std_msgs/msg/Int32,13
1774017365.7723722,/metrics/dbscan/left/points_in,std_msgs/msg/Int32,7687
1774017365.772458,/metrics/dbscan/left/processing_ms,std_msgs/msg/Float32,91.98838806152344
1774017365.801016,/metrics/dbscan/back/detections_count,std_msgs/msg/Int32,10
1774017365.8011525,/metrics/dbscan/back/points_in,std_msgs/msg/Int32,4117
1774017365.8012435,/metrics/dbscan/back/processing_ms,std_msgs/msg/Float32,65.83858489990234
1774017365.8585045,/metrics/dbscan/right/detections_count,std_msgs/msg/Int32,12
1774017365.858689,/metrics/dbscan/right/points_in,std_msgs/msg/Int32,7436
1774017365.8587754,/metrics/dbscan/right/processing_ms,std_msgs/msg/Float32,94.12847137451172
1774017365.8624492,/metrics/dbscan/front/detections_count,std_msgs/msg/Int32,13
1774017365.8625674,/metrics/dbscan/front/points_in,std_msgs/msg/Int32,6566
1774017365.8626344,/metrics/dbscan/front/processing_ms,std_msgs/msg/Float32,76.7305679321289
1774017365.868242,/metrics/dbscan/left/detections_count,std_msgs/msg/Int32,12
1774017365.8683538,/metrics/dbscan/left/points_in,std_msgs/msg/Int32,7679
1774017365.8684144,/metrics/dbscan/left/processing_ms,std_msgs/msg/Float32,87.75357055664062
1774017365.8989346,/metrics/dbscan/back/detections_count,std_msgs/msg/Int32,10
1774017365.8990915,/metrics/dbscan/back/points_in,std_msgs/msg/Int32,4116
1774017365.8991637,/metrics/dbscan/back/processing_ms,std_msgs/msg/Float32,63.797142028808594
1774017365.9444742,/metrics/dbscan/right/detections_count,std_msgs/msg/Int32,14
1774017365.944639,/metrics/dbscan/right/points_in,std_msgs/msg/Int32,7444
1774017365.9447076,/metrics/dbscan/right/processing_ms,std_msgs/msg/Float32,83.45939636230469
1774017365.9557707,/metrics/dbscan/front/detections_count,std_msgs/msg/Int32,13
1774017365.9559672,/metrics/dbscan/front/points_in,std_msgs/msg/Int32,6692
1774017365.9560616,/metrics/dbscan/front/processing_ms,std_msgs/msg/Float32,72.45893096923828
1774017365.9685276,/metrics/dbscan/left/detections_count,std_msgs/msg/Int32,12
1774017365.9686441,/metrics/dbscan/left/points_in,std_msgs/msg/Int32,7663
1774017365.968711,/metrics/dbscan/left/processing_ms,std_msgs/msg/Float32,86.93003845214844
1774017365.9972572,/metrics/dbscan/back/detections_count,std_msgs/msg/Int32,10
1774017365.997476,/metrics/dbscan/back/points_in,std_msgs/msg/Int32,4126
1774017365.9975867,/metrics/dbscan/back/processing_ms,std_msgs/msg/Float32,61.45596694946289
1774017366.0422695,/metrics/dbscan/right/detections_count,std_msgs/msg/Int32,12
1774017366.0424116,/metrics/dbscan/right/points_in,std_msgs/msg/Int32,7508
1774017366.042498,/metrics/dbscan/right/processing_ms,std_msgs/msg/Float32,81.86119079589844
1774017366.061037,/metrics/dbscan/front/detections_count,std_msgs/msg/Int32,12
1774017366.0611928,/metrics/dbscan/front/points_in,std_msgs/msg/Int32,6933
1774017366.0612874,/metrics/dbscan/front/processing_ms,std_msgs/msg/Float32,76.94295501708984
1774017366.0687084,/metrics/dbscan/left/detections_count,std_msgs/msg/Int32,11
1774017366.0689127,/metrics/dbscan/left/points_in,std_msgs/msg/Int32,7669
1774017366.069019,/metrics/dbscan/left/processing_ms,std_msgs/msg/Float32,85.13510131835938
1774017366.1032052,/metrics/dbscan/back/detections_count,std_msgs/msg/Int32,12
1774017366.1033623,/metrics/dbscan/back/points_in,std_msgs/msg/Int32,4133
1774017366.1034381,/metrics/dbscan/back/processing_ms,std_msgs/msg/Float32,65.50328063964844
1774017366.1453004,/metrics/dbscan/right/detections_count,std_msgs/msg/Int32,12
1774017366.1454268,/metrics/dbscan/right/points_in,std_msgs/msg/Int32,7620
1774017366.1454973,/metrics/dbscan/right/processing_ms,std_msgs/msg/Float32,83.98920440673828
1774017366.156669,/metrics/dbscan/front/detections_count,std_msgs/msg/Int32,12
1774017366.15679,/metrics/dbscan/front/points_in,std_msgs/msg/Int32,7197
1774017366.1568677,/metrics/dbscan/front/processing_ms,std_msgs/msg/Float32,72.60285186767578
1774017366.1626415,/metrics/dbscan/left/detections_count,std_msgs/msg/Int32,11
1774017366.1627822,/metrics/dbscan/left/points_in,std_msgs/msg/Int32,7695
1774017366.1628494,/metrics/dbscan/left/processing_ms,std_msgs/msg/Float32,83.90547943115234
1774017366.1999793,/metrics/dbscan/back/detections_count,std_msgs/msg/Int32,10
1774017366.2000968,/metrics/dbscan/back/points_in,std_msgs/msg/Int32,4123
1774017366.200167,/metrics/dbscan/back/processing_ms,std_msgs/msg/Float32,60.88335418701172
1774017366.240479,/metrics/dbscan/right/detections_count,std_msgs/msg/Int32,11
1774017366.2406595,/metrics/dbscan/right/points_in,std_msgs/msg/Int32,7623
1774017366.240782,/metrics/dbscan/right/processing_ms,std_msgs/msg/Float32,78.51647186279297
1774017366.2585623,/metrics/dbscan/front/detections_count,std_msgs/msg/Int32,12
1774017366.2587063,/metrics/dbscan/front/points_in,std_msgs/msg/Int32,7283
1774017366.2587872,/metrics/dbscan/front/processing_ms,std_msgs/msg/Float32,73.82237243652344
1774017366.2609642,/metrics/dbscan/left/detections_count,std_msgs/msg/Int32,11
1774017366.2611077,/metrics/dbscan/left/points_in,std_msgs/msg/Int32,7697
1774017366.261214,/metrics/dbscan/left/processing_ms,std_msgs/msg/Float32,81.28755950927734
1774017366.2934017,/metrics/dbscan/back/detections_count,std_msgs/msg/Int32,11
1774017366.2935708,/metrics/dbscan/back/points_in,std_msgs/msg/Int32,4124
1774017366.293667,/metrics/dbscan/back/processing_ms,std_msgs/msg/Float32,59.264400482177734
1774017366.337857,/metrics/dbscan/right/detections_count,std_msgs/msg/Int32,11
1774017366.3380115,/metrics/dbscan/right/points_in,std_msgs/msg/Int32,7461
1774017366.3380802,/metrics/dbscan/right/processing_ms,std_msgs/msg/Float32,75.92394256591797
1774017366.3571157,/metrics/dbscan/front/detections_count,std_msgs/msg/Int32,11
1774017366.3573127,/metrics/dbscan/front/points_in,std_msgs/msg/Int32,7297
1774017366.3574073,/metrics/dbscan/front/processing_ms,std_msgs/msg/Float32,71.59745788574219
1774017366.3630788,/metrics/dbscan/left/detections_count,std_msgs/msg/Int32,11
1774017366.3631923,/metrics/dbscan/left/points_in,std_msgs/msg/Int32,7685
1774017366.363263,/metrics/dbscan/left/processing_ms,std_msgs/msg/Float32,82.62492370605469
1774017366.3992972,/metrics/dbscan/back/detections_count,std_msgs/msg/Int32,11
1774017366.3994346,/metrics/dbscan/back/points_in,std_msgs/msg/Int32,4109
1774017366.3995202,/metrics/dbscan/back/processing_ms,std_msgs/msg/Float32,63.85279846191406
1774017366.4409382,/metrics/dbscan/right/detections_count,std_msgs/msg/Int32,10
1774017366.441139,/metrics/dbscan/right/points_in,std_msgs/msg/Int32,7379
1774017366.4412382,/metrics/dbscan/right/processing_ms,std_msgs/msg/Float32,81.08070373535156
1774017366.4637942,/metrics/dbscan/left/detections_count,std_msgs/msg/Int32,12
1774017366.4639597,/metrics/dbscan/left/points_in,std_msgs/msg/Int32,7689
1774017366.4640648,/metrics/dbscan/left/processing_ms,std_msgs/msg/Float32,82.87455749511719
1774017366.4663699,/metrics/dbscan/front/detections_count,std_msgs/msg/Int32,12
1774017366.466488,/metrics/dbscan/front/points_in,std_msgs/msg/Int32,7319
1774017366.466611,/metrics/dbscan/front/processing_ms,std_msgs/msg/Float32,80.0733871459961
1774017366.5018117,/metrics/dbscan/back/detections_count,std_msgs/msg/Int32,11
1774017366.501987,/metrics/dbscan/back/points_in,std_msgs/msg/Int32,4121
1774017366.5020835,/metrics/dbscan/back/processing_ms,std_msgs/msg/Float32,65.89627838134766
1774017366.5433645,/metrics/dbscan/right/detections_count,std_msgs/msg/Int32,9
1774017366.5434783,/metrics/dbscan/right/points_in,std_msgs/msg/Int32,7366
1774017366.5435379,/metrics/dbscan/right/processing_ms,std_msgs/msg/Float32,83.48407745361328
1774017366.5619493,/metrics/dbscan/front/detections_count,std_msgs/msg/Int32,13
1774017366.562099,/metrics/dbscan/front/points_in,std_msgs/msg/Int32,7256
1774017366.5622087,/metrics/dbscan/front/processing_ms,std_msgs/msg/Float32,78.1543197631836
1774017366.5672467,/metrics/dbscan/left/detections_count,std_msgs/msg/Int32,11
1774017366.5673923,/metrics/dbscan/left/points_in,std_msgs/msg/Int32,7689
1774017366.5675108,/metrics/dbscan/left/processing_ms,std_msgs/msg/Float32,85.22244262695312
1774017366.6021717,/metrics/dbscan/back/detections_count,std_msgs/msg/Int32,11
1774017366.6023345,/metrics/dbscan/back/points_in,std_msgs/msg/Int32,4120
1774017366.6024013,/metrics/dbscan/back/processing_ms,std_msgs/msg/Float32,65.25642395019531
1774017366.6487184,/metrics/dbscan/right/detections_count,std_msgs/msg/Int32,10
1774017366.6488442,/metrics/dbscan/right/points_in,std_msgs/msg/Int32,7397
1774017366.648931,/metrics/dbscan/right/processing_ms,std_msgs/msg/Float32,86.72783660888672
1774017366.6601987,/metrics/dbscan/front/detections_count,std_msgs/msg/Int32,12
1774017366.6604507,/metrics/dbscan/front/points_in,std_msgs/msg/Int32,7160
1774017366.6605544,/metrics/dbscan/front/processing_ms,std_msgs/msg/Float32,75.86524963378906
1774017366.6661575,/metrics/dbscan/left/detections_count,std_msgs/msg/Int32,11
1774017366.6662972,/metrics/dbscan/left/points_in,std_msgs/msg/Int32,7688
1774017366.6663706,/metrics/dbscan/left/processing_ms,std_msgs/msg/Float32,87.0741195678711
1774017366.7003336,/metrics/dbscan/back/detections_count,std_msgs/msg/Int32,9
1774017366.7005076,/metrics/dbscan/back/points_in,std_msgs/msg/Int32,4117
1774017366.7006123,/metrics/dbscan/back/processing_ms,std_msgs/msg/Float32,62.531341552734375
1774017366.7459292,/metrics/dbscan/right/detections_count,std_msgs/msg/Int32,11
1774017366.746056,/metrics/dbscan/right/points_in,std_msgs/msg/Int32,7494
1774017366.7461286,/metrics/dbscan/right/processing_ms,std_msgs/msg/Float32,84.28170776367188
1774017366.76548,/metrics/dbscan/front/detections_count,std_msgs/msg/Int32,10
1774017366.7656674,/metrics/dbscan/front/points_in,std_msgs/msg/Int32,7062
1774017366.7657816,/metrics/dbscan/front/processing_ms,std_msgs/msg/Float32,79.32872009277344
1774017366.7673635,/metrics/dbscan/left/detections_count,std_msgs/msg/Int32,12
1774017366.7674778,/metrics/dbscan/left/points_in,std_msgs/msg/Int32,7682
1774017366.7675722,/metrics/dbscan/left/processing_ms,std_msgs/msg/Float32,86.92069244384766
1774017366.806866,/metrics/dbscan/back/detections_count,std_msgs/msg/Int32,10
1774017366.8070664,/metrics/dbscan/back/points_in,std_msgs/msg/Int32,4132
1774017366.8071616,/metrics/dbscan/back/processing_ms,std_msgs/msg/Float32,68.68801879882812
1774017366.8514128,/metrics/dbscan/right/detections_count,std_msgs/msg/Int32,10
1774017366.8515666,/metrics/dbscan/right/processing_ms,std_msgs/msg/Float32,88.52508544921875
1774017366.8522148,/metrics/dbscan/right/points_in,std_msgs/msg/Int32,7522
1774017366.866375,/metrics/dbscan/left/detections_count,std_msgs/msg/Int32,11
1774017366.8666,/metrics/dbscan/left/points_in,std_msgs/msg/Int32,7688
1774017366.8667116,/metrics/dbscan/left/processing_ms,std_msgs/msg/Float32,86.22660064697266
1774017366.8685348,/metrics/dbscan/front/detections_count,std_msgs/msg/Int32,12
1774017366.8686366,/metrics/dbscan/front/points_in,std_msgs/msg/Int32,7009
1774017366.8687198,/metrics/dbscan/front/processing_ms,std_msgs/msg/Float32,83.04671478271484
1774017366.9003973,/metrics/dbscan/back/detections_count,std_msgs/msg/Int32,10
1774017366.9005332,/metrics/dbscan/back/points_in,std_msgs/msg/Int32,4108
1774017366.900609,/metrics/dbscan/back/processing_ms,std_msgs/msg/Float32,66.2700424194336
1774017366.9499598,/metrics/dbscan/right/detections_count,std_msgs/msg/Int32,10
1774017366.950133,/metrics/dbscan/right/points_in,std_msgs/msg/Int32,7522
1774017366.9502325,/metrics/dbscan/right/processing_ms,std_msgs/msg/Float32,86.65054321289062
1774017366.9634295,/metrics/dbscan/front/detections_count,std_msgs/msg/Int32,12
1774017366.9635565,/metrics/dbscan/front/points_in,std_msgs/msg/Int32,6911
1774017366.9636312,/metrics/dbscan/front/processing_ms,std_msgs/msg/Float32,76.90511322021484
1774017366.9697313,/metrics/dbscan/left/detections_count,std_msgs/msg/Int32,12
1774017366.9699006,/metrics/dbscan/left/points_in,std_msgs/msg/Int32,7680
1774017366.9700027,/metrics/dbscan/left/processing_ms,std_msgs/msg/Float32,88.20057678222656
1774017367.0085247,/metrics/dbscan/back/detections_count,std_msgs/msg/Int32,11
1774017367.0086744,/metrics/dbscan/back/points_in,std_msgs/msg/Int32,4117
1774017367.008782,/metrics/dbscan/back/processing_ms,std_msgs/msg/Float32,72.48870849609375
1774017367.0469377,/metrics/dbscan/right/detections_count,std_msgs/msg/Int32,10
1774017367.0471063,/metrics/dbscan/right/points_in,std_msgs/msg/Int32,7477
1774017367.0471878,/metrics/dbscan/right/processing_ms,std_msgs/msg/Float32,86.40383911132812
1774017367.062593,/metrics/dbscan/front/detections_count,std_msgs/msg/Int32,13
1774017367.0627425,/metrics/dbscan/front/points_in,std_msgs/msg/Int32,6784
1774017367.0628107,/metrics/dbscan/front/processing_ms,std_msgs/msg/Float32,79.05809783935547
1774017367.0697682,/metrics/dbscan/left/detections_count,std_msgs/msg/Int32,11
1774017367.0700212,/metrics/dbscan/left/points_in,std_msgs/msg/Int32,7689
1774017367.0700986,/metrics/dbscan/left/processing_ms,std_msgs/msg/Float32,87.22654724121094
1774017367.1048563,/metrics/dbscan/back/detections_count,std_msgs/msg/Int32,10
1774017367.1050315,/metrics/dbscan/back/points_in,std_msgs/msg/Int32,4126
1774017367.1051135,/metrics/dbscan/back/processing_ms,std_msgs/msg/Float32,67.19034576416016
1774017367.143986,/metrics/dbscan/right/detections_count,std_msgs/msg/Int32,10
1774017367.1441298,/metrics/dbscan/right/points_in,std_msgs/msg/Int32,7460
1774017367.144202,/metrics/dbscan/right/processing_ms,std_msgs/msg/Float32,83.74779510498047
1774017367.161199,/metrics/dbscan/front/detections_count,std_msgs/msg/Int32,11
1774017367.161327,/metrics/dbscan/front/points_in,std_msgs/msg/Int32,6828
1774017367.1613867,/metrics/dbscan/front/processing_ms,std_msgs/msg/Float32,77.03009796142578
1774017367.1684117,/metrics/dbscan/left/detections_count,std_msgs/msg/Int32,11
1774017367.1685352,/metrics/dbscan/left/points_in,std_msgs/msg/Int32,7696
1774017367.1686077,/metrics/dbscan/left/processing_ms,std_msgs/msg/Float32,89.30223083496094
1774017367.2001166,/metrics/dbscan/back/detections_count,std_msgs/msg/Int32,10
1774017367.2002463,/metrics/dbscan/back/points_in,std_msgs/msg/Int32,4126
1774017367.2003195,/metrics/dbscan/back/processing_ms,std_msgs/msg/Float32,63.131248474121094
1774017367.244901,/metrics/dbscan/right/detections_count,std_msgs/msg/Int32,10
1774017367.2450905,/metrics/dbscan/right/points_in,std_msgs/msg/Int32,7462
1774017367.2451737,/metrics/dbscan/right/processing_ms,std_msgs/msg/Float32,83.0902099609375
1774017367.2559743,/metrics/dbscan/front/detections_count,std_msgs/msg/Int32,11
1774017367.2561116,/metrics/dbscan/front/points_in,std_msgs/msg/Int32,6923
1774017367.2561731,/metrics/dbscan/front/processing_ms,std_msgs/msg/Float32,71.09830474853516
1774017367.260296,/metrics/dbscan/left/detections_count,std_msgs/msg/Int32,11
1774017367.2603893,/metrics/dbscan/left/points_in,std_msgs/msg/Int32,7685
1774017367.2604542,/metrics/dbscan/left/processing_ms,std_msgs/msg/Float32,80.56456756591797
1774017367.2970104,/metrics/dbscan/back/detections_count,std_msgs/msg/Int32,10
1774017367.2971377,/metrics/dbscan/back/points_in,std_msgs/msg/Int32,4127
1774017367.2972226,/metrics/dbscan/back/processing_ms,std_msgs/msg/Float32,59.14639663696289
1774017367.344607,/metrics/dbscan/right/detections_count,std_msgs/msg/Int32,10
1774017367.3447366,/metrics/dbscan/right/points_in,std_msgs/msg/Int32,7438
1774017367.3448112,/metrics/dbscan/right/processing_ms,std_msgs/msg/Float32,82.6096420288086
1774017367.3552456,/metrics/dbscan/front/detections_count,std_msgs/msg/Int32,13
1774017367.3554084,/metrics/dbscan/front/points_in,std_msgs/msg/Int32,6967
1774017367.355475,/metrics/dbscan/front/processing_ms,std_msgs/msg/Float32,69.88518524169922
1774017367.3607602,/metrics/dbscan/left/detections_count,std_msgs/msg/Int32,13
1774017367.3609571,/metrics/dbscan/left/points_in,std_msgs/msg/Int32,7736
1774017367.361042,/metrics/dbscan/left/processing_ms,std_msgs/msg/Float32,80.16807556152344
1774017367.4008617,/metrics/dbscan/back/detections_count,std_msgs/msg/Int32,9
1774017367.4010634,/metrics/dbscan/back/points_in,std_msgs/msg/Int32,4118
1774017367.4011376,/metrics/dbscan/back/processing_ms,std_msgs/msg/Float32,61.35346603393555
1774017367.4523144,/metrics/dbscan/right/detections_count,std_msgs/msg/Int32,10
1774017367.4524581,/metrics/dbscan/right/points_in,std_msgs/msg/Int32,7446
1774017367.4525425,/metrics/dbscan/right/processing_ms,std_msgs/msg/Float32,88.6290054321289
1774017367.4639375,/metrics/dbscan/front/detections_count,std_msgs/msg/Int32,12
1774017367.464129,/metrics/dbscan/front/points_in,std_msgs/msg/Int32,7046
1774017367.4642725,/metrics/dbscan/front/processing_ms,std_msgs/msg/Float32,77.29840087890625
1774017367.4689307,/metrics/dbscan/left/detections_count,std_msgs/msg/Int32,12
1774017367.4690619,/metrics/dbscan/left/points_in,std_msgs/msg/Int32,7809
1774017367.469131,/metrics/dbscan/left/processing_ms,std_msgs/msg/Float32,88.07096099853516
1774017367.500776,/metrics/dbscan/back/detections_count,std_msgs/msg/Int32,10
1774017367.5009136,/metrics/dbscan/back/points_in,std_msgs/msg/Int32,4119
1774017367.50099,/metrics/dbscan/back/processing_ms,std_msgs/msg/Float32,66.21172332763672
1774017367.5422282,/metrics/dbscan/right/detections_count,std_msgs/msg/Int32,10
1774017367.5423665,/metrics/dbscan/right/points_in,std_msgs/msg/Int32,7402
1774017367.5424361,/metrics/dbscan/right/processing_ms,std_msgs/msg/Float32,83.24488067626953
1774017367.5640569,/metrics/dbscan/front/detections_count,std_msgs/msg/Int32,11
1774017367.5641673,/metrics/dbscan/front/points_in,std_msgs/msg/Int32,7124
1774017367.564228,/metrics/dbscan/front/processing_ms,std_msgs/msg/Float32,79.78150177001953
1774017367.5764246,/metrics/dbscan/left/detections_count,std_msgs/msg/Int32,11
1774017367.5765913,/metrics/dbscan/left/points_in,std_msgs/msg/Int32,7948
1774017367.5766945,/metrics/dbscan/left/processing_ms,std_msgs/msg/Float32,93.41584014892578
1774017367.6092718,/metrics/dbscan/back/detections_count,std_msgs/msg/Int32,10
1774017367.6094224,/metrics/dbscan/back/points_in,std_msgs/msg/Int32,4132
1774017367.6095023,/metrics/dbscan/back/processing_ms,std_msgs/msg/Float32,74.19078063964844
1774017367.6467235,/metrics/dbscan/right/detections_count,std_msgs/msg/Int32,9
1774017367.6468546,/metrics/dbscan/right/points_in,std_msgs/msg/Int32,7400
1774017367.6469734,/metrics/dbscan/right/processing_ms,std_msgs/msg/Float32,86.72940826416016
1774017367.6677232,/metrics/dbscan/front/detections_count,std_msgs/msg/Int32,12
1774017367.6679454,/metrics/dbscan/front/points_in,std_msgs/msg/Int32,7143
1774017367.6680417,/metrics/dbscan/front/processing_ms,std_msgs/msg/Float32,83.6126708984375
1774017367.6684904,/metrics/dbscan/left/detections_count,std_msgs/msg/Int32,11
1774017367.6685832,/metrics/dbscan/left/points_in,std_msgs/msg/Int32,8165
1774017367.6686647,/metrics/dbscan/left/processing_ms,std_msgs/msg/Float32,88.87056732177734
1774017367.7017267,/metrics/dbscan/back/detections_count,std_msgs/msg/Int32,10
1774017367.7018511,/metrics/dbscan/back/points_in,std_msgs/msg/Int32,4121
1774017367.701928,/metrics/dbscan/back/processing_ms,std_msgs/msg/Float32,65.56552124023438
1774017367.7513359,/metrics/dbscan/right/detections_count,std_msgs/msg/Int32,10
1774017367.7514517,/metrics/dbscan/right/points_in,std_msgs/msg/Int32,7393
1774017367.7515144,/metrics/dbscan/right/processing_ms,std_msgs/msg/Float32,90.79075622558594
1774017367.7717865,/metrics/dbscan/left/detections_count,std_msgs/msg/Int32,11
1774017367.7719631,/metrics/dbscan/left/points_in,std_msgs/msg/Int32,8422
1774017367.7720525,/metrics/dbscan/left/processing_ms,std_msgs/msg/Float32,92.01817321777344
1774017367.7789874,/metrics/dbscan/front/detections_count,std_msgs/msg/Int32,13
1774017367.7791471,/metrics/dbscan/front/points_in,std_msgs/msg/Int32,7164
1774017367.7792401,/metrics/dbscan/front/processing_ms,std_msgs/msg/Float32,93.97413635253906
1774017367.806246,/metrics/dbscan/back/detections_count,std_msgs/msg/Int32,9
1774017367.8063996,/metrics/dbscan/back/points_in,std_msgs/msg/Int32,4135
1774017367.8064666,/metrics/dbscan/back/processing_ms,std_msgs/msg/Float32,68.50321197509766
1774017367.8478022,/metrics/dbscan/right/detections_count,std_msgs/msg/Int32,10
1774017367.847939,/metrics/dbscan/right/points_in,std_msgs/msg/Int32,7343
1774017367.8480072,/metrics/dbscan/right/processing_ms,std_msgs/msg/Float32,84.93769073486328
1774017367.8669877,/metrics/dbscan/front/detections_count,std_msgs/msg/Int32,11
1774017367.867102,/metrics/dbscan/front/points_in,std_msgs/msg/Int32,7210
1774017367.8671649,/metrics/dbscan/front/processing_ms,std_msgs/msg/Float32,80.91316986083984
1774017367.8742485,/metrics/dbscan/left/detections_count,std_msgs/msg/Int32,12
1774017367.874447,/metrics/dbscan/left/points_in,std_msgs/msg/Int32,8720
1774017367.8745413,/metrics/dbscan/left/processing_ms,std_msgs/msg/Float32,93.06285858154297
1774017367.9025805,/metrics/dbscan/back/detections_count,std_msgs/msg/Int32,10
1774017367.9027474,/metrics/dbscan/back/points_in,std_msgs/msg/Int32,4108
1774017367.9028282,/metrics/dbscan/back/processing_ms,std_msgs/msg/Float32,64.62799835205078
1774017367.9484808,/metrics/dbscan/right/detections_count,std_msgs/msg/Int32,10
1774017367.9485934,/metrics/dbscan/right/points_in,std_msgs/msg/Int32,7218
1774017367.9486535,/metrics/dbscan/right/processing_ms,std_msgs/msg/Float32,86.75148010253906
1774017367.967763,/metrics/dbscan/front/detections_count,std_msgs/msg/Int32,11
1774017367.9678874,/metrics/dbscan/front/points_in,std_msgs/msg/Int32,7302
1774017367.9679615,/metrics/dbscan/front/processing_ms,std_msgs/msg/Float32,81.43806457519531
1774017367.9791577,/metrics/dbscan/left/detections_count,std_msgs/msg/Int32,12
1774017367.9792812,/metrics/dbscan/left/points_in,std_msgs/msg/Int32,8925
1774017367.9793422,/metrics/dbscan/left/processing_ms,std_msgs/msg/Float32,97.21701049804688
1774017368.0081358,/metrics/dbscan/back/detections_count,std_msgs/msg/Int32,10
1774017368.0082774,/metrics/dbscan/back/points_in,std_msgs/msg/Int32,4115
1774017368.008384,/metrics/dbscan/back/processing_ms,std_msgs/msg/Float32,68.595458984375
1774017368.0543058,/metrics/dbscan/right/detections_count,std_msgs/msg/Int32,10
1774017368.0544593,/metrics/dbscan/right/points_in,std_msgs/msg/Int32,7082
1774017368.0545328,/metrics/dbscan/right/processing_ms,std_msgs/msg/Float32,91.73736572265625
1774017368.0639496,/metrics/dbscan/front/detections_count,std_msgs/msg/Int32,12
1774017368.0640771,/metrics/dbscan/front/points_in,std_msgs/msg/Int32,7564
1774017368.0641532,/metrics/dbscan/front/processing_ms,std_msgs/msg/Float32,81.02486419677734
1774017368.0817971,/metrics/dbscan/left/detections_count,std_msgs/msg/Int32,12
1774017368.081951,/metrics/dbscan/left/points_in,std_msgs/msg/Int32,9101
1774017368.082054,/metrics/dbscan/left/processing_ms,std_msgs/msg/Float32,99.45568084716797
1774017368.1000054,/metrics/dbscan/back/detections_count,std_msgs/msg/Int32,9
1774017368.1001394,/metrics/dbscan/back/points_in,std_msgs/msg/Int32,4112
1774017368.1002133,/metrics/dbscan/back/processing_ms,std_msgs/msg/Float32,64.6965103149414
1774017368.1448004,/metrics/dbscan/right/detections_count,std_msgs/msg/Int32,10
1774017368.1449478,/metrics/dbscan/right/points_in,std_msgs/msg/Int32,6993
1774017368.1450236,/metrics/dbscan/right/processing_ms,std_msgs/msg/Float32,85.86456298828125
1774017368.162114,/metrics/dbscan/front/detections_count,std_msgs/msg/Int32,12
1774017368.1622515,/metrics/dbscan/front/points_in,std_msgs/msg/Int32,7721
1774017368.1623454,/metrics/dbscan/front/processing_ms,std_msgs/msg/Float32,77.49549102783203
1774017368.1709807,/metrics/dbscan/left/detections_count,std_msgs/msg/Int32,13
1774017368.1711626,/metrics/dbscan/left/points_in,std_msgs/msg/Int32,9177
1774017368.171275,/metrics/dbscan/left/processing_ms,std_msgs/msg/Float32,87.34610748291016
1774017368.1937115,/metrics/dbscan/back/detections_count,std_msgs/msg/Int32,11
1774017368.1938627,/metrics/dbscan/back/points_in,std_msgs/msg/Int32,4123
1774017368.193964,/metrics/dbscan/back/processing_ms,std_msgs/msg/Float32,58.44481658935547
1774017368.2457697,/metrics/dbscan/right/detections_count,std_msgs/msg/Int32,9
1774017368.2459064,/metrics/dbscan/right/points_in,std_msgs/msg/Int32,6959
1774017368.2459867,/metrics/dbscan/right/processing_ms,std_msgs/msg/Float32,84.79325103759766
1774017368.2613754,/metrics/dbscan/front/detections_count,std_msgs/msg/Int32,12
1774017368.2614932,/metrics/dbscan/front/points_in,std_msgs/msg/Int32,7786
1774017368.261559,/metrics/dbscan/front/processing_ms,std_msgs/msg/Float32,75.82283020019531
1774017368.2666097,/metrics/dbscan/left/detections_count,std_msgs/msg/Int32,12
1774017368.266707,/metrics/dbscan/left/points_in,std_msgs/msg/Int32,9173
1774017368.2667735,/metrics/dbscan/left/processing_ms,std_msgs/msg/Float32,86.4592514038086
1774017368.299126,/metrics/dbscan/back/detections_count,std_msgs/msg/Int32,10
1774017368.2992723,/metrics/dbscan/back/points_in,std_msgs/msg/Int32,4117
1774017368.2993476,/metrics/dbscan/back/processing_ms,std_msgs/msg/Float32,63.714637756347656
1774017368.3422835,/metrics/dbscan/right/detections_count,std_msgs/msg/Int32,9
1774017368.3424327,/metrics/dbscan/right/points_in,std_msgs/msg/Int32,6902
1774017368.342522,/metrics/dbscan/right/processing_ms,std_msgs/msg/Float32,81.32713317871094
1774017368.3636756,/metrics/dbscan/front/detections_count,std_msgs/msg/Int32,12
1774017368.363807,/metrics/dbscan/front/points_in,std_msgs/msg/Int32,7572
1774017368.3638773,/metrics/dbscan/front/processing_ms,std_msgs/msg/Float32,76.93199157714844
1774017368.3717086,/metrics/dbscan/left/detections_count,std_msgs/msg/Int32,11
1774017368.3718498,/metrics/dbscan/left/points_in,std_msgs/msg/Int32,9116
1774017368.3719614,/metrics/dbscan/left/processing_ms,std_msgs/msg/Float32,89.90753936767578
1774017368.399939,/metrics/dbscan/back/detections_count,std_msgs/msg/Int32,10
1774017368.4000833,/metrics/dbscan/back/points_in,std_msgs/msg/Int32,4117
1774017368.400172,/metrics/dbscan/back/processing_ms,std_msgs/msg/Float32,62.75346374511719
1774017368.4694815,/metrics/dbscan/right/detections_count,std_msgs/msg/Int32,10
1774017368.4696686,/metrics/dbscan/right/points_in,std_msgs/msg/Int32,6844
1774017368.4697914,/metrics/dbscan/right/processing_ms,std_msgs/msg/Float32,106.16913604736328
1774017368.5084834,/metrics/dbscan/front/detections_count,std_msgs/msg/Int32,12
1774017368.5086224,/metrics/dbscan/front/points_in,std_msgs/msg/Int32,7222
1774017368.508718,/metrics/dbscan/front/processing_ms,std_msgs/msg/Float32,121.80442810058594
1774017368.5227602,/metrics/dbscan/left/detections_count,std_msgs/msg/Int32,11
1774017368.5230465,/metrics/dbscan/left/points_in,std_msgs/msg/Int32,9004
1774017368.5231612,/metrics/dbscan/left/processing_ms,std_msgs/msg/Float32,140.7848663330078
1774017368.5399785,/metrics/dbscan/back/detections_count,std_msgs/msg/Int32,10
1774017368.5401711,/metrics/dbscan/back/points_in,std_msgs/msg/Int32,4108
1774017368.5402849,/metrics/dbscan/back/processing_ms,std_msgs/msg/Float32,101.53450775146484
1774017368.5755455,/metrics/dbscan/right/detections_count,std_msgs/msg/Int32,10
1774017368.5757277,/metrics/dbscan/right/points_in,std_msgs/msg/Int32,6817
1774017368.575818,/metrics/dbscan/right/processing_ms,std_msgs/msg/Float32,105.83404541015625
1774017368.6005409,/metrics/dbscan/front/detections_count,std_msgs/msg/Int32,12
1774017368.6006858,/metrics/dbscan/front/points_in,std_msgs/msg/Int32,6833
1774017368.6007638,/metrics/dbscan/front/processing_ms,std_msgs/msg/Float32,90.50934600830078
1774017368.6115644,/metrics/dbscan/back/detections_count,std_msgs/msg/Int32,10
1774017368.6117196,/metrics/dbscan/back/points_in,std_msgs/msg/Int32,4125
1774017368.6117861,/metrics/dbscan/back/processing_ms,std_msgs/msg/Float32,69.10758209228516
1774017368.6210947,/metrics/dbscan/left/detections_count,std_msgs/msg/Int32,12
1774017368.6212149,/metrics/dbscan/left/points_in,std_msgs/msg/Int32,8724
1774017368.6212957,/metrics/dbscan/left/processing_ms,std_msgs/msg/Float32,94.96903991699219
1774017368.670144,/metrics/dbscan/right/detections_count,std_msgs/msg/Int32,9
1774017368.6703613,/metrics/dbscan/right/points_in,std_msgs/msg/Int32,6810
1774017368.6704502,/metrics/dbscan/right/processing_ms,std_msgs/msg/Float32,92.48246765136719
1774017368.6780057,/metrics/dbscan/front/detections_count,std_msgs/msg/Int32,13
1774017368.67816,/metrics/dbscan/front/points_in,std_msgs/msg/Int32,6645
1774017368.6782672,/metrics/dbscan/front/processing_ms,std_msgs/msg/Float32,75.53520965576172
1774017368.7061338,/metrics/dbscan/back/detections_count,std_msgs/msg/Int32,10
1774017368.7062938,/metrics/dbscan/back/points_in,std_msgs/msg/Int32,4109
1774017368.706391,/metrics/dbscan/back/processing_ms,std_msgs/msg/Float32,70.62487030029297
1774017368.7171414,/metrics/dbscan/left/detections_count,std_msgs/msg/Int32,12
1774017368.7172635,/metrics/dbscan/left/points_in,std_msgs/msg/Int32,8598
1774017368.7173276,/metrics/dbscan/left/processing_ms,std_msgs/msg/Float32,94.36331939697266
1774017368.760064,/metrics/dbscan/right/detections_count,std_msgs/msg/Int32,10
1774017368.7602718,/metrics/dbscan/right/points_in,std_msgs/msg/Int32,6830
1774017368.7603776,/metrics/dbscan/right/processing_ms,std_msgs/msg/Float32,87.7557373046875
1774017368.7694645,/metrics/dbscan/front/detections_count,std_msgs/msg/Int32,14
1774017368.7696016,/metrics/dbscan/front/points_in,std_msgs/msg/Int32,6593
1774017368.7696712,/metrics/dbscan/front/processing_ms,std_msgs/msg/Float32,84.4204330444336
1774017368.801095,/metrics/dbscan/back/detections_count,std_msgs/msg/Int32,11
1774017368.8012977,/metrics/dbscan/back/points_in,std_msgs/msg/Int32,4126
1774017368.8013818,/metrics/dbscan/back/processing_ms,std_msgs/msg/Float32,66.14901733398438
1774017368.8138247,/metrics/dbscan/left/detections_count,std_msgs/msg/Int32,12
1774017368.81397,/metrics/dbscan/left/points_in,std_msgs/msg/Int32,8585
1774017368.814042,/metrics/dbscan/left/processing_ms,std_msgs/msg/Float32,95.1200942993164
1774017368.849756,/metrics/dbscan/right/detections_count,std_msgs/msg/Int32,10
1774017368.8498924,/metrics/dbscan/right/points_in,std_msgs/msg/Int32,6873
1774017368.8499725,/metrics/dbscan/right/processing_ms,std_msgs/msg/Float32,87.79934692382812
1774017368.8625472,/metrics/dbscan/front/detections_count,std_msgs/msg/Int32,13
1774017368.862667,/metrics/dbscan/front/points_in,std_msgs/msg/Int32,6720
1774017368.8627515,/metrics/dbscan/front/processing_ms,std_msgs/msg/Float32,77.12960052490234
1774017368.9004047,/metrics/dbscan/back/detections_count,std_msgs/msg/Int32,10
1774017368.90059,/metrics/dbscan/back/points_in,std_msgs/msg/Int32,4126
1774017368.9006822,/metrics/dbscan/back/processing_ms,std_msgs/msg/Float32,63.94837951660156
1774017368.911759,/metrics/dbscan/left/detections_count,std_msgs/msg/Int32,11
1774017368.9119363,/metrics/dbscan/left/points_in,std_msgs/msg/Int32,8678
1774017368.9120157,/metrics/dbscan/left/processing_ms,std_msgs/msg/Float32,96.6587142944336
1774017368.9481654,/metrics/dbscan/right/detections_count,std_msgs/msg/Int32,11
1774017368.9482877,/metrics/dbscan/right/points_in,std_msgs/msg/Int32,6963
1774017368.948361,/metrics/dbscan/right/processing_ms,std_msgs/msg/Float32,86.86823272705078
1774017368.9626608,/metrics/dbscan/front/detections_count,std_msgs/msg/Int32,12
1774017368.9629076,/metrics/dbscan/front/points_in,std_msgs/msg/Int32,6822
1774017368.963013,/metrics/dbscan/front/processing_ms,std_msgs/msg/Float32,76.39800262451172
1774017369.001776,/metrics/dbscan/back/detections_count,std_msgs/msg/Int32,10
1774017369.001961,/metrics/dbscan/back/points_in,std_msgs/msg/Int32,4127
1774017369.0020506,/metrics/dbscan/back/processing_ms,std_msgs/msg/Float32,65.14514923095703
1774017369.0098307,/metrics/dbscan/left/detections_count,std_msgs/msg/Int32,11
1774017369.0099761,/metrics/dbscan/left/points_in,std_msgs/msg/Int32,8790
1774017369.0100753,/metrics/dbscan/left/processing_ms,std_msgs/msg/Float32,96.45686340332031
1774017369.0524826,/metrics/dbscan/right/detections_count,std_msgs/msg/Int32,10
1774017369.0527182,/metrics/dbscan/right/points_in,std_msgs/msg/Int32,7077
1774017369.052887,/metrics/dbscan/right/processing_ms,std_msgs/msg/Float32,89.10906219482422
1774017369.0622556,/metrics/dbscan/front/detections_count,std_msgs/msg/Int32,12
1774017369.0624144,/metrics/dbscan/front/points_in,std_msgs/msg/Int32,6826
1774017369.062524,/metrics/dbscan/front/processing_ms,std_msgs/msg/Float32,78.9559555053711
1774017369.099297,/metrics/dbscan/left/detections_count,std_msgs/msg/Int32,11
1774017369.099439,/metrics/dbscan/left/points_in,std_msgs/msg/Int32,8839
1774017369.0995147,/metrics/dbscan/left/processing_ms,std_msgs/msg/Float32,87.55204010009766
1774017369.103783,/metrics/dbscan/back/detections_count,std_msgs/msg/Int32,10
1774017369.1040318,/metrics/dbscan/back/points_in,std_msgs/msg/Int32,4162
1774017369.1041596,/metrics/dbscan/back/processing_ms,std_msgs/msg/Float32,66.19245147705078
1774017369.146445,/metrics/dbscan/right/detections_count,std_msgs/msg/Int32,9
1774017369.1465826,/metrics/dbscan/right/points_in,std_msgs/msg/Int32,7064
1774017369.1466608,/metrics/dbscan/right/processing_ms,std_msgs/msg/Float32,83.50470733642578
1774017369.165648,/metrics/dbscan/front/detections_count,std_msgs/msg/Int32,14
1774017369.1657736,/metrics/dbscan/front/points_in,std_msgs/msg/Int32,6633
1774017369.1659138,/metrics/dbscan/front/processing_ms,std_msgs/msg/Float32,81.25621795654297
1774017369.187061,/metrics/dbscan/left/detections_count,std_msgs/msg/Int32,12
1774017369.1872456,/metrics/dbscan/left/points_in,std_msgs/msg/Int32,8759
1774017369.1873767,/metrics/dbscan/left/processing_ms,std_msgs/msg/Float32,86.3093032836914
1774017369.196106,/metrics/dbscan/back/detections_count,std_msgs/msg/Int32,11
1774017369.1962528,/metrics/dbscan/back/points_in,std_msgs/msg/Int32,4301
1774017369.1963527,/metrics/dbscan/back/processing_ms,std_msgs/msg/Float32,62.17560577392578
1774017369.2436974,/metrics/dbscan/right/detections_count,std_msgs/msg/Int32,10
1774017369.2438219,/metrics/dbscan/right/points_in,std_msgs/msg/Int32,6951
1774017369.2439044,/metrics/dbscan/right/processing_ms,std_msgs/msg/Float32,84.24385070800781
1774017369.2556334,/metrics/dbscan/front/detections_count,std_msgs/msg/Int32,14
1774017369.2557828,/metrics/dbscan/front/points_in,std_msgs/msg/Int32,6503
1774017369.2558506,/metrics/dbscan/front/processing_ms,std_msgs/msg/Float32,71.13643646240234
1774017369.2706928,/metrics/dbscan/left/detections_count,std_msgs/msg/Int32,12
1774017369.2708182,/metrics/dbscan/left/points_in,std_msgs/msg/Int32,8642
1774017369.270901,/metrics/dbscan/left/processing_ms,std_msgs/msg/Float32,82.11443328857422
1774017369.2976944,/metrics/dbscan/back/detections_count,std_msgs/msg/Int32,11
1774017369.297813,/metrics/dbscan/back/points_in,std_msgs/msg/Int32,4475
1774017369.2979019,/metrics/dbscan/back/processing_ms,std_msgs/msg/Float32,63.30411911010742
1774017369.3432574,/metrics/dbscan/right/detections_count,std_msgs/msg/Int32,9
1774017369.3434277,/metrics/dbscan/right/points_in,std_msgs/msg/Int32,6948
1774017369.343531,/metrics/dbscan/right/processing_ms,std_msgs/msg/Float32,83.65340423583984
1774017369.3658586,/metrics/dbscan/front/detections_count,std_msgs/msg/Int32,12
1774017369.3660247,/metrics/dbscan/front/points_in,std_msgs/msg/Int32,6418
1774017369.366118,/metrics/dbscan/front/processing_ms,std_msgs/msg/Float32,80.43248748779297
1774017369.3674564,/metrics/dbscan/left/detections_count,std_msgs/msg/Int32,12
1774017369.3675456,/metrics/dbscan/left/points_in,std_msgs/msg/Int32,8610
1774017369.3676078,/metrics/dbscan/left/processing_ms,std_msgs/msg/Float32,86.62483215332031
1774017369.4027295,/metrics/dbscan/back/detections_count,std_msgs/msg/Int32,11
1774017369.402886,/metrics/dbscan/back/points_in,std_msgs/msg/Int32,4629
1774017369.4029853,/metrics/dbscan/back/processing_ms,std_msgs/msg/Float32,65.97986602783203
1774017369.4516041,/metrics/dbscan/right/detections_count,std_msgs/msg/Int32,10
1774017369.4517446,/metrics/dbscan/right/points_in,std_msgs/msg/Int32,6953
1774017369.4518096,/metrics/dbscan/right/processing_ms,std_msgs/msg/Float32,90.13851928710938
1774017369.4677725,/metrics/dbscan/front/detections_count,std_msgs/msg/Int32,12
1774017369.4679008,/metrics/dbscan/front/points_in,std_msgs/msg/Int32,6419
1774017369.467982,/metrics/dbscan/front/processing_ms,std_msgs/msg/Float32,81.38298034667969
1774017369.4786043,/metrics/dbscan/left/detections_count,std_msgs/msg/Int32,13
1774017369.4787536,/metrics/dbscan/left/points_in,std_msgs/msg/Int32,8645
1774017369.478826,/metrics/dbscan/left/processing_ms,std_msgs/msg/Float32,96.1563491821289
1774017369.514968,/metrics/dbscan/back/detections_count,std_msgs/msg/Int32,10
1774017369.5150979,/metrics/dbscan/back/points_in,std_msgs/msg/Int32,4765
1774017369.5151632,/metrics/dbscan/back/processing_ms,std_msgs/msg/Float32,78.83238220214844
1774017369.5496404,/metrics/dbscan/right/detections_count,std_msgs/msg/Int32,10
1774017369.5497491,/metrics/dbscan/right/points_in,std_msgs/msg/Int32,6914
1774017369.54981,/metrics/dbscan/right/processing_ms,std_msgs/msg/Float32,88.43184661865234
1774017369.5612683,/metrics/dbscan/front/detections_count,std_msgs/msg/Int32,12
1774017369.5614424,/metrics/dbscan/front/points_in,std_msgs/msg/Int32,6309
1774017369.561554,/metrics/dbscan/front/processing_ms,std_msgs/msg/Float32,79.01782989501953
1774017369.573403,/metrics/dbscan/left/detections_count,std_msgs/msg/Int32,12
1774017369.5736315,/metrics/dbscan/left/points_in,std_msgs/msg/Int32,8553
1774017369.5737352,/metrics/dbscan/left/processing_ms,std_msgs/msg/Float32,92.6989517211914
1774017369.611119,/metrics/dbscan/back/detections_count,std_msgs/msg/Int32,11
1774017369.611241,/metrics/dbscan/back/points_in,std_msgs/msg/Int32,4822
1774017369.6113195,/metrics/dbscan/back/processing_ms,std_msgs/msg/Float32,73.07858276367188
1774017369.6485138,/metrics/dbscan/right/detections_count,std_msgs/msg/Int32,10
1774017369.6486459,/metrics/dbscan/right/points_in,std_msgs/msg/Int32,6783
1774017369.6487236,/metrics/dbscan/right/processing_ms,std_msgs/msg/Float32,85.78209686279297
1774017369.6613436,/metrics/dbscan/front/detections_count,std_msgs/msg/Int32,13
1774017369.6614788,/metrics/dbscan/front/points_in,std_msgs/msg/Int32,6113
1774017369.6615484,/metrics/dbscan/front/processing_ms,std_msgs/msg/Float32,77.71311950683594
1774017369.6704602,/metrics/dbscan/left/detections_count,std_msgs/msg/Int32,12
1774017369.6706312,/metrics/dbscan/left/points_in,std_msgs/msg/Int32,8360
1774017369.670716,/metrics/dbscan/left/processing_ms,std_msgs/msg/Float32,90.86394500732422
1774017369.7101216,/metrics/dbscan/back/detections_count,std_msgs/msg/Int32,11
1774017369.710289,/metrics/dbscan/back/points_in,std_msgs/msg/Int32,4851
1774017369.7104,/metrics/dbscan/back/processing_ms,std_msgs/msg/Float32,72.02796936035156
1774017369.748502,/metrics/dbscan/right/detections_count,std_msgs/msg/Int32,10
1774017369.7486355,/metrics/dbscan/right/points_in,std_msgs/msg/Int32,6641
1774017369.7487128,/metrics/dbscan/right/processing_ms,std_msgs/msg/Float32,85.44254302978516
1774017369.770906,/metrics/dbscan/front/detections_count,std_msgs/msg/Int32,13
1774017369.7710936,/metrics/dbscan/front/points_in,std_msgs/msg/Int32,6033
1774017369.7711892,/metrics/dbscan/front/processing_ms,std_msgs/msg/Float32,86.30752563476562
1774017369.7811987,/metrics/dbscan/left/detections_count,std_msgs/msg/Int32,13
1774017369.781311,/metrics/dbscan/left/points_in,std_msgs/msg/Int32,8265
1774017369.7813957,/metrics/dbscan/left/processing_ms,std_msgs/msg/Float32,100.51216888427734
1774017369.8043034,/metrics/dbscan/back/detections_count,std_msgs/msg/Int32,11
1774017369.8045683,/metrics/dbscan/back/points_in,std_msgs/msg/Int32,4898
1774017369.8046827,/metrics/dbscan/back/processing_ms,std_msgs/msg/Float32,70.6345443725586
1774017369.8535595,/metrics/dbscan/right/detections_count,std_msgs/msg/Int32,10
1774017369.8537354,/metrics/dbscan/right/points_in,std_msgs/msg/Int32,6660
1774017369.8538253,/metrics/dbscan/right/processing_ms,std_msgs/msg/Float32,92.60633087158203
1774017369.8660598,/metrics/dbscan/front/detections_count,std_msgs/msg/Int32,14
1774017369.8662336,/metrics/dbscan/front/points_in,std_msgs/msg/Int32,6040
1774017369.8663263,/metrics/dbscan/front/processing_ms,std_msgs/msg/Float32,80.1464614868164
1774017369.8767388,/metrics/dbscan/left/detections_count,std_msgs/msg/Int32,12
1774017369.876859,/metrics/dbscan/left/points_in,std_msgs/msg/Int32,8292
1774017369.8769498,/metrics/dbscan/left/processing_ms,std_msgs/msg/Float32,93.9991683959961
1774017369.9044886,/metrics/dbscan/back/detections_count,std_msgs/msg/Int32,11
1774017369.9046354,/metrics/dbscan/back/points_in,std_msgs/msg/Int32,4918
1774017369.9047134,/metrics/dbscan/back/processing_ms,std_msgs/msg/Float32,69.76954650878906
1774017369.9479516,/metrics/dbscan/right/detections_count,std_msgs/msg/Int32,9
1774017369.9480696,/metrics/dbscan/right/points_in,std_msgs/msg/Int32,6695
1774017369.9481368,/metrics/dbscan/right/processing_ms,std_msgs/msg/Float32,87.46682739257812
1774017369.967934,/metrics/dbscan/front/detections_count,std_msgs/msg/Int32,14
1774017369.9680696,/metrics/dbscan/front/points_in,std_msgs/msg/Int32,6186
1774017369.968131,/metrics/dbscan/front/processing_ms,std_msgs/msg/Float32,80.48180389404297
1774017369.9760742,/metrics/dbscan/left/detections_count,std_msgs/msg/Int32,13
1774017369.9762623,/metrics/dbscan/left/points_in,std_msgs/msg/Int32,8360
1774017369.9763587,/metrics/dbscan/left/processing_ms,std_msgs/msg/Float32,93.0666275024414
1774017370.007497,/metrics/dbscan/back/detections_count,std_msgs/msg/Int32,12
1774017370.0076349,/metrics/dbscan/back/points_in,std_msgs/msg/Int32,4951
1774017370.0077186,/metrics/dbscan/back/processing_ms,std_msgs/msg/Float32,71.75515747070312
1774017370.0610085,/metrics/dbscan/right/detections_count,std_msgs/msg/Int32,10
1774017370.0611756,/metrics/dbscan/right/points_in,std_msgs/msg/Int32,6745
1774017370.061241,/metrics/dbscan/right/processing_ms,std_msgs/msg/Float32,99.82047271728516
1774017370.0628293,/metrics/dbscan/front/detections_count,std_msgs/msg/Int32,13
1774017370.0629401,/metrics/dbscan/front/points_in,std_msgs/msg/Int32,6198
1774017370.0630388,/metrics/dbscan/front/processing_ms,std_msgs/msg/Float32,80.83272552490234
1774017370.07724,/metrics/dbscan/left/detections_count,std_msgs/msg/Int32,12
1774017370.077382,/metrics/dbscan/left/points_in,std_msgs/msg/Int32,8349
1774017370.077452,/metrics/dbscan/left/processing_ms,std_msgs/msg/Float32,98.3061294555664
1774017370.1034708,/metrics/dbscan/back/detections_count,std_msgs/msg/Int32,11
1774017370.1036124,/metrics/dbscan/back/points_in,std_msgs/msg/Int32,4981
1774017370.1036892,/metrics/dbscan/back/processing_ms,std_msgs/msg/Float32,67.5643081665039
1774017370.1509125,/metrics/dbscan/right/detections_count,std_msgs/msg/Int32,9
1774017370.1510623,/metrics/dbscan/right/points_in,std_msgs/msg/Int32,6734
1774017370.1511283,/metrics/dbscan/right/processing_ms,std_msgs/msg/Float32,88.14847564697266
1774017370.156428,/metrics/dbscan/front/detections_count,std_msgs/msg/Int32,14
1774017370.1565804,/metrics/dbscan/front/points_in,std_msgs/msg/Int32,6126
1774017370.1566904,/metrics/dbscan/front/processing_ms,std_msgs/msg/Float32,73.11814880371094
1774017370.162077,/metrics/dbscan/left/detections_count,std_msgs/msg/Int32,12
1774017370.1621923,/metrics/dbscan/left/points_in,std_msgs/msg/Int32,8322
1774017370.16226,/metrics/dbscan/left/processing_ms,std_msgs/msg/Float32,82.9281234741211
1774017370.2052534,/metrics/dbscan/back/detections_count,std_msgs/msg/Int32,11
1774017370.2054274,/metrics/dbscan/back/points_in,std_msgs/msg/Int32,5013
1774017370.2055023,/metrics/dbscan/back/processing_ms,std_msgs/msg/Float32,67.85850524902344
1774017370.2439077,/metrics/dbscan/right/detections_count,std_msgs/msg/Int32,10
1774017370.2440937,/metrics/dbscan/right/points_in,std_msgs/msg/Int32,6591
1774017370.2441778,/metrics/dbscan/right/processing_ms,std_msgs/msg/Float32,81.68880462646484
1774017370.259704,/metrics/dbscan/front/detections_count,std_msgs/msg/Int32,14
1774017370.2598562,/metrics/dbscan/front/points_in,std_msgs/msg/Int32,5956
1774017370.2599552,/metrics/dbscan/front/processing_ms,std_msgs/msg/Float32,75.58352661132812
1774017370.2650454,/metrics/dbscan/left/detections_count,std_msgs/msg/Int32,12
1774017370.265235,/metrics/dbscan/left/points_in,std_msgs/msg/Int32,8160
1774017370.2653675,/metrics/dbscan/left/processing_ms,std_msgs/msg/Float32,85.01648712158203
1774017370.3090386,/metrics/dbscan/back/detections_count,std_msgs/msg/Int32,11
1774017370.3091893,/metrics/dbscan/back/points_in,std_msgs/msg/Int32,4961
1774017370.309285,/metrics/dbscan/back/processing_ms,std_msgs/msg/Float32,70.83860778808594
1774017370.3387787,/metrics/dbscan/right/detections_count,std_msgs/msg/Int32,10
1774017370.3389542,/metrics/dbscan/right/points_in,std_msgs/msg/Int32,6512
1774017370.3390307,/metrics/dbscan/right/processing_ms,std_msgs/msg/Float32,75.54209899902344
1774017370.3633,/metrics/dbscan/front/detections_count,std_msgs/msg/Int32,13
1774017370.3634455,/metrics/dbscan/front/points_in,std_msgs/msg/Int32,5884
1774017370.3635218,/metrics/dbscan/front/processing_ms,std_msgs/msg/Float32,77.71697235107422
1774017370.3681304,/metrics/dbscan/left/detections_count,std_msgs/msg/Int32,12
1774017370.3683596,/metrics/dbscan/left/points_in,std_msgs/msg/Int32,8053
1774017370.3684635,/metrics/dbscan/left/processing_ms,std_msgs/msg/Float32,86.8422622680664
1774017370.4005387,/metrics/dbscan/back/detections_count,std_msgs/msg/Int32,11
1774017370.4006793,/metrics/dbscan/back/points_in,std_msgs/msg/Int32,4971
1774017370.4007692,/metrics/dbscan/back/processing_ms,std_msgs/msg/Float32,65.8148422241211
1774017370.4409246,/metrics/dbscan/right/detections_count,std_msgs/msg/Int32,10
1774017370.441049,/metrics/dbscan/right/points_in,std_msgs/msg/Int32,6519
1774017370.4411104,/metrics/dbscan/right/processing_ms,std_msgs/msg/Float32,80.16539764404297
1774017370.4617028,/metrics/dbscan/front/detections_count,std_msgs/msg/Int32,12
1774017370.461852,/metrics/dbscan/front/points_in,std_msgs/msg/Int32,5906
1774017370.4619658,/metrics/dbscan/front/processing_ms,std_msgs/msg/Float32,76.2067642211914
1774017370.4676492,/metrics/dbscan/left/detections_count,std_msgs/msg/Int32,12
1774017370.4678314,/metrics/dbscan/left/points_in,std_msgs/msg/Int32,8025
1774017370.4679134,/metrics/dbscan/left/processing_ms,std_msgs/msg/Float32,85.5198745727539
1774017370.5093043,/metrics/dbscan/back/detections_count,std_msgs/msg/Int32,12
1774017370.5094461,/metrics/dbscan/back/points_in,std_msgs/msg/Int32,4975
1774017370.5095215,/metrics/dbscan/back/processing_ms,std_msgs/msg/Float32,74.27127838134766
1774017370.5461307,/metrics/dbscan/right/detections_count,std_msgs/msg/Int32,10
1774017370.5462918,/metrics/dbscan/right/points_in,std_msgs/msg/Int32,6601
1774017370.546376,/metrics/dbscan/right/processing_ms,std_msgs/msg/Float32,85.25379943847656
1774017370.5605474,/metrics/dbscan/front/detections_count,std_msgs/msg/Int32,12
1774017370.5606737,/metrics/dbscan/front/points_in,std_msgs/msg/Int32,5960
1774017370.5607414,/metrics/dbscan/front/processing_ms,std_msgs/msg/Float32,78.5647201538086
1774017370.5694985,/metrics/dbscan/left/detections_count,std_msgs/msg/Int32,13
1774017370.5696712,/metrics/dbscan/left/points_in,std_msgs/msg/Int32,8045
1774017370.5697565,/metrics/dbscan/left/processing_ms,std_msgs/msg/Float32,90.37391662597656
1774017370.602337,/metrics/dbscan/back/detections_count,std_msgs/msg/Int32,11
1774017370.602521,/metrics/dbscan/back/points_in,std_msgs/msg/Int32,5012
1774017370.60262,/metrics/dbscan/back/processing_ms,std_msgs/msg/Float32,66.40970611572266
1774017370.6440055,/metrics/dbscan/right/detections_count,std_msgs/msg/Int32,9
1774017370.6441388,/metrics/dbscan/right/points_in,std_msgs/msg/Int32,6621
1774017370.644235,/metrics/dbscan/right/processing_ms,std_msgs/msg/Float32,81.39498138427734
1774017370.6610887,/metrics/dbscan/front/detections_count,std_msgs/msg/Int32,12
1774017370.6613038,/metrics/dbscan/front/points_in,std_msgs/msg/Int32,5943
1774017370.6614094,/metrics/dbscan/front/processing_ms,std_msgs/msg/Float32,77.86327362060547
1774017370.668099,/metrics/dbscan/left/detections_count,std_msgs/msg/Int32,12
1774017370.6682453,/metrics/dbscan/left/points_in,std_msgs/msg/Int32,7985
1774017370.6683075,/metrics/dbscan/left/processing_ms,std_msgs/msg/Float32,88.7486343383789
1774017370.7060714,/metrics/dbscan/back/detections_count,std_msgs/msg/Int32,11
1774017370.706356,/metrics/dbscan/back/points_in,std_msgs/msg/Int32,5018
1774017370.706481,/metrics/dbscan/back/processing_ms,std_msgs/msg/Float32,70.11427307128906
1774017370.7472067,/metrics/dbscan/right/detections_count,std_msgs/msg/Int32,9
1774017370.747369,/metrics/dbscan/right/points_in,std_msgs/msg/Int32,6570
1774017370.747433,/metrics/dbscan/right/processing_ms,std_msgs/msg/Float32,85.00068664550781
1774017370.7677903,/metrics/dbscan/front/detections_count,std_msgs/msg/Int32,12
1774017370.76796,/metrics/dbscan/front/points_in,std_msgs/msg/Int32,5844
1774017370.7680287,/metrics/dbscan/front/processing_ms,std_msgs/msg/Float32,82.66146850585938
1774017370.7727766,/metrics/dbscan/left/detections_count,std_msgs/msg/Int32,13
1774017370.7729683,/metrics/dbscan/left/points_in,std_msgs/msg/Int32,7871
1774017370.77306,/metrics/dbscan/left/processing_ms,std_msgs/msg/Float32,91.00543975830078
1774017370.8098507,/metrics/dbscan/back/detections_count,std_msgs/msg/Int32,12
1774017370.810046,/metrics/dbscan/back/points_in,std_msgs/msg/Int32,5015
1774017370.8101563,/metrics/dbscan/back/processing_ms,std_msgs/msg/Float32,72.24292755126953
1774017370.8465052,/metrics/dbscan/right/detections_count,std_msgs/msg/Int32,10
1774017370.8466704,/metrics/dbscan/right/points_in,std_msgs/msg/Int32,6516
1774017370.8467636,/metrics/dbscan/right/processing_ms,std_msgs/msg/Float32,83.56627655029297
1774017370.8661325,/metrics/dbscan/front/detections_count,std_msgs/msg/Int32,11
1774017370.8662758,/metrics/dbscan/front/points_in,std_msgs/msg/Int32,5826
1774017370.866365,/metrics/dbscan/front/processing_ms,std_msgs/msg/Float32,80.82328796386719
1774017370.875272,/metrics/dbscan/left/detections_count,std_msgs/msg/Int32,12
1774017370.8754303,/metrics/dbscan/left/points_in,std_msgs/msg/Int32,7791
1774017370.8755565,/metrics/dbscan/left/processing_ms,std_msgs/msg/Float32,94.49542999267578
1774017370.9084752,/metrics/dbscan/back/detections_count,std_msgs/msg/Int32,13
1774017370.908617,/metrics/dbscan/back/points_in,std_msgs/msg/Int32,5023
1774017370.9086974,/metrics/dbscan/back/processing_ms,std_msgs/msg/Float32,70.59129333496094
1774017370.9472551,/metrics/dbscan/right/detections_count,std_msgs/msg/Int32,10
1774017370.947437,/metrics/dbscan/right/points_in,std_msgs/msg/Int32,6537
1774017370.947681,/metrics/dbscan/right/processing_ms,std_msgs/msg/Float32,87.70008850097656
1774017370.9645112,/metrics/dbscan/front/detections_count,std_msgs/msg/Int32,12
1774017370.9646971,/metrics/dbscan/front/points_in,std_msgs/msg/Int32,5806
1774017370.9648046,/metrics/dbscan/front/processing_ms,std_msgs/msg/Float32,78.72637176513672
1774017370.9773507,/metrics/dbscan/left/detections_count,std_msgs/msg/Int32,12
1774017370.9774795,/metrics/dbscan/left/points_in,std_msgs/msg/Int32,7729
1774017370.9775913,/metrics/dbscan/left/processing_ms,std_msgs/msg/Float32,94.95840454101562
1774017371.0045898,/metrics/dbscan/back/detections_count,std_msgs/msg/Int32,11
1774017371.0047677,/metrics/dbscan/back/points_in,std_msgs/msg/Int32,5010
1774017371.004854,/metrics/dbscan/back/processing_ms,std_msgs/msg/Float32,69.2396469116211
1774017371.0450006,/metrics/dbscan/right/detections_count,std_msgs/msg/Int32,9
1774017371.0451412,/metrics/dbscan/right/points_in,std_msgs/msg/Int32,6573
1774017371.0452185,/metrics/dbscan/right/processing_ms,std_msgs/msg/Float32,84.91181945800781
1774017371.058755,/metrics/dbscan/front/detections_count,std_msgs/msg/Int32,12
1774017371.0590715,/metrics/dbscan/front/points_in,std_msgs/msg/Int32,5741
1774017371.0591533,/metrics/dbscan/front/processing_ms,std_msgs/msg/Float32,76.48761749267578
1774017371.0723395,/metrics/dbscan/left/detections_count,std_msgs/msg/Int32,12
1774017371.0725067,/metrics/dbscan/left/points_in,std_msgs/msg/Int32,7721
1774017371.0725796,/metrics/dbscan/left/processing_ms,std_msgs/msg/Float32,92.7437973022461
1774017371.1080484,/metrics/dbscan/back/detections_count,std_msgs/msg/Int32,12
1774017371.108215,/metrics/dbscan/back/points_in,std_msgs/msg/Int32,4957
1774017371.10832,/metrics/dbscan/back/processing_ms,std_msgs/msg/Float32,72.4771499633789
1774017371.147496,/metrics/dbscan/right/detections_count,std_msgs/msg/Int32,10
1774017371.1476352,/metrics/dbscan/right/points_in,std_msgs/msg/Int32,6573
1774017371.147698,/metrics/dbscan/right/processing_ms,std_msgs/msg/Float32,87.24544525146484
1774017371.1557682,/metrics/dbscan/front/detections_count,std_msgs/msg/Int32,13
1774017371.1559744,/metrics/dbscan/front/points_in,std_msgs/msg/Int32,5703
1774017371.1560712,/metrics/dbscan/front/processing_ms,std_msgs/msg/Float32,72.5687026977539
1774017371.163126,/metrics/dbscan/left/detections_count,std_msgs/msg/Int32,12
1774017371.1632435,/metrics/dbscan/left/points_in,std_msgs/msg/Int32,7704
1774017371.1633105,/metrics/dbscan/left/processing_ms,std_msgs/msg/Float32,83.55082702636719
1774017371.2040412,/metrics/dbscan/back/detections_count,std_msgs/msg/Int32,12
1774017371.2042058,/metrics/dbscan/back/points_in,std_msgs/msg/Int32,4943
1774017371.2042797,/metrics/dbscan/back/processing_ms,std_msgs/msg/Float32,68.49768829345703
1774017371.2372024,/metrics/dbscan/right/detections_count,std_msgs/msg/Int32,9
1774017371.237321,/metrics/dbscan/right/points_in,std_msgs/msg/Int32,6518
1774017371.2373936,/metrics/dbscan/right/processing_ms,std_msgs/msg/Float32,76.5975112915039
1774017371.2556064,/metrics/dbscan/front/detections_count,std_msgs/msg/Int32,12
1774017371.2557895,/metrics/dbscan/front/points_in,std_msgs/msg/Int32,5724
1774017371.2558918,/metrics/dbscan/front/processing_ms,std_msgs/msg/Float32,71.79375457763672
1774017371.2652524,/metrics/dbscan/left/detections_count,std_msgs/msg/Int32,12
1774017371.265367,/metrics/dbscan/left/points_in,std_msgs/msg/Int32,7697
1774017371.2654338,/metrics/dbscan/left/processing_ms,std_msgs/msg/Float32,85.3929672241211
1774017371.3033412,/metrics/dbscan/back/detections_count,std_msgs/msg/Int32,11
1774017371.3035753,/metrics/dbscan/back/points_in,std_msgs/msg/Int32,4913
1774017371.3036768,/metrics/dbscan/back/processing_ms,std_msgs/msg/Float32,67.0815658569336
1774017371.3379924,/metrics/dbscan/right/detections_count,std_msgs/msg/Int32,10
1774017371.3381543,/metrics/dbscan/right/points_in,std_msgs/msg/Int32,6485
1774017371.338245,/metrics/dbscan/right/processing_ms,std_msgs/msg/Float32,76.16280364990234
1774017371.361448,/metrics/dbscan/left/detections_count,std_msgs/msg/Int32,11
1774017371.361584,/metrics/dbscan/left/points_in,std_msgs/msg/Int32,7698
1774017371.361675,/metrics/dbscan/left/processing_ms,std_msgs/msg/Float32,79.92196655273438
1774017371.3644602,/metrics/dbscan/front/detections_count,std_msgs/msg/Int32,12
1774017371.3645537,/metrics/dbscan/front/points_in,std_msgs/msg/Int32,5743
1774017371.3646233,/metrics/dbscan/front/processing_ms,std_msgs/msg/Float32,79.30004119873047
1774017371.4002585,/metrics/dbscan/back/detections_count,std_msgs/msg/Int32,12
1774017371.4003985,/metrics/dbscan/back/points_in,std_msgs/msg/Int32,4899
1774017371.4004745,/metrics/dbscan/back/processing_ms,std_msgs/msg/Float32,62.26036834716797
1774017371.4490018,/metrics/dbscan/right/detections_count,std_msgs/msg/Int32,9
1774017371.4491332,/metrics/dbscan/right/points_in,std_msgs/msg/Int32,6425
1774017371.449229,/metrics/dbscan/right/processing_ms,std_msgs/msg/Float32,84.49639892578125
1774017371.4574795,/metrics/dbscan/front/detections_count,std_msgs/msg/Int32,12
1774017371.4576457,/metrics/dbscan/front/points_in,std_msgs/msg/Int32,5823
1774017371.4577188,/metrics/dbscan/front/processing_ms,std_msgs/msg/Float32,71.33201599121094
1774017371.4648535,/metrics/dbscan/left/detections_count,std_msgs/msg/Int32,11
1774017371.4649992,/metrics/dbscan/left/points_in,std_msgs/msg/Int32,7687
1774017371.4650898,/metrics/dbscan/left/processing_ms,std_msgs/msg/Float32,82.77936553955078
1774017371.5064852,/metrics/dbscan/back/detections_count,std_msgs/msg/Int32,11
1774017371.5067008,/metrics/dbscan/back/points_in,std_msgs/msg/Int32,4879
1774017371.5067928,/metrics/dbscan/back/processing_ms,std_msgs/msg/Float32,68.12496948242188
1774017371.5448174,/metrics/dbscan/right/detections_count,std_msgs/msg/Int32,9
1774017371.5449944,/metrics/dbscan/right/points_in,std_msgs/msg/Int32,6401
1774017371.545058,/metrics/dbscan/right/processing_ms,std_msgs/msg/Float32,84.74983978271484
1774017371.566752,/metrics/dbscan/front/detections_count,std_msgs/msg/Int32,13
1774017371.5670054,/metrics/dbscan/front/points_in,std_msgs/msg/Int32,5904
1774017371.567133,/metrics/dbscan/front/processing_ms,std_msgs/msg/Float32,78.51282501220703
1774017371.5682518,/metrics/dbscan/left/detections_count,std_msgs/msg/Int32,11
1774017371.5683756,/metrics/dbscan/left/points_in,std_msgs/msg/Int32,7684
1774017371.5685017,/metrics/dbscan/left/processing_ms,std_msgs/msg/Float32,87.7977066040039
1774017371.608699,/metrics/dbscan/back/detections_count,std_msgs/msg/Int32,12
1774017371.6089363,/metrics/dbscan/back/points_in,std_msgs/msg/Int32,4832
1774017371.6090686,/metrics/dbscan/back/processing_ms,std_msgs/msg/Float32,73.47761535644531
1774017371.645075,/metrics/dbscan/right/detections_count,std_msgs/msg/Int32,8
1774017371.645199,/metrics/dbscan/right/points_in,std_msgs/msg/Int32,6363
1774017371.6452649,/metrics/dbscan/right/processing_ms,std_msgs/msg/Float32,84.51844024658203
1774017371.6602902,/metrics/dbscan/front/detections_count,std_msgs/msg/Int32,14
1774017371.6604946,/metrics/dbscan/front/points_in,std_msgs/msg/Int32,5920
1774017371.660641,/metrics/dbscan/front/processing_ms,std_msgs/msg/Float32,77.15760040283203
1774017371.677461,/metrics/dbscan/left/detections_count,std_msgs/msg/Int32,11
1774017371.6775947,/metrics/dbscan/left/points_in,std_msgs/msg/Int32,7667
1774017371.677687,/metrics/dbscan/left/processing_ms,std_msgs/msg/Float32,98.01976013183594
1774017371.7064261,/metrics/dbscan/back/detections_count,std_msgs/msg/Int32,12
1774017371.7065606,/metrics/dbscan/back/points_in,std_msgs/msg/Int32,4825
1774017371.7066402,/metrics/dbscan/back/processing_ms,std_msgs/msg/Float32,71.4309310913086
1774017371.7433908,/metrics/dbscan/right/detections_count,std_msgs/msg/Int32,9
1774017371.743545,/metrics/dbscan/right/points_in,std_msgs/msg/Int32,6310
1774017371.7436135,/metrics/dbscan/right/processing_ms,std_msgs/msg/Float32,82.25381469726562
1774017371.7585845,/metrics/dbscan/front/detections_count,std_msgs/msg/Int32,12
1774017371.7587261,/metrics/dbscan/front/points_in,std_msgs/msg/Int32,5830
1774017371.7587984,/metrics/dbscan/front/processing_ms,std_msgs/msg/Float32,75.11761474609375
1774017371.7667987,/metrics/dbscan/left/detections_count,std_msgs/msg/Int32,11
1774017371.7669206,/metrics/dbscan/left/points_in,std_msgs/msg/Int32,7676
1774017371.7669888,/metrics/dbscan/left/processing_ms,std_msgs/msg/Float32,86.42678833007812
1774017371.8011389,/metrics/dbscan/back/detections_count,std_msgs/msg/Int32,11
1774017371.8012679,/metrics/dbscan/back/points_in,std_msgs/msg/Int32,4782
1774017371.8013358,/metrics/dbscan/back/processing_ms,std_msgs/msg/Float32,64.9258804321289
1774017371.8499594,/metrics/dbscan/right/detections_count,std_msgs/msg/Int32,10
1774017371.8500938,/metrics/dbscan/right/points_in,std_msgs/msg/Int32,6241
1774017371.8501706,/metrics/dbscan/right/processing_ms,std_msgs/msg/Float32,88.32775115966797
1774017371.8609707,/metrics/dbscan/front/detections_count,std_msgs/msg/Int32,15
1774017371.861162,/metrics/dbscan/front/points_in,std_msgs/msg/Int32,5850
1774017371.8612428,/metrics/dbscan/front/processing_ms,std_msgs/msg/Float32,76.05298614501953
1774017371.8680475,/metrics/dbscan/left/detections_count,std_msgs/msg/Int32,11
1774017371.8681629,/metrics/dbscan/left/points_in,std_msgs/msg/Int32,7661
1774017371.868231,/metrics/dbscan/left/processing_ms,std_msgs/msg/Float32,86.2546157836914
1774017371.9035704,/metrics/dbscan/back/detections_count,std_msgs/msg/Int32,11
1774017371.9037244,/metrics/dbscan/back/points_in,std_msgs/msg/Int32,4718
1774017371.9038231,/metrics/dbscan/back/processing_ms,std_msgs/msg/Float32,66.61331176757812
1774017371.9444637,/metrics/dbscan/right/detections_count,std_msgs/msg/Int32,10
1774017371.9446354,/metrics/dbscan/right/points_in,std_msgs/msg/Int32,6292
1774017371.94472,/metrics/dbscan/right/processing_ms,std_msgs/msg/Float32,82.34610748291016
1774017371.9630346,/metrics/dbscan/front/detections_count,std_msgs/msg/Int32,12
1774017371.963148,/metrics/dbscan/front/points_in,std_msgs/msg/Int32,5939
1774017371.9632084,/metrics/dbscan/front/processing_ms,std_msgs/msg/Float32,77.75164794921875
1774017371.9683402,/metrics/dbscan/left/detections_count,std_msgs/msg/Int32,11
1774017371.9684877,/metrics/dbscan/left/points_in,std_msgs/msg/Int32,7665
1774017371.96856,/metrics/dbscan/left/processing_ms,std_msgs/msg/Float32,86.25147247314453
1774017372.0094264,/metrics/dbscan/back/detections_count,std_msgs/msg/Int32,12
1774017372.009571,/metrics/dbscan/back/points_in,std_msgs/msg/Int32,4675
1774017372.0096602,/metrics/dbscan/back/processing_ms,std_msgs/msg/Float32,71.72998809814453
1774017372.0457487,/metrics/dbscan/right/detections_count,std_msgs/msg/Int32,10
1774017372.0459664,/metrics/dbscan/right/points_in,std_msgs/msg/Int32,6446
1774017372.046058,/metrics/dbscan/right/processing_ms,std_msgs/msg/Float32,85.64319610595703
1774017372.064023,/metrics/dbscan/front/detections_count,std_msgs/msg/Int32,12
1774017372.0641308,/metrics/dbscan/front/points_in,std_msgs/msg/Int32,6058
1774017372.0642066,/metrics/dbscan/front/processing_ms,std_msgs/msg/Float32,77.86214447021484
1774017372.0652335,/metrics/dbscan/left/detections_count,std_msgs/msg/Int32,11
1774017372.0653117,/metrics/dbscan/left/points_in,std_msgs/msg/Int32,7674
1774017372.0653708,/metrics/dbscan/left/processing_ms,std_msgs/msg/Float32,85.66036987304688
1774017372.107504,/metrics/dbscan/back/detections_count,std_msgs/msg/Int32,11
1774017372.1076672,/metrics/dbscan/back/points_in,std_msgs/msg/Int32,4542
1774017372.10775,/metrics/dbscan/back/processing_ms,std_msgs/msg/Float32,68.5169448852539
1774017372.1457605,/metrics/dbscan/right/detections_count,std_msgs/msg/Int32,12
1774017372.1459029,/metrics/dbscan/right/points_in,std_msgs/msg/Int32,6512
1774017372.1459985,/metrics/dbscan/right/processing_ms,std_msgs/msg/Float32,85.5185546875
1774017372.1555457,/metrics/dbscan/front/detections_count,std_msgs/msg/Int32,12
1774017372.1557183,/metrics/dbscan/front/points_in,std_msgs/msg/Int32,6042
1774017372.1557956,/metrics/dbscan/front/processing_ms,std_msgs/msg/Float32,72.505615234375
1774017372.1635242,/metrics/dbscan/left/detections_count,std_msgs/msg/Int32,12
1774017372.1636524,/metrics/dbscan/left/points_in,std_msgs/msg/Int32,7663
1774017372.1637468,/metrics/dbscan/left/processing_ms,std_msgs/msg/Float32,83.50840759277344
1774017372.1986356,/metrics/dbscan/back/detections_count,std_msgs/msg/Int32,12
1774017372.1987896,/metrics/dbscan/back/points_in,std_msgs/msg/Int32,4456
1774017372.1988616,/metrics/dbscan/back/processing_ms,std_msgs/msg/Float32,64.39591217041016
1774017372.2368927,/metrics/dbscan/right/detections_count,std_msgs/msg/Int32,11
1774017372.2370398,/metrics/dbscan/right/points_in,std_msgs/msg/Int32,6480
1774017372.237115,/metrics/dbscan/right/processing_ms,std_msgs/msg/Float32,75.6526107788086
1774017372.2536495,/metrics/dbscan/front/detections_count,std_msgs/msg/Int32,12
1774017372.2538097,/metrics/dbscan/front/points_in,std_msgs/msg/Int32,6017
1774017372.2539446,/metrics/dbscan/front/processing_ms,std_msgs/msg/Float32,69.98467254638672
1774017372.2672513,/metrics/dbscan/left/detections_count,std_msgs/msg/Int32,11
1774017372.267371,/metrics/dbscan/left/points_in,std_msgs/msg/Int32,7671
1774017372.2674394,/metrics/dbscan/left/processing_ms,std_msgs/msg/Float32,86.21391296386719
1774017372.2947958,/metrics/dbscan/back/detections_count,std_msgs/msg/Int32,10
1774017372.2949607,/metrics/dbscan/back/points_in,std_msgs/msg/Int32,4423
1774017372.2950397,/metrics/dbscan/back/processing_ms,std_msgs/msg/Float32,59.22511672973633
1774017372.3388014,/metrics/dbscan/right/detections_count,std_msgs/msg/Int32,11
1774017372.3389564,/metrics/dbscan/right/points_in,std_msgs/msg/Int32,6503
1774017372.3390217,/metrics/dbscan/right/processing_ms,std_msgs/msg/Float32,77.46919250488281
1774017372.360663,/metrics/dbscan/front/detections_count,std_msgs/msg/Int32,11
1774017372.3609676,/metrics/dbscan/front/points_in,std_msgs/msg/Int32,6037
1774017372.361116,/metrics/dbscan/front/processing_ms,std_msgs/msg/Float32,74.61442565917969
1774017372.3721461,/metrics/dbscan/left/detections_count,std_msgs/msg/Int32,11
1774017372.3723314,/metrics/dbscan/left/points_in,std_msgs/msg/Int32,7660
1774017372.3724442,/metrics/dbscan/left/processing_ms,std_msgs/msg/Float32,86.4723129272461
1774017372.3996096,/metrics/dbscan/back/detections_count,std_msgs/msg/Int32,11
1774017372.3997293,/metrics/dbscan/back/points_in,std_msgs/msg/Int32,4513
1774017372.3998015,/metrics/dbscan/back/processing_ms,std_msgs/msg/Float32,63.431854248046875
1774017372.4491637,/metrics/dbscan/right/detections_count,std_msgs/msg/Int32,10
1774017372.4493604,/metrics/dbscan/right/points_in,std_msgs/msg/Int32,6644
1774017372.4494655,/metrics/dbscan/right/processing_ms,std_msgs/msg/Float32,87.07814025878906
1774017372.4664936,/metrics/dbscan/front/detections_count,std_msgs/msg/Int32,11
1774017372.466646,/metrics/dbscan/front/points_in,std_msgs/msg/Int32,6201
1774017372.4667387,/metrics/dbscan/front/processing_ms,std_msgs/msg/Float32,81.20303344726562
1774017372.4679394,/metrics/dbscan/left/detections_count,std_msgs/msg/Int32,10
1774017372.4680452,/metrics/dbscan/left/processing_ms,std_msgs/msg/Float32,85.94645690917969
1774017372.468444,/metrics/dbscan/left/points_in,std_msgs/msg/Int32,7657
1774017372.5024774,/metrics/dbscan/back/detections_count,std_msgs/msg/Int32,11
1774017372.5026405,/metrics/dbscan/back/points_in,std_msgs/msg/Int32,4641
1774017372.5027268,/metrics/dbscan/back/processing_ms,std_msgs/msg/Float32,65.75383758544922
1774017372.5446901,/metrics/dbscan/right/detections_count,std_msgs/msg/Int32,10
1774017372.5448177,/metrics/dbscan/right/points_in,std_msgs/msg/Int32,6808
1774017372.5449018,/metrics/dbscan/right/processing_ms,std_msgs/msg/Float32,81.27262115478516
1774017372.5652356,/metrics/dbscan/front/detections_count,std_msgs/msg/Int32,12
1774017372.5653543,/metrics/dbscan/front/points_in,std_msgs/msg/Int32,6302
1774017372.5654228,/metrics/dbscan/front/processing_ms,std_msgs/msg/Float32,79.1286849975586
1774017372.5669067,/metrics/dbscan/left/detections_count,std_msgs/msg/Int32,11
1774017372.5669727,/metrics/dbscan/left/points_in,std_msgs/msg/Int32,7669
1774017372.5670455,/metrics/dbscan/left/processing_ms,std_msgs/msg/Float32,88.05457305908203
1774017372.607177,/metrics/dbscan/back/detections_count,std_msgs/msg/Int32,12
1774017372.6073523,/metrics/dbscan/back/points_in,std_msgs/msg/Int32,4842
1774017372.6074667,/metrics/dbscan/back/processing_ms,std_msgs/msg/Float32,68.20020294189453
1774017372.638452,/metrics/dbscan/right/detections_count,std_msgs/msg/Int32,10
1774017372.6385882,/metrics/dbscan/right/points_in,std_msgs/msg/Int32,6877
1774017372.6386642,/metrics/dbscan/right/processing_ms,std_msgs/msg/Float32,78.89087677001953
1774017372.6623735,/metrics/dbscan/front/detections_count,std_msgs/msg/Int32,12
1774017372.662477,/metrics/dbscan/front/points_in,std_msgs/msg/Int32,6286
1774017372.662542,/metrics/dbscan/front/processing_ms,std_msgs/msg/Float32,79.40576934814453
1774017372.6633837,/metrics/dbscan/left/detections_count,std_msgs/msg/Int32,11
1774017372.6634653,/metrics/dbscan/left/points_in,std_msgs/msg/Int32,7682
1774017372.6635423,/metrics/dbscan/left/processing_ms,std_msgs/msg/Float32,84.1793441772461
1774017372.7002754,/metrics/dbscan/back/detections_count,std_msgs/msg/Int32,11
1774017372.7004273,/metrics/dbscan/back/points_in,std_msgs/msg/Int32,4983
1774017372.7005,/metrics/dbscan/back/processing_ms,std_msgs/msg/Float32,66.37212371826172
1774017372.7451801,/metrics/dbscan/right/detections_count,std_msgs/msg/Int32,11
1774017372.7453277,/metrics/dbscan/right/points_in,std_msgs/msg/Int32,6749
1774017372.745423,/metrics/dbscan/right/processing_ms,std_msgs/msg/Float32,85.43466186523438
1774017372.7625368,/metrics/dbscan/left/detections_count,std_msgs/msg/Int32,11
1774017372.7626743,/metrics/dbscan/left/points_in,std_msgs/msg/Int32,7685
1774017372.7627687,/metrics/dbscan/left/processing_ms,std_msgs/msg/Float32,81.9559326171875
1774017372.7640867,/metrics/dbscan/front/detections_count,std_msgs/msg/Int32,13
1774017372.7641597,/metrics/dbscan/front/points_in,std_msgs/msg/Int32,6129
1774017372.7642164,/metrics/dbscan/front/processing_ms,std_msgs/msg/Float32,80.53740692138672
1774017372.8027737,/metrics/dbscan/back/detections_count,std_msgs/msg/Int32,12
1774017372.8029363,/metrics/dbscan/back/points_in,std_msgs/msg/Int32,5089
1774017372.8030202,/metrics/dbscan/back/processing_ms,std_msgs/msg/Float32,68.17569732666016
1774017372.8473234,/metrics/dbscan/right/detections_count,std_msgs/msg/Int32,11
1774017372.8474865,/metrics/dbscan/right/points_in,std_msgs/msg/Int32,6670
1774017372.8475666,/metrics/dbscan/right/processing_ms,std_msgs/msg/Float32,86.33544921875
1774017372.8620613,/metrics/dbscan/front/detections_count,std_msgs/msg/Int32,12
1774017372.8621902,/metrics/dbscan/front/points_in,std_msgs/msg/Int32,6010
1774017372.862254,/metrics/dbscan/front/processing_ms,std_msgs/msg/Float32,78.13423156738281
1774017372.8704422,/metrics/dbscan/left/detections_count,std_msgs/msg/Int32,11
1774017372.8706532,/metrics/dbscan/left/points_in,std_msgs/msg/Int32,7676
1774017372.8707368,/metrics/dbscan/left/processing_ms,std_msgs/msg/Float32,89.15536499023438
1774017372.9114769,/metrics/dbscan/back/detections_count,std_msgs/msg/Int32,11
1774017372.9116085,/metrics/dbscan/back/points_in,std_msgs/msg/Int32,5206
1774017372.9117014,/metrics/dbscan/back/processing_ms,std_msgs/msg/Float32,75.86831665039062
1774017372.9462416,/metrics/dbscan/right/detections_count,std_msgs/msg/Int32,10
1774017372.946364,/metrics/dbscan/right/points_in,std_msgs/msg/Int32,6770
1774017372.9464362,/metrics/dbscan/right/processing_ms,std_msgs/msg/Float32,85.08793640136719
1774017372.9626467,/metrics/dbscan/front/detections_count,std_msgs/msg/Int32,13
1774017372.9628017,/metrics/dbscan/front/points_in,std_msgs/msg/Int32,5994
1774017372.9628956,/metrics/dbscan/front/processing_ms,std_msgs/msg/Float32,76.47294616699219
1774017372.9692204,/metrics/dbscan/left/detections_count,std_msgs/msg/Int32,12
1774017372.9694204,/metrics/dbscan/left/points_in,std_msgs/msg/Int32,7672
1774017372.9695606,/metrics/dbscan/left/processing_ms,std_msgs/msg/Float32,86.73107147216797
1774017373.0048947,/metrics/dbscan/back/detections_count,std_msgs/msg/Int32,11
1774017373.0051634,/metrics/dbscan/back/points_in,std_msgs/msg/Int32,5261
1774017373.0052595,/metrics/dbscan/back/processing_ms,std_msgs/msg/Float32,69.04932403564453
1774017373.0493753,/metrics/dbscan/right/detections_count,std_msgs/msg/Int32,9
1774017373.0495129,/metrics/dbscan/right/points_in,std_msgs/msg/Int32,6936
1774017373.049586,/metrics/dbscan/right/processing_ms,std_msgs/msg/Float32,85.99909210205078
1774017373.062345,/metrics/dbscan/front/detections_count,std_msgs/msg/Int32,13
1774017373.062532,/metrics/dbscan/front/points_in,std_msgs/msg/Int32,5996
1774017373.0626063,/metrics/dbscan/front/processing_ms,std_msgs/msg/Float32,75.57735443115234
1774017373.0634348,/metrics/dbscan/left/detections_count,std_msgs/msg/Int32,11
1774017373.0635254,/metrics/dbscan/left/points_in,std_msgs/msg/Int32,7667
1774017373.0636106,/metrics/dbscan/left/processing_ms,std_msgs/msg/Float32,84.00686645507812
1774017373.1042187,/metrics/dbscan/back/detections_count,std_msgs/msg/Int32,11
1774017373.104361,/metrics/dbscan/back/points_in,std_msgs/msg/Int32,5276
1774017373.1044333,/metrics/dbscan/back/processing_ms,std_msgs/msg/Float32,67.63909912109375
1774017373.142656,/metrics/dbscan/right/detections_count,std_msgs/msg/Int32,10
1774017373.1427808,/metrics/dbscan/right/points_in,std_msgs/msg/Int32,7013
1774017373.1428483,/metrics/dbscan/right/processing_ms,std_msgs/msg/Float32,79.76966857910156
1774017373.1488423,/metrics/dbscan/front/detections_count,std_msgs/msg/Int32,12
1774017373.1489553,/metrics/dbscan/front/points_in,std_msgs/msg/Int32,5969
1774017373.1490262,/metrics/dbscan/front/processing_ms,std_msgs/msg/Float32,65.22261047363281
1774017373.1651373,/metrics/dbscan/left/detections_count,std_msgs/msg/Int32,11
1774017373.165247,/metrics/dbscan/left/points_in,std_msgs/msg/Int32,7663
1774017373.165309,/metrics/dbscan/left/processing_ms,std_msgs/msg/Float32,84.6883316040039
1774017373.1986368,/metrics/dbscan/back/detections_count,std_msgs/msg/Int32,10
1774017373.1987584,/metrics/dbscan/back/points_in,std_msgs/msg/Int32,5253
1774017373.1988466,/metrics/dbscan/back/processing_ms,std_msgs/msg/Float32,61.46855545043945
1774017373.2345502,/metrics/dbscan/right/detections_count,std_msgs/msg/Int32,10
1774017373.2346783,/metrics/dbscan/right/points_in,std_msgs/msg/Int32,6945
1774017373.2347586,/metrics/dbscan/right/processing_ms,std_msgs/msg/Float32,74.75692749023438
1774017373.252164,/metrics/dbscan/front/detections_count,std_msgs/msg/Int32,13
1774017373.252293,/metrics/dbscan/front/points_in,std_msgs/msg/Int32,5890
1774017373.2523825,/metrics/dbscan/front/processing_ms,std_msgs/msg/Float32,69.27311706542969
1774017373.262608,/metrics/dbscan/left/detections_count,std_msgs/msg/Int32,11
1774017373.2627401,/metrics/dbscan/left/points_in,std_msgs/msg/Int32,7659
1774017373.2628143,/metrics/dbscan/left/processing_ms,std_msgs/msg/Float32,82.54991912841797
1774017373.2951214,/metrics/dbscan/back/detections_count,std_msgs/msg/Int32,11
1774017373.295254,/metrics/dbscan/back/points_in,std_msgs/msg/Int32,5192
1774017373.2953334,/metrics/dbscan/back/processing_ms,std_msgs/msg/Float32,61.0982551574707
1774017373.3394284,/metrics/dbscan/right/detections_count,std_msgs/msg/Int32,10
1774017373.3396068,/metrics/dbscan/right/points_in,std_msgs/msg/Int32,6953
1774017373.3397062,/metrics/dbscan/right/processing_ms,std_msgs/msg/Float32,79.28894805908203
1774017373.3501587,/metrics/dbscan/front/detections_count,std_msgs/msg/Int32,14
1774017373.3502913,/metrics/dbscan/front/points_in,std_msgs/msg/Int32,5875
1774017373.3503659,/metrics/dbscan/front/processing_ms,std_msgs/msg/Float32,66.04637145996094
1774017373.3639572,/metrics/dbscan/left/detections_count,std_msgs/msg/Int32,11
1774017373.364068,/metrics/dbscan/left/points_in,std_msgs/msg/Int32,7657
1774017373.3641338,/metrics/dbscan/left/processing_ms,std_msgs/msg/Float32,82.61111450195312
1774017373.4002073,/metrics/dbscan/back/detections_count,std_msgs/msg/Int32,12
1774017373.400344,/metrics/dbscan/back/points_in,std_msgs/msg/Int32,5175
1774017373.4004416,/metrics/dbscan/back/processing_ms,std_msgs/msg/Float32,65.1899185180664
1774017373.4390564,/metrics/dbscan/right/detections_count,std_msgs/msg/Int32,9
1774017373.4392302,/metrics/dbscan/right/points_in,std_msgs/msg/Int32,6974
1774017373.4393392,/metrics/dbscan/right/processing_ms,std_msgs/msg/Float32,78.23445129394531
1774017373.4549239,/metrics/dbscan/front/detections_count,std_msgs/msg/Int32,14
1774017373.4550805,/metrics/dbscan/front/points_in,std_msgs/msg/Int32,5994
1774017373.4551506,/metrics/dbscan/front/processing_ms,std_msgs/msg/Float32,69.27180480957031
1774017373.4663775,/metrics/dbscan/left/detections_count,std_msgs/msg/Int32,11
1774017373.466527,/metrics/dbscan/left/points_in,std_msgs/msg/Int32,7634
1774017373.4666312,/metrics/dbscan/left/processing_ms,std_msgs/msg/Float32,84.23190307617188
1774017373.5008276,/metrics/dbscan/back/detections_count,std_msgs/msg/Int32,11
1774017373.5009754,/metrics/dbscan/back/points_in,std_msgs/msg/Int32,5189
1774017373.5011044,/metrics/dbscan/back/processing_ms,std_msgs/msg/Float32,65.26042175292969
1774017373.5444925,/metrics/dbscan/right/detections_count,std_msgs/msg/Int32,8
1774017373.5446005,/metrics/dbscan/right/points_in,std_msgs/msg/Int32,7090
1774017373.5446618,/metrics/dbscan/right/processing_ms,std_msgs/msg/Float32,83.37670135498047
1774017373.5562763,/metrics/dbscan/front/detections_count,std_msgs/msg/Int32,13
1774017373.5564282,/metrics/dbscan/front/points_in,std_msgs/msg/Int32,6125
1774017373.5565045,/metrics/dbscan/front/processing_ms,std_msgs/msg/Float32,70.18384552001953
1774017373.5633607,/metrics/dbscan/left/detections_count,std_msgs/msg/Int32,11
1774017373.5634618,/metrics/dbscan/left/points_in,std_msgs/msg/Int32,7655
1774017373.5635335,/metrics/dbscan/left/processing_ms,std_msgs/msg/Float32,84.53068542480469
1774017373.605092,/metrics/dbscan/back/detections_count,std_msgs/msg/Int32,11
1774017373.6052365,/metrics/dbscan/back/points_in,std_msgs/msg/Int32,5205
1774017373.6053045,/metrics/dbscan/back/processing_ms,std_msgs/msg/Float32,68.54107666015625
1774017373.648064,/metrics/dbscan/right/detections_count,std_msgs/msg/Int32,9
1774017373.648203,/metrics/dbscan/right/points_in,std_msgs/msg/Int32,7172
1774017373.648277,/metrics/dbscan/right/processing_ms,std_msgs/msg/Float32,84.36852264404297
1774017373.6513996,/metrics/dbscan/front/detections_count,std_msgs/msg/Int32,13
1774017373.6514966,/metrics/dbscan/front/points_in,std_msgs/msg/Int32,6201
1774017373.651555,/metrics/dbscan/front/processing_ms,std_msgs/msg/Float32,69.01081848144531
1774017373.662352,/metrics/dbscan/left/detections_count,std_msgs/msg/Int32,12
1774017373.6624765,/metrics/dbscan/left/points_in,std_msgs/msg/Int32,7641
1774017373.662551,/metrics/dbscan/left/processing_ms,std_msgs/msg/Float32,82.71111297607422
1774017373.7049081,/metrics/dbscan/back/detections_count,std_msgs/msg/Int32,11
1774017373.7050757,/metrics/dbscan/back/points_in,std_msgs/msg/Int32,5223
1774017373.7051566,/metrics/dbscan/back/processing_ms,std_msgs/msg/Float32,67.2877426147461
1774017373.7456403,/metrics/dbscan/right/detections_count,std_msgs/msg/Int32,11
1774017373.7457755,/metrics/dbscan/right/points_in,std_msgs/msg/Int32,7117
1774017373.7458496,/metrics/dbscan/right/processing_ms,std_msgs/msg/Float32,86.0037841796875
1774017373.757574,/metrics/dbscan/front/detections_count,std_msgs/msg/Int32,13
1774017373.7576942,/metrics/dbscan/front/points_in,std_msgs/msg/Int32,6164
1774017373.757762,/metrics/dbscan/front/processing_ms,std_msgs/msg/Float32,74.25629425048828
1774017373.7715387,/metrics/dbscan/left/detections_count,std_msgs/msg/Int32,12
1774017373.7716885,/metrics/dbscan/left/points_in,std_msgs/msg/Int32,7655
1774017373.7717693,/metrics/dbscan/left/processing_ms,std_msgs/msg/Float32,91.03675842285156
1774017373.8033736,/metrics/dbscan/back/detections_count,std_msgs/msg/Int32,11
1774017373.8035395,/metrics/dbscan/back/points_in,std_msgs/msg/Int32,5240
1774017373.8036222,/metrics/dbscan/back/processing_ms,std_msgs/msg/Float32,65.52854919433594
1774017373.8404913,/metrics/dbscan/right/detections_count,std_msgs/msg/Int32,9
1774017373.8406687,/metrics/dbscan/right/points_in,std_msgs/msg/Int32,6845
1774017373.840738,/metrics/dbscan/right/processing_ms,std_msgs/msg/Float32,79.459716796875
1774017373.8545306,/metrics/dbscan/front/detections_count,std_msgs/msg/Int32,11
1774017373.8546927,/metrics/dbscan/front/points_in,std_msgs/msg/Int32,5977
1774017373.8547757,/metrics/dbscan/front/processing_ms,std_msgs/msg/Float32,70.39460754394531
1774017373.8662608,/metrics/dbscan/left/detections_count,std_msgs/msg/Int32,11
1774017373.866437,/metrics/dbscan/left/points_in,std_msgs/msg/Int32,7653
1774017373.8665266,/metrics/dbscan/left/processing_ms,std_msgs/msg/Float32,85.42604064941406
1774017373.8948069,/metrics/dbscan/back/detections_count,std_msgs/msg/Int32,11
1774017373.8949645,/metrics/dbscan/back/points_in,std_msgs/msg/Int32,5227
1774017373.8950613,/metrics/dbscan/back/processing_ms,std_msgs/msg/Float32,60.70711135864258
1774017373.9470558,/metrics/dbscan/right/detections_count,std_msgs/msg/Int32,10
1774017373.947178,/metrics/dbscan/right/points_in,std_msgs/msg/Int32,6606
1774017373.947252,/metrics/dbscan/right/processing_ms,std_msgs/msg/Float32,86.5408935546875
1774017373.9556918,/metrics/dbscan/front/detections_count,std_msgs/msg/Int32,11
1774017373.9559,/metrics/dbscan/front/points_in,std_msgs/msg/Int32,5820
1774017373.9559896,/metrics/dbscan/front/processing_ms,std_msgs/msg/Float32,69.69123077392578
1774017373.9728932,/metrics/dbscan/left/detections_count,std_msgs/msg/Int32,11
1774017373.9730678,/metrics/dbscan/left/points_in,std_msgs/msg/Int32,7654
1774017373.9731376,/metrics/dbscan/left/processing_ms,std_msgs/msg/Float32,89.68833923339844
1774017374.0023892,/metrics/dbscan/back/detections_count,std_msgs/msg/Int32,12
1774017374.0025332,/metrics/dbscan/back/points_in,std_msgs/msg/Int32,5208
1774017374.0026145,/metrics/dbscan/back/processing_ms,std_msgs/msg/Float32,67.65953826904297
1774017374.0415099,/metrics/dbscan/right/detections_count,std_msgs/msg/Int32,12
1774017374.041651,/metrics/dbscan/right/points_in,std_msgs/msg/Int32,6764
1774017374.0417192,/metrics/dbscan/right/processing_ms,std_msgs/msg/Float32,80.60579681396484
1774017374.0548537,/metrics/dbscan/front/detections_count,std_msgs/msg/Int32,12
1774017374.0550508,/metrics/dbscan/front/points_in,std_msgs/msg/Int32,5644
1774017374.0551221,/metrics/dbscan/front/processing_ms,std_msgs/msg/Float32,68.63957977294922
1774017374.0663028,/metrics/dbscan/left/detections_count,std_msgs/msg/Int32,11
1774017374.0664697,/metrics/dbscan/left/points_in,std_msgs/msg/Int32,7657
1774017374.066564,/metrics/dbscan/left/processing_ms,std_msgs/msg/Float32,87.90357971191406
1774017374.0999606,/metrics/dbscan/back/detections_count,std_msgs/msg/Int32,11
1774017374.100092,/metrics/dbscan/back/points_in,std_msgs/msg/Int32,5160
1774017374.100166,/metrics/dbscan/back/processing_ms,std_msgs/msg/Float32,63.96853256225586
1774017374.1360645,/metrics/dbscan/right/detections_count,std_msgs/msg/Int32,11
1774017374.1362326,/metrics/dbscan/right/points_in,std_msgs/msg/Int32,6883
1774017374.1363027,/metrics/dbscan/right/processing_ms,std_msgs/msg/Float32,74.20704650878906
1774017374.1539304,/metrics/dbscan/front/detections_count,std_msgs/msg/Int32,12
1774017374.154063,/metrics/dbscan/front/points_in,std_msgs/msg/Int32,5590
1774017374.1541345,/metrics/dbscan/front/processing_ms,std_msgs/msg/Float32,71.75715637207031
1774017374.159474,/metrics/dbscan/left/detections_count,std_msgs/msg/Int32,11
1774017374.1596844,/metrics/dbscan/left/points_in,std_msgs/msg/Int32,7651
1774017374.1598232,/metrics/dbscan/left/processing_ms,std_msgs/msg/Float32,79.63998413085938
1774017374.196221,/metrics/dbscan/back/detections_count,std_msgs/msg/Int32,9
1774017374.196365,/metrics/dbscan/back/points_in,std_msgs/msg/Int32,5132
1774017374.1964295,/metrics/dbscan/back/processing_ms,std_msgs/msg/Float32,58.55554962158203
1774017374.2371027,/metrics/dbscan/right/detections_count,std_msgs/msg/Int32,11
1774017374.2372503,/metrics/dbscan/right/points_in,std_msgs/msg/Int32,6867
1774017374.2373405,/metrics/dbscan/right/processing_ms,std_msgs/msg/Float32,74.3240966796875
1774017374.2513695,/metrics/dbscan/front/detections_count,std_msgs/msg/Int32,11
1774017374.2514918,/metrics/dbscan/front/points_in,std_msgs/msg/Int32,5579
1774017374.2515645,/metrics/dbscan/front/processing_ms,std_msgs/msg/Float32,68.2569808959961
1774017374.262391,/metrics/dbscan/left/detections_count,std_msgs/msg/Int32,11
1774017374.262488,/metrics/dbscan/left/points_in,std_msgs/msg/Int32,7670
1774017374.2625413,/metrics/dbscan/left/processing_ms,std_msgs/msg/Float32,82.33296966552734
1774017374.2964098,/metrics/dbscan/back/detections_count,std_msgs/msg/Int32,9
1774017374.296563,/metrics/dbscan/back/points_in,std_msgs/msg/Int32,5123
1774017374.2966554,/metrics/dbscan/back/processing_ms,std_msgs/msg/Float32,58.6176872253418
1774017374.3352003,/metrics/dbscan/right/detections_count,std_msgs/msg/Int32,10
1774017374.3353848,/metrics/dbscan/right/points_in,std_msgs/msg/Int32,6774
1774017374.3355238,/metrics/dbscan/right/processing_ms,std_msgs/msg/Float32,76.19470977783203
1774017374.352544,/metrics/dbscan/front/detections_count,std_msgs/msg/Int32,11
1774017374.3526847,/metrics/dbscan/front/points_in,std_msgs/msg/Int32,5578
1774017374.3527627,/metrics/dbscan/front/processing_ms,std_msgs/msg/Float32,68.82918548583984
1774017374.3662102,/metrics/dbscan/left/detections_count,std_msgs/msg/Int32,11
1774017374.366358,/metrics/dbscan/left/points_in,std_msgs/msg/Int32,7674
1774017374.3664145,/metrics/dbscan/left/processing_ms,std_msgs/msg/Float32,84.85826873779297
1774017374.4062712,/metrics/dbscan/back/detections_count,std_msgs/msg/Int32,9
1774017374.4065075,/metrics/dbscan/back/points_in,std_msgs/msg/Int32,5106
1774017374.4066043,/metrics/dbscan/back/processing_ms,std_msgs/msg/Float32,66.31124877929688
1774017374.4458497,/metrics/dbscan/right/detections_count,std_msgs/msg/Int32,10
1774017374.4460185,/metrics/dbscan/right/points_in,std_msgs/msg/Int32,6748
1774017374.446103,/metrics/dbscan/right/processing_ms,std_msgs/msg/Float32,85.57744598388672
1774017374.4580705,/metrics/dbscan/front/detections_count,std_msgs/msg/Int32,12
1774017374.4582043,/metrics/dbscan/front/points_in,std_msgs/msg/Int32,5593
1774017374.4582746,/metrics/dbscan/front/processing_ms,std_msgs/msg/Float32,73.04708099365234
1774017374.475095,/metrics/dbscan/left/detections_count,std_msgs/msg/Int32,11
1774017374.475281,/metrics/dbscan/left/points_in,std_msgs/msg/Int32,7669
1774017374.475431,/metrics/dbscan/left/processing_ms,std_msgs/msg/Float32,93.07666015625
1774017374.5028255,/metrics/dbscan/back/detections_count,std_msgs/msg/Int32,9
1774017374.503004,/metrics/dbscan/back/points_in,std_msgs/msg/Int32,5158
1774017374.5030932,/metrics/dbscan/back/processing_ms,std_msgs/msg/Float32,67.64057159423828
1774017374.5427268,/metrics/dbscan/right/detections_count,std_msgs/msg/Int32,9
1774017374.5428932,/metrics/dbscan/right/points_in,std_msgs/msg/Int32,6707
1774017374.5429888,/metrics/dbscan/right/processing_ms,std_msgs/msg/Float32,82.61746978759766
1774017374.5613606,/metrics/dbscan/front/detections_count,std_msgs/msg/Int32,11
1774017374.5615332,/metrics/dbscan/front/points_in,std_msgs/msg/Int32,5576
1774017374.561644,/metrics/dbscan/front/processing_ms,std_msgs/msg/Float32,74.85369110107422
1774017374.5675573,/metrics/dbscan/left/detections_count,std_msgs/msg/Int32,11
1774017374.5677571,/metrics/dbscan/left/points_in,std_msgs/msg/Int32,7672
1774017374.5678892,/metrics/dbscan/left/processing_ms,std_msgs/msg/Float32,88.57134246826172
1774017374.6012316,/metrics/dbscan/back/detections_count,std_msgs/msg/Int32,9
1774017374.6014092,/metrics/dbscan/back/points_in,std_msgs/msg/Int32,5179
1774017374.6015306,/metrics/dbscan/back/processing_ms,std_msgs/msg/Float32,65.21636962890625
1774017374.6361341,/metrics/dbscan/right/detections_count,std_msgs/msg/Int32,10
1774017374.636308,/metrics/dbscan/right/points_in,std_msgs/msg/Int32,6862
1774017374.6364357,/metrics/dbscan/right/processing_ms,std_msgs/msg/Float32,73.03825378417969
1774017374.6613286,/metrics/dbscan/front/detections_count,std_msgs/msg/Int32,12
1774017374.6614835,/metrics/dbscan/front/points_in,std_msgs/msg/Int32,5595
1774017374.6615572,/metrics/dbscan/front/processing_ms,std_msgs/msg/Float32,74.3464584350586
1774017374.6621473,/metrics/dbscan/left/detections_count,std_msgs/msg/Int32,11
1774017374.662213,/metrics/dbscan/left/points_in,std_msgs/msg/Int32,7676
1774017374.6622677,/metrics/dbscan/left/processing_ms,std_msgs/msg/Float32,82.92223358154297
1774017374.698175,/metrics/dbscan/back/detections_count,std_msgs/msg/Int32,8
1774017374.6983075,/metrics/dbscan/back/points_in,std_msgs/msg/Int32,5173
1774017374.6983824,/metrics/dbscan/back/processing_ms,std_msgs/msg/Float32,61.98523712158203
1774017374.7417426,/metrics/dbscan/right/detections_count,std_msgs/msg/Int32,11
1774017374.7418897,/metrics/dbscan/right/points_in,std_msgs/msg/Int32,7013
1774017374.7419698,/metrics/dbscan/right/processing_ms,std_msgs/msg/Float32,79.7258529663086
1774017374.7618928,/metrics/dbscan/front/detections_count,std_msgs/msg/Int32,12
1774017374.7620971,/metrics/dbscan/front/points_in,std_msgs/msg/Int32,5588
1774017374.7622244,/metrics/dbscan/front/processing_ms,std_msgs/msg/Float32,78.05549621582031
1774017374.7634022,/metrics/dbscan/left/detections_count,std_msgs/msg/Int32,11
1774017374.7634864,/metrics/dbscan/left/points_in,std_msgs/msg/Int32,7671
1774017374.7636,/metrics/dbscan/left/processing_ms,std_msgs/msg/Float32,82.4404296875
1774017374.7975497,/metrics/dbscan/back/detections_count,std_msgs/msg/Int32,9
1774017374.7977264,/metrics/dbscan/back/points_in,std_msgs/msg/Int32,5202
1774017374.797832,/metrics/dbscan/back/processing_ms,std_msgs/msg/Float32,60.84110641479492
1774017374.841586,/metrics/dbscan/right/detections_count,std_msgs/msg/Int32,11
1774017374.8417122,/metrics/dbscan/right/points_in,std_msgs/msg/Int32,7101
1774017374.8417802,/metrics/dbscan/right/processing_ms,std_msgs/msg/Float32,78.45220184326172
1774017374.859357,/metrics/dbscan/front/detections_count,std_msgs/msg/Int32,13
1774017374.8595152,/metrics/dbscan/front/points_in,std_msgs/msg/Int32,5584
1774017374.8595867,/metrics/dbscan/front/processing_ms,std_msgs/msg/Float32,75.93180084228516
1774017374.8648677,/metrics/dbscan/left/detections_count,std_msgs/msg/Int32,11
1774017374.865014,/metrics/dbscan/left/points_in,std_msgs/msg/Int32,7669
1774017374.86509,/metrics/dbscan/left/processing_ms,std_msgs/msg/Float32,84.34510803222656
1774017374.9017873,/metrics/dbscan/back/detections_count,std_msgs/msg/Int32,9
1774017374.9019392,/metrics/dbscan/back/points_in,std_msgs/msg/Int32,5217
1774017374.9020455,/metrics/dbscan/back/processing_ms,std_msgs/msg/Float32,64.26054382324219
1774017374.9436696,/metrics/dbscan/right/detections_count,std_msgs/msg/Int32,10
1774017374.9438193,/metrics/dbscan/right/points_in,std_msgs/msg/Int32,7228
1774017374.9439123,/metrics/dbscan/right/processing_ms,std_msgs/msg/Float32,84.20858764648438
1774017374.9543211,/metrics/dbscan/front/detections_count,std_msgs/msg/Int32,11
1774017374.954446,/metrics/dbscan/front/points_in,std_msgs/msg/Int32,5585
1774017374.9545548,/metrics/dbscan/front/processing_ms,std_msgs/msg/Float32,69.70133209228516
1774017374.9684453,/metrics/dbscan/left/detections_count,std_msgs/msg/Int32,11
1774017374.968618,/metrics/dbscan/left/points_in,std_msgs/msg/Int32,7670
1774017374.9688056,/metrics/dbscan/left/processing_ms,std_msgs/msg/Float32,86.05719757080078
1774017375.0066328,/metrics/dbscan/back/detections_count,std_msgs/msg/Int32,10
1774017375.0067768,/metrics/dbscan/back/points_in,std_msgs/msg/Int32,5240
1774017375.0068855,/metrics/dbscan/back/processing_ms,std_msgs/msg/Float32,67.5124282836914
1774017375.0424714,/metrics/dbscan/right/detections_count,std_msgs/msg/Int32,11
1774017375.0426912,/metrics/dbscan/right/points_in,std_msgs/msg/Int32,7416
1774017375.042771,/metrics/dbscan/right/processing_ms,std_msgs/msg/Float32,82.2681884765625
1774017375.0626724,/metrics/dbscan/front/detections_count,std_msgs/msg/Int32,11
1774017375.0628383,/metrics/dbscan/front/points_in,std_msgs/msg/Int32,5586
1774017375.0629623,/metrics/dbscan/front/processing_ms,std_msgs/msg/Float32,77.03035736083984
1774017375.0636616,/metrics/dbscan/left/detections_count,std_msgs/msg/Int32,11
1774017375.0637386,/metrics/dbscan/left/processing_ms,std_msgs/msg/Float32,84.97628784179688
1774017375.0640714,/metrics/dbscan/left/points_in,std_msgs/msg/Int32,7665
1774017375.1036572,/metrics/dbscan/back/detections_count,std_msgs/msg/Int32,11
1774017375.103848,/metrics/dbscan/back/points_in,std_msgs/msg/Int32,5288
1774017375.1039755,/metrics/dbscan/back/processing_ms,std_msgs/msg/Float32,68.1655502319336
1774017375.1391044,/metrics/dbscan/right/detections_count,std_msgs/msg/Int32,11
1774017375.1392589,/metrics/dbscan/right/points_in,std_msgs/msg/Int32,7556
1774017375.1393468,/metrics/dbscan/right/processing_ms,std_msgs/msg/Float32,78.0430679321289
1774017375.157497,/metrics/dbscan/front/detections_count,std_msgs/msg/Int32,12
1774017375.1576371,/metrics/dbscan/front/points_in,std_msgs/msg/Int32,5580
1774017375.157711,/metrics/dbscan/front/processing_ms,std_msgs/msg/Float32,71.33499145507812
1774017375.16829,/metrics/dbscan/left/detections_count,std_msgs/msg/Int32,11
1774017375.1684399,/metrics/dbscan/left/points_in,std_msgs/msg/Int32,7671
1774017375.1685193,/metrics/dbscan/left/processing_ms,std_msgs/msg/Float32,88.5777587890625
1774017375.1979911,/metrics/dbscan/back/detections_count,std_msgs/msg/Int32,9
1774017375.198109,/metrics/dbscan/back/points_in,std_msgs/msg/Int32,5388
1774017375.198176,/metrics/dbscan/back/processing_ms,std_msgs/msg/Float32,63.17641830444336
1774017375.2416322,/metrics/dbscan/right/detections_count,std_msgs/msg/Int32,10
1774017375.2419243,/metrics/dbscan/right/points_in,std_msgs/msg/Int32,7658
1774017375.2421243,/metrics/dbscan/right/processing_ms,std_msgs/msg/Float32,79.16278076171875
1774017375.2502196,/metrics/dbscan/front/detections_count,std_msgs/msg/Int32,13
1774017375.2548208,/metrics/dbscan/front/points_in,std_msgs/msg/Int32,5605
1774017375.2549446,/metrics/dbscan/front/processing_ms,std_msgs/msg/Float32,67.73320007324219
1774017375.261075,/metrics/dbscan/left/detections_count,std_msgs/msg/Int32,11
1774017375.2611825,/metrics/dbscan/left/points_in,std_msgs/msg/Int32,7658
1774017375.2612484,/metrics/dbscan/left/processing_ms,std_msgs/msg/Float32,80.85498046875
1774017375.2938156,/metrics/dbscan/back/detections_count,std_msgs/msg/Int32,10
1774017375.293949,/metrics/dbscan/back/points_in,std_msgs/msg/Int32,5525
1774017375.2940137,/metrics/dbscan/back/processing_ms,std_msgs/msg/Float32,58.17756271362305
1774017375.339339,/metrics/dbscan/right/detections_count,std_msgs/msg/Int32,9
1774017375.3394783,/metrics/dbscan/right/points_in,std_msgs/msg/Int32,7638
1774017375.3395486,/metrics/dbscan/right/processing_ms,std_msgs/msg/Float32,76.47090148925781
1774017375.3581142,/metrics/dbscan/front/detections_count,std_msgs/msg/Int32,12
1774017375.3582382,/metrics/dbscan/front/points_in,std_msgs/msg/Int32,5589
1774017375.3583136,/metrics/dbscan/front/processing_ms,std_msgs/msg/Float32,73.32489776611328
1774017375.3647897,/metrics/dbscan/left/detections_count,std_msgs/msg/Int32,11
1774017375.3649638,/metrics/dbscan/left/points_in,std_msgs/msg/Int32,7646
1774017375.3650749,/metrics/dbscan/left/processing_ms,std_msgs/msg/Float32,83.42535400390625
1774017375.4066412,/metrics/dbscan/back/detections_count,std_msgs/msg/Int32,10
1774017375.4068499,/metrics/dbscan/back/points_in,std_msgs/msg/Int32,5648
1774017375.407014,/metrics/dbscan/back/processing_ms,std_msgs/msg/Float32,69.41340637207031
1774017375.444346,/metrics/dbscan/right/detections_count,std_msgs/msg/Int32,8
1774017375.4445212,/metrics/dbscan/right/points_in,std_msgs/msg/Int32,7776
1774017375.4446456,/metrics/dbscan/right/processing_ms,std_msgs/msg/Float32,83.81248474121094
1774017375.4569988,/metrics/dbscan/front/detections_count,std_msgs/msg/Int32,11
1774017375.4571762,/metrics/dbscan/front/points_in,std_msgs/msg/Int32,5583
1774017375.4572742,/metrics/dbscan/front/processing_ms,std_msgs/msg/Float32,72.92328643798828
1774017375.473126,/metrics/dbscan/left/detections_count,std_msgs/msg/Int32,11
1774017375.473278,/metrics/dbscan/left/points_in,std_msgs/msg/Int32,7656
1774017375.4733796,/metrics/dbscan/left/processing_ms,std_msgs/msg/Float32,91.16173553466797
1774017375.505,/metrics/dbscan/back/detections_count,std_msgs/msg/Int32,11
1774017375.5051503,/metrics/dbscan/back/points_in,std_msgs/msg/Int32,5758
1774017375.5052214,/metrics/dbscan/back/processing_ms,std_msgs/msg/Float32,66.46763610839844
1774017375.544758,/metrics/dbscan/right/detections_count,std_msgs/msg/Int32,10
1774017375.5449553,/metrics/dbscan/right/points_in,std_msgs/msg/Int32,7850
1774017375.5450602,/metrics/dbscan/right/processing_ms,std_msgs/msg/Float32,84.96800231933594
1774017375.561451,/metrics/dbscan/front/detections_count,std_msgs/msg/Int32,11
1774017375.5616148,/metrics/dbscan/front/points_in,std_msgs/msg/Int32,5585
1774017375.5617213,/metrics/dbscan/front/processing_ms,std_msgs/msg/Float32,76.43031311035156
1774017375.5671496,/metrics/dbscan/left/detections_count,std_msgs/msg/Int32,11
1774017375.5673044,/metrics/dbscan/left/points_in,std_msgs/msg/Int32,7643
1774017375.5674202,/metrics/dbscan/left/processing_ms,std_msgs/msg/Float32,87.8335189819336
1774017375.6092117,/metrics/dbscan/back/detections_count,std_msgs/msg/Int32,10
1774017375.6093552,/metrics/dbscan/back/points_in,std_msgs/msg/Int32,5864
1774017375.6094432,/metrics/dbscan/back/processing_ms,std_msgs/msg/Float32,74.97035217285156
1774017375.6422198,/metrics/dbscan/right/detections_count,std_msgs/msg/Int32,9
1774017375.6423585,/metrics/dbscan/right/points_in,std_msgs/msg/Int32,7927
1774017375.642438,/metrics/dbscan/right/processing_ms,std_msgs/msg/Float32,81.28421783447266
1774017375.6608126,/metrics/dbscan/front/detections_count,std_msgs/msg/Int32,11
1774017375.6610043,/metrics/dbscan/front/points_in,std_msgs/msg/Int32,5586
1774017375.6611197,/metrics/dbscan/front/processing_ms,std_msgs/msg/Float32,75.70283508300781
1774017375.6690748,/metrics/dbscan/left/detections_count,std_msgs/msg/Int32,11
1774017375.6692069,/metrics/dbscan/left/points_in,std_msgs/msg/Int32,7637
1774017375.6692638,/metrics/dbscan/left/processing_ms,std_msgs/msg/Float32,89.42696380615234
1774017375.7033648,/metrics/dbscan/back/detections_count,std_msgs/msg/Int32,11
1774017375.70351,/metrics/dbscan/back/points_in,std_msgs/msg/Int32,5989
1774017375.7035868,/metrics/dbscan/back/processing_ms,std_msgs/msg/Float32,69.21430206298828
1774017375.7467148,/metrics/dbscan/right/detections_count,std_msgs/msg/Int32,8
1774017375.7468543,/metrics/dbscan/right/points_in,std_msgs/msg/Int32,7938
1774017375.7469447,/metrics/dbscan/right/processing_ms,std_msgs/msg/Float32,85.17430877685547
1774017375.7583141,/metrics/dbscan/front/detections_count,std_msgs/msg/Int32,11
1774017375.7584953,/metrics/dbscan/front/points_in,std_msgs/msg/Int32,5578
1774017375.758591,/metrics/dbscan/front/processing_ms,std_msgs/msg/Float32,76.05358123779297
1774017375.7695217,/metrics/dbscan/left/detections_count,std_msgs/msg/Int32,11
1774017375.7696853,/metrics/dbscan/left/points_in,std_msgs/msg/Int32,7640
1774017375.7697597,/metrics/dbscan/left/processing_ms,std_msgs/msg/Float32,88.69245147705078
1774017375.8074458,/metrics/dbscan/back/detections_count,std_msgs/msg/Int32,11
1774017375.80761,/metrics/dbscan/back/points_in,std_msgs/msg/Int32,6112
1774017375.8076987,/metrics/dbscan/back/processing_ms,std_msgs/msg/Float32,70.737548828125
1774017375.85058,/metrics/dbscan/right/detections_count,std_msgs/msg/Int32,8
1774017375.8507397,/metrics/dbscan/right/points_in,std_msgs/msg/Int32,7639
1774017375.8508296,/metrics/dbscan/right/processing_ms,std_msgs/msg/Float32,88.11357116699219
1774017375.8624392,/metrics/dbscan/front/detections_count,std_msgs/msg/Int32,11
1774017375.8625703,/metrics/dbscan/front/points_in,std_msgs/msg/Int32,5574
1774017375.8626468,/metrics/dbscan/front/processing_ms,std_msgs/msg/Float32,79.20577239990234
1774017375.876546,/metrics/dbscan/left/detections_count,std_msgs/msg/Int32,11
1774017375.8766983,/metrics/dbscan/left/points_in,std_msgs/msg/Int32,7653
1774017375.876796,/metrics/dbscan/left/processing_ms,std_msgs/msg/Float32,94.96830749511719
1774017375.9072485,/metrics/dbscan/back/detections_count,std_msgs/msg/Int32,11
1774017375.9074361,/metrics/dbscan/back/points_in,std_msgs/msg/Int32,6175
1774017375.9075599,/metrics/dbscan/back/processing_ms,std_msgs/msg/Float32,70.56695556640625
1774017375.9492037,/metrics/dbscan/right/detections_count,std_msgs/msg/Int32,8
1774017375.9493353,/metrics/dbscan/right/points_in,std_msgs/msg/Int32,7580
1774017375.9494169,/metrics/dbscan/right/processing_ms,std_msgs/msg/Float32,86.70511627197266
1774017375.963096,/metrics/dbscan/front/detections_count,std_msgs/msg/Int32,12
1774017375.9632368,/metrics/dbscan/front/points_in,std_msgs/msg/Int32,5581
1774017375.9633138,/metrics/dbscan/front/processing_ms,std_msgs/msg/Float32,79.00017547607422
1774017375.974938,/metrics/dbscan/left/detections_count,std_msgs/msg/Int32,11
1774017375.9750717,/metrics/dbscan/left/points_in,std_msgs/msg/Int32,7650
1774017375.9751408,/metrics/dbscan/left/processing_ms,std_msgs/msg/Float32,91.97735595703125
1774017376.006446,/metrics/dbscan/back/detections_count,std_msgs/msg/Int32,10
1774017376.0066175,/metrics/dbscan/back/points_in,std_msgs/msg/Int32,6255
1774017376.0067239,/metrics/dbscan/back/processing_ms,std_msgs/msg/Float32,69.17349243164062
1774017376.042773,/metrics/dbscan/right/detections_count,std_msgs/msg/Int32,8
1774017376.0429192,/metrics/dbscan/right/points_in,std_msgs/msg/Int32,7746
1774017376.0429897,/metrics/dbscan/right/processing_ms,std_msgs/msg/Float32,82.92073059082031
1774017376.060259,/metrics/dbscan/front/detections_count,std_msgs/msg/Int32,11
1774017376.0603838,/metrics/dbscan/front/points_in,std_msgs/msg/Int32,5582
1774017376.060454,/metrics/dbscan/front/processing_ms,std_msgs/msg/Float32,75.28084564208984
1774017376.065403,/metrics/dbscan/left/detections_count,std_msgs/msg/Int32,11
1774017376.0655386,/metrics/dbscan/left/points_in,std_msgs/msg/Int32,7643
1774017376.0656116,/metrics/dbscan/left/processing_ms,std_msgs/msg/Float32,86.1856689453125
1774017376.1083162,/metrics/dbscan/back/detections_count,std_msgs/msg/Int32,11
1774017376.1084864,/metrics/dbscan/back/points_in,std_msgs/msg/Int32,6285
1774017376.1085706,/metrics/dbscan/back/processing_ms,std_msgs/msg/Float32,70.74470520019531
1774017376.140063,/metrics/dbscan/right/detections_count,std_msgs/msg/Int32,8
1774017376.1402066,/metrics/dbscan/right/points_in,std_msgs/msg/Int32,7887
1774017376.1402793,/metrics/dbscan/right/processing_ms,std_msgs/msg/Float32,79.89746856689453
1774017376.1596422,/metrics/dbscan/left/detections_count,std_msgs/msg/Int32,11
1774017376.1597612,/metrics/dbscan/left/points_in,std_msgs/msg/Int32,7648
1774017376.1598496,/metrics/dbscan/left/processing_ms,std_msgs/msg/Float32,80.11298370361328
1774017376.1608093,/metrics/dbscan/front/detections_count,std_msgs/msg/Int32,12
1774017376.1608973,/metrics/dbscan/front/points_in,std_msgs/msg/Int32,5580
1774017376.1609652,/metrics/dbscan/front/processing_ms,std_msgs/msg/Float32,74.39308166503906
1774017376.2007604,/metrics/dbscan/back/detections_count,std_msgs/msg/Int32,10
1774017376.2009428,/metrics/dbscan/back/points_in,std_msgs/msg/Int32,6080
1774017376.2010462,/metrics/dbscan/back/processing_ms,std_msgs/msg/Float32,66.96051025390625
1774017376.238712,/metrics/dbscan/right/detections_count,std_msgs/msg/Int32,8
1774017376.2388911,/metrics/dbscan/right/points_in,std_msgs/msg/Int32,7937
1774017376.2389832,/metrics/dbscan/right/processing_ms,std_msgs/msg/Float32,76.53478240966797
1774017376.2572172,/metrics/dbscan/front/detections_count,std_msgs/msg/Int32,13
1774017376.257357,/metrics/dbscan/front/points_in,std_msgs/msg/Int32,5584
1774017376.2574136,/metrics/dbscan/front/processing_ms,std_msgs/msg/Float32,73.9800033569336
1774017376.2591033,/metrics/dbscan/left/detections_count,std_msgs/msg/Int32,11
1774017376.2591748,/metrics/dbscan/left/points_in,std_msgs/msg/Int32,7654
1774017376.259241,/metrics/dbscan/left/processing_ms,std_msgs/msg/Float32,78.91449737548828
1774017376.298027,/metrics/dbscan/back/detections_count,std_msgs/msg/Int32,10
1774017376.2981877,/metrics/dbscan/back/points_in,std_msgs/msg/Int32,5843
1774017376.298276,/metrics/dbscan/back/processing_ms,std_msgs/msg/Float32,63.52777862548828
1774017376.3311589,/metrics/dbscan/right/detections_count,std_msgs/msg/Int32,9
1774017376.331293,/metrics/dbscan/right/points_in,std_msgs/msg/Int32,7794
1774017376.331404,/metrics/dbscan/right/processing_ms,std_msgs/msg/Float32,69.34453582763672
1774017376.3618448,/metrics/dbscan/front/detections_count,std_msgs/msg/Int32,13
1774017376.3620713,/metrics/dbscan/front/points_in,std_msgs/msg/Int32,5583
1774017376.362202,/metrics/dbscan/front/processing_ms,std_msgs/msg/Float32,76.733154296875
1774017376.3675575,/metrics/dbscan/left/detections_count,std_msgs/msg/Int32,11
1774017376.3676736,/metrics/dbscan/left/points_in,std_msgs/msg/Int32,7659
1774017376.3677561,/metrics/dbscan/left/processing_ms,std_msgs/msg/Float32,85.26617431640625
1774017376.3977249,/metrics/dbscan/back/detections_count,std_msgs/msg/Int32,11
1774017376.3978457,/metrics/dbscan/back/points_in,std_msgs/msg/Int32,5654
1774017376.3979268,/metrics/dbscan/back/processing_ms,std_msgs/msg/Float32,62.539833068847656
1774017376.437247,/metrics/dbscan/right/detections_count,std_msgs/msg/Int32,10
1774017376.4374366,/metrics/dbscan/right/points_in,std_msgs/msg/Int32,7562
1774017376.4375188,/metrics/dbscan/right/processing_ms,std_msgs/msg/Float32,74.36973571777344
1774017376.4587822,/metrics/dbscan/front/detections_count,std_msgs/msg/Int32,12
1774017376.45897,/metrics/dbscan/front/points_in,std_msgs/msg/Int32,5574
1774017376.4590676,/metrics/dbscan/front/processing_ms,std_msgs/msg/Float32,73.80781555175781
1774017376.4741886,/metrics/dbscan/left/detections_count,std_msgs/msg/Int32,11
1774017376.4743586,/metrics/dbscan/left/points_in,std_msgs/msg/Int32,7666
1774017376.4744563,/metrics/dbscan/left/processing_ms,std_msgs/msg/Float32,91.20072174072266
1774017376.4956813,/metrics/dbscan/back/detections_count,std_msgs/msg/Int32,11
1774017376.4958386,/metrics/dbscan/back/points_in,std_msgs/msg/Int32,5587
1774017376.495958,/metrics/dbscan/back/processing_ms,std_msgs/msg/Float32,59.738433837890625
1774017376.5430987,/metrics/dbscan/right/detections_count,std_msgs/msg/Int32,8
1774017376.543237,/metrics/dbscan/right/points_in,std_msgs/msg/Int32,7555
1774017376.5433252,/metrics/dbscan/right/processing_ms,std_msgs/msg/Float32,80.07685852050781
1774017376.5631795,/metrics/dbscan/front/detections_count,std_msgs/msg/Int32,12
1774017376.5632918,/metrics/dbscan/front/points_in,std_msgs/msg/Int32,5582
1774017376.5633621,/metrics/dbscan/front/processing_ms,std_msgs/msg/Float32,78.18094635009766
1774017376.5657635,/metrics/dbscan/left/detections_count,std_msgs/msg/Int32,11
1774017376.565895,/metrics/dbscan/left/points_in,std_msgs/msg/Int32,7664
1774017376.5660017,/metrics/dbscan/left/processing_ms,std_msgs/msg/Float32,87.17857360839844
1774017376.600156,/metrics/dbscan/back/detections_count,std_msgs/msg/Int32,12
1774017376.6002793,/metrics/dbscan/back/processing_ms,std_msgs/msg/Float32,62.94545364379883
1774017376.6009638,/metrics/dbscan/back/points_in,std_msgs/msg/Int32,5608
1774017376.6424692,/metrics/dbscan/right/detections_count,std_msgs/msg/Int32,8
1774017376.6426528,/metrics/dbscan/right/points_in,std_msgs/msg/Int32,7671
1774017376.642744,/metrics/dbscan/right/processing_ms,std_msgs/msg/Float32,82.2002182006836
1774017376.6623774,/metrics/dbscan/front/detections_count,std_msgs/msg/Int32,12
1774017376.6625555,/metrics/dbscan/front/points_in,std_msgs/msg/Int32,5583
1774017376.6626368,/metrics/dbscan/front/processing_ms,std_msgs/msg/Float32,76.88082122802734
1774017376.664868,/metrics/dbscan/left/detections_count,std_msgs/msg/Int32,11
1774017376.6649942,/metrics/dbscan/left/points_in,std_msgs/msg/Int32,7663
1774017376.66508,/metrics/dbscan/left/processing_ms,std_msgs/msg/Float32,85.23231506347656
1774017376.7079668,/metrics/dbscan/back/detections_count,std_msgs/msg/Int32,11
1774017376.7081366,/metrics/dbscan/back/points_in,std_msgs/msg/Int32,5738
1774017376.7082365,/metrics/dbscan/back/processing_ms,std_msgs/msg/Float32,69.55663299560547
1774017376.744682,/metrics/dbscan/right/detections_count,std_msgs/msg/Int32,8
1774017376.7447991,/metrics/dbscan/right/points_in,std_msgs/msg/Int32,7631
1774017376.7448654,/metrics/dbscan/right/processing_ms,std_msgs/msg/Float32,83.9384765625
1774017376.760303,/metrics/dbscan/front/detections_count,std_msgs/msg/Int32,12
1774017376.7604713,/metrics/dbscan/front/points_in,std_msgs/msg/Int32,5592
1774017376.7605956,/metrics/dbscan/front/processing_ms,std_msgs/msg/Float32,77.74254608154297
1774017376.7656682,/metrics/dbscan/left/detections_count,std_msgs/msg/Int32,11
1774017376.7657804,/metrics/dbscan/left/points_in,std_msgs/msg/Int32,7665
1774017376.7658486,/metrics/dbscan/left/processing_ms,std_msgs/msg/Float32,84.74276733398438
1774017376.8029838,/metrics/dbscan/back/detections_count,std_msgs/msg/Int32,12
1774017376.8031216,/metrics/dbscan/back/points_in,std_msgs/msg/Int32,6163
1774017376.803194,/metrics/dbscan/back/processing_ms,std_msgs/msg/Float32,68.81459045410156
1774017376.84216,/metrics/dbscan/right/detections_count,std_msgs/msg/Int32,8
1774017376.8423312,/metrics/dbscan/right/points_in,std_msgs/msg/Int32,7796
1774017376.84244,/metrics/dbscan/right/processing_ms,std_msgs/msg/Float32,79.08506774902344
1774017376.8559332,/metrics/dbscan/front/detections_count,std_msgs/msg/Int32,12
1774017376.8561096,/metrics/dbscan/front/points_in,std_msgs/msg/Int32,5593
1774017376.856215,/metrics/dbscan/front/processing_ms,std_msgs/msg/Float32,73.26823425292969
1774017376.8661766,/metrics/dbscan/left/detections_count,std_msgs/msg/Int32,11
1774017376.866332,/metrics/dbscan/left/points_in,std_msgs/msg/Int32,7665
1774017376.8664389,/metrics/dbscan/left/processing_ms,std_msgs/msg/Float32,84.74956512451172
1774017376.907694,/metrics/dbscan/back/detections_count,std_msgs/msg/Int32,11
1774017376.9078937,/metrics/dbscan/back/points_in,std_msgs/msg/Int32,6637
1774017376.9080083,/metrics/dbscan/back/processing_ms,std_msgs/msg/Float32,72.64817810058594
1774017376.94334,/metrics/dbscan/right/detections_count,std_msgs/msg/Int32,9
1774017376.9435015,/metrics/dbscan/right/points_in,std_msgs/msg/Int32,7893
1774017376.9435964,/metrics/dbscan/right/processing_ms,std_msgs/msg/Float32,81.09168243408203
1774017376.96112,/metrics/dbscan/front/detections_count,std_msgs/msg/Int32,10
1774017376.9612753,/metrics/dbscan/front/points_in,std_msgs/msg/Int32,5584
1774017376.9614215,/metrics/dbscan/front/processing_ms,std_msgs/msg/Float32,77.4156494140625
1774017376.9703608,/metrics/dbscan/left/detections_count,std_msgs/msg/Int32,11
1774017376.9705565,/metrics/dbscan/left/points_in,std_msgs/msg/Int32,7690
1774017376.970641,/metrics/dbscan/left/processing_ms,std_msgs/msg/Float32,88.02499389648438
1774017377.0065362,/metrics/dbscan/back/detections_count,std_msgs/msg/Int32,11
1774017377.0067174,/metrics/dbscan/back/points_in,std_msgs/msg/Int32,6986
1774017377.0068085,/metrics/dbscan/back/processing_ms,std_msgs/msg/Float32,71.04521179199219
1774017377.0513954,/metrics/dbscan/right/detections_count,std_msgs/msg/Int32,10
1774017377.0515594,/metrics/dbscan/right/points_in,std_msgs/msg/Int32,7830
1774017377.0516257,/metrics/dbscan/right/processing_ms,std_msgs/msg/Float32,87.17870330810547
1774017377.0617597,/metrics/dbscan/front/detections_count,std_msgs/msg/Int32,12
1774017377.0619001,/metrics/dbscan/front/points_in,std_msgs/msg/Int32,5588
1774017377.061982,/metrics/dbscan/front/processing_ms,std_msgs/msg/Float32,76.6098861694336
1774017377.0639083,/metrics/dbscan/left/detections_count,std_msgs/msg/Int32,11
1774017377.0640013,/metrics/dbscan/left/processing_ms,std_msgs/msg/Float32,85.07542419433594
1774017377.0643613,/metrics/dbscan/left/points_in,std_msgs/msg/Int32,7677
1774017377.1063237,/metrics/dbscan/back/detections_count,std_msgs/msg/Int32,11
1774017377.106497,/metrics/dbscan/back/points_in,std_msgs/msg/Int32,7147
1774017377.1066153,/metrics/dbscan/back/processing_ms,std_msgs/msg/Float32,68.64523315429688
1774017377.142757,/metrics/dbscan/right/detections_count,std_msgs/msg/Int32,11
1774017377.1429188,/metrics/dbscan/right/points_in,std_msgs/msg/Int32,7913
1774017377.143033,/metrics/dbscan/right/processing_ms,std_msgs/msg/Float32,83.52452850341797
1774017377.157442,/metrics/dbscan/front/detections_count,std_msgs/msg/Int32,12
1774017377.157661,/metrics/dbscan/front/points_in,std_msgs/msg/Int32,5582
1774017377.1577713,/metrics/dbscan/front/processing_ms,std_msgs/msg/Float32,70.1171875
1774017377.1627815,/metrics/dbscan/left/detections_count,std_msgs/msg/Int32,11
1774017377.1629229,/metrics/dbscan/left/points_in,std_msgs/msg/Int32,7687
1774017377.1630065,/metrics/dbscan/left/processing_ms,std_msgs/msg/Float32,82.36466217041016
1774017377.2059324,/metrics/dbscan/back/detections_count,std_msgs/msg/Int32,10
1774017377.2061343,/metrics/dbscan/back/points_in,std_msgs/msg/Int32,7185
1774017377.2062297,/metrics/dbscan/back/processing_ms,std_msgs/msg/Float32,68.34513092041016
1774017377.2376297,/metrics/dbscan/right/detections_count,std_msgs/msg/Int32,11
1774017377.2378423,/metrics/dbscan/right/points_in,std_msgs/msg/Int32,7905
1774017377.237976,/metrics/dbscan/right/processing_ms,std_msgs/msg/Float32,77.58135986328125
1774017377.2580469,/metrics/dbscan/front/detections_count,std_msgs/msg/Int32,12
1774017377.2582147,/metrics/dbscan/front/points_in,std_msgs/msg/Int32,5603
1774017377.258284,/metrics/dbscan/front/processing_ms,std_msgs/msg/Float32,76.06352233886719
1774017377.2617848,/metrics/dbscan/left/detections_count,std_msgs/msg/Int32,11
1774017377.261915,/metrics/dbscan/left/points_in,std_msgs/msg/Int32,7676
1774017377.26199,/metrics/dbscan/left/processing_ms,std_msgs/msg/Float32,81.82289123535156
1774017377.3016522,/metrics/dbscan/back/detections_count,std_msgs/msg/Int32,11
1774017377.301793,/metrics/dbscan/back/points_in,std_msgs/msg/Int32,7135
1774017377.3018668,/metrics/dbscan/back/processing_ms,std_msgs/msg/Float32,67.37847900390625
1774017377.3347278,/metrics/dbscan/right/detections_count,std_msgs/msg/Int32,10
1774017377.3348846,/metrics/dbscan/right/points_in,std_msgs/msg/Int32,7574
1774017377.334982,/metrics/dbscan/right/processing_ms,std_msgs/msg/Float32,73.79418182373047
1774017377.3537292,/metrics/dbscan/front/detections_count,std_msgs/msg/Int32,11
1774017377.3538594,/metrics/dbscan/front/points_in,std_msgs/msg/Int32,5588
1774017377.3539417,/metrics/dbscan/front/processing_ms,std_msgs/msg/Float32,70.63600158691406
1774017377.3645217,/metrics/dbscan/left/detections_count,std_msgs/msg/Int32,11
1774017377.3646226,/metrics/dbscan/left/points_in,std_msgs/msg/Int32,7653
1774017377.3646803,/metrics/dbscan/left/processing_ms,std_msgs/msg/Float32,82.9583969116211
1774017377.4022858,/metrics/dbscan/back/detections_count,std_msgs/msg/Int32,11
1774017377.4024282,/metrics/dbscan/back/points_in,std_msgs/msg/Int32,7086
1774017377.4025116,/metrics/dbscan/back/processing_ms,std_msgs/msg/Float32,66.43568420410156
1774017377.4342072,/metrics/dbscan/right/detections_count,std_msgs/msg/Int32,11
1774017377.4343307,/metrics/dbscan/right/points_in,std_msgs/msg/Int32,7195
1774017377.4343956,/metrics/dbscan/right/processing_ms,std_msgs/msg/Float32,72.99784088134766
1774017377.4618375,/metrics/dbscan/front/detections_count,std_msgs/msg/Int32,11
1774017377.4619653,/metrics/dbscan/front/points_in,std_msgs/msg/Int32,5592
1774017377.4620295,/metrics/dbscan/front/processing_ms,std_msgs/msg/Float32,78.02208709716797
1774017377.4775782,/metrics/dbscan/left/detections_count,std_msgs/msg/Int32,11
1774017377.4777691,/metrics/dbscan/left/points_in,std_msgs/msg/Int32,7607
1774017377.4778419,/metrics/dbscan/left/processing_ms,std_msgs/msg/Float32,95.5946044921875
1774017377.5104597,/metrics/dbscan/back/detections_count,std_msgs/msg/Int32,12
1774017377.510609,/metrics/dbscan/back/points_in,std_msgs/msg/Int32,6957
1774017377.510698,/metrics/dbscan/back/processing_ms,std_msgs/msg/Float32,75.0841293334961
1774017377.5336668,/metrics/dbscan/right/detections_count,std_msgs/msg/Int32,11
1774017377.5337927,/metrics/dbscan/right/points_in,std_msgs/msg/Int32,6920
1774017377.5338573,/metrics/dbscan/right/processing_ms,std_msgs/msg/Float32,71.98931884765625
1774017377.5577,/metrics/dbscan/front/detections_count,std_msgs/msg/Int32,12
1774017377.557894,/metrics/dbscan/front/points_in,std_msgs/msg/Int32,5592
1774017377.558025,/metrics/dbscan/front/processing_ms,std_msgs/msg/Float32,72.6629638671875
1774017377.5675979,/metrics/dbscan/left/detections_count,std_msgs/msg/Int32,12
1774017377.5677865,/metrics/dbscan/left/points_in,std_msgs/msg/Int32,7564
1774017377.5679011,/metrics/dbscan/left/processing_ms,std_msgs/msg/Float32,88.11588287353516
1774017377.608203,/metrics/dbscan/back/detections_count,std_msgs/msg/Int32,10
1774017377.6083715,/metrics/dbscan/back/points_in,std_msgs/msg/Int32,6585
1774017377.6085074,/metrics/dbscan/back/processing_ms,std_msgs/msg/Float32,71.82473754882812
1774017377.63473,/metrics/dbscan/right/detections_count,std_msgs/msg/Int32,10
1774017377.6349006,/metrics/dbscan/right/points_in,std_msgs/msg/Int32,7097
1774017377.6349807,/metrics/dbscan/right/processing_ms,std_msgs/msg/Float32,71.86707305908203
1774017377.6596632,/metrics/dbscan/front/detections_count,std_msgs/msg/Int32,11
1774017377.6598098,/metrics/dbscan/front/points_in,std_msgs/msg/Int32,5582
1774017377.6599107,/metrics/dbscan/front/processing_ms,std_msgs/msg/Float32,74.56009674072266
1774017377.662055,/metrics/dbscan/left/detections_count,std_msgs/msg/Int32,12
1774017377.6621387,/metrics/dbscan/left/points_in,std_msgs/msg/Int32,7522
1774017377.6622014,/metrics/dbscan/left/processing_ms,std_msgs/msg/Float32,82.64642333984375
1774017377.700793,/metrics/dbscan/back/detections_count,std_msgs/msg/Int32,11
1774017377.70101,/metrics/dbscan/back/points_in,std_msgs/msg/Int32,6050
1774017377.7011058,/metrics/dbscan/back/processing_ms,std_msgs/msg/Float32,63.50254821777344
1774017377.7349749,/metrics/dbscan/right/detections_count,std_msgs/msg/Int32,10
1774017377.735139,/metrics/dbscan/right/points_in,std_msgs/msg/Int32,7309
1774017377.735212,/metrics/dbscan/right/processing_ms,std_msgs/msg/Float32,75.59806823730469
1774017377.7617261,/metrics/dbscan/front/detections_count,std_msgs/msg/Int32,11
1774017377.761913,/metrics/dbscan/front/points_in,std_msgs/msg/Int32,5600
1774017377.762023,/metrics/dbscan/front/processing_ms,std_msgs/msg/Float32,74.11289978027344
1774017377.762575,/metrics/dbscan/left/detections_count,std_msgs/msg/Int32,11
1774017377.7626762,/metrics/dbscan/left/points_in,std_msgs/msg/Int32,7497
1774017377.7627423,/metrics/dbscan/left/processing_ms,std_msgs/msg/Float32,81.07485961914062
1774017377.7990887,/metrics/dbscan/back/detections_count,std_msgs/msg/Int32,11
1774017377.7992415,/metrics/dbscan/back/points_in,std_msgs/msg/Int32,5426
1774017377.799329,/metrics/dbscan/back/processing_ms,std_msgs/msg/Float32,60.75007629394531
1774017377.8404837,/metrics/dbscan/right/detections_count,std_msgs/msg/Int32,10
1774017377.84063,/metrics/dbscan/right/points_in,std_msgs/msg/Int32,7345
1774017377.8407092,/metrics/dbscan/right/processing_ms,std_msgs/msg/Float32,79.45817565917969
1774017377.8579602,/metrics/dbscan/front/detections_count,std_msgs/msg/Int32,11
1774017377.8580956,/metrics/dbscan/front/points_in,std_msgs/msg/Int32,5586
1774017377.858192,/metrics/dbscan/front/processing_ms,std_msgs/msg/Float32,74.20753479003906
1774017377.86808,/metrics/dbscan/left/detections_count,std_msgs/msg/Int32,11
1774017377.8682806,/metrics/dbscan/left/points_in,std_msgs/msg/Int32,7496
1774017377.8683918,/metrics/dbscan/left/processing_ms,std_msgs/msg/Float32,86.36962890625
1774017377.9026947,/metrics/dbscan/back/detections_count,std_msgs/msg/Int32,11
1774017377.9028459,/metrics/dbscan/back/points_in,std_msgs/msg/Int32,4731
1774017377.902967,/metrics/dbscan/back/processing_ms,std_msgs/msg/Float32,68.2654800415039
1774017377.9449172,/metrics/dbscan/right/detections_count,std_msgs/msg/Int32,11
1774017377.9451032,/metrics/dbscan/right/points_in,std_msgs/msg/Int32,7058
1774017377.94519,/metrics/dbscan/right/processing_ms,std_msgs/msg/Float32,83.91242980957031
1774017377.9623728,/metrics/dbscan/front/detections_count,std_msgs/msg/Int32,12
1774017377.9625607,/metrics/dbscan/front/points_in,std_msgs/msg/Int32,5597
1774017377.9626555,/metrics/dbscan/front/processing_ms,std_msgs/msg/Float32,77.4008560180664
1774017377.9669268,/metrics/dbscan/left/detections_count,std_msgs/msg/Int32,11
1774017377.9670453,/metrics/dbscan/left/points_in,std_msgs/msg/Int32,7490
1774017377.9671128,/metrics/dbscan/left/processing_ms,std_msgs/msg/Float32,83.96488952636719
1774017377.9956615,/metrics/dbscan/back/detections_count,std_msgs/msg/Int32,11
1774017377.9958425,/metrics/dbscan/back/points_in,std_msgs/msg/Int32,4146
1774017377.9959848,/metrics/dbscan/back/processing_ms,std_msgs/msg/Float32,60.55406188964844
1774017378.044143,/metrics/dbscan/right/detections_count,std_msgs/msg/Int32,11
1774017378.0442874,/metrics/dbscan/right/points_in,std_msgs/msg/Int32,7030
1774017378.0443656,/metrics/dbscan/right/processing_ms,std_msgs/msg/Float32,82.30279541015625
1774017378.058675,/metrics/dbscan/front/detections_count,std_msgs/msg/Int32,12
1774017378.0588462,/metrics/dbscan/front/points_in,std_msgs/msg/Int32,5636
1774017378.0589342,/metrics/dbscan/front/processing_ms,std_msgs/msg/Float32,74.1379623413086
1774017378.0628016,/metrics/dbscan/left/detections_count,std_msgs/msg/Int32,11
1774017378.063031,/metrics/dbscan/left/points_in,std_msgs/msg/Int32,7482
1774017378.0631444,/metrics/dbscan/left/processing_ms,std_msgs/msg/Float32,83.10182189941406
1774017378.099571,/metrics/dbscan/back/detections_count,std_msgs/msg/Int32,10
1774017378.0996947,/metrics/dbscan/back/points_in,std_msgs/msg/Int32,4119
1774017378.099765,/metrics/dbscan/back/processing_ms,std_msgs/msg/Float32,64.41416931152344
1774017378.141618,/metrics/dbscan/right/detections_count,std_msgs/msg/Int32,9
1774017378.1417542,/metrics/dbscan/right/points_in,std_msgs/msg/Int32,7198
1774017378.1418386,/metrics/dbscan/right/processing_ms,std_msgs/msg/Float32,79.64764404296875
1774017378.1529717,/metrics/dbscan/front/detections_count,std_msgs/msg/Int32,11
1774017378.1531475,/metrics/dbscan/front/points_in,std_msgs/msg/Int32,5824
1774017378.1532366,/metrics/dbscan/front/processing_ms,std_msgs/msg/Float32,67.22071075439453
1774017378.163202,/metrics/dbscan/left/detections_count,std_msgs/msg/Int32,11
1774017378.163319,/metrics/dbscan/left/points_in,std_msgs/msg/Int32,7482
1774017378.1634097,/metrics/dbscan/left/processing_ms,std_msgs/msg/Float32,83.59284973144531
1774017378.1951199,/metrics/dbscan/back/detections_count,std_msgs/msg/Int32,10
1774017378.1952472,/metrics/dbscan/back/points_in,std_msgs/msg/Int32,4121
1774017378.195327,/metrics/dbscan/back/processing_ms,std_msgs/msg/Float32,58.504093170166016
1774017378.2456357,/metrics/dbscan/right/detections_count,std_msgs/msg/Int32,11
1774017378.2457957,/metrics/dbscan/right/points_in,std_msgs/msg/Int32,7406
1774017378.2459664,/metrics/dbscan/right/processing_ms,std_msgs/msg/Float32,83.14946746826172
1774017378.250131,/metrics/dbscan/front/detections_count,std_msgs/msg/Int32,11
1774017378.2502527,/metrics/dbscan/front/points_in,std_msgs/msg/Int32,6142
1774017378.2503388,/metrics/dbscan/front/processing_ms,std_msgs/msg/Float32,63.31696701049805
1774017378.261489,/metrics/dbscan/left/detections_count,std_msgs/msg/Int32,11
1774017378.2616153,/metrics/dbscan/left/points_in,std_msgs/msg/Int32,7490
1774017378.2616959,/metrics/dbscan/left/processing_ms,std_msgs/msg/Float32,80.727294921875
1774017378.2984483,/metrics/dbscan/back/detections_count,std_msgs/msg/Int32,11
1774017378.298561,/metrics/dbscan/back/points_in,std_msgs/msg/Int32,4107
1774017378.298624,/metrics/dbscan/back/processing_ms,std_msgs/msg/Float32,61.044071197509766
1774017378.3421488,/metrics/dbscan/right/detections_count,std_msgs/msg/Int32,10
1774017378.3422995,/metrics/dbscan/right/points_in,std_msgs/msg/Int32,7485
1774017378.3424072,/metrics/dbscan/right/processing_ms,std_msgs/msg/Float32,82.12808227539062
1774017378.3516743,/metrics/dbscan/front/detections_count,std_msgs/msg/Int32,13
1774017378.351811,/metrics/dbscan/front/points_in,std_msgs/msg/Int32,6334
1774017378.3519046,/metrics/dbscan/front/processing_ms,std_msgs/msg/Float32,66.47222900390625
1774017378.3640325,/metrics/dbscan/left/detections_count,std_msgs/msg/Int32,11
1774017378.3641484,/metrics/dbscan/left/points_in,std_msgs/msg/Int32,7498
1774017378.3642237,/metrics/dbscan/left/processing_ms,std_msgs/msg/Float32,82.21185302734375
1774017378.4059322,/metrics/dbscan/back/detections_count,std_msgs/msg/Int32,11
1774017378.4061449,/metrics/dbscan/back/points_in,std_msgs/msg/Int32,4106
1774017378.4062574,/metrics/dbscan/back/processing_ms,std_msgs/msg/Float32,66.32135009765625
1774017378.4452584,/metrics/dbscan/right/detections_count,std_msgs/msg/Int32,11
1774017378.445409,/metrics/dbscan/right/points_in,std_msgs/msg/Int32,7365
1774017378.4454875,/metrics/dbscan/right/processing_ms,std_msgs/msg/Float32,84.2078857421875
1774017378.46096,/metrics/dbscan/front/detections_count,std_msgs/msg/Int32,15
1774017378.4610825,/metrics/dbscan/front/points_in,std_msgs/msg/Int32,6258
1774017378.46117,/metrics/dbscan/front/processing_ms,std_msgs/msg/Float32,77.26297760009766
1774017378.4701402,/metrics/dbscan/left/detections_count,std_msgs/msg/Int32,11
1774017378.4703429,/metrics/dbscan/left/points_in,std_msgs/msg/Int32,7496
1774017378.470475,/metrics/dbscan/left/processing_ms,std_msgs/msg/Float32,87.34194946289062
1774017378.5064123,/metrics/dbscan/back/detections_count,std_msgs/msg/Int32,11
1774017378.5066383,/metrics/dbscan/back/points_in,std_msgs/msg/Int32,4101
1774017378.5067258,/metrics/dbscan/back/processing_ms,std_msgs/msg/Float32,71.44750213623047
1774017378.5485396,/metrics/dbscan/right/detections_count,std_msgs/msg/Int32,10
1774017378.5486581,/metrics/dbscan/right/points_in,std_msgs/msg/Int32,7489
1774017378.5487304,/metrics/dbscan/right/processing_ms,std_msgs/msg/Float32,87.46485900878906
1774017378.561028,/metrics/dbscan/front/detections_count,std_msgs/msg/Int32,13
1774017378.5612068,/metrics/dbscan/front/points_in,std_msgs/msg/Int32,6318
1774017378.5612962,/metrics/dbscan/front/processing_ms,std_msgs/msg/Float32,76.40666961669922
1774017378.5695395,/metrics/dbscan/left/detections_count,std_msgs/msg/Int32,11
1774017378.569742,/metrics/dbscan/left/points_in,std_msgs/msg/Int32,7492
1774017378.5698183,/metrics/dbscan/left/processing_ms,std_msgs/msg/Float32,89.65193939208984
1774017378.5993328,/metrics/dbscan/back/detections_count,std_msgs/msg/Int32,11
1774017378.5995104,/metrics/dbscan/back/points_in,std_msgs/msg/Int32,4107
1774017378.599612,/metrics/dbscan/back/processing_ms,std_msgs/msg/Float32,64.57286071777344
1774017378.6504755,/metrics/dbscan/right/detections_count,std_msgs/msg/Int32,10
1774017378.6506083,/metrics/dbscan/right/points_in,std_msgs/msg/Int32,7711
1774017378.6506867,/metrics/dbscan/right/processing_ms,std_msgs/msg/Float32,86.95960235595703
1774017378.661339,/metrics/dbscan/front/detections_count,std_msgs/msg/Int32,13
1774017378.6615248,/metrics/dbscan/front/points_in,std_msgs/msg/Int32,6476
1774017378.6616313,/metrics/dbscan/front/processing_ms,std_msgs/msg/Float32,75.89533233642578
1774017378.6705856,/metrics/dbscan/left/detections_count,std_msgs/msg/Int32,11
1774017378.6707292,/metrics/dbscan/left/points_in,std_msgs/msg/Int32,7495
1774017378.6707928,/metrics/dbscan/left/processing_ms,std_msgs/msg/Float32,89.03800964355469
1774017378.7000613,/metrics/dbscan/back/detections_count,std_msgs/msg/Int32,10
1774017378.7002206,/metrics/dbscan/back/points_in,std_msgs/msg/Int32,4113
1774017378.700316,/metrics/dbscan/back/processing_ms,std_msgs/msg/Float32,63.904823303222656
1774017378.7555518,/metrics/dbscan/right/detections_count,std_msgs/msg/Int32,10
1774017378.7557557,/metrics/dbscan/right/points_in,std_msgs/msg/Int32,7725
1774017378.755845,/metrics/dbscan/right/processing_ms,std_msgs/msg/Float32,92.67642211914062
1774017378.7615895,/metrics/dbscan/front/detections_count,std_msgs/msg/Int32,13
1774017378.76176,/metrics/dbscan/front/points_in,std_msgs/msg/Int32,6490
1774017378.7618492,/metrics/dbscan/front/processing_ms,std_msgs/msg/Float32,74.55152893066406
1774017378.7659674,/metrics/dbscan/left/detections_count,std_msgs/msg/Int32,11
1774017378.7661123,/metrics/dbscan/left/points_in,std_msgs/msg/Int32,7512
1774017378.7662864,/metrics/dbscan/left/processing_ms,std_msgs/msg/Float32,84.75128936767578
1774017378.801982,/metrics/dbscan/back/detections_count,std_msgs/msg/Int32,10
1774017378.8021615,/metrics/dbscan/back/points_in,std_msgs/msg/Int32,4114
1774017378.8022597,/metrics/dbscan/back/processing_ms,std_msgs/msg/Float32,66.0837173461914
1774017378.8446095,/metrics/dbscan/right/detections_count,std_msgs/msg/Int32,10
1774017378.8447433,/metrics/dbscan/right/points_in,std_msgs/msg/Int32,7390
1774017378.8448284,/metrics/dbscan/right/processing_ms,std_msgs/msg/Float32,84.75575256347656
1774017378.8533478,/metrics/dbscan/front/detections_count,std_msgs/msg/Int32,13
1774017378.8534565,/metrics/dbscan/front/points_in,std_msgs/msg/Int32,6260
1774017378.8535156,/metrics/dbscan/front/processing_ms,std_msgs/msg/Float32,70.75752258300781
1774017378.8669925,/metrics/dbscan/left/detections_count,std_msgs/msg/Int32,11
1774017378.8671405,/metrics/dbscan/left/points_in,std_msgs/msg/Int32,7501
1774017378.8672535,/metrics/dbscan/left/processing_ms,std_msgs/msg/Float32,86.11871337890625
1774017378.8977296,/metrics/dbscan/back/detections_count,std_msgs/msg/Int32,11
1774017378.8978996,/metrics/dbscan/back/points_in,std_msgs/msg/Int32,4116
1774017378.8980284,/metrics/dbscan/back/processing_ms,std_msgs/msg/Float32,61.04199981689453
1774017378.9460526,/metrics/dbscan/right/detections_count,std_msgs/msg/Int32,11
1774017378.9461694,/metrics/dbscan/right/points_in,std_msgs/msg/Int32,6977
1774017378.9462345,/metrics/dbscan/right/processing_ms,std_msgs/msg/Float32,85.61661529541016
1774017378.9635892,/metrics/dbscan/front/detections_count,std_msgs/msg/Int32,12
1774017378.9637353,/metrics/dbscan/front/points_in,std_msgs/msg/Int32,6090
1774017378.9638014,/metrics/dbscan/front/processing_ms,std_msgs/msg/Float32,80.07672119140625
1774017378.968699,/metrics/dbscan/left/detections_count,std_msgs/msg/Int32,11
1774017378.9688268,/metrics/dbscan/left/points_in,std_msgs/msg/Int32,7496
1774017378.968917,/metrics/dbscan/left/processing_ms,std_msgs/msg/Float32,86.38612365722656
1774017379.0037196,/metrics/dbscan/back/detections_count,std_msgs/msg/Int32,10
1774017379.0038598,/metrics/dbscan/back/points_in,std_msgs/msg/Int32,4113
1774017379.0039625,/metrics/dbscan/back/processing_ms,std_msgs/msg/Float32,64.47296142578125
1774017379.0511324,/metrics/dbscan/right/detections_count,std_msgs/msg/Int32,11
1774017379.0512905,/metrics/dbscan/right/points_in,std_msgs/msg/Int32,6912
1774017379.0513895,/metrics/dbscan/right/processing_ms,std_msgs/msg/Float32,90.3069839477539
1774017379.066349,/metrics/dbscan/front/detections_count,std_msgs/msg/Int32,12
1774017379.0664988,/metrics/dbscan/front/points_in,std_msgs/msg/Int32,6281
1774017379.0665708,/metrics/dbscan/front/processing_ms,std_msgs/msg/Float32,81.74684143066406
1774017379.0669508,/metrics/dbscan/left/detections_count,std_msgs/msg/Int32,11
1774017379.0670166,/metrics/dbscan/left/points_in,std_msgs/msg/Int32,7496
1774017379.0670738,/metrics/dbscan/left/processing_ms,std_msgs/msg/Float32,87.50580596923828
1774017379.1074302,/metrics/dbscan/back/detections_count,std_msgs/msg/Int32,10
1774017379.1076944,/metrics/dbscan/back/points_in,std_msgs/msg/Int32,4124
1774017379.1078086,/metrics/dbscan/back/processing_ms,std_msgs/msg/Float32,72.29515838623047
1774017379.151407,/metrics/dbscan/right/detections_count,std_msgs/msg/Int32,11
1774017379.1515443,/metrics/dbscan/right/points_in,std_msgs/msg/Int32,6958
1774017379.1516385,/metrics/dbscan/right/processing_ms,std_msgs/msg/Float32,89.2922592163086
1774017379.1603553,/metrics/dbscan/front/detections_count,std_msgs/msg/Int32,12
1774017379.1604865,/metrics/dbscan/front/points_in,std_msgs/msg/Int32,6494
1774017379.1605704,/metrics/dbscan/front/processing_ms,std_msgs/msg/Float32,75.36397552490234
1774017379.1651182,/metrics/dbscan/left/detections_count,std_msgs/msg/Int32,11
1774017379.165222,/metrics/dbscan/left/points_in,std_msgs/msg/Int32,7499
1774017379.165298,/metrics/dbscan/left/processing_ms,std_msgs/msg/Float32,85.13423156738281
1774017379.19699,/metrics/dbscan/back/detections_count,std_msgs/msg/Int32,10
1774017379.1971285,/metrics/dbscan/back/points_in,std_msgs/msg/Int32,4123
1774017379.1972256,/metrics/dbscan/back/processing_ms,std_msgs/msg/Float32,61.89611053466797
1774017379.239823,/metrics/dbscan/right/detections_count,std_msgs/msg/Int32,10
1774017379.2399948,/metrics/dbscan/right/points_in,std_msgs/msg/Int32,6978
1774017379.2400978,/metrics/dbscan/right/processing_ms,std_msgs/msg/Float32,77.71549987792969
1774017379.2566686,/metrics/dbscan/front/detections_count,std_msgs/msg/Int32,11
1774017379.2568343,/metrics/dbscan/front/points_in,std_msgs/msg/Int32,6550
1774017379.2569351,/metrics/dbscan/front/processing_ms,std_msgs/msg/Float32,70.9212875366211
1774017379.259911,/metrics/dbscan/left/detections_count,std_msgs/msg/Int32,11
1774017379.260003,/metrics/dbscan/left/points_in,std_msgs/msg/Int32,7486
1774017379.2600555,/metrics/dbscan/left/processing_ms,std_msgs/msg/Float32,79.7712631225586
1774017379.297048,/metrics/dbscan/back/detections_count,std_msgs/msg/Int32,11
1774017379.2972038,/metrics/dbscan/back/points_in,std_msgs/msg/Int32,4121
1774017379.2972775,/metrics/dbscan/back/processing_ms,std_msgs/msg/Float32,61.07143783569336
1774017379.3411155,/metrics/dbscan/right/detections_count,std_msgs/msg/Int32,10
1774017379.3412306,/metrics/dbscan/right/points_in,std_msgs/msg/Int32,6863
1774017379.3412907,/metrics/dbscan/right/processing_ms,std_msgs/msg/Float32,78.7881851196289
1774017379.3525648,/metrics/dbscan/front/detections_count,std_msgs/msg/Int32,12
1774017379.3527277,/metrics/dbscan/front/points_in,std_msgs/msg/Int32,6408
1774017379.3527904,/metrics/dbscan/front/processing_ms,std_msgs/msg/Float32,69.71235656738281
1774017379.3674579,/metrics/dbscan/left/detections_count,std_msgs/msg/Int32,11
1774017379.3675969,/metrics/dbscan/left/points_in,std_msgs/msg/Int32,7493
1774017379.3676727,/metrics/dbscan/left/processing_ms,std_msgs/msg/Float32,86.28965759277344
1774017379.4031858,/metrics/dbscan/back/detections_count,std_msgs/msg/Int32,10
1774017379.4033244,/metrics/dbscan/back/points_in,std_msgs/msg/Int32,4100
1774017379.403405,/metrics/dbscan/back/processing_ms,std_msgs/msg/Float32,66.125732421875
1774017379.4442313,/metrics/dbscan/right/detections_count,std_msgs/msg/Int32,10
1774017379.4443507,/metrics/dbscan/right/points_in,std_msgs/msg/Int32,6646
1774017379.4444141,/metrics/dbscan/right/processing_ms,std_msgs/msg/Float32,83.84765625
1774017379.4648569,/metrics/dbscan/front/detections_count,std_msgs/msg/Int32,12
1774017379.4650958,/metrics/dbscan/front/points_in,std_msgs/msg/Int32,6329
1774017379.465232,/metrics/dbscan/front/processing_ms,std_msgs/msg/Float32,81.23046875
1774017379.4686787,/metrics/dbscan/left/detections_count,std_msgs/msg/Int32,11
1774017379.4687884,/metrics/dbscan/left/points_in,std_msgs/msg/Int32,7474
1774017379.468886,/metrics/dbscan/left/processing_ms,std_msgs/msg/Float32,87.0802993774414
1774017379.5008357,/metrics/dbscan/back/detections_count,std_msgs/msg/Int32,9
1774017379.5009954,/metrics/dbscan/back/points_in,std_msgs/msg/Int32,4115
1774017379.501087,/metrics/dbscan/back/processing_ms,std_msgs/msg/Float32,62.90581512451172
1774017379.5435028,/metrics/dbscan/right/detections_count,std_msgs/msg/Int32,10
1774017379.5436623,/metrics/dbscan/right/points_in,std_msgs/msg/Int32,6696
1774017379.543777,/metrics/dbscan/right/processing_ms,std_msgs/msg/Float32,83.03714752197266
1774017379.5688195,/metrics/dbscan/front/detections_count,std_msgs/msg/Int32,13
1774017379.5690835,/metrics/dbscan/front/points_in,std_msgs/msg/Int32,6425
1774017379.5691617,/metrics/dbscan/front/processing_ms,std_msgs/msg/Float32,83.2540054321289
1774017379.5755045,/metrics/dbscan/left/detections_count,std_msgs/msg/Int32,11
1774017379.5757077,/metrics/dbscan/left/points_in,std_msgs/msg/Int32,7498
1774017379.5758295,/metrics/dbscan/left/processing_ms,std_msgs/msg/Float32,95.55987548828125
1774017379.6077611,/metrics/dbscan/back/detections_count,std_msgs/msg/Int32,10
1774017379.6079283,/metrics/dbscan/back/points_in,std_msgs/msg/Int32,4121
1774017379.6080408,/metrics/dbscan/back/processing_ms,std_msgs/msg/Float32,69.3292465209961
1774017379.644385,/metrics/dbscan/right/detections_count,std_msgs/msg/Int32,10
1774017379.6445255,/metrics/dbscan/right/points_in,std_msgs/msg/Int32,7196
1774017379.6445913,/metrics/dbscan/right/processing_ms,std_msgs/msg/Float32,83.15035247802734
1774017379.6649413,/metrics/dbscan/front/detections_count,std_msgs/msg/Int32,11
1774017379.6651075,/metrics/dbscan/front/points_in,std_msgs/msg/Int32,6485
1774017379.6651862,/metrics/dbscan/front/processing_ms,std_msgs/msg/Float32,80.1614990234375
1774017379.6652875,/metrics/dbscan/left/detections_count,std_msgs/msg/Int32,11
1774017379.665375,/metrics/dbscan/left/points_in,std_msgs/msg/Int32,7497
1774017379.665432,/metrics/dbscan/left/processing_ms,std_msgs/msg/Float32,85.38007354736328
1774017379.7030368,/metrics/dbscan/back/detections_count,std_msgs/msg/Int32,9
1774017379.703173,/metrics/dbscan/back/points_in,std_msgs/msg/Int32,4121
1774017379.7032495,/metrics/dbscan/back/processing_ms,std_msgs/msg/Float32,68.25357055664062
1774017379.7438662,/metrics/dbscan/right/detections_count,std_msgs/msg/Int32,11
1774017379.7440593,/metrics/dbscan/right/points_in,std_msgs/msg/Int32,7809
1774017379.7441373,/metrics/dbscan/right/processing_ms,std_msgs/msg/Float32,82.19039154052734
1774017379.7639008,/metrics/dbscan/front/detections_count,std_msgs/msg/Int32,11
1774017379.7640817,/metrics/dbscan/front/points_in,std_msgs/msg/Int32,6424
1774017379.7641742,/metrics/dbscan/front/processing_ms,std_msgs/msg/Float32,77.80270385742188
1774017379.7685888,/metrics/dbscan/left/detections_count,std_msgs/msg/Int32,11
1774017379.7687032,/metrics/dbscan/left/points_in,std_msgs/msg/Int32,7511
1774017379.7687907,/metrics/dbscan/left/processing_ms,std_msgs/msg/Float32,88.1657485961914
1774017379.803804,/metrics/dbscan/back/detections_count,std_msgs/msg/Int32,10
1774017379.8040655,/metrics/dbscan/back/points_in,std_msgs/msg/Int32,4100
1774017379.8042452,/metrics/dbscan/back/processing_ms,std_msgs/msg/Float32,66.61943817138672
1774017379.848138,/metrics/dbscan/right/detections_count,std_msgs/msg/Int32,10
1774017379.8483016,/metrics/dbscan/right/points_in,std_msgs/msg/Int32,8221
1774017379.8484185,/metrics/dbscan/right/processing_ms,std_msgs/msg/Float32,85.10295104980469
1774017379.860117,/metrics/dbscan/front/detections_count,std_msgs/msg/Int32,12
1774017379.8602402,/metrics/dbscan/front/points_in,std_msgs/msg/Int32,6149
1774017379.8603046,/metrics/dbscan/front/processing_ms,std_msgs/msg/Float32,77.18376159667969
1774017379.8655558,/metrics/dbscan/left/detections_count,std_msgs/msg/Int32,11
1774017379.865659,/metrics/dbscan/left/points_in,std_msgs/msg/Int32,7501
1774017379.8657293,/metrics/dbscan/left/processing_ms,std_msgs/msg/Float32,83.850341796875
1774017379.899973,/metrics/dbscan/back/detections_count,std_msgs/msg/Int32,11
1774017379.9000978,/metrics/dbscan/back/points_in,std_msgs/msg/Int32,4116
1774017379.9001703,/metrics/dbscan/back/processing_ms,std_msgs/msg/Float32,63.650230407714844
1774017379.9410744,/metrics/dbscan/right/detections_count,std_msgs/msg/Int32,10
1774017379.9412026,/metrics/dbscan/right/points_in,std_msgs/msg/Int32,8532
1774017379.9412673,/metrics/dbscan/right/processing_ms,std_msgs/msg/Float32,77.90131378173828
1774017379.9566236,/metrics/dbscan/front/detections_count,std_msgs/msg/Int32,12
1774017379.9567764,/metrics/dbscan/front/points_in,std_msgs/msg/Int32,6042
1774017379.9568532,/metrics/dbscan/front/processing_ms,std_msgs/msg/Float32,73.24488067626953
1774017379.9632406,/metrics/dbscan/left/detections_count,std_msgs/msg/Int32,11
1774017379.9633515,/metrics/dbscan/left/points_in,std_msgs/msg/Int32,7501
1774017379.9634633,/metrics/dbscan/left/processing_ms,std_msgs/msg/Float32,80.71546936035156
1774017380.0002952,/metrics/dbscan/back/detections_count,std_msgs/msg/Int32,9
1774017380.0004628,/metrics/dbscan/back/points_in,std_msgs/msg/Int32,4115
1774017380.0005538,/metrics/dbscan/back/processing_ms,std_msgs/msg/Float32,63.265281677246094
1774017380.0393214,/metrics/dbscan/right/detections_count,std_msgs/msg/Int32,10
1774017380.039478,/metrics/dbscan/right/points_in,std_msgs/msg/Int32,8549
1774017380.0395584,/metrics/dbscan/right/processing_ms,std_msgs/msg/Float32,78.62757873535156
1774017380.0548396,/metrics/dbscan/front/detections_count,std_msgs/msg/Int32,13
1774017380.0549974,/metrics/dbscan/front/points_in,std_msgs/msg/Int32,5989
1774017380.05506,/metrics/dbscan/front/processing_ms,std_msgs/msg/Float32,70.8843002319336
1774017380.062358,/metrics/dbscan/left/detections_count,std_msgs/msg/Int32,11
1774017380.0625186,/metrics/dbscan/left/points_in,std_msgs/msg/Int32,7521
1774017380.0626085,/metrics/dbscan/left/processing_ms,std_msgs/msg/Float32,83.1126937866211
1774017380.1007645,/metrics/dbscan/back/detections_count,std_msgs/msg/Int32,11
1774017380.1009328,/metrics/dbscan/back/points_in,std_msgs/msg/Int32,4110
1774017380.1010263,/metrics/dbscan/back/processing_ms,std_msgs/msg/Float32,63.32755661010742
1774017380.1447804,/metrics/dbscan/right/detections_count,std_msgs/msg/Int32,9
1774017380.1449475,/metrics/dbscan/right/points_in,std_msgs/msg/Int32,8790
1774017380.1450348,/metrics/dbscan/right/processing_ms,std_msgs/msg/Float32,83.61203002929688
1774017380.1577299,/metrics/dbscan/front/detections_count,std_msgs/msg/Int32,13
1774017380.1578639,/metrics/dbscan/front/points_in,std_msgs/msg/Int32,6059
1774017380.1579835,/metrics/dbscan/front/processing_ms,std_msgs/msg/Float32,73.36893463134766
1774017380.1730587,/metrics/dbscan/left/detections_count,std_msgs/msg/Int32,11
1774017380.1732254,/metrics/dbscan/left/points_in,std_msgs/msg/Int32,7516
1774017380.1733184,/metrics/dbscan/left/processing_ms,std_msgs/msg/Float32,93.36695861816406
1774017380.199818,/metrics/dbscan/back/detections_count,std_msgs/msg/Int32,10
1774017380.2000325,/metrics/dbscan/back/points_in,std_msgs/msg/Int32,4126
1774017380.200137,/metrics/dbscan/back/processing_ms,std_msgs/msg/Float32,61.449764251708984
1774017380.2456686,/metrics/dbscan/right/detections_count,std_msgs/msg/Int32,10
1774017380.2457705,/metrics/dbscan/right/points_in,std_msgs/msg/Int32,8930
1774017380.2458367,/metrics/dbscan/right/processing_ms,std_msgs/msg/Float32,83.81998443603516
1774017380.256188,/metrics/dbscan/front/detections_count,std_msgs/msg/Int32,12
1774017380.256305,/metrics/dbscan/front/points_in,std_msgs/msg/Int32,6092
1774017380.2563672,/metrics/dbscan/front/processing_ms,std_msgs/msg/Float32,70.75374603271484
1774017380.2628183,/metrics/dbscan/left/detections_count,std_msgs/msg/Int32,12
1774017380.2629888,/metrics/dbscan/left/points_in,std_msgs/msg/Int32,7530
1774017380.263064,/metrics/dbscan/left/processing_ms,std_msgs/msg/Float32,82.31709289550781
1774017380.292664,/metrics/dbscan/back/detections_count,std_msgs/msg/Int32,10
1774017380.2927744,/metrics/dbscan/back/points_in,std_msgs/msg/Int32,4115
1774017380.2928376,/metrics/dbscan/back/processing_ms,std_msgs/msg/Float32,58.390079498291016
1774017380.3437686,/metrics/dbscan/right/detections_count,std_msgs/msg/Int32,10
1774017380.3438995,/metrics/dbscan/right/points_in,std_msgs/msg/Int32,9090
1774017380.3439784,/metrics/dbscan/right/processing_ms,std_msgs/msg/Float32,81.647705078125
1774017380.3547227,/metrics/dbscan/front/detections_count,std_msgs/msg/Int32,12
1774017380.3548994,/metrics/dbscan/front/points_in,std_msgs/msg/Int32,6135
1774017380.3549829,/metrics/dbscan/front/processing_ms,std_msgs/msg/Float32,71.32506561279297
1774017380.3636906,/metrics/dbscan/left/detections_count,std_msgs/msg/Int32,12
1774017380.3637962,/metrics/dbscan/left/points_in,std_msgs/msg/Int32,7600
1774017380.3638542,/metrics/dbscan/left/processing_ms,std_msgs/msg/Float32,81.19381713867188
1774017380.3986335,/metrics/dbscan/back/detections_count,std_msgs/msg/Int32,10
1774017380.398761,/metrics/dbscan/back/points_in,std_msgs/msg/Int32,4107
1774017380.39883,/metrics/dbscan/back/processing_ms,std_msgs/msg/Float32,62.866111755371094
1774017380.4547925,/metrics/dbscan/right/detections_count,std_msgs/msg/Int32,10
1774017380.4549649,/metrics/dbscan/right/points_in,std_msgs/msg/Int32,9307
1774017380.455037,/metrics/dbscan/right/processing_ms,std_msgs/msg/Float32,91.90779876708984
1774017380.464765,/metrics/dbscan/front/detections_count,std_msgs/msg/Int32,12
1774017380.4649475,/metrics/dbscan/front/points_in,std_msgs/msg/Int32,6191
1774017380.4650466,/metrics/dbscan/front/processing_ms,std_msgs/msg/Float32,81.28713989257812
1774017380.4665287,/metrics/dbscan/left/detections_count,std_msgs/msg/Int32,11
1774017380.4666357,/metrics/dbscan/left/points_in,std_msgs/msg/Int32,7711
1774017380.4667034,/metrics/dbscan/left/processing_ms,std_msgs/msg/Float32,84.12107849121094
1774017380.4974368,/metrics/dbscan/back/detections_count,std_msgs/msg/Int32,10
1774017380.497572,/metrics/dbscan/back/points_in,std_msgs/msg/Int32,4104
1774017380.4976475,/metrics/dbscan/back/processing_ms,std_msgs/msg/Float32,62.16503143310547
1774017380.5466998,/metrics/dbscan/right/detections_count,std_msgs/msg/Int32,11
1774017380.5468314,/metrics/dbscan/right/points_in,std_msgs/msg/Int32,9261
1774017380.546966,/metrics/dbscan/right/processing_ms,std_msgs/msg/Float32,86.77371978759766
1774017380.5655425,/metrics/dbscan/front/detections_count,std_msgs/msg/Int32,12
1774017380.5656877,/metrics/dbscan/front/points_in,std_msgs/msg/Int32,6245
1774017380.5657804,/metrics/dbscan/front/processing_ms,std_msgs/msg/Float32,82.0011215209961
1774017380.5674934,/metrics/dbscan/left/detections_count,std_msgs/msg/Int32,11
1774017380.5676272,/metrics/dbscan/left/points_in,std_msgs/msg/Int32,7870
1774017380.5677283,/metrics/dbscan/left/processing_ms,std_msgs/msg/Float32,88.14837646484375
1774017380.6087914,/metrics/dbscan/back/detections_count,std_msgs/msg/Int32,10
1774017380.6089897,/metrics/dbscan/back/points_in,std_msgs/msg/Int32,4117
1774017380.6090863,/metrics/dbscan/back/processing_ms,std_msgs/msg/Float32,71.75372314453125
1774017380.6484094,/metrics/dbscan/right/detections_count,std_msgs/msg/Int32,11
1774017380.648547,/metrics/dbscan/right/points_in,std_msgs/msg/Int32,9168
1774017380.6486313,/metrics/dbscan/right/processing_ms,std_msgs/msg/Float32,87.83885192871094
1774017380.6651506,/metrics/dbscan/front/detections_count,std_msgs/msg/Int32,13
1774017380.6653247,/metrics/dbscan/front/points_in,std_msgs/msg/Int32,6368
1774017380.665417,/metrics/dbscan/front/processing_ms,std_msgs/msg/Float32,79.89242553710938
1774017380.6772633,/metrics/dbscan/left/detections_count,std_msgs/msg/Int32,12
1774017380.6774008,/metrics/dbscan/left/points_in,std_msgs/msg/Int32,8098
1774017380.6774654,/metrics/dbscan/left/processing_ms,std_msgs/msg/Float32,96.60932922363281
1774017380.7053623,/metrics/dbscan/back/detections_count,std_msgs/msg/Int32,10
1774017380.705565,/metrics/dbscan/back/points_in,std_msgs/msg/Int32,4117
1774017380.705685,/metrics/dbscan/back/processing_ms,std_msgs/msg/Float32,68.15992736816406
1774017380.747682,/metrics/dbscan/right/detections_count,std_msgs/msg/Int32,12
1774017380.74784,/metrics/dbscan/right/points_in,std_msgs/msg/Int32,8998
1774017380.747951,/metrics/dbscan/right/processing_ms,std_msgs/msg/Float32,86.31968688964844
1774017380.761248,/metrics/dbscan/front/detections_count,std_msgs/msg/Int32,12
1774017380.7613544,/metrics/dbscan/front/points_in,std_msgs/msg/Int32,6396
1774017380.7614186,/metrics/dbscan/front/processing_ms,std_msgs/msg/Float32,76.3014144897461
1774017380.7738864,/metrics/dbscan/left/detections_count,std_msgs/msg/Int32,12
1774017380.774069,/metrics/dbscan/left/points_in,std_msgs/msg/Int32,8238
1774017380.774181,/metrics/dbscan/left/processing_ms,std_msgs/msg/Float32,92.79754638671875
1774017380.807985,/metrics/dbscan/back/detections_count,std_msgs/msg/Int32,10
1774017380.8081133,/metrics/dbscan/back/points_in,std_msgs/msg/Int32,4119
1774017380.8082051,/metrics/dbscan/back/processing_ms,std_msgs/msg/Float32,69.18183135986328
1774017380.839289,/metrics/dbscan/right/detections_count,std_msgs/msg/Int32,12
1774017380.8394094,/metrics/dbscan/right/points_in,std_msgs/msg/Int32,8642
1774017380.8394947,/metrics/dbscan/right/processing_ms,std_msgs/msg/Float32,77.66272735595703
1774017380.8684464,/metrics/dbscan/front/detections_count,std_msgs/msg/Int32,12
1774017380.8686082,/metrics/dbscan/front/points_in,std_msgs/msg/Int32,6258
1774017380.8686938,/metrics/dbscan/front/processing_ms,std_msgs/msg/Float32,82.24284362792969
1774017380.871372,/metrics/dbscan/left/detections_count,std_msgs/msg/Int32,12
1774017380.8715515,/metrics/dbscan/left/points_in,std_msgs/msg/Int32,8204
1774017380.8716433,/metrics/dbscan/left/processing_ms,std_msgs/msg/Float32,89.60311126708984
1774017380.9010603,/metrics/dbscan/back/detections_count,std_msgs/msg/Int32,10
1774017380.9012358,/metrics/dbscan/back/points_in,std_msgs/msg/Int32,4123
1774017380.9013236,/metrics/dbscan/back/processing_ms,std_msgs/msg/Float32,66.08885192871094
1774017380.9443605,/metrics/dbscan/right/detections_count,std_msgs/msg/Int32,12
1774017380.9444942,/metrics/dbscan/right/points_in,std_msgs/msg/Int32,8287
1774017380.944559,/metrics/dbscan/right/processing_ms,std_msgs/msg/Float32,83.28314208984375
1774017380.9632127,/metrics/dbscan/front/detections_count,std_msgs/msg/Int32,13
1774017380.9634528,/metrics/dbscan/front/points_in,std_msgs/msg/Int32,6321
1774017380.9635494,/metrics/dbscan/front/processing_ms,std_msgs/msg/Float32,79.53570556640625
1774017380.9704947,/metrics/dbscan/left/detections_count,std_msgs/msg/Int32,12
1774017380.9706295,/metrics/dbscan/left/points_in,std_msgs/msg/Int32,8309
1774017380.9707022,/metrics/dbscan/left/processing_ms,std_msgs/msg/Float32,87.52261352539062
1774017381.0079222,/metrics/dbscan/back/detections_count,std_msgs/msg/Int32,9
1774017381.008157,/metrics/dbscan/back/points_in,std_msgs/msg/Int32,4121
1774017381.0082889,/metrics/dbscan/back/processing_ms,std_msgs/msg/Float32,72.64945983886719
1774017381.053552,/metrics/dbscan/right/detections_count,std_msgs/msg/Int32,12
1774017381.0537226,/metrics/dbscan/right/points_in,std_msgs/msg/Int32,8206
1774017381.0538023,/metrics/dbscan/right/processing_ms,std_msgs/msg/Float32,89.5340805053711
1774017381.0663104,/metrics/dbscan/front/detections_count,std_msgs/msg/Int32,12
1774017381.0665026,/metrics/dbscan/front/points_in,std_msgs/msg/Int32,6502
1774017381.0666277,/metrics/dbscan/front/processing_ms,std_msgs/msg/Float32,82.14884948730469
1774017381.0779886,/metrics/dbscan/left/detections_count,std_msgs/msg/Int32,12
1774017381.0781715,/metrics/dbscan/left/points_in,std_msgs/msg/Int32,8450
1774017381.0782828,/metrics/dbscan/left/processing_ms,std_msgs/msg/Float32,98.24240112304688
1774017381.1023808,/metrics/dbscan/back/detections_count,std_msgs/msg/Int32,11
1774017381.102522,/metrics/dbscan/back/points_in,std_msgs/msg/Int32,4119
1774017381.1026304,/metrics/dbscan/back/processing_ms,std_msgs/msg/Float32,66.43275451660156
1774017381.1443536,/metrics/dbscan/right/detections_count,std_msgs/msg/Int32,12
1774017381.144469,/metrics/dbscan/right/points_in,std_msgs/msg/Int32,8129
1774017381.1445522,/metrics/dbscan/right/processing_ms,std_msgs/msg/Float32,84.7435073852539
1774017381.1670964,/metrics/dbscan/left/detections_count,std_msgs/msg/Int32,12
1774017381.167261,/metrics/dbscan/left/points_in,std_msgs/msg/Int32,8619
1774017381.167346,/metrics/dbscan/left/processing_ms,std_msgs/msg/Float32,86.05839538574219
1774017381.1683364,/metrics/dbscan/front/detections_count,std_msgs/msg/Int32,13
1774017381.1684117,/metrics/dbscan/front/points_in,std_msgs/msg/Int32,6666
1774017381.168466,/metrics/dbscan/front/processing_ms,std_msgs/msg/Float32,82.4634780883789
1774017381.197261,/metrics/dbscan/back/detections_count,std_msgs/msg/Int32,9
1774017381.1973734,/metrics/dbscan/back/points_in,std_msgs/msg/Int32,4119
1774017381.1974337,/metrics/dbscan/back/processing_ms,std_msgs/msg/Float32,60.0301399230957
1774017381.235479,/metrics/dbscan/right/detections_count,std_msgs/msg/Int32,12
1774017381.2356281,/metrics/dbscan/right/points_in,std_msgs/msg/Int32,7927
1774017381.235693,/metrics/dbscan/right/processing_ms,std_msgs/msg/Float32,75.0025863647461
1774017381.2567031,/metrics/dbscan/front/detections_count,std_msgs/msg/Int32,12
1774017381.2568676,/metrics/dbscan/front/points_in,std_msgs/msg/Int32,6734
1774017381.2569716,/metrics/dbscan/front/processing_ms,std_msgs/msg/Float32,71.57023620605469
1774017381.268009,/metrics/dbscan/left/detections_count,std_msgs/msg/Int32,12
1774017381.2681477,/metrics/dbscan/left/points_in,std_msgs/msg/Int32,8670
1774017381.2682369,/metrics/dbscan/left/processing_ms,std_msgs/msg/Float32,87.58085632324219
1774017381.2969515,/metrics/dbscan/back/detections_count,std_msgs/msg/Int32,10
1774017381.2971044,/metrics/dbscan/back/points_in,std_msgs/msg/Int32,4117
1774017381.2971966,/metrics/dbscan/back/processing_ms,std_msgs/msg/Float32,58.531864166259766
1774017381.337548,/metrics/dbscan/right/detections_count,std_msgs/msg/Int32,11
1774017381.3377483,/metrics/dbscan/right/points_in,std_msgs/msg/Int32,7677
1774017381.3378315,/metrics/dbscan/right/processing_ms,std_msgs/msg/Float32,77.03131866455078
1774017381.3636682,/metrics/dbscan/front/detections_count,std_msgs/msg/Int32,13
1774017381.363801,/metrics/dbscan/front/points_in,std_msgs/msg/Int32,6701
1774017381.3639302,/metrics/dbscan/front/processing_ms,std_msgs/msg/Float32,76.73126983642578
1774017381.36785,/metrics/dbscan/left/detections_count,std_msgs/msg/Int32,11
1774017381.3680136,/metrics/dbscan/left/points_in,std_msgs/msg/Int32,8654
1774017381.3680754,/metrics/dbscan/left/processing_ms,std_msgs/msg/Float32,86.38790893554688
1774017381.4076118,/metrics/dbscan/back/detections_count,std_msgs/msg/Int32,11
1774017381.4077852,/metrics/dbscan/back/points_in,std_msgs/msg/Int32,4112
1774017381.407912,/metrics/dbscan/back/processing_ms,std_msgs/msg/Float32,67.08604431152344
1774017381.4433556,/metrics/dbscan/right/detections_count,std_msgs/msg/Int32,10
1774017381.4435036,/metrics/dbscan/right/points_in,std_msgs/msg/Int32,7451
1774017381.4435813,/metrics/dbscan/right/processing_ms,std_msgs/msg/Float32,81.51105499267578
1774017381.4636073,/metrics/dbscan/front/detections_count,std_msgs/msg/Int32,12
1774017381.4637735,/metrics/dbscan/front/points_in,std_msgs/msg/Int32,6724
1774017381.4638586,/metrics/dbscan/front/processing_ms,std_msgs/msg/Float32,79.9707260131836
1774017381.4772503,/metrics/dbscan/left/detections_count,std_msgs/msg/Int32,11
1774017381.4774387,/metrics/dbscan/left/points_in,std_msgs/msg/Int32,8661
1774017381.4775076,/metrics/dbscan/left/processing_ms,std_msgs/msg/Float32,93.72337341308594
1774017381.5012546,/metrics/dbscan/back/detections_count,std_msgs/msg/Int32,10
1774017381.5013916,/metrics/dbscan/back/points_in,std_msgs/msg/Int32,4116
1774017381.50147,/metrics/dbscan/back/processing_ms,std_msgs/msg/Float32,66.23058319091797
1774017381.5452068,/metrics/dbscan/right/detections_count,std_msgs/msg/Int32,11
1774017381.5453434,/metrics/dbscan/right/points_in,std_msgs/msg/Int32,7305
1774017381.5454094,/metrics/dbscan/right/processing_ms,std_msgs/msg/Float32,82.63277435302734
1774017381.565283,/metrics/dbscan/front/detections_count,std_msgs/msg/Int32,13
1774017381.5654037,/metrics/dbscan/front/points_in,std_msgs/msg/Int32,6818
1774017381.5654716,/metrics/dbscan/front/processing_ms,std_msgs/msg/Float32,81.43026733398438
1774017381.571854,/metrics/dbscan/left/detections_count,std_msgs/msg/Int32,12
1774017381.572057,/metrics/dbscan/left/points_in,std_msgs/msg/Int32,8709
1774017381.5721655,/metrics/dbscan/left/processing_ms,std_msgs/msg/Float32,92.34425354003906
1774017381.6072361,/metrics/dbscan/back/detections_count,std_msgs/msg/Int32,10
1774017381.607436,/metrics/dbscan/back/points_in,std_msgs/msg/Int32,4112
1774017381.6075344,/metrics/dbscan/back/processing_ms,std_msgs/msg/Float32,71.34815979003906
1774017381.637725,/metrics/dbscan/right/detections_count,std_msgs/msg/Int32,13
1774017381.6378415,/metrics/dbscan/right/points_in,std_msgs/msg/Int32,7245
1774017381.6379247,/metrics/dbscan/right/processing_ms,std_msgs/msg/Float32,77.7121810913086
1774017381.6642332,/metrics/dbscan/left/detections_count,std_msgs/msg/Int32,12
1774017381.664379,/metrics/dbscan/left/points_in,std_msgs/msg/Int32,8783
1774017381.6644537,/metrics/dbscan/left/processing_ms,std_msgs/msg/Float32,84.48674011230469
1774017381.665018,/metrics/dbscan/front/detections_count,std_msgs/msg/Int32,12
1774017381.6650856,/metrics/dbscan/front/points_in,std_msgs/msg/Int32,6962
1774017381.66514,/metrics/dbscan/front/processing_ms,std_msgs/msg/Float32,79.85277557373047
1774017381.6972203,/metrics/dbscan/back/detections_count,std_msgs/msg/Int32,9
1774017381.6973317,/metrics/dbscan/back/points_in,std_msgs/msg/Int32,4111
1774017381.6973927,/metrics/dbscan/back/processing_ms,std_msgs/msg/Float32,61.559715270996094
1774017381.734066,/metrics/dbscan/right/detections_count,std_msgs/msg/Int32,12
1774017381.7342227,/metrics/dbscan/right/points_in,std_msgs/msg/Int32,7180
1774017381.7343166,/metrics/dbscan/right/processing_ms,std_msgs/msg/Float32,73.82807922363281
1774017381.767435,/metrics/dbscan/front/detections_count,std_msgs/msg/Int32,11
1774017381.7676072,/metrics/dbscan/front/points_in,std_msgs/msg/Int32,7042
1774017381.767747,/metrics/dbscan/front/processing_ms,std_msgs/msg/Float32,82.11681365966797
1774017381.7729635,/metrics/dbscan/left/detections_count,std_msgs/msg/Int32,11
1774017381.7731237,/metrics/dbscan/left/points_in,std_msgs/msg/Int32,8870
1774017381.7731986,/metrics/dbscan/left/processing_ms,std_msgs/msg/Float32,91.94641876220703
1774017381.8027565,/metrics/dbscan/back/detections_count,std_msgs/msg/Int32,10
1774017381.803027,/metrics/dbscan/back/points_in,std_msgs/msg/Int32,4113
1774017381.8031197,/metrics/dbscan/back/processing_ms,std_msgs/msg/Float32,66.27879333496094
1774017381.8367112,/metrics/dbscan/right/detections_count,std_msgs/msg/Int32,11
1774017381.8368576,/metrics/dbscan/right/points_in,std_msgs/msg/Int32,7033
1774017381.8369346,/metrics/dbscan/right/processing_ms,std_msgs/msg/Float32,75.45458984375
1774017381.871558,/metrics/dbscan/left/detections_count,std_msgs/msg/Int32,11
1774017381.8717442,/metrics/dbscan/left/points_in,std_msgs/msg/Int32,8916
1774017381.8718328,/metrics/dbscan/left/processing_ms,std_msgs/msg/Float32,90.03894805908203
1774017381.8727627,/metrics/dbscan/front/detections_count,std_msgs/msg/Int32,12
1774017381.8728828,/metrics/dbscan/front/points_in,std_msgs/msg/Int32,7107
1774017381.8729818,/metrics/dbscan/front/processing_ms,std_msgs/msg/Float32,86.40237426757812
1774017381.9000132,/metrics/dbscan/back/detections_count,std_msgs/msg/Int32,10
1774017381.9001706,/metrics/dbscan/back/points_in,std_msgs/msg/Int32,4112
1774017381.9002483,/metrics/dbscan/back/processing_ms,std_msgs/msg/Float32,63.33110427856445
1774017381.9453135,/metrics/dbscan/right/detections_count,std_msgs/msg/Int32,11
1774017381.9454455,/metrics/dbscan/right/points_in,std_msgs/msg/Int32,6867
1774017381.9455183,/metrics/dbscan/right/processing_ms,std_msgs/msg/Float32,83.84107208251953
1774017381.9678347,/metrics/dbscan/front/detections_count,std_msgs/msg/Int32,11
1774017381.9680257,/metrics/dbscan/front/processing_ms,std_msgs/msg/Float32,83.63241577148438
1774017381.9681144,/metrics/dbscan/left/detections_count,std_msgs/msg/Int32,11
1774017381.9682117,/metrics/dbscan/left/points_in,std_msgs/msg/Int32,9023
1774017381.9683003,/metrics/dbscan/left/processing_ms,std_msgs/msg/Float32,88.28961181640625
1774017381.9686975,/metrics/dbscan/front/points_in,std_msgs/msg/Int32,7253
1774017381.9956856,/metrics/dbscan/back/detections_count,std_msgs/msg/Int32,10
1774017381.9958076,/metrics/dbscan/back/points_in,std_msgs/msg/Int32,4121
1774017381.9958854,/metrics/dbscan/back/processing_ms,std_msgs/msg/Float32,62.48600387573242
1774017382.0348444,/metrics/dbscan/right/detections_count,std_msgs/msg/Int32,12
1774017382.035011,/metrics/dbscan/right/points_in,std_msgs/msg/Int32,6693
1774017382.0351121,/metrics/dbscan/right/processing_ms,std_msgs/msg/Float32,72.8262710571289
1774017382.0637987,/metrics/dbscan/front/detections_count,std_msgs/msg/Int32,11
1774017382.063931,/metrics/dbscan/front/points_in,std_msgs/msg/Int32,7483
1774017382.064015,/metrics/dbscan/front/processing_ms,std_msgs/msg/Float32,79.9493179321289
1774017382.07031,/metrics/dbscan/left/detections_count,std_msgs/msg/Int32,12
1774017382.0704842,/metrics/dbscan/left/points_in,std_msgs/msg/Int32,9154
1774017382.070569,/metrics/dbscan/left/processing_ms,std_msgs/msg/Float32,89.94477844238281
1774017382.098581,/metrics/dbscan/back/detections_count,std_msgs/msg/Int32,11
1774017382.0986896,/metrics/dbscan/back/points_in,std_msgs/msg/Int32,4111
1774017382.0987515,/metrics/dbscan/back/processing_ms,std_msgs/msg/Float32,63.02769088745117
1774017382.137385,/metrics/dbscan/right/detections_count,std_msgs/msg/Int32,12
1774017382.1375458,/metrics/dbscan/right/points_in,std_msgs/msg/Int32,6633
1774017382.1376266,/metrics/dbscan/right/processing_ms,std_msgs/msg/Float32,74.76445770263672
1774017382.1604557,/metrics/dbscan/front/detections_count,std_msgs/msg/Int32,13
1774017382.1605778,/metrics/dbscan/front/points_in,std_msgs/msg/Int32,7678
1774017382.1606436,/metrics/dbscan/front/processing_ms,std_msgs/msg/Float32,75.39918518066406
1774017382.164739,/metrics/dbscan/left/detections_count,std_msgs/msg/Int32,11
1774017382.164973,/metrics/dbscan/left/points_in,std_msgs/msg/Int32,9215
1774017382.1650805,/metrics/dbscan/left/processing_ms,std_msgs/msg/Float32,85.0309066772461
1774017382.1988597,/metrics/dbscan/back/detections_count,std_msgs/msg/Int32,10
1774017382.1990426,/metrics/dbscan/back/points_in,std_msgs/msg/Int32,4117
1774017382.199121,/metrics/dbscan/back/processing_ms,std_msgs/msg/Float32,62.67111587524414
1774017382.2323518,/metrics/dbscan/right/detections_count,std_msgs/msg/Int32,12
1774017382.2325108,/metrics/dbscan/right/points_in,std_msgs/msg/Int32,6759
1774017382.2325811,/metrics/dbscan/right/processing_ms,std_msgs/msg/Float32,72.60395812988281
1774017382.2664113,/metrics/dbscan/front/detections_count,std_msgs/msg/Int32,12
1774017382.2665439,/metrics/dbscan/front/points_in,std_msgs/msg/Int32,7785
1774017382.2666087,/metrics/dbscan/front/processing_ms,std_msgs/msg/Float32,80.81876373291016
1774017382.2669637,/metrics/dbscan/left/detections_count,std_msgs/msg/Int32,12
1774017382.2670264,/metrics/dbscan/left/points_in,std_msgs/msg/Int32,9262
1774017382.267097,/metrics/dbscan/left/processing_ms,std_msgs/msg/Float32,85.65992736816406
1774017382.2962234,/metrics/dbscan/back/detections_count,std_msgs/msg/Int32,9
1774017382.2963376,/metrics/dbscan/back/points_in,std_msgs/msg/Int32,4116
1774017382.2964,/metrics/dbscan/back/processing_ms,std_msgs/msg/Float32,59.58937454223633
1774017382.3340285,/metrics/dbscan/right/detections_count,std_msgs/msg/Int32,11
1774017382.3341432,/metrics/dbscan/right/points_in,std_msgs/msg/Int32,6822
1774017382.3342087,/metrics/dbscan/right/processing_ms,std_msgs/msg/Float32,74.11100769042969
1774017382.3587525,/metrics/dbscan/front/detections_count,std_msgs/msg/Int32,12
1774017382.3589752,/metrics/dbscan/front/points_in,std_msgs/msg/Int32,7851
1774017382.35907,/metrics/dbscan/front/processing_ms,std_msgs/msg/Float32,72.44769287109375
1774017382.3645337,/metrics/dbscan/left/detections_count,std_msgs/msg/Int32,12
1774017382.364668,/metrics/dbscan/left/points_in,std_msgs/msg/Int32,9271
1774017382.364753,/metrics/dbscan/left/processing_ms,std_msgs/msg/Float32,82.80532836914062
1774017382.3991733,/metrics/dbscan/back/detections_count,std_msgs/msg/Int32,11
1774017382.3993134,/metrics/dbscan/back/points_in,std_msgs/msg/Int32,4103
1774017382.399403,/metrics/dbscan/back/processing_ms,std_msgs/msg/Float32,61.53606033325195
1774017382.4462628,/metrics/dbscan/right/detections_count,std_msgs/msg/Int32,11
1774017382.446393,/metrics/dbscan/right/points_in,std_msgs/msg/Int32,6876
1774017382.4464684,/metrics/dbscan/right/processing_ms,std_msgs/msg/Float32,84.9039306640625
1774017382.4630773,/metrics/dbscan/front/detections_count,std_msgs/msg/Int32,13
1774017382.4631846,/metrics/dbscan/front/points_in,std_msgs/msg/Int32,7918
1774017382.4632733,/metrics/dbscan/front/processing_ms,std_msgs/msg/Float32,80.03663635253906
1774017382.4743488,/metrics/dbscan/left/detections_count,std_msgs/msg/Int32,12
1774017382.4745152,/metrics/dbscan/left/points_in,std_msgs/msg/Int32,9276
1774017382.4746242,/metrics/dbscan/left/processing_ms,std_msgs/msg/Float32,95.30353546142578
1774017382.5028355,/metrics/dbscan/back/detections_count,std_msgs/msg/Int32,10
1774017382.5030546,/metrics/dbscan/back/points_in,std_msgs/msg/Int32,4112
1774017382.5031483,/metrics/dbscan/back/processing_ms,std_msgs/msg/Float32,64.15235900878906
1774017382.5434825,/metrics/dbscan/right/detections_count,std_msgs/msg/Int32,13
1774017382.543605,/metrics/dbscan/right/points_in,std_msgs/msg/Int32,6939
1774017382.54367,/metrics/dbscan/right/processing_ms,std_msgs/msg/Float32,82.34561157226562
1774017382.5671372,/metrics/dbscan/front/detections_count,std_msgs/msg/Int32,12
1774017382.567299,/metrics/dbscan/front/points_in,std_msgs/msg/Int32,7997
1774017382.5673714,/metrics/dbscan/front/processing_ms,std_msgs/msg/Float32,82.82967376708984
1774017382.5715628,/metrics/dbscan/left/detections_count,std_msgs/msg/Int32,12
1774017382.5717201,/metrics/dbscan/left/points_in,std_msgs/msg/Int32,9303
1774017382.5718174,/metrics/dbscan/left/processing_ms,std_msgs/msg/Float32,91.86312866210938
1774017382.5994134,/metrics/dbscan/back/detections_count,std_msgs/msg/Int32,10
1774017382.5995615,/metrics/dbscan/back/points_in,std_msgs/msg/Int32,4121
1774017382.599659,/metrics/dbscan/back/processing_ms,std_msgs/msg/Float32,65.30105590820312
1774017382.648422,/metrics/dbscan/right/detections_count,std_msgs/msg/Int32,13
1774017382.6485393,/metrics/dbscan/right/points_in,std_msgs/msg/Int32,7039
1774017382.648608,/metrics/dbscan/right/processing_ms,std_msgs/msg/Float32,84.38900756835938
1774017382.6676307,/metrics/dbscan/front/detections_count,std_msgs/msg/Int32,13
1774017382.6677544,/metrics/dbscan/front/points_in,std_msgs/msg/Int32,8197
1774017382.6678174,/metrics/dbscan/front/processing_ms,std_msgs/msg/Float32,82.68287658691406
1774017382.6750352,/metrics/dbscan/left/detections_count,std_msgs/msg/Int32,12
1774017382.675263,/metrics/dbscan/left/points_in,std_msgs/msg/Int32,9393
1774017382.6754239,/metrics/dbscan/left/processing_ms,std_msgs/msg/Float32,94.29852294921875
1774017382.703404,/metrics/dbscan/back/detections_count,std_msgs/msg/Int32,10
1774017382.7035775,/metrics/dbscan/back/points_in,std_msgs/msg/Int32,4118
1774017382.7036552,/metrics/dbscan/back/processing_ms,std_msgs/msg/Float32,68.15767669677734
1774017382.7512898,/metrics/dbscan/right/detections_count,std_msgs/msg/Int32,12
1774017382.7514029,/metrics/dbscan/right/points_in,std_msgs/msg/Int32,7150
1774017382.751471,/metrics/dbscan/right/processing_ms,std_msgs/msg/Float32,87.98480224609375
1774017382.7781289,/metrics/dbscan/front/detections_count,std_msgs/msg/Int32,13
1774017382.7782998,/metrics/dbscan/front/points_in,std_msgs/msg/Int32,8402
1774017382.778379,/metrics/dbscan/front/processing_ms,std_msgs/msg/Float32,90.9903793334961
1774017382.7788222,/metrics/dbscan/left/detections_count,std_msgs/msg/Int32,12
1774017382.778925,/metrics/dbscan/left/points_in,std_msgs/msg/Int32,9445
1774017382.7789924,/metrics/dbscan/left/processing_ms,std_msgs/msg/Float32,96.0235366821289
1774017382.8011246,/metrics/dbscan/back/detections_count,std_msgs/msg/Int32,10
1774017382.8012922,/metrics/dbscan/back/points_in,std_msgs/msg/Int32,4119
1774017382.8013685,/metrics/dbscan/back/processing_ms,std_msgs/msg/Float32,64.33377075195312
1774017382.853055,/metrics/dbscan/right/detections_count,std_msgs/msg/Int32,12
1774017382.8531837,/metrics/dbscan/right/points_in,std_msgs/msg/Int32,7285
1774017382.853254,/metrics/dbscan/right/processing_ms,std_msgs/msg/Float32,90.53180694580078
1774017382.8721454,/metrics/dbscan/front/detections_count,std_msgs/msg/Int32,13
1774017382.8724244,/metrics/dbscan/front/points_in,std_msgs/msg/Int32,8600
1774017382.8725307,/metrics/dbscan/front/processing_ms,std_msgs/msg/Float32,85.72327423095703
1774017382.8775945,/metrics/dbscan/left/detections_count,std_msgs/msg/Int32,12
1774017382.877758,/metrics/dbscan/left/points_in,std_msgs/msg/Int32,9393
1774017382.8778386,/metrics/dbscan/left/processing_ms,std_msgs/msg/Float32,95.42295837402344
1774017382.9011753,/metrics/dbscan/back/detections_count,std_msgs/msg/Int32,10
1774017382.9013135,/metrics/dbscan/back/points_in,std_msgs/msg/Int32,4108
1774017382.9013784,/metrics/dbscan/back/processing_ms,std_msgs/msg/Float32,65.49273681640625
1774017382.9456766,/metrics/dbscan/right/detections_count,std_msgs/msg/Int32,12
1774017382.9458256,/metrics/dbscan/right/points_in,std_msgs/msg/Int32,7422
1774017382.9459264,/metrics/dbscan/right/processing_ms,std_msgs/msg/Float32,84.50033569335938
1774017382.9666138,/metrics/dbscan/left/detections_count,std_msgs/msg/Int32,11
1774017382.9667532,/metrics/dbscan/left/points_in,std_msgs/msg/Int32,9255
1774017382.9668531,/metrics/dbscan/left/processing_ms,std_msgs/msg/Float32,87.10346984863281
1774017382.9675484,/metrics/dbscan/front/detections_count,std_msgs/msg/Int32,12
1774017382.9676268,/metrics/dbscan/front/points_in,std_msgs/msg/Int32,8735
1774017382.9676983,/metrics/dbscan/front/processing_ms,std_msgs/msg/Float32,84.18172454833984
1774017383.004111,/metrics/dbscan/back/detections_count,std_msgs/msg/Int32,10
1774017383.00433,/metrics/dbscan/back/points_in,std_msgs/msg/Int32,4114
1774017383.0044296,/metrics/dbscan/back/processing_ms,std_msgs/msg/Float32,66.70238494873047
1774017383.050792,/metrics/dbscan/right/detections_count,std_msgs/msg/Int32,12
1774017383.0509615,/metrics/dbscan/right/points_in,std_msgs/msg/Int32,7563
1774017383.0510845,/metrics/dbscan/right/processing_ms,std_msgs/msg/Float32,89.48766326904297
1774017383.068941,/metrics/dbscan/front/detections_count,std_msgs/msg/Int32,13
1774017383.0690818,/metrics/dbscan/front/points_in,std_msgs/msg/Int32,8852
1774017383.0691571,/metrics/dbscan/front/processing_ms,std_msgs/msg/Float32,84.85050201416016
1774017383.070254,/metrics/dbscan/left/detections_count,std_msgs/msg/Int32,11
1774017383.0703685,/metrics/dbscan/left/processing_ms,std_msgs/msg/Float32,90.01114654541016
1774017383.0708678,/metrics/dbscan/left/points_in,std_msgs/msg/Int32,9078
1774017383.1098053,/metrics/dbscan/back/detections_count,std_msgs/msg/Int32,10
1774017383.1099463,/metrics/dbscan/back/points_in,std_msgs/msg/Int32,4111
1774017383.1100168,/metrics/dbscan/back/processing_ms,std_msgs/msg/Float32,70.38279724121094
1774017383.1467686,/metrics/dbscan/right/detections_count,std_msgs/msg/Int32,12
1774017383.1468875,/metrics/dbscan/right/points_in,std_msgs/msg/Int32,7671
1774017383.146951,/metrics/dbscan/right/processing_ms,std_msgs/msg/Float32,85.22750091552734
1774017383.1627805,/metrics/dbscan/left/detections_count,std_msgs/msg/Int32,11
1774017383.1629696,/metrics/dbscan/left/points_in,std_msgs/msg/Int32,8813
1774017383.1631033,/metrics/dbscan/left/processing_ms,std_msgs/msg/Float32,81.94381713867188
1774017383.1678472,/metrics/dbscan/front/detections_count,std_msgs/msg/Int32,11
1774017383.168,/metrics/dbscan/front/points_in,std_msgs/msg/Int32,8981
1774017383.1680927,/metrics/dbscan/front/processing_ms,std_msgs/msg/Float32,83.10774230957031
1774017383.1955464,/metrics/dbscan/back/detections_count,std_msgs/msg/Int32,10
1774017383.195649,/metrics/dbscan/back/points_in,std_msgs/msg/Int32,4113
1774017383.1957054,/metrics/dbscan/back/processing_ms,std_msgs/msg/Float32,61.84546661376953
1774017383.2418022,/metrics/dbscan/right/detections_count,std_msgs/msg/Int32,12
1774017383.2419696,/metrics/dbscan/right/points_in,std_msgs/msg/Int32,7752
1774017383.242051,/metrics/dbscan/right/processing_ms,std_msgs/msg/Float32,78.33020782470703
1774017383.262367,/metrics/dbscan/left/detections_count,std_msgs/msg/Int32,11
1774017383.2625113,/metrics/dbscan/left/points_in,std_msgs/msg/Int32,8457
1774017383.2626,/metrics/dbscan/left/processing_ms,std_msgs/msg/Float32,80.93224334716797
1774017383.2631419,/metrics/dbscan/front/detections_count,std_msgs/msg/Int32,13
1774017383.2632403,/metrics/dbscan/front/points_in,std_msgs/msg/Int32,9054
1774017383.263314,/metrics/dbscan/front/processing_ms,std_msgs/msg/Float32,77.8306655883789
1774017383.29435,/metrics/dbscan/back/detections_count,std_msgs/msg/Int32,9
1774017383.294482,/metrics/dbscan/back/points_in,std_msgs/msg/Int32,4115
1774017383.2945678,/metrics/dbscan/back/processing_ms,std_msgs/msg/Float32,59.95649337768555
1774017383.3405588,/metrics/dbscan/right/detections_count,std_msgs/msg/Int32,12
1774017383.3407075,/metrics/dbscan/right/points_in,std_msgs/msg/Int32,7849
1774017383.3407788,/metrics/dbscan/right/processing_ms,std_msgs/msg/Float32,81.11738586425781
1774017383.359762,/metrics/dbscan/front/detections_count,std_msgs/msg/Int32,14
1774017383.3599386,/metrics/dbscan/front/points_in,std_msgs/msg/Int32,9037
1774017383.3600676,/metrics/dbscan/front/processing_ms,std_msgs/msg/Float32,77.53484344482422
1774017383.364083,/metrics/dbscan/left/detections_count,std_msgs/msg/Int32,11
1774017383.3641791,/metrics/dbscan/left/points_in,std_msgs/msg/Int32,8017
1774017383.364251,/metrics/dbscan/left/processing_ms,std_msgs/msg/Float32,82.13312530517578
1774017383.3993738,/metrics/dbscan/back/detections_count,std_msgs/msg/Int32,10
1774017383.3995109,/metrics/dbscan/back/points_in,std_msgs/msg/Int32,4110
1774017383.3996255,/metrics/dbscan/back/processing_ms,std_msgs/msg/Float32,63.86466979980469
1774017383.4533224,/metrics/dbscan/right/detections_count,std_msgs/msg/Int32,11
1774017383.4534986,/metrics/dbscan/right/points_in,std_msgs/msg/Int32,8052
1774017383.4535992,/metrics/dbscan/right/processing_ms,std_msgs/msg/Float32,91.96765899658203
1774017383.4776707,/metrics/dbscan/left/detections_count,std_msgs/msg/Int32,12
1774017383.4778025,/metrics/dbscan/left/points_in,std_msgs/msg/Int32,7714
1774017383.4778998,/metrics/dbscan/left/processing_ms,std_msgs/msg/Float32,99.17891693115234
1774017383.5241175,/metrics/dbscan/back/detections_count,std_msgs/msg/Int32,10
1774017383.5243917,/metrics/dbscan/back/points_in,std_msgs/msg/Int32,4119
1774017383.5244904,/metrics/dbscan/back/processing_ms,std_msgs/msg/Float32,87.1017837524414
1774017383.5303829,/metrics/dbscan/front/detections_count,std_msgs/msg/Int32,13
1774017383.5305147,/metrics/dbscan/front/points_in,std_msgs/msg/Int32,8895
1774017383.5306058,/metrics/dbscan/front/processing_ms,std_msgs/msg/Float32,147.1268310546875
1774017383.5644715,/metrics/dbscan/right/detections_count,std_msgs/msg/Int32,12
1774017383.5646017,/metrics/dbscan/right/points_in,std_msgs/msg/Int32,8373
1774017383.564675,/metrics/dbscan/right/processing_ms,std_msgs/msg/Float32,102.47178649902344
1774017383.5771105,/metrics/dbscan/left/detections_count,std_msgs/msg/Int32,11
1774017383.577243,/metrics/dbscan/left/points_in,std_msgs/msg/Int32,7543
1774017383.5773118,/metrics/dbscan/left/processing_ms,std_msgs/msg/Float32,96.66307067871094
1774017383.6044555,/metrics/dbscan/back/detections_count,std_msgs/msg/Int32,10
1774017383.6046207,/metrics/dbscan/back/points_in,std_msgs/msg/Int32,4117
1774017383.604693,/metrics/dbscan/back/processing_ms,std_msgs/msg/Float32,67.43724822998047
1774017383.6172864,/metrics/dbscan/front/detections_count,std_msgs/msg/Int32,12
1774017383.6174128,/metrics/dbscan/front/points_in,std_msgs/msg/Int32,8763
1774017383.6174793,/metrics/dbscan/front/processing_ms,std_msgs/msg/Float32,85.52394104003906
1774017383.654463,/metrics/dbscan/right/detections_count,std_msgs/msg/Int32,10
1774017383.654591,/metrics/dbscan/right/points_in,std_msgs/msg/Int32,8752
1774017383.6546695,/metrics/dbscan/right/processing_ms,std_msgs/msg/Float32,88.71735382080078
1774017383.662755,/metrics/dbscan/left/detections_count,std_msgs/msg/Int32,11
1774017383.662952,/metrics/dbscan/left/points_in,std_msgs/msg/Int32,7518
1774017383.663042,/metrics/dbscan/left/processing_ms,std_msgs/msg/Float32,82.31739044189453
1774017383.6978002,/metrics/dbscan/front/detections_count,std_msgs/msg/Int32,12
1774017383.697984,/metrics/dbscan/front/points_in,std_msgs/msg/Int32,8658
1774017383.698093,/metrics/dbscan/front/processing_ms,std_msgs/msg/Float32,78.78712463378906
1774017383.7097251,/metrics/dbscan/back/detections_count,std_msgs/msg/Int32,9
1774017383.7098658,/metrics/dbscan/back/points_in,std_msgs/msg/Int32,4116
1774017383.7099726,/metrics/dbscan/back/processing_ms,std_msgs/msg/Float32,71.23189544677734
1774017383.769719,/metrics/dbscan/left/detections_count,std_msgs/msg/Int32,11
1774017383.7699056,/metrics/dbscan/left/points_in,std_msgs/msg/Int32,7528
1774017383.7700195,/metrics/dbscan/left/processing_ms,std_msgs/msg/Float32,88.00588989257812
1774017383.7796366,/metrics/dbscan/front/detections_count,std_msgs/msg/Int32,11
1774017383.7798202,/metrics/dbscan/front/points_in,std_msgs/msg/Int32,8661
1774017383.779944,/metrics/dbscan/front/processing_ms,std_msgs/msg/Float32,79.93011474609375
1774017383.8000023,/metrics/dbscan/back/detections_count,std_msgs/msg/Int32,9
1774017383.800153,/metrics/dbscan/back/points_in,std_msgs/msg/Int32,4117
1774017383.8002489,/metrics/dbscan/back/processing_ms,std_msgs/msg/Float32,65.88054656982422
1774017383.8061626,/metrics/dbscan/right/detections_count,std_msgs/msg/Int32,10
1774017383.8063672,/metrics/dbscan/right/points_in,std_msgs/msg/Int32,9141
1774017383.8064702,/metrics/dbscan/right/processing_ms,std_msgs/msg/Float32,142.95863342285156
1774017383.862119,/metrics/dbscan/front/detections_count,std_msgs/msg/Int32,11
1774017383.8622813,/metrics/dbscan/front/points_in,std_msgs/msg/Int32,8753
1774017383.8623674,/metrics/dbscan/front/processing_ms,std_msgs/msg/Float32,79.25143432617188
1774017383.8730261,/metrics/dbscan/left/detections_count,std_msgs/msg/Int32,11
1774017383.8733,/metrics/dbscan/left/points_in,std_msgs/msg/Int32,7533
1774017383.8733795,/metrics/dbscan/left/processing_ms,std_msgs/msg/Float32,90.3706283569336
1774017383.8958638,/metrics/dbscan/right/detections_count,std_msgs/msg/Int32,10
1774017383.8960357,/metrics/dbscan/right/points_in,std_msgs/msg/Int32,9435
1774017383.896121,/metrics/dbscan/right/processing_ms,std_msgs/msg/Float32,87.9958724975586
1774017383.9012322,/metrics/dbscan/back/detections_count,std_msgs/msg/Int32,9
1774017383.9013472,/metrics/dbscan/back/points_in,std_msgs/msg/Int32,4117
1774017383.9014049,/metrics/dbscan/back/processing_ms,std_msgs/msg/Float32,67.15449523925781
1774017383.9618852,/metrics/dbscan/front/detections_count,std_msgs/msg/Int32,11
1774017383.9620295,/metrics/dbscan/front/points_in,std_msgs/msg/Int32,8960
1774017383.9620967,/metrics/dbscan/front/processing_ms,std_msgs/msg/Float32,78.52779388427734
1774017383.980447,/metrics/dbscan/right/detections_count,std_msgs/msg/Int32,11
1774017383.9805648,/metrics/dbscan/right/points_in,std_msgs/msg/Int32,9564
1774017383.9806595,/metrics/dbscan/right/processing_ms,std_msgs/msg/Float32,83.09147644042969
1774017384.0011687,/metrics/dbscan/back/detections_count,std_msgs/msg/Int32,11
1774017384.0013146,/metrics/dbscan/back/points_in,std_msgs/msg/Int32,4115
1774017384.0013874,/metrics/dbscan/back/processing_ms,std_msgs/msg/Float32,66.02069091796875
1774017384.0125782,/metrics/dbscan/left/detections_count,std_msgs/msg/Int32,11
1774017384.0127048,/metrics/dbscan/left/points_in,std_msgs/msg/Int32,7522
1774017384.0127788,/metrics/dbscan/left/processing_ms,std_msgs/msg/Float32,133.2908172607422
1774017384.060999,/metrics/dbscan/front/detections_count,std_msgs/msg/Int32,12
1774017384.0611503,/metrics/dbscan/front/points_in,std_msgs/msg/Int32,9078
1774017384.0612524,/metrics/dbscan/front/processing_ms,std_msgs/msg/Float32,77.00838470458984
1774017384.0652037,/metrics/dbscan/right/detections_count,std_msgs/msg/Int32,12
1774017384.0653377,/metrics/dbscan/right/points_in,std_msgs/msg/Int32,9655
1774017384.0654185,/metrics/dbscan/right/processing_ms,std_msgs/msg/Float32,83.0922622680664
1774017384.1029844,/metrics/dbscan/back/detections_count,std_msgs/msg/Int32,10
1774017384.1031082,/metrics/dbscan/back/points_in,std_msgs/msg/Int32,4116
1774017384.1031752,/metrics/dbscan/back/processing_ms,std_msgs/msg/Float32,67.28314971923828
1774017384.1044981,/metrics/dbscan/left/detections_count,std_msgs/msg/Int32,11
1774017384.1045866,/metrics/dbscan/left/processing_ms,std_msgs/msg/Float32,90.71057891845703
1774017384.1048858,/metrics/dbscan/left/points_in,std_msgs/msg/Int32,7528
1774017384.1492996,/metrics/dbscan/right/detections_count,std_msgs/msg/Int32,11
1774017384.1494224,/metrics/dbscan/right/points_in,std_msgs/msg/Int32,9892
1774017384.1494935,/metrics/dbscan/right/processing_ms,std_msgs/msg/Float32,82.45563507080078
1774017384.160546,/metrics/dbscan/front/detections_count,std_msgs/msg/Int32,12
1774017384.1606662,/metrics/dbscan/front/points_in,std_msgs/msg/Int32,8725
1774017384.1607232,/metrics/dbscan/front/processing_ms,std_msgs/msg/Float32,74.8497314453125
1774017384.190245,/metrics/dbscan/left/detections_count,std_msgs/msg/Int32,11
1774017384.1903849,/metrics/dbscan/left/points_in,std_msgs/msg/Int32,7507
1774017384.19047,/metrics/dbscan/left/processing_ms,std_msgs/msg/Float32,83.31591796875
1774017384.200992,/metrics/dbscan/back/detections_count,std_msgs/msg/Int32,10
1774017384.2011075,/metrics/dbscan/back/points_in,std_msgs/msg/Int32,4107
1774017384.2011874,/metrics/dbscan/back/processing_ms,std_msgs/msg/Float32,63.55390930175781
1774017384.2441952,/metrics/dbscan/right/detections_count,std_msgs/msg/Int32,11
1774017384.244301,/metrics/dbscan/right/points_in,std_msgs/msg/Int32,9931
1774017384.2443748,/metrics/dbscan/right/processing_ms,std_msgs/msg/Float32,81.2276382446289
1774017384.2594666,/metrics/dbscan/front/detections_count,std_msgs/msg/Int32,13
1774017384.2596025,/metrics/dbscan/front/points_in,std_msgs/msg/Int32,8001
1774017384.2596905,/metrics/dbscan/front/processing_ms,std_msgs/msg/Float32,72.63591003417969
1774017384.2744138,/metrics/dbscan/left/detections_count,std_msgs/msg/Int32,11
1774017384.2745695,/metrics/dbscan/left/points_in,std_msgs/msg/Int32,7517
1774017384.2746341,/metrics/dbscan/left/processing_ms,std_msgs/msg/Float32,82.70369720458984
1774017384.2973456,/metrics/dbscan/back/detections_count,std_msgs/msg/Int32,10
1774017384.2974575,/metrics/dbscan/back/points_in,std_msgs/msg/Int32,4115
1774017384.297518,/metrics/dbscan/back/processing_ms,std_msgs/msg/Float32,59.52891159057617
1774017384.3428931,/metrics/dbscan/right/detections_count,std_msgs/msg/Int32,10
1774017384.34307,/metrics/dbscan/right/points_in,std_msgs/msg/Int32,9776
1774017384.3431969,/metrics/dbscan/right/processing_ms,std_msgs/msg/Float32,79.80319213867188
1774017384.3526692,/metrics/dbscan/front/detections_count,std_msgs/msg/Int32,12
1774017384.352867,/metrics/dbscan/front/points_in,std_msgs/msg/Int32,7519
1774017384.3529809,/metrics/dbscan/front/processing_ms,std_msgs/msg/Float32,66.82884979248047
1774017384.370351,/metrics/dbscan/left/detections_count,std_msgs/msg/Int32,11
1774017384.3705173,/metrics/dbscan/left/points_in,std_msgs/msg/Int32,7532
1774017384.370595,/metrics/dbscan/left/processing_ms,std_msgs/msg/Float32,84.69593048095703
1774017384.4044633,/metrics/dbscan/back/detections_count,std_msgs/msg/Int32,9
1774017384.4046555,/metrics/dbscan/back/points_in,std_msgs/msg/Int32,4108
1774017384.4047575,/metrics/dbscan/back/processing_ms,std_msgs/msg/Float32,69.84988403320312
1774017384.4463403,/metrics/dbscan/right/detections_count,std_msgs/msg/Int32,11
1774017384.4464931,/metrics/dbscan/right/points_in,std_msgs/msg/Int32,9621
1774017384.4466147,/metrics/dbscan/right/processing_ms,std_msgs/msg/Float32,85.89385986328125
1774017384.456028,/metrics/dbscan/front/detections_count,std_msgs/msg/Int32,10
1774017384.4562685,/metrics/dbscan/front/points_in,std_msgs/msg/Int32,7359
1774017384.4563787,/metrics/dbscan/front/processing_ms,std_msgs/msg/Float32,72.68123626708984
1774017384.4659278,/metrics/dbscan/left/detections_count,std_msgs/msg/Int32,11
1774017384.4660869,/metrics/dbscan/left/points_in,std_msgs/msg/Int32,7524
1774017384.4661686,/metrics/dbscan/left/processing_ms,std_msgs/msg/Float32,87.6720962524414
1774017384.5018811,/metrics/dbscan/back/detections_count,std_msgs/msg/Int32,10
1774017384.5020475,/metrics/dbscan/back/points_in,std_msgs/msg/Int32,4110
1774017384.502134,/metrics/dbscan/back/processing_ms,std_msgs/msg/Float32,67.66156005859375
1774017384.5500035,/metrics/dbscan/right/detections_count,std_msgs/msg/Int32,11
1774017384.5501492,/metrics/dbscan/right/points_in,std_msgs/msg/Int32,9469
1774017384.5502372,/metrics/dbscan/right/processing_ms,std_msgs/msg/Float32,89.68901062011719
1774017384.554088,/metrics/dbscan/front/detections_count,std_msgs/msg/Int32,13
1774017384.5542226,/metrics/dbscan/front/points_in,std_msgs/msg/Int32,7196
1774017384.5542862,/metrics/dbscan/front/processing_ms,std_msgs/msg/Float32,70.31871032714844
1774017384.5639207,/metrics/dbscan/left/detections_count,std_msgs/msg/Int32,11
1774017384.5640726,/metrics/dbscan/left/points_in,std_msgs/msg/Int32,7522
1774017384.564154,/metrics/dbscan/left/processing_ms,std_msgs/msg/Float32,84.80559539794922
1774017384.600505,/metrics/dbscan/back/detections_count,std_msgs/msg/Int32,10
1774017384.600623,/metrics/dbscan/back/points_in,std_msgs/msg/Int32,4131
1774017384.6007075,/metrics/dbscan/back/processing_ms,std_msgs/msg/Float32,64.69446563720703
1774017384.6424813,/metrics/dbscan/right/detections_count,std_msgs/msg/Int32,12
1774017384.642671,/metrics/dbscan/right/points_in,std_msgs/msg/Int32,9213
1774017384.6427689,/metrics/dbscan/right/processing_ms,std_msgs/msg/Float32,81.31413269042969
1774017384.6562667,/metrics/dbscan/front/detections_count,std_msgs/msg/Int32,13
1774017384.6564817,/metrics/dbscan/front/points_in,std_msgs/msg/Int32,6821
1774017384.6565542,/metrics/dbscan/front/processing_ms,std_msgs/msg/Float32,70.76181030273438
1774017384.6644094,/metrics/dbscan/left/detections_count,std_msgs/msg/Int32,11
1774017384.6645212,/metrics/dbscan/left/points_in,std_msgs/msg/Int32,7519
1774017384.6645873,/metrics/dbscan/left/processing_ms,std_msgs/msg/Float32,83.68508911132812
1774017384.701254,/metrics/dbscan/back/detections_count,std_msgs/msg/Int32,10
1774017384.7013628,/metrics/dbscan/back/points_in,std_msgs/msg/Int32,4123
1774017384.7014236,/metrics/dbscan/back/processing_ms,std_msgs/msg/Float32,63.9818115234375
1774017384.7427125,/metrics/dbscan/right/detections_count,std_msgs/msg/Int32,11
1774017384.7429516,/metrics/dbscan/right/points_in,std_msgs/msg/Int32,9037
1774017384.743064,/metrics/dbscan/right/processing_ms,std_msgs/msg/Float32,81.23795318603516
1774017384.7572482,/metrics/dbscan/front/detections_count,std_msgs/msg/Int32,10
1774017384.757399,/metrics/dbscan/front/points_in,std_msgs/msg/Int32,6475
1774017384.757476,/metrics/dbscan/front/processing_ms,std_msgs/msg/Float32,71.2593765258789
1774017384.7690723,/metrics/dbscan/left/detections_count,std_msgs/msg/Int32,11
1774017384.7692335,/metrics/dbscan/left/points_in,std_msgs/msg/Int32,7520
1774017384.7693202,/metrics/dbscan/left/processing_ms,std_msgs/msg/Float32,87.34239196777344
1774017384.8104439,/metrics/dbscan/back/detections_count,std_msgs/msg/Int32,11
1774017384.8106794,/metrics/dbscan/back/points_in,std_msgs/msg/Int32,4127
1774017384.8108196,/metrics/dbscan/back/processing_ms,std_msgs/msg/Float32,72.3665771484375
1774017384.852724,/metrics/dbscan/front/detections_count,std_msgs/msg/Int32,11
1774017384.8529665,/metrics/dbscan/front/points_in,std_msgs/msg/Int32,5996
1774017384.8530455,/metrics/dbscan/front/processing_ms,std_msgs/msg/Float32,69.71405029296875
1774017384.854865,/metrics/dbscan/right/detections_count,std_msgs/msg/Int32,11
1774017384.8550124,/metrics/dbscan/right/points_in,std_msgs/msg/Int32,9241
1774017384.8550773,/metrics/dbscan/right/processing_ms,std_msgs/msg/Float32,91.70655822753906
1774017384.8721247,/metrics/dbscan/left/detections_count,std_msgs/msg/Int32,11
1774017384.8723202,/metrics/dbscan/left/points_in,std_msgs/msg/Int32,7529
1774017384.8724322,/metrics/dbscan/left/processing_ms,std_msgs/msg/Float32,89.48804473876953
1774017384.9029572,/metrics/dbscan/back/detections_count,std_msgs/msg/Int32,9
1774017384.90317,/metrics/dbscan/back/points_in,std_msgs/msg/Int32,4107
1774017384.9032536,/metrics/dbscan/back/processing_ms,std_msgs/msg/Float32,64.6736831665039
1774017384.9433982,/metrics/dbscan/right/detections_count,std_msgs/msg/Int32,12
1774017384.943527,/metrics/dbscan/right/points_in,std_msgs/msg/Int32,9436
1774017384.943634,/metrics/dbscan/right/processing_ms,std_msgs/msg/Float32,84.05146789550781
1774017384.9587586,/metrics/dbscan/front/detections_count,std_msgs/msg/Int32,12
1774017384.9589155,/metrics/dbscan/front/points_in,std_msgs/msg/Int32,5577
1774017384.959,/metrics/dbscan/front/processing_ms,std_msgs/msg/Float32,75.77411651611328
1774017384.965389,/metrics/dbscan/left/detections_count,std_msgs/msg/Int32,11
1774017384.9655242,/metrics/dbscan/left/points_in,std_msgs/msg/Int32,7530
1774017384.9656165,/metrics/dbscan/left/processing_ms,std_msgs/msg/Float32,86.23385620117188
1774017384.9937046,/metrics/dbscan/back/detections_count,std_msgs/msg/Int32,10
1774017384.9938452,/metrics/dbscan/back/points_in,std_msgs/msg/Int32,4114
1774017384.994014,/metrics/dbscan/back/processing_ms,std_msgs/msg/Float32,59.82735824584961
1774017385.0506425,/metrics/dbscan/right/detections_count,std_msgs/msg/Int32,12
1774017385.050769,/metrics/dbscan/right/points_in,std_msgs/msg/Int32,9390
1774017385.0508435,/metrics/dbscan/right/processing_ms,std_msgs/msg/Float32,89.85468292236328
1774017385.0567687,/metrics/dbscan/front/detections_count,std_msgs/msg/Int32,12
1774017385.056986,/metrics/dbscan/front/points_in,std_msgs/msg/Int32,5585
1774017385.0570571,/metrics/dbscan/front/processing_ms,std_msgs/msg/Float32,73.28034210205078
1774017385.0658884,/metrics/dbscan/left/detections_count,std_msgs/msg/Int32,11
1774017385.066037,/metrics/dbscan/left/points_in,std_msgs/msg/Int32,7509
1774017385.0661345,/metrics/dbscan/left/processing_ms,std_msgs/msg/Float32,85.78302001953125
1774017385.1027644,/metrics/dbscan/back/detections_count,std_msgs/msg/Int32,10
1774017385.1029692,/metrics/dbscan/back/points_in,std_msgs/msg/Int32,4127
1774017385.1030564,/metrics/dbscan/back/processing_ms,std_msgs/msg/Float32,67.08645629882812
1774017385.141834,/metrics/dbscan/right/detections_count,std_msgs/msg/Int32,10
1774017385.1419885,/metrics/dbscan/right/points_in,std_msgs/msg/Int32,9270
1774017385.14207,/metrics/dbscan/right/processing_ms,std_msgs/msg/Float32,81.12006378173828
1774017385.1549463,/metrics/dbscan/front/detections_count,std_msgs/msg/Int32,13
1774017385.1551204,/metrics/dbscan/front/points_in,std_msgs/msg/Int32,5585
1774017385.1552002,/metrics/dbscan/front/processing_ms,std_msgs/msg/Float32,69.0086669921875
1774017385.1641686,/metrics/dbscan/left/detections_count,std_msgs/msg/Int32,11
1774017385.1642964,/metrics/dbscan/left/points_in,std_msgs/msg/Int32,7506
1774017385.1643648,/metrics/dbscan/left/processing_ms,std_msgs/msg/Float32,82.52055358886719
1774017385.197138,/metrics/dbscan/back/detections_count,std_msgs/msg/Int32,10
1774017385.197283,/metrics/dbscan/back/points_in,std_msgs/msg/Int32,4118
1774017385.1973667,/metrics/dbscan/back/processing_ms,std_msgs/msg/Float32,61.801334381103516
1774017385.232672,/metrics/dbscan/right/detections_count,std_msgs/msg/Int32,9
1774017385.2328312,/metrics/dbscan/right/points_in,std_msgs/msg/Int32,9489
1774017385.232935,/metrics/dbscan/right/processing_ms,std_msgs/msg/Float32,71.68931579589844
1774017385.2583344,/metrics/dbscan/front/detections_count,std_msgs/msg/Int32,11
1774017385.2584589,/metrics/dbscan/front/points_in,std_msgs/msg/Int32,5581
1774017385.2585275,/metrics/dbscan/front/processing_ms,std_msgs/msg/Float32,72.88542175292969
1774017385.2612326,/metrics/dbscan/left/detections_count,std_msgs/msg/Int32,11
1774017385.2613964,/metrics/dbscan/left/points_in,std_msgs/msg/Int32,7508
1774017385.2614803,/metrics/dbscan/left/processing_ms,std_msgs/msg/Float32,79.97924041748047
1774017385.2967596,/metrics/dbscan/back/detections_count,std_msgs/msg/Int32,11
1774017385.296937,/metrics/dbscan/back/points_in,std_msgs/msg/Int32,4122
1774017385.2970366,/metrics/dbscan/back/processing_ms,std_msgs/msg/Float32,60.07168960571289
1774017385.3361087,/metrics/dbscan/right/detections_count,std_msgs/msg/Int32,8
1774017385.336238,/metrics/dbscan/right/points_in,std_msgs/msg/Int32,9727
1774017385.3363094,/metrics/dbscan/right/processing_ms,std_msgs/msg/Float32,74.10205078125
1774017385.3499894,/metrics/dbscan/front/detections_count,std_msgs/msg/Int32,11
1774017385.350192,/metrics/dbscan/front/points_in,std_msgs/msg/Int32,5594
1774017385.3503225,/metrics/dbscan/front/processing_ms,std_msgs/msg/Float32,67.76390075683594
1774017385.3669605,/metrics/dbscan/left/detections_count,std_msgs/msg/Int32,11
1774017385.3670852,/metrics/dbscan/left/points_in,std_msgs/msg/Int32,7502
1774017385.367153,/metrics/dbscan/left/processing_ms,std_msgs/msg/Float32,84.41971588134766
1774017385.4004369,/metrics/dbscan/back/detections_count,std_msgs/msg/Int32,9
1774017385.4005802,/metrics/dbscan/back/points_in,std_msgs/msg/Int32,4113
1774017385.400675,/metrics/dbscan/back/processing_ms,std_msgs/msg/Float32,61.46552658081055
1774017385.4335043,/metrics/dbscan/right/detections_count,std_msgs/msg/Int32,9
1774017385.433608,/metrics/dbscan/right/points_in,std_msgs/msg/Int32,9831
1774017385.4336646,/metrics/dbscan/right/processing_ms,std_msgs/msg/Float32,71.27093505859375
1774017385.4574044,/metrics/dbscan/front/detections_count,std_msgs/msg/Int32,12
1774017385.457575,/metrics/dbscan/front/points_in,std_msgs/msg/Int32,5582
1774017385.457637,/metrics/dbscan/front/processing_ms,std_msgs/msg/Float32,73.7320785522461
1774017385.462107,/metrics/dbscan/left/detections_count,std_msgs/msg/Int32,11
1774017385.4622314,/metrics/dbscan/left/points_in,std_msgs/msg/Int32,7457
1774017385.462323,/metrics/dbscan/left/processing_ms,std_msgs/msg/Float32,83.52396392822266
1774017385.4992895,/metrics/dbscan/back/detections_count,std_msgs/msg/Int32,9
1774017385.499482,/metrics/dbscan/back/points_in,std_msgs/msg/Int32,4108
1774017385.4995844,/metrics/dbscan/back/processing_ms,std_msgs/msg/Float32,60.657371520996094
1774017385.5330796,/metrics/dbscan/right/detections_count,std_msgs/msg/Int32,11
1774017385.5332098,/metrics/dbscan/right/points_in,std_msgs/msg/Int32,9833
1774017385.533282,/metrics/dbscan/right/processing_ms,std_msgs/msg/Float32,73.71359252929688
1774017385.5570846,/metrics/dbscan/front/detections_count,std_msgs/msg/Int32,11
1774017385.557218,/metrics/dbscan/front/points_in,std_msgs/msg/Int32,5584
1774017385.5572855,/metrics/dbscan/front/processing_ms,std_msgs/msg/Float32,73.57168579101562
1774017385.56347,/metrics/dbscan/left/detections_count,std_msgs/msg/Int32,11
1774017385.5635831,/metrics/dbscan/left/points_in,std_msgs/msg/Int32,7442
1774017385.5636654,/metrics/dbscan/left/processing_ms,std_msgs/msg/Float32,83.64228057861328
1774017385.5964248,/metrics/dbscan/back/detections_count,std_msgs/msg/Int32,10
1774017385.596548,/metrics/dbscan/back/points_in,std_msgs/msg/Int32,4129
1774017385.5966065,/metrics/dbscan/back/processing_ms,std_msgs/msg/Float32,61.97541427612305
1774017385.6322627,/metrics/dbscan/right/detections_count,std_msgs/msg/Int32,9
1774017385.6324174,/metrics/dbscan/right/points_in,std_msgs/msg/Int32,9808
1774017385.632501,/metrics/dbscan/right/processing_ms,std_msgs/msg/Float32,71.61975860595703
1774017385.6549895,/metrics/dbscan/front/detections_count,std_msgs/msg/Int32,11
1774017385.655112,/metrics/dbscan/front/points_in,std_msgs/msg/Int32,5607
1774017385.6552103,/metrics/dbscan/front/processing_ms,std_msgs/msg/Float32,70.70704650878906
1774017385.6634867,/metrics/dbscan/left/detections_count,std_msgs/msg/Int32,11
1774017385.663595,/metrics/dbscan/left/points_in,std_msgs/msg/Int32,7467
1774017385.6636527,/metrics/dbscan/left/processing_ms,std_msgs/msg/Float32,83.25513458251953
1774017385.694378,/metrics/dbscan/back/detections_count,std_msgs/msg/Int32,10
1774017385.6945226,/metrics/dbscan/back/points_in,std_msgs/msg/Int32,4108
1774017385.6946049,/metrics/dbscan/back/processing_ms,std_msgs/msg/Float32,59.95393753051758
1774017385.739891,/metrics/dbscan/right/detections_count,std_msgs/msg/Int32,10
1774017385.7401006,/metrics/dbscan/right/points_in,std_msgs/msg/Int32,9769
1774017385.7402072,/metrics/dbscan/right/processing_ms,std_msgs/msg/Float32,78.87930297851562
1774017385.7583714,/metrics/dbscan/front/detections_count,std_msgs/msg/Int32,11
1774017385.7585132,/metrics/dbscan/front/points_in,std_msgs/msg/Int32,5595
1774017385.7586086,/metrics/dbscan/front/processing_ms,std_msgs/msg/Float32,72.30670166015625
1774017385.7674212,/metrics/dbscan/left/detections_count,std_msgs/msg/Int32,11
1774017385.7675903,/metrics/dbscan/left/points_in,std_msgs/msg/Int32,7451
1774017385.7677178,/metrics/dbscan/left/processing_ms,std_msgs/msg/Float32,86.20880889892578
1774017385.799972,/metrics/dbscan/back/detections_count,std_msgs/msg/Int32,11
1774017385.8001118,/metrics/dbscan/back/points_in,std_msgs/msg/Int32,4115
1774017385.8001869,/metrics/dbscan/back/processing_ms,std_msgs/msg/Float32,63.981571197509766
1774017385.8445592,/metrics/dbscan/right/detections_count,std_msgs/msg/Int32,10
1774017385.8447294,/metrics/dbscan/right/points_in,std_msgs/msg/Int32,9411
1774017385.84483,/metrics/dbscan/right/processing_ms,std_msgs/msg/Float32,82.79411315917969
1774017385.8646448,/metrics/dbscan/front/detections_count,std_msgs/msg/Int32,11
1774017385.8647912,/metrics/dbscan/front/points_in,std_msgs/msg/Int32,5610
1774017385.8649123,/metrics/dbscan/front/processing_ms,std_msgs/msg/Float32,77.49309539794922
1774017385.8659074,/metrics/dbscan/left/detections_count,std_msgs/msg/Int32,11
1774017385.8660128,/metrics/dbscan/left/points_in,std_msgs/msg/Int32,7471
1774017385.8660803,/metrics/dbscan/left/processing_ms,std_msgs/msg/Float32,83.91085815429688
1774017385.9005911,/metrics/dbscan/back/detections_count,std_msgs/msg/Int32,10
1774017385.900793,/metrics/dbscan/back/points_in,std_msgs/msg/Int32,4111
1774017385.9009013,/metrics/dbscan/back/processing_ms,std_msgs/msg/Float32,63.33171844482422
1774017385.9496126,/metrics/dbscan/right/detections_count,std_msgs/msg/Int32,10
1774017385.9497967,/metrics/dbscan/right/points_in,std_msgs/msg/Int32,9135
1774017385.94991,/metrics/dbscan/right/processing_ms,std_msgs/msg/Float32,87.36042785644531
1774017385.954244,/metrics/dbscan/front/detections_count,std_msgs/msg/Int32,13
1774017385.954337,/metrics/dbscan/front/points_in,std_msgs/msg/Int32,5616
1774017385.9544034,/metrics/dbscan/front/processing_ms,std_msgs/msg/Float32,70.44215393066406
1774017385.9654372,/metrics/dbscan/left/detections_count,std_msgs/msg/Int32,11
1774017385.9655643,/metrics/dbscan/left/points_in,std_msgs/msg/Int32,7462
1774017385.9656363,/metrics/dbscan/left/processing_ms,std_msgs/msg/Float32,84.99140167236328
1774017385.9975028,/metrics/dbscan/back/detections_count,std_msgs/msg/Int32,10
1774017385.9976416,/metrics/dbscan/back/points_in,std_msgs/msg/Int32,4117
1774017385.997719,/metrics/dbscan/back/processing_ms,std_msgs/msg/Float32,60.21260070800781
1774017386.0492134,/metrics/dbscan/right/detections_count,std_msgs/msg/Int32,10
1774017386.0493348,/metrics/dbscan/right/points_in,std_msgs/msg/Int32,9025
1774017386.0494099,/metrics/dbscan/right/processing_ms,std_msgs/msg/Float32,86.22869110107422
1774017386.0591857,/metrics/dbscan/front/detections_count,std_msgs/msg/Int32,11
1774017386.0593998,/metrics/dbscan/front/points_in,std_msgs/msg/Int32,5679
1774017386.0595193,/metrics/dbscan/front/processing_ms,std_msgs/msg/Float32,75.87884521484375
1774017386.0655348,/metrics/dbscan/left/detections_count,std_msgs/msg/Int32,11
1774017386.0656934,/metrics/dbscan/left/points_in,std_msgs/msg/Int32,7462
1774017386.0658107,/metrics/dbscan/left/processing_ms,std_msgs/msg/Float32,85.97412872314453
1774017386.1047118,/metrics/dbscan/back/detections_count,std_msgs/msg/Int32,10
1774017386.1049242,/metrics/dbscan/back/points_in,std_msgs/msg/Int32,4118
1774017386.1050096,/metrics/dbscan/back/processing_ms,std_msgs/msg/Float32,65.96986389160156
1774017386.1463773,/metrics/dbscan/right/detections_count,std_msgs/msg/Int32,8
1774017386.146561,/metrics/dbscan/right/points_in,std_msgs/msg/Int32,8831
1774017386.1466432,/metrics/dbscan/right/processing_ms,std_msgs/msg/Float32,86.67745208740234
1774017386.1521723,/metrics/dbscan/front/detections_count,std_msgs/msg/Int32,12
1774017386.1523044,/metrics/dbscan/front/points_in,std_msgs/msg/Int32,5808
1774017386.152385,/metrics/dbscan/front/processing_ms,std_msgs/msg/Float32,67.38069915771484
1774017386.1657686,/metrics/dbscan/left/detections_count,std_msgs/msg/Int32,11
1774017386.165903,/metrics/dbscan/left/points_in,std_msgs/msg/Int32,7466
1774017386.1659877,/metrics/dbscan/left/processing_ms,std_msgs/msg/Float32,85.62530517578125
1774017386.19181,/metrics/dbscan/back/detections_count,std_msgs/msg/Int32,10
1774017386.191973,/metrics/dbscan/back/points_in,std_msgs/msg/Int32,4115
1774017386.1920898,/metrics/dbscan/back/processing_ms,std_msgs/msg/Float32,57.28972244262695
1774017386.2402942,/metrics/dbscan/right/detections_count,std_msgs/msg/Int32,11
1774017386.2404895,/metrics/dbscan/right/points_in,std_msgs/msg/Int32,8535
1774017386.240615,/metrics/dbscan/right/processing_ms,std_msgs/msg/Float32,79.60387420654297
1774017386.2483017,/metrics/dbscan/front/detections_count,std_msgs/msg/Int32,12
1774017386.2484775,/metrics/dbscan/front/points_in,std_msgs/msg/Int32,6037
1774017386.2485652,/metrics/dbscan/front/processing_ms,std_msgs/msg/Float32,62.83918380737305
1774017386.267813,/metrics/dbscan/left/detections_count,std_msgs/msg/Int32,12
1774017386.2679615,/metrics/dbscan/left/points_in,std_msgs/msg/Int32,7485
1774017386.2680502,/metrics/dbscan/left/processing_ms,std_msgs/msg/Float32,86.39762115478516
1774017386.2957006,/metrics/dbscan/back/detections_count,std_msgs/msg/Int32,11
1774017386.2958043,/metrics/dbscan/back/points_in,std_msgs/msg/Int32,4116
1774017386.295864,/metrics/dbscan/back/processing_ms,std_msgs/msg/Float32,59.29052734375
1774017386.337963,/metrics/dbscan/right/detections_count,std_msgs/msg/Int32,9
1774017386.3381157,/metrics/dbscan/right/points_in,std_msgs/msg/Int32,8687
1774017386.338188,/metrics/dbscan/right/processing_ms,std_msgs/msg/Float32,77.5978012084961
1774017386.3492188,/metrics/dbscan/front/detections_count,std_msgs/msg/Int32,11
1774017386.3493624,/metrics/dbscan/front/points_in,std_msgs/msg/Int32,6372
1774017386.3494322,/metrics/dbscan/front/processing_ms,std_msgs/msg/Float32,63.2999382019043
1774017386.3667083,/metrics/dbscan/left/detections_count,std_msgs/msg/Int32,12
1774017386.3668537,/metrics/dbscan/left/points_in,std_msgs/msg/Int32,7496
1774017386.366975,/metrics/dbscan/left/processing_ms,std_msgs/msg/Float32,84.73882293701172
1774017386.3959167,/metrics/dbscan/back/detections_count,std_msgs/msg/Int32,10
1774017386.3961415,/metrics/dbscan/back/points_in,std_msgs/msg/Int32,4130
1774017386.3962402,/metrics/dbscan/back/processing_ms,std_msgs/msg/Float32,60.2070198059082
1774017386.4463594,/metrics/dbscan/right/detections_count,std_msgs/msg/Int32,9
1774017386.446579,/metrics/dbscan/right/points_in,std_msgs/msg/Int32,9041
1774017386.4466825,/metrics/dbscan/right/processing_ms,std_msgs/msg/Float32,83.7100830078125
1774017386.4530385,/metrics/dbscan/front/detections_count,std_msgs/msg/Int32,12
1774017386.4531944,/metrics/dbscan/front/points_in,std_msgs/msg/Int32,6807
1774017386.4532683,/metrics/dbscan/front/processing_ms,std_msgs/msg/Float32,69.91526794433594
1774017386.4634933,/metrics/dbscan/left/detections_count,std_msgs/msg/Int32,12
1774017386.4636364,/metrics/dbscan/left/points_in,std_msgs/msg/Int32,7493
1774017386.4637136,/metrics/dbscan/left/processing_ms,std_msgs/msg/Float32,84.37489318847656
1774017386.5005727,/metrics/dbscan/back/detections_count,std_msgs/msg/Int32,11
1774017386.5007095,/metrics/dbscan/back/points_in,std_msgs/msg/Int32,4117
1774017386.5007887,/metrics/dbscan/back/processing_ms,std_msgs/msg/Float32,63.87466049194336
1774017386.5500975,/metrics/dbscan/front/detections_count,std_msgs/msg/Int32,11
1774017386.5502343,/metrics/dbscan/front/points_in,std_msgs/msg/Int32,7398
1774017386.5503318,/metrics/dbscan/front/processing_ms,std_msgs/msg/Float32,66.83870697021484
1774017386.5517116,/metrics/dbscan/right/detections_count,std_msgs/msg/Int32,9
1774017386.5518022,/metrics/dbscan/right/points_in,std_msgs/msg/Int32,9369
1774017386.551858,/metrics/dbscan/right/processing_ms,std_msgs/msg/Float32,89.21954345703125
1774017386.5616379,/metrics/dbscan/left/detections_count,std_msgs/msg/Int32,12
1774017386.5617492,/metrics/dbscan/left/points_in,std_msgs/msg/Int32,7495
1774017386.561824,/metrics/dbscan/left/processing_ms,std_msgs/msg/Float32,82.14630126953125
1774017386.6038318,/metrics/dbscan/back/detections_count,std_msgs/msg/Int32,10
1774017386.6040592,/metrics/dbscan/back/points_in,std_msgs/msg/Int32,4129
1774017386.6041386,/metrics/dbscan/back/processing_ms,std_msgs/msg/Float32,66.14667510986328
1774017386.644435,/metrics/dbscan/right/detections_count,std_msgs/msg/Int32,9
1774017386.64462,/metrics/dbscan/right/points_in,std_msgs/msg/Int32,9420
1774017386.644698,/metrics/dbscan/right/processing_ms,std_msgs/msg/Float32,84.53851318359375
1774017386.6482763,/metrics/dbscan/front/detections_count,std_msgs/msg/Int32,8
1774017386.6486228,/metrics/dbscan/front/points_in,std_msgs/msg/Int32,7743
1774017386.6486886,/metrics/dbscan/front/processing_ms,std_msgs/msg/Float32,63.976261138916016
1774017386.6672401,/metrics/dbscan/left/detections_count,std_msgs/msg/Int32,12
1774017386.66735,/metrics/dbscan/left/points_in,std_msgs/msg/Int32,7491
1774017386.6674109,/metrics/dbscan/left/processing_ms,std_msgs/msg/Float32,86.84745788574219
1774017386.6976602,/metrics/dbscan/back/detections_count,std_msgs/msg/Int32,10
1774017386.697801,/metrics/dbscan/back/points_in,std_msgs/msg/Int32,4123
1774017386.6979077,/metrics/dbscan/back/processing_ms,std_msgs/msg/Float32,60.11626434326172
1774017386.7472608,/metrics/dbscan/right/detections_count,std_msgs/msg/Int32,9
1774017386.7474427,/metrics/dbscan/right/points_in,std_msgs/msg/Int32,9375
1774017386.7475486,/metrics/dbscan/right/processing_ms,std_msgs/msg/Float32,86.91529083251953
1774017386.754576,/metrics/dbscan/front/detections_count,std_msgs/msg/Int32,11
1774017386.7547705,/metrics/dbscan/front/points_in,std_msgs/msg/Int32,8346
1774017386.7548442,/metrics/dbscan/front/processing_ms,std_msgs/msg/Float32,68.05748748779297
1774017386.7689037,/metrics/dbscan/left/detections_count,std_msgs/msg/Int32,11
1774017386.7690692,/metrics/dbscan/left/points_in,std_msgs/msg/Int32,7479
1774017386.769161,/metrics/dbscan/left/processing_ms,std_msgs/msg/Float32,86.73103332519531
1774017386.7976203,/metrics/dbscan/back/detections_count,std_msgs/msg/Int32,11
1774017386.7977798,/metrics/dbscan/back/points_in,std_msgs/msg/Int32,4115
1774017386.7978616,/metrics/dbscan/back/processing_ms,std_msgs/msg/Float32,62.73947525024414
1774017386.8527405,/metrics/dbscan/right/detections_count,std_msgs/msg/Int32,11
1774017386.8529096,/metrics/dbscan/right/points_in,std_msgs/msg/Int32,9387
1774017386.8529983,/metrics/dbscan/right/processing_ms,std_msgs/msg/Float32,91.73243713378906
1774017386.8589816,/metrics/dbscan/front/detections_count,std_msgs/msg/Int32,14
1774017386.85914,/metrics/dbscan/front/points_in,std_msgs/msg/Int32,9106
1774017386.8592489,/metrics/dbscan/front/processing_ms,std_msgs/msg/Float32,71.87274169921875
1774017386.867312,/metrics/dbscan/left/detections_count,std_msgs/msg/Int32,11
1774017386.8674312,/metrics/dbscan/left/points_in,std_msgs/msg/Int32,7475
1774017386.8674905,/metrics/dbscan/left/processing_ms,std_msgs/msg/Float32,85.34403228759766
1774017386.8992827,/metrics/dbscan/back/detections_count,std_msgs/msg/Int32,10
1774017386.8993986,/metrics/dbscan/back/points_in,std_msgs/msg/Int32,4114
1774017386.899466,/metrics/dbscan/back/processing_ms,std_msgs/msg/Float32,64.57952117919922
1774017386.9502585,/metrics/dbscan/right/detections_count,std_msgs/msg/Int32,11
1774017386.9504285,/metrics/dbscan/right/points_in,std_msgs/msg/Int32,9084
1774017386.950499,/metrics/dbscan/right/processing_ms,std_msgs/msg/Float32,88.66399383544922
1774017386.9582405,/metrics/dbscan/front/detections_count,std_msgs/msg/Int32,13
1774017386.9584086,/metrics/dbscan/front/points_in,std_msgs/msg/Int32,9779
1774017386.958511,/metrics/dbscan/front/processing_ms,std_msgs/msg/Float32,75.24822235107422
1774017386.9671113,/metrics/dbscan/left/detections_count,std_msgs/msg/Int32,11
1774017386.9672372,/metrics/dbscan/left/points_in,std_msgs/msg/Int32,7464
1774017386.9673297,/metrics/dbscan/left/processing_ms,std_msgs/msg/Float32,88.52074432373047
1774017386.997699,/metrics/dbscan/back/detections_count,std_msgs/msg/Int32,11
1774017386.9978478,/metrics/dbscan/back/points_in,std_msgs/msg/Int32,4118
1774017386.9979694,/metrics/dbscan/back/processing_ms,std_msgs/msg/Float32,60.81938934326172
1774017387.0521615,/metrics/dbscan/right/detections_count,std_msgs/msg/Int32,10
1774017387.0522718,/metrics/dbscan/right/points_in,std_msgs/msg/Int32,8912
1774017387.0523355,/metrics/dbscan/right/processing_ms,std_msgs/msg/Float32,90.2547836303711
1774017387.0571074,/metrics/dbscan/front/detections_count,std_msgs/msg/Int32,12
1774017387.0572278,/metrics/dbscan/front/points_in,std_msgs/msg/Int32,10028
1774017387.057308,/metrics/dbscan/front/processing_ms,std_msgs/msg/Float32,73.30790710449219
1774017387.0662231,/metrics/dbscan/left/detections_count,std_msgs/msg/Int32,11
1774017387.0663385,/metrics/dbscan/left/points_in,std_msgs/msg/Int32,7464
1774017387.0663998,/metrics/dbscan/left/processing_ms,std_msgs/msg/Float32,86.09169006347656
1774017387.1016734,/metrics/dbscan/back/detections_count,std_msgs/msg/Int32,10
1774017387.1018136,/metrics/dbscan/back/points_in,std_msgs/msg/Int32,4119
1774017387.101945,/metrics/dbscan/back/processing_ms,std_msgs/msg/Float32,64.7365951538086
1774017387.1419556,/metrics/dbscan/right/detections_count,std_msgs/msg/Int32,9
1774017387.1420767,/metrics/dbscan/right/points_in,std_msgs/msg/Int32,8834
1774017387.1421483,/metrics/dbscan/right/processing_ms,std_msgs/msg/Float32,83.6741943359375
1774017387.160457,/metrics/dbscan/front/detections_count,std_msgs/msg/Int32,12
1774017387.1605818,/metrics/dbscan/front/points_in,std_msgs/msg/Int32,10120
1774017387.1606543,/metrics/dbscan/front/processing_ms,std_msgs/msg/Float32,75.85425567626953
1774017387.1610696,/metrics/dbscan/left/detections_count,std_msgs/msg/Int32,11
1774017387.161145,/metrics/dbscan/left/points_in,std_msgs/msg/Int32,7470
1774017387.1612,/metrics/dbscan/left/processing_ms,std_msgs/msg/Float32,80.84496307373047
1774017387.1982336,/metrics/dbscan/back/detections_count,std_msgs/msg/Int32,10
1774017387.1983597,/metrics/dbscan/back/points_in,std_msgs/msg/Int32,4181
1774017387.1984303,/metrics/dbscan/back/processing_ms,std_msgs/msg/Float32,61.030853271484375
1774017387.2513015,/metrics/dbscan/right/detections_count,std_msgs/msg/Int32,11
1774017387.2514637,/metrics/dbscan/right/points_in,std_msgs/msg/Int32,8547
1774017387.251533,/metrics/dbscan/right/processing_ms,std_msgs/msg/Float32,91.60005950927734
1774017387.2592335,/metrics/dbscan/front/detections_count,std_msgs/msg/Int32,11
1774017387.2593653,/metrics/dbscan/front/points_in,std_msgs/msg/Int32,10261
1774017387.2594483,/metrics/dbscan/front/processing_ms,std_msgs/msg/Float32,74.28062438964844
1774017387.2653308,/metrics/dbscan/left/detections_count,std_msgs/msg/Int32,11
1774017387.2654388,/metrics/dbscan/left/points_in,std_msgs/msg/Int32,7466
1774017387.2655094,/metrics/dbscan/left/processing_ms,std_msgs/msg/Float32,84.2275619506836
1774017387.302176,/metrics/dbscan/back/detections_count,std_msgs/msg/Int32,10
1774017387.3023133,/metrics/dbscan/back/points_in,std_msgs/msg/Int32,4357
1774017387.3024063,/metrics/dbscan/back/processing_ms,std_msgs/msg/Float32,67.4970474243164
1774017387.345355,/metrics/dbscan/right/detections_count,std_msgs/msg/Int32,10
1774017387.3455384,/metrics/dbscan/right/points_in,std_msgs/msg/Int32,8097
1774017387.3456225,/metrics/dbscan/right/processing_ms,std_msgs/msg/Float32,85.16108703613281
1774017387.3639767,/metrics/dbscan/left/detections_count,std_msgs/msg/Int32,11
1774017387.3641312,/metrics/dbscan/left/points_in,std_msgs/msg/Int32,7458
1774017387.3642817,/metrics/dbscan/left/processing_ms,std_msgs/msg/Float32,82.17080688476562
1774017387.3669643,/metrics/dbscan/front/detections_count,std_msgs/msg/Int32,12
1774017387.3671386,/metrics/dbscan/front/points_in,std_msgs/msg/Int32,10306
1774017387.3672585,/metrics/dbscan/front/processing_ms,std_msgs/msg/Float32,80.02056121826172
1774017387.4082386,/metrics/dbscan/back/detections_count,std_msgs/msg/Int32,10
1774017387.4084158,/metrics/dbscan/back/points_in,std_msgs/msg/Int32,4553
1774017387.4085045,/metrics/dbscan/back/processing_ms,std_msgs/msg/Float32,67.02825927734375
1774017387.4522917,/metrics/dbscan/right/detections_count,std_msgs/msg/Int32,10
1774017387.4524453,/metrics/dbscan/right/points_in,std_msgs/msg/Int32,7694
1774017387.4525154,/metrics/dbscan/right/processing_ms,std_msgs/msg/Float32,89.76094818115234
1774017387.466811,/metrics/dbscan/left/detections_count,std_msgs/msg/Int32,11
1774017387.466953,/metrics/dbscan/left/points_in,std_msgs/msg/Int32,7466
1774017387.4670305,/metrics/dbscan/left/processing_ms,std_msgs/msg/Float32,87.57525634765625
1774017387.4712043,/metrics/dbscan/front/detections_count,std_msgs/msg/Int32,10
1774017387.4713938,/metrics/dbscan/front/points_in,std_msgs/msg/Int32,10309
1774017387.4714642,/metrics/dbscan/front/processing_ms,std_msgs/msg/Float32,87.89710998535156
1774017387.500766,/metrics/dbscan/back/detections_count,std_msgs/msg/Int32,11
1774017387.500921,/metrics/dbscan/back/points_in,std_msgs/msg/Int32,4750
1774017387.5010023,/metrics/dbscan/back/processing_ms,std_msgs/msg/Float32,65.41552734375
1774017387.5504231,/metrics/dbscan/right/detections_count,std_msgs/msg/Int32,10
1774017387.5505464,/metrics/dbscan/right/points_in,std_msgs/msg/Int32,7298
1774017387.5506177,/metrics/dbscan/right/processing_ms,std_msgs/msg/Float32,88.37610626220703
1774017387.5649936,/metrics/dbscan/front/detections_count,std_msgs/msg/Int32,11
1774017387.565117,/metrics/dbscan/front/points_in,std_msgs/msg/Int32,10160
1774017387.5651824,/metrics/dbscan/front/processing_ms,std_msgs/msg/Float32,79.32372283935547
1774017387.5714436,/metrics/dbscan/left/detections_count,std_msgs/msg/Int32,12
1774017387.5715806,/metrics/dbscan/left/points_in,std_msgs/msg/Int32,7506
1774017387.5716457,/metrics/dbscan/left/processing_ms,std_msgs/msg/Float32,90.79701232910156
1774017387.6026554,/metrics/dbscan/back/detections_count,std_msgs/msg/Int32,11
1774017387.6027968,/metrics/dbscan/back/points_in,std_msgs/msg/Int32,4962
1774017387.6028647,/metrics/dbscan/back/processing_ms,std_msgs/msg/Float32,66.76300048828125
1774017387.647353,/metrics/dbscan/right/detections_count,std_msgs/msg/Int32,10
1774017387.6475065,/metrics/dbscan/right/points_in,std_msgs/msg/Int32,6812
1774017387.6475785,/metrics/dbscan/right/processing_ms,std_msgs/msg/Float32,84.3034439086914
1774017387.6664674,/metrics/dbscan/front/detections_count,std_msgs/msg/Int32,13
1774017387.6666338,/metrics/dbscan/front/points_in,std_msgs/msg/Int32,9930
1774017387.6667445,/metrics/dbscan/front/processing_ms,std_msgs/msg/Float32,81.61568450927734
1774017387.6696417,/metrics/dbscan/left/detections_count,std_msgs/msg/Int32,11
1774017387.669732,/metrics/dbscan/left/points_in,std_msgs/msg/Int32,7710
1774017387.669797,/metrics/dbscan/left/processing_ms,std_msgs/msg/Float32,89.83667755126953
1774017387.703819,/metrics/dbscan/back/detections_count,std_msgs/msg/Int32,11
1774017387.704023,/metrics/dbscan/back/points_in,std_msgs/msg/Int32,5150
1774017387.7041166,/metrics/dbscan/back/processing_ms,std_msgs/msg/Float32,67.34209442138672
1774017387.7465003,/metrics/dbscan/right/detections_count,std_msgs/msg/Int32,11
1774017387.7466872,/metrics/dbscan/right/points_in,std_msgs/msg/Int32,6304
1774017387.7467725,/metrics/dbscan/right/processing_ms,std_msgs/msg/Float32,86.9009780883789
1774017387.7704577,/metrics/dbscan/left/detections_count,std_msgs/msg/Int32,11
1774017387.770629,/metrics/dbscan/left/points_in,std_msgs/msg/Int32,8109
1774017387.7707086,/metrics/dbscan/left/processing_ms,std_msgs/msg/Float32,88.83914947509766
1774017387.7765846,/metrics/dbscan/front/detections_count,std_msgs/msg/Int32,13
1774017387.7766957,/metrics/dbscan/front/points_in,std_msgs/msg/Int32,9806
1774017387.776761,/metrics/dbscan/front/processing_ms,std_msgs/msg/Float32,90.60000610351562
1774017387.809503,/metrics/dbscan/back/detections_count,std_msgs/msg/Int32,11
1774017387.809644,/metrics/dbscan/back/points_in,std_msgs/msg/Int32,5358
1774017387.809721,/metrics/dbscan/back/processing_ms,std_msgs/msg/Float32,70.48387908935547
1774017387.8465037,/metrics/dbscan/right/detections_count,std_msgs/msg/Int32,9
1774017387.8466997,/metrics/dbscan/right/points_in,std_msgs/msg/Int32,6173
1774017387.8468378,/metrics/dbscan/right/processing_ms,std_msgs/msg/Float32,85.99083709716797
1774017387.8677886,/metrics/dbscan/front/detections_count,std_msgs/msg/Int32,13
1774017387.867956,/metrics/dbscan/front/points_in,std_msgs/msg/Int32,9492
1774017387.8680398,/metrics/dbscan/front/processing_ms,std_msgs/msg/Float32,84.64213562011719
1774017387.8693426,/metrics/dbscan/left/detections_count,std_msgs/msg/Int32,11
1774017387.869427,/metrics/dbscan/left/points_in,std_msgs/msg/Int32,8545
1774017387.86951,/metrics/dbscan/left/processing_ms,std_msgs/msg/Float32,86.6773910522461
1774017387.90098,/metrics/dbscan/back/detections_count,std_msgs/msg/Int32,11
1774017387.901155,/metrics/dbscan/back/points_in,std_msgs/msg/Int32,5504
1774017387.9012575,/metrics/dbscan/back/processing_ms,std_msgs/msg/Float32,66.58609771728516
1774017387.950233,/metrics/dbscan/right/detections_count,std_msgs/msg/Int32,9
1774017387.9503834,/metrics/dbscan/right/points_in,std_msgs/msg/Int32,6171
1774017387.9504654,/metrics/dbscan/right/processing_ms,std_msgs/msg/Float32,89.90351867675781
1774017387.963073,/metrics/dbscan/front/detections_count,std_msgs/msg/Int32,12
1774017387.9632237,/metrics/dbscan/front/points_in,std_msgs/msg/Int32,9022
1774017387.963326,/metrics/dbscan/front/processing_ms,std_msgs/msg/Float32,79.79573059082031
1774017387.9770305,/metrics/dbscan/left/detections_count,std_msgs/msg/Int32,11
1774017387.9771812,/metrics/dbscan/left/points_in,std_msgs/msg/Int32,9000
1774017387.9772623,/metrics/dbscan/left/processing_ms,std_msgs/msg/Float32,97.28704833984375
1774017388.0088315,/metrics/dbscan/back/detections_count,std_msgs/msg/Int32,11
1774017388.0089836,/metrics/dbscan/back/points_in,std_msgs/msg/Int32,5574
1774017388.0090525,/metrics/dbscan/back/processing_ms,std_msgs/msg/Float32,74.54874420166016
1774017388.0478046,/metrics/dbscan/right/detections_count,std_msgs/msg/Int32,9
1774017388.0479598,/metrics/dbscan/right/points_in,std_msgs/msg/Int32,6174
1774017388.0480452,/metrics/dbscan/right/processing_ms,std_msgs/msg/Float32,85.65371704101562
1774017388.0632234,/metrics/dbscan/front/detections_count,std_msgs/msg/Int32,12
1774017388.0633783,/metrics/dbscan/front/points_in,std_msgs/msg/Int32,8733
1774017388.0634747,/metrics/dbscan/front/processing_ms,std_msgs/msg/Float32,78.63871765136719
1774017388.063981,/metrics/dbscan/left/detections_count,std_msgs/msg/Int32,11
1774017388.0640473,/metrics/dbscan/left/points_in,std_msgs/msg/Int32,9405
1774017388.0641005,/metrics/dbscan/left/processing_ms,std_msgs/msg/Float32,83.97652435302734
1774017388.1089618,/metrics/dbscan/back/detections_count,std_msgs/msg/Int32,11
1774017388.109151,/metrics/dbscan/back/points_in,std_msgs/msg/Int32,5658
1774017388.109248,/metrics/dbscan/back/processing_ms,std_msgs/msg/Float32,72.62527465820312
1774017388.143472,/metrics/dbscan/right/detections_count,std_msgs/msg/Int32,9
1774017388.1435983,/metrics/dbscan/right/points_in,std_msgs/msg/Int32,6154
1774017388.1436713,/metrics/dbscan/right/processing_ms,std_msgs/msg/Float32,80.51065063476562
1774017388.1616466,/metrics/dbscan/front/detections_count,std_msgs/msg/Int32,12
1774017388.1617863,/metrics/dbscan/front/points_in,std_msgs/msg/Int32,8774
1774017388.1618555,/metrics/dbscan/front/processing_ms,std_msgs/msg/Float32,76.8244400024414
1774017388.1653442,/metrics/dbscan/left/detections_count,std_msgs/msg/Int32,11
1774017388.1654596,/metrics/dbscan/left/points_in,std_msgs/msg/Int32,9791
1774017388.1655364,/metrics/dbscan/left/processing_ms,std_msgs/msg/Float32,84.9793472290039
1774017388.2011714,/metrics/dbscan/back/detections_count,std_msgs/msg/Int32,11
1774017388.2012825,/metrics/dbscan/back/points_in,std_msgs/msg/Int32,5798
1774017388.2013595,/metrics/dbscan/back/processing_ms,std_msgs/msg/Float32,65.15411376953125
1774017388.2384121,/metrics/dbscan/right/detections_count,std_msgs/msg/Int32,9
1774017388.2385495,/metrics/dbscan/right/points_in,std_msgs/msg/Int32,6164
1774017388.238624,/metrics/dbscan/right/processing_ms,std_msgs/msg/Float32,74.5932846069336
1774017388.2634654,/metrics/dbscan/front/detections_count,std_msgs/msg/Int32,10
1774017388.2635984,/metrics/dbscan/front/points_in,std_msgs/msg/Int32,8658
1774017388.2636726,/metrics/dbscan/front/processing_ms,std_msgs/msg/Float32,77.08097839355469
1774017388.269582,/metrics/dbscan/left/detections_count,std_msgs/msg/Int32,12
1774017388.2696834,/metrics/dbscan/left/points_in,std_msgs/msg/Int32,10205
1774017388.2697432,/metrics/dbscan/left/processing_ms,std_msgs/msg/Float32,88.24622344970703
1774017388.3050535,/metrics/dbscan/back/detections_count,std_msgs/msg/Int32,12
1774017388.3051922,/metrics/dbscan/back/points_in,std_msgs/msg/Int32,5557
1774017388.3052845,/metrics/dbscan/back/processing_ms,std_msgs/msg/Float32,67.72906494140625
1774017388.3395894,/metrics/dbscan/right/detections_count,std_msgs/msg/Int32,9
1774017388.3397226,/metrics/dbscan/right/points_in,std_msgs/msg/Int32,6162
1774017388.3398056,/metrics/dbscan/right/processing_ms,std_msgs/msg/Float32,79.79656982421875
1774017388.3533242,/metrics/dbscan/front/detections_count,std_msgs/msg/Int32,10
1774017388.3535047,/metrics/dbscan/front/points_in,std_msgs/msg/Int32,8588
1774017388.3535936,/metrics/dbscan/front/processing_ms,std_msgs/msg/Float32,69.73220825195312
1774017388.37577,/metrics/dbscan/left/detections_count,std_msgs/msg/Int32,12
1774017388.375933,/metrics/dbscan/left/points_in,std_msgs/msg/Int32,10582
1774017388.376041,/metrics/dbscan/left/processing_ms,std_msgs/msg/Float32,92.28492736816406
1774017388.4065838,/metrics/dbscan/back/detections_count,std_msgs/msg/Int32,12
1774017388.4067771,/metrics/dbscan/back/points_in,std_msgs/msg/Int32,5538
1774017388.4068995,/metrics/dbscan/back/processing_ms,std_msgs/msg/Float32,68.04672241210938
1774017388.442153,/metrics/dbscan/right/detections_count,std_msgs/msg/Int32,9
1774017388.4422984,/metrics/dbscan/right/points_in,std_msgs/msg/Int32,6158
1774017388.4423943,/metrics/dbscan/right/processing_ms,std_msgs/msg/Float32,81.55606079101562
1774017388.4575489,/metrics/dbscan/front/detections_count,std_msgs/msg/Int32,9
1774017388.457808,/metrics/dbscan/front/points_in,std_msgs/msg/Int32,8580
1774017388.4579358,/metrics/dbscan/front/processing_ms,std_msgs/msg/Float32,73.7868423461914
1774017388.4688883,/metrics/dbscan/left/detections_count,std_msgs/msg/Int32,12
1774017388.4690378,/metrics/dbscan/left/points_in,std_msgs/msg/Int32,10832
1774017388.4691348,/metrics/dbscan/left/processing_ms,std_msgs/msg/Float32,90.21845245361328
1774017388.5012543,/metrics/dbscan/back/detections_count,std_msgs/msg/Int32,10
1774017388.5013776,/metrics/dbscan/back/points_in,std_msgs/msg/Int32,5657
1774017388.5014517,/metrics/dbscan/back/processing_ms,std_msgs/msg/Float32,67.95492553710938
1774017388.5420446,/metrics/dbscan/right/detections_count,std_msgs/msg/Int32,9
1774017388.542187,/metrics/dbscan/right/points_in,std_msgs/msg/Int32,6154
1774017388.5422518,/metrics/dbscan/right/processing_ms,std_msgs/msg/Float32,80.8169937133789
1774017388.5606663,/metrics/dbscan/front/detections_count,std_msgs/msg/Int32,8
1774017388.5609214,/metrics/dbscan/front/points_in,std_msgs/msg/Int32,8399
1774017388.5610101,/metrics/dbscan/front/processing_ms,std_msgs/msg/Float32,76.23694610595703
1774017388.5761895,/metrics/dbscan/left/detections_count,std_msgs/msg/Int32,12
1774017388.5763357,/metrics/dbscan/left/points_in,std_msgs/msg/Int32,10953
1774017388.576433,/metrics/dbscan/left/processing_ms,std_msgs/msg/Float32,95.91737365722656
1774017388.6085966,/metrics/dbscan/back/detections_count,std_msgs/msg/Int32,11
1774017388.6087759,/metrics/dbscan/back/points_in,std_msgs/msg/Int32,5713
1774017388.608886,/metrics/dbscan/back/processing_ms,std_msgs/msg/Float32,72.83707427978516
1774017388.637297,/metrics/dbscan/right/detections_count,std_msgs/msg/Int32,9
1774017388.637435,/metrics/dbscan/right/points_in,std_msgs/msg/Int32,6169
1774017388.6375096,/metrics/dbscan/right/processing_ms,std_msgs/msg/Float32,75.44181823730469
1774017388.6556468,/metrics/dbscan/front/detections_count,std_msgs/msg/Int32,9
1774017388.6557653,/metrics/dbscan/front/points_in,std_msgs/msg/Int32,8299
1774017388.6558352,/metrics/dbscan/front/processing_ms,std_msgs/msg/Float32,70.91902923583984
1774017388.6712928,/metrics/dbscan/left/detections_count,std_msgs/msg/Int32,12
1774017388.6714585,/metrics/dbscan/left/points_in,std_msgs/msg/Int32,10831
1774017388.6715577,/metrics/dbscan/left/processing_ms,std_msgs/msg/Float32,90.5634765625
1774017388.7068868,/metrics/dbscan/back/detections_count,std_msgs/msg/Int32,11
1774017388.7070718,/metrics/dbscan/back/points_in,std_msgs/msg/Int32,5765
1774017388.707159,/metrics/dbscan/back/processing_ms,std_msgs/msg/Float32,70.90489196777344
1774017388.7445717,/metrics/dbscan/right/detections_count,std_msgs/msg/Int32,9
1774017388.7446892,/metrics/dbscan/right/points_in,std_msgs/msg/Int32,6155
1774017388.744754,/metrics/dbscan/right/processing_ms,std_msgs/msg/Float32,82.76519012451172
1774017388.760712,/metrics/dbscan/front/detections_count,std_msgs/msg/Int32,9
1774017388.7609067,/metrics/dbscan/front/points_in,std_msgs/msg/Int32,7980
1774017388.7610273,/metrics/dbscan/front/processing_ms,std_msgs/msg/Float32,74.72942352294922
1774017388.7719517,/metrics/dbscan/left/detections_count,std_msgs/msg/Int32,11
1774017388.772161,/metrics/dbscan/left/points_in,std_msgs/msg/Int32,10688
1774017388.7722645,/metrics/dbscan/left/processing_ms,std_msgs/msg/Float32,89.72020721435547
1774017388.805031,/metrics/dbscan/back/detections_count,std_msgs/msg/Int32,11
1774017388.8052404,/metrics/dbscan/back/points_in,std_msgs/msg/Int32,5749
1774017388.805319,/metrics/dbscan/back/processing_ms,std_msgs/msg/Float32,68.17125701904297
1774017388.839191,/metrics/dbscan/right/detections_count,std_msgs/msg/Int32,8
1774017388.839401,/metrics/dbscan/right/points_in,std_msgs/msg/Int32,6160
1774017388.8395092,/metrics/dbscan/right/processing_ms,std_msgs/msg/Float32,80.21595001220703
1774017388.8541563,/metrics/dbscan/front/detections_count,std_msgs/msg/Int32,10
1774017388.8543434,/metrics/dbscan/front/points_in,std_msgs/msg/Int32,7540
1774017388.8544202,/metrics/dbscan/front/processing_ms,std_msgs/msg/Float32,71.91156768798828
1774017388.8662505,/metrics/dbscan/left/detections_count,std_msgs/msg/Int32,11
1774017388.8664272,/metrics/dbscan/left/points_in,std_msgs/msg/Int32,10610
1774017388.866519,/metrics/dbscan/left/processing_ms,std_msgs/msg/Float32,87.77472686767578
1774017388.90607,/metrics/dbscan/back/detections_count,std_msgs/msg/Int32,10
1774017388.9062166,/metrics/dbscan/back/points_in,std_msgs/msg/Int32,5759
1774017388.906299,/metrics/dbscan/back/processing_ms,std_msgs/msg/Float32,68.52328491210938
1774017388.9428303,/metrics/dbscan/right/detections_count,std_msgs/msg/Int32,9
1774017388.9429903,/metrics/dbscan/right/points_in,std_msgs/msg/Int32,6173
1774017388.9430673,/metrics/dbscan/right/processing_ms,std_msgs/msg/Float32,83.31490325927734
1774017388.9506068,/metrics/dbscan/front/detections_count,std_msgs/msg/Int32,11
1774017388.9507537,/metrics/dbscan/front/points_in,std_msgs/msg/Int32,7315
1774017388.9508398,/metrics/dbscan/front/processing_ms,std_msgs/msg/Float32,66.93321228027344
1774017388.9699044,/metrics/dbscan/left/detections_count,std_msgs/msg/Int32,11
1774017388.9700437,/metrics/dbscan/left/points_in,std_msgs/msg/Int32,10652
1774017388.9701307,/metrics/dbscan/left/processing_ms,std_msgs/msg/Float32,89.76537322998047
1774017389.0039399,/metrics/dbscan/back/detections_count,std_msgs/msg/Int32,12
1774017389.004113,/metrics/dbscan/back/points_in,std_msgs/msg/Int32,5757
1774017389.0042424,/metrics/dbscan/back/processing_ms,std_msgs/msg/Float32,66.04012298583984
1774017389.043658,/metrics/dbscan/right/detections_count,std_msgs/msg/Int32,9
1774017389.0437727,/metrics/dbscan/right/points_in,std_msgs/msg/Int32,6161
1774017389.0438387,/metrics/dbscan/right/processing_ms,std_msgs/msg/Float32,82.53077697753906
1774017389.050342,/metrics/dbscan/front/detections_count,std_msgs/msg/Int32,11
1774017389.0504353,/metrics/dbscan/front/points_in,std_msgs/msg/Int32,7087
1774017389.0504901,/metrics/dbscan/front/processing_ms,std_msgs/msg/Float32,66.34587860107422
1774017389.0697324,/metrics/dbscan/left/detections_count,std_msgs/msg/Int32,11
1774017389.0698972,/metrics/dbscan/left/points_in,std_msgs/msg/Int32,10581
1774017389.069988,/metrics/dbscan/left/processing_ms,std_msgs/msg/Float32,89.63893127441406
1774017389.0989563,/metrics/dbscan/back/detections_count,std_msgs/msg/Int32,12
1774017389.09909,/metrics/dbscan/back/points_in,std_msgs/msg/Int32,5626
1774017389.099165,/metrics/dbscan/back/processing_ms,std_msgs/msg/Float32,64.4171142578125
1774017389.142765,/metrics/dbscan/right/detections_count,std_msgs/msg/Int32,9
1774017389.1429083,/metrics/dbscan/right/points_in,std_msgs/msg/Int32,6171
1774017389.1429894,/metrics/dbscan/right/processing_ms,std_msgs/msg/Float32,81.96451568603516
1774017389.1492784,/metrics/dbscan/front/detections_count,std_msgs/msg/Int32,10
1774017389.14937,/metrics/dbscan/front/points_in,std_msgs/msg/Int32,6813
1774017389.1494513,/metrics/dbscan/front/processing_ms,std_msgs/msg/Float32,63.43787384033203
1774017389.1666653,/metrics/dbscan/left/detections_count,std_msgs/msg/Int32,12
1774017389.1667862,/metrics/dbscan/left/points_in,std_msgs/msg/Int32,10473
1774017389.1668634,/metrics/dbscan/left/processing_ms,std_msgs/msg/Float32,84.42842864990234
1774017389.195802,/metrics/dbscan/back/detections_count,std_msgs/msg/Int32,12
1774017389.195954,/metrics/dbscan/back/points_in,std_msgs/msg/Int32,5389
1774017389.1960368,/metrics/dbscan/back/processing_ms,std_msgs/msg/Float32,61.499210357666016
1774017389.2354176,/metrics/dbscan/right/detections_count,std_msgs/msg/Int32,9
1774017389.235531,/metrics/dbscan/right/points_in,std_msgs/msg/Int32,6179
1774017389.2355983,/metrics/dbscan/right/processing_ms,std_msgs/msg/Float32,73.76990509033203
1774017389.2479436,/metrics/dbscan/front/detections_count,std_msgs/msg/Int32,10
1774017389.248131,/metrics/dbscan/front/points_in,std_msgs/msg/Int32,6567
1774017389.2482054,/metrics/dbscan/front/processing_ms,std_msgs/msg/Float32,62.574825286865234
1774017389.2644663,/metrics/dbscan/left/detections_count,std_msgs/msg/Int32,12
1774017389.2645779,/metrics/dbscan/left/points_in,std_msgs/msg/Int32,10310
1774017389.2646434,/metrics/dbscan/left/processing_ms,std_msgs/msg/Float32,82.8311996459961
1774017389.2992852,/metrics/dbscan/back/detections_count,std_msgs/msg/Int32,12
1774017389.2994184,/metrics/dbscan/back/points_in,std_msgs/msg/Int32,5292
1774017389.299492,/metrics/dbscan/back/processing_ms,std_msgs/msg/Float32,63.75204086303711
1774017389.344715,/metrics/dbscan/right/detections_count,std_msgs/msg/Int32,9
1774017389.34485,/metrics/dbscan/right/points_in,std_msgs/msg/Int32,6172
1774017389.3449426,/metrics/dbscan/right/processing_ms,std_msgs/msg/Float32,82.20280456542969
1774017389.351086,/metrics/dbscan/front/detections_count,std_msgs/msg/Int32,13
1774017389.3512094,/metrics/dbscan/front/points_in,std_msgs/msg/Int32,6332
1774017389.3512702,/metrics/dbscan/front/processing_ms,std_msgs/msg/Float32,64.64952087402344
1774017389.3597245,/metrics/dbscan/left/detections_count,std_msgs/msg/Int32,12
1774017389.3598988,/metrics/dbscan/left/points_in,std_msgs/msg/Int32,10263
1774017389.3599865,/metrics/dbscan/left/processing_ms,std_msgs/msg/Float32,81.45606994628906
1774017389.400225,/metrics/dbscan/back/detections_count,std_msgs/msg/Int32,12
1774017389.400354,/metrics/dbscan/back/points_in,std_msgs/msg/Int32,5258
1774017389.400426,/metrics/dbscan/back/processing_ms,std_msgs/msg/Float32,63.54837417602539
1774017389.4378376,/metrics/dbscan/right/detections_count,std_msgs/msg/Int32,9
1774017389.4379942,/metrics/dbscan/right/points_in,std_msgs/msg/Int32,6168
1774017389.4380581,/metrics/dbscan/right/processing_ms,std_msgs/msg/Float32,79.39738464355469
1774017389.4526544,/metrics/dbscan/front/detections_count,std_msgs/msg/Int32,13
1774017389.452816,/metrics/dbscan/front/points_in,std_msgs/msg/Int32,6084
1774017389.4528997,/metrics/dbscan/front/processing_ms,std_msgs/msg/Float32,69.43138122558594
1774017389.4660366,/metrics/dbscan/left/detections_count,std_msgs/msg/Int32,12
1774017389.4661694,/metrics/dbscan/left/points_in,std_msgs/msg/Int32,9772
1774017389.4662392,/metrics/dbscan/left/processing_ms,std_msgs/msg/Float32,86.83660888671875
1774017389.503173,/metrics/dbscan/back/detections_count,std_msgs/msg/Int32,12
1774017389.503343,/metrics/dbscan/back/points_in,std_msgs/msg/Int32,5153
1774017389.503425,/metrics/dbscan/back/processing_ms,std_msgs/msg/Float32,65.59366607666016
1774017389.5449405,/metrics/dbscan/right/detections_count,std_msgs/msg/Int32,9
1774017389.5450535,/metrics/dbscan/right/points_in,std_msgs/msg/Int32,6159
1774017389.5451133,/metrics/dbscan/right/processing_ms,std_msgs/msg/Float32,84.5414810180664
1774017389.5545814,/metrics/dbscan/front/detections_count,std_msgs/msg/Int32,13
1774017389.5548246,/metrics/dbscan/front/points_in,std_msgs/msg/Int32,5856
1774017389.5550106,/metrics/dbscan/front/processing_ms,std_msgs/msg/Float32,70.81847381591797
1774017389.564084,/metrics/dbscan/left/detections_count,std_msgs/msg/Int32,11
1774017389.5641959,/metrics/dbscan/left/points_in,std_msgs/msg/Int32,9572
1774017389.5642602,/metrics/dbscan/left/processing_ms,std_msgs/msg/Float32,83.39209747314453
1774017389.6001606,/metrics/dbscan/back/detections_count,std_msgs/msg/Int32,13
1774017389.6002953,/metrics/dbscan/back/points_in,std_msgs/msg/Int32,5057
1774017389.6003835,/metrics/dbscan/back/processing_ms,std_msgs/msg/Float32,62.66895294189453
1774017389.6387167,/metrics/dbscan/right/detections_count,std_msgs/msg/Int32,9
1774017389.6388671,/metrics/dbscan/right/points_in,std_msgs/msg/Int32,6152
1774017389.6389766,/metrics/dbscan/right/processing_ms,std_msgs/msg/Float32,77.18048858642578
1774017389.6608274,/metrics/dbscan/front/detections_count,std_msgs/msg/Int32,12
1774017389.6609917,/metrics/dbscan/front/points_in,std_msgs/msg/Int32,5692
1774017389.6610677,/metrics/dbscan/front/processing_ms,std_msgs/msg/Float32,76.03478240966797
1774017389.6631052,/metrics/dbscan/left/detections_count,std_msgs/msg/Int32,11
1774017389.6631904,/metrics/dbscan/left/points_in,std_msgs/msg/Int32,9639
1774017389.6632528,/metrics/dbscan/left/processing_ms,std_msgs/msg/Float32,82.4063491821289
1774017389.6998162,/metrics/dbscan/back/detections_count,std_msgs/msg/Int32,10
1774017389.7000098,/metrics/dbscan/back/points_in,std_msgs/msg/Int32,5106
1774017389.7001362,/metrics/dbscan/back/processing_ms,std_msgs/msg/Float32,65.62382507324219
1774017389.7388535,/metrics/dbscan/right/detections_count,std_msgs/msg/Int32,9
1774017389.739025,/metrics/dbscan/right/points_in,std_msgs/msg/Int32,6171
1774017389.739106,/metrics/dbscan/right/processing_ms,std_msgs/msg/Float32,77.28258514404297
1774017389.7597492,/metrics/dbscan/front/detections_count,std_msgs/msg/Int32,11
1774017389.7598982,/metrics/dbscan/front/points_in,std_msgs/msg/Int32,5595
1774017389.7600055,/metrics/dbscan/front/processing_ms,std_msgs/msg/Float32,74.65850067138672
1774017389.768778,/metrics/dbscan/left/detections_count,std_msgs/msg/Int32,12
1774017389.7689607,/metrics/dbscan/left/points_in,std_msgs/msg/Int32,9621
1774017389.7690504,/metrics/dbscan/left/processing_ms,std_msgs/msg/Float32,87.05266571044922
1774017389.793736,/metrics/dbscan/back/detections_count,std_msgs/msg/Int32,11
1774017389.7939107,/metrics/dbscan/back/points_in,std_msgs/msg/Int32,5141
1774017389.7940083,/metrics/dbscan/back/processing_ms,std_msgs/msg/Float32,59.280242919921875
1774017389.8476784,/metrics/dbscan/right/detections_count,std_msgs/msg/Int32,10
1774017389.8477857,/metrics/dbscan/right/points_in,std_msgs/msg/Int32,6165
1774017389.8478448,/metrics/dbscan/right/processing_ms,std_msgs/msg/Float32,84.72195434570312
1774017389.858752,/metrics/dbscan/left/detections_count,std_msgs/msg/Int32,12
1774017389.8588915,/metrics/dbscan/left/points_in,std_msgs/msg/Int32,9501
1774017389.8589704,/metrics/dbscan/left/processing_ms,std_msgs/msg/Float32,80.21653747558594
1774017389.8604403,/metrics/dbscan/front/detections_count,std_msgs/msg/Int32,10
1774017389.8605282,/metrics/dbscan/front/points_in,std_msgs/msg/Int32,5570
1774017389.860592,/metrics/dbscan/front/processing_ms,std_msgs/msg/Float32,74.23764038085938
1774017389.9002736,/metrics/dbscan/back/detections_count,std_msgs/msg/Int32,11
1774017389.9004152,/metrics/dbscan/back/points_in,std_msgs/msg/Int32,5125
1774017389.9004898,/metrics/dbscan/back/processing_ms,std_msgs/msg/Float32,65.10186004638672
1774017389.943865,/metrics/dbscan/right/detections_count,std_msgs/msg/Int32,9
1774017389.944007,/metrics/dbscan/right/points_in,std_msgs/msg/Int32,6163
1774017389.9440718,/metrics/dbscan/right/processing_ms,std_msgs/msg/Float32,81.02278137207031
1774017389.9637303,/metrics/dbscan/front/detections_count,std_msgs/msg/Int32,12
1774017389.9638548,/metrics/dbscan/front/points_in,std_msgs/msg/Int32,5576
1774017389.963937,/metrics/dbscan/front/processing_ms,std_msgs/msg/Float32,79.84555053710938
1774017389.9665985,/metrics/dbscan/left/detections_count,std_msgs/msg/Int32,12
1774017389.9667082,/metrics/dbscan/left/points_in,std_msgs/msg/Int32,9408
1774017389.966791,/metrics/dbscan/left/processing_ms,std_msgs/msg/Float32,86.32797241210938
1774017390.0007234,/metrics/dbscan/back/detections_count,std_msgs/msg/Int32,12
1774017390.0008893,/metrics/dbscan/back/points_in,std_msgs/msg/Int32,5268
1774017390.0010078,/metrics/dbscan/back/processing_ms,std_msgs/msg/Float32,63.698516845703125
1774017390.0409298,/metrics/dbscan/right/detections_count,std_msgs/msg/Int32,9
1774017390.0410826,/metrics/dbscan/right/points_in,std_msgs/msg/Int32,6175
1774017390.041177,/metrics/dbscan/right/processing_ms,std_msgs/msg/Float32,81.51530456542969
1774017390.060456,/metrics/dbscan/left/detections_count,std_msgs/msg/Int32,11
1774017390.0606182,/metrics/dbscan/left/points_in,std_msgs/msg/Int32,9213
1774017390.060736,/metrics/dbscan/left/processing_ms,std_msgs/msg/Float32,80.3176040649414
1774017390.0635188,/metrics/dbscan/front/detections_count,std_msgs/msg/Int32,12
1774017390.0636039,/metrics/dbscan/front/points_in,std_msgs/msg/Int32,5577
1774017390.0636628,/metrics/dbscan/front/processing_ms,std_msgs/msg/Float32,80.17218780517578
1774017390.1004522,/metrics/dbscan/back/detections_count,std_msgs/msg/Int32,11
1774017390.1006112,/metrics/dbscan/back/points_in,std_msgs/msg/Int32,5389
1774017390.1007204,/metrics/dbscan/back/processing_ms,std_msgs/msg/Float32,63.44568634033203
1774017390.143553,/metrics/dbscan/right/detections_count,std_msgs/msg/Int32,9
1774017390.1437156,/metrics/dbscan/right/points_in,std_msgs/msg/Int32,6157
1774017390.1438205,/metrics/dbscan/right/processing_ms,std_msgs/msg/Float32,83.16516876220703
1774017390.1513746,/metrics/dbscan/front/detections_count,std_msgs/msg/Int32,11
1774017390.1515145,/metrics/dbscan/front/points_in,std_msgs/msg/Int32,5583
1774017390.1515973,/metrics/dbscan/front/processing_ms,std_msgs/msg/Float32,66.83504486083984
1774017390.1643977,/metrics/dbscan/left/detections_count,std_msgs/msg/Int32,12
1774017390.1645231,/metrics/dbscan/left/points_in,std_msgs/msg/Int32,8864
1774017390.1645887,/metrics/dbscan/left/processing_ms,std_msgs/msg/Float32,83.32283782958984
1774017390.1949065,/metrics/dbscan/back/detections_count,std_msgs/msg/Int32,10
1774017390.1950302,/metrics/dbscan/back/points_in,std_msgs/msg/Int32,5495
1774017390.1951015,/metrics/dbscan/back/processing_ms,std_msgs/msg/Float32,60.61729049682617
1774017390.2371352,/metrics/dbscan/right/detections_count,std_msgs/msg/Int32,9
1774017390.2372932,/metrics/dbscan/right/points_in,std_msgs/msg/Int32,6165
1774017390.2373662,/metrics/dbscan/right/processing_ms,std_msgs/msg/Float32,76.35372924804688
1774017390.2580032,/metrics/dbscan/front/detections_count,std_msgs/msg/Int32,13
1774017390.2581425,/metrics/dbscan/front/points_in,std_msgs/msg/Int32,5586
1774017390.258207,/metrics/dbscan/front/processing_ms,std_msgs/msg/Float32,72.17195892333984
1774017390.2659566,/metrics/dbscan/left/detections_count,std_msgs/msg/Int32,13
1774017390.2661247,/metrics/dbscan/left/points_in,std_msgs/msg/Int32,8641
1774017390.2662387,/metrics/dbscan/left/processing_ms,std_msgs/msg/Float32,83.86638641357422
1774017390.3024387,/metrics/dbscan/back/detections_count,std_msgs/msg/Int32,11
1774017390.3026276,/metrics/dbscan/back/points_in,std_msgs/msg/Int32,5590
1774017390.3027334,/metrics/dbscan/back/processing_ms,std_msgs/msg/Float32,68.06592559814453
1774017390.3463278,/metrics/dbscan/right/detections_count,std_msgs/msg/Int32,9
1774017390.3464866,/metrics/dbscan/right/points_in,std_msgs/msg/Int32,6163
1774017390.3465798,/metrics/dbscan/right/processing_ms,std_msgs/msg/Float32,84.2546157836914
1774017390.3583293,/metrics/dbscan/front/detections_count,std_msgs/msg/Int32,11
1774017390.3585556,/metrics/dbscan/front/points_in,std_msgs/msg/Int32,5597
1774017390.3586729,/metrics/dbscan/front/processing_ms,std_msgs/msg/Float32,72.027587890625
1774017390.3657732,/metrics/dbscan/left/detections_count,std_msgs/msg/Int32,12
1774017390.3659136,/metrics/dbscan/left/points_in,std_msgs/msg/Int32,8582
1774017390.36599,/metrics/dbscan/left/processing_ms,std_msgs/msg/Float32,86.88800811767578
1774017390.4115674,/metrics/dbscan/back/detections_count,std_msgs/msg/Int32,11
1774017390.411695,/metrics/dbscan/back/points_in,std_msgs/msg/Int32,5559
1774017390.411761,/metrics/dbscan/back/processing_ms,std_msgs/msg/Float32,75.94510650634766
1774017390.4552727,/metrics/dbscan/right/detections_count,std_msgs/msg/Int32,9
1774017390.455454,/metrics/dbscan/right/points_in,std_msgs/msg/Int32,6153
1774017390.4555387,/metrics/dbscan/right/processing_ms,std_msgs/msg/Float32,92.7400131225586
1774017390.4654107,/metrics/dbscan/front/detections_count,std_msgs/msg/Int32,11
1774017390.4655807,/metrics/dbscan/front/points_in,std_msgs/msg/Int32,5585
1774017390.4656937,/metrics/dbscan/front/processing_ms,std_msgs/msg/Float32,82.51557159423828
1774017390.4713206,/metrics/dbscan/left/detections_count,std_msgs/msg/Int32,12
1774017390.4714773,/metrics/dbscan/left/points_in,std_msgs/msg/Int32,8585
1774017390.471563,/metrics/dbscan/left/processing_ms,std_msgs/msg/Float32,91.60774230957031
1774017390.510171,/metrics/dbscan/back/detections_count,std_msgs/msg/Int32,12
1774017390.510358,/metrics/dbscan/back/points_in,std_msgs/msg/Int32,5593
1774017390.510433,/metrics/dbscan/back/processing_ms,std_msgs/msg/Float32,73.24689483642578
1774017390.5469267,/metrics/dbscan/right/detections_count,std_msgs/msg/Int32,9
1774017390.5471237,/metrics/dbscan/right/points_in,std_msgs/msg/Int32,6160
1774017390.5472322,/metrics/dbscan/right/processing_ms,std_msgs/msg/Float32,83.27590942382812
1774017390.5634537,/metrics/dbscan/front/detections_count,std_msgs/msg/Int32,12
1774017390.5636654,/metrics/dbscan/front/points_in,std_msgs/msg/Int32,5584
1774017390.5637825,/metrics/dbscan/front/processing_ms,std_msgs/msg/Float32,78.86381530761719
1774017390.5645506,/metrics/dbscan/left/detections_count,std_msgs/msg/Int32,11
1774017390.5649302,/metrics/dbscan/left/points_in,std_msgs/msg/Int32,8566
1774017390.5650253,/metrics/dbscan/left/processing_ms,std_msgs/msg/Float32,84.33987426757812
1774017390.606424,/metrics/dbscan/back/detections_count,std_msgs/msg/Int32,11
1774017390.6067042,/metrics/dbscan/back/points_in,std_msgs/msg/Int32,5692
1774017390.6068242,/metrics/dbscan/back/processing_ms,std_msgs/msg/Float32,69.57283020019531
1774017390.6450434,/metrics/dbscan/right/detections_count,std_msgs/msg/Int32,10
1774017390.6451807,/metrics/dbscan/right/points_in,std_msgs/msg/Int32,6168
1774017390.6452684,/metrics/dbscan/right/processing_ms,std_msgs/msg/Float32,83.77256774902344
1774017390.6601093,/metrics/dbscan/front/detections_count,std_msgs/msg/Int32,12
1774017390.660278,/metrics/dbscan/front/points_in,std_msgs/msg/Int32,5580
1774017390.6603727,/metrics/dbscan/front/processing_ms,std_msgs/msg/Float32,74.96195983886719
1774017390.669571,/metrics/dbscan/left/detections_count,std_msgs/msg/Int32,11
1774017390.669715,/metrics/dbscan/left/points_in,std_msgs/msg/Int32,8517
1774017390.669821,/metrics/dbscan/left/processing_ms,std_msgs/msg/Float32,88.80805206298828
1774017390.7025318,/metrics/dbscan/back/detections_count,std_msgs/msg/Int32,12
1774017390.7026658,/metrics/dbscan/back/points_in,std_msgs/msg/Int32,5824
1774017390.702744,/metrics/dbscan/back/processing_ms,std_msgs/msg/Float32,65.08309936523438
1774017390.7476785,/metrics/dbscan/right/detections_count,std_msgs/msg/Int32,9
1774017390.7478237,/metrics/dbscan/right/points_in,std_msgs/msg/Int32,6160
1774017390.7479122,/metrics/dbscan/right/processing_ms,std_msgs/msg/Float32,86.7247543334961
1774017390.765625,/metrics/dbscan/left/detections_count,std_msgs/msg/Int32,11
1774017390.7657902,/metrics/dbscan/left/points_in,std_msgs/msg/Int32,8576
1774017390.765889,/metrics/dbscan/left/processing_ms,std_msgs/msg/Float32,82.99337005615234
1774017390.766458,/metrics/dbscan/front/detections_count,std_msgs/msg/Int32,12
1774017390.7665446,/metrics/dbscan/front/points_in,std_msgs/msg/Int32,5575
1774017390.7666633,/metrics/dbscan/front/processing_ms,std_msgs/msg/Float32,79.1302490234375
1774017390.8011062,/metrics/dbscan/back/detections_count,std_msgs/msg/Int32,12
1774017390.8013208,/metrics/dbscan/back/processing_ms,std_msgs/msg/Float32,67.24091339111328
1774017390.8017244,/metrics/dbscan/back/points_in,std_msgs/msg/Int32,5828
1774017390.8436055,/metrics/dbscan/right/detections_count,std_msgs/msg/Int32,9
1774017390.8437371,/metrics/dbscan/right/points_in,std_msgs/msg/Int32,6162
1774017390.8438237,/metrics/dbscan/right/processing_ms,std_msgs/msg/Float32,82.16290283203125
1774017390.8617046,/metrics/dbscan/front/detections_count,std_msgs/msg/Int32,11
1774017390.8618338,/metrics/dbscan/front/points_in,std_msgs/msg/Int32,5575
1774017390.8619306,/metrics/dbscan/front/processing_ms,std_msgs/msg/Float32,75.5727767944336
1774017390.8650677,/metrics/dbscan/left/detections_count,std_msgs/msg/Int32,10
1774017390.8651657,/metrics/dbscan/left/points_in,std_msgs/msg/Int32,8594
1774017390.8652866,/metrics/dbscan/left/processing_ms,std_msgs/msg/Float32,86.70321655273438
1774017390.9024105,/metrics/dbscan/back/detections_count,std_msgs/msg/Int32,11
1774017390.9025815,/metrics/dbscan/back/points_in,std_msgs/msg/Int32,5804
1774017390.9026823,/metrics/dbscan/back/processing_ms,std_msgs/msg/Float32,68.0034408569336
1774017390.9453778,/metrics/dbscan/right/detections_count,std_msgs/msg/Int32,9
1774017390.9455009,/metrics/dbscan/right/points_in,std_msgs/msg/Int32,6171
1774017390.9455698,/metrics/dbscan/right/processing_ms,std_msgs/msg/Float32,83.74309539794922
1774017390.960693,/metrics/dbscan/front/detections_count,std_msgs/msg/Int32,11
1774017390.9608471,/metrics/dbscan/front/points_in,std_msgs/msg/Int32,5575
1774017390.9609423,/metrics/dbscan/front/processing_ms,std_msgs/msg/Float32,77.90837097167969
1774017390.96813,/metrics/dbscan/left/detections_count,std_msgs/msg/Int32,10
1774017390.9682865,/metrics/dbscan/left/points_in,std_msgs/msg/Int32,8667
1774017390.9683912,/metrics/dbscan/left/processing_ms,std_msgs/msg/Float32,88.71475219726562
1774017391.0101366,/metrics/dbscan/back/detections_count,std_msgs/msg/Int32,12
1774017391.010342,/metrics/dbscan/back/points_in,std_msgs/msg/Int32,5722
1774017391.0104525,/metrics/dbscan/back/processing_ms,std_msgs/msg/Float32,74.62977600097656
1774017391.045209,/metrics/dbscan/right/detections_count,std_msgs/msg/Int32,9
1774017391.045389,/metrics/dbscan/right/points_in,std_msgs/msg/Int32,6165
1774017391.0454884,/metrics/dbscan/right/processing_ms,std_msgs/msg/Float32,82.70326232910156
1774017391.062309,/metrics/dbscan/left/detections_count,std_msgs/msg/Int32,11
1774017391.0624635,/metrics/dbscan/left/points_in,std_msgs/msg/Int32,8713
1774017391.0625603,/metrics/dbscan/left/processing_ms,std_msgs/msg/Float32,81.75865173339844
1774017391.0634468,/metrics/dbscan/front/detections_count,std_msgs/msg/Int32,10
1774017391.0635293,/metrics/dbscan/front/points_in,std_msgs/msg/Int32,5568
1774017391.0635972,/metrics/dbscan/front/processing_ms,std_msgs/msg/Float32,79.6025161743164
1774017391.1052952,/metrics/dbscan/back/detections_count,std_msgs/msg/Int32,13
1774017391.105481,/metrics/dbscan/back/points_in,std_msgs/msg/Int32,5536
1774017391.1055944,/metrics/dbscan/back/processing_ms,std_msgs/msg/Float32,67.52942657470703
1774017391.1381893,/metrics/dbscan/right/detections_count,std_msgs/msg/Int32,9
1774017391.1383667,/metrics/dbscan/right/points_in,std_msgs/msg/Int32,6157
1774017391.1384475,/metrics/dbscan/right/processing_ms,std_msgs/msg/Float32,79.9512710571289
1774017391.1593027,/metrics/dbscan/left/detections_count,std_msgs/msg/Int32,10
1774017391.1594431,/metrics/dbscan/left/points_in,std_msgs/msg/Int32,8722
1774017391.1595383,/metrics/dbscan/left/processing_ms,std_msgs/msg/Float32,78.39452362060547
1774017391.1606243,/metrics/dbscan/front/detections_count,std_msgs/msg/Int32,11
1774017391.1607153,/metrics/dbscan/front/points_in,std_msgs/msg/Int32,5581
1774017391.1607804,/metrics/dbscan/front/processing_ms,std_msgs/msg/Float32,75.9259262084961
1774017391.2042625,/metrics/dbscan/back/detections_count,std_msgs/msg/Int32,10
1774017391.204475,/metrics/dbscan/back/points_in,std_msgs/msg/Int32,5399
1774017391.2046163,/metrics/dbscan/back/processing_ms,std_msgs/msg/Float32,66.31625366210938
1774017391.2449758,/metrics/dbscan/right/detections_count,std_msgs/msg/Int32,10
1774017391.2451484,/metrics/dbscan/right/points_in,std_msgs/msg/Int32,6157
1774017391.2452152,/metrics/dbscan/right/processing_ms,std_msgs/msg/Float32,85.79281616210938
1774017391.2611008,/metrics/dbscan/left/detections_count,std_msgs/msg/Int32,10
1774017391.2612324,/metrics/dbscan/left/points_in,std_msgs/msg/Int32,8706
1774017391.2613275,/metrics/dbscan/left/processing_ms,std_msgs/msg/Float32,79.19039154052734
1774017391.262013,/metrics/dbscan/front/detections_count,std_msgs/msg/Int32,11
1774017391.2620893,/metrics/dbscan/front/points_in,std_msgs/msg/Int32,5576
1774017391.2621696,/metrics/dbscan/front/processing_ms,std_msgs/msg/Float32,76.79220581054688
1774017391.3029573,/metrics/dbscan/back/detections_count,std_msgs/msg/Int32,9
1774017391.303115,/metrics/dbscan/back/points_in,std_msgs/msg/Int32,5229
1774017391.3031929,/metrics/dbscan/back/processing_ms,std_msgs/msg/Float32,64.41007232666016
1774017391.3432486,/metrics/dbscan/right/detections_count,std_msgs/msg/Int32,9
1774017391.3434088,/metrics/dbscan/right/points_in,std_msgs/msg/Int32,6170
1774017391.3435326,/metrics/dbscan/right/processing_ms,std_msgs/msg/Float32,82.12515258789062
1774017391.3532104,/metrics/dbscan/left/detections_count,std_msgs/msg/Int32,10
1774017391.3533914,/metrics/dbscan/left/points_in,std_msgs/msg/Int32,8679
1774017391.3534827,/metrics/dbscan/left/processing_ms,std_msgs/msg/Float32,74.61825561523438
1774017391.361432,/metrics/dbscan/front/detections_count,std_msgs/msg/Int32,12
1774017391.3616064,/metrics/dbscan/front/points_in,std_msgs/msg/Int32,5582
1774017391.3617163,/metrics/dbscan/front/processing_ms,std_msgs/msg/Float32,75.44671630859375
1774017391.4021475,/metrics/dbscan/back/detections_count,std_msgs/msg/Int32,9
1774017391.402294,/metrics/dbscan/back/points_in,std_msgs/msg/Int32,5250
1774017391.4023676,/metrics/dbscan/back/processing_ms,std_msgs/msg/Float32,67.29631042480469
1774017391.4487665,/metrics/dbscan/right/detections_count,std_msgs/msg/Int32,9
1774017391.4489887,/metrics/dbscan/right/points_in,std_msgs/msg/Int32,6177
1774017391.4490886,/metrics/dbscan/right/processing_ms,std_msgs/msg/Float32,85.53846740722656
1774017391.461275,/metrics/dbscan/front/detections_count,std_msgs/msg/Int32,11
1774017391.4614427,/metrics/dbscan/front/points_in,std_msgs/msg/Int32,5588
1774017391.4615898,/metrics/dbscan/front/processing_ms,std_msgs/msg/Float32,78.22379302978516
1774017391.4631186,/metrics/dbscan/left/detections_count,std_msgs/msg/Int32,10
1774017391.4632306,/metrics/dbscan/left/points_in,std_msgs/msg/Int32,8654
1774017391.463322,/metrics/dbscan/left/processing_ms,std_msgs/msg/Float32,84.04712677001953
1774017391.5055082,/metrics/dbscan/back/detections_count,std_msgs/msg/Int32,10
1774017391.5056791,/metrics/dbscan/back/points_in,std_msgs/msg/Int32,5506
1774017391.50575,/metrics/dbscan/back/processing_ms,std_msgs/msg/Float32,70.81192779541016
1774017391.5460951,/metrics/dbscan/right/detections_count,std_msgs/msg/Int32,9
1774017391.5462294,/metrics/dbscan/right/points_in,std_msgs/msg/Int32,6170
1774017391.5463538,/metrics/dbscan/right/processing_ms,std_msgs/msg/Float32,83.84225463867188
1774017391.5601819,/metrics/dbscan/front/detections_count,std_msgs/msg/Int32,11
1774017391.5603304,/metrics/dbscan/front/processing_ms,std_msgs/msg/Float32,75.67461395263672
1774017391.560397,/metrics/dbscan/left/detections_count,std_msgs/msg/Int32,10
1774017391.5604613,/metrics/dbscan/left/points_in,std_msgs/msg/Int32,8601
1774017391.5605195,/metrics/dbscan/left/processing_ms,std_msgs/msg/Float32,79.58433532714844
1774017391.5611765,/metrics/dbscan/front/points_in,std_msgs/msg/Int32,5582
1774017391.6139805,/metrics/dbscan/back/detections_count,std_msgs/msg/Int32,10
1774017391.6141002,/metrics/dbscan/back/points_in,std_msgs/msg/Int32,5922
1774017391.61417,/metrics/dbscan/back/processing_ms,std_msgs/msg/Float32,78.3175277709961
1774017391.64428,/metrics/dbscan/right/detections_count,std_msgs/msg/Int32,10
1774017391.6444426,/metrics/dbscan/right/points_in,std_msgs/msg/Int32,6160
1774017391.644524,/metrics/dbscan/right/processing_ms,std_msgs/msg/Float32,81.0291976928711
1774017391.6626608,/metrics/dbscan/front/detections_count,std_msgs/msg/Int32,11
1774017391.6627932,/metrics/dbscan/front/points_in,std_msgs/msg/Int32,5582
1774017391.6628675,/metrics/dbscan/front/processing_ms,std_msgs/msg/Float32,78.07930755615234
1774017391.6651363,/metrics/dbscan/left/detections_count,std_msgs/msg/Int32,10
1774017391.665233,/metrics/dbscan/left/points_in,std_msgs/msg/Int32,8562
1774017391.6652994,/metrics/dbscan/left/processing_ms,std_msgs/msg/Float32,84.31087493896484
1774017391.7103398,/metrics/dbscan/back/detections_count,std_msgs/msg/Int32,9
1774017391.7104795,/metrics/dbscan/back/points_in,std_msgs/msg/Int32,6101
1774017391.7105565,/metrics/dbscan/back/processing_ms,std_msgs/msg/Float32,73.69522094726562
1774017391.7435246,/metrics/dbscan/right/detections_count,std_msgs/msg/Int32,8
1774017391.7436662,/metrics/dbscan/right/points_in,std_msgs/msg/Int32,6166
1774017391.7437382,/metrics/dbscan/right/processing_ms,std_msgs/msg/Float32,83.31957244873047
1774017391.763714,/metrics/dbscan/left/detections_count,std_msgs/msg/Int32,10
1774017391.7638369,/metrics/dbscan/left/points_in,std_msgs/msg/Int32,8491
1774017391.763923,/metrics/dbscan/left/processing_ms,std_msgs/msg/Float32,82.0188217163086
1774017391.764721,/metrics/dbscan/front/detections_count,std_msgs/msg/Int32,12
1774017391.7647963,/metrics/dbscan/front/points_in,std_msgs/msg/Int32,5585
1774017391.7648516,/metrics/dbscan/front/processing_ms,std_msgs/msg/Float32,79.13211059570312
1774017391.8092577,/metrics/dbscan/back/detections_count,std_msgs/msg/Int32,11
1774017391.8093786,/metrics/dbscan/back/points_in,std_msgs/msg/Int32,6296
1774017391.809443,/metrics/dbscan/back/processing_ms,std_msgs/msg/Float32,71.04962158203125
1774017391.8441303,/metrics/dbscan/right/detections_count,std_msgs/msg/Int32,8
1774017391.8442929,/metrics/dbscan/right/points_in,std_msgs/msg/Int32,6173
1774017391.8444123,/metrics/dbscan/right/processing_ms,std_msgs/msg/Float32,81.08560180664062
1774017391.8610117,/metrics/dbscan/left/detections_count,std_msgs/msg/Int32,10
1774017391.8611376,/metrics/dbscan/left/points_in,std_msgs/msg/Int32,8451
1774017391.8612068,/metrics/dbscan/left/processing_ms,std_msgs/msg/Float32,82.5428695678711
1774017391.8618186,/metrics/dbscan/front/detections_count,std_msgs/msg/Int32,11
1774017391.8619003,/metrics/dbscan/front/points_in,std_msgs/msg/Int32,5597
1774017391.8619769,/metrics/dbscan/front/processing_ms,std_msgs/msg/Float32,75.5985336303711
1774017391.9058115,/metrics/dbscan/back/detections_count,std_msgs/msg/Int32,11
1774017391.9059994,/metrics/dbscan/back/points_in,std_msgs/msg/Int32,6253
1774017391.9060824,/metrics/dbscan/back/processing_ms,std_msgs/msg/Float32,68.06147003173828
1774017391.9396605,/metrics/dbscan/right/detections_count,std_msgs/msg/Int32,9
1774017391.9398355,/metrics/dbscan/right/points_in,std_msgs/msg/Int32,6166
1774017391.9399216,/metrics/dbscan/right/processing_ms,std_msgs/msg/Float32,78.75981903076172
1774017391.957245,/metrics/dbscan/front/detections_count,std_msgs/msg/Int32,11
1774017391.9573765,/metrics/dbscan/front/points_in,std_msgs/msg/Int32,5583
1774017391.9574425,/metrics/dbscan/front/processing_ms,std_msgs/msg/Float32,74.60714721679688
1774017391.9613209,/metrics/dbscan/left/detections_count,std_msgs/msg/Int32,10
1774017391.9614265,/metrics/dbscan/left/points_in,std_msgs/msg/Int32,8430
1774017391.9614992,/metrics/dbscan/left/processing_ms,std_msgs/msg/Float32,82.18961334228516
1774017391.9989522,/metrics/dbscan/back/detections_count,std_msgs/msg/Int32,11
1774017391.999128,/metrics/dbscan/back/points_in,std_msgs/msg/Int32,5918
1774017391.9992194,/metrics/dbscan/back/processing_ms,std_msgs/msg/Float32,64.43647003173828
1774017392.0438251,/metrics/dbscan/right/detections_count,std_msgs/msg/Int32,9
1774017392.0440145,/metrics/dbscan/right/points_in,std_msgs/msg/Int32,6171
1774017392.0441833,/metrics/dbscan/right/processing_ms,std_msgs/msg/Float32,82.43989562988281
1774017392.0581756,/metrics/dbscan/left/detections_count,std_msgs/msg/Int32,10
1774017392.0583093,/metrics/dbscan/left/points_in,std_msgs/msg/Int32,8467
1774017392.0583878,/metrics/dbscan/left/processing_ms,std_msgs/msg/Float32,77.8929672241211
1774017392.0607343,/metrics/dbscan/front/detections_count,std_msgs/msg/Int32,10
1774017392.0608819,/metrics/dbscan/front/points_in,std_msgs/msg/Int32,5579
1774017392.0610387,/metrics/dbscan/front/processing_ms,std_msgs/msg/Float32,77.93382263183594
1774017392.0998092,/metrics/dbscan/back/detections_count,std_msgs/msg/Int32,12
1774017392.1000097,/metrics/dbscan/back/points_in,std_msgs/msg/Int32,5505
1774017392.100137,/metrics/dbscan/back/processing_ms,std_msgs/msg/Float32,64.76770782470703
1774017392.137407,/metrics/dbscan/right/detections_count,std_msgs/msg/Int32,9
1774017392.1375675,/metrics/dbscan/right/points_in,std_msgs/msg/Int32,6163
1774017392.1376328,/metrics/dbscan/right/processing_ms,std_msgs/msg/Float32,75.63140869140625
1774017392.1522932,/metrics/dbscan/front/detections_count,std_msgs/msg/Int32,11
1774017392.1524189,/metrics/dbscan/front/points_in,std_msgs/msg/Int32,5584
1774017392.152488,/metrics/dbscan/front/processing_ms,std_msgs/msg/Float32,67.71766662597656
1774017392.159725,/metrics/dbscan/left/detections_count,std_msgs/msg/Int32,10
1774017392.1598306,/metrics/dbscan/left/points_in,std_msgs/msg/Int32,8566
1774017392.1598995,/metrics/dbscan/left/processing_ms,std_msgs/msg/Float32,79.20813751220703
1774017392.193052,/metrics/dbscan/back/detections_count,std_msgs/msg/Int32,10
1774017392.193181,/metrics/dbscan/back/points_in,std_msgs/msg/Int32,5257
1774017392.1932561,/metrics/dbscan/back/processing_ms,std_msgs/msg/Float32,57.89815902709961
1774017392.241147,/metrics/dbscan/right/detections_count,std_msgs/msg/Int32,9
1774017392.2412832,/metrics/dbscan/right/points_in,std_msgs/msg/Int32,6159
1774017392.24136,/metrics/dbscan/right/processing_ms,std_msgs/msg/Float32,77.4128189086914
1774017392.253064,/metrics/dbscan/left/detections_count,std_msgs/msg/Int32,10
1774017392.253189,/metrics/dbscan/left/points_in,std_msgs/msg/Int32,8618
1774017392.2532558,/metrics/dbscan/left/processing_ms,std_msgs/msg/Float32,71.84535217285156
1774017392.257189,/metrics/dbscan/front/detections_count,std_msgs/msg/Int32,11
1774017392.2573469,/metrics/dbscan/front/points_in,std_msgs/msg/Int32,5588
1774017392.2574263,/metrics/dbscan/front/processing_ms,std_msgs/msg/Float32,71.2165756225586
1774017392.294519,/metrics/dbscan/back/detections_count,std_msgs/msg/Int32,9
1774017392.294624,/metrics/dbscan/back/points_in,std_msgs/msg/Int32,5603
1774017392.2946827,/metrics/dbscan/back/processing_ms,std_msgs/msg/Float32,58.326393127441406
1774017392.332046,/metrics/dbscan/right/detections_count,std_msgs/msg/Int32,9
1774017392.332189,/metrics/dbscan/right/points_in,std_msgs/msg/Int32,6162
1774017392.332263,/metrics/dbscan/right/processing_ms,std_msgs/msg/Float32,72.22572326660156
1774017392.3494124,/metrics/dbscan/left/detections_count,std_msgs/msg/Int32,10
1774017392.3495343,/metrics/dbscan/left/points_in,std_msgs/msg/Int32,8609
1774017392.3496006,/metrics/dbscan/left/processing_ms,std_msgs/msg/Float32,70.52632904052734
1774017392.3621404,/metrics/dbscan/front/detections_count,std_msgs/msg/Int32,12
1774017392.362263,/metrics/dbscan/front/points_in,std_msgs/msg/Int32,5585
1774017392.3623214,/metrics/dbscan/front/processing_ms,std_msgs/msg/Float32,74.76512145996094
1774017392.4050324,/metrics/dbscan/back/detections_count,std_msgs/msg/Int32,11
1774017392.4052577,/metrics/dbscan/back/points_in,std_msgs/msg/Int32,5947
1774017392.405365,/metrics/dbscan/back/processing_ms,std_msgs/msg/Float32,66.97150421142578
1774017392.4414635,/metrics/dbscan/right/detections_count,std_msgs/msg/Int32,9
1774017392.4415853,/metrics/dbscan/right/points_in,std_msgs/msg/Int32,6164
1774017392.4416683,/metrics/dbscan/right/processing_ms,std_msgs/msg/Float32,80.56755828857422
1774017392.4558408,/metrics/dbscan/front/detections_count,std_msgs/msg/Int32,11
1774017392.4560118,/metrics/dbscan/front/points_in,std_msgs/msg/Int32,5574
1774017392.4560735,/metrics/dbscan/front/processing_ms,std_msgs/msg/Float32,73.57470703125
1774017392.4650085,/metrics/dbscan/left/detections_count,std_msgs/msg/Int32,10
1774017392.4652178,/metrics/dbscan/left/points_in,std_msgs/msg/Int32,8616
1774017392.4653385,/metrics/dbscan/left/processing_ms,std_msgs/msg/Float32,85.94437408447266
1774017392.509718,/metrics/dbscan/back/detections_count,std_msgs/msg/Int32,9
1774017392.5098462,/metrics/dbscan/back/points_in,std_msgs/msg/Int32,6103
1774017392.509952,/metrics/dbscan/back/processing_ms,std_msgs/msg/Float32,71.9839859008789
1774017392.5425208,/metrics/dbscan/right/detections_count,std_msgs/msg/Int32,10
1774017392.5426679,/metrics/dbscan/right/points_in,std_msgs/msg/Int32,6159
1774017392.5427632,/metrics/dbscan/right/processing_ms,std_msgs/msg/Float32,81.38858032226562
1774017392.5558584,/metrics/dbscan/left/detections_count,std_msgs/msg/Int32,10
1774017392.5560408,/metrics/dbscan/left/points_in,std_msgs/msg/Int32,8623
1774017392.5561159,/metrics/dbscan/left/processing_ms,std_msgs/msg/Float32,76.08879852294922
1774017392.556984,/metrics/dbscan/front/detections_count,std_msgs/msg/Int32,11
1774017392.5570922,/metrics/dbscan/front/points_in,std_msgs/msg/Int32,5576
1774017392.5571535,/metrics/dbscan/front/processing_ms,std_msgs/msg/Float32,73.3085708618164
1774017392.6014767,/metrics/dbscan/back/detections_count,std_msgs/msg/Int32,9
1774017392.6016157,/metrics/dbscan/back/points_in,std_msgs/msg/Int32,6030
1774017392.6016881,/metrics/dbscan/back/processing_ms,std_msgs/msg/Float32,66.69634246826172
1774017392.6383204,/metrics/dbscan/right/detections_count,std_msgs/msg/Int32,9
1774017392.6385663,/metrics/dbscan/right/points_in,std_msgs/msg/Int32,6167
1774017392.638671,/metrics/dbscan/right/processing_ms,std_msgs/msg/Float32,76.43840789794922
1774017392.6519415,/metrics/dbscan/left/detections_count,std_msgs/msg/Int32,12
1774017392.6520722,/metrics/dbscan/left/points_in,std_msgs/msg/Int32,8621
1774017392.6521332,/metrics/dbscan/left/processing_ms,std_msgs/msg/Float32,71.01354217529297
1774017392.6576798,/metrics/dbscan/front/detections_count,std_msgs/msg/Int32,11
1774017392.6578503,/metrics/dbscan/front/points_in,std_msgs/msg/Int32,5575
1774017392.6579368,/metrics/dbscan/front/processing_ms,std_msgs/msg/Float32,72.8259506225586
1774017392.7026827,/metrics/dbscan/back/detections_count,std_msgs/msg/Int32,9
1774017392.702819,/metrics/dbscan/back/points_in,std_msgs/msg/Int32,5876
1774017392.7029085,/metrics/dbscan/back/processing_ms,std_msgs/msg/Float32,67.18569946289062
1774017392.7399848,/metrics/dbscan/right/detections_count,std_msgs/msg/Int32,8
1774017392.7402468,/metrics/dbscan/right/points_in,std_msgs/msg/Int32,6166
1774017392.7403512,/metrics/dbscan/right/processing_ms,std_msgs/msg/Float32,77.29451751708984
1774017392.7530751,/metrics/dbscan/left/detections_count,std_msgs/msg/Int32,11
1774017392.7532873,/metrics/dbscan/left/points_in,std_msgs/msg/Int32,8592
1774017392.753398,/metrics/dbscan/left/processing_ms,std_msgs/msg/Float32,71.15084075927734
1774017392.7594423,/metrics/dbscan/front/detections_count,std_msgs/msg/Int32,11
1774017392.7595603,/metrics/dbscan/front/points_in,std_msgs/msg/Int32,5588
1774017392.759625,/metrics/dbscan/front/processing_ms,std_msgs/msg/Float32,75.1379623413086
1774017392.802092,/metrics/dbscan/back/detections_count,std_msgs/msg/Int32,10
1774017392.8022466,/metrics/dbscan/back/points_in,std_msgs/msg/Int32,5318
1774017392.8023298,/metrics/dbscan/back/processing_ms,std_msgs/msg/Float32,65.8188705444336
1774017392.839418,/metrics/dbscan/right/detections_count,std_msgs/msg/Int32,9
1774017392.8395424,/metrics/dbscan/right/points_in,std_msgs/msg/Int32,6156
1774017392.839604,/metrics/dbscan/right/processing_ms,std_msgs/msg/Float32,79.55856323242188
1774017392.8515835,/metrics/dbscan/left/detections_count,std_msgs/msg/Int32,11
1774017392.85173,/metrics/dbscan/left/points_in,std_msgs/msg/Int32,8711
1774017392.8518124,/metrics/dbscan/left/processing_ms,std_msgs/msg/Float32,72.65167999267578
1774017392.8595123,/metrics/dbscan/front/detections_count,std_msgs/msg/Int32,12
1774017392.8597133,/metrics/dbscan/front/points_in,std_msgs/msg/Int32,5606
1774017392.859822,/metrics/dbscan/front/processing_ms,std_msgs/msg/Float32,73.3561019897461
1774017392.9013228,/metrics/dbscan/back/detections_count,std_msgs/msg/Int32,11
1774017392.9014976,/metrics/dbscan/back/points_in,std_msgs/msg/Int32,4701
1774017392.9015954,/metrics/dbscan/back/processing_ms,std_msgs/msg/Float32,64.8557357788086
1774017392.945433,/metrics/dbscan/right/detections_count,std_msgs/msg/Int32,9
1774017392.94557,/metrics/dbscan/right/points_in,std_msgs/msg/Int32,6164
1774017392.9456408,/metrics/dbscan/right/processing_ms,std_msgs/msg/Float32,85.27922058105469
1774017392.948357,/metrics/dbscan/left/detections_count,std_msgs/msg/Int32,11
1774017392.9484513,/metrics/dbscan/left/points_in,std_msgs/msg/Int32,8944
1774017392.9485419,/metrics/dbscan/left/processing_ms,std_msgs/msg/Float32,68.86599731445312
1774017392.9541743,/metrics/dbscan/front/detections_count,std_msgs/msg/Int32,11
1774017392.9543176,/metrics/dbscan/front/points_in,std_msgs/msg/Int32,5581
1774017392.9543836,/metrics/dbscan/front/processing_ms,std_msgs/msg/Float32,71.70328521728516
1774017393.000028,/metrics/dbscan/back/detections_count,std_msgs/msg/Int32,10
1774017393.0001469,/metrics/dbscan/back/points_in,std_msgs/msg/Int32,4168
1774017393.000211,/metrics/dbscan/back/processing_ms,std_msgs/msg/Float32,62.551692962646484
1774017393.0433288,/metrics/dbscan/right/detections_count,std_msgs/msg/Int32,9
1774017393.0434675,/metrics/dbscan/right/points_in,std_msgs/msg/Int32,6159
1774017393.043539,/metrics/dbscan/right/processing_ms,std_msgs/msg/Float32,82.09053039550781
1774017393.0479732,/metrics/dbscan/left/detections_count,std_msgs/msg/Int32,10
1774017393.0480728,/metrics/dbscan/left/points_in,std_msgs/msg/Int32,9304
1774017393.0481467,/metrics/dbscan/left/processing_ms,std_msgs/msg/Float32,68.16683197021484
1774017393.0545914,/metrics/dbscan/front/detections_count,std_msgs/msg/Int32,11
1774017393.0547705,/metrics/dbscan/front/points_in,std_msgs/msg/Int32,5566
1774017393.0548587,/metrics/dbscan/front/processing_ms,std_msgs/msg/Float32,71.47956085205078
1774017393.0951157,/metrics/dbscan/back/detections_count,std_msgs/msg/Int32,10
1774017393.0952833,/metrics/dbscan/back/points_in,std_msgs/msg/Int32,4123
1774017393.0953953,/metrics/dbscan/back/processing_ms,std_msgs/msg/Float32,61.00935363769531
1774017393.1393259,/metrics/dbscan/right/detections_count,std_msgs/msg/Int32,9
1774017393.1394553,/metrics/dbscan/right/points_in,std_msgs/msg/Int32,6160
1774017393.1395373,/metrics/dbscan/right/processing_ms,std_msgs/msg/Float32,78.50251770019531
1774017393.1503327,/metrics/dbscan/left/detections_count,std_msgs/msg/Int32,10
1774017393.1504953,/metrics/dbscan/left/points_in,std_msgs/msg/Int32,9728
1774017393.150587,/metrics/dbscan/left/processing_ms,std_msgs/msg/Float32,68.51652526855469
1774017393.1542668,/metrics/dbscan/front/detections_count,std_msgs/msg/Int32,11
1774017393.1543782,/metrics/dbscan/front/points_in,std_msgs/msg/Int32,5589
1774017393.1544447,/metrics/dbscan/front/processing_ms,std_msgs/msg/Float32,68.98851776123047
1774017393.1960497,/metrics/dbscan/back/detections_count,std_msgs/msg/Int32,11
1774017393.196225,/metrics/dbscan/back/points_in,std_msgs/msg/Int32,4109
1774017393.1963081,/metrics/dbscan/back/processing_ms,std_msgs/msg/Float32,61.378665924072266
1774017393.2441015,/metrics/dbscan/right/detections_count,std_msgs/msg/Int32,9
1774017393.2442248,/metrics/dbscan/right/points_in,std_msgs/msg/Int32,6165
1774017393.2442985,/metrics/dbscan/right/processing_ms,std_msgs/msg/Float32,82.26762390136719
1774017393.255146,/metrics/dbscan/left/detections_count,std_msgs/msg/Int32,10
1774017393.2552829,/metrics/dbscan/left/points_in,std_msgs/msg/Int32,9898
1774017393.2553592,/metrics/dbscan/left/processing_ms,std_msgs/msg/Float32,73.65850830078125
1774017393.260007,/metrics/dbscan/front/detections_count,std_msgs/msg/Int32,11
1774017393.2601657,/metrics/dbscan/front/points_in,std_msgs/msg/Int32,5581
1774017393.2602332,/metrics/dbscan/front/processing_ms,std_msgs/msg/Float32,74.8739013671875
1774017393.2945642,/metrics/dbscan/back/detections_count,std_msgs/msg/Int32,11
1774017393.294752,/metrics/dbscan/back/points_in,std_msgs/msg/Int32,4115
1774017393.2948606,/metrics/dbscan/back/processing_ms,std_msgs/msg/Float32,59.68489074707031
1774017393.338953,/metrics/dbscan/right/detections_count,std_msgs/msg/Int32,9
1774017393.3390877,/metrics/dbscan/right/points_in,std_msgs/msg/Int32,6155
1774017393.3391545,/metrics/dbscan/right/processing_ms,std_msgs/msg/Float32,76.14178466796875
1774017393.3440928,/metrics/dbscan/left/detections_count,std_msgs/msg/Int32,9
1774017393.3442104,/metrics/dbscan/left/points_in,std_msgs/msg/Int32,10020
1774017393.3442786,/metrics/dbscan/left/processing_ms,std_msgs/msg/Float32,66.00426483154297
1774017393.3593266,/metrics/dbscan/front/detections_count,std_msgs/msg/Int32,12
1774017393.359473,/metrics/dbscan/front/points_in,std_msgs/msg/Int32,5576
1774017393.359545,/metrics/dbscan/front/processing_ms,std_msgs/msg/Float32,73.62074279785156
1774017393.4000146,/metrics/dbscan/back/detections_count,std_msgs/msg/Int32,10
1774017393.4001434,/metrics/dbscan/back/points_in,std_msgs/msg/Int32,4115
1774017393.400212,/metrics/dbscan/back/processing_ms,std_msgs/msg/Float32,63.49071502685547
1774017393.4374292,/metrics/dbscan/right/detections_count,std_msgs/msg/Int32,9
1774017393.4376113,/metrics/dbscan/right/points_in,std_msgs/msg/Int32,6159
1774017393.4377005,/metrics/dbscan/right/processing_ms,std_msgs/msg/Float32,77.2389907836914
1774017393.449706,/metrics/dbscan/left/detections_count,std_msgs/msg/Int32,8
1774017393.44986,/metrics/dbscan/left/points_in,std_msgs/msg/Int32,10195
1774017393.4499617,/metrics/dbscan/left/processing_ms,std_msgs/msg/Float32,70.43646240234375
1774017393.4532712,/metrics/dbscan/front/detections_count,std_msgs/msg/Int32,11
1774017393.4533672,/metrics/dbscan/front/points_in,std_msgs/msg/Int32,5582
1774017393.4534333,/metrics/dbscan/front/processing_ms,std_msgs/msg/Float32,70.9972915649414
1774017393.5009487,/metrics/dbscan/back/detections_count,std_msgs/msg/Int32,11
1774017393.5011153,/metrics/dbscan/back/points_in,std_msgs/msg/Int32,4125
1774017393.5012462,/metrics/dbscan/back/processing_ms,std_msgs/msg/Float32,63.91423797607422
1774017393.5395772,/metrics/dbscan/right/detections_count,std_msgs/msg/Int32,10
1774017393.539766,/metrics/dbscan/right/points_in,std_msgs/msg/Int32,6160
1774017393.5398545,/metrics/dbscan/right/processing_ms,std_msgs/msg/Float32,79.35031127929688
1774017393.552532,/metrics/dbscan/left/detections_count,std_msgs/msg/Int32,8
1774017393.5526798,/metrics/dbscan/left/points_in,std_msgs/msg/Int32,10108
1774017393.5527735,/metrics/dbscan/left/processing_ms,std_msgs/msg/Float32,72.69273376464844
1774017393.5607803,/metrics/dbscan/front/detections_count,std_msgs/msg/Int32,12
1774017393.560889,/metrics/dbscan/front/points_in,std_msgs/msg/Int32,5588
1774017393.5609498,/metrics/dbscan/front/processing_ms,std_msgs/msg/Float32,77.71583557128906
1774017393.5987363,/metrics/dbscan/back/detections_count,std_msgs/msg/Int32,9
1774017393.5988593,/metrics/dbscan/back/points_in,std_msgs/msg/Int32,4116
1774017393.5989544,/metrics/dbscan/back/processing_ms,std_msgs/msg/Float32,61.959136962890625
1774017393.639862,/metrics/dbscan/right/detections_count,std_msgs/msg/Int32,9
1774017393.640074,/metrics/dbscan/right/points_in,std_msgs/msg/Int32,6161
1774017393.640145,/metrics/dbscan/right/processing_ms,std_msgs/msg/Float32,79.14102172851562
1774017393.6608493,/metrics/dbscan/front/detections_count,std_msgs/msg/Int32,12
1774017393.66098,/metrics/dbscan/front/points_in,std_msgs/msg/Int32,5588
1774017393.6610434,/metrics/dbscan/front/processing_ms,std_msgs/msg/Float32,77.12920379638672
1774017393.663829,/metrics/dbscan/left/detections_count,std_msgs/msg/Int32,10
1774017393.6639593,/metrics/dbscan/left/points_in,std_msgs/msg/Int32,9970
1774017393.6640217,/metrics/dbscan/left/processing_ms,std_msgs/msg/Float32,82.93219757080078
1774017393.6952438,/metrics/dbscan/back/detections_count,std_msgs/msg/Int32,10
1774017393.695371,/metrics/dbscan/back/points_in,std_msgs/msg/Int32,4121
1774017393.6954508,/metrics/dbscan/back/processing_ms,std_msgs/msg/Float32,61.279598236083984
1774017393.7404757,/metrics/dbscan/right/detections_count,std_msgs/msg/Int32,9
1774017393.7406225,/metrics/dbscan/right/points_in,std_msgs/msg/Int32,6162
1774017393.7406971,/metrics/dbscan/right/processing_ms,std_msgs/msg/Float32,79.43018341064453
1774017393.759834,/metrics/dbscan/front/detections_count,std_msgs/msg/Int32,11
1774017393.760092,/metrics/dbscan/front/points_in,std_msgs/msg/Int32,5580
1774017393.7601764,/metrics/dbscan/front/processing_ms,std_msgs/msg/Float32,74.60115051269531
1774017393.7672653,/metrics/dbscan/left/detections_count,std_msgs/msg/Int32,11
1774017393.7674522,/metrics/dbscan/left/points_in,std_msgs/msg/Int32,9133
1774017393.7675512,/metrics/dbscan/left/processing_ms,std_msgs/msg/Float32,85.1924057006836
1774017393.7958195,/metrics/dbscan/back/detections_count,std_msgs/msg/Int32,10
1774017393.795977,/metrics/dbscan/back/points_in,std_msgs/msg/Int32,4110
1774017393.7960587,/metrics/dbscan/back/processing_ms,std_msgs/msg/Float32,60.95526123046875
1774017393.8436832,/metrics/dbscan/right/detections_count,std_msgs/msg/Int32,8
1774017393.8438153,/metrics/dbscan/right/points_in,std_msgs/msg/Int32,6167
1774017393.8439045,/metrics/dbscan/right/processing_ms,std_msgs/msg/Float32,79.96516418457031
1774017393.8613417,/metrics/dbscan/front/detections_count,std_msgs/msg/Int32,11
1774017393.8614635,/metrics/dbscan/front/points_in,std_msgs/msg/Int32,5572
1774017393.8615253,/metrics/dbscan/front/processing_ms,std_msgs/msg/Float32,75.4372787475586
1774017393.867854,/metrics/dbscan/left/detections_count,std_msgs/msg/Int32,12
1774017393.8680165,/metrics/dbscan/left/points_in,std_msgs/msg/Int32,8493
1774017393.8680916,/metrics/dbscan/left/processing_ms,std_msgs/msg/Float32,88.82081604003906
1774017393.8965492,/metrics/dbscan/back/detections_count,std_msgs/msg/Int32,10
1774017393.896661,/metrics/dbscan/back/points_in,std_msgs/msg/Int32,4106
1774017393.8967214,/metrics/dbscan/back/processing_ms,std_msgs/msg/Float32,61.539913177490234
1774017393.9423351,/metrics/dbscan/right/detections_count,std_msgs/msg/Int32,9
1774017393.9424818,/metrics/dbscan/right/points_in,std_msgs/msg/Int32,6169
1774017393.9425561,/metrics/dbscan/right/processing_ms,std_msgs/msg/Float32,79.15225219726562
1774017393.954028,/metrics/dbscan/front/detections_count,std_msgs/msg/Int32,12
1774017393.954161,/metrics/dbscan/front/points_in,std_msgs/msg/Int32,5589
1774017393.9542286,/metrics/dbscan/front/processing_ms,std_msgs/msg/Float32,70.85922241210938
1774017393.9676917,/metrics/dbscan/left/detections_count,std_msgs/msg/Int32,12
1774017393.9678438,/metrics/dbscan/left/points_in,std_msgs/msg/Int32,8397
1774017393.967956,/metrics/dbscan/left/processing_ms,std_msgs/msg/Float32,87.0853500366211
1774017394.0024748,/metrics/dbscan/back/detections_count,std_msgs/msg/Int32,10
1774017394.0026493,/metrics/dbscan/back/points_in,std_msgs/msg/Int32,4112
1774017394.0027397,/metrics/dbscan/back/processing_ms,std_msgs/msg/Float32,66.52215576171875
1774017394.0415542,/metrics/dbscan/right/detections_count,std_msgs/msg/Int32,10
1774017394.0417497,/metrics/dbscan/right/points_in,std_msgs/msg/Int32,6153
1774017394.0418336,/metrics/dbscan/right/processing_ms,std_msgs/msg/Float32,81.35208892822266
1774017394.0580487,/metrics/dbscan/front/detections_count,std_msgs/msg/Int32,12
1774017394.0582483,/metrics/dbscan/front/points_in,std_msgs/msg/Int32,5582
1774017394.058332,/metrics/dbscan/front/processing_ms,std_msgs/msg/Float32,75.2758560180664
1774017394.0666993,/metrics/dbscan/left/detections_count,std_msgs/msg/Int32,11
1774017394.0668855,/metrics/dbscan/left/points_in,std_msgs/msg/Int32,8398
1774017394.0670137,/metrics/dbscan/left/processing_ms,std_msgs/msg/Float32,86.01973724365234
1774017394.1043365,/metrics/dbscan/back/detections_count,std_msgs/msg/Int32,11
1774017394.1044796,/metrics/dbscan/back/points_in,std_msgs/msg/Int32,4121
1774017394.1045425,/metrics/dbscan/back/processing_ms,std_msgs/msg/Float32,67.68622589111328
1774017394.1399956,/metrics/dbscan/right/detections_count,std_msgs/msg/Int32,9
1774017394.1401482,/metrics/dbscan/right/points_in,std_msgs/msg/Int32,6157
1774017394.1402183,/metrics/dbscan/right/processing_ms,std_msgs/msg/Float32,79.4919662475586
1774017394.1570823,/metrics/dbscan/front/detections_count,std_msgs/msg/Int32,11
1774017394.1572692,/metrics/dbscan/front/points_in,std_msgs/msg/Int32,5585
1774017394.1573887,/metrics/dbscan/front/processing_ms,std_msgs/msg/Float32,73.07579803466797
1774017394.1618876,/metrics/dbscan/left/detections_count,std_msgs/msg/Int32,12
1774017394.1620288,/metrics/dbscan/left/points_in,std_msgs/msg/Int32,8164
1774017394.1620915,/metrics/dbscan/left/processing_ms,std_msgs/msg/Float32,81.00409698486328
1774017394.1981158,/metrics/dbscan/back/detections_count,std_msgs/msg/Int32,11
1774017394.198273,/metrics/dbscan/back/points_in,std_msgs/msg/Int32,4127
1774017394.1983752,/metrics/dbscan/back/processing_ms,std_msgs/msg/Float32,60.48503112792969
1774017394.2353053,/metrics/dbscan/right/detections_count,std_msgs/msg/Int32,9
1774017394.2354116,/metrics/dbscan/right/points_in,std_msgs/msg/Int32,6151
1774017394.235472,/metrics/dbscan/right/processing_ms,std_msgs/msg/Float32,74.38885498046875
1774017394.2532382,/metrics/dbscan/front/detections_count,std_msgs/msg/Int32,11
1774017394.2533665,/metrics/dbscan/front/points_in,std_msgs/msg/Int32,5573
1774017394.2534258,/metrics/dbscan/front/processing_ms,std_msgs/msg/Float32,68.68106079101562
1774017394.2650237,/metrics/dbscan/left/detections_count,std_msgs/msg/Int32,11
1774017394.265152,/metrics/dbscan/left/points_in,std_msgs/msg/Int32,7657
1774017394.2652223,/metrics/dbscan/left/processing_ms,std_msgs/msg/Float32,83.11890411376953
1774017394.2995794,/metrics/dbscan/back/detections_count,std_msgs/msg/Int32,10
1774017394.2996914,/metrics/dbscan/back/points_in,std_msgs/msg/Int32,4115
1774017394.2997575,/metrics/dbscan/back/processing_ms,std_msgs/msg/Float32,65.00944519042969
1774017394.3416684,/metrics/dbscan/right/detections_count,std_msgs/msg/Int32,10
1774017394.3418531,/metrics/dbscan/right/points_in,std_msgs/msg/Int32,6152
1774017394.3419552,/metrics/dbscan/right/processing_ms,std_msgs/msg/Float32,79.88573455810547
1774017394.3536499,/metrics/dbscan/front/detections_count,std_msgs/msg/Int32,11
1774017394.3537786,/metrics/dbscan/front/points_in,std_msgs/msg/Int32,5578
1774017394.3538492,/metrics/dbscan/front/processing_ms,std_msgs/msg/Float32,68.28538513183594
1774017394.3551345,/metrics/dbscan/left/detections_count,std_msgs/msg/Int32,11
1774017394.3552086,/metrics/dbscan/left/points_in,std_msgs/msg/Int32,7452
1774017394.355259,/metrics/dbscan/left/processing_ms,std_msgs/msg/Float32,76.51168823242188
1774017394.4010532,/metrics/dbscan/back/detections_count,std_msgs/msg/Int32,11
1774017394.401203,/metrics/dbscan/back/points_in,std_msgs/msg/Int32,4108
1774017394.4012895,/metrics/dbscan/back/processing_ms,std_msgs/msg/Float32,66.75145721435547
1774017394.4475904,/metrics/dbscan/right/detections_count,std_msgs/msg/Int32,9
1774017394.4477134,/metrics/dbscan/right/points_in,std_msgs/msg/Int32,6155
1774017394.4477742,/metrics/dbscan/right/processing_ms,std_msgs/msg/Float32,84.17520141601562
1774017394.456412,/metrics/dbscan/front/detections_count,std_msgs/msg/Int32,10
1774017394.456581,/metrics/dbscan/front/points_in,std_msgs/msg/Int32,5577
1774017394.4566457,/metrics/dbscan/front/processing_ms,std_msgs/msg/Float32,74.09339141845703
1774017394.4631305,/metrics/dbscan/left/detections_count,std_msgs/msg/Int32,11
1774017394.4632983,/metrics/dbscan/left/points_in,std_msgs/msg/Int32,7575
1774017394.4633846,/metrics/dbscan/left/processing_ms,std_msgs/msg/Float32,83.88387298583984
1774017394.5082226,/metrics/dbscan/back/detections_count,std_msgs/msg/Int32,10
1774017394.5083747,/metrics/dbscan/back/points_in,std_msgs/msg/Int32,4112
1774017394.5084467,/metrics/dbscan/back/processing_ms,std_msgs/msg/Float32,73.2554702758789
1774017394.5438232,/metrics/dbscan/right/detections_count,std_msgs/msg/Int32,9
1774017394.543965,/metrics/dbscan/right/points_in,std_msgs/msg/Int32,6171
1774017394.5440426,/metrics/dbscan/right/processing_ms,std_msgs/msg/Float32,84.62309265136719
1774017394.5563633,/metrics/dbscan/front/detections_count,std_msgs/msg/Int32,11
1774017394.5565808,/metrics/dbscan/front/points_in,std_msgs/msg/Int32,5589
1774017394.5566673,/metrics/dbscan/front/processing_ms,std_msgs/msg/Float32,73.21800231933594
1774017394.5664804,/metrics/dbscan/left/detections_count,std_msgs/msg/Int32,11
1774017394.5666215,/metrics/dbscan/left/points_in,std_msgs/msg/Int32,7663
1774017394.5667133,/metrics/dbscan/left/processing_ms,std_msgs/msg/Float32,85.66002655029297
1774017394.6048872,/metrics/dbscan/back/detections_count,std_msgs/msg/Int32,9
1774017394.605043,/metrics/dbscan/back/points_in,std_msgs/msg/Int32,4110
1774017394.6051178,/metrics/dbscan/back/processing_ms,std_msgs/msg/Float32,69.22118377685547
1774017394.6387057,/metrics/dbscan/right/detections_count,std_msgs/msg/Int32,8
1774017394.6388562,/metrics/dbscan/right/points_in,std_msgs/msg/Int32,6152
1774017394.638981,/metrics/dbscan/right/processing_ms,std_msgs/msg/Float32,77.66655731201172
1774017394.6652715,/metrics/dbscan/front/detections_count,std_msgs/msg/Int32,12
1774017394.6654735,/metrics/dbscan/front/points_in,std_msgs/msg/Int32,5581
1774017394.6655734,/metrics/dbscan/front/processing_ms,std_msgs/msg/Float32,81.51371765136719
1774017394.6687298,/metrics/dbscan/left/detections_count,std_msgs/msg/Int32,11
1774017394.6688197,/metrics/dbscan/left/points_in,std_msgs/msg/Int32,7759
1774017394.668895,/metrics/dbscan/left/processing_ms,std_msgs/msg/Float32,87.56890869140625
1774017394.6973581,/metrics/dbscan/back/detections_count,std_msgs/msg/Int32,10
1774017394.6975005,/metrics/dbscan/back/points_in,std_msgs/msg/Int32,4128
1774017394.697575,/metrics/dbscan/back/processing_ms,std_msgs/msg/Float32,60.4853515625
1774017394.7371213,/metrics/dbscan/right/detections_count,std_msgs/msg/Int32,9
1774017394.7372868,/metrics/dbscan/right/points_in,std_msgs/msg/Int32,6163
1774017394.7373543,/metrics/dbscan/right/processing_ms,std_msgs/msg/Float32,76.3438949584961
1774017394.7602851,/metrics/dbscan/front/detections_count,std_msgs/msg/Int32,12
1774017394.7604551,/metrics/dbscan/front/points_in,std_msgs/msg/Int32,5579
1774017394.760535,/metrics/dbscan/front/processing_ms,std_msgs/msg/Float32,74.69611358642578
1774017394.775639,/metrics/dbscan/left/detections_count,std_msgs/msg/Int32,11
1774017394.7757945,/metrics/dbscan/left/points_in,std_msgs/msg/Int32,7790
1774017394.7758982,/metrics/dbscan/left/processing_ms,std_msgs/msg/Float32,92.76240539550781
1774017394.8038561,/metrics/dbscan/back/detections_count,std_msgs/msg/Int32,10
1774017394.8040245,/metrics/dbscan/back/points_in,std_msgs/msg/Int32,4111
1774017394.804141,/metrics/dbscan/back/processing_ms,std_msgs/msg/Float32,65.89364624023438
1774017394.84605,/metrics/dbscan/right/detections_count,std_msgs/msg/Int32,9
1774017394.8461761,/metrics/dbscan/right/points_in,std_msgs/msg/Int32,6165
1774017394.8462512,/metrics/dbscan/right/processing_ms,std_msgs/msg/Float32,85.02874755859375
1774017394.8621793,/metrics/dbscan/front/detections_count,std_msgs/msg/Int32,11
1774017394.8622954,/metrics/dbscan/front/points_in,std_msgs/msg/Int32,5578
1774017394.862358,/metrics/dbscan/front/processing_ms,std_msgs/msg/Float32,76.71868133544922
1774017394.8749642,/metrics/dbscan/left/detections_count,std_msgs/msg/Int32,11
1774017394.8751245,/metrics/dbscan/left/points_in,std_msgs/msg/Int32,7805
1774017394.8751905,/metrics/dbscan/left/processing_ms,std_msgs/msg/Float32,95.90692901611328
1774017394.9053462,/metrics/dbscan/back/detections_count,std_msgs/msg/Int32,9
1774017394.9055424,/metrics/dbscan/back/points_in,std_msgs/msg/Int32,4106
1774017394.9056556,/metrics/dbscan/back/processing_ms,std_msgs/msg/Float32,66.73223114013672
1774017394.9686377,/metrics/dbscan/right/detections_count,std_msgs/msg/Int32,9
1774017394.9690905,/metrics/dbscan/right/points_in,std_msgs/msg/Int32,6176
1774017394.9692116,/metrics/dbscan/right/processing_ms,std_msgs/msg/Float32,106.58283233642578
1774017394.9918933,/metrics/dbscan/front/detections_count,std_msgs/msg/Int32,12
1774017394.9920366,/metrics/dbscan/front/points_in,std_msgs/msg/Int32,5586
1774017394.9921126,/metrics/dbscan/front/processing_ms,std_msgs/msg/Float32,105.79241180419922
1774017395.0270884,/metrics/dbscan/left/detections_count,std_msgs/msg/Int32,11
1774017395.0273015,/metrics/dbscan/left/points_in,std_msgs/msg/Int32,7809
1774017395.0274086,/metrics/dbscan/left/processing_ms,std_msgs/msg/Float32,147.31629943847656
1774017395.0394547,/metrics/dbscan/back/detections_count,std_msgs/msg/Int32,11
1774017395.0396917,/metrics/dbscan/back/points_in,std_msgs/msg/Int32,4114
1774017395.0397935,/metrics/dbscan/back/processing_ms,std_msgs/msg/Float32,103.07000732421875
1774017395.0754814,/metrics/dbscan/right/detections_count,std_msgs/msg/Int32,9
1774017395.0756466,/metrics/dbscan/right/points_in,std_msgs/msg/Int32,6153
1774017395.0757308,/metrics/dbscan/right/processing_ms,std_msgs/msg/Float32,104.12728881835938
1774017395.080401,/metrics/dbscan/front/detections_count,std_msgs/msg/Int32,11
1774017395.0806322,/metrics/dbscan/front/points_in,std_msgs/msg/Int32,5571
1774017395.0807226,/metrics/dbscan/front/processing_ms,std_msgs/msg/Float32,87.1443862915039
1774017395.1086075,/metrics/dbscan/back/detections_count,std_msgs/msg/Int32,10
1774017395.1087673,/metrics/dbscan/back/points_in,std_msgs/msg/Int32,4123
1774017395.1088653,/metrics/dbscan/back/processing_ms,std_msgs/msg/Float32,66.71529388427734
1774017395.121211,/metrics/dbscan/left/detections_count,std_msgs/msg/Int32,11
1774017395.1213443,/metrics/dbscan/left/points_in,std_msgs/msg/Int32,7806
1774017395.1214216,/metrics/dbscan/left/processing_ms,std_msgs/msg/Float32,91.23430633544922
1774017395.1530683,/metrics/dbscan/front/detections_count,std_msgs/msg/Int32,12
1774017395.1532118,/metrics/dbscan/front/points_in,std_msgs/msg/Int32,5577
1774017395.1532857,/metrics/dbscan/front/processing_ms,std_msgs/msg/Float32,69.75907135009766
1774017395.1590273,/metrics/dbscan/right/detections_count,std_msgs/msg/Int32,9
1774017395.1591556,/metrics/dbscan/right/points_in,std_msgs/msg/Int32,6158
1774017395.1592298,/metrics/dbscan/right/processing_ms,std_msgs/msg/Float32,81.86649322509766
1774017395.1977096,/metrics/dbscan/back/detections_count,std_msgs/msg/Int32,10
1774017395.1979027,/metrics/dbscan/back/points_in,std_msgs/msg/Int32,4128
1774017395.1979873,/metrics/dbscan/back/processing_ms,std_msgs/msg/Float32,61.60802459716797
1774017395.2056491,/metrics/dbscan/left/detections_count,std_msgs/msg/Int32,11
1774017395.2060313,/metrics/dbscan/left/points_in,std_msgs/msg/Int32,7767
1774017395.2062085,/metrics/dbscan/left/processing_ms,std_msgs/msg/Float32,82.46737670898438
1774017395.2384045,/metrics/dbscan/right/detections_count,std_msgs/msg/Int32,9
1774017395.23865,/metrics/dbscan/right/points_in,std_msgs/msg/Int32,6164
1774017395.2387736,/metrics/dbscan/right/processing_ms,std_msgs/msg/Float32,77.93629455566406
1774017395.2517374,/metrics/dbscan/front/detections_count,std_msgs/msg/Int32,11
1774017395.251893,/metrics/dbscan/front/points_in,std_msgs/msg/Int32,5579
1774017395.2519875,/metrics/dbscan/front/processing_ms,std_msgs/msg/Float32,67.66851806640625
1774017395.287328,/metrics/dbscan/left/detections_count,std_msgs/msg/Int32,11
1774017395.2874846,/metrics/dbscan/left/points_in,std_msgs/msg/Int32,7739
1774017395.2875588,/metrics/dbscan/left/processing_ms,std_msgs/msg/Float32,79.61296081542969
1774017395.295508,/metrics/dbscan/back/detections_count,std_msgs/msg/Int32,11
1774017395.2957008,/metrics/dbscan/back/points_in,std_msgs/msg/Int32,4113
1774017395.295799,/metrics/dbscan/back/processing_ms,std_msgs/msg/Float32,58.426292419433594
1774017395.3380587,/metrics/dbscan/right/detections_count,std_msgs/msg/Int32,9
1774017395.338194,/metrics/dbscan/right/points_in,std_msgs/msg/Int32,6159
1774017395.3382638,/metrics/dbscan/right/processing_ms,std_msgs/msg/Float32,77.77583312988281
1774017395.3556986,/metrics/dbscan/front/detections_count,std_msgs/msg/Int32,12
1774017395.355843,/metrics/dbscan/front/points_in,std_msgs/msg/Int32,5582
1774017395.3559318,/metrics/dbscan/front/processing_ms,std_msgs/msg/Float32,69.63481903076172
1774017395.367099,/metrics/dbscan/left/detections_count,std_msgs/msg/Int32,11
1774017395.3672457,/metrics/dbscan/left/points_in,std_msgs/msg/Int32,7720
1774017395.3673284,/metrics/dbscan/left/processing_ms,std_msgs/msg/Float32,78.1243896484375
1774017395.4028077,/metrics/dbscan/back/detections_count,std_msgs/msg/Int32,10
1774017395.402943,/metrics/dbscan/back/points_in,std_msgs/msg/Int32,4116
1774017395.40301,/metrics/dbscan/back/processing_ms,std_msgs/msg/Float32,64.91300964355469
1774017395.4429116,/metrics/dbscan/right/detections_count,std_msgs/msg/Int32,9
1774017395.4430807,/metrics/dbscan/right/points_in,std_msgs/msg/Int32,6158
1774017395.4432003,/metrics/dbscan/right/processing_ms,std_msgs/msg/Float32,80.51812744140625
1774017395.4600744,/metrics/dbscan/front/detections_count,std_msgs/msg/Int32,11
1774017395.460253,/metrics/dbscan/front/points_in,std_msgs/msg/Int32,5557
1774017395.460357,/metrics/dbscan/front/processing_ms,std_msgs/msg/Float32,72.7836685180664
1774017395.4678864,/metrics/dbscan/left/detections_count,std_msgs/msg/Int32,11
1774017395.4680116,/metrics/dbscan/left/points_in,std_msgs/msg/Int32,7718
1774017395.468071,/metrics/dbscan/left/processing_ms,std_msgs/msg/Float32,87.92726135253906
1774017395.4963052,/metrics/dbscan/back/detections_count,std_msgs/msg/Int32,10
1774017395.496435,/metrics/dbscan/back/points_in,std_msgs/msg/Int32,4108
1774017395.4965088,/metrics/dbscan/back/processing_ms,std_msgs/msg/Float32,62.39200210571289
1774017395.542168,/metrics/dbscan/right/detections_count,std_msgs/msg/Int32,10
1774017395.5422926,/metrics/dbscan/right/points_in,std_msgs/msg/Int32,6157
1774017395.5423627,/metrics/dbscan/right/processing_ms,std_msgs/msg/Float32,80.03675079345703
1774017395.5607483,/metrics/dbscan/front/detections_count,std_msgs/msg/Int32,11
1774017395.5608923,/metrics/dbscan/front/points_in,std_msgs/msg/Int32,5588
1774017395.5610154,/metrics/dbscan/front/processing_ms,std_msgs/msg/Float32,76.99296569824219
1774017395.5667713,/metrics/dbscan/left/detections_count,std_msgs/msg/Int32,11
1774017395.56698,/metrics/dbscan/left/points_in,std_msgs/msg/Int32,7694
1774017395.5670838,/metrics/dbscan/left/processing_ms,std_msgs/msg/Float32,85.19281768798828
1774017395.596489,/metrics/dbscan/back/detections_count,std_msgs/msg/Int32,11
1774017395.5966563,/metrics/dbscan/back/points_in,std_msgs/msg/Int32,4127
1774017395.5967476,/metrics/dbscan/back/processing_ms,std_msgs/msg/Float32,62.26426696777344
1774017395.6442256,/metrics/dbscan/right/detections_count,std_msgs/msg/Int32,9
1774017395.6443624,/metrics/dbscan/right/points_in,std_msgs/msg/Int32,6167
1774017395.6444268,/metrics/dbscan/right/processing_ms,std_msgs/msg/Float32,80.96437072753906
1774017395.6556807,/metrics/dbscan/front/detections_count,std_msgs/msg/Int32,11
1774017395.655807,/metrics/dbscan/front/points_in,std_msgs/msg/Int32,5587
1774017395.6558998,/metrics/dbscan/front/processing_ms,std_msgs/msg/Float32,72.58424377441406
1774017395.66653,/metrics/dbscan/left/detections_count,std_msgs/msg/Int32,11
1774017395.6666682,/metrics/dbscan/left/points_in,std_msgs/msg/Int32,7687
1774017395.6667533,/metrics/dbscan/left/processing_ms,std_msgs/msg/Float32,85.6352310180664
1774017395.6962082,/metrics/dbscan/back/detections_count,std_msgs/msg/Int32,10
1774017395.6963313,/metrics/dbscan/back/points_in,std_msgs/msg/Int32,4114
1774017395.6964004,/metrics/dbscan/back/processing_ms,std_msgs/msg/Float32,61.2835578918457
1774017395.7375522,/metrics/dbscan/right/detections_count,std_msgs/msg/Int32,8
1774017395.7376826,/metrics/dbscan/right/points_in,std_msgs/msg/Int32,6159
1774017395.7377415,/metrics/dbscan/right/processing_ms,std_msgs/msg/Float32,78.14057159423828
1774017395.7557957,/metrics/dbscan/front/detections_count,std_msgs/msg/Int32,11
1774017395.755958,/metrics/dbscan/front/points_in,std_msgs/msg/Int32,5590
1774017395.7560804,/metrics/dbscan/front/processing_ms,std_msgs/msg/Float32,71.19451904296875
1774017395.7652497,/metrics/dbscan/left/detections_count,std_msgs/msg/Int32,11
1774017395.7653747,/metrics/dbscan/left/points_in,std_msgs/msg/Int32,7660
1774017395.7654438,/metrics/dbscan/left/processing_ms,std_msgs/msg/Float32,83.2636489868164
1774017395.8001773,/metrics/dbscan/back/detections_count,std_msgs/msg/Int32,10
1774017395.800294,/metrics/dbscan/back/points_in,std_msgs/msg/Int32,4115
1774017395.8003657,/metrics/dbscan/back/processing_ms,std_msgs/msg/Float32,63.7100944519043
