stamp_sec,topic,type,value
1774016900.718216,/metrics/pcl/front/detections_count,std_msgs/msg/Int32,28
1774016900.7184618,/metrics/pcl/front/points_in,std_msgs/msg/Int32,22152
1774016900.7185936,/metrics/pcl/front/processing_ms,std_msgs/msg/Float32,195.27171325683594
1774016900.7334523,/metrics/pcl/right/detections_count,std_msgs/msg/Int32,33
1774016900.7336447,/metrics/pcl/right/points_in,std_msgs/msg/Int32,22152
1774016900.7338145,/metrics/pcl/right/processing_ms,std_msgs/msg/Float32,178.16018676757812
1774016900.9140694,/metrics/pcl/front/detections_count,std_msgs/msg/Int32,31
1774016900.9142618,/metrics/pcl/front/points_in,std_msgs/msg/Int32,22152
1774016900.9143784,/metrics/pcl/front/processing_ms,std_msgs/msg/Float32,194.4567413330078
1774016900.9149873,/metrics/pcl/right/detections_count,std_msgs/msg/Int32,30
1774016900.9151156,/metrics/pcl/right/points_in,std_msgs/msg/Int32,22152
1774016900.9153223,/metrics/pcl/right/processing_ms,std_msgs/msg/Float32,179.8177490234375
1774016901.0969377,/metrics/pcl/right/detections_count,std_msgs/msg/Int32,31
1774016901.0971496,/metrics/pcl/right/points_in,std_msgs/msg/Int32,22152
1774016901.097302,/metrics/pcl/right/processing_ms,std_msgs/msg/Float32,181.36720275878906
1774016901.1074562,/metrics/pcl/front/detections_count,std_msgs/msg/Int32,27
1774016901.1077063,/metrics/pcl/front/points_in,std_msgs/msg/Int32,22152
1774016901.1078517,/metrics/pcl/front/processing_ms,std_msgs/msg/Float32,192.12957763671875
1774016901.2644289,/metrics/pcl/left/detections_count,std_msgs/msg/Int32,29
1774016901.2645845,/metrics/pcl/left/points_in,std_msgs/msg/Int32,22152
1774016901.2646782,/metrics/pcl/left/processing_ms,std_msgs/msg/Float32,228.4856414794922
1774016901.2781866,/metrics/pcl/right/detections_count,std_msgs/msg/Int32,37
1774016901.278435,/metrics/pcl/right/points_in,std_msgs/msg/Int32,22152
1774016901.2786546,/metrics/pcl/right/processing_ms,std_msgs/msg/Float32,180.509033203125
1774016901.2962418,/metrics/pcl/front/detections_count,std_msgs/msg/Int32,29
1774016901.2963998,/metrics/pcl/front/points_in,std_msgs/msg/Int32,22152
1774016901.2965486,/metrics/pcl/front/processing_ms,std_msgs/msg/Float32,188.20631408691406
1774016901.458865,/metrics/pcl/right/detections_count,std_msgs/msg/Int32,33
1774016901.459104,/metrics/pcl/right/points_in,std_msgs/msg/Int32,22152
1774016901.4592562,/metrics/pcl/right/processing_ms,std_msgs/msg/Float32,180.2200164794922
1774016901.48326,/metrics/pcl/left/detections_count,std_msgs/msg/Int32,27
1774016901.483476,/metrics/pcl/left/points_in,std_msgs/msg/Int32,22152
1774016901.4836278,/metrics/pcl/left/processing_ms,std_msgs/msg/Float32,217.4816436767578
1774016901.4926043,/metrics/pcl/front/detections_count,std_msgs/msg/Int32,29
1774016901.4927742,/metrics/pcl/front/points_in,std_msgs/msg/Int32,22152
1774016901.492903,/metrics/pcl/front/processing_ms,std_msgs/msg/Float32,195.70437622070312
1774016901.6427035,/metrics/pcl/right/detections_count,std_msgs/msg/Int32,35
1774016901.643009,/metrics/pcl/right/points_in,std_msgs/msg/Int32,22152
1774016901.6431243,/metrics/pcl/right/processing_ms,std_msgs/msg/Float32,183.10226440429688
1774016901.687726,/metrics/pcl/front/detections_count,std_msgs/msg/Int32,24
1774016901.687966,/metrics/pcl/front/points_in,std_msgs/msg/Int32,22152
1774016901.6880863,/metrics/pcl/front/processing_ms,std_msgs/msg/Float32,194.2947998046875
1774016901.706656,/metrics/pcl/left/detections_count,std_msgs/msg/Int32,29
1774016901.70692,/metrics/pcl/left/points_in,std_msgs/msg/Int32,22152
1774016901.7071004,/metrics/pcl/left/processing_ms,std_msgs/msg/Float32,222.49050903320312
1774016901.8205128,/metrics/pcl/right/detections_count,std_msgs/msg/Int32,31
1774016901.820907,/metrics/pcl/right/points_in,std_msgs/msg/Int32,22152
1774016901.82101,/metrics/pcl/right/processing_ms,std_msgs/msg/Float32,176.93482971191406
1774016901.8845618,/metrics/pcl/front/detections_count,std_msgs/msg/Int32,28
1774016901.8847895,/metrics/pcl/front/points_in,std_msgs/msg/Int32,22152
1774016901.8849704,/metrics/pcl/front/processing_ms,std_msgs/msg/Float32,196.0247039794922
1774016901.92164,/metrics/pcl/left/detections_count,std_msgs/msg/Int32,30
1774016901.921959,/metrics/pcl/left/points_in,std_msgs/msg/Int32,22152
1774016901.9222035,/metrics/pcl/left/processing_ms,std_msgs/msg/Float32,214.02359008789062
1774016902.0020814,/metrics/pcl/right/detections_count,std_msgs/msg/Int32,30
1774016902.0022824,/metrics/pcl/right/points_in,std_msgs/msg/Int32,22152
1774016902.0023813,/metrics/pcl/right/processing_ms,std_msgs/msg/Float32,180.78526306152344
1774016902.0814881,/metrics/pcl/front/detections_count,std_msgs/msg/Int32,27
1774016902.0817153,/metrics/pcl/front/points_in,std_msgs/msg/Int32,22152
1774016902.0818312,/metrics/pcl/front/processing_ms,std_msgs/msg/Float32,196.24937438964844
1774016902.141058,/metrics/pcl/left/detections_count,std_msgs/msg/Int32,29
1774016902.141276,/metrics/pcl/left/points_in,std_msgs/msg/Int32,22152
1774016902.1414032,/metrics/pcl/left/processing_ms,std_msgs/msg/Float32,218.94198608398438
1774016902.181182,/metrics/pcl/right/detections_count,std_msgs/msg/Int32,30
1774016902.181457,/metrics/pcl/right/points_in,std_msgs/msg/Int32,22152
1774016902.181588,/metrics/pcl/right/processing_ms,std_msgs/msg/Float32,178.31202697753906
1774016902.2721813,/metrics/pcl/front/detections_count,std_msgs/msg/Int32,26
1774016902.2724383,/metrics/pcl/front/points_in,std_msgs/msg/Int32,22152
1774016902.2725954,/metrics/pcl/front/processing_ms,std_msgs/msg/Float32,189.93260192871094
1774016902.3600302,/metrics/pcl/left/detections_count,std_msgs/msg/Int32,31
1774016902.360234,/metrics/pcl/left/points_in,std_msgs/msg/Int32,22152
1774016902.3603835,/metrics/pcl/left/processing_ms,std_msgs/msg/Float32,218.23704528808594
1774016902.36154,/metrics/pcl/right/detections_count,std_msgs/msg/Int32,33
1774016902.361694,/metrics/pcl/right/processing_ms,std_msgs/msg/Float32,179.92640686035156
1774016902.362209,/metrics/pcl/right/points_in,std_msgs/msg/Int32,22152
1774016902.4607837,/metrics/pcl/front/detections_count,std_msgs/msg/Int32,26
1774016902.4609764,/metrics/pcl/front/points_in,std_msgs/msg/Int32,22152
1774016902.4610796,/metrics/pcl/front/processing_ms,std_msgs/msg/Float32,187.95164489746094
1774016902.5415611,/metrics/pcl/right/detections_count,std_msgs/msg/Int32,29
1774016902.5418,/metrics/pcl/right/points_in,std_msgs/msg/Int32,22152
1774016902.541931,/metrics/pcl/right/processing_ms,std_msgs/msg/Float32,179.1100311279297
1774016902.571998,/metrics/pcl/left/detections_count,std_msgs/msg/Int32,29
1774016902.5721781,/metrics/pcl/left/points_in,std_msgs/msg/Int32,22152
1774016902.5722864,/metrics/pcl/left/processing_ms,std_msgs/msg/Float32,210.96542358398438
1774016902.6656833,/metrics/pcl/front/detections_count,std_msgs/msg/Int32,34
1774016902.6659157,/metrics/pcl/front/points_in,std_msgs/msg/Int32,22152
1774016902.6660633,/metrics/pcl/front/processing_ms,std_msgs/msg/Float32,204.21153259277344
1774016902.7272978,/metrics/pcl/right/detections_count,std_msgs/msg/Int32,31
1774016902.7275383,/metrics/pcl/right/points_in,std_msgs/msg/Int32,22152
1774016902.7277613,/metrics/pcl/right/processing_ms,std_msgs/msg/Float32,184.94261169433594
1774016902.7967818,/metrics/pcl/left/detections_count,std_msgs/msg/Int32,31
1774016902.797055,/metrics/pcl/left/points_in,std_msgs/msg/Int32,22152
1774016902.7971978,/metrics/pcl/left/processing_ms,std_msgs/msg/Float32,224.2652587890625
1774016902.8613415,/metrics/pcl/front/detections_count,std_msgs/msg/Int32,29
1774016902.861563,/metrics/pcl/front/points_in,std_msgs/msg/Int32,22152
1774016902.8616948,/metrics/pcl/front/processing_ms,std_msgs/msg/Float32,194.94728088378906
1774016902.9071298,/metrics/pcl/right/detections_count,std_msgs/msg/Int32,29
1774016902.9073088,/metrics/pcl/right/points_in,std_msgs/msg/Int32,22152
1774016902.9074087,/metrics/pcl/right/processing_ms,std_msgs/msg/Float32,179.27218627929688
1774016903.0204356,/metrics/pcl/left/detections_count,std_msgs/msg/Int32,29
1774016903.020716,/metrics/pcl/left/points_in,std_msgs/msg/Int32,22152
1774016903.020844,/metrics/pcl/left/processing_ms,std_msgs/msg/Float32,222.7734375
1774016903.0611112,/metrics/pcl/front/detections_count,std_msgs/msg/Int32,33
1774016903.0613778,/metrics/pcl/front/points_in,std_msgs/msg/Int32,22152
1774016903.0615866,/metrics/pcl/front/processing_ms,std_msgs/msg/Float32,198.79969787597656
1774016903.0997272,/metrics/pcl/right/detections_count,std_msgs/msg/Int32,30
1774016903.099963,/metrics/pcl/right/points_in,std_msgs/msg/Int32,22152
1774016903.10012,/metrics/pcl/right/processing_ms,std_msgs/msg/Float32,191.91453552246094
1774016903.1324236,/metrics/pcl/back/detections_count,std_msgs/msg/Int32,33
1774016903.1326356,/metrics/pcl/back/points_in,std_msgs/msg/Int32,22152
1774016903.1327584,/metrics/pcl/back/processing_ms,std_msgs/msg/Float32,159.32420349121094
1774016903.2493877,/metrics/pcl/left/detections_count,std_msgs/msg/Int32,27
1774016903.2495577,/metrics/pcl/left/points_in,std_msgs/msg/Int32,22152
1774016903.2496972,/metrics/pcl/left/processing_ms,std_msgs/msg/Float32,228.41873168945312
1774016903.264661,/metrics/pcl/front/detections_count,std_msgs/msg/Int32,30
1774016903.2648852,/metrics/pcl/front/points_in,std_msgs/msg/Int32,22152
1774016903.2650166,/metrics/pcl/front/processing_ms,std_msgs/msg/Float32,202.91458129882812
1774016903.2794504,/metrics/pcl/back/detections_count,std_msgs/msg/Int32,35
1774016903.2796032,/metrics/pcl/back/points_in,std_msgs/msg/Int32,22152
1774016903.2796974,/metrics/pcl/back/processing_ms,std_msgs/msg/Float32,145.68414306640625
1774016903.2854369,/metrics/pcl/right/detections_count,std_msgs/msg/Int32,34
1774016903.2855995,/metrics/pcl/right/points_in,std_msgs/msg/Int32,22152
1774016903.2857192,/metrics/pcl/right/processing_ms,std_msgs/msg/Float32,185.20188903808594
1774016903.4277925,/metrics/pcl/back/detections_count,std_msgs/msg/Int32,34
1774016903.428023,/metrics/pcl/back/points_in,std_msgs/msg/Int32,22152
1774016903.4281626,/metrics/pcl/back/processing_ms,std_msgs/msg/Float32,147.5520782470703
1774016903.464898,/metrics/pcl/front/detections_count,std_msgs/msg/Int32,30
1774016903.4651973,/metrics/pcl/front/points_in,std_msgs/msg/Int32,22152
1774016903.4654033,/metrics/pcl/front/processing_ms,std_msgs/msg/Float32,199.31558227539062
1774016903.466162,/metrics/pcl/right/detections_count,std_msgs/msg/Int32,33
1774016903.4662793,/metrics/pcl/right/points_in,std_msgs/msg/Int32,22152
1774016903.466374,/metrics/pcl/right/processing_ms,std_msgs/msg/Float32,178.70794677734375
1774016903.4856913,/metrics/pcl/left/detections_count,std_msgs/msg/Int32,29
1774016903.486006,/metrics/pcl/left/points_in,std_msgs/msg/Int32,22152
1774016903.4861455,/metrics/pcl/left/processing_ms,std_msgs/msg/Float32,235.48997497558594
1774016903.5747786,/metrics/pcl/back/detections_count,std_msgs/msg/Int32,36
1774016903.5750945,/metrics/pcl/back/points_in,std_msgs/msg/Int32,22152
1774016903.5752594,/metrics/pcl/back/processing_ms,std_msgs/msg/Float32,146.26602172851562
1774016903.6561646,/metrics/pcl/right/detections_count,std_msgs/msg/Int32,34
1774016903.6565752,/metrics/pcl/right/points_in,std_msgs/msg/Int32,22152
1774016903.6567552,/metrics/pcl/right/processing_ms,std_msgs/msg/Float32,190.09848022460938
1774016903.6686313,/metrics/pcl/front/detections_count,std_msgs/msg/Int32,28
1774016903.6688633,/metrics/pcl/front/points_in,std_msgs/msg/Int32,22152
1774016903.6690063,/metrics/pcl/front/processing_ms,std_msgs/msg/Float32,202.9454803466797
1774016903.7199142,/metrics/pcl/left/detections_count,std_msgs/msg/Int32,31
1774016903.720163,/metrics/pcl/left/points_in,std_msgs/msg/Int32,22152
1774016903.7202704,/metrics/pcl/left/processing_ms,std_msgs/msg/Float32,233.35243225097656
1774016903.730858,/metrics/pcl/back/detections_count,std_msgs/msg/Int32,35
1774016903.7311985,/metrics/pcl/back/points_in,std_msgs/msg/Int32,22152
1774016903.7313838,/metrics/pcl/back/processing_ms,std_msgs/msg/Float32,155.2965850830078
1774016903.839225,/metrics/pcl/right/detections_count,std_msgs/msg/Int32,35
1774016903.8395438,/metrics/pcl/right/points_in,std_msgs/msg/Int32,22152
1774016903.8397465,/metrics/pcl/right/processing_ms,std_msgs/msg/Float32,182.2999267578125
1774016903.8667006,/metrics/pcl/front/detections_count,std_msgs/msg/Int32,26
1774016903.8669343,/metrics/pcl/front/points_in,std_msgs/msg/Int32,22152
1774016903.867071,/metrics/pcl/front/processing_ms,std_msgs/msg/Float32,197.31141662597656
1774016903.889048,/metrics/pcl/back/detections_count,std_msgs/msg/Int32,35
1774016903.889279,/metrics/pcl/back/points_in,std_msgs/msg/Int32,22152
1774016903.8893826,/metrics/pcl/back/processing_ms,std_msgs/msg/Float32,157.49441528320312
1774016903.945562,/metrics/pcl/left/detections_count,std_msgs/msg/Int32,32
1774016903.9457495,/metrics/pcl/left/points_in,std_msgs/msg/Int32,22152
1774016903.9458513,/metrics/pcl/left/processing_ms,std_msgs/msg/Float32,224.95982360839844
1774016904.033114,/metrics/pcl/right/detections_count,std_msgs/msg/Int32,31
1774016904.033305,/metrics/pcl/right/points_in,std_msgs/msg/Int32,22152
1774016904.0334413,/metrics/pcl/right/processing_ms,std_msgs/msg/Float32,192.948974609375
1774016904.0376735,/metrics/pcl/back/detections_count,std_msgs/msg/Int32,33
1774016904.0379786,/metrics/pcl/back/points_in,std_msgs/msg/Int32,22152
1774016904.0380938,/metrics/pcl/back/processing_ms,std_msgs/msg/Float32,147.91348266601562
1774016904.06427,/metrics/pcl/front/detections_count,std_msgs/msg/Int32,29
1774016904.0646284,/metrics/pcl/front/points_in,std_msgs/msg/Int32,22152
1774016904.0648456,/metrics/pcl/front/processing_ms,std_msgs/msg/Float32,196.82656860351562
1774016904.1760397,/metrics/pcl/left/detections_count,std_msgs/msg/Int32,29
1774016904.176194,/metrics/pcl/left/points_in,std_msgs/msg/Int32,22152
1774016904.1762908,/metrics/pcl/left/processing_ms,std_msgs/msg/Float32,229.85276794433594
1774016904.191233,/metrics/pcl/back/detections_count,std_msgs/msg/Int32,38
1774016904.1914713,/metrics/pcl/back/points_in,std_msgs/msg/Int32,22152
1774016904.1915698,/metrics/pcl/back/processing_ms,std_msgs/msg/Float32,152.811279296875
1774016904.221668,/metrics/pcl/right/detections_count,std_msgs/msg/Int32,40
1774016904.22194,/metrics/pcl/right/points_in,std_msgs/msg/Int32,22152
1774016904.222059,/metrics/pcl/right/processing_ms,std_msgs/msg/Float32,187.6417694091797
1774016904.2667563,/metrics/pcl/front/detections_count,std_msgs/msg/Int32,30
1774016904.2671041,/metrics/pcl/front/points_in,std_msgs/msg/Int32,22152
1774016904.2673633,/metrics/pcl/front/processing_ms,std_msgs/msg/Float32,201.70928955078125
1774016904.3405795,/metrics/pcl/back/detections_count,std_msgs/msg/Int32,34
1774016904.340901,/metrics/pcl/back/points_in,std_msgs/msg/Int32,22152
1774016904.341074,/metrics/pcl/back/processing_ms,std_msgs/msg/Float32,148.87359619140625
1774016904.3992677,/metrics/pcl/left/detections_count,std_msgs/msg/Int32,26
1774016904.3994515,/metrics/pcl/left/points_in,std_msgs/msg/Int32,22152
1774016904.39957,/metrics/pcl/left/processing_ms,std_msgs/msg/Float32,222.5389404296875
1774016904.4005172,/metrics/pcl/right/detections_count,std_msgs/msg/Int32,28
1774016904.4006195,/metrics/pcl/right/points_in,std_msgs/msg/Int32,22152
1774016904.4007003,/metrics/pcl/right/processing_ms,std_msgs/msg/Float32,178.50942993164062
1774016904.472609,/metrics/pcl/front/detections_count,std_msgs/msg/Int32,36
1774016904.4729552,/metrics/pcl/front/points_in,std_msgs/msg/Int32,22152
1774016904.4731045,/metrics/pcl/front/processing_ms,std_msgs/msg/Float32,204.9787139892578
1774016904.4924512,/metrics/pcl/back/detections_count,std_msgs/msg/Int32,34
1774016904.492741,/metrics/pcl/back/points_in,std_msgs/msg/Int32,22152
1774016904.4928977,/metrics/pcl/back/processing_ms,std_msgs/msg/Float32,150.99209594726562
1774016904.5940874,/metrics/pcl/right/detections_count,std_msgs/msg/Int32,27
1774016904.5942626,/metrics/pcl/right/points_in,std_msgs/msg/Int32,22152
1774016904.594358,/metrics/pcl/right/processing_ms,std_msgs/msg/Float32,192.69198608398438
1774016904.6331978,/metrics/pcl/left/detections_count,std_msgs/msg/Int32,28
1774016904.633432,/metrics/pcl/left/points_in,std_msgs/msg/Int32,22152
1774016904.6335828,/metrics/pcl/left/processing_ms,std_msgs/msg/Float32,233.17352294921875
1774016904.6505818,/metrics/pcl/back/detections_count,std_msgs/msg/Int32,36
1774016904.6508546,/metrics/pcl/back/points_in,std_msgs/msg/Int32,22152
1774016904.6511068,/metrics/pcl/back/processing_ms,std_msgs/msg/Float32,157.39956665039062
1774016904.6720626,/metrics/pcl/front/detections_count,std_msgs/msg/Int32,27
1774016904.6722875,/metrics/pcl/front/points_in,std_msgs/msg/Int32,22152
1774016904.6724517,/metrics/pcl/front/processing_ms,std_msgs/msg/Float32,198.37155151367188
1774016904.7832592,/metrics/pcl/right/detections_count,std_msgs/msg/Int32,30
1774016904.7834456,/metrics/pcl/right/points_in,std_msgs/msg/Int32,22152
1774016904.783581,/metrics/pcl/right/processing_ms,std_msgs/msg/Float32,188.38900756835938
1774016904.7977834,/metrics/pcl/back/detections_count,std_msgs/msg/Int32,36
1774016904.7979767,/metrics/pcl/back/points_in,std_msgs/msg/Int32,22152
1774016904.7980816,/metrics/pcl/back/processing_ms,std_msgs/msg/Float32,146.49412536621094
1774016904.8576853,/metrics/pcl/left/detections_count,std_msgs/msg/Int32,29
1774016904.8579886,/metrics/pcl/left/points_in,std_msgs/msg/Int32,22152
1774016904.8581731,/metrics/pcl/left/processing_ms,std_msgs/msg/Float32,223.66273498535156
1774016904.880849,/metrics/pcl/front/detections_count,std_msgs/msg/Int32,31
1774016904.8811283,/metrics/pcl/front/points_in,std_msgs/msg/Int32,22152
1774016904.8812335,/metrics/pcl/front/processing_ms,std_msgs/msg/Float32,208.13658142089844
1774016904.9440994,/metrics/pcl/back/detections_count,std_msgs/msg/Int32,39
1774016904.944327,/metrics/pcl/back/points_in,std_msgs/msg/Int32,22152
1774016904.9445171,/metrics/pcl/back/processing_ms,std_msgs/msg/Float32,145.53155517578125
1774016904.967059,/metrics/pcl/right/detections_count,std_msgs/msg/Int32,32
1774016904.9672835,/metrics/pcl/right/points_in,std_msgs/msg/Int32,22152
1774016904.9674287,/metrics/pcl/right/processing_ms,std_msgs/msg/Float32,183.1292724609375
1774016905.0824783,/metrics/pcl/left/detections_count,std_msgs/msg/Int32,29
1774016905.0826578,/metrics/pcl/left/points_in,std_msgs/msg/Int32,22152
1774016905.08277,/metrics/pcl/left/processing_ms,std_msgs/msg/Float32,224.18539428710938
1774016905.0933535,/metrics/pcl/front/detections_count,std_msgs/msg/Int32,33
1774016905.0936263,/metrics/pcl/front/points_in,std_msgs/msg/Int32,22152
1774016905.0938084,/metrics/pcl/front/processing_ms,std_msgs/msg/Float32,211.8139190673828
1774016905.1017997,/metrics/pcl/back/detections_count,std_msgs/msg/Int32,37
1774016905.1020527,/metrics/pcl/back/points_in,std_msgs/msg/Int32,22152
1774016905.1021843,/metrics/pcl/back/processing_ms,std_msgs/msg/Float32,157.226318359375
1774016905.1504142,/metrics/pcl/right/detections_count,std_msgs/msg/Int32,28
1774016905.1505947,/metrics/pcl/right/points_in,std_msgs/msg/Int32,22152
1774016905.1506965,/metrics/pcl/right/processing_ms,std_msgs/msg/Float32,182.49307250976562
1774016905.248747,/metrics/pcl/back/detections_count,std_msgs/msg/Int32,31
1774016905.248998,/metrics/pcl/back/points_in,std_msgs/msg/Int32,22152
1774016905.2491426,/metrics/pcl/back/processing_ms,std_msgs/msg/Float32,146.2477264404297
1774016905.30134,/metrics/pcl/front/detections_count,std_msgs/msg/Int32,29
1774016905.3015046,/metrics/pcl/front/points_in,std_msgs/msg/Int32,22152
1774016905.301602,/metrics/pcl/front/processing_ms,std_msgs/msg/Float32,207.2412109375
1774016905.3054633,/metrics/pcl/left/detections_count,std_msgs/msg/Int32,29
1774016905.3056836,/metrics/pcl/left/points_in,std_msgs/msg/Int32,22152
1774016905.305853,/metrics/pcl/left/processing_ms,std_msgs/msg/Float32,222.00015258789062
1774016905.3344262,/metrics/pcl/right/detections_count,std_msgs/msg/Int32,35
1774016905.3346515,/metrics/pcl/right/points_in,std_msgs/msg/Int32,22152
1774016905.3347785,/metrics/pcl/right/processing_ms,std_msgs/msg/Float32,183.38156127929688
1774016905.4117758,/metrics/pcl/back/detections_count,std_msgs/msg/Int32,32
1774016905.412087,/metrics/pcl/back/points_in,std_msgs/msg/Int32,22152
1774016905.41234,/metrics/pcl/back/processing_ms,std_msgs/msg/Float32,162.28826904296875
1774016905.5037587,/metrics/pcl/front/detections_count,std_msgs/msg/Int32,30
1774016905.5040083,/metrics/pcl/front/points_in,std_msgs/msg/Int32,22152
1774016905.5042121,/metrics/pcl/front/processing_ms,std_msgs/msg/Float32,201.65382385253906
1774016905.5172815,/metrics/pcl/right/detections_count,std_msgs/msg/Int32,33
1774016905.5174823,/metrics/pcl/right/points_in,std_msgs/msg/Int32,22152
1774016905.5175862,/metrics/pcl/right/processing_ms,std_msgs/msg/Float32,182.1391143798828
1774016905.52808,/metrics/pcl/left/detections_count,std_msgs/msg/Int32,27
1774016905.528296,/metrics/pcl/left/points_in,std_msgs/msg/Int32,22152
1774016905.5284424,/metrics/pcl/left/processing_ms,std_msgs/msg/Float32,221.8775177001953
1774016905.5686266,/metrics/pcl/back/detections_count,std_msgs/msg/Int32,31
1774016905.568894,/metrics/pcl/back/points_in,std_msgs/msg/Int32,22152
1774016905.5690196,/metrics/pcl/back/processing_ms,std_msgs/msg/Float32,155.89971923828125
1774016905.7006695,/metrics/pcl/right/detections_count,std_msgs/msg/Int32,28
1774016905.7009866,/metrics/pcl/right/points_in,std_msgs/msg/Int32,22152
1774016905.701192,/metrics/pcl/right/processing_ms,std_msgs/msg/Float32,182.36215209960938
1774016905.710375,/metrics/pcl/front/detections_count,std_msgs/msg/Int32,29
1774016905.710605,/metrics/pcl/front/points_in,std_msgs/msg/Int32,22152
1774016905.7107868,/metrics/pcl/front/processing_ms,std_msgs/msg/Float32,205.94386291503906
1774016905.7141647,/metrics/pcl/back/detections_count,std_msgs/msg/Int32,41
1774016905.7142985,/metrics/pcl/back/points_in,std_msgs/msg/Int32,22152
1774016905.7144244,/metrics/pcl/back/processing_ms,std_msgs/msg/Float32,145.04713439941406
1774016905.7571163,/metrics/pcl/left/detections_count,std_msgs/msg/Int32,29
1774016905.7573838,/metrics/pcl/left/points_in,std_msgs/msg/Int32,22152
1774016905.757524,/metrics/pcl/left/processing_ms,std_msgs/msg/Float32,227.5218963623047
1774016905.86149,/metrics/pcl/back/detections_count,std_msgs/msg/Int32,33
1774016905.861758,/metrics/pcl/back/points_in,std_msgs/msg/Int32,22152
1774016905.8619428,/metrics/pcl/back/processing_ms,std_msgs/msg/Float32,146.4788818359375
1774016905.882273,/metrics/pcl/right/detections_count,std_msgs/msg/Int32,33
1774016905.8824828,/metrics/pcl/right/points_in,std_msgs/msg/Int32,22152
1774016905.882653,/metrics/pcl/right/processing_ms,std_msgs/msg/Float32,180.9907684326172
1774016905.9165576,/metrics/pcl/front/detections_count,std_msgs/msg/Int32,29
1774016905.91676,/metrics/pcl/front/points_in,std_msgs/msg/Int32,22152
1774016905.916866,/metrics/pcl/front/processing_ms,std_msgs/msg/Float32,205.5641326904297
1774016905.9811494,/metrics/pcl/left/detections_count,std_msgs/msg/Int32,33
1774016905.9813654,/metrics/pcl/left/points_in,std_msgs/msg/Int32,22152
1774016905.981484,/metrics/pcl/left/processing_ms,std_msgs/msg/Float32,223.5511932373047
1774016906.0103908,/metrics/pcl/back/detections_count,std_msgs/msg/Int32,31
1774016906.0105586,/metrics/pcl/back/points_in,std_msgs/msg/Int32,22152
1774016906.0106587,/metrics/pcl/back/processing_ms,std_msgs/msg/Float32,148.32427978515625
1774016906.0670607,/metrics/pcl/right/detections_count,std_msgs/msg/Int32,35
1774016906.0672855,/metrics/pcl/right/points_in,std_msgs/msg/Int32,22152
1774016906.0674207,/metrics/pcl/right/processing_ms,std_msgs/msg/Float32,184.1529541015625
1774016906.1206722,/metrics/pcl/front/detections_count,std_msgs/msg/Int32,33
1774016906.120965,/metrics/pcl/front/points_in,std_msgs/msg/Int32,22152
1774016906.1211126,/metrics/pcl/front/processing_ms,std_msgs/msg/Float32,203.02413940429688
1774016906.1555843,/metrics/pcl/back/detections_count,std_msgs/msg/Int32,33
1774016906.1558192,/metrics/pcl/back/points_in,std_msgs/msg/Int32,22152
1774016906.1559553,/metrics/pcl/back/processing_ms,std_msgs/msg/Float32,144.40501403808594
1774016906.207187,/metrics/pcl/left/detections_count,std_msgs/msg/Int32,33
1774016906.2074761,/metrics/pcl/left/points_in,std_msgs/msg/Int32,22152
1774016906.207655,/metrics/pcl/left/processing_ms,std_msgs/msg/Float32,225.04055786132812
1774016906.2493825,/metrics/pcl/right/detections_count,std_msgs/msg/Int32,27
1774016906.2495456,/metrics/pcl/right/points_in,std_msgs/msg/Int32,22152
1774016906.249672,/metrics/pcl/right/processing_ms,std_msgs/msg/Float32,181.70083618164062
1774016906.2978988,/metrics/pcl/back/detections_count,std_msgs/msg/Int32,35
1774016906.2981243,/metrics/pcl/back/points_in,std_msgs/msg/Int32,22152
1774016906.2982345,/metrics/pcl/back/processing_ms,std_msgs/msg/Float32,141.692138671875
1774016906.321304,/metrics/pcl/front/detections_count,std_msgs/msg/Int32,26
1774016906.3215454,/metrics/pcl/front/points_in,std_msgs/msg/Int32,22152
1774016906.3216681,/metrics/pcl/front/processing_ms,std_msgs/msg/Float32,199.91429138183594
1774016906.4306855,/metrics/pcl/left/detections_count,std_msgs/msg/Int32,29
1774016906.4308922,/metrics/pcl/left/points_in,std_msgs/msg/Int32,22152
1774016906.4310517,/metrics/pcl/left/processing_ms,std_msgs/msg/Float32,222.69248962402344
1774016906.4328575,/metrics/pcl/right/detections_count,std_msgs/msg/Int32,28
1774016906.4330626,/metrics/pcl/right/points_in,std_msgs/msg/Int32,22152
1774016906.433176,/metrics/pcl/right/processing_ms,std_msgs/msg/Float32,182.8824005126953
1774016906.4400578,/metrics/pcl/back/detections_count,std_msgs/msg/Int32,36
1774016906.4403408,/metrics/pcl/back/points_in,std_msgs/msg/Int32,22152
1774016906.4404695,/metrics/pcl/back/processing_ms,std_msgs/msg/Float32,141.41026306152344
1774016906.5135126,/metrics/pcl/front/detections_count,std_msgs/msg/Int32,25
1774016906.5136695,/metrics/pcl/front/points_in,std_msgs/msg/Int32,22152
1774016906.5137777,/metrics/pcl/front/processing_ms,std_msgs/msg/Float32,191.64358520507812
1774016906.5735211,/metrics/pcl/back/detections_count,std_msgs/msg/Int32,36
1774016906.5737412,/metrics/pcl/back/points_in,std_msgs/msg/Int32,22152
1774016906.5738258,/metrics/pcl/back/processing_ms,std_msgs/msg/Float32,132.58197021484375
1774016906.6012414,/metrics/pcl/right/detections_count,std_msgs/msg/Int32,30
1774016906.6014228,/metrics/pcl/right/points_in,std_msgs/msg/Int32,22152
1774016906.601526,/metrics/pcl/right/processing_ms,std_msgs/msg/Float32,167.5335693359375
1774016906.628627,/metrics/pcl/left/detections_count,std_msgs/msg/Int32,27
1774016906.6289089,/metrics/pcl/left/points_in,std_msgs/msg/Int32,22152
1774016906.6290917,/metrics/pcl/left/processing_ms,std_msgs/msg/Float32,197.2176971435547
1774016906.6808546,/metrics/pcl/front/detections_count,std_msgs/msg/Int32,25
1774016906.6810658,/metrics/pcl/front/points_in,std_msgs/msg/Int32,22152
1774016906.6811776,/metrics/pcl/front/processing_ms,std_msgs/msg/Float32,166.65757751464844
1774016906.7014601,/metrics/pcl/back/detections_count,std_msgs/msg/Int32,32
1774016906.701615,/metrics/pcl/back/points_in,std_msgs/msg/Int32,22152
1774016906.7017102,/metrics/pcl/back/processing_ms,std_msgs/msg/Float32,127.5594482421875
1774016906.7536206,/metrics/pcl/right/detections_count,std_msgs/msg/Int32,27
1774016906.7538295,/metrics/pcl/right/points_in,std_msgs/msg/Int32,22152
1774016906.7539663,/metrics/pcl/right/processing_ms,std_msgs/msg/Float32,151.59658813476562
1774016906.8009288,/metrics/pcl/left/detections_count,std_msgs/msg/Int32,28
1774016906.801085,/metrics/pcl/left/points_in,std_msgs/msg/Int32,22152
1774016906.8011756,/metrics/pcl/left/processing_ms,std_msgs/msg/Float32,171.85435485839844
1774016906.8256927,/metrics/pcl/back/detections_count,std_msgs/msg/Int32,34
1774016906.8258324,/metrics/pcl/back/points_in,std_msgs/msg/Int32,22152
1774016906.8259327,/metrics/pcl/back/processing_ms,std_msgs/msg/Float32,123.73399353027344
1774016906.8298929,/metrics/pcl/front/detections_count,std_msgs/msg/Int32,25
1774016906.8300097,/metrics/pcl/front/points_in,std_msgs/msg/Int32,22152
1774016906.8300807,/metrics/pcl/front/processing_ms,std_msgs/msg/Float32,148.62937927246094
1774016906.8935437,/metrics/pcl/right/detections_count,std_msgs/msg/Int32,27
1774016906.8937185,/metrics/pcl/right/points_in,std_msgs/msg/Int32,22152
1774016906.89381,/metrics/pcl/right/processing_ms,std_msgs/msg/Float32,139.50262451171875
1774016906.942493,/metrics/pcl/back/detections_count,std_msgs/msg/Int32,35
1774016906.942633,/metrics/pcl/back/points_in,std_msgs/msg/Int32,22152
1774016906.9427211,/metrics/pcl/back/processing_ms,std_msgs/msg/Float32,116.18424224853516
1774016906.9618146,/metrics/pcl/left/detections_count,std_msgs/msg/Int32,28
1774016906.9619796,/metrics/pcl/left/points_in,std_msgs/msg/Int32,22152
1774016906.9620962,/metrics/pcl/left/processing_ms,std_msgs/msg/Float32,160.33132934570312
1774016906.966853,/metrics/pcl/front/detections_count,std_msgs/msg/Int32,26
1774016906.966988,/metrics/pcl/front/points_in,std_msgs/msg/Int32,22152
1774016906.9670756,/metrics/pcl/front/processing_ms,std_msgs/msg/Float32,136.5118408203125
1774016907.02272,/metrics/pcl/right/detections_count,std_msgs/msg/Int32,23
1774016907.0229528,/metrics/pcl/right/points_in,std_msgs/msg/Int32,22152
1774016907.0230522,/metrics/pcl/right/processing_ms,std_msgs/msg/Float32,128.5448760986328
1774016907.0465424,/metrics/pcl/back/detections_count,std_msgs/msg/Int32,35
1774016907.0467045,/metrics/pcl/back/points_in,std_msgs/msg/Int32,22152
1774016907.046785,/metrics/pcl/back/processing_ms,std_msgs/msg/Float32,103.5353012084961
1774016907.0979128,/metrics/pcl/front/detections_count,std_msgs/msg/Int32,24
1774016907.0980716,/metrics/pcl/front/points_in,std_msgs/msg/Int32,22152
1774016907.0981483,/metrics/pcl/front/processing_ms,std_msgs/msg/Float32,130.42945861816406
1774016907.112313,/metrics/pcl/left/detections_count,std_msgs/msg/Int32,26
1774016907.1124487,/metrics/pcl/left/points_in,std_msgs/msg/Int32,22152
1774016907.112525,/metrics/pcl/left/processing_ms,std_msgs/msg/Float32,150.0299835205078
1774016907.141942,/metrics/pcl/right/detections_count,std_msgs/msg/Int32,28
1774016907.1420867,/metrics/pcl/right/points_in,std_msgs/msg/Int32,22152
1774016907.1421528,/metrics/pcl/right/processing_ms,std_msgs/msg/Float32,118.71417999267578
1774016907.1441298,/metrics/pcl/back/detections_count,std_msgs/msg/Int32,35
1774016907.144224,/metrics/pcl/back/processing_ms,std_msgs/msg/Float32,97.31431579589844
1774016907.1445897,/metrics/pcl/back/points_in,std_msgs/msg/Int32,22152
1774016907.220857,/metrics/pcl/front/detections_count,std_msgs/msg/Int32,27
1774016907.2210197,/metrics/pcl/front/points_in,std_msgs/msg/Int32,22152
1774016907.22112,/metrics/pcl/front/processing_ms,std_msgs/msg/Float32,122.38645935058594
1774016907.2376842,/metrics/pcl/back/detections_count,std_msgs/msg/Int32,34
1774016907.2378194,/metrics/pcl/back/points_in,std_msgs/msg/Int32,22152
1774016907.237904,/metrics/pcl/back/processing_ms,std_msgs/msg/Float32,92.95555114746094
1774016907.2513378,/metrics/pcl/right/detections_count,std_msgs/msg/Int32,26
1774016907.251523,/metrics/pcl/right/points_in,std_msgs/msg/Int32,22152
1774016907.251604,/metrics/pcl/right/processing_ms,std_msgs/msg/Float32,108.8012466430664
1774016907.2520096,/metrics/pcl/left/detections_count,std_msgs/msg/Int32,32
1774016907.252085,/metrics/pcl/left/points_in,std_msgs/msg/Int32,22152
1774016907.2521453,/metrics/pcl/left/processing_ms,std_msgs/msg/Float32,138.78887939453125
1774016907.3276536,/metrics/pcl/back/detections_count,std_msgs/msg/Int32,36
1774016907.327837,/metrics/pcl/back/points_in,std_msgs/msg/Int32,22152
1774016907.327923,/metrics/pcl/back/processing_ms,std_msgs/msg/Float32,89.37152099609375
1774016907.3357377,/metrics/pcl/front/detections_count,std_msgs/msg/Int32,24
1774016907.3358605,/metrics/pcl/front/points_in,std_msgs/msg/Int32,22152
1774016907.3359556,/metrics/pcl/front/processing_ms,std_msgs/msg/Float32,114.52706909179688
1774016907.353709,/metrics/pcl/right/detections_count,std_msgs/msg/Int32,27
1774016907.3539338,/metrics/pcl/right/points_in,std_msgs/msg/Int32,22152
1774016907.354021,/metrics/pcl/right/processing_ms,std_msgs/msg/Float32,101.74432373046875
1774016907.3883457,/metrics/pcl/left/detections_count,std_msgs/msg/Int32,28
1774016907.3885827,/metrics/pcl/left/points_in,std_msgs/msg/Int32,22152
1774016907.3886693,/metrics/pcl/left/processing_ms,std_msgs/msg/Float32,136.10040283203125
1774016907.421861,/metrics/pcl/back/detections_count,std_msgs/msg/Int32,33
1774016907.4220395,/metrics/pcl/back/points_in,std_msgs/msg/Int32,22152
1774016907.4221256,/metrics/pcl/back/processing_ms,std_msgs/msg/Float32,93.67698669433594
1774016907.4551194,/metrics/pcl/front/detections_count,std_msgs/msg/Int32,26
1774016907.4553442,/metrics/pcl/front/points_in,std_msgs/msg/Int32,22152
1774016907.4554262,/metrics/pcl/front/processing_ms,std_msgs/msg/Float32,118.8218002319336
1774016907.4614806,/metrics/pcl/right/detections_count,std_msgs/msg/Int32,33
1774016907.4616394,/metrics/pcl/right/points_in,std_msgs/msg/Int32,22152
1774016907.4617236,/metrics/pcl/right/processing_ms,std_msgs/msg/Float32,107.3874740600586
1774016907.5164788,/metrics/pcl/back/detections_count,std_msgs/msg/Int32,35
1774016907.5166147,/metrics/pcl/back/points_in,std_msgs/msg/Int32,22152
1774016907.516685,/metrics/pcl/back/processing_ms,std_msgs/msg/Float32,94.07511901855469
1774016907.5224528,/metrics/pcl/left/detections_count,std_msgs/msg/Int32,28
1774016907.5225835,/metrics/pcl/left/points_in,std_msgs/msg/Int32,22152
1774016907.5226429,/metrics/pcl/left/processing_ms,std_msgs/msg/Float32,133.63983154296875
1774016907.568971,/metrics/pcl/right/detections_count,std_msgs/msg/Int32,26
1774016907.5691495,/metrics/pcl/right/points_in,std_msgs/msg/Int32,22152
1774016907.5692234,/metrics/pcl/right/processing_ms,std_msgs/msg/Float32,106.79399871826172
1774016907.5771458,/metrics/pcl/front/detections_count,std_msgs/msg/Int32,24
1774016907.5773118,/metrics/pcl/front/points_in,std_msgs/msg/Int32,22152
1774016907.5774276,/metrics/pcl/front/processing_ms,std_msgs/msg/Float32,121.48700714111328
1774016907.608587,/metrics/pcl/back/detections_count,std_msgs/msg/Int32,32
1774016907.608743,/metrics/pcl/back/points_in,std_msgs/msg/Int32,22152
1774016907.6088278,/metrics/pcl/back/processing_ms,std_msgs/msg/Float32,91.66206359863281
1774016907.6602645,/metrics/pcl/left/detections_count,std_msgs/msg/Int32,31
1774016907.6604142,/metrics/pcl/left/points_in,std_msgs/msg/Int32,22152
1774016907.6605105,/metrics/pcl/left/processing_ms,std_msgs/msg/Float32,137.3498992919922
1774016907.6793382,/metrics/pcl/right/detections_count,std_msgs/msg/Int32,30
1774016907.6794972,/metrics/pcl/right/points_in,std_msgs/msg/Int32,22152
1774016907.6795697,/metrics/pcl/right/processing_ms,std_msgs/msg/Float32,109.96856689453125
1774016907.6951334,/metrics/pcl/front/detections_count,std_msgs/msg/Int32,24
1774016907.695314,/metrics/pcl/front/points_in,std_msgs/msg/Int32,22152
1774016907.6954043,/metrics/pcl/front/processing_ms,std_msgs/msg/Float32,117.36793518066406
1774016907.700847,/metrics/pcl/back/detections_count,std_msgs/msg/Int32,34
1774016907.7009966,/metrics/pcl/back/points_in,std_msgs/msg/Int32,22152
1774016907.701117,/metrics/pcl/back/processing_ms,std_msgs/msg/Float32,91.8846206665039
1774016907.790999,/metrics/pcl/right/detections_count,std_msgs/msg/Int32,30
1774016907.7912085,/metrics/pcl/right/points_in,std_msgs/msg/Int32,22152
1774016907.79129,/metrics/pcl/right/processing_ms,std_msgs/msg/Float32,111.00008392333984
1774016907.7926965,/metrics/pcl/back/detections_count,std_msgs/msg/Int32,39
1774016907.7928388,/metrics/pcl/back/points_in,std_msgs/msg/Int32,22152
1774016907.7929296,/metrics/pcl/back/processing_ms,std_msgs/msg/Float32,91.3880386352539
1774016907.7956285,/metrics/pcl/left/detections_count,std_msgs/msg/Int32,29
1774016907.79575,/metrics/pcl/left/points_in,std_msgs/msg/Int32,22152
1774016907.7958314,/metrics/pcl/left/processing_ms,std_msgs/msg/Float32,134.843505859375
1774016907.8221827,/metrics/pcl/front/detections_count,std_msgs/msg/Int32,27
1774016907.8224068,/metrics/pcl/front/points_in,std_msgs/msg/Int32,22152
1774016907.8224998,/metrics/pcl/front/processing_ms,std_msgs/msg/Float32,126.4560546875
1774016907.889773,/metrics/pcl/back/detections_count,std_msgs/msg/Int32,30
1774016907.889969,/metrics/pcl/back/points_in,std_msgs/msg/Int32,22152
1774016907.8900554,/metrics/pcl/back/processing_ms,std_msgs/msg/Float32,96.41859436035156
1774016907.9047933,/metrics/pcl/right/detections_count,std_msgs/msg/Int32,31
1774016907.9050064,/metrics/pcl/right/points_in,std_msgs/msg/Int32,22152
1774016907.9050903,/metrics/pcl/right/processing_ms,std_msgs/msg/Float32,113.17578125
1774016907.9358668,/metrics/pcl/left/detections_count,std_msgs/msg/Int32,29
1774016907.9360325,/metrics/pcl/left/points_in,std_msgs/msg/Int32,22152
1774016907.9361055,/metrics/pcl/left/processing_ms,std_msgs/msg/Float32,139.5606231689453
1774016907.95048,/metrics/pcl/front/detections_count,std_msgs/msg/Int32,30
1774016907.950599,/metrics/pcl/front/points_in,std_msgs/msg/Int32,22152
1774016907.9506612,/metrics/pcl/front/processing_ms,std_msgs/msg/Float32,127.7501449584961
1774016907.9843416,/metrics/pcl/back/detections_count,std_msgs/msg/Int32,37
1774016907.9845364,/metrics/pcl/back/points_in,std_msgs/msg/Int32,22152
1774016907.9846323,/metrics/pcl/back/processing_ms,std_msgs/msg/Float32,94.01287841796875
1774016908.0214474,/metrics/pcl/right/detections_count,std_msgs/msg/Int32,34
1774016908.0216568,/metrics/pcl/right/points_in,std_msgs/msg/Int32,22152
1774016908.0217528,/metrics/pcl/right/processing_ms,std_msgs/msg/Float32,115.63968658447266
1774016908.0704563,/metrics/pcl/front/detections_count,std_msgs/msg/Int32,25
1774016908.0706701,/metrics/pcl/front/points_in,std_msgs/msg/Int32,22152
1774016908.070743,/metrics/pcl/front/processing_ms,std_msgs/msg/Float32,119.2640380859375
1774016908.075209,/metrics/pcl/left/detections_count,std_msgs/msg/Int32,29
1774016908.0754325,/metrics/pcl/left/points_in,std_msgs/msg/Int32,22152
1774016908.075524,/metrics/pcl/left/processing_ms,std_msgs/msg/Float32,138.90806579589844
1774016908.080212,/metrics/pcl/back/detections_count,std_msgs/msg/Int32,36
1774016908.0803182,/metrics/pcl/back/points_in,std_msgs/msg/Int32,22152
1774016908.0803866,/metrics/pcl/back/processing_ms,std_msgs/msg/Float32,95.65086364746094
1774016908.1329603,/metrics/pcl/right/detections_count,std_msgs/msg/Int32,34
1774016908.133092,/metrics/pcl/right/points_in,std_msgs/msg/Int32,22152
1774016908.1331549,/metrics/pcl/right/processing_ms,std_msgs/msg/Float32,111.17417907714844
1774016908.1716175,/metrics/pcl/back/detections_count,std_msgs/msg/Int32,35
1774016908.1717513,/metrics/pcl/back/points_in,std_msgs/msg/Int32,22152
1774016908.17183,/metrics/pcl/back/processing_ms,std_msgs/msg/Float32,90.89013671875
1774016908.1848583,/metrics/pcl/front/detections_count,std_msgs/msg/Int32,25
1774016908.1850023,/metrics/pcl/front/points_in,std_msgs/msg/Int32,22152
1774016908.18507,/metrics/pcl/front/processing_ms,std_msgs/msg/Float32,113.9609375
1774016908.2077305,/metrics/pcl/left/detections_count,std_msgs/msg/Int32,30
1774016908.2079194,/metrics/pcl/left/points_in,std_msgs/msg/Int32,22152
1774016908.208003,/metrics/pcl/left/processing_ms,std_msgs/msg/Float32,131.82594299316406
1774016908.2392008,/metrics/pcl/right/detections_count,std_msgs/msg/Int32,26
1774016908.2393365,/metrics/pcl/right/points_in,std_msgs/msg/Int32,22152
1774016908.2394214,/metrics/pcl/right/processing_ms,std_msgs/msg/Float32,105.7165756225586
1774016908.2647629,/metrics/pcl/back/detections_count,std_msgs/msg/Int32,34
1774016908.2649283,/metrics/pcl/back/points_in,std_msgs/msg/Int32,22152
1774016908.2650127,/metrics/pcl/back/processing_ms,std_msgs/msg/Float32,92.748046875
1774016908.297109,/metrics/pcl/front/detections_count,std_msgs/msg/Int32,25
1774016908.297251,/metrics/pcl/front/points_in,std_msgs/msg/Int32,22152
1774016908.2973201,/metrics/pcl/front/processing_ms,std_msgs/msg/Float32,111.77601623535156
1774016908.3382204,/metrics/pcl/left/detections_count,std_msgs/msg/Int32,33
1774016908.3383906,/metrics/pcl/left/points_in,std_msgs/msg/Int32,22152
1774016908.3385234,/metrics/pcl/left/processing_ms,std_msgs/msg/Float32,130.00494384765625
1774016908.3481443,/metrics/pcl/right/detections_count,std_msgs/msg/Int32,31
1774016908.3483257,/metrics/pcl/right/points_in,std_msgs/msg/Int32,22152
1774016908.3484228,/metrics/pcl/right/processing_ms,std_msgs/msg/Float32,108.48085021972656
1774016908.3623166,/metrics/pcl/back/detections_count,std_msgs/msg/Int32,34
1774016908.362455,/metrics/pcl/back/points_in,std_msgs/msg/Int32,22152
1774016908.3625212,/metrics/pcl/back/processing_ms,std_msgs/msg/Float32,97.13497161865234
1774016908.4193134,/metrics/pcl/front/detections_count,std_msgs/msg/Int32,29
1774016908.419483,/metrics/pcl/front/points_in,std_msgs/msg/Int32,22152
1774016908.4195573,/metrics/pcl/front/processing_ms,std_msgs/msg/Float32,121.66390228271484
1774016908.455702,/metrics/pcl/right/detections_count,std_msgs/msg/Int32,34
1774016908.4558873,/metrics/pcl/right/points_in,std_msgs/msg/Int32,22152
1774016908.4560049,/metrics/pcl/right/processing_ms,std_msgs/msg/Float32,107.04573822021484
1774016908.4565794,/metrics/pcl/back/detections_count,std_msgs/msg/Int32,35
1774016908.4566882,/metrics/pcl/back/points_in,std_msgs/msg/Int32,22152
1774016908.4567933,/metrics/pcl/back/processing_ms,std_msgs/msg/Float32,93.64887237548828
1774016908.475335,/metrics/pcl/left/detections_count,std_msgs/msg/Int32,34
1774016908.4755008,/metrics/pcl/left/points_in,std_msgs/msg/Int32,22152
1774016908.4755769,/metrics/pcl/left/processing_ms,std_msgs/msg/Float32,136.72291564941406
1774016908.537655,/metrics/pcl/front/detections_count,std_msgs/msg/Int32,25
1774016908.537817,/metrics/pcl/front/points_in,std_msgs/msg/Int32,22152
1774016908.5379076,/metrics/pcl/front/processing_ms,std_msgs/msg/Float32,117.78120422363281
1774016908.5540183,/metrics/pcl/back/detections_count,std_msgs/msg/Int32,31
1774016908.5541487,/metrics/pcl/back/points_in,std_msgs/msg/Int32,22152
1774016908.5542152,/metrics/pcl/back/processing_ms,std_msgs/msg/Float32,96.98294830322266
1774016908.56583,/metrics/pcl/right/detections_count,std_msgs/msg/Int32,28
1774016908.5659842,/metrics/pcl/right/points_in,std_msgs/msg/Int32,22152
1774016908.5660598,/metrics/pcl/right/processing_ms,std_msgs/msg/Float32,109.78108978271484
1774016908.6096008,/metrics/pcl/left/detections_count,std_msgs/msg/Int32,28
1774016908.609783,/metrics/pcl/left/points_in,std_msgs/msg/Int32,22152
1774016908.6099098,/metrics/pcl/left/processing_ms,std_msgs/msg/Float32,133.75868225097656
1774016908.6521227,/metrics/pcl/back/detections_count,std_msgs/msg/Int32,33
1774016908.6522875,/metrics/pcl/back/points_in,std_msgs/msg/Int32,22152
1774016908.6523786,/metrics/pcl/back/processing_ms,std_msgs/msg/Float32,97.7089614868164
1774016908.6603353,/metrics/pcl/front/detections_count,std_msgs/msg/Int32,28
1774016908.660507,/metrics/pcl/front/points_in,std_msgs/msg/Int32,22152
1774016908.6606054,/metrics/pcl/front/processing_ms,std_msgs/msg/Float32,122.21839904785156
1774016908.6761808,/metrics/pcl/right/detections_count,std_msgs/msg/Int32,28
1774016908.6763735,/metrics/pcl/right/points_in,std_msgs/msg/Int32,22152
1774016908.6764808,/metrics/pcl/right/processing_ms,std_msgs/msg/Float32,109.53321075439453
1774016908.744769,/metrics/pcl/left/detections_count,std_msgs/msg/Int32,34
1774016908.7449553,/metrics/pcl/left/points_in,std_msgs/msg/Int32,22152
1774016908.745081,/metrics/pcl/left/processing_ms,std_msgs/msg/Float32,134.70228576660156
1774016908.745884,/metrics/pcl/back/detections_count,std_msgs/msg/Int32,34
1774016908.7459743,/metrics/pcl/back/points_in,std_msgs/msg/Int32,22152
1774016908.746051,/metrics/pcl/back/processing_ms,std_msgs/msg/Float32,93.54766845703125
1774016908.7796237,/metrics/pcl/front/detections_count,std_msgs/msg/Int32,24
1774016908.779775,/metrics/pcl/front/points_in,std_msgs/msg/Int32,22152
1774016908.7798538,/metrics/pcl/front/processing_ms,std_msgs/msg/Float32,118.78337097167969
1774016908.7883477,/metrics/pcl/right/detections_count,std_msgs/msg/Int32,30
1774016908.7884898,/metrics/pcl/right/points_in,std_msgs/msg/Int32,22152
1774016908.7885923,/metrics/pcl/right/processing_ms,std_msgs/msg/Float32,111.71578979492188
1774016908.8407314,/metrics/pcl/back/detections_count,std_msgs/msg/Int32,33
1774016908.8409536,/metrics/pcl/back/points_in,std_msgs/msg/Int32,22152
1774016908.8410275,/metrics/pcl/back/processing_ms,std_msgs/msg/Float32,94.04753875732422
1774016908.8790598,/metrics/pcl/left/detections_count,std_msgs/msg/Int32,25
1774016908.8792183,/metrics/pcl/left/points_in,std_msgs/msg/Int32,22152
1774016908.879321,/metrics/pcl/left/processing_ms,std_msgs/msg/Float32,133.63894653320312
1774016908.8999999,/metrics/pcl/right/detections_count,std_msgs/msg/Int32,28
1774016908.900162,/metrics/pcl/right/points_in,std_msgs/msg/Int32,22152
1774016908.9002383,/metrics/pcl/right/processing_ms,std_msgs/msg/Float32,111.2099380493164
1774016908.9006286,/metrics/pcl/front/detections_count,std_msgs/msg/Int32,28
1774016908.90069,/metrics/pcl/front/points_in,std_msgs/msg/Int32,22152
1774016908.9007406,/metrics/pcl/front/processing_ms,std_msgs/msg/Float32,120.61956787109375
1774016908.9397967,/metrics/pcl/back/detections_count,std_msgs/msg/Int32,30
1774016908.9400632,/metrics/pcl/back/points_in,std_msgs/msg/Int32,22152
1774016908.940183,/metrics/pcl/back/processing_ms,std_msgs/msg/Float32,98.41707611083984
1774016909.0115237,/metrics/pcl/left/detections_count,std_msgs/msg/Int32,26
1774016909.0117006,/metrics/pcl/left/points_in,std_msgs/msg/Int32,22152
1774016909.011828,/metrics/pcl/left/processing_ms,std_msgs/msg/Float32,131.85989379882812
1774016909.018018,/metrics/pcl/right/detections_count,std_msgs/msg/Int32,27
1774016909.0181634,/metrics/pcl/right/points_in,std_msgs/msg/Int32,22152
1774016909.0182998,/metrics/pcl/right/processing_ms,std_msgs/msg/Float32,117.52423858642578
1774016909.0216134,/metrics/pcl/front/detections_count,std_msgs/msg/Int32,24
1774016909.0218217,/metrics/pcl/front/points_in,std_msgs/msg/Int32,22152
1774016909.021945,/metrics/pcl/front/processing_ms,std_msgs/msg/Float32,120.19571685791016
1774016909.0368285,/metrics/pcl/back/detections_count,std_msgs/msg/Int32,33
1774016909.0370207,/metrics/pcl/back/points_in,std_msgs/msg/Int32,22152
1774016909.0371037,/metrics/pcl/back/processing_ms,std_msgs/msg/Float32,96.60810852050781
1774016909.1313744,/metrics/pcl/back/detections_count,std_msgs/msg/Int32,32
1774016909.1315289,/metrics/pcl/back/processing_ms,std_msgs/msg/Float32,94.20553588867188
1774016909.1319053,/metrics/pcl/back/points_in,std_msgs/msg/Int32,22152
1774016909.1346698,/metrics/pcl/right/detections_count,std_msgs/msg/Int32,28
1774016909.1347952,/metrics/pcl/right/points_in,std_msgs/msg/Int32,22152
1774016909.1349125,/metrics/pcl/right/processing_ms,std_msgs/msg/Float32,116.31307983398438
1774016909.1418228,/metrics/pcl/front/detections_count,std_msgs/msg/Int32,25
1774016909.1420233,/metrics/pcl/front/points_in,std_msgs/msg/Int32,22152
1774016909.1421103,/metrics/pcl/front/processing_ms,std_msgs/msg/Float32,119.78245544433594
1774016909.14756,/metrics/pcl/left/detections_count,std_msgs/msg/Int32,33
1774016909.147663,/metrics/pcl/left/points_in,std_msgs/msg/Int32,22152
1774016909.1477423,/metrics/pcl/left/processing_ms,std_msgs/msg/Float32,135.59149169921875
1774016909.2232325,/metrics/pcl/back/detections_count,std_msgs/msg/Int32,31
1774016909.2233655,/metrics/pcl/back/points_in,std_msgs/msg/Int32,22152
1774016909.2234316,/metrics/pcl/back/processing_ms,std_msgs/msg/Float32,91.45349884033203
1774016909.2432745,/metrics/pcl/right/detections_count,std_msgs/msg/Int32,28
1774016909.2434149,/metrics/pcl/right/points_in,std_msgs/msg/Int32,22152
1774016909.2434895,/metrics/pcl/right/processing_ms,std_msgs/msg/Float32,108.0545883178711
1774016909.25707,/metrics/pcl/front/detections_count,std_msgs/msg/Int32,26
1774016909.2572267,/metrics/pcl/front/points_in,std_msgs/msg/Int32,22152
1774016909.257293,/metrics/pcl/front/processing_ms,std_msgs/msg/Float32,114.59320068359375
1774016909.2774193,/metrics/pcl/left/detections_count,std_msgs/msg/Int32,31
1774016909.2776096,/metrics/pcl/left/points_in,std_msgs/msg/Int32,22152
1774016909.2777216,/metrics/pcl/left/processing_ms,std_msgs/msg/Float32,128.95989990234375
1774016909.3160286,/metrics/pcl/back/detections_count,std_msgs/msg/Int32,34
1774016909.3161712,/metrics/pcl/back/points_in,std_msgs/msg/Int32,22152
1774016909.3162487,/metrics/pcl/back/processing_ms,std_msgs/msg/Float32,92.308349609375
1774016909.3531876,/metrics/pcl/right/detections_count,std_msgs/msg/Int32,32
1774016909.3533385,/metrics/pcl/right/points_in,std_msgs/msg/Int32,22152
1774016909.353409,/metrics/pcl/right/processing_ms,std_msgs/msg/Float32,109.48957061767578
1774016909.3727174,/metrics/pcl/front/detections_count,std_msgs/msg/Int32,25
1774016909.3728607,/metrics/pcl/front/points_in,std_msgs/msg/Int32,22152
1774016909.3729475,/metrics/pcl/front/processing_ms,std_msgs/msg/Float32,115.22428131103516
1774016909.4083586,/metrics/pcl/back/detections_count,std_msgs/msg/Int32,31
1774016909.4085631,/metrics/pcl/back/points_in,std_msgs/msg/Int32,22152
1774016909.4086747,/metrics/pcl/back/processing_ms,std_msgs/msg/Float32,91.7922592163086
1774016909.4087918,/metrics/pcl/left/detections_count,std_msgs/msg/Int32,32
1774016909.408923,/metrics/pcl/left/points_in,std_msgs/msg/Int32,22152
1774016909.409032,/metrics/pcl/left/processing_ms,std_msgs/msg/Float32,130.48460388183594
1774016909.4684637,/metrics/pcl/right/detections_count,std_msgs/msg/Int32,29
1774016909.4686253,/metrics/pcl/right/points_in,std_msgs/msg/Int32,22152
1774016909.4687252,/metrics/pcl/right/processing_ms,std_msgs/msg/Float32,114.7869644165039
1774016909.4926999,/metrics/pcl/front/detections_count,std_msgs/msg/Int32,30
1774016909.492866,/metrics/pcl/front/points_in,std_msgs/msg/Int32,22152
1774016909.4929616,/metrics/pcl/front/processing_ms,std_msgs/msg/Float32,119.32453918457031
1774016909.5008376,/metrics/pcl/back/detections_count,std_msgs/msg/Int32,32
1774016909.501074,/metrics/pcl/back/points_in,std_msgs/msg/Int32,22152
1774016909.5011718,/metrics/pcl/back/processing_ms,std_msgs/msg/Float32,91.80316162109375
1774016909.5444024,/metrics/pcl/left/detections_count,std_msgs/msg/Int32,30
1774016909.5445364,/metrics/pcl/left/points_in,std_msgs/msg/Int32,22152
1774016909.5446005,/metrics/pcl/left/processing_ms,std_msgs/msg/Float32,135.45172119140625
1774016909.583396,/metrics/pcl/right/detections_count,std_msgs/msg/Int32,28
1774016909.5835245,/metrics/pcl/right/points_in,std_msgs/msg/Int32,22152
1774016909.5835884,/metrics/pcl/right/processing_ms,std_msgs/msg/Float32,114.58187866210938
1774016909.5962825,/metrics/pcl/back/detections_count,std_msgs/msg/Int32,31
1774016909.5964437,/metrics/pcl/back/points_in,std_msgs/msg/Int32,22152
1774016909.596543,/metrics/pcl/back/processing_ms,std_msgs/msg/Float32,95.03492736816406
1774016909.6147797,/metrics/pcl/front/detections_count,std_msgs/msg/Int32,31
1774016909.6149578,/metrics/pcl/front/points_in,std_msgs/msg/Int32,22152
1774016909.6150389,/metrics/pcl/front/processing_ms,std_msgs/msg/Float32,121.72386932373047
1774016909.6771362,/metrics/pcl/left/detections_count,std_msgs/msg/Int32,30
1774016909.677271,/metrics/pcl/left/points_in,std_msgs/msg/Int32,22152
1774016909.6773486,/metrics/pcl/left/processing_ms,std_msgs/msg/Float32,132.25730895996094
1774016909.6944616,/metrics/pcl/back/detections_count,std_msgs/msg/Int32,30
1774016909.6946135,/metrics/pcl/back/points_in,std_msgs/msg/Int32,22152
1774016909.6946926,/metrics/pcl/back/processing_ms,std_msgs/msg/Float32,97.60185241699219
1774016909.6991532,/metrics/pcl/right/detections_count,std_msgs/msg/Int32,28
1774016909.6992667,/metrics/pcl/right/points_in,std_msgs/msg/Int32,22152
1774016909.699349,/metrics/pcl/right/processing_ms,std_msgs/msg/Float32,115.42233276367188
1774016909.734245,/metrics/pcl/front/detections_count,std_msgs/msg/Int32,23
1774016909.7343826,/metrics/pcl/front/points_in,std_msgs/msg/Int32,22152
1774016909.7344668,/metrics/pcl/front/processing_ms,std_msgs/msg/Float32,119.05282592773438
1774016909.7871988,/metrics/pcl/back/detections_count,std_msgs/msg/Int32,28
1774016909.7873366,/metrics/pcl/back/points_in,std_msgs/msg/Int32,22152
1774016909.787403,/metrics/pcl/back/processing_ms,std_msgs/msg/Float32,92.4403076171875
1774016909.8122113,/metrics/pcl/left/detections_count,std_msgs/msg/Int32,31
1774016909.812371,/metrics/pcl/left/points_in,std_msgs/msg/Int32,22152
1774016909.8124373,/metrics/pcl/left/processing_ms,std_msgs/msg/Float32,134.3939971923828
1774016909.8136587,/metrics/pcl/right/detections_count,std_msgs/msg/Int32,33
1774016909.813762,/metrics/pcl/right/points_in,std_msgs/msg/Int32,22152
1774016909.8138602,/metrics/pcl/right/processing_ms,std_msgs/msg/Float32,114.14623260498047
1774016909.854548,/metrics/pcl/front/detections_count,std_msgs/msg/Int32,25
1774016909.854828,/metrics/pcl/front/points_in,std_msgs/msg/Int32,22152
1774016909.8549347,/metrics/pcl/front/processing_ms,std_msgs/msg/Float32,119.2641830444336
1774016909.8798568,/metrics/pcl/back/detections_count,std_msgs/msg/Int32,28
1774016909.8800313,/metrics/pcl/back/points_in,std_msgs/msg/Int32,22152
1774016909.880122,/metrics/pcl/back/processing_ms,std_msgs/msg/Float32,92.27367401123047
1774016909.9292815,/metrics/pcl/right/detections_count,std_msgs/msg/Int32,32
1774016909.9294817,/metrics/pcl/right/points_in,std_msgs/msg/Int32,22152
1774016909.9295893,/metrics/pcl/right/processing_ms,std_msgs/msg/Float32,114.95956420898438
1774016909.9448926,/metrics/pcl/left/detections_count,std_msgs/msg/Int32,34
1774016909.9450548,/metrics/pcl/left/points_in,std_msgs/msg/Int32,22152
1774016909.94516,/metrics/pcl/left/processing_ms,std_msgs/msg/Float32,132.23622131347656
1774016909.974177,/metrics/pcl/back/detections_count,std_msgs/msg/Int32,30
1774016909.9743385,/metrics/pcl/back/points_in,std_msgs/msg/Int32,22152
1774016909.9744143,/metrics/pcl/back/processing_ms,std_msgs/msg/Float32,93.88663482666016
1774016909.9759068,/metrics/pcl/front/detections_count,std_msgs/msg/Int32,29
1774016909.9760127,/metrics/pcl/front/points_in,std_msgs/msg/Int32,22152
1774016909.9760773,/metrics/pcl/front/processing_ms,std_msgs/msg/Float32,121.03288269042969
1774016910.045438,/metrics/pcl/right/detections_count,std_msgs/msg/Int32,29
1774016910.0455825,/metrics/pcl/right/points_in,std_msgs/msg/Int32,22152
1774016910.0456505,/metrics/pcl/right/processing_ms,std_msgs/msg/Float32,115.72492218017578
1774016910.065054,/metrics/pcl/back/detections_count,std_msgs/msg/Int32,29
1774016910.0652318,/metrics/pcl/back/points_in,std_msgs/msg/Int32,22152
1774016910.0653207,/metrics/pcl/back/processing_ms,std_msgs/msg/Float32,90.41368865966797
1774016910.0751042,/metrics/pcl/left/detections_count,std_msgs/msg/Int32,29
1774016910.0752583,/metrics/pcl/left/points_in,std_msgs/msg/Int32,22152
1774016910.075329,/metrics/pcl/left/processing_ms,std_msgs/msg/Float32,129.63754272460938
1774016910.0930758,/metrics/pcl/front/detections_count,std_msgs/msg/Int32,23
1774016910.0932093,/metrics/pcl/front/points_in,std_msgs/msg/Int32,22152
1774016910.093294,/metrics/pcl/front/processing_ms,std_msgs/msg/Float32,116.43903350830078
1774016910.1549013,/metrics/pcl/back/detections_count,std_msgs/msg/Int32,30
1774016910.1551049,/metrics/pcl/back/points_in,std_msgs/msg/Int32,22152
1774016910.1551812,/metrics/pcl/back/processing_ms,std_msgs/msg/Float32,89.19696044921875
1774016910.1612551,/metrics/pcl/right/detections_count,std_msgs/msg/Int32,28
1774016910.1613688,/metrics/pcl/right/points_in,std_msgs/msg/Int32,22152
1774016910.1614265,/metrics/pcl/right/processing_ms,std_msgs/msg/Float32,115.46085357666016
1774016910.2024934,/metrics/pcl/left/detections_count,std_msgs/msg/Int32,32
1774016910.2026474,/metrics/pcl/left/points_in,std_msgs/msg/Int32,22152
1774016910.2027183,/metrics/pcl/left/processing_ms,std_msgs/msg/Float32,126.917236328125
1774016910.2088957,/metrics/pcl/front/detections_count,std_msgs/msg/Int32,25
1774016910.2090628,/metrics/pcl/front/points_in,std_msgs/msg/Int32,22152
1774016910.2091367,/metrics/pcl/front/processing_ms,std_msgs/msg/Float32,115.2137451171875
1774016910.245585,/metrics/pcl/back/detections_count,std_msgs/msg/Int32,32
1774016910.2457097,/metrics/pcl/back/points_in,std_msgs/msg/Int32,22152
1774016910.2457728,/metrics/pcl/back/processing_ms,std_msgs/msg/Float32,90.45536804199219
1774016910.2710526,/metrics/pcl/right/detections_count,std_msgs/msg/Int32,28
1774016910.2712488,/metrics/pcl/right/points_in,std_msgs/msg/Int32,22152
1774016910.2713232,/metrics/pcl/right/processing_ms,std_msgs/msg/Float32,109.15787506103516
1774016910.3211563,/metrics/pcl/front/detections_count,std_msgs/msg/Int32,27
1774016910.321342,/metrics/pcl/front/points_in,std_msgs/msg/Int32,22152
1774016910.3214397,/metrics/pcl/front/processing_ms,std_msgs/msg/Float32,111.58307647705078
1774016910.329609,/metrics/pcl/left/detections_count,std_msgs/msg/Int32,32
1774016910.3297393,/metrics/pcl/left/points_in,std_msgs/msg/Int32,22152
1774016910.3298318,/metrics/pcl/left/processing_ms,std_msgs/msg/Float32,126.76101684570312
1774016910.3372567,/metrics/pcl/back/detections_count,std_msgs/msg/Int32,31
1774016910.3374574,/metrics/pcl/back/points_in,std_msgs/msg/Int32,22152
1774016910.337522,/metrics/pcl/back/processing_ms,std_msgs/msg/Float32,91.1357192993164
1774016910.3822696,/metrics/pcl/right/detections_count,std_msgs/msg/Int32,30
1774016910.3825364,/metrics/pcl/right/points_in,std_msgs/msg/Int32,22152
1774016910.3826573,/metrics/pcl/right/processing_ms,std_msgs/msg/Float32,110.74414825439453
1774016910.4349704,/metrics/pcl/back/detections_count,std_msgs/msg/Int32,29
1774016910.4351115,/metrics/pcl/back/points_in,std_msgs/msg/Int32,22152
1774016910.4351883,/metrics/pcl/back/processing_ms,std_msgs/msg/Float32,97.18785095214844
1774016910.4432135,/metrics/pcl/front/detections_count,std_msgs/msg/Int32,25
1774016910.44341,/metrics/pcl/front/points_in,std_msgs/msg/Int32,22152
1774016910.4435234,/metrics/pcl/front/processing_ms,std_msgs/msg/Float32,121.57183074951172
1774016910.4616892,/metrics/pcl/left/detections_count,std_msgs/msg/Int32,32
1774016910.4618444,/metrics/pcl/left/points_in,std_msgs/msg/Int32,22152
1774016910.4619455,/metrics/pcl/left/processing_ms,std_msgs/msg/Float32,131.5681915283203
1774016910.5028975,/metrics/pcl/right/detections_count,std_msgs/msg/Int32,28
1774016910.503049,/metrics/pcl/right/points_in,std_msgs/msg/Int32,22152
1774016910.5031195,/metrics/pcl/right/processing_ms,std_msgs/msg/Float32,120.18976593017578
1774016910.5354462,/metrics/pcl/back/detections_count,std_msgs/msg/Int32,29
1774016910.5355995,/metrics/pcl/back/points_in,std_msgs/msg/Int32,22152
1774016910.5356681,/metrics/pcl/back/processing_ms,std_msgs/msg/Float32,100.09473419189453
1774016910.5626385,/metrics/pcl/front/detections_count,std_msgs/msg/Int32,27
1774016910.562789,/metrics/pcl/front/points_in,std_msgs/msg/Int32,22152
1774016910.5628588,/metrics/pcl/front/processing_ms,std_msgs/msg/Float32,119.04395294189453
1774016910.5931165,/metrics/pcl/left/detections_count,std_msgs/msg/Int32,33
1774016910.593312,/metrics/pcl/left/points_in,std_msgs/msg/Int32,22152
1774016910.5934618,/metrics/pcl/left/processing_ms,std_msgs/msg/Float32,130.81068420410156
1774016910.6220388,/metrics/pcl/right/detections_count,std_msgs/msg/Int32,28
1774016910.6222088,/metrics/pcl/right/points_in,std_msgs/msg/Int32,22152
1774016910.622289,/metrics/pcl/right/processing_ms,std_msgs/msg/Float32,118.49459838867188
1774016910.630744,/metrics/pcl/back/detections_count,std_msgs/msg/Int32,31
1774016910.63096,/metrics/pcl/back/points_in,std_msgs/msg/Int32,22152
1774016910.6310763,/metrics/pcl/back/processing_ms,std_msgs/msg/Float32,94.7906265258789
1774016910.6827407,/metrics/pcl/front/detections_count,std_msgs/msg/Int32,28
1774016910.682886,/metrics/pcl/front/points_in,std_msgs/msg/Int32,22152
1774016910.6829624,/metrics/pcl/front/processing_ms,std_msgs/msg/Float32,119.71248626708984
1774016910.7221675,/metrics/pcl/left/detections_count,std_msgs/msg/Int32,37
1774016910.7223194,/metrics/pcl/left/points_in,std_msgs/msg/Int32,22152
1774016910.7223835,/metrics/pcl/left/processing_ms,std_msgs/msg/Float32,128.6009521484375
1774016910.7242055,/metrics/pcl/back/detections_count,std_msgs/msg/Int32,29
1774016910.7242806,/metrics/pcl/back/points_in,std_msgs/msg/Int32,22152
1774016910.7243454,/metrics/pcl/back/processing_ms,std_msgs/msg/Float32,93.18099975585938
1774016910.7369864,/metrics/pcl/right/detections_count,std_msgs/msg/Int32,27
1774016910.7371142,/metrics/pcl/right/points_in,std_msgs/msg/Int32,22152
1774016910.7371898,/metrics/pcl/right/processing_ms,std_msgs/msg/Float32,114.56892395019531
1774016910.803391,/metrics/pcl/front/detections_count,std_msgs/msg/Int32,25
1774016910.803591,/metrics/pcl/front/points_in,std_msgs/msg/Int32,22152
1774016910.803672,/metrics/pcl/front/processing_ms,std_msgs/msg/Float32,120.08756256103516
1774016910.816256,/metrics/pcl/back/detections_count,std_msgs/msg/Int32,28
1774016910.816441,/metrics/pcl/back/points_in,std_msgs/msg/Int32,22152
1774016910.8165321,/metrics/pcl/back/processing_ms,std_msgs/msg/Float32,91.3056411743164
1774016910.850058,/metrics/pcl/left/detections_count,std_msgs/msg/Int32,30
1774016910.850222,/metrics/pcl/left/points_in,std_msgs/msg/Int32,22152
1774016910.850295,/metrics/pcl/left/processing_ms,std_msgs/msg/Float32,127.30702209472656
1774016910.853047,/metrics/pcl/right/detections_count,std_msgs/msg/Int32,24
1774016910.8531637,/metrics/pcl/right/points_in,std_msgs/msg/Int32,22152
1774016910.85324,/metrics/pcl/right/processing_ms,std_msgs/msg/Float32,115.72463989257812
1774016910.9089828,/metrics/pcl/back/detections_count,std_msgs/msg/Int32,28
1774016910.909156,/metrics/pcl/back/points_in,std_msgs/msg/Int32,22152
1774016910.9092238,/metrics/pcl/back/processing_ms,std_msgs/msg/Float32,92.1929931640625
1774016910.9233968,/metrics/pcl/front/detections_count,std_msgs/msg/Int32,24
1774016910.9235811,/metrics/pcl/front/points_in,std_msgs/msg/Int32,22152
1774016910.9237015,/metrics/pcl/front/processing_ms,std_msgs/msg/Float32,119.46711730957031
1774016910.9670172,/metrics/pcl/right/detections_count,std_msgs/msg/Int32,26
1774016910.9671378,/metrics/pcl/right/points_in,std_msgs/msg/Int32,22152
1774016910.9671965,/metrics/pcl/right/processing_ms,std_msgs/msg/Float32,113.38160705566406
1774016910.9793508,/metrics/pcl/left/detections_count,std_msgs/msg/Int32,29
1774016910.9795203,/metrics/pcl/left/points_in,std_msgs/msg/Int32,22152
1774016910.9796185,/metrics/pcl/left/processing_ms,std_msgs/msg/Float32,128.85130310058594
1774016911.0017,/metrics/pcl/back/detections_count,std_msgs/msg/Int32,28
1774016911.0018241,/metrics/pcl/back/points_in,std_msgs/msg/Int32,22152
1774016911.001894,/metrics/pcl/back/processing_ms,std_msgs/msg/Float32,92.36090087890625
1774016911.0433877,/metrics/pcl/front/detections_count,std_msgs/msg/Int32,31
1774016911.0435278,/metrics/pcl/front/points_in,std_msgs/msg/Int32,22152
1774016911.0435956,/metrics/pcl/front/processing_ms,std_msgs/msg/Float32,119.62612915039062
1774016911.079354,/metrics/pcl/right/detections_count,std_msgs/msg/Int32,27
1774016911.0794802,/metrics/pcl/right/points_in,std_msgs/msg/Int32,22152
1774016911.0795414,/metrics/pcl/right/processing_ms,std_msgs/msg/Float32,111.9012680053711
1774016911.0925808,/metrics/pcl/back/detections_count,std_msgs/msg/Int32,33
1774016911.0927236,/metrics/pcl/back/points_in,std_msgs/msg/Int32,22152
1774016911.092788,/metrics/pcl/back/processing_ms,std_msgs/msg/Float32,90.48419952392578
1774016911.1096706,/metrics/pcl/left/detections_count,std_msgs/msg/Int32,31
1774016911.109829,/metrics/pcl/left/points_in,std_msgs/msg/Int32,22152
1774016911.1099095,/metrics/pcl/left/processing_ms,std_msgs/msg/Float32,129.84176635742188
1774016911.1588948,/metrics/pcl/front/detections_count,std_msgs/msg/Int32,27
1774016911.1590466,/metrics/pcl/front/points_in,std_msgs/msg/Int32,22152
1774016911.1591303,/metrics/pcl/front/processing_ms,std_msgs/msg/Float32,114.7876205444336
1774016911.1812267,/metrics/pcl/back/detections_count,std_msgs/msg/Int32,33
1774016911.1813557,/metrics/pcl/back/points_in,std_msgs/msg/Int32,22152
1774016911.1814227,/metrics/pcl/back/processing_ms,std_msgs/msg/Float32,88.18671417236328
1774016911.1885726,/metrics/pcl/right/detections_count,std_msgs/msg/Int32,24
1774016911.1886592,/metrics/pcl/right/points_in,std_msgs/msg/Int32,22152
1774016911.1887243,/metrics/pcl/right/processing_ms,std_msgs/msg/Float32,108.96406555175781
1774016911.2388408,/metrics/pcl/left/detections_count,std_msgs/msg/Int32,31
1774016911.2390232,/metrics/pcl/left/points_in,std_msgs/msg/Int32,22152
1774016911.2391055,/metrics/pcl/left/processing_ms,std_msgs/msg/Float32,128.57510375976562
1774016911.2679193,/metrics/pcl/back/detections_count,std_msgs/msg/Int32,34
1774016911.2680655,/metrics/pcl/back/points_in,std_msgs/msg/Int32,22152
1774016911.2681413,/metrics/pcl/back/processing_ms,std_msgs/msg/Float32,86.22229766845703
1774016911.2752573,/metrics/pcl/front/detections_count,std_msgs/msg/Int32,26
1774016911.275424,/metrics/pcl/front/points_in,std_msgs/msg/Int32,22152
1774016911.2754893,/metrics/pcl/front/processing_ms,std_msgs/msg/Float32,115.88703918457031
1774016911.301976,/metrics/pcl/right/detections_count,std_msgs/msg/Int32,28
1774016911.302099,/metrics/pcl/right/points_in,std_msgs/msg/Int32,22152
1774016911.3021696,/metrics/pcl/right/processing_ms,std_msgs/msg/Float32,112.8426284790039
1774016911.354155,/metrics/pcl/back/detections_count,std_msgs/msg/Int32,35
1774016911.3543448,/metrics/pcl/back/points_in,std_msgs/msg/Int32,22152
1774016911.3544347,/metrics/pcl/back/processing_ms,std_msgs/msg/Float32,85.73152160644531
1774016911.3657408,/metrics/pcl/left/detections_count,std_msgs/msg/Int32,32
1774016911.365893,/metrics/pcl/left/points_in,std_msgs/msg/Int32,22152
1774016911.3660254,/metrics/pcl/left/processing_ms,std_msgs/msg/Float32,126.57914733886719
1774016911.3909588,/metrics/pcl/front/detections_count,std_msgs/msg/Int32,24
1774016911.3911302,/metrics/pcl/front/points_in,std_msgs/msg/Int32,22152
1774016911.3912256,/metrics/pcl/front/processing_ms,std_msgs/msg/Float32,115.09884643554688
1774016911.4144464,/metrics/pcl/right/detections_count,std_msgs/msg/Int32,22
1774016911.4145854,/metrics/pcl/right/points_in,std_msgs/msg/Int32,22152
1774016911.4146643,/metrics/pcl/right/processing_ms,std_msgs/msg/Float32,112.01305389404297
1774016911.4416144,/metrics/pcl/back/detections_count,std_msgs/msg/Int32,34
1774016911.4417758,/metrics/pcl/back/points_in,std_msgs/msg/Int32,22152
1774016911.4418488,/metrics/pcl/back/processing_ms,std_msgs/msg/Float32,87.1970443725586
1774016911.4952018,/metrics/pcl/left/detections_count,std_msgs/msg/Int32,30
1774016911.4953494,/metrics/pcl/left/points_in,std_msgs/msg/Int32,22152
1774016911.4954274,/metrics/pcl/left/processing_ms,std_msgs/msg/Float32,128.77615356445312
1774016911.5114403,/metrics/pcl/front/detections_count,std_msgs/msg/Int32,27
1774016911.5115938,/metrics/pcl/front/points_in,std_msgs/msg/Int32,22152
1774016911.5116875,/metrics/pcl/front/processing_ms,std_msgs/msg/Float32,119.99801635742188
1774016911.53002,/metrics/pcl/right/detections_count,std_msgs/msg/Int32,24
1774016911.5301912,/metrics/pcl/right/points_in,std_msgs/msg/Int32,22152
1774016911.5302978,/metrics/pcl/right/processing_ms,std_msgs/msg/Float32,115.16515350341797
1774016911.5306988,/metrics/pcl/back/detections_count,std_msgs/msg/Int32,37
1774016911.530787,/metrics/pcl/back/points_in,std_msgs/msg/Int32,22152
1774016911.5308654,/metrics/pcl/back/processing_ms,std_msgs/msg/Float32,88.53526306152344
1774016911.6192162,/metrics/pcl/back/detections_count,std_msgs/msg/Int32,34
1774016911.6193535,/metrics/pcl/back/points_in,std_msgs/msg/Int32,22152
1774016911.6194232,/metrics/pcl/back/processing_ms,std_msgs/msg/Float32,88.07975006103516
1774016911.6217253,/metrics/pcl/left/detections_count,std_msgs/msg/Int32,27
1774016911.6218622,/metrics/pcl/left/points_in,std_msgs/msg/Int32,22152
1774016911.6219594,/metrics/pcl/left/processing_ms,std_msgs/msg/Float32,126.10273742675781
1774016911.6271088,/metrics/pcl/front/detections_count,std_msgs/msg/Int32,24
1774016911.6272433,/metrics/pcl/front/points_in,std_msgs/msg/Int32,22152
1774016911.6273246,/metrics/pcl/front/processing_ms,std_msgs/msg/Float32,115.32113647460938
1774016911.6407604,/metrics/pcl/right/detections_count,std_msgs/msg/Int32,23
1774016911.6409335,/metrics/pcl/right/points_in,std_msgs/msg/Int32,22152
1774016911.641052,/metrics/pcl/right/processing_ms,std_msgs/msg/Float32,110.16709899902344
1774016911.707811,/metrics/pcl/back/detections_count,std_msgs/msg/Int32,36
1774016911.707995,/metrics/pcl/back/points_in,std_msgs/msg/Int32,22152
1774016911.708088,/metrics/pcl/back/processing_ms,std_msgs/msg/Float32,87.89189910888672
1774016911.7423491,/metrics/pcl/front/detections_count,std_msgs/msg/Int32,27
1774016911.7424862,/metrics/pcl/front/points_in,std_msgs/msg/Int32,22152
1774016911.7425485,/metrics/pcl/front/processing_ms,std_msgs/msg/Float32,114.65937805175781
1774016911.7493463,/metrics/pcl/left/detections_count,std_msgs/msg/Int32,29
1774016911.749485,/metrics/pcl/left/points_in,std_msgs/msg/Int32,22152
1774016911.7495837,/metrics/pcl/left/processing_ms,std_msgs/msg/Float32,127.09244537353516
1774016911.7523456,/metrics/pcl/right/detections_count,std_msgs/msg/Int32,26
1774016911.7524376,/metrics/pcl/right/points_in,std_msgs/msg/Int32,22152
1774016911.7524984,/metrics/pcl/right/processing_ms,std_msgs/msg/Float32,111.38701629638672
1774016911.797713,/metrics/pcl/back/detections_count,std_msgs/msg/Int32,42
1774016911.7978325,/metrics/pcl/back/points_in,std_msgs/msg/Int32,22152
1774016911.797912,/metrics/pcl/back/processing_ms,std_msgs/msg/Float32,89.49859619140625
1774016911.8602264,/metrics/pcl/front/detections_count,std_msgs/msg/Int32,28
1774016911.8604286,/metrics/pcl/front/points_in,std_msgs/msg/Int32,22152
1774016911.860524,/metrics/pcl/front/processing_ms,std_msgs/msg/Float32,117.35089874267578
1774016911.8639846,/metrics/pcl/right/detections_count,std_msgs/msg/Int32,27
1774016911.8640778,/metrics/pcl/right/points_in,std_msgs/msg/Int32,22152
1774016911.864164,/metrics/pcl/right/processing_ms,std_msgs/msg/Float32,111.25678253173828
1774016911.876649,/metrics/pcl/left/detections_count,std_msgs/msg/Int32,35
1774016911.8768358,/metrics/pcl/left/points_in,std_msgs/msg/Int32,22152
1774016911.8769155,/metrics/pcl/left/processing_ms,std_msgs/msg/Float32,126.62661743164062
1774016911.8829906,/metrics/pcl/back/detections_count,std_msgs/msg/Int32,36
1774016911.8831553,/metrics/pcl/back/points_in,std_msgs/msg/Int32,22152
1774016911.8832362,/metrics/pcl/back/processing_ms,std_msgs/msg/Float32,84.89559173583984
1774016911.9713824,/metrics/pcl/back/detections_count,std_msgs/msg/Int32,33
1774016911.971665,/metrics/pcl/back/points_in,std_msgs/msg/Int32,22152
1774016911.9717653,/metrics/pcl/back/processing_ms,std_msgs/msg/Float32,87.72358703613281
1774016911.9754043,/metrics/pcl/right/detections_count,std_msgs/msg/Int32,27
1774016911.975575,/metrics/pcl/right/points_in,std_msgs/msg/Int32,22152
1774016911.9756975,/metrics/pcl/right/processing_ms,std_msgs/msg/Float32,110.77452850341797
1774016911.9766643,/metrics/pcl/front/detections_count,std_msgs/msg/Int32,26
1774016911.976752,/metrics/pcl/front/points_in,std_msgs/msg/Int32,22152
1774016911.976813,/metrics/pcl/front/processing_ms,std_msgs/msg/Float32,116.17831420898438
1774016912.0097773,/metrics/pcl/left/detections_count,std_msgs/msg/Int32,37
1774016912.0099459,/metrics/pcl/left/points_in,std_msgs/msg/Int32,22152
1774016912.0100465,/metrics/pcl/left/processing_ms,std_msgs/msg/Float32,132.6414794921875
1774016912.0636194,/metrics/pcl/back/detections_count,std_msgs/msg/Int32,33
1774016912.0638027,/metrics/pcl/back/points_in,std_msgs/msg/Int32,22152
1774016912.0639098,/metrics/pcl/back/processing_ms,std_msgs/msg/Float32,91.85786437988281
1774016912.088607,/metrics/pcl/right/detections_count,std_msgs/msg/Int32,23
1774016912.088746,/metrics/pcl/right/points_in,std_msgs/msg/Int32,22152
1774016912.0888247,/metrics/pcl/right/processing_ms,std_msgs/msg/Float32,112.5791015625
1774016912.0980544,/metrics/pcl/front/detections_count,std_msgs/msg/Int32,28
1774016912.0982053,/metrics/pcl/front/points_in,std_msgs/msg/Int32,22152
1774016912.09827,/metrics/pcl/front/processing_ms,std_msgs/msg/Float32,120.67913818359375
1774016912.1425724,/metrics/pcl/left/detections_count,std_msgs/msg/Int32,30
1774016912.1427655,/metrics/pcl/left/points_in,std_msgs/msg/Int32,22152
1774016912.1428835,/metrics/pcl/left/processing_ms,std_msgs/msg/Float32,131.96922302246094
1774016912.1520681,/metrics/pcl/back/detections_count,std_msgs/msg/Int32,39
1774016912.152207,/metrics/pcl/back/points_in,std_msgs/msg/Int32,22152
1774016912.1522765,/metrics/pcl/back/processing_ms,std_msgs/msg/Float32,87.99555969238281
1774016912.1984198,/metrics/pcl/right/detections_count,std_msgs/msg/Int32,25
1774016912.19855,/metrics/pcl/right/points_in,std_msgs/msg/Int32,22152
1774016912.1986198,/metrics/pcl/right/processing_ms,std_msgs/msg/Float32,109.5199203491211
1774016912.212144,/metrics/pcl/front/detections_count,std_msgs/msg/Int32,26
1774016912.21227,/metrics/pcl/front/points_in,std_msgs/msg/Int32,22152
1774016912.2123475,/metrics/pcl/front/processing_ms,std_msgs/msg/Float32,113.59626007080078
1774016912.2385075,/metrics/pcl/back/detections_count,std_msgs/msg/Int32,35
1774016912.2386396,/metrics/pcl/back/points_in,std_msgs/msg/Int32,22152
1774016912.238732,/metrics/pcl/back/processing_ms,std_msgs/msg/Float32,86.13953399658203
1774016912.2710657,/metrics/pcl/left/detections_count,std_msgs/msg/Int32,33
1774016912.271183,/metrics/pcl/left/points_in,std_msgs/msg/Int32,22152
1774016912.2712417,/metrics/pcl/left/processing_ms,std_msgs/msg/Float32,128.11184692382812
1774016912.305043,/metrics/pcl/right/detections_count,std_msgs/msg/Int32,27
1774016912.3052008,/metrics/pcl/right/points_in,std_msgs/msg/Int32,22152
1774016912.3052993,/metrics/pcl/right/processing_ms,std_msgs/msg/Float32,106.16728210449219
1774016912.3241327,/metrics/pcl/back/detections_count,std_msgs/msg/Int32,39
1774016912.3243358,/metrics/pcl/back/points_in,std_msgs/msg/Int32,22152
1774016912.3244433,/metrics/pcl/back/processing_ms,std_msgs/msg/Float32,85.0666275024414
1774016912.3250198,/metrics/pcl/front/detections_count,std_msgs/msg/Int32,29
1774016912.3251064,/metrics/pcl/front/points_in,std_msgs/msg/Int32,22152
1774016912.325192,/metrics/pcl/front/processing_ms,std_msgs/msg/Float32,112.20467376708984
1774016912.3983135,/metrics/pcl/left/detections_count,std_msgs/msg/Int32,32
1774016912.3984659,/metrics/pcl/left/points_in,std_msgs/msg/Int32,22152
1774016912.3985305,/metrics/pcl/left/processing_ms,std_msgs/msg/Float32,126.76351928710938
1774016912.4160738,/metrics/pcl/back/detections_count,std_msgs/msg/Int32,41
1774016912.416197,/metrics/pcl/back/points_in,std_msgs/msg/Int32,22152
1774016912.4162612,/metrics/pcl/back/processing_ms,std_msgs/msg/Float32,91.40448760986328
1774016912.4176884,/metrics/pcl/right/detections_count,std_msgs/msg/Int32,23
1774016912.4178424,/metrics/pcl/right/points_in,std_msgs/msg/Int32,22152
1774016912.4179714,/metrics/pcl/right/processing_ms,std_msgs/msg/Float32,112.39653015136719
1774016912.4403718,/metrics/pcl/front/detections_count,std_msgs/msg/Int32,30
1774016912.440554,/metrics/pcl/front/points_in,std_msgs/msg/Int32,22152
1774016912.4406486,/metrics/pcl/front/processing_ms,std_msgs/msg/Float32,115.06393432617188
1774016912.515711,/metrics/pcl/back/detections_count,std_msgs/msg/Int32,35
1774016912.5159101,/metrics/pcl/back/points_in,std_msgs/msg/Int32,22152
1774016912.5160112,/metrics/pcl/back/processing_ms,std_msgs/msg/Float32,99.26783752441406
1774016912.5318508,/metrics/pcl/left/detections_count,std_msgs/msg/Int32,34
1774016912.532082,/metrics/pcl/left/processing_ms,std_msgs/msg/Float32,133.0225372314453
1774016912.532184,/metrics/pcl/right/detections_count,std_msgs/msg/Int32,26
1774016912.5322826,/metrics/pcl/right/points_in,std_msgs/msg/Int32,22152
1774016912.532375,/metrics/pcl/right/processing_ms,std_msgs/msg/Float32,113.55349731445312
1774016912.5328407,/metrics/pcl/left/points_in,std_msgs/msg/Int32,22152
1774016912.5631535,/metrics/pcl/front/detections_count,std_msgs/msg/Int32,26
1774016912.56338,/metrics/pcl/front/points_in,std_msgs/msg/Int32,22152
1774016912.563471,/metrics/pcl/front/processing_ms,std_msgs/msg/Float32,122.13117980957031
1774016912.6123447,/metrics/pcl/back/detections_count,std_msgs/msg/Int32,34
1774016912.6125028,/metrics/pcl/back/points_in,std_msgs/msg/Int32,22152
1774016912.6126003,/metrics/pcl/back/processing_ms,std_msgs/msg/Float32,96.09561920166016
1774016912.6486716,/metrics/pcl/right/detections_count,std_msgs/msg/Int32,25
1774016912.6489024,/metrics/pcl/right/points_in,std_msgs/msg/Int32,22152
1774016912.649028,/metrics/pcl/right/processing_ms,std_msgs/msg/Float32,116.27529907226562
1774016912.6646607,/metrics/pcl/left/detections_count,std_msgs/msg/Int32,31
1774016912.664792,/metrics/pcl/left/points_in,std_msgs/msg/Int32,22152
1774016912.664852,/metrics/pcl/left/processing_ms,std_msgs/msg/Float32,132.36227416992188
1774016912.689466,/metrics/pcl/front/detections_count,std_msgs/msg/Int32,28
1774016912.6896367,/metrics/pcl/front/points_in,std_msgs/msg/Int32,22152
1774016912.6897135,/metrics/pcl/front/processing_ms,std_msgs/msg/Float32,125.84546661376953
1774016912.7095232,/metrics/pcl/back/detections_count,std_msgs/msg/Int32,36
1774016912.709712,/metrics/pcl/back/points_in,std_msgs/msg/Int32,22152
1774016912.709809,/metrics/pcl/back/processing_ms,std_msgs/msg/Float32,96.77999114990234
1774016912.7631557,/metrics/pcl/right/detections_count,std_msgs/msg/Int32,26
1774016912.763297,/metrics/pcl/right/points_in,std_msgs/msg/Int32,22152
1774016912.7633595,/metrics/pcl/right/processing_ms,std_msgs/msg/Float32,114.09807586669922
1774016912.7956388,/metrics/pcl/left/detections_count,std_msgs/msg/Int32,29
1774016912.795762,/metrics/pcl/left/points_in,std_msgs/msg/Int32,22152
1774016912.795858,/metrics/pcl/left/processing_ms,std_msgs/msg/Float32,130.5933380126953
1774016912.805856,/metrics/pcl/front/detections_count,std_msgs/msg/Int32,28
1774016912.8060563,/metrics/pcl/front/points_in,std_msgs/msg/Int32,22152
1774016912.8061364,/metrics/pcl/front/processing_ms,std_msgs/msg/Float32,115.91494750976562
1774016912.8065968,/metrics/pcl/back/detections_count,std_msgs/msg/Int32,38
1774016912.806677,/metrics/pcl/back/points_in,std_msgs/msg/Int32,22152
1774016912.806755,/metrics/pcl/back/processing_ms,std_msgs/msg/Float32,95.81532287597656
1774016912.8777273,/metrics/pcl/right/detections_count,std_msgs/msg/Int32,28
1774016912.877862,/metrics/pcl/right/points_in,std_msgs/msg/Int32,22152
1774016912.877948,/metrics/pcl/right/processing_ms,std_msgs/msg/Float32,114.14330291748047
1774016912.9021199,/metrics/pcl/back/detections_count,std_msgs/msg/Int32,36
1774016912.9022603,/metrics/pcl/back/points_in,std_msgs/msg/Int32,22152
1774016912.902326,/metrics/pcl/back/processing_ms,std_msgs/msg/Float32,95.70193481445312
1774016912.9227514,/metrics/pcl/left/detections_count,std_msgs/msg/Int32,29
1774016912.9229853,/metrics/pcl/left/points_in,std_msgs/msg/Int32,22152
1774016912.9230638,/metrics/pcl/left/processing_ms,std_msgs/msg/Float32,126.15807342529297
1774016912.9234838,/metrics/pcl/front/detections_count,std_msgs/msg/Int32,26
1774016912.9235723,/metrics/pcl/front/points_in,std_msgs/msg/Int32,22152
1774016912.9236522,/metrics/pcl/front/processing_ms,std_msgs/msg/Float32,116.42537689208984
1774016912.9887848,/metrics/pcl/right/detections_count,std_msgs/msg/Int32,26
1774016912.9890015,/metrics/pcl/right/points_in,std_msgs/msg/Int32,22152
1774016912.989097,/metrics/pcl/right/processing_ms,std_msgs/msg/Float32,110.4924087524414
1774016912.9991105,/metrics/pcl/back/detections_count,std_msgs/msg/Int32,32
1774016912.9992545,/metrics/pcl/back/points_in,std_msgs/msg/Int32,22152
1774016912.9993246,/metrics/pcl/back/processing_ms,std_msgs/msg/Float32,96.62187194824219
1774016913.0425882,/metrics/pcl/front/detections_count,std_msgs/msg/Int32,31
1774016913.0427477,/metrics/pcl/front/points_in,std_msgs/msg/Int32,22152
1774016913.042828,/metrics/pcl/front/processing_ms,std_msgs/msg/Float32,119.27720642089844
1774016913.0547836,/metrics/pcl/left/detections_count,std_msgs/msg/Int32,28
1774016913.055,/metrics/pcl/left/points_in,std_msgs/msg/Int32,22152
1774016913.0551043,/metrics/pcl/left/processing_ms,std_msgs/msg/Float32,131.58480834960938
1774016913.0942824,/metrics/pcl/back/detections_count,std_msgs/msg/Int32,34
1774016913.0944607,/metrics/pcl/back/points_in,std_msgs/msg/Int32,22152
1774016913.0945897,/metrics/pcl/back/processing_ms,std_msgs/msg/Float32,94.64006805419922
1774016913.1000957,/metrics/pcl/right/detections_count,std_msgs/msg/Int32,28
1774016913.1001954,/metrics/pcl/right/points_in,std_msgs/msg/Int32,22152
1774016913.1002655,/metrics/pcl/right/processing_ms,std_msgs/msg/Float32,111.06035614013672
1774016913.1625874,/metrics/pcl/front/detections_count,std_msgs/msg/Int32,36
1774016913.1627243,/metrics/pcl/front/points_in,std_msgs/msg/Int32,22152
1774016913.1627963,/metrics/pcl/front/processing_ms,std_msgs/msg/Float32,119.6048812866211
1774016913.1821005,/metrics/pcl/left/detections_count,std_msgs/msg/Int32,34
1774016913.1822808,/metrics/pcl/left/points_in,std_msgs/msg/Int32,22152
1774016913.182383,/metrics/pcl/left/processing_ms,std_msgs/msg/Float32,126.78168487548828
1774016913.1839716,/metrics/pcl/back/detections_count,std_msgs/msg/Int32,39
1774016913.1840422,/metrics/pcl/back/points_in,std_msgs/msg/Int32,22152
1774016913.1841114,/metrics/pcl/back/processing_ms,std_msgs/msg/Float32,89.4808349609375
1774016913.2092915,/metrics/pcl/right/detections_count,std_msgs/msg/Int32,28
1774016913.209416,/metrics/pcl/right/points_in,std_msgs/msg/Int32,22152
1774016913.2094946,/metrics/pcl/right/processing_ms,std_msgs/msg/Float32,108.65179443359375
1774016913.2741258,/metrics/pcl/back/detections_count,std_msgs/msg/Int32,35
1774016913.2742856,/metrics/pcl/back/points_in,std_msgs/msg/Int32,22152
1774016913.274363,/metrics/pcl/back/processing_ms,std_msgs/msg/Float32,89.55278015136719
1774016913.2781909,/metrics/pcl/front/detections_count,std_msgs/msg/Int32,31
1774016913.2782872,/metrics/pcl/front/points_in,std_msgs/msg/Int32,22152
1774016913.278354,/metrics/pcl/front/processing_ms,std_msgs/msg/Float32,115.25895690917969
1774016913.3047132,/metrics/pcl/left/detections_count,std_msgs/msg/Int32,30
1774016913.3049712,/metrics/pcl/left/points_in,std_msgs/msg/Int32,22152
1774016913.3050737,/metrics/pcl/left/processing_ms,std_msgs/msg/Float32,122.18525695800781
1774016913.318642,/metrics/pcl/right/detections_count,std_msgs/msg/Int32,26
1774016913.3188572,/metrics/pcl/right/points_in,std_msgs/msg/Int32,22152
1774016913.319017,/metrics/pcl/right/processing_ms,std_msgs/msg/Float32,108.61566925048828
1774016913.365993,/metrics/pcl/back/detections_count,std_msgs/msg/Int32,36
1774016913.366116,/metrics/pcl/back/points_in,std_msgs/msg/Int32,22152
1774016913.366174,/metrics/pcl/back/processing_ms,std_msgs/msg/Float32,91.52732849121094
1774016913.3944356,/metrics/pcl/front/detections_count,std_msgs/msg/Int32,30
1774016913.394586,/metrics/pcl/front/points_in,std_msgs/msg/Int32,22152
1774016913.3946676,/metrics/pcl/front/processing_ms,std_msgs/msg/Float32,115.6845703125
1774016913.4290998,/metrics/pcl/right/detections_count,std_msgs/msg/Int32,28
1774016913.4292626,/metrics/pcl/right/points_in,std_msgs/msg/Int32,22152
1774016913.4293323,/metrics/pcl/right/processing_ms,std_msgs/msg/Float32,109.9968032836914
1774016913.4341018,/metrics/pcl/left/detections_count,std_msgs/msg/Int32,32
1774016913.4342184,/metrics/pcl/left/points_in,std_msgs/msg/Int32,22152
1774016913.434294,/metrics/pcl/left/processing_ms,std_msgs/msg/Float32,129.03746032714844
1774016913.4692364,/metrics/pcl/back/detections_count,std_msgs/msg/Int32,37
1774016913.4694853,/metrics/pcl/back/points_in,std_msgs/msg/Int32,22152
1774016913.4696183,/metrics/pcl/back/processing_ms,std_msgs/msg/Float32,98.9273910522461
1774016913.5132155,/metrics/pcl/front/detections_count,std_msgs/msg/Int32,30
1774016913.513405,/metrics/pcl/front/points_in,std_msgs/msg/Int32,22152
1774016913.5135286,/metrics/pcl/front/processing_ms,std_msgs/msg/Float32,118.28278350830078
1774016913.543153,/metrics/pcl/right/detections_count,std_msgs/msg/Int32,27
1774016913.543363,/metrics/pcl/right/points_in,std_msgs/msg/Int32,22152
1774016913.5434456,/metrics/pcl/right/processing_ms,std_msgs/msg/Float32,113.4843978881836
1774016913.5695112,/metrics/pcl/back/detections_count,std_msgs/msg/Int32,35
1774016913.5696733,/metrics/pcl/back/points_in,std_msgs/msg/Int32,22152
1774016913.569764,/metrics/pcl/back/processing_ms,std_msgs/msg/Float32,98.4967041015625
1774016913.5702043,/metrics/pcl/left/detections_count,std_msgs/msg/Int32,31
1774016913.5703,/metrics/pcl/left/points_in,std_msgs/msg/Int32,22152
1774016913.5703702,/metrics/pcl/left/processing_ms,std_msgs/msg/Float32,135.57701110839844
1774016913.6364079,/metrics/pcl/front/detections_count,std_msgs/msg/Int32,34
1774016913.636532,/metrics/pcl/front/points_in,std_msgs/msg/Int32,22152
1774016913.6365917,/metrics/pcl/front/processing_ms,std_msgs/msg/Float32,122.73078155517578
1774016913.6566055,/metrics/pcl/right/detections_count,std_msgs/msg/Int32,30
1774016913.6567624,/metrics/pcl/right/points_in,std_msgs/msg/Int32,22152
1774016913.6568618,/metrics/pcl/right/processing_ms,std_msgs/msg/Float32,113.04998779296875
1774016913.6688302,/metrics/pcl/back/detections_count,std_msgs/msg/Int32,37
1774016913.6689873,/metrics/pcl/back/points_in,std_msgs/msg/Int32,22152
1774016913.669051,/metrics/pcl/back/processing_ms,std_msgs/msg/Float32,98.94013977050781
1774016913.7061617,/metrics/pcl/left/detections_count,std_msgs/msg/Int32,31
1774016913.7063642,/metrics/pcl/left/points_in,std_msgs/msg/Int32,22152
1774016913.7065125,/metrics/pcl/left/processing_ms,std_msgs/msg/Float32,135.28457641601562
1774016913.757165,/metrics/pcl/front/detections_count,std_msgs/msg/Int32,33
1774016913.7573416,/metrics/pcl/front/points_in,std_msgs/msg/Int32,22152
1774016913.7574062,/metrics/pcl/front/processing_ms,std_msgs/msg/Float32,120.07426452636719
1774016913.7673097,/metrics/pcl/back/detections_count,std_msgs/msg/Int32,35
1774016913.7674372,/metrics/pcl/back/points_in,std_msgs/msg/Int32,22152
1774016913.767504,/metrics/pcl/back/processing_ms,std_msgs/msg/Float32,97.95097351074219
1774016913.771052,/metrics/pcl/right/detections_count,std_msgs/msg/Int32,32
1774016913.7712007,/metrics/pcl/right/points_in,std_msgs/msg/Int32,22152
1774016913.7712874,/metrics/pcl/right/processing_ms,std_msgs/msg/Float32,113.93513488769531
1774016913.8357744,/metrics/pcl/left/detections_count,std_msgs/msg/Int32,31
1774016913.8359373,/metrics/pcl/left/points_in,std_msgs/msg/Int32,22152
1774016913.8360074,/metrics/pcl/left/processing_ms,std_msgs/msg/Float32,129.2372283935547
1774016913.866883,/metrics/pcl/back/detections_count,std_msgs/msg/Int32,37
1774016913.867061,/metrics/pcl/back/points_in,std_msgs/msg/Int32,22152
1774016913.8671472,/metrics/pcl/back/processing_ms,std_msgs/msg/Float32,98.00566864013672
1774016913.8714938,/metrics/pcl/front/detections_count,std_msgs/msg/Int32,30
1774016913.8717802,/metrics/pcl/front/processing_ms,std_msgs/msg/Float32,113.58007049560547
1774016913.872376,/metrics/pcl/front/points_in,std_msgs/msg/Int32,22152
1774016913.8862195,/metrics/pcl/right/detections_count,std_msgs/msg/Int32,30
1774016913.88637,/metrics/pcl/right/points_in,std_msgs/msg/Int32,22152
1774016913.8864331,/metrics/pcl/right/processing_ms,std_msgs/msg/Float32,114.29949951171875
1774016913.9675512,/metrics/pcl/left/detections_count,std_msgs/msg/Int32,36
1774016913.9677043,/metrics/pcl/left/points_in,std_msgs/msg/Int32,22152
1774016913.9677732,/metrics/pcl/left/processing_ms,std_msgs/msg/Float32,130.95819091796875
1774016913.9714785,/metrics/pcl/back/detections_count,std_msgs/msg/Int32,38
1774016913.9716325,/metrics/pcl/back/points_in,std_msgs/msg/Int32,22152
1774016913.9717176,/metrics/pcl/back/processing_ms,std_msgs/msg/Float32,101.60844421386719
1774016913.9921598,/metrics/pcl/front/detections_count,std_msgs/msg/Int32,27
1774016913.992395,/metrics/pcl/front/points_in,std_msgs/msg/Int32,22152
1774016913.9924932,/metrics/pcl/front/processing_ms,std_msgs/msg/Float32,120.1239242553711
1774016914.000942,/metrics/pcl/right/detections_count,std_msgs/msg/Int32,33
1774016914.001118,/metrics/pcl/right/points_in,std_msgs/msg/Int32,22152
1774016914.001215,/metrics/pcl/right/processing_ms,std_msgs/msg/Float32,114.35391235351562
1774016914.0744035,/metrics/pcl/back/detections_count,std_msgs/msg/Int32,34
1774016914.0746205,/metrics/pcl/back/points_in,std_msgs/msg/Int32,22152
1774016914.0747187,/metrics/pcl/back/processing_ms,std_msgs/msg/Float32,102.5601806640625
1774016914.0998967,/metrics/pcl/left/detections_count,std_msgs/msg/Int32,30
1774016914.1000583,/metrics/pcl/left/points_in,std_msgs/msg/Int32,22152
1774016914.1001246,/metrics/pcl/left/processing_ms,std_msgs/msg/Float32,131.93663024902344
1774016914.1135375,/metrics/pcl/right/detections_count,std_msgs/msg/Int32,27
1774016914.1136763,/metrics/pcl/right/points_in,std_msgs/msg/Int32,22152
1774016914.1137457,/metrics/pcl/right/processing_ms,std_msgs/msg/Float32,112.11138153076172
1774016914.114822,/metrics/pcl/front/detections_count,std_msgs/msg/Int32,28
1774016914.1149123,/metrics/pcl/front/points_in,std_msgs/msg/Int32,22152
1774016914.1149855,/metrics/pcl/front/processing_ms,std_msgs/msg/Float32,122.36385345458984
1774016914.1717186,/metrics/pcl/back/detections_count,std_msgs/msg/Int32,35
1774016914.1718986,/metrics/pcl/back/points_in,std_msgs/msg/Int32,22152
1774016914.1720316,/metrics/pcl/back/processing_ms,std_msgs/msg/Float32,96.78575134277344
1774016914.221205,/metrics/pcl/right/detections_count,std_msgs/msg/Int32,30
1774016914.2213688,/metrics/pcl/right/points_in,std_msgs/msg/Int32,22152
1774016914.2214472,/metrics/pcl/right/processing_ms,std_msgs/msg/Float32,107.13655853271484
1774016914.2275395,/metrics/pcl/left/detections_count,std_msgs/msg/Int32,32
1774016914.2276707,/metrics/pcl/left/points_in,std_msgs/msg/Int32,22152
1774016914.227784,/metrics/pcl/left/processing_ms,std_msgs/msg/Float32,127.30074310302734
1774016914.2281504,/metrics/pcl/front/detections_count,std_msgs/msg/Int32,30
1774016914.2282164,/metrics/pcl/front/points_in,std_msgs/msg/Int32,22152
1774016914.2282705,/metrics/pcl/front/processing_ms,std_msgs/msg/Float32,112.65997314453125
1774016914.2657874,/metrics/pcl/back/detections_count,std_msgs/msg/Int32,32
1774016914.2659268,/metrics/pcl/back/points_in,std_msgs/msg/Int32,22152
1774016914.2660296,/metrics/pcl/back/processing_ms,std_msgs/msg/Float32,93.785400390625
1774016914.334474,/metrics/pcl/right/detections_count,std_msgs/msg/Int32,26
1774016914.3346593,/metrics/pcl/right/points_in,std_msgs/msg/Int32,22152
1774016914.3347623,/metrics/pcl/right/processing_ms,std_msgs/msg/Float32,112.85066223144531
1774016914.3438418,/metrics/pcl/front/detections_count,std_msgs/msg/Int32,32
1774016914.3440008,/metrics/pcl/front/points_in,std_msgs/msg/Int32,22152
1774016914.3440728,/metrics/pcl/front/processing_ms,std_msgs/msg/Float32,115.3019027709961
1774016914.3553548,/metrics/pcl/left/detections_count,std_msgs/msg/Int32,32
1774016914.3555052,/metrics/pcl/left/points_in,std_msgs/msg/Int32,22152
1774016914.355614,/metrics/pcl/left/processing_ms,std_msgs/msg/Float32,127.1210708618164
1774016914.3609743,/metrics/pcl/back/detections_count,std_msgs/msg/Int32,37
1774016914.3610897,/metrics/pcl/back/points_in,std_msgs/msg/Int32,22152
1774016914.3611937,/metrics/pcl/back/processing_ms,std_msgs/msg/Float32,92.83516693115234
1774016914.4494998,/metrics/pcl/right/detections_count,std_msgs/msg/Int32,28
1774016914.4496753,/metrics/pcl/right/points_in,std_msgs/msg/Int32,22152
1774016914.4497664,/metrics/pcl/right/processing_ms,std_msgs/msg/Float32,114.60784912109375
1774016914.4624703,/metrics/pcl/back/detections_count,std_msgs/msg/Int32,37
1774016914.4626226,/metrics/pcl/back/points_in,std_msgs/msg/Int32,22152
1774016914.4626846,/metrics/pcl/back/processing_ms,std_msgs/msg/Float32,93.3194808959961
1774016914.4641085,/metrics/pcl/front/detections_count,std_msgs/msg/Int32,30
1774016914.4641871,/metrics/pcl/front/points_in,std_msgs/msg/Int32,22152
1774016914.464247,/metrics/pcl/front/processing_ms,std_msgs/msg/Float32,119.85232543945312
1774016914.488599,/metrics/pcl/left/detections_count,std_msgs/msg/Int32,35
1774016914.4888577,/metrics/pcl/left/points_in,std_msgs/msg/Int32,22152
1774016914.4889588,/metrics/pcl/left/processing_ms,std_msgs/msg/Float32,132.69332885742188
1774016914.5625043,/metrics/pcl/right/detections_count,std_msgs/msg/Int32,29
1774016914.5626695,/metrics/pcl/right/points_in,std_msgs/msg/Int32,22152
1774016914.562758,/metrics/pcl/right/processing_ms,std_msgs/msg/Float32,112.57120513916016
1774016914.5642607,/metrics/pcl/back/detections_count,std_msgs/msg/Int32,32
1774016914.5643847,/metrics/pcl/back/points_in,std_msgs/msg/Int32,22152
1774016914.5644534,/metrics/pcl/back/processing_ms,std_msgs/msg/Float32,94.24996948242188
1774016914.5835154,/metrics/pcl/front/detections_count,std_msgs/msg/Int32,31
1774016914.5836515,/metrics/pcl/front/points_in,std_msgs/msg/Int32,22152
1774016914.5837278,/metrics/pcl/front/processing_ms,std_msgs/msg/Float32,118.69526672363281
1774016914.6278412,/metrics/pcl/left/detections_count,std_msgs/msg/Int32,35
1774016914.6280324,/metrics/pcl/left/points_in,std_msgs/msg/Int32,22152
1774016914.6281521,/metrics/pcl/left/processing_ms,std_msgs/msg/Float32,138.7017059326172
1774016914.6658223,/metrics/pcl/back/detections_count,std_msgs/msg/Int32,38
1774016914.6660438,/metrics/pcl/back/points_in,std_msgs/msg/Int32,22152
1774016914.6661365,/metrics/pcl/back/processing_ms,std_msgs/msg/Float32,95.02727508544922
1774016914.680342,/metrics/pcl/right/detections_count,std_msgs/msg/Int32,31
1774016914.6804833,/metrics/pcl/right/points_in,std_msgs/msg/Int32,22152
1774016914.6805456,/metrics/pcl/right/processing_ms,std_msgs/msg/Float32,117.37950134277344
1774016914.7026048,/metrics/pcl/front/detections_count,std_msgs/msg/Int32,32
1774016914.7027917,/metrics/pcl/front/points_in,std_msgs/msg/Int32,22152
1774016914.7028618,/metrics/pcl/front/processing_ms,std_msgs/msg/Float32,118.52762603759766
1774016914.7611978,/metrics/pcl/left/detections_count,std_msgs/msg/Int32,31
1774016914.7613676,/metrics/pcl/left/points_in,std_msgs/msg/Int32,22152
1774016914.7614322,/metrics/pcl/left/processing_ms,std_msgs/msg/Float32,132.92567443847656
1774016914.763736,/metrics/pcl/back/detections_count,std_msgs/msg/Int32,36
1774016914.7638352,/metrics/pcl/back/points_in,std_msgs/msg/Int32,22152
1774016914.763907,/metrics/pcl/back/processing_ms,std_msgs/msg/Float32,97.02526092529297
1774016914.7962196,/metrics/pcl/right/detections_count,std_msgs/msg/Int32,29
1774016914.7963572,/metrics/pcl/right/points_in,std_msgs/msg/Int32,22152
1774016914.7964277,/metrics/pcl/right/processing_ms,std_msgs/msg/Float32,115.41416931152344
1774016914.8204725,/metrics/pcl/front/detections_count,std_msgs/msg/Int32,28
1774016914.8208358,/metrics/pcl/front/points_in,std_msgs/msg/Int32,22152
1774016914.8209646,/metrics/pcl/front/processing_ms,std_msgs/msg/Float32,117.1568374633789
1774016914.8702197,/metrics/pcl/back/detections_count,std_msgs/msg/Int32,36
1774016914.8703563,/metrics/pcl/back/points_in,std_msgs/msg/Int32,22152
1774016914.870417,/metrics/pcl/back/processing_ms,std_msgs/msg/Float32,102.07662200927734
1774016914.8947358,/metrics/pcl/left/detections_count,std_msgs/msg/Int32,28
1774016914.894918,/metrics/pcl/left/points_in,std_msgs/msg/Int32,22152
1774016914.895033,/metrics/pcl/left/processing_ms,std_msgs/msg/Float32,132.91622924804688
1774016914.9126284,/metrics/pcl/right/detections_count,std_msgs/msg/Int32,33
1774016914.9127564,/metrics/pcl/right/points_in,std_msgs/msg/Int32,22152
1774016914.9128191,/metrics/pcl/right/processing_ms,std_msgs/msg/Float32,116.0526123046875
1774016914.9414845,/metrics/pcl/front/detections_count,std_msgs/msg/Int32,29
1774016914.9416292,/metrics/pcl/front/points_in,std_msgs/msg/Int32,22152
1774016914.941712,/metrics/pcl/front/processing_ms,std_msgs/msg/Float32,120.44522857666016
1774016914.9693596,/metrics/pcl/back/detections_count,std_msgs/msg/Int32,31
1774016914.9695024,/metrics/pcl/back/points_in,std_msgs/msg/Int32,22152
1774016914.969569,/metrics/pcl/back/processing_ms,std_msgs/msg/Float32,98.86203002929688
1774016915.0259879,/metrics/pcl/right/detections_count,std_msgs/msg/Int32,28
1774016915.026144,/metrics/pcl/right/points_in,std_msgs/msg/Int32,22152
1774016915.0262053,/metrics/pcl/right/processing_ms,std_msgs/msg/Float32,112.85657501220703
1774016915.0265763,/metrics/pcl/left/detections_count,std_msgs/msg/Int32,29
1774016915.0266542,/metrics/pcl/left/points_in,std_msgs/msg/Int32,22152
1774016915.0267062,/metrics/pcl/left/processing_ms,std_msgs/msg/Float32,131.6138153076172
1774016915.0647824,/metrics/pcl/front/detections_count,std_msgs/msg/Int32,32
1774016915.0649855,/metrics/pcl/front/points_in,std_msgs/msg/Int32,22152
1774016915.0650911,/metrics/pcl/front/processing_ms,std_msgs/msg/Float32,122.77388763427734
1774016915.0679283,/metrics/pcl/back/detections_count,std_msgs/msg/Int32,32
1774016915.0680356,/metrics/pcl/back/processing_ms,std_msgs/msg/Float32,98.32804107666016
1774016915.068347,/metrics/pcl/back/points_in,std_msgs/msg/Int32,22152
1774016915.137843,/metrics/pcl/right/detections_count,std_msgs/msg/Int32,27
1774016915.138041,/metrics/pcl/right/points_in,std_msgs/msg/Int32,22152
1774016915.1381264,/metrics/pcl/right/processing_ms,std_msgs/msg/Float32,111.29810333251953
1774016915.1595361,/metrics/pcl/left/detections_count,std_msgs/msg/Int32,29
1774016915.1596718,/metrics/pcl/left/points_in,std_msgs/msg/Int32,22152
1774016915.1597497,/metrics/pcl/left/processing_ms,std_msgs/msg/Float32,132.32289123535156
1774016915.1692321,/metrics/pcl/back/detections_count,std_msgs/msg/Int32,34
1774016915.1693943,/metrics/pcl/back/points_in,std_msgs/msg/Int32,22152
1774016915.1694863,/metrics/pcl/back/processing_ms,std_msgs/msg/Float32,98.76457214355469
1774016915.1781704,/metrics/pcl/front/detections_count,std_msgs/msg/Int32,27
1774016915.178316,/metrics/pcl/front/points_in,std_msgs/msg/Int32,22152
1774016915.178386,/metrics/pcl/front/processing_ms,std_msgs/msg/Float32,112.81168365478516
1774016915.2463388,/metrics/pcl/right/detections_count,std_msgs/msg/Int32,25
1774016915.246456,/metrics/pcl/right/points_in,std_msgs/msg/Int32,22152
1774016915.2465174,/metrics/pcl/right/processing_ms,std_msgs/msg/Float32,108.1915512084961
1774016915.265116,/metrics/pcl/back/detections_count,std_msgs/msg/Int32,33
1774016915.2652535,/metrics/pcl/back/points_in,std_msgs/msg/Int32,22152
1774016915.2653315,/metrics/pcl/back/processing_ms,std_msgs/msg/Float32,95.01496124267578
1774016915.2868552,/metrics/pcl/left/detections_count,std_msgs/msg/Int32,31
1774016915.2870197,/metrics/pcl/left/points_in,std_msgs/msg/Int32,22152
1774016915.2870896,/metrics/pcl/left/processing_ms,std_msgs/msg/Float32,126.82638549804688
1774016915.2877305,/metrics/pcl/front/detections_count,std_msgs/msg/Int32,31
1774016915.2878084,/metrics/pcl/front/points_in,std_msgs/msg/Int32,22152
1774016915.287883,/metrics/pcl/front/processing_ms,std_msgs/msg/Float32,109.1547622680664
1774016915.354568,/metrics/pcl/right/detections_count,std_msgs/msg/Int32,34
1774016915.3547695,/metrics/pcl/right/points_in,std_msgs/msg/Int32,22152
1774016915.3548906,/metrics/pcl/right/processing_ms,std_msgs/msg/Float32,107.45291137695312
1774016915.3586774,/metrics/pcl/back/detections_count,std_msgs/msg/Int32,32
1774016915.3587737,/metrics/pcl/back/points_in,std_msgs/msg/Int32,22152
1774016915.3588316,/metrics/pcl/back/processing_ms,std_msgs/msg/Float32,91.0083999633789
1774016915.399713,/metrics/pcl/front/detections_count,std_msgs/msg/Int32,28
1774016915.3998795,/metrics/pcl/front/points_in,std_msgs/msg/Int32,22152
1774016915.399975,/metrics/pcl/front/processing_ms,std_msgs/msg/Float32,111.47460174560547
1774016915.420269,/metrics/pcl/left/detections_count,std_msgs/msg/Int32,32
1774016915.4204466,/metrics/pcl/left/points_in,std_msgs/msg/Int32,22152
1774016915.4205563,/metrics/pcl/left/processing_ms,std_msgs/msg/Float32,132.82681274414062
1774016915.4619892,/metrics/pcl/back/detections_count,std_msgs/msg/Int32,34
1774016915.4620984,/metrics/pcl/back/points_in,std_msgs/msg/Int32,22152
1774016915.4621572,/metrics/pcl/back/processing_ms,std_msgs/msg/Float32,93.8820571899414
1774016915.466114,/metrics/pcl/right/detections_count,std_msgs/msg/Int32,26
1774016915.4662678,/metrics/pcl/right/points_in,std_msgs/msg/Int32,22152
1774016915.4663436,/metrics/pcl/right/processing_ms,std_msgs/msg/Float32,111.23395538330078
1774016915.5157294,/metrics/pcl/front/detections_count,std_msgs/msg/Int32,33
1774016915.515859,/metrics/pcl/front/points_in,std_msgs/msg/Int32,22152
1774016915.5159855,/metrics/pcl/front/processing_ms,std_msgs/msg/Float32,115.50670623779297
1774016915.5543404,/metrics/pcl/left/detections_count,std_msgs/msg/Int32,31
1774016915.5545626,/metrics/pcl/left/points_in,std_msgs/msg/Int32,22152
1774016915.5547235,/metrics/pcl/left/processing_ms,std_msgs/msg/Float32,133.57286071777344
1774016915.5608134,/metrics/pcl/back/detections_count,std_msgs/msg/Int32,33
1774016915.5609512,/metrics/pcl/back/points_in,std_msgs/msg/Int32,22152
1774016915.5610175,/metrics/pcl/back/processing_ms,std_msgs/msg/Float32,92.45536041259766
1774016915.5745316,/metrics/pcl/right/detections_count,std_msgs/msg/Int32,28
1774016915.5747151,/metrics/pcl/right/points_in,std_msgs/msg/Int32,22152
1774016915.5748098,/metrics/pcl/right/processing_ms,std_msgs/msg/Float32,107.87911224365234
1774016915.627814,/metrics/pcl/front/detections_count,std_msgs/msg/Int32,30
1774016915.6279478,/metrics/pcl/front/points_in,std_msgs/msg/Int32,22152
1774016915.628024,/metrics/pcl/front/processing_ms,std_msgs/msg/Float32,111.74280548095703
1774016915.6649065,/metrics/pcl/back/detections_count,std_msgs/msg/Int32,35
1774016915.6650634,/metrics/pcl/back/points_in,std_msgs/msg/Int32,22152
1774016915.6651626,/metrics/pcl/back/processing_ms,std_msgs/msg/Float32,95.6980209350586
1774016915.6849732,/metrics/pcl/left/detections_count,std_msgs/msg/Int32,33
1774016915.6850996,/metrics/pcl/left/points_in,std_msgs/msg/Int32,22152
1774016915.685164,/metrics/pcl/left/processing_ms,std_msgs/msg/Float32,130.24349975585938
1774016915.6861002,/metrics/pcl/right/detections_count,std_msgs/msg/Int32,27
1774016915.6862001,/metrics/pcl/right/points_in,std_msgs/msg/Int32,22152
1774016915.6862762,/metrics/pcl/right/processing_ms,std_msgs/msg/Float32,111.3717269897461
1774016915.7397065,/metrics/pcl/front/detections_count,std_msgs/msg/Int32,31
1774016915.7398582,/metrics/pcl/front/points_in,std_msgs/msg/Int32,22152
1774016915.7399461,/metrics/pcl/front/processing_ms,std_msgs/msg/Float32,111.40425109863281
1774016915.765108,/metrics/pcl/back/detections_count,std_msgs/msg/Int32,35
1774016915.7652729,/metrics/pcl/back/points_in,std_msgs/msg/Int32,22152
1774016915.7653568,/metrics/pcl/back/processing_ms,std_msgs/msg/Float32,95.01306915283203
1774016915.7962327,/metrics/pcl/right/detections_count,std_msgs/msg/Int32,26
1774016915.7963605,/metrics/pcl/right/points_in,std_msgs/msg/Int32,22152
1774016915.7964432,/metrics/pcl/right/processing_ms,std_msgs/msg/Float32,109.3888168334961
1774016915.8179023,/metrics/pcl/left/detections_count,std_msgs/msg/Int32,35
1774016915.8181205,/metrics/pcl/left/points_in,std_msgs/msg/Int32,22152
1774016915.8181994,/metrics/pcl/left/processing_ms,std_msgs/msg/Float32,132.2749481201172
1774016915.8552105,/metrics/pcl/front/detections_count,std_msgs/msg/Int32,35
1774016915.855425,/metrics/pcl/front/points_in,std_msgs/msg/Int32,22152
1774016915.8555472,/metrics/pcl/front/processing_ms,std_msgs/msg/Float32,114.90225219726562
1774016915.8655922,/metrics/pcl/back/detections_count,std_msgs/msg/Int32,30
1774016915.8657086,/metrics/pcl/back/points_in,std_msgs/msg/Int32,22152
1774016915.8657796,/metrics/pcl/back/processing_ms,std_msgs/msg/Float32,94.83096313476562
1774016915.909799,/metrics/pcl/right/detections_count,std_msgs/msg/Int32,26
1774016915.9099934,/metrics/pcl/right/points_in,std_msgs/msg/Int32,22152
1774016915.910109,/metrics/pcl/right/processing_ms,std_msgs/msg/Float32,113.09264373779297
1774016915.9492521,/metrics/pcl/left/detections_count,std_msgs/msg/Int32,30
1774016915.9494112,/metrics/pcl/left/points_in,std_msgs/msg/Int32,22152
1774016915.9495058,/metrics/pcl/left/processing_ms,std_msgs/msg/Float32,130.83091735839844
1774016915.9589741,/metrics/pcl/back/detections_count,std_msgs/msg/Int32,35
1774016915.95913,/metrics/pcl/back/points_in,std_msgs/msg/Int32,22152
1774016915.9592261,/metrics/pcl/back/processing_ms,std_msgs/msg/Float32,91.67597198486328
1774016915.9742281,/metrics/pcl/front/detections_count,std_msgs/msg/Int32,32
1774016915.9743674,/metrics/pcl/front/points_in,std_msgs/msg/Int32,22152
1774016915.9744468,/metrics/pcl/front/processing_ms,std_msgs/msg/Float32,118.56130981445312
1774016916.0194943,/metrics/pcl/right/detections_count,std_msgs/msg/Int32,29
1774016916.0196748,/metrics/pcl/right/points_in,std_msgs/msg/Int32,22152
1774016916.0197394,/metrics/pcl/right/processing_ms,std_msgs/msg/Float32,109.22933197021484
1774016916.0617115,/metrics/pcl/back/detections_count,std_msgs/msg/Int32,30
1774016916.06184,/metrics/pcl/back/points_in,std_msgs/msg/Int32,22152
1774016916.0619128,/metrics/pcl/back/processing_ms,std_msgs/msg/Float32,93.6610336303711
1774016916.0845873,/metrics/pcl/left/detections_count,std_msgs/msg/Int32,34
1774016916.0847383,/metrics/pcl/left/points_in,std_msgs/msg/Int32,22152
1774016916.0848274,/metrics/pcl/left/processing_ms,std_msgs/msg/Float32,134.7865447998047
1774016916.0896199,/metrics/pcl/front/detections_count,std_msgs/msg/Int32,33
1774016916.0898304,/metrics/pcl/front/points_in,std_msgs/msg/Int32,22152
1774016916.089995,/metrics/pcl/front/processing_ms,std_msgs/msg/Float32,114.58528900146484
1774016916.1275184,/metrics/pcl/right/detections_count,std_msgs/msg/Int32,28
1774016916.1276517,/metrics/pcl/right/points_in,std_msgs/msg/Int32,22152
1774016916.1277232,/metrics/pcl/right/processing_ms,std_msgs/msg/Float32,107.69495391845703
1774016916.1624641,/metrics/pcl/back/detections_count,std_msgs/msg/Int32,30
1774016916.1625705,/metrics/pcl/back/points_in,std_msgs/msg/Int32,22152
1774016916.1626267,/metrics/pcl/back/processing_ms,std_msgs/msg/Float32,93.34952545166016
1774016916.2043605,/metrics/pcl/front/detections_count,std_msgs/msg/Int32,32
1774016916.2044978,/metrics/pcl/front/points_in,std_msgs/msg/Int32,22152
1774016916.2045739,/metrics/pcl/front/processing_ms,std_msgs/msg/Float32,114.3709945678711
1774016916.216657,/metrics/pcl/left/detections_count,std_msgs/msg/Int32,28
1774016916.2167697,/metrics/pcl/left/points_in,std_msgs/msg/Int32,22152
1774016916.2168372,/metrics/pcl/left/processing_ms,std_msgs/msg/Float32,131.67835998535156
1774016916.2326055,/metrics/pcl/right/detections_count,std_msgs/msg/Int32,28
1774016916.2327538,/metrics/pcl/right/points_in,std_msgs/msg/Int32,22152
1774016916.232825,/metrics/pcl/right/processing_ms,std_msgs/msg/Float32,104.650634765625
1774016916.261504,/metrics/pcl/back/detections_count,std_msgs/msg/Int32,36
1774016916.2616491,/metrics/pcl/back/points_in,std_msgs/msg/Int32,22152
1774016916.261724,/metrics/pcl/back/processing_ms,std_msgs/msg/Float32,91.88880157470703
1774016916.318579,/metrics/pcl/front/detections_count,std_msgs/msg/Int32,30
1774016916.318771,/metrics/pcl/front/points_in,std_msgs/msg/Int32,22152
1774016916.3189013,/metrics/pcl/front/processing_ms,std_msgs/msg/Float32,113.66661834716797
1774016916.3395405,/metrics/pcl/right/detections_count,std_msgs/msg/Int32,27
1774016916.3398156,/metrics/pcl/right/points_in,std_msgs/msg/Int32,22152
1774016916.3399286,/metrics/pcl/right/processing_ms,std_msgs/msg/Float32,106.37460327148438
1774016916.347838,/metrics/pcl/left/detections_count,std_msgs/msg/Int32,33
1774016916.3480167,/metrics/pcl/left/points_in,std_msgs/msg/Int32,22152
1774016916.3480985,/metrics/pcl/left/processing_ms,std_msgs/msg/Float32,130.65045166015625
1774016916.3600154,/metrics/pcl/back/detections_count,std_msgs/msg/Int32,34
1774016916.360165,/metrics/pcl/back/points_in,std_msgs/msg/Int32,22152
1774016916.360247,/metrics/pcl/back/processing_ms,std_msgs/msg/Float32,90.54251098632812
1774016916.4350674,/metrics/pcl/front/detections_count,std_msgs/msg/Int32,28
1774016916.4351919,/metrics/pcl/front/points_in,std_msgs/msg/Int32,22152
1774016916.4352696,/metrics/pcl/front/processing_ms,std_msgs/msg/Float32,116.1736068725586
1774016916.4473455,/metrics/pcl/right/detections_count,std_msgs/msg/Int32,30
1774016916.447483,/metrics/pcl/right/points_in,std_msgs/msg/Int32,22152
1774016916.4475539,/metrics/pcl/right/processing_ms,std_msgs/msg/Float32,107.34003448486328
1774016916.4644923,/metrics/pcl/back/detections_count,std_msgs/msg/Int32,34
1774016916.4646106,/metrics/pcl/back/points_in,std_msgs/msg/Int32,22152
1774016916.4646795,/metrics/pcl/back/processing_ms,std_msgs/msg/Float32,93.86605834960938
1774016916.48289,/metrics/pcl/left/detections_count,std_msgs/msg/Int32,31
1774016916.483032,/metrics/pcl/left/points_in,std_msgs/msg/Int32,22152
1774016916.483104,/metrics/pcl/left/processing_ms,std_msgs/msg/Float32,134.54586791992188
1774016916.5551865,/metrics/pcl/front/detections_count,std_msgs/msg/Int32,28
1774016916.55548,/metrics/pcl/front/points_in,std_msgs/msg/Int32,22152
1774016916.5555897,/metrics/pcl/front/processing_ms,std_msgs/msg/Float32,119.31352233886719
1774016916.5586004,/metrics/pcl/back/detections_count,std_msgs/msg/Int32,33
1774016916.558759,/metrics/pcl/back/points_in,std_msgs/msg/Int32,22152
1774016916.5588431,/metrics/pcl/back/processing_ms,std_msgs/msg/Float32,91.60599517822266
1774016916.5594888,/metrics/pcl/right/detections_count,std_msgs/msg/Int32,26
1774016916.5595596,/metrics/pcl/right/points_in,std_msgs/msg/Int32,22152
1774016916.5596147,/metrics/pcl/right/processing_ms,std_msgs/msg/Float32,111.84465026855469
1774016916.6145678,/metrics/pcl/left/detections_count,std_msgs/msg/Int32,30
1774016916.6147292,/metrics/pcl/left/points_in,std_msgs/msg/Int32,22152
1774016916.6148062,/metrics/pcl/left/processing_ms,std_msgs/msg/Float32,131.20181274414062
1774016916.665147,/metrics/pcl/back/detections_count,std_msgs/msg/Int32,33
1774016916.6653154,/metrics/pcl/back/points_in,std_msgs/msg/Int32,22152
1774016916.6654205,/metrics/pcl/back/processing_ms,std_msgs/msg/Float32,97.01490020751953
1774016916.669292,/metrics/pcl/right/detections_count,std_msgs/msg/Int32,27
1774016916.6694376,/metrics/pcl/right/points_in,std_msgs/msg/Int32,22152
1774016916.6695008,/metrics/pcl/right/processing_ms,std_msgs/msg/Float32,109.28270721435547
1774016916.6702068,/metrics/pcl/front/detections_count,std_msgs/msg/Int32,27
1774016916.6702852,/metrics/pcl/front/points_in,std_msgs/msg/Int32,22152
1774016916.6703465,/metrics/pcl/front/processing_ms,std_msgs/msg/Float32,114.82545471191406
1774016916.7427163,/metrics/pcl/left/detections_count,std_msgs/msg/Int32,31
1774016916.742941,/metrics/pcl/left/points_in,std_msgs/msg/Int32,22152
1774016916.74304,/metrics/pcl/left/processing_ms,std_msgs/msg/Float32,127.5592041015625
1774016916.7610724,/metrics/pcl/back/detections_count,std_msgs/msg/Int32,35
1774016916.7612324,/metrics/pcl/back/points_in,std_msgs/msg/Int32,22152
1774016916.761327,/metrics/pcl/back/processing_ms,std_msgs/msg/Float32,92.2093734741211
1774016916.7771432,/metrics/pcl/right/detections_count,std_msgs/msg/Int32,25
1774016916.777308,/metrics/pcl/right/points_in,std_msgs/msg/Int32,22152
1774016916.7773702,/metrics/pcl/right/processing_ms,std_msgs/msg/Float32,107.36679077148438
1774016916.7884383,/metrics/pcl/front/detections_count,std_msgs/msg/Int32,29
1774016916.788612,/metrics/pcl/front/points_in,std_msgs/msg/Int32,22152
1774016916.7886903,/metrics/pcl/front/processing_ms,std_msgs/msg/Float32,117.5483627319336
1774016916.8610406,/metrics/pcl/back/detections_count,std_msgs/msg/Int32,34
1774016916.861194,/metrics/pcl/back/points_in,std_msgs/msg/Int32,22152
1774016916.8612611,/metrics/pcl/back/processing_ms,std_msgs/msg/Float32,91.61248779296875
1774016916.8781865,/metrics/pcl/left/detections_count,std_msgs/msg/Int32,36
1774016916.878336,/metrics/pcl/left/points_in,std_msgs/msg/Int32,22152
1774016916.8784025,/metrics/pcl/left/processing_ms,std_msgs/msg/Float32,135.0087890625
1774016916.8864949,/metrics/pcl/right/detections_count,std_msgs/msg/Int32,29
1774016916.886649,/metrics/pcl/right/points_in,std_msgs/msg/Int32,22152
1774016916.8867183,/metrics/pcl/right/processing_ms,std_msgs/msg/Float32,108.84174346923828
1774016916.9081373,/metrics/pcl/front/detections_count,std_msgs/msg/Int32,27
1774016916.9083638,/metrics/pcl/front/points_in,std_msgs/msg/Int32,22152
1774016916.908479,/metrics/pcl/front/processing_ms,std_msgs/msg/Float32,118.82015991210938
1774016916.9639025,/metrics/pcl/back/detections_count,std_msgs/msg/Int32,34
1774016916.964055,/metrics/pcl/back/points_in,std_msgs/msg/Int32,22152
1774016916.9641209,/metrics/pcl/back/processing_ms,std_msgs/msg/Float32,92.9718017578125
1774016916.9964283,/metrics/pcl/right/detections_count,std_msgs/msg/Int32,29
1774016916.9966085,/metrics/pcl/right/points_in,std_msgs/msg/Int32,22152
1774016916.996724,/metrics/pcl/right/processing_ms,std_msgs/msg/Float32,109.48931121826172
1774016917.0110793,/metrics/pcl/left/detections_count,std_msgs/msg/Int32,32
1774016917.0112762,/metrics/pcl/left/points_in,std_msgs/msg/Int32,22152
1774016917.0113502,/metrics/pcl/left/processing_ms,std_msgs/msg/Float32,132.26968383789062
1774016917.0254774,/metrics/pcl/front/detections_count,std_msgs/msg/Int32,25
1774016917.0256312,/metrics/pcl/front/points_in,std_msgs/msg/Int32,22152
1774016917.0257173,/metrics/pcl/front/processing_ms,std_msgs/msg/Float32,117.03379821777344
1774016917.0593953,/metrics/pcl/back/detections_count,std_msgs/msg/Int32,33
1774016917.059563,/metrics/pcl/back/points_in,std_msgs/msg/Int32,22152
1774016917.0596402,/metrics/pcl/back/processing_ms,std_msgs/msg/Float32,92.33251190185547
1774016917.1077135,/metrics/pcl/right/detections_count,std_msgs/msg/Int32,33
1774016917.1080198,/metrics/pcl/right/points_in,std_msgs/msg/Int32,22152
1774016917.1081786,/metrics/pcl/right/processing_ms,std_msgs/msg/Float32,110.72455596923828
1774016917.1411152,/metrics/pcl/front/detections_count,std_msgs/msg/Int32,30
1774016917.1412532,/metrics/pcl/front/points_in,std_msgs/msg/Int32,22152
1774016917.1413188,/metrics/pcl/front/processing_ms,std_msgs/msg/Float32,115.1148910522461
1774016917.1448054,/metrics/pcl/left/detections_count,std_msgs/msg/Int32,36
1774016917.1449153,/metrics/pcl/left/points_in,std_msgs/msg/Int32,22152
1774016917.1449895,/metrics/pcl/left/processing_ms,std_msgs/msg/Float32,133.37933349609375
1774016917.1616662,/metrics/pcl/back/detections_count,std_msgs/msg/Int32,33
1774016917.1618435,/metrics/pcl/back/points_in,std_msgs/msg/Int32,22152
1774016917.1619558,/metrics/pcl/back/processing_ms,std_msgs/msg/Float32,93.16815185546875
1774016917.2177994,/metrics/pcl/right/detections_count,std_msgs/msg/Int32,30
1774016917.2179828,/metrics/pcl/right/points_in,std_msgs/msg/Int32,22152
1774016917.2180727,/metrics/pcl/right/processing_ms,std_msgs/msg/Float32,109.55120849609375
1774016917.2509954,/metrics/pcl/front/detections_count,std_msgs/msg/Int32,26
1774016917.2512078,/metrics/pcl/front/points_in,std_msgs/msg/Int32,22152
1774016917.2513022,/metrics/pcl/front/processing_ms,std_msgs/msg/Float32,109.25304412841797
1774016917.2596192,/metrics/pcl/back/detections_count,std_msgs/msg/Int32,38
1774016917.2597663,/metrics/pcl/back/points_in,std_msgs/msg/Int32,22152
1774016917.2598355,/metrics/pcl/back/processing_ms,std_msgs/msg/Float32,91.72514343261719
1774016917.272904,/metrics/pcl/left/detections_count,std_msgs/msg/Int32,29
1774016917.273077,/metrics/pcl/left/points_in,std_msgs/msg/Int32,22152
1774016917.273167,/metrics/pcl/left/processing_ms,std_msgs/msg/Float32,127.46363830566406
1774016917.327818,/metrics/pcl/right/detections_count,std_msgs/msg/Int32,27
1774016917.3279908,/metrics/pcl/right/points_in,std_msgs/msg/Int32,22152
1774016917.3280668,/metrics/pcl/right/processing_ms,std_msgs/msg/Float32,109.67274475097656
1774016917.3668156,/metrics/pcl/back/detections_count,std_msgs/msg/Int32,32
1774016917.3669496,/metrics/pcl/back/points_in,std_msgs/msg/Int32,22152
1774016917.3670177,/metrics/pcl/back/processing_ms,std_msgs/msg/Float32,98.00364685058594
1774016917.3751404,/metrics/pcl/front/detections_count,std_msgs/msg/Int32,29
1774016917.375342,/metrics/pcl/front/points_in,std_msgs/msg/Int32,22152
1774016917.3754363,/metrics/pcl/front/processing_ms,std_msgs/msg/Float32,123.33907318115234
1774016917.4038587,/metrics/pcl/left/detections_count,std_msgs/msg/Int32,33
1774016917.4040635,/metrics/pcl/left/points_in,std_msgs/msg/Int32,22152
1774016917.4041703,/metrics/pcl/left/processing_ms,std_msgs/msg/Float32,130.34100341796875
1774016917.4446409,/metrics/pcl/right/detections_count,std_msgs/msg/Int32,27
1774016917.4448485,/metrics/pcl/right/points_in,std_msgs/msg/Int32,22152
1774016917.4449582,/metrics/pcl/right/processing_ms,std_msgs/msg/Float32,116.22130584716797
1774016917.4681716,/metrics/pcl/back/detections_count,std_msgs/msg/Int32,38
1774016917.4683368,/metrics/pcl/back/points_in,std_msgs/msg/Int32,22152
1774016917.4684358,/metrics/pcl/back/processing_ms,std_msgs/msg/Float32,98.18705749511719
1774016917.4950793,/metrics/pcl/front/detections_count,std_msgs/msg/Int32,30
1774016917.495227,/metrics/pcl/front/points_in,std_msgs/msg/Int32,22152
1774016917.4953215,/metrics/pcl/front/processing_ms,std_msgs/msg/Float32,119.49436950683594
1774016917.5340207,/metrics/pcl/left/detections_count,std_msgs/msg/Int32,32
1774016917.5341876,/metrics/pcl/left/points_in,std_msgs/msg/Int32,22152
1774016917.5342817,/metrics/pcl/left/processing_ms,std_msgs/msg/Float32,129.7141571044922
1774016917.5595431,/metrics/pcl/right/detections_count,std_msgs/msg/Int32,23
1774016917.5597138,/metrics/pcl/right/points_in,std_msgs/msg/Int32,22152
1774016917.5597985,/metrics/pcl/right/processing_ms,std_msgs/msg/Float32,114.30764770507812
1774016917.567994,/metrics/pcl/back/detections_count,std_msgs/msg/Int32,31
1774016917.5681746,/metrics/pcl/back/points_in,std_msgs/msg/Int32,22152
1774016917.5682704,/metrics/pcl/back/processing_ms,std_msgs/msg/Float32,97.72627258300781
1774016917.6157062,/metrics/pcl/front/detections_count,std_msgs/msg/Int32,29
1774016917.615861,/metrics/pcl/front/points_in,std_msgs/msg/Int32,22152
1774016917.615963,/metrics/pcl/front/processing_ms,std_msgs/msg/Float32,119.80606079101562
1774016917.6658452,/metrics/pcl/left/detections_count,std_msgs/msg/Int32,31
1774016917.666042,/metrics/pcl/left/points_in,std_msgs/msg/Int32,22152
1774016917.6661632,/metrics/pcl/left/processing_ms,std_msgs/msg/Float32,131.38433837890625
1774016917.671761,/metrics/pcl/back/detections_count,std_msgs/msg/Int32,33
1774016917.6720262,/metrics/pcl/back/points_in,std_msgs/msg/Int32,22152
1774016917.6721363,/metrics/pcl/back/processing_ms,std_msgs/msg/Float32,103.1021957397461
1774016917.6755366,/metrics/pcl/right/detections_count,std_msgs/msg/Int32,27
1774016917.6757193,/metrics/pcl/right/points_in,std_msgs/msg/Int32,22152
1774016917.6758204,/metrics/pcl/right/processing_ms,std_msgs/msg/Float32,115.6539535522461
1774016917.7386944,/metrics/pcl/front/detections_count,std_msgs/msg/Int32,29
1774016917.7389205,/metrics/pcl/front/points_in,std_msgs/msg/Int32,22152
1774016917.7390296,/metrics/pcl/front/processing_ms,std_msgs/msg/Float32,122.27430725097656
1774016917.7694016,/metrics/pcl/back/detections_count,std_msgs/msg/Int32,34
1774016917.7695584,/metrics/pcl/back/points_in,std_msgs/msg/Int32,22152
1774016917.7696617,/metrics/pcl/back/processing_ms,std_msgs/msg/Float32,97.20679473876953
1774016917.7912447,/metrics/pcl/right/detections_count,std_msgs/msg/Int32,26
1774016917.7914944,/metrics/pcl/right/points_in,std_msgs/msg/Int32,22152
1774016917.7915878,/metrics/pcl/right/processing_ms,std_msgs/msg/Float32,114.87667083740234
1774016917.7975411,/metrics/pcl/left/detections_count,std_msgs/msg/Int32,29
1774016917.797674,/metrics/pcl/left/points_in,std_msgs/msg/Int32,22152
1774016917.7977488,/metrics/pcl/left/processing_ms,std_msgs/msg/Float32,131.10781860351562
1774016917.8553114,/metrics/pcl/front/detections_count,std_msgs/msg/Int32,24
1774016917.8554902,/metrics/pcl/front/points_in,std_msgs/msg/Int32,22152
1774016917.8555965,/metrics/pcl/front/processing_ms,std_msgs/msg/Float32,116.0277099609375
1774016917.8694446,/metrics/pcl/back/detections_count,std_msgs/msg/Int32,38
1774016917.8696313,/metrics/pcl/back/points_in,std_msgs/msg/Int32,22152
1774016917.8697283,/metrics/pcl/back/processing_ms,std_msgs/msg/Float32,99.5132064819336
1774016917.903911,/metrics/pcl/right/detections_count,std_msgs/msg/Int32,30
1774016917.904096,/metrics/pcl/right/points_in,std_msgs/msg/Int32,22152
1774016917.9041781,/metrics/pcl/right/processing_ms,std_msgs/msg/Float32,112.17893981933594
1774016917.9265792,/metrics/pcl/left/detections_count,std_msgs/msg/Int32,32
1774016917.926743,/metrics/pcl/left/points_in,std_msgs/msg/Int32,22152
1774016917.926835,/metrics/pcl/left/processing_ms,std_msgs/msg/Float32,128.49644470214844
1774016917.968322,/metrics/pcl/back/detections_count,std_msgs/msg/Int32,34
1774016917.96849,/metrics/pcl/back/points_in,std_msgs/msg/Int32,22152
1774016917.968594,/metrics/pcl/back/processing_ms,std_msgs/msg/Float32,98.39331817626953
1774016917.9744027,/metrics/pcl/front/detections_count,std_msgs/msg/Int32,27
1774016917.9745972,/metrics/pcl/front/points_in,std_msgs/msg/Int32,22152
1774016917.9747386,/metrics/pcl/front/processing_ms,std_msgs/msg/Float32,118.51254272460938
1774016918.0225275,/metrics/pcl/right/detections_count,std_msgs/msg/Int32,29
1774016918.022732,/metrics/pcl/right/points_in,std_msgs/msg/Int32,22152
1774016918.022819,/metrics/pcl/right/processing_ms,std_msgs/msg/Float32,118.16496276855469
1774016918.0588202,/metrics/pcl/left/detections_count,std_msgs/msg/Int32,37
1774016918.0590272,/metrics/pcl/left/points_in,std_msgs/msg/Int32,22152
1774016918.059125,/metrics/pcl/left/processing_ms,std_msgs/msg/Float32,131.5560760498047
1774016918.069854,/metrics/pcl/back/detections_count,std_msgs/msg/Int32,32
1774016918.07007,/metrics/pcl/back/points_in,std_msgs/msg/Int32,22152
1774016918.070147,/metrics/pcl/back/processing_ms,std_msgs/msg/Float32,99.73773956298828
1774016918.095158,/metrics/pcl/front/detections_count,std_msgs/msg/Int32,25
1774016918.0952933,/metrics/pcl/front/points_in,std_msgs/msg/Int32,22152
1774016918.09536,/metrics/pcl/front/processing_ms,std_msgs/msg/Float32,120.31831359863281
1774016918.1361153,/metrics/pcl/right/detections_count,std_msgs/msg/Int32,29
1774016918.1362338,/metrics/pcl/right/points_in,std_msgs/msg/Int32,22152
1774016918.136289,/metrics/pcl/right/processing_ms,std_msgs/msg/Float32,113.13904571533203
1774016918.1625328,/metrics/pcl/back/detections_count,std_msgs/msg/Int32,35
1774016918.162694,/metrics/pcl/back/points_in,std_msgs/msg/Int32,22152
1774016918.162805,/metrics/pcl/back/processing_ms,std_msgs/msg/Float32,92.17174530029297
1774016918.1858857,/metrics/pcl/left/detections_count,std_msgs/msg/Int32,30
1774016918.1860394,/metrics/pcl/left/points_in,std_msgs/msg/Int32,22152
1774016918.1861024,/metrics/pcl/left/processing_ms,std_msgs/msg/Float32,126.39525604248047
1774016918.2075047,/metrics/pcl/front/detections_count,std_msgs/msg/Int32,29
1774016918.2076983,/metrics/pcl/front/points_in,std_msgs/msg/Int32,22152
1774016918.2077713,/metrics/pcl/front/processing_ms,std_msgs/msg/Float32,111.7647476196289
1774016918.2447772,/metrics/pcl/right/detections_count,std_msgs/msg/Int32,23
1774016918.2449312,/metrics/pcl/right/points_in,std_msgs/msg/Int32,22152
1774016918.2449954,/metrics/pcl/right/processing_ms,std_msgs/msg/Float32,108.2820053100586
1774016918.2609456,/metrics/pcl/back/detections_count,std_msgs/msg/Int32,37
1774016918.2611108,/metrics/pcl/back/points_in,std_msgs/msg/Int32,22152
1774016918.2611873,/metrics/pcl/back/processing_ms,std_msgs/msg/Float32,94.29338836669922
1774016918.3144722,/metrics/pcl/left/detections_count,std_msgs/msg/Int32,36
1774016918.31459,/metrics/pcl/left/points_in,std_msgs/msg/Int32,22152
1774016918.3146486,/metrics/pcl/left/processing_ms,std_msgs/msg/Float32,128.12332153320312
1774016918.3191254,/metrics/pcl/front/detections_count,std_msgs/msg/Int32,25
1774016918.3192322,/metrics/pcl/front/points_in,std_msgs/msg/Int32,22152
1774016918.3192966,/metrics/pcl/front/processing_ms,std_msgs/msg/Float32,111.21578979492188
1774016918.3502657,/metrics/pcl/right/detections_count,std_msgs/msg/Int32,28
1774016918.3504112,/metrics/pcl/right/points_in,std_msgs/msg/Int32,22152
1774016918.3504727,/metrics/pcl/right/processing_ms,std_msgs/msg/Float32,105.05066680908203
1774016918.3662598,/metrics/pcl/back/detections_count,std_msgs/msg/Int32,35
1774016918.3664012,/metrics/pcl/back/points_in,std_msgs/msg/Int32,22152
1774016918.366494,/metrics/pcl/back/processing_ms,std_msgs/msg/Float32,98.32899475097656
1774016918.4418256,/metrics/pcl/front/detections_count,std_msgs/msg/Int32,27
1774016918.4420633,/metrics/pcl/front/points_in,std_msgs/msg/Int32,22152
1774016918.4421427,/metrics/pcl/front/processing_ms,std_msgs/msg/Float32,122.0910415649414
1774016918.4427803,/metrics/pcl/left/detections_count,std_msgs/msg/Int32,33
1774016918.44286,/metrics/pcl/left/points_in,std_msgs/msg/Int32,22152
1774016918.4429793,/metrics/pcl/left/processing_ms,std_msgs/msg/Float32,127.86394500732422
1774016918.4583216,/metrics/pcl/right/detections_count,std_msgs/msg/Int32,27
1774016918.458525,/metrics/pcl/right/points_in,std_msgs/msg/Int32,22152
1774016918.4586346,/metrics/pcl/right/processing_ms,std_msgs/msg/Float32,107.43385314941406
1774016918.4724493,/metrics/pcl/back/detections_count,std_msgs/msg/Int32,35
1774016918.4726539,/metrics/pcl/back/points_in,std_msgs/msg/Int32,22152
1774016918.472747,/metrics/pcl/back/processing_ms,std_msgs/msg/Float32,104.30281066894531
1774016918.5600853,/metrics/pcl/front/detections_count,std_msgs/msg/Int32,25
1774016918.560248,/metrics/pcl/front/points_in,std_msgs/msg/Int32,22152
1774016918.5603437,/metrics/pcl/front/processing_ms,std_msgs/msg/Float32,117.826171875
1774016918.5680697,/metrics/pcl/right/detections_count,std_msgs/msg/Int32,26
1774016918.5682707,/metrics/pcl/right/points_in,std_msgs/msg/Int32,22152
1774016918.568445,/metrics/pcl/right/processing_ms,std_msgs/msg/Float32,109.20156860351562
1774016918.5756857,/metrics/pcl/back/detections_count,std_msgs/msg/Int32,35
1774016918.575885,/metrics/pcl/back/points_in,std_msgs/msg/Int32,22152
1774016918.575976,/metrics/pcl/back/processing_ms,std_msgs/msg/Float32,102.28606414794922
1774016918.57639,/metrics/pcl/left/detections_count,std_msgs/msg/Int32,35
1774016918.5765197,/metrics/pcl/left/points_in,std_msgs/msg/Int32,22152
1774016918.5765946,/metrics/pcl/left/processing_ms,std_msgs/msg/Float32,132.7141571044922
1774016918.6785576,/metrics/pcl/back/detections_count,std_msgs/msg/Int32,38
1774016918.6786995,/metrics/pcl/back/points_in,std_msgs/msg/Int32,22152
1774016918.678773,/metrics/pcl/back/processing_ms,std_msgs/msg/Float32,102.42367553710938
1774016918.6788483,/metrics/pcl/right/detections_count,std_msgs/msg/Int32,30
1774016918.6789575,/metrics/pcl/right/points_in,std_msgs/msg/Int32,22152
1774016918.6790273,/metrics/pcl/right/processing_ms,std_msgs/msg/Float32,110.07501220703125
1774016918.683049,/metrics/pcl/front/detections_count,std_msgs/msg/Int32,24
1774016918.6831598,/metrics/pcl/front/points_in,std_msgs/msg/Int32,22152
1774016918.6832333,/metrics/pcl/front/processing_ms,std_msgs/msg/Float32,122.63548278808594
1774016918.707591,/metrics/pcl/left/detections_count,std_msgs/msg/Int32,29
1774016918.7077732,/metrics/pcl/left/points_in,std_msgs/msg/Int32,22152
1774016918.7078466,/metrics/pcl/left/processing_ms,std_msgs/msg/Float32,130.75042724609375
1774016918.7825305,/metrics/pcl/back/detections_count,std_msgs/msg/Int32,37
1774016918.7826796,/metrics/pcl/back/points_in,std_msgs/msg/Int32,22152
1774016918.782739,/metrics/pcl/back/processing_ms,std_msgs/msg/Float32,103.54354095458984
1774016918.7928984,/metrics/pcl/right/detections_count,std_msgs/msg/Int32,31
1774016918.793084,/metrics/pcl/right/points_in,std_msgs/msg/Int32,22152
1774016918.7931678,/metrics/pcl/right/processing_ms,std_msgs/msg/Float32,113.87920379638672
1774016918.8074458,/metrics/pcl/front/detections_count,std_msgs/msg/Int32,25
1774016918.807627,/metrics/pcl/front/points_in,std_msgs/msg/Int32,22152
1774016918.8077247,/metrics/pcl/front/processing_ms,std_msgs/msg/Float32,123.74427032470703
1774016918.8398159,/metrics/pcl/left/detections_count,std_msgs/msg/Int32,27
1774016918.8400216,/metrics/pcl/left/points_in,std_msgs/msg/Int32,22152
1774016918.8400974,/metrics/pcl/left/processing_ms,std_msgs/msg/Float32,131.62274169921875
1774016918.8839931,/metrics/pcl/back/detections_count,std_msgs/msg/Int32,33
1774016918.8841302,/metrics/pcl/back/points_in,std_msgs/msg/Int32,22152
1774016918.8842037,/metrics/pcl/back/processing_ms,std_msgs/msg/Float32,101.0372314453125
1774016918.9103892,/metrics/pcl/right/detections_count,std_msgs/msg/Int32,25
1774016918.910544,/metrics/pcl/right/points_in,std_msgs/msg/Int32,22152
1774016918.9106116,/metrics/pcl/right/processing_ms,std_msgs/msg/Float32,117.06441497802734
1774016918.929759,/metrics/pcl/front/detections_count,std_msgs/msg/Int32,24
1774016918.9299347,/metrics/pcl/front/points_in,std_msgs/msg/Int32,22152
1774016918.9300199,/metrics/pcl/front/processing_ms,std_msgs/msg/Float32,121.83207702636719
1774016918.9767432,/metrics/pcl/left/detections_count,std_msgs/msg/Int32,31
1774016918.9769013,/metrics/pcl/left/points_in,std_msgs/msg/Int32,22152
1774016918.976963,/metrics/pcl/left/processing_ms,std_msgs/msg/Float32,136.55239868164062
1774016918.9841065,/metrics/pcl/back/detections_count,std_msgs/msg/Int32,37
1774016918.984289,/metrics/pcl/back/points_in,std_msgs/msg/Int32,22152
1774016918.984407,/metrics/pcl/back/processing_ms,std_msgs/msg/Float32,99.6599349975586
1774016919.0226312,/metrics/pcl/right/detections_count,std_msgs/msg/Int32,25
1774016919.0228348,/metrics/pcl/right/points_in,std_msgs/msg/Int32,22152
1774016919.0229466,/metrics/pcl/right/processing_ms,std_msgs/msg/Float32,111.51766967773438
1774016919.0483015,/metrics/pcl/front/detections_count,std_msgs/msg/Int32,27
1774016919.0484915,/metrics/pcl/front/points_in,std_msgs/msg/Int32,22152
1774016919.0486183,/metrics/pcl/front/processing_ms,std_msgs/msg/Float32,117.97478485107422
1774016919.083049,/metrics/pcl/back/detections_count,std_msgs/msg/Int32,36
1774016919.0832026,/metrics/pcl/back/points_in,std_msgs/msg/Int32,22152
1774016919.0832727,/metrics/pcl/back/processing_ms,std_msgs/msg/Float32,98.39170837402344
1774016919.1146362,/metrics/pcl/left/detections_count,std_msgs/msg/Int32,30
1774016919.1147957,/metrics/pcl/left/points_in,std_msgs/msg/Int32,22152
1774016919.114889,/metrics/pcl/left/processing_ms,std_msgs/msg/Float32,137.33187866210938
1774016919.137047,/metrics/pcl/right/detections_count,std_msgs/msg/Int32,31
1774016919.137217,/metrics/pcl/right/points_in,std_msgs/msg/Int32,22152
1774016919.1373174,/metrics/pcl/right/processing_ms,std_msgs/msg/Float32,114.04489135742188
1774016919.1681042,/metrics/pcl/front/detections_count,std_msgs/msg/Int32,27
1774016919.1682677,/metrics/pcl/front/points_in,std_msgs/msg/Int32,22152
1774016919.1683552,/metrics/pcl/front/processing_ms,std_msgs/msg/Float32,119.30554962158203
1774016919.1778555,/metrics/pcl/back/detections_count,std_msgs/msg/Int32,36
1774016919.1780422,/metrics/pcl/back/points_in,std_msgs/msg/Int32,22152
1774016919.1781473,/metrics/pcl/back/processing_ms,std_msgs/msg/Float32,94.44510650634766
1774016919.2475173,/metrics/pcl/right/detections_count,std_msgs/msg/Int32,27
1774016919.2476408,/metrics/pcl/right/points_in,std_msgs/msg/Int32,22152
1774016919.2477043,/metrics/pcl/right/processing_ms,std_msgs/msg/Float32,110.05940246582031
1774016919.2503405,/metrics/pcl/left/detections_count,std_msgs/msg/Int32,35
1774016919.2504206,/metrics/pcl/left/points_in,std_msgs/msg/Int32,22152
1774016919.2504776,/metrics/pcl/left/processing_ms,std_msgs/msg/Float32,135.46517944335938
1774016919.2728996,/metrics/pcl/back/detections_count,std_msgs/msg/Int32,34
1774016919.2730327,/metrics/pcl/back/points_in,std_msgs/msg/Int32,22152
1774016919.2731028,/metrics/pcl/back/processing_ms,std_msgs/msg/Float32,94.60042572021484
1774016919.2893627,/metrics/pcl/front/detections_count,std_msgs/msg/Int32,29
1774016919.289605,/metrics/pcl/front/points_in,std_msgs/msg/Int32,22152
1774016919.2897165,/metrics/pcl/front/processing_ms,std_msgs/msg/Float32,120.81179809570312
1774016919.3568594,/metrics/pcl/right/detections_count,std_msgs/msg/Int32,27
1774016919.3570735,/metrics/pcl/right/points_in,std_msgs/msg/Int32,22152
1774016919.3571672,/metrics/pcl/right/processing_ms,std_msgs/msg/Float32,108.8019027709961
1774016919.3666997,/metrics/pcl/back/detections_count,std_msgs/msg/Int32,33
1774016919.366845,/metrics/pcl/back/points_in,std_msgs/msg/Int32,22152
1774016919.3669357,/metrics/pcl/back/processing_ms,std_msgs/msg/Float32,93.34314727783203
1774016919.3844738,/metrics/pcl/left/detections_count,std_msgs/msg/Int32,29
1774016919.3846273,/metrics/pcl/left/points_in,std_msgs/msg/Int32,22152
1774016919.3847225,/metrics/pcl/left/processing_ms,std_msgs/msg/Float32,133.5099639892578
1774016919.4117377,/metrics/pcl/front/detections_count,std_msgs/msg/Int32,29
1774016919.4119477,/metrics/pcl/front/points_in,std_msgs/msg/Int32,22152
1774016919.4120488,/metrics/pcl/front/processing_ms,std_msgs/msg/Float32,121.64094543457031
1774016919.4661481,/metrics/pcl/back/detections_count,std_msgs/msg/Int32,35
1774016919.4662783,/metrics/pcl/back/points_in,std_msgs/msg/Int32,22152
1774016919.4663508,/metrics/pcl/back/processing_ms,std_msgs/msg/Float32,98.11940002441406
1774016919.469568,/metrics/pcl/right/detections_count,std_msgs/msg/Int32,28
1774016919.4696991,/metrics/pcl/right/points_in,std_msgs/msg/Int32,22152
1774016919.4697788,/metrics/pcl/right/processing_ms,std_msgs/msg/Float32,112.29629516601562
1774016919.5142586,/metrics/pcl/left/detections_count,std_msgs/msg/Int32,29
1774016919.5144334,/metrics/pcl/left/points_in,std_msgs/msg/Int32,22152
1774016919.5145671,/metrics/pcl/left/processing_ms,std_msgs/msg/Float32,129.2128448486328
1774016919.5294757,/metrics/pcl/front/detections_count,std_msgs/msg/Int32,30
1774016919.5296147,/metrics/pcl/front/points_in,std_msgs/msg/Int32,22152
1774016919.5296972,/metrics/pcl/front/processing_ms,std_msgs/msg/Float32,117.35774993896484
1774016919.562862,/metrics/pcl/back/detections_count,std_msgs/msg/Int32,35
1774016919.5630167,/metrics/pcl/back/points_in,std_msgs/msg/Int32,22152
1774016919.5630949,/metrics/pcl/back/processing_ms,std_msgs/msg/Float32,94.65352630615234
1774016919.5869982,/metrics/pcl/right/detections_count,std_msgs/msg/Int32,26
1774016919.5872266,/metrics/pcl/right/points_in,std_msgs/msg/Int32,22152
1774016919.5873058,/metrics/pcl/right/processing_ms,std_msgs/msg/Float32,116.71418762207031
1774016919.6461658,/metrics/pcl/front/detections_count,std_msgs/msg/Int32,26
1774016919.6462953,/metrics/pcl/front/points_in,std_msgs/msg/Int32,22152
1774016919.6463685,/metrics/pcl/front/processing_ms,std_msgs/msg/Float32,116.2553482055664
1774016919.652207,/metrics/pcl/left/detections_count,std_msgs/msg/Int32,32
1774016919.6524127,/metrics/pcl/left/points_in,std_msgs/msg/Int32,22152
1774016919.652525,/metrics/pcl/left/processing_ms,std_msgs/msg/Float32,137.46714782714844
1774016919.6628985,/metrics/pcl/back/detections_count,std_msgs/msg/Int32,35
1774016919.6630452,/metrics/pcl/back/points_in,std_msgs/msg/Int32,22152
1774016919.6631246,/metrics/pcl/back/processing_ms,std_msgs/msg/Float32,93.81303405761719
1774016919.7061903,/metrics/pcl/right/detections_count,std_msgs/msg/Int32,30
1774016919.7063792,/metrics/pcl/right/points_in,std_msgs/msg/Int32,22152
1774016919.706459,/metrics/pcl/right/processing_ms,std_msgs/msg/Float32,118.58434295654297
1774016919.764069,/metrics/pcl/back/detections_count,std_msgs/msg/Int32,37
1774016919.7642515,/metrics/pcl/back/points_in,std_msgs/msg/Int32,22152
1774016919.7643692,/metrics/pcl/back/processing_ms,std_msgs/msg/Float32,94.5034408569336
1774016919.7701008,/metrics/pcl/front/detections_count,std_msgs/msg/Int32,25
1774016919.770357,/metrics/pcl/front/points_in,std_msgs/msg/Int32,22152
1774016919.7704437,/metrics/pcl/front/processing_ms,std_msgs/msg/Float32,123.00299835205078
1774016919.7922375,/metrics/pcl/left/detections_count,std_msgs/msg/Int32,31
1774016919.792449,/metrics/pcl/left/points_in,std_msgs/msg/Int32,22152
1774016919.7925599,/metrics/pcl/left/processing_ms,std_msgs/msg/Float32,139.34176635742188
1774016919.8226929,/metrics/pcl/right/detections_count,std_msgs/msg/Int32,32
1774016919.8229039,/metrics/pcl/right/points_in,std_msgs/msg/Int32,22152
1774016919.8230128,/metrics/pcl/right/processing_ms,std_msgs/msg/Float32,116.03397369384766
1774016919.8667035,/metrics/pcl/back/detections_count,std_msgs/msg/Int32,37
1774016919.8668659,/metrics/pcl/back/points_in,std_msgs/msg/Int32,22152
1774016919.8669803,/metrics/pcl/back/processing_ms,std_msgs/msg/Float32,95.82079315185547
1774016919.8912942,/metrics/pcl/front/detections_count,std_msgs/msg/Int32,25
1774016919.8914425,/metrics/pcl/front/points_in,std_msgs/msg/Int32,22152
1774016919.8915174,/metrics/pcl/front/processing_ms,std_msgs/msg/Float32,120.69355010986328
1774016919.9285204,/metrics/pcl/left/detections_count,std_msgs/msg/Int32,32
1774016919.9286523,/metrics/pcl/left/points_in,std_msgs/msg/Int32,22152
1774016919.9287415,/metrics/pcl/left/processing_ms,std_msgs/msg/Float32,135.72891235351562
1774016919.935169,/metrics/pcl/right/detections_count,std_msgs/msg/Int32,28
1774016919.9353428,/metrics/pcl/right/points_in,std_msgs/msg/Int32,22152
1774016919.935437,/metrics/pcl/right/processing_ms,std_msgs/msg/Float32,112.20311737060547
1774016919.9634254,/metrics/pcl/back/detections_count,std_msgs/msg/Int32,32
1774016919.9635913,/metrics/pcl/back/points_in,std_msgs/msg/Int32,22152
1774016919.9637053,/metrics/pcl/back/processing_ms,std_msgs/msg/Float32,96.39754486083984
1774016920.007361,/metrics/pcl/front/detections_count,std_msgs/msg/Int32,24
1774016920.0075266,/metrics/pcl/front/points_in,std_msgs/msg/Int32,22152
1774016920.0076056,/metrics/pcl/front/processing_ms,std_msgs/msg/Float32,115.51245880126953
1774016920.0475304,/metrics/pcl/right/detections_count,std_msgs/msg/Int32,29
1774016920.0477312,/metrics/pcl/right/points_in,std_msgs/msg/Int32,22152
1774016920.047834,/metrics/pcl/right/processing_ms,std_msgs/msg/Float32,111.81175994873047
1774016920.0584743,/metrics/pcl/back/detections_count,std_msgs/msg/Int32,37
1774016920.0586348,/metrics/pcl/back/points_in,std_msgs/msg/Int32,22152
1774016920.058697,/metrics/pcl/back/processing_ms,std_msgs/msg/Float32,90.97034454345703
1774016920.0634434,/metrics/pcl/left/detections_count,std_msgs/msg/Int32,32
1774016920.0635927,/metrics/pcl/left/points_in,std_msgs/msg/Int32,22152
1774016920.0636613,/metrics/pcl/left/processing_ms,std_msgs/msg/Float32,134.4518585205078
1774016920.1234076,/metrics/pcl/front/detections_count,std_msgs/msg/Int32,26
1774016920.123674,/metrics/pcl/front/points_in,std_msgs/msg/Int32,22152
1774016920.1237679,/metrics/pcl/front/processing_ms,std_msgs/msg/Float32,115.3139877319336
1774016920.1528878,/metrics/pcl/right/detections_count,std_msgs/msg/Int32,28
1774016920.153027,/metrics/pcl/right/points_in,std_msgs/msg/Int32,22152
1774016920.1530864,/metrics/pcl/right/processing_ms,std_msgs/msg/Float32,105.00345611572266
1774016920.162424,/metrics/pcl/back/detections_count,std_msgs/msg/Int32,33
1774016920.1625485,/metrics/pcl/back/points_in,std_msgs/msg/Int32,22152
1774016920.1626165,/metrics/pcl/back/processing_ms,std_msgs/msg/Float32,93.76104736328125
1774016920.1951153,/metrics/pcl/left/detections_count,std_msgs/msg/Int32,30
1774016920.1952536,/metrics/pcl/left/points_in,std_msgs/msg/Int32,22152
1774016920.1953168,/metrics/pcl/left/processing_ms,std_msgs/msg/Float32,131.10205078125
1774016920.2402024,/metrics/pcl/front/detections_count,std_msgs/msg/Int32,27
1774016920.2403336,/metrics/pcl/front/points_in,std_msgs/msg/Int32,22152
1774016920.2404003,/metrics/pcl/front/processing_ms,std_msgs/msg/Float32,116.50072479248047
1774016920.2612302,/metrics/pcl/back/detections_count,std_msgs/msg/Int32,38
1774016920.2613866,/metrics/pcl/back/points_in,std_msgs/msg/Int32,22152
1774016920.2614765,/metrics/pcl/back/processing_ms,std_msgs/msg/Float32,91.67449951171875
1774016920.2645833,/metrics/pcl/right/detections_count,std_msgs/msg/Int32,22
1774016920.2646754,/metrics/pcl/right/points_in,std_msgs/msg/Int32,22152
1774016920.2647424,/metrics/pcl/right/processing_ms,std_msgs/msg/Float32,111.39097595214844
1774016920.3242242,/metrics/pcl/left/detections_count,std_msgs/msg/Int32,29
1774016920.3243825,/metrics/pcl/left/points_in,std_msgs/msg/Int32,22152
1774016920.32446,/metrics/pcl/left/processing_ms,std_msgs/msg/Float32,128.59912109375
1774016920.3578417,/metrics/pcl/front/detections_count,std_msgs/msg/Int32,26
1774016920.3580165,/metrics/pcl/front/points_in,std_msgs/msg/Int32,22152
1774016920.358086,/metrics/pcl/front/processing_ms,std_msgs/msg/Float32,117.1073989868164
1774016920.3629856,/metrics/pcl/back/detections_count,std_msgs/msg/Int32,41
1774016920.3631523,/metrics/pcl/back/points_in,std_msgs/msg/Int32,22152
1774016920.3632457,/metrics/pcl/back/processing_ms,std_msgs/msg/Float32,93.4162368774414
1774016920.3726318,/metrics/pcl/right/detections_count,std_msgs/msg/Int32,30
1774016920.3727922,/metrics/pcl/right/points_in,std_msgs/msg/Int32,22152
1774016920.3728855,/metrics/pcl/right/processing_ms,std_msgs/msg/Float32,107.36701965332031
1774016920.457176,/metrics/pcl/left/detections_count,std_msgs/msg/Int32,35
1774016920.4573433,/metrics/pcl/left/points_in,std_msgs/msg/Int32,22152
1774016920.4574268,/metrics/pcl/left/processing_ms,std_msgs/msg/Float32,132.37103271484375
1774016920.4637802,/metrics/pcl/back/detections_count,std_msgs/msg/Int32,33
1774016920.464056,/metrics/pcl/back/points_in,std_msgs/msg/Int32,22152
1774016920.464193,/metrics/pcl/back/processing_ms,std_msgs/msg/Float32,93.3384017944336
1774016920.4768283,/metrics/pcl/front/detections_count,std_msgs/msg/Int32,24
1774016920.4770174,/metrics/pcl/front/points_in,std_msgs/msg/Int32,22152
1774016920.4770975,/metrics/pcl/front/processing_ms,std_msgs/msg/Float32,118.44125366210938
1774016920.47915,/metrics/pcl/right/detections_count,std_msgs/msg/Int32,28
1774016920.4792445,/metrics/pcl/right/points_in,std_msgs/msg/Int32,22152
1774016920.4793363,/metrics/pcl/right/processing_ms,std_msgs/msg/Float32,106.32728576660156
1774016920.5681062,/metrics/pcl/back/detections_count,std_msgs/msg/Int32,36
1774016920.5682752,/metrics/pcl/back/points_in,std_msgs/msg/Int32,22152
1774016920.5683496,/metrics/pcl/back/processing_ms,std_msgs/msg/Float32,101.61022186279297
1774016920.5793433,/metrics/pcl/right/detections_count,std_msgs/msg/Int32,27
1774016920.579479,/metrics/pcl/right/points_in,std_msgs/msg/Int32,22152
1774016920.5795472,/metrics/pcl/right/processing_ms,std_msgs/msg/Float32,99.52259826660156
1774016920.5951397,/metrics/pcl/left/detections_count,std_msgs/msg/Int32,31
1774016920.5952902,/metrics/pcl/left/points_in,std_msgs/msg/Int32,22152
1774016920.595391,/metrics/pcl/left/processing_ms,std_msgs/msg/Float32,137.5214385986328
1774016920.5998993,/metrics/pcl/front/detections_count,std_msgs/msg/Int32,24
1774016920.6000714,/metrics/pcl/front/points_in,std_msgs/msg/Int32,22152
1774016920.6001463,/metrics/pcl/front/processing_ms,std_msgs/msg/Float32,122.69776916503906
1774016920.6773317,/metrics/pcl/back/detections_count,std_msgs/msg/Int32,39
1774016920.677515,/metrics/pcl/back/points_in,std_msgs/msg/Int32,22152
1774016920.67762,/metrics/pcl/back/processing_ms,std_msgs/msg/Float32,106.8326416015625
1774016920.6985362,/metrics/pcl/right/detections_count,std_msgs/msg/Int32,29
1774016920.699221,/metrics/pcl/right/points_in,std_msgs/msg/Int32,22152
1774016920.6993608,/metrics/pcl/right/processing_ms,std_msgs/msg/Float32,118.69217681884766
1774016920.75024,/metrics/pcl/front/detections_count,std_msgs/msg/Int32,25
1774016920.750432,/metrics/pcl/front/points_in,std_msgs/msg/Int32,22152
1774016920.7505229,/metrics/pcl/front/processing_ms,std_msgs/msg/Float32,149.7306365966797
1774016920.7602093,/metrics/pcl/left/detections_count,std_msgs/msg/Int32,37
1774016920.7604964,/metrics/pcl/left/points_in,std_msgs/msg/Int32,22152
1774016920.7606077,/metrics/pcl/left/processing_ms,std_msgs/msg/Float32,164.35009765625
1774016920.8103197,/metrics/pcl/back/detections_count,std_msgs/msg/Int32,34
1774016920.8105009,/metrics/pcl/back/points_in,std_msgs/msg/Int32,22152
1774016920.8105772,/metrics/pcl/back/processing_ms,std_msgs/msg/Float32,134.19590759277344
1774016920.8342056,/metrics/pcl/right/detections_count,std_msgs/msg/Int32,34
1774016920.8343625,/metrics/pcl/right/points_in,std_msgs/msg/Int32,22152
1774016920.8344388,/metrics/pcl/right/processing_ms,std_msgs/msg/Float32,135.0533447265625
1774016920.8818002,/metrics/pcl/front/detections_count,std_msgs/msg/Int32,28
1774016920.8819737,/metrics/pcl/front/points_in,std_msgs/msg/Int32,22152
1774016920.8820417,/metrics/pcl/front/processing_ms,std_msgs/msg/Float32,131.11907958984375
1774016920.9037552,/metrics/pcl/left/detections_count,std_msgs/msg/Int32,32
1774016920.9039207,/metrics/pcl/left/points_in,std_msgs/msg/Int32,22152
1774016920.903999,/metrics/pcl/left/processing_ms,std_msgs/msg/Float32,142.86416625976562
1774016920.905154,/metrics/pcl/back/detections_count,std_msgs/msg/Int32,37
1774016920.9052446,/metrics/pcl/back/points_in,std_msgs/msg/Int32,22152
1774016920.9053097,/metrics/pcl/back/processing_ms,std_msgs/msg/Float32,94.49565124511719
1774016920.941758,/metrics/pcl/right/detections_count,std_msgs/msg/Int32,31
1774016920.941934,/metrics/pcl/right/points_in,std_msgs/msg/Int32,22152
1774016920.9420037,/metrics/pcl/right/processing_ms,std_msgs/msg/Float32,106.93283081054688
1774016920.9990804,/metrics/pcl/front/detections_count,std_msgs/msg/Int32,29
1774016920.9992507,/metrics/pcl/front/points_in,std_msgs/msg/Int32,22152
1774016920.9993315,/metrics/pcl/front/processing_ms,std_msgs/msg/Float32,116.81942749023438
1774016921.0022857,/metrics/pcl/back/detections_count,std_msgs/msg/Int32,40
1774016921.002366,/metrics/pcl/back/points_in,std_msgs/msg/Int32,22152
1774016921.0024207,/metrics/pcl/back/processing_ms,std_msgs/msg/Float32,96.71578216552734
1774016921.037919,/metrics/pcl/left/detections_count,std_msgs/msg/Int32,34
1774016921.038113,/metrics/pcl/left/points_in,std_msgs/msg/Int32,22152
1774016921.038218,/metrics/pcl/left/processing_ms,std_msgs/msg/Float32,133.48602294921875
1774016921.0542333,/metrics/pcl/right/detections_count,std_msgs/msg/Int32,31
1774016921.0544608,/metrics/pcl/right/points_in,std_msgs/msg/Int32,22152
1774016921.0545397,/metrics/pcl/right/processing_ms,std_msgs/msg/Float32,111.9733657836914
1774016921.0985465,/metrics/pcl/back/detections_count,std_msgs/msg/Int32,32
1774016921.0986767,/metrics/pcl/back/points_in,std_msgs/msg/Int32,22152
1774016921.0987532,/metrics/pcl/back/processing_ms,std_msgs/msg/Float32,95.71018981933594
1774016921.111811,/metrics/pcl/front/detections_count,std_msgs/msg/Int32,26
1774016921.1119995,/metrics/pcl/front/points_in,std_msgs/msg/Int32,22152
1774016921.1120687,/metrics/pcl/front/processing_ms,std_msgs/msg/Float32,112.31610870361328
1774016921.1667926,/metrics/pcl/right/detections_count,std_msgs/msg/Int32,30
1774016921.1670098,/metrics/pcl/right/points_in,std_msgs/msg/Int32,22152
1774016921.1671,/metrics/pcl/right/processing_ms,std_msgs/msg/Float32,111.9747085571289
1774016921.1675162,/metrics/pcl/left/detections_count,std_msgs/msg/Int32,31
1774016921.1675825,/metrics/pcl/left/points_in,std_msgs/msg/Int32,22152
1774016921.167636,/metrics/pcl/left/processing_ms,std_msgs/msg/Float32,128.66476440429688
1774016921.1920033,/metrics/pcl/back/detections_count,std_msgs/msg/Int32,31
1774016921.1922393,/metrics/pcl/back/points_in,std_msgs/msg/Int32,22152
1774016921.192406,/metrics/pcl/back/processing_ms,std_msgs/msg/Float32,92.89292907714844
1774016921.2354474,/metrics/pcl/front/detections_count,std_msgs/msg/Int32,26
1774016921.2355692,/metrics/pcl/front/points_in,std_msgs/msg/Int32,22152
1774016921.2356758,/metrics/pcl/front/processing_ms,std_msgs/msg/Float32,123.1573715209961
1774016921.2775848,/metrics/pcl/right/detections_count,std_msgs/msg/Int32,36
1774016921.2777286,/metrics/pcl/right/points_in,std_msgs/msg/Int32,22152
1774016921.277791,/metrics/pcl/right/processing_ms,std_msgs/msg/Float32,110.28404235839844
1774016921.2846508,/metrics/pcl/back/detections_count,std_msgs/msg/Int32,32
1774016921.2848065,/metrics/pcl/back/points_in,std_msgs/msg/Int32,22152
1774016921.284906,/metrics/pcl/back/processing_ms,std_msgs/msg/Float32,92.23086547851562
1774016921.29748,/metrics/pcl/left/detections_count,std_msgs/msg/Int32,29
1774016921.2976513,/metrics/pcl/left/points_in,std_msgs/msg/Int32,22152
1774016921.2977457,/metrics/pcl/left/processing_ms,std_msgs/msg/Float32,129.88717651367188
1774016921.3546865,/metrics/pcl/front/detections_count,std_msgs/msg/Int32,34
1774016921.3548603,/metrics/pcl/front/points_in,std_msgs/msg/Int32,22152
1774016921.3549547,/metrics/pcl/front/processing_ms,std_msgs/msg/Float32,118.83250427246094
1774016921.3779147,/metrics/pcl/back/detections_count,std_msgs/msg/Int32,37
1774016921.3781042,/metrics/pcl/back/points_in,std_msgs/msg/Int32,22152
1774016921.3781836,/metrics/pcl/back/processing_ms,std_msgs/msg/Float32,92.84949493408203
1774016921.3939092,/metrics/pcl/right/detections_count,std_msgs/msg/Int32,23
1774016921.394071,/metrics/pcl/right/points_in,std_msgs/msg/Int32,22152
1774016921.3941507,/metrics/pcl/right/processing_ms,std_msgs/msg/Float32,115.8912582397461
1774016921.431803,/metrics/pcl/left/detections_count,std_msgs/msg/Int32,31
1774016921.431946,/metrics/pcl/left/points_in,std_msgs/msg/Int32,22152
1774016921.4320087,/metrics/pcl/left/processing_ms,std_msgs/msg/Float32,133.8760223388672
1774016921.4699848,/metrics/pcl/front/detections_count,std_msgs/msg/Int32,27
1774016921.4701989,/metrics/pcl/front/points_in,std_msgs/msg/Int32,22152
1774016921.4702802,/metrics/pcl/front/processing_ms,std_msgs/msg/Float32,114.46263885498047
1774016921.470805,/metrics/pcl/back/detections_count,std_msgs/msg/Int32,38
1774016921.47092,/metrics/pcl/back/points_in,std_msgs/msg/Int32,22152
1774016921.471005,/metrics/pcl/back/processing_ms,std_msgs/msg/Float32,92.52416229248047
1774016921.5064616,/metrics/pcl/right/detections_count,std_msgs/msg/Int32,35
1774016921.5066836,/metrics/pcl/right/points_in,std_msgs/msg/Int32,22152
1774016921.506781,/metrics/pcl/right/processing_ms,std_msgs/msg/Float32,111.64884185791016
1774016921.5639682,/metrics/pcl/left/detections_count,std_msgs/msg/Int32,30
1774016921.564103,/metrics/pcl/left/points_in,std_msgs/msg/Int32,22152
1774016921.5641878,/metrics/pcl/left/processing_ms,std_msgs/msg/Float32,131.70236206054688
1774016921.5645463,/metrics/pcl/back/detections_count,std_msgs/msg/Int32,33
1774016921.5646105,/metrics/pcl/back/points_in,std_msgs/msg/Int32,22152
1774016921.564687,/metrics/pcl/back/processing_ms,std_msgs/msg/Float32,93.1638412475586
1774016921.587223,/metrics/pcl/front/detections_count,std_msgs/msg/Int32,28
1774016921.5874102,/metrics/pcl/front/points_in,std_msgs/msg/Int32,22152
1774016921.5874858,/metrics/pcl/front/processing_ms,std_msgs/msg/Float32,116.79228973388672
1774016921.6208978,/metrics/pcl/right/detections_count,std_msgs/msg/Int32,25
1774016921.6210897,/metrics/pcl/right/points_in,std_msgs/msg/Int32,22152
1774016921.6211898,/metrics/pcl/right/processing_ms,std_msgs/msg/Float32,114.10128021240234
1774016921.6666195,/metrics/pcl/back/detections_count,std_msgs/msg/Int32,34
1774016921.6668675,/metrics/pcl/back/points_in,std_msgs/msg/Int32,22152
1774016921.6670117,/metrics/pcl/back/processing_ms,std_msgs/msg/Float32,96.083984375
1774016921.7020886,/metrics/pcl/left/detections_count,std_msgs/msg/Int32,30
1774016921.702258,/metrics/pcl/left/points_in,std_msgs/msg/Int32,22152
1774016921.7023263,/metrics/pcl/left/processing_ms,std_msgs/msg/Float32,137.56004333496094
1774016921.704552,/metrics/pcl/front/detections_count,std_msgs/msg/Int32,25
1774016921.7046452,/metrics/pcl/front/points_in,std_msgs/msg/Int32,22152
1774016921.7047212,/metrics/pcl/front/processing_ms,std_msgs/msg/Float32,117.16633605957031
1774016921.7377124,/metrics/pcl/right/detections_count,std_msgs/msg/Int32,26
1774016921.7379143,/metrics/pcl/right/points_in,std_msgs/msg/Int32,22152
1774016921.7380347,/metrics/pcl/right/processing_ms,std_msgs/msg/Float32,116.22267150878906
1774016921.7623389,/metrics/pcl/back/detections_count,std_msgs/msg/Int32,34
1774016921.762507,/metrics/pcl/back/points_in,std_msgs/msg/Int32,22152
1774016921.7625995,/metrics/pcl/back/processing_ms,std_msgs/msg/Float32,94.75203704833984
1774016921.8232923,/metrics/pcl/front/detections_count,std_msgs/msg/Int32,24
1774016921.823495,/metrics/pcl/front/points_in,std_msgs/msg/Int32,22152
1774016921.8236108,/metrics/pcl/front/processing_ms,std_msgs/msg/Float32,117.94409942626953
1774016921.8379707,/metrics/pcl/left/detections_count,std_msgs/msg/Int32,29
1774016921.8381064,/metrics/pcl/left/points_in,std_msgs/msg/Int32,22152
1774016921.838187,/metrics/pcl/left/processing_ms,std_msgs/msg/Float32,135.38772583007812
1774016921.852582,/metrics/pcl/right/detections_count,std_msgs/msg/Int32,32
1774016921.8527684,/metrics/pcl/right/points_in,std_msgs/msg/Int32,22152
1774016921.8528636,/metrics/pcl/right/processing_ms,std_msgs/msg/Float32,114.25238800048828
1774016921.8635068,/metrics/pcl/back/detections_count,std_msgs/msg/Int32,34
1774016921.8636377,/metrics/pcl/back/points_in,std_msgs/msg/Int32,22152
1774016921.8637228,/metrics/pcl/back/processing_ms,std_msgs/msg/Float32,95.64215087890625
1774016921.9375145,/metrics/pcl/front/detections_count,std_msgs/msg/Int32,28
1774016921.937706,/metrics/pcl/front/points_in,std_msgs/msg/Int32,22152
1774016921.9377906,/metrics/pcl/front/processing_ms,std_msgs/msg/Float32,113.74661254882812
1774016921.9599335,/metrics/pcl/back/detections_count,std_msgs/msg/Int32,33
1774016921.9600914,/metrics/pcl/back/points_in,std_msgs/msg/Int32,22152
1774016921.960172,/metrics/pcl/back/processing_ms,std_msgs/msg/Float32,91.5475082397461
1774016921.9693992,/metrics/pcl/right/detections_count,std_msgs/msg/Int32,26
1774016921.969548,/metrics/pcl/right/points_in,std_msgs/msg/Int32,22152
1774016921.969632,/metrics/pcl/right/processing_ms,std_msgs/msg/Float32,116.38224792480469
1774016921.9721928,/metrics/pcl/left/detections_count,std_msgs/msg/Int32,29
1774016921.9723673,/metrics/pcl/left/points_in,std_msgs/msg/Int32,22152
1774016921.9724445,/metrics/pcl/left/processing_ms,std_msgs/msg/Float32,133.81932067871094
1774016922.0501544,/metrics/pcl/front/detections_count,std_msgs/msg/Int32,26
1774016922.0503047,/metrics/pcl/front/points_in,std_msgs/msg/Int32,22152
1774016922.0503623,/metrics/pcl/front/processing_ms,std_msgs/msg/Float32,112.1957015991211
1774016922.0663402,/metrics/pcl/back/detections_count,std_msgs/msg/Int32,35
1774016922.06647,/metrics/pcl/back/points_in,std_msgs/msg/Int32,22152
1774016922.0665407,/metrics/pcl/back/processing_ms,std_msgs/msg/Float32,97.24948120117188
1774016922.0819142,/metrics/pcl/right/detections_count,std_msgs/msg/Int32,24
1774016922.0820644,/metrics/pcl/right/points_in,std_msgs/msg/Int32,22152
1774016922.082144,/metrics/pcl/right/processing_ms,std_msgs/msg/Float32,112.05828857421875
1774016922.108278,/metrics/pcl/left/detections_count,std_msgs/msg/Int32,27
1774016922.1084566,/metrics/pcl/left/points_in,std_msgs/msg/Int32,22152
1774016922.1085622,/metrics/pcl/left/processing_ms,std_msgs/msg/Float32,135.319580078125
1774016922.162022,/metrics/pcl/front/detections_count,std_msgs/msg/Int32,27
1774016922.1621335,/metrics/pcl/front/points_in,std_msgs/msg/Int32,22152
1774016922.1621912,/metrics/pcl/front/processing_ms,std_msgs/msg/Float32,111.51585388183594
1774016922.1625767,/metrics/pcl/back/detections_count,std_msgs/msg/Int32,35
1774016922.1626468,/metrics/pcl/back/points_in,std_msgs/msg/Int32,22152
1774016922.1627157,/metrics/pcl/back/processing_ms,std_msgs/msg/Float32,92.73126983642578
1774016922.194679,/metrics/pcl/right/detections_count,std_msgs/msg/Int32,33
1774016922.1948123,/metrics/pcl/right/points_in,std_msgs/msg/Int32,22152
1774016922.1948943,/metrics/pcl/right/processing_ms,std_msgs/msg/Float32,112.34370422363281
1774016922.2375445,/metrics/pcl/left/detections_count,std_msgs/msg/Int32,29
1774016922.237778,/metrics/pcl/left/points_in,std_msgs/msg/Int32,22152
1774016922.2379124,/metrics/pcl/left/processing_ms,std_msgs/msg/Float32,128.43270874023438
1774016922.2593532,/metrics/pcl/back/detections_count,std_msgs/msg/Int32,36
1774016922.25948,/metrics/pcl/back/points_in,std_msgs/msg/Int32,22152
1774016922.2595475,/metrics/pcl/back/processing_ms,std_msgs/msg/Float32,89.2950210571289
1774016922.2764525,/metrics/pcl/front/detections_count,std_msgs/msg/Int32,27
1774016922.2766955,/metrics/pcl/front/points_in,std_msgs/msg/Int32,22152
1774016922.2767925,/metrics/pcl/front/processing_ms,std_msgs/msg/Float32,113.77581024169922
1774016922.3066607,/metrics/pcl/right/detections_count,std_msgs/msg/Int32,25
1774016922.3068511,/metrics/pcl/right/points_in,std_msgs/msg/Int32,22152
1774016922.306956,/metrics/pcl/right/processing_ms,std_msgs/msg/Float32,111.51831817626953
1774016922.3640969,/metrics/pcl/back/detections_count,std_msgs/msg/Int32,33
1774016922.3642833,/metrics/pcl/back/points_in,std_msgs/msg/Int32,22152
1774016922.3643656,/metrics/pcl/back/processing_ms,std_msgs/msg/Float32,96.63682556152344
1774016922.367017,/metrics/pcl/left/detections_count,std_msgs/msg/Int32,29
1774016922.3671415,/metrics/pcl/left/points_in,std_msgs/msg/Int32,22152
1774016922.3672402,/metrics/pcl/left/processing_ms,std_msgs/msg/Float32,129.41012573242188
1774016922.3979506,/metrics/pcl/front/detections_count,std_msgs/msg/Int32,24
1774016922.398101,/metrics/pcl/front/points_in,std_msgs/msg/Int32,22152
1774016922.3981864,/metrics/pcl/front/processing_ms,std_msgs/msg/Float32,121.12545013427734
1774016922.423764,/metrics/pcl/right/detections_count,std_msgs/msg/Int32,23
1774016922.4239664,/metrics/pcl/right/points_in,std_msgs/msg/Int32,22152
1774016922.4240654,/metrics/pcl/right/processing_ms,std_msgs/msg/Float32,116.51187896728516
1774016922.46419,/metrics/pcl/back/detections_count,std_msgs/msg/Int32,36
1774016922.4643974,/metrics/pcl/back/points_in,std_msgs/msg/Int32,22152
1774016922.4644942,/metrics/pcl/back/processing_ms,std_msgs/msg/Float32,96.2586898803711
1774016922.499509,/metrics/pcl/left/detections_count,std_msgs/msg/Int32,29
1774016922.4996803,/metrics/pcl/left/points_in,std_msgs/msg/Int32,22152
1774016922.499768,/metrics/pcl/left/processing_ms,std_msgs/msg/Float32,131.59771728515625
1774016922.5216503,/metrics/pcl/front/detections_count,std_msgs/msg/Int32,25
1774016922.5219085,/metrics/pcl/front/points_in,std_msgs/msg/Int32,22152
1774016922.5220418,/metrics/pcl/front/processing_ms,std_msgs/msg/Float32,123.14400482177734
1774016922.5466595,/metrics/pcl/right/detections_count,std_msgs/msg/Int32,26
1774016922.5468073,/metrics/pcl/right/points_in,std_msgs/msg/Int32,22152
1774016922.5468974,/metrics/pcl/right/processing_ms,std_msgs/msg/Float32,122.4620361328125
1774016922.5624115,/metrics/pcl/back/detections_count,std_msgs/msg/Int32,34
1774016922.5626066,/metrics/pcl/back/points_in,std_msgs/msg/Int32,22152
1774016922.5626924,/metrics/pcl/back/processing_ms,std_msgs/msg/Float32,93.4632568359375
1774016922.631472,/metrics/pcl/left/detections_count,std_msgs/msg/Int32,33
1774016922.6316144,/metrics/pcl/left/points_in,std_msgs/msg/Int32,22152
1774016922.6317008,/metrics/pcl/left/processing_ms,std_msgs/msg/Float32,131.5853729248047
1774016922.6436782,/metrics/pcl/front/detections_count,std_msgs/msg/Int32,21
1774016922.6438367,/metrics/pcl/front/points_in,std_msgs/msg/Int32,22152
1774016922.6439729,/metrics/pcl/front/processing_ms,std_msgs/msg/Float32,121.40398406982422
1774016922.6613524,/metrics/pcl/right/detections_count,std_msgs/msg/Int32,28
1774016922.6615124,/metrics/pcl/right/points_in,std_msgs/msg/Int32,22152
1774016922.6615784,/metrics/pcl/right/processing_ms,std_msgs/msg/Float32,114.26392364501953
1774016922.6627285,/metrics/pcl/back/detections_count,std_msgs/msg/Int32,35
1774016922.6628208,/metrics/pcl/back/points_in,std_msgs/msg/Int32,22152
1774016922.6628969,/metrics/pcl/back/processing_ms,std_msgs/msg/Float32,93.31342315673828
1774016922.7615607,/metrics/pcl/back/detections_count,std_msgs/msg/Int32,36
1774016922.7617385,/metrics/pcl/back/points_in,std_msgs/msg/Int32,22152
1774016922.76182,/metrics/pcl/back/processing_ms,std_msgs/msg/Float32,91.55948638916016
1774016922.7627966,/metrics/pcl/left/detections_count,std_msgs/msg/Int32,27
1774016922.7629619,/metrics/pcl/left/points_in,std_msgs/msg/Int32,22152
1774016922.7631128,/metrics/pcl/left/processing_ms,std_msgs/msg/Float32,131.12582397460938
1774016922.7658832,/metrics/pcl/front/detections_count,std_msgs/msg/Int32,23
1774016922.7660115,/metrics/pcl/front/points_in,std_msgs/msg/Int32,22152
1774016922.7660887,/metrics/pcl/front/processing_ms,std_msgs/msg/Float32,121.85330200195312
1774016922.7797468,/metrics/pcl/right/detections_count,std_msgs/msg/Int32,28
1774016922.7799535,/metrics/pcl/right/points_in,std_msgs/msg/Int32,22152
1774016922.780075,/metrics/pcl/right/processing_ms,std_msgs/msg/Float32,117.87520599365234
1774016922.8648548,/metrics/pcl/back/detections_count,std_msgs/msg/Int32,38
1774016922.8650117,/metrics/pcl/back/points_in,std_msgs/msg/Int32,22152
1774016922.8650975,/metrics/pcl/back/processing_ms,std_msgs/msg/Float32,94.22151184082031
1774016922.8919997,/metrics/pcl/front/detections_count,std_msgs/msg/Int32,21
1774016922.8922937,/metrics/pcl/front/points_in,std_msgs/msg/Int32,22152
1774016922.8924098,/metrics/pcl/front/processing_ms,std_msgs/msg/Float32,125.20457458496094
1774016922.8967826,/metrics/pcl/right/detections_count,std_msgs/msg/Int32,27
1774016922.8969421,/metrics/pcl/right/points_in,std_msgs/msg/Int32,22152
1774016922.8970242,/metrics/pcl/right/processing_ms,std_msgs/msg/Float32,116.5670394897461
1774016922.9039514,/metrics/pcl/left/detections_count,std_msgs/msg/Int32,27
1774016922.9042401,/metrics/pcl/left/points_in,std_msgs/msg/Int32,22152
1774016922.904347,/metrics/pcl/left/processing_ms,std_msgs/msg/Float32,140.2381134033203
1774016922.9625614,/metrics/pcl/back/detections_count,std_msgs/msg/Int32,34
1774016922.9627297,/metrics/pcl/back/points_in,std_msgs/msg/Int32,22152
1774016922.9628303,/metrics/pcl/back/processing_ms,std_msgs/msg/Float32,95.88304901123047
1774016923.0125961,/metrics/pcl/right/detections_count,std_msgs/msg/Int32,29
1774016923.012771,/metrics/pcl/right/points_in,std_msgs/msg/Int32,22152
1774016923.0128596,/metrics/pcl/right/processing_ms,std_msgs/msg/Float32,115.21416473388672
1774016923.0201662,/metrics/pcl/front/detections_count,std_msgs/msg/Int32,27
1774016923.020352,/metrics/pcl/front/points_in,std_msgs/msg/Int32,22152
1774016923.0204647,/metrics/pcl/front/processing_ms,std_msgs/msg/Float32,127.60151672363281
1774016923.0446243,/metrics/pcl/left/detections_count,std_msgs/msg/Int32,25
1774016923.0447922,/metrics/pcl/left/points_in,std_msgs/msg/Int32,22152
1774016923.0449288,/metrics/pcl/left/processing_ms,std_msgs/msg/Float32,140.17237854003906
1774016923.0610898,/metrics/pcl/back/detections_count,std_msgs/msg/Int32,35
1774016923.0612175,/metrics/pcl/back/points_in,std_msgs/msg/Int32,22152
1774016923.061294,/metrics/pcl/back/processing_ms,std_msgs/msg/Float32,93.22740936279297
1774016923.130148,/metrics/pcl/right/detections_count,std_msgs/msg/Int32,28
1774016923.130266,/metrics/pcl/right/points_in,std_msgs/msg/Int32,22152
1774016923.1303208,/metrics/pcl/right/processing_ms,std_msgs/msg/Float32,117.17491149902344
1774016923.1425822,/metrics/pcl/front/detections_count,std_msgs/msg/Int32,23
1774016923.142728,/metrics/pcl/front/points_in,std_msgs/msg/Int32,22152
1774016923.1427941,/metrics/pcl/front/processing_ms,std_msgs/msg/Float32,122.13108825683594
1774016923.1609912,/metrics/pcl/back/detections_count,std_msgs/msg/Int32,35
1774016923.161122,/metrics/pcl/back/points_in,std_msgs/msg/Int32,22152
1774016923.1611848,/metrics/pcl/back/processing_ms,std_msgs/msg/Float32,92.8055648803711
1774016923.1800344,/metrics/pcl/left/detections_count,std_msgs/msg/Int32,29
1774016923.1801615,/metrics/pcl/left/points_in,std_msgs/msg/Int32,22152
1774016923.180231,/metrics/pcl/left/processing_ms,std_msgs/msg/Float32,134.85655212402344
1774016923.2411954,/metrics/pcl/right/detections_count,std_msgs/msg/Int32,32
1774016923.241343,/metrics/pcl/right/points_in,std_msgs/msg/Int32,22152
1774016923.2414424,/metrics/pcl/right/processing_ms,std_msgs/msg/Float32,110.58650207519531
1774016923.2590525,/metrics/pcl/front/detections_count,std_msgs/msg/Int32,21
1774016923.2591841,/metrics/pcl/front/points_in,std_msgs/msg/Int32,22152
1774016923.2592463,/metrics/pcl/front/processing_ms,std_msgs/msg/Float32,115.99560546875
1774016923.262738,/metrics/pcl/back/detections_count,std_msgs/msg/Int32,36
1774016923.2628334,/metrics/pcl/back/points_in,std_msgs/msg/Int32,22152
1774016923.2629442,/metrics/pcl/back/processing_ms,std_msgs/msg/Float32,93.44298553466797
1774016923.3092628,/metrics/pcl/left/detections_count,std_msgs/msg/Int32,29
1774016923.309408,/metrics/pcl/left/points_in,std_msgs/msg/Int32,22152
1774016923.30949,/metrics/pcl/left/processing_ms,std_msgs/msg/Float32,128.52455139160156
1774016923.3560996,/metrics/pcl/right/detections_count,std_msgs/msg/Int32,32
1774016923.3562596,/metrics/pcl/right/points_in,std_msgs/msg/Int32,22152
1774016923.3563735,/metrics/pcl/right/processing_ms,std_msgs/msg/Float32,114.4873275756836
1774016923.364983,/metrics/pcl/back/detections_count,std_msgs/msg/Int32,36
1774016923.3651233,/metrics/pcl/back/points_in,std_msgs/msg/Int32,22152
1774016923.3652058,/metrics/pcl/back/processing_ms,std_msgs/msg/Float32,94.6812515258789
1774016923.379377,/metrics/pcl/front/detections_count,std_msgs/msg/Int32,23
1774016923.3795567,/metrics/pcl/front/points_in,std_msgs/msg/Int32,22152
1774016923.3796465,/metrics/pcl/front/processing_ms,std_msgs/msg/Float32,119.79924774169922
1774016923.4431553,/metrics/pcl/left/detections_count,std_msgs/msg/Int32,31
1774016923.443392,/metrics/pcl/left/points_in,std_msgs/msg/Int32,22152
1774016923.4434896,/metrics/pcl/left/processing_ms,std_msgs/msg/Float32,133.1044921875
1774016923.4726315,/metrics/pcl/back/detections_count,std_msgs/msg/Int32,37
1774016923.472897,/metrics/pcl/back/points_in,std_msgs/msg/Int32,22152
1774016923.4730592,/metrics/pcl/back/processing_ms,std_msgs/msg/Float32,101.01673889160156
1774016923.473717,/metrics/pcl/right/detections_count,std_msgs/msg/Int32,30
1774016923.4737954,/metrics/pcl/right/points_in,std_msgs/msg/Int32,22152
1774016923.4738624,/metrics/pcl/right/processing_ms,std_msgs/msg/Float32,117.23564147949219
1774016923.5023136,/metrics/pcl/front/detections_count,std_msgs/msg/Int32,23
1774016923.5024512,/metrics/pcl/front/points_in,std_msgs/msg/Int32,22152
1774016923.502513,/metrics/pcl/front/processing_ms,std_msgs/msg/Float32,122.37483215332031
1774016923.570463,/metrics/pcl/back/detections_count,std_msgs/msg/Int32,38
1774016923.5706048,/metrics/pcl/back/points_in,std_msgs/msg/Int32,22152
1774016923.5706701,/metrics/pcl/back/processing_ms,std_msgs/msg/Float32,97.61347198486328
1774016923.5756297,/metrics/pcl/left/detections_count,std_msgs/msg/Int32,30
1774016923.5758095,/metrics/pcl/left/points_in,std_msgs/msg/Int32,22152
1774016923.5759141,/metrics/pcl/left/processing_ms,std_msgs/msg/Float32,132.16590881347656
1774016923.5881498,/metrics/pcl/right/detections_count,std_msgs/msg/Int32,29
1774016923.588431,/metrics/pcl/right/points_in,std_msgs/msg/Int32,22152
1774016923.5885358,/metrics/pcl/right/processing_ms,std_msgs/msg/Float32,113.63178253173828
1774016923.6272683,/metrics/pcl/front/detections_count,std_msgs/msg/Int32,23
1774016923.6274018,/metrics/pcl/front/points_in,std_msgs/msg/Int32,22152
1774016923.6274672,/metrics/pcl/front/processing_ms,std_msgs/msg/Float32,124.42829132080078
1774016923.6678061,/metrics/pcl/back/detections_count,std_msgs/msg/Int32,33
1774016923.6680367,/metrics/pcl/back/points_in,std_msgs/msg/Int32,22152
1774016923.66812,/metrics/pcl/back/processing_ms,std_msgs/msg/Float32,96.90380096435547
1774016923.7032268,/metrics/pcl/right/detections_count,std_msgs/msg/Int32,27
1774016923.7034514,/metrics/pcl/right/points_in,std_msgs/msg/Int32,22152
1774016923.703551,/metrics/pcl/right/processing_ms,std_msgs/msg/Float32,114.2957534790039
1774016923.7121134,/metrics/pcl/left/detections_count,std_msgs/msg/Int32,34
1774016923.7122514,/metrics/pcl/left/points_in,std_msgs/msg/Int32,22152
1774016923.712345,/metrics/pcl/left/processing_ms,std_msgs/msg/Float32,135.95362854003906
1774016923.7511573,/metrics/pcl/front/detections_count,std_msgs/msg/Int32,26
1774016923.751304,/metrics/pcl/front/points_in,std_msgs/msg/Int32,22152
1774016923.7513723,/metrics/pcl/front/processing_ms,std_msgs/msg/Float32,123.44915771484375
1774016923.7615457,/metrics/pcl/back/detections_count,std_msgs/msg/Int32,39
1774016923.7616816,/metrics/pcl/back/points_in,std_msgs/msg/Int32,22152
1774016923.761759,/metrics/pcl/back/processing_ms,std_msgs/msg/Float32,93.18190002441406
1774016923.817263,/metrics/pcl/right/detections_count,std_msgs/msg/Int32,34
1774016923.817419,/metrics/pcl/right/points_in,std_msgs/msg/Int32,22152
1774016923.8175035,/metrics/pcl/right/processing_ms,std_msgs/msg/Float32,113.7902603149414
1774016923.8502746,/metrics/pcl/left/detections_count,std_msgs/msg/Int32,30
1774016923.8504448,/metrics/pcl/left/points_in,std_msgs/msg/Int32,22152
1774016923.8505533,/metrics/pcl/left/processing_ms,std_msgs/msg/Float32,137.6746368408203
1774016923.862448,/metrics/pcl/back/detections_count,std_msgs/msg/Int32,38
1774016923.8625772,/metrics/pcl/back/points_in,std_msgs/msg/Int32,22152
1774016923.8626537,/metrics/pcl/back/processing_ms,std_msgs/msg/Float32,93.2906723022461
1774016923.874957,/metrics/pcl/front/detections_count,std_msgs/msg/Int32,27
1774016923.875149,/metrics/pcl/front/points_in,std_msgs/msg/Int32,22152
1774016923.8752635,/metrics/pcl/front/processing_ms,std_msgs/msg/Float32,123.04885864257812
1774016923.9303434,/metrics/pcl/right/detections_count,std_msgs/msg/Int32,28
1774016923.930492,/metrics/pcl/right/points_in,std_msgs/msg/Int32,22152
1774016923.9305816,/metrics/pcl/right/processing_ms,std_msgs/msg/Float32,112.54662322998047
1774016923.9626896,/metrics/pcl/back/detections_count,std_msgs/msg/Int32,35
1774016923.9628582,/metrics/pcl/back/points_in,std_msgs/msg/Int32,22152
1774016923.9629896,/metrics/pcl/back/processing_ms,std_msgs/msg/Float32,92.9609375
1774016923.9867043,/metrics/pcl/left/detections_count,std_msgs/msg/Int32,31
1774016923.986887,/metrics/pcl/left/points_in,std_msgs/msg/Int32,22152
1774016923.9870028,/metrics/pcl/left/processing_ms,std_msgs/msg/Float32,135.98324584960938
1774016923.9961276,/metrics/pcl/front/detections_count,std_msgs/msg/Int32,24
1774016923.996277,/metrics/pcl/front/points_in,std_msgs/msg/Int32,22152
1774016923.9963634,/metrics/pcl/front/processing_ms,std_msgs/msg/Float32,120.86222839355469
1774016924.0460393,/metrics/pcl/right/detections_count,std_msgs/msg/Int32,30
1774016924.0462089,/metrics/pcl/right/points_in,std_msgs/msg/Int32,22152
1774016924.0462854,/metrics/pcl/right/processing_ms,std_msgs/msg/Float32,115.25565338134766
1774016924.067386,/metrics/pcl/back/detections_count,std_msgs/msg/Int32,34
1774016924.067522,/metrics/pcl/back/points_in,std_msgs/msg/Int32,22152
1774016924.067584,/metrics/pcl/back/processing_ms,std_msgs/msg/Float32,97.085205078125
1774016924.1186178,/metrics/pcl/front/detections_count,std_msgs/msg/Int32,22
1774016924.118796,/metrics/pcl/front/points_in,std_msgs/msg/Int32,22152
1774016924.1189053,/metrics/pcl/front/processing_ms,std_msgs/msg/Float32,121.91966247558594
1774016924.120969,/metrics/pcl/left/detections_count,std_msgs/msg/Int32,26
1774016924.1210964,/metrics/pcl/left/processing_ms,std_msgs/msg/Float32,133.9560546875
1774016924.1215186,/metrics/pcl/left/points_in,std_msgs/msg/Int32,22152
1774016924.1583285,/metrics/pcl/right/detections_count,std_msgs/msg/Int32,32
1774016924.1585283,/metrics/pcl/right/points_in,std_msgs/msg/Int32,22152
1774016924.1585946,/metrics/pcl/right/processing_ms,std_msgs/msg/Float32,111.85868072509766
1774016924.161455,/metrics/pcl/back/detections_count,std_msgs/msg/Int32,36
1774016924.1615498,/metrics/pcl/back/points_in,std_msgs/msg/Int32,22152
1774016924.1616366,/metrics/pcl/back/processing_ms,std_msgs/msg/Float32,93.86795043945312
1774016924.2386312,/metrics/pcl/front/detections_count,std_msgs/msg/Int32,25
1774016924.238773,/metrics/pcl/front/points_in,std_msgs/msg/Int32,22152
1774016924.2388866,/metrics/pcl/front/processing_ms,std_msgs/msg/Float32,119.63716888427734
1774016924.2536795,/metrics/pcl/left/detections_count,std_msgs/msg/Int32,28
1774016924.253889,/metrics/pcl/left/points_in,std_msgs/msg/Int32,22152
1774016924.2540152,/metrics/pcl/left/processing_ms,std_msgs/msg/Float32,131.58416748046875
1774016924.2635581,/metrics/pcl/back/detections_count,std_msgs/msg/Int32,40
1774016924.2637064,/metrics/pcl/back/points_in,std_msgs/msg/Int32,22152
1774016924.2637868,/metrics/pcl/back/processing_ms,std_msgs/msg/Float32,95.06554412841797
1774016924.2698038,/metrics/pcl/right/detections_count,std_msgs/msg/Int32,26
1774016924.2699864,/metrics/pcl/right/points_in,std_msgs/msg/Int32,22152
1774016924.2701008,/metrics/pcl/right/processing_ms,std_msgs/msg/Float32,110.97884368896484
1774016924.3603299,/metrics/pcl/front/detections_count,std_msgs/msg/Int32,27
1774016924.360481,/metrics/pcl/front/points_in,std_msgs/msg/Int32,22152
1774016924.3605757,/metrics/pcl/front/processing_ms,std_msgs/msg/Float32,121.21942901611328
1774016924.3610284,/metrics/pcl/back/detections_count,std_msgs/msg/Int32,39
1774016924.3611245,/metrics/pcl/back/points_in,std_msgs/msg/Int32,22152
1774016924.36119,/metrics/pcl/back/processing_ms,std_msgs/msg/Float32,92.5482177734375
1774016924.3805456,/metrics/pcl/right/detections_count,std_msgs/msg/Int32,28
1774016924.380713,/metrics/pcl/right/points_in,std_msgs/msg/Int32,22152
1774016924.3807878,/metrics/pcl/right/processing_ms,std_msgs/msg/Float32,110.25584411621094
1774016924.3857243,/metrics/pcl/left/detections_count,std_msgs/msg/Int32,26
1774016924.385981,/metrics/pcl/left/points_in,std_msgs/msg/Int32,22152
1774016924.3860636,/metrics/pcl/left/processing_ms,std_msgs/msg/Float32,131.61636352539062
1774016924.466903,/metrics/pcl/back/detections_count,std_msgs/msg/Int32,38
1774016924.4670298,/metrics/pcl/back/points_in,std_msgs/msg/Int32,22152
1774016924.46709,/metrics/pcl/back/processing_ms,std_msgs/msg/Float32,97.1387939453125
1774016924.489979,/metrics/pcl/front/detections_count,std_msgs/msg/Int32,26
1774016924.4901347,/metrics/pcl/front/points_in,std_msgs/msg/Int32,22152
1774016924.4902298,/metrics/pcl/front/processing_ms,std_msgs/msg/Float32,128.9149932861328
1774016924.4954605,/metrics/pcl/right/detections_count,std_msgs/msg/Int32,30
1774016924.4955707,/metrics/pcl/right/points_in,std_msgs/msg/Int32,22152
1774016924.4956312,/metrics/pcl/right/processing_ms,std_msgs/msg/Float32,114.62232971191406
1774016924.5210507,/metrics/pcl/left/detections_count,std_msgs/msg/Int32,33
1774016924.52126,/metrics/pcl/left/points_in,std_msgs/msg/Int32,22152
1774016924.5213377,/metrics/pcl/left/processing_ms,std_msgs/msg/Float32,134.589599609375
1774016924.5671442,/metrics/pcl/back/detections_count,std_msgs/msg/Int32,42
1774016924.5672991,/metrics/pcl/back/points_in,std_msgs/msg/Int32,22152
1774016924.5673575,/metrics/pcl/back/processing_ms,std_msgs/msg/Float32,97.44733428955078
1774016924.6132538,/metrics/pcl/right/detections_count,std_msgs/msg/Int32,24
1774016924.6134129,/metrics/pcl/right/points_in,std_msgs/msg/Int32,22152
1774016924.613488,/metrics/pcl/right/processing_ms,std_msgs/msg/Float32,117.27555084228516
1774016924.614143,/metrics/pcl/front/detections_count,std_msgs/msg/Int32,23
1774016924.6142378,/metrics/pcl/front/points_in,std_msgs/msg/Int32,22152
1774016924.6143253,/metrics/pcl/front/processing_ms,std_msgs/msg/Float32,123.99320983886719
1774016924.6555245,/metrics/pcl/left/detections_count,std_msgs/msg/Int32,29
1774016924.6556826,/metrics/pcl/left/points_in,std_msgs/msg/Int32,22152
1774016924.6557949,/metrics/pcl/left/processing_ms,std_msgs/msg/Float32,133.90476989746094
1774016924.662848,/metrics/pcl/back/detections_count,std_msgs/msg/Int32,38
1774016924.662991,/metrics/pcl/back/points_in,std_msgs/msg/Int32,22152
1774016924.6630602,/metrics/pcl/back/processing_ms,std_msgs/msg/Float32,92.2841796875
1774016924.7292213,/metrics/pcl/right/detections_count,std_msgs/msg/Int32,31
1774016924.7293353,/metrics/pcl/right/points_in,std_msgs/msg/Int32,22152
1774016924.7293985,/metrics/pcl/right/processing_ms,std_msgs/msg/Float32,115.4345703125
1774016924.7359588,/metrics/pcl/front/detections_count,std_msgs/msg/Int32,24
1774016924.7360797,/metrics/pcl/front/points_in,std_msgs/msg/Int32,22152
1774016924.7361388,/metrics/pcl/front/processing_ms,std_msgs/msg/Float32,121.25740814208984
1774016924.7607362,/metrics/pcl/back/detections_count,std_msgs/msg/Int32,34
1774016924.7608652,/metrics/pcl/back/points_in,std_msgs/msg/Int32,22152
1774016924.761003,/metrics/pcl/back/processing_ms,std_msgs/msg/Float32,93.00615692138672
1774016924.791093,/metrics/pcl/left/detections_count,std_msgs/msg/Int32,30
1774016924.7912996,/metrics/pcl/left/points_in,std_msgs/msg/Int32,22152
1774016924.7913752,/metrics/pcl/left/processing_ms,std_msgs/msg/Float32,134.58360290527344
1774016924.845591,/metrics/pcl/right/detections_count,std_msgs/msg/Int32,30
1774016924.8457546,/metrics/pcl/right/points_in,std_msgs/msg/Int32,22152
1774016924.8458612,/metrics/pcl/right/processing_ms,std_msgs/msg/Float32,115.88751983642578
1774016924.8568368,/metrics/pcl/front/detections_count,std_msgs/msg/Int32,27
1774016924.8570457,/metrics/pcl/front/points_in,std_msgs/msg/Int32,22152
1774016924.8571546,/metrics/pcl/front/processing_ms,std_msgs/msg/Float32,120.24259948730469
1774016924.8629682,/metrics/pcl/back/detections_count,std_msgs/msg/Int32,36
1774016924.8631065,/metrics/pcl/back/points_in,std_msgs/msg/Int32,22152
1774016924.8631926,/metrics/pcl/back/processing_ms,std_msgs/msg/Float32,95.37861633300781
1774016924.9277027,/metrics/pcl/left/detections_count,std_msgs/msg/Int32,28
1774016924.927832,/metrics/pcl/left/points_in,std_msgs/msg/Int32,22152
1774016924.9279149,/metrics/pcl/left/processing_ms,std_msgs/msg/Float32,136.3016815185547
1774016924.9587731,/metrics/pcl/right/detections_count,std_msgs/msg/Int32,30
1774016924.958944,/metrics/pcl/right/points_in,std_msgs/msg/Int32,22152
1774016924.9590144,/metrics/pcl/right/processing_ms,std_msgs/msg/Float32,112.81400299072266
1774016924.9620142,/metrics/pcl/back/detections_count,std_msgs/msg/Int32,38
1774016924.9621086,/metrics/pcl/back/points_in,std_msgs/msg/Int32,22152
1774016924.9621897,/metrics/pcl/back/processing_ms,std_msgs/msg/Float32,92.9965591430664
1774016924.9773,/metrics/pcl/front/detections_count,std_msgs/msg/Int32,24
1774016924.9775078,/metrics/pcl/front/points_in,std_msgs/msg/Int32,22152
1774016924.9776273,/metrics/pcl/front/processing_ms,std_msgs/msg/Float32,120.01200866699219
1774016925.0599153,/metrics/pcl/back/detections_count,std_msgs/msg/Int32,38
1774016925.0601072,/metrics/pcl/back/points_in,std_msgs/msg/Int32,22152
1774016925.060198,/metrics/pcl/back/processing_ms,std_msgs/msg/Float32,90.7843017578125
1774016925.0606353,/metrics/pcl/left/detections_count,std_msgs/msg/Int32,31
1774016925.0607097,/metrics/pcl/left/points_in,std_msgs/msg/Int32,22152
1774016925.0607696,/metrics/pcl/left/processing_ms,std_msgs/msg/Float32,132.56167602539062
1774016925.0740693,/metrics/pcl/right/detections_count,std_msgs/msg/Int32,34
1774016925.07426,/metrics/pcl/right/points_in,std_msgs/msg/Int32,22152
1774016925.0743835,/metrics/pcl/right/processing_ms,std_msgs/msg/Float32,114.76222229003906
1774016925.0930476,/metrics/pcl/front/detections_count,std_msgs/msg/Int32,22
1774016925.0931945,/metrics/pcl/front/points_in,std_msgs/msg/Int32,22152
1774016925.0932832,/metrics/pcl/front/processing_ms,std_msgs/msg/Float32,115.26652526855469
1774016925.1623206,/metrics/pcl/back/detections_count,std_msgs/msg/Int32,36
1774016925.1624627,/metrics/pcl/back/points_in,std_msgs/msg/Int32,22152
1774016925.1625776,/metrics/pcl/back/processing_ms,std_msgs/msg/Float32,91.92326354980469
1774016925.1868017,/metrics/pcl/right/detections_count,std_msgs/msg/Int32,30
1774016925.1870592,/metrics/pcl/right/points_in,std_msgs/msg/Int32,22152
1774016925.1871538,/metrics/pcl/right/processing_ms,std_msgs/msg/Float32,112.18477630615234
1774016925.191141,/metrics/pcl/left/detections_count,std_msgs/msg/Int32,31
1774016925.1912959,/metrics/pcl/left/points_in,std_msgs/msg/Int32,22152
1774016925.191383,/metrics/pcl/left/processing_ms,std_msgs/msg/Float32,129.876708984375
1774016925.209297,/metrics/pcl/front/detections_count,std_msgs/msg/Int32,25
1774016925.209465,/metrics/pcl/front/points_in,std_msgs/msg/Int32,22152
1774016925.2095673,/metrics/pcl/front/processing_ms,std_msgs/msg/Float32,115.65382385253906
1774016925.2576334,/metrics/pcl/back/detections_count,std_msgs/msg/Int32,33
1774016925.2577944,/metrics/pcl/back/processing_ms,std_msgs/msg/Float32,90.97250366210938
1774016925.2582006,/metrics/pcl/back/points_in,std_msgs/msg/Int32,22152
1774016925.2999082,/metrics/pcl/right/detections_count,std_msgs/msg/Int32,30
1774016925.3000834,/metrics/pcl/right/points_in,std_msgs/msg/Int32,22152
1774016925.300161,/metrics/pcl/right/processing_ms,std_msgs/msg/Float32,112.67135620117188
1774016925.320804,/metrics/pcl/left/detections_count,std_msgs/msg/Int32,27
1774016925.321022,/metrics/pcl/left/points_in,std_msgs/msg/Int32,22152
1774016925.3211133,/metrics/pcl/left/processing_ms,std_msgs/msg/Float32,128.92169189453125
1774016925.328417,/metrics/pcl/front/detections_count,std_msgs/msg/Int32,24
1774016925.3285434,/metrics/pcl/front/points_in,std_msgs/msg/Int32,22152
1774016925.3286223,/metrics/pcl/front/processing_ms,std_msgs/msg/Float32,118.66206359863281
1774016925.3589332,/metrics/pcl/back/detections_count,std_msgs/msg/Int32,37
1774016925.3590877,/metrics/pcl/back/points_in,std_msgs/msg/Int32,22152
1774016925.3591638,/metrics/pcl/back/processing_ms,std_msgs/msg/Float32,91.54638671875
1774016925.4162462,/metrics/pcl/right/detections_count,std_msgs/msg/Int32,23
1774016925.4164329,/metrics/pcl/right/points_in,std_msgs/msg/Int32,22152
1774016925.4165397,/metrics/pcl/right/processing_ms,std_msgs/msg/Float32,115.82693481445312
1774016925.4422956,/metrics/pcl/front/detections_count,std_msgs/msg/Int32,26
1774016925.44246,/metrics/pcl/front/points_in,std_msgs/msg/Int32,22152
1774016925.4425633,/metrics/pcl/front/processing_ms,std_msgs/msg/Float32,113.3431396484375
1774016925.457364,/metrics/pcl/left/detections_count,std_msgs/msg/Int32,29
1774016925.4576151,/metrics/pcl/left/points_in,std_msgs/msg/Int32,22152
1774016925.4577112,/metrics/pcl/left/processing_ms,std_msgs/msg/Float32,136.0415802001953
1774016925.461757,/metrics/pcl/back/detections_count,std_msgs/msg/Int32,38
1774016925.4619339,/metrics/pcl/back/points_in,std_msgs/msg/Int32,22152
1774016925.4620314,/metrics/pcl/back/processing_ms,std_msgs/msg/Float32,93.924560546875
1774016925.5322506,/metrics/pcl/right/detections_count,std_msgs/msg/Int32,21
1774016925.5323884,/metrics/pcl/right/points_in,std_msgs/msg/Int32,22152
1774016925.5324793,/metrics/pcl/right/processing_ms,std_msgs/msg/Float32,115.62894439697266
1774016925.5612473,/metrics/pcl/front/detections_count,std_msgs/msg/Int32,22
1774016925.561464,/metrics/pcl/front/points_in,std_msgs/msg/Int32,22152
1774016925.56156,/metrics/pcl/front/processing_ms,std_msgs/msg/Float32,118.42340087890625
1774016925.5627394,/metrics/pcl/back/detections_count,std_msgs/msg/Int32,32
1774016925.562862,/metrics/pcl/back/points_in,std_msgs/msg/Int32,22152
1774016925.563001,/metrics/pcl/back/processing_ms,std_msgs/msg/Float32,94.44038391113281
1774016925.5933263,/metrics/pcl/left/detections_count,std_msgs/msg/Int32,31
1774016925.5935204,/metrics/pcl/left/points_in,std_msgs/msg/Int32,22152
1774016925.5936148,/metrics/pcl/left/processing_ms,std_msgs/msg/Float32,135.42640686035156
1774016925.6479797,/metrics/pcl/right/detections_count,std_msgs/msg/Int32,21
1774016925.64814,/metrics/pcl/right/points_in,std_msgs/msg/Int32,22152
1774016925.6482606,/metrics/pcl/right/processing_ms,std_msgs/msg/Float32,115.12374114990234
1774016925.6663713,/metrics/pcl/back/detections_count,std_msgs/msg/Int32,31
1774016925.666544,/metrics/pcl/back/points_in,std_msgs/msg/Int32,22152
1774016925.6666162,/metrics/pcl/back/processing_ms,std_msgs/msg/Float32,96.49402618408203
1774016925.6780112,/metrics/pcl/front/detections_count,std_msgs/msg/Int32,22
1774016925.6781528,/metrics/pcl/front/points_in,std_msgs/msg/Int32,22152
1774016925.678213,/metrics/pcl/front/processing_ms,std_msgs/msg/Float32,116.24725341796875
1774016925.7286787,/metrics/pcl/left/detections_count,std_msgs/msg/Int32,31
1774016925.728822,/metrics/pcl/left/points_in,std_msgs/msg/Int32,22152
1774016925.7289157,/metrics/pcl/left/processing_ms,std_msgs/msg/Float32,134.92396545410156
1774016925.762171,/metrics/pcl/right/detections_count,std_msgs/msg/Int32,26
1774016925.7623339,/metrics/pcl/right/points_in,std_msgs/msg/Int32,22152
1774016925.76247,/metrics/pcl/right/processing_ms,std_msgs/msg/Float32,113.7940444946289
1774016925.7670808,/metrics/pcl/back/detections_count,std_msgs/msg/Int32,32
1774016925.7672167,/metrics/pcl/back/points_in,std_msgs/msg/Int32,22152
1774016925.7672882,/metrics/pcl/back/processing_ms,std_msgs/msg/Float32,96.85548400878906
1774016925.796711,/metrics/pcl/front/detections_count,std_msgs/msg/Int32,22
1774016925.7968574,/metrics/pcl/front/points_in,std_msgs/msg/Int32,22152
1774016925.796948,/metrics/pcl/front/processing_ms,std_msgs/msg/Float32,118.1804428100586
1774016925.861978,/metrics/pcl/left/detections_count,std_msgs/msg/Int32,30
1774016925.8621314,/metrics/pcl/left/points_in,std_msgs/msg/Int32,22152
1774016925.862231,/metrics/pcl/left/processing_ms,std_msgs/msg/Float32,132.84600830078125
1774016925.866593,/metrics/pcl/back/detections_count,std_msgs/msg/Int32,36
1774016925.8667197,/metrics/pcl/back/points_in,std_msgs/msg/Int32,22152
1774016925.8668454,/metrics/pcl/back/processing_ms,std_msgs/msg/Float32,95.04964447021484
1774016925.8743834,/metrics/pcl/right/detections_count,std_msgs/msg/Int32,22
1774016925.8745413,/metrics/pcl/right/points_in,std_msgs/msg/Int32,22152
1774016925.8746204,/metrics/pcl/right/processing_ms,std_msgs/msg/Float32,111.70784759521484
1774016925.9080987,/metrics/pcl/front/detections_count,std_msgs/msg/Int32,27
1774016925.908353,/metrics/pcl/front/points_in,std_msgs/msg/Int32,22152
1774016925.9084692,/metrics/pcl/front/processing_ms,std_msgs/msg/Float32,110.68754577636719
1774016925.9613683,/metrics/pcl/back/detections_count,std_msgs/msg/Int32,37
1774016925.9615154,/metrics/pcl/back/points_in,std_msgs/msg/Int32,22152
1774016925.9615798,/metrics/pcl/back/processing_ms,std_msgs/msg/Float32,94.32890319824219
1774016925.9910712,/metrics/pcl/right/detections_count,std_msgs/msg/Int32,24
1774016925.9912353,/metrics/pcl/right/points_in,std_msgs/msg/Int32,22152
1774016925.9913027,/metrics/pcl/right/processing_ms,std_msgs/msg/Float32,116.19104766845703
1774016925.994483,/metrics/pcl/left/detections_count,std_msgs/msg/Int32,27
1774016925.9946148,/metrics/pcl/left/points_in,std_msgs/msg/Int32,22152
1774016925.994677,/metrics/pcl/left/processing_ms,std_msgs/msg/Float32,132.06443786621094
1774016926.0207248,/metrics/pcl/front/detections_count,std_msgs/msg/Int32,24
1774016926.0210164,/metrics/pcl/front/points_in,std_msgs/msg/Int32,22152
1774016926.0211244,/metrics/pcl/front/processing_ms,std_msgs/msg/Float32,112.07295227050781
1774016926.062427,/metrics/pcl/back/detections_count,std_msgs/msg/Int32,36
1774016926.0625737,/metrics/pcl/back/points_in,std_msgs/msg/Int32,22152
1774016926.062644,/metrics/pcl/back/processing_ms,std_msgs/msg/Float32,94.32083129882812
1774016926.1036773,/metrics/pcl/right/detections_count,std_msgs/msg/Int32,20
1774016926.1039283,/metrics/pcl/right/points_in,std_msgs/msg/Int32,22152
1774016926.1040556,/metrics/pcl/right/processing_ms,std_msgs/msg/Float32,111.9833984375
1774016926.1307926,/metrics/pcl/front/detections_count,std_msgs/msg/Int32,22
1774016926.130986,/metrics/pcl/front/processing_ms,std_msgs/msg/Float32,109.4992904663086
1774016926.1311114,/metrics/pcl/left/detections_count,std_msgs/msg/Int32,28
1774016926.131268,/metrics/pcl/left/points_in,std_msgs/msg/Int32,22152
1774016926.1313653,/metrics/pcl/left/processing_ms,std_msgs/msg/Float32,135.6761474609375
1774016926.1317747,/metrics/pcl/front/points_in,std_msgs/msg/Int32,22152
1774016926.1591368,/metrics/pcl/back/detections_count,std_msgs/msg/Int32,39
1774016926.1593277,/metrics/pcl/back/points_in,std_msgs/msg/Int32,22152
1774016926.1594343,/metrics/pcl/back/processing_ms,std_msgs/msg/Float32,90.63435363769531
1774016926.214383,/metrics/pcl/right/detections_count,std_msgs/msg/Int32,20
1774016926.2145085,/metrics/pcl/right/points_in,std_msgs/msg/Int32,22152
1774016926.2145677,/metrics/pcl/right/processing_ms,std_msgs/msg/Float32,110.31116485595703
1774016926.2406392,/metrics/pcl/front/detections_count,std_msgs/msg/Int32,23
1774016926.2408268,/metrics/pcl/front/points_in,std_msgs/msg/Int32,22152
1774016926.240914,/metrics/pcl/front/processing_ms,std_msgs/msg/Float32,109.38720703125
1774016926.2560549,/metrics/pcl/back/detections_count,std_msgs/msg/Int32,36
1774016926.2561731,/metrics/pcl/back/points_in,std_msgs/msg/Int32,22152
1774016926.2562344,/metrics/pcl/back/processing_ms,std_msgs/msg/Float32,86.70111846923828
1774016926.2573013,/metrics/pcl/left/detections_count,std_msgs/msg/Int32,32
1774016926.2573955,/metrics/pcl/left/points_in,std_msgs/msg/Int32,22152
1774016926.2574542,/metrics/pcl/left/processing_ms,std_msgs/msg/Float32,126.29496765136719
1774016926.3262851,/metrics/pcl/right/detections_count,std_msgs/msg/Int32,21
1774016926.3264308,/metrics/pcl/right/points_in,std_msgs/msg/Int32,22152
1774016926.3264916,/metrics/pcl/right/processing_ms,std_msgs/msg/Float32,111.51754760742188
1774016926.3481297,/metrics/pcl/front/detections_count,std_msgs/msg/Int32,23
1774016926.3482459,/metrics/pcl/front/points_in,std_msgs/msg/Int32,22152
1774016926.3483083,/metrics/pcl/front/processing_ms,std_msgs/msg/Float32,107.14339447021484
1774016926.3580792,/metrics/pcl/back/detections_count,std_msgs/msg/Int32,38
1774016926.358214,/metrics/pcl/back/points_in,std_msgs/msg/Int32,22152
1774016926.3582764,/metrics/pcl/back/processing_ms,std_msgs/msg/Float32,87.64666748046875
1774016926.3893168,/metrics/pcl/left/detections_count,std_msgs/msg/Int32,30
1774016926.3894873,/metrics/pcl/left/points_in,std_msgs/msg/Int32,22152
1774016926.3895621,/metrics/pcl/left/processing_ms,std_msgs/msg/Float32,131.15077209472656
1774016926.439776,/metrics/pcl/right/detections_count,std_msgs/msg/Int32,25
1774016926.4400184,/metrics/pcl/right/points_in,std_msgs/msg/Int32,22152
1774016926.440098,/metrics/pcl/right/processing_ms,std_msgs/msg/Float32,112.84388732910156
1774016926.460565,/metrics/pcl/front/detections_count,std_msgs/msg/Int32,25
1774016926.460687,/metrics/pcl/front/points_in,std_msgs/msg/Int32,22152
1774016926.4607503,/metrics/pcl/front/processing_ms,std_msgs/msg/Float32,111.90426635742188
1774016926.4632053,/metrics/pcl/back/detections_count,std_msgs/msg/Int32,35
1774016926.463293,/metrics/pcl/back/points_in,std_msgs/msg/Int32,22152
1774016926.4633598,/metrics/pcl/back/processing_ms,std_msgs/msg/Float32,97.04127502441406
1774016926.5188937,/metrics/pcl/left/detections_count,std_msgs/msg/Int32,33
1774016926.519092,/metrics/pcl/left/points_in,std_msgs/msg/Int32,22152
1774016926.519214,/metrics/pcl/left/processing_ms,std_msgs/msg/Float32,129.15469360351562
1774016926.5541682,/metrics/pcl/right/detections_count,std_msgs/msg/Int32,25
1774016926.554398,/metrics/pcl/right/points_in,std_msgs/msg/Int32,22152
1774016926.5545135,/metrics/pcl/right/processing_ms,std_msgs/msg/Float32,113.79072570800781
1774016926.5627842,/metrics/pcl/back/detections_count,std_msgs/msg/Int32,36
1774016926.562954,/metrics/pcl/back/points_in,std_msgs/msg/Int32,22152
1774016926.5630596,/metrics/pcl/back/processing_ms,std_msgs/msg/Float32,94.83145141601562
1774016926.5758162,/metrics/pcl/front/detections_count,std_msgs/msg/Int32,23
1774016926.576005,/metrics/pcl/front/points_in,std_msgs/msg/Int32,22152
1774016926.576079,/metrics/pcl/front/processing_ms,std_msgs/msg/Float32,114.65564727783203
1774016926.6556125,/metrics/pcl/left/detections_count,std_msgs/msg/Int32,34
1774016926.6558027,/metrics/pcl/left/points_in,std_msgs/msg/Int32,22152
1774016926.6559134,/metrics/pcl/left/processing_ms,std_msgs/msg/Float32,136.0723876953125
1774016926.6620498,/metrics/pcl/back/detections_count,std_msgs/msg/Int32,38
1774016926.6621876,/metrics/pcl/back/points_in,std_msgs/msg/Int32,22152
1774016926.6622775,/metrics/pcl/back/processing_ms,std_msgs/msg/Float32,93.99130249023438
1774016926.674426,/metrics/pcl/right/detections_count,std_msgs/msg/Int32,23
1774016926.6745481,/metrics/pcl/right/points_in,std_msgs/msg/Int32,22152
1774016926.6746078,/metrics/pcl/right/processing_ms,std_msgs/msg/Float32,119.97688293457031
1774016926.686243,/metrics/pcl/front/detections_count,std_msgs/msg/Int32,23
1774016926.6864245,/metrics/pcl/front/points_in,std_msgs/msg/Int32,22152
1774016926.6865,/metrics/pcl/front/processing_ms,std_msgs/msg/Float32,109.89473724365234
1774016926.763115,/metrics/pcl/back/detections_count,std_msgs/msg/Int32,37
1774016926.7632694,/metrics/pcl/back/points_in,std_msgs/msg/Int32,22152
1774016926.7633543,/metrics/pcl/back/processing_ms,std_msgs/msg/Float32,94.147216796875
1774016926.7849736,/metrics/pcl/right/detections_count,std_msgs/msg/Int32,26
1774016926.785172,/metrics/pcl/right/points_in,std_msgs/msg/Int32,22152
1774016926.7852569,/metrics/pcl/right/processing_ms,std_msgs/msg/Float32,109.90449523925781
1774016926.7858503,/metrics/pcl/left/detections_count,std_msgs/msg/Int32,25
1774016926.7859607,/metrics/pcl/left/processing_ms,std_msgs/msg/Float32,130.05975341796875
1774016926.7865224,/metrics/pcl/left/points_in,std_msgs/msg/Int32,22152
1774016926.79602,/metrics/pcl/front/detections_count,std_msgs/msg/Int32,24
1774016926.7961874,/metrics/pcl/front/points_in,std_msgs/msg/Int32,22152
1774016926.796277,/metrics/pcl/front/processing_ms,std_msgs/msg/Float32,109.32112121582031
1774016926.8644705,/metrics/pcl/back/detections_count,std_msgs/msg/Int32,33
1774016926.8645918,/metrics/pcl/back/points_in,std_msgs/msg/Int32,22152
1774016926.864655,/metrics/pcl/back/processing_ms,std_msgs/msg/Float32,95.6584701538086
1774016926.8986697,/metrics/pcl/right/detections_count,std_msgs/msg/Int32,26
1774016926.8988085,/metrics/pcl/right/points_in,std_msgs/msg/Int32,22152
1774016926.8988903,/metrics/pcl/right/processing_ms,std_msgs/msg/Float32,113.3511734008789
1774016926.9086914,/metrics/pcl/front/detections_count,std_msgs/msg/Int32,25
1774016926.908844,/metrics/pcl/front/points_in,std_msgs/msg/Int32,22152
1774016926.9089248,/metrics/pcl/front/processing_ms,std_msgs/msg/Float32,112.16033172607422
1774016926.9150867,/metrics/pcl/left/detections_count,std_msgs/msg/Int32,25
1774016926.9152148,/metrics/pcl/left/points_in,std_msgs/msg/Int32,22152
1774016926.9153357,/metrics/pcl/left/processing_ms,std_msgs/msg/Float32,128.60365295410156
1774016926.9681551,/metrics/pcl/back/detections_count,std_msgs/msg/Int32,36
1774016926.968308,/metrics/pcl/back/points_in,std_msgs/msg/Int32,22152
1774016926.968382,/metrics/pcl/back/processing_ms,std_msgs/msg/Float32,98.08293914794922
1774016927.015723,/metrics/pcl/right/detections_count,std_msgs/msg/Int32,25
1774016927.0159,/metrics/pcl/right/points_in,std_msgs/msg/Int32,22152
1774016927.0159802,/metrics/pcl/right/processing_ms,std_msgs/msg/Float32,116.64202117919922
1774016927.0278525,/metrics/pcl/front/detections_count,std_msgs/msg/Int32,25
1774016927.028016,/metrics/pcl/front/points_in,std_msgs/msg/Int32,22152
1774016927.0280807,/metrics/pcl/front/processing_ms,std_msgs/msg/Float32,118.6751480102539
1774016927.0422182,/metrics/pcl/left/detections_count,std_msgs/msg/Int32,34
1774016927.0424201,/metrics/pcl/left/points_in,std_msgs/msg/Int32,22152
1774016927.042502,/metrics/pcl/left/processing_ms,std_msgs/msg/Float32,126.4666976928711
1774016927.061412,/metrics/pcl/back/detections_count,std_msgs/msg/Int32,35
1774016927.0615954,/metrics/pcl/back/points_in,std_msgs/msg/Int32,22152
1774016927.061686,/metrics/pcl/back/processing_ms,std_msgs/msg/Float32,92.74972534179688
1774016927.1292827,/metrics/pcl/right/detections_count,std_msgs/msg/Int32,26
1774016927.1294177,/metrics/pcl/right/points_in,std_msgs/msg/Int32,22152
1774016927.1294968,/metrics/pcl/right/processing_ms,std_msgs/msg/Float32,113.10872650146484
1774016927.1374197,/metrics/pcl/front/detections_count,std_msgs/msg/Int32,25
1774016927.1375825,/metrics/pcl/front/points_in,std_msgs/msg/Int32,22152
1774016927.1376588,/metrics/pcl/front/processing_ms,std_msgs/msg/Float32,108.99290466308594
1774016927.1612182,/metrics/pcl/back/detections_count,std_msgs/msg/Int32,35
1774016927.161349,/metrics/pcl/back/points_in,std_msgs/msg/Int32,22152
1774016927.161434,/metrics/pcl/back/processing_ms,std_msgs/msg/Float32,93.09073638916016
1774016927.1684196,/metrics/pcl/left/detections_count,std_msgs/msg/Int32,30
1774016927.1685855,/metrics/pcl/left/points_in,std_msgs/msg/Int32,22152
1774016927.1686585,/metrics/pcl/left/processing_ms,std_msgs/msg/Float32,125.77057647705078
1774016927.2399044,/metrics/pcl/right/detections_count,std_msgs/msg/Int32,24
1774016927.2400753,/metrics/pcl/right/points_in,std_msgs/msg/Int32,22152
1774016927.2401576,/metrics/pcl/right/processing_ms,std_msgs/msg/Float32,110.21267700195312
1774016927.2453716,/metrics/pcl/front/detections_count,std_msgs/msg/Int32,27
1774016927.2455132,/metrics/pcl/front/points_in,std_msgs/msg/Int32,22152
1774016927.2455761,/metrics/pcl/front/processing_ms,std_msgs/msg/Float32,107.57108306884766
1774016927.258441,/metrics/pcl/back/detections_count,std_msgs/msg/Int32,35
1774016927.2585788,/metrics/pcl/back/points_in,std_msgs/msg/Int32,22152
1774016927.2586558,/metrics/pcl/back/processing_ms,std_msgs/msg/Float32,90.3614501953125
1774016927.294612,/metrics/pcl/left/detections_count,std_msgs/msg/Int32,29
1774016927.2947571,/metrics/pcl/left/points_in,std_msgs/msg/Int32,22152
1774016927.2948525,/metrics/pcl/left/processing_ms,std_msgs/msg/Float32,125.63452911376953
1774016927.350042,/metrics/pcl/right/detections_count,std_msgs/msg/Int32,27
1774016927.350194,/metrics/pcl/right/points_in,std_msgs/msg/Int32,22152
1774016927.3502984,/metrics/pcl/right/processing_ms,std_msgs/msg/Float32,109.47309875488281
1774016927.3509555,/metrics/pcl/front/detections_count,std_msgs/msg/Int32,30
1774016927.3510594,/metrics/pcl/front/points_in,std_msgs/msg/Int32,22152
1774016927.351168,/metrics/pcl/front/processing_ms,std_msgs/msg/Float32,104.93510437011719
1774016927.3629127,/metrics/pcl/back/detections_count,std_msgs/msg/Int32,36
1774016927.3630602,/metrics/pcl/back/points_in,std_msgs/msg/Int32,22152
1774016927.3631325,/metrics/pcl/back/processing_ms,std_msgs/msg/Float32,93.49508666992188
1774016927.4198794,/metrics/pcl/left/detections_count,std_msgs/msg/Int32,30
1774016927.4200234,/metrics/pcl/left/points_in,std_msgs/msg/Int32,22152
1774016927.4201016,/metrics/pcl/left/processing_ms,std_msgs/msg/Float32,124.85694885253906
1774016927.4624088,/metrics/pcl/front/detections_count,std_msgs/msg/Int32,32
1774016927.4625812,/metrics/pcl/front/points_in,std_msgs/msg/Int32,22152
1774016927.4626849,/metrics/pcl/front/processing_ms,std_msgs/msg/Float32,111.0584945678711
1774016927.465896,/metrics/pcl/right/detections_count,std_msgs/msg/Int32,35
1774016927.4660275,/metrics/pcl/right/points_in,std_msgs/msg/Int32,22152
1774016927.4661624,/metrics/pcl/right/processing_ms,std_msgs/msg/Float32,115.62541961669922
1774016927.4690135,/metrics/pcl/back/detections_count,std_msgs/msg/Int32,34
1774016927.4691079,/metrics/pcl/back/points_in,std_msgs/msg/Int32,22152
1774016927.469187,/metrics/pcl/back/processing_ms,std_msgs/msg/Float32,98.89524841308594
1774016927.5474625,/metrics/pcl/left/detections_count,std_msgs/msg/Int32,28
1774016927.547639,/metrics/pcl/left/points_in,std_msgs/msg/Int32,22152
1774016927.5477169,/metrics/pcl/left/processing_ms,std_msgs/msg/Float32,127.30123138427734
1774016927.5635498,/metrics/pcl/back/detections_count,std_msgs/msg/Int32,36
1774016927.5636804,/metrics/pcl/back/points_in,std_msgs/msg/Int32,22152
1774016927.5637531,/metrics/pcl/back/processing_ms,std_msgs/msg/Float32,93.23379516601562
1774016927.5706906,/metrics/pcl/front/detections_count,std_msgs/msg/Int32,29
1774016927.5707984,/metrics/pcl/front/points_in,std_msgs/msg/Int32,22152
1774016927.5708604,/metrics/pcl/front/processing_ms,std_msgs/msg/Float32,107.92509460449219
1774016927.5805495,/metrics/pcl/right/detections_count,std_msgs/msg/Int32,32
1774016927.5807464,/metrics/pcl/right/points_in,std_msgs/msg/Int32,22152
1774016927.580847,/metrics/pcl/right/processing_ms,std_msgs/msg/Float32,114.08087921142578
1774016927.6612403,/metrics/pcl/back/detections_count,std_msgs/msg/Int32,34
1774016927.6613822,/metrics/pcl/back/points_in,std_msgs/msg/Int32,22152
1774016927.6614425,/metrics/pcl/back/processing_ms,std_msgs/msg/Float32,94.5778579711914
1774016927.6768613,/metrics/pcl/left/detections_count,std_msgs/msg/Int32,27
1774016927.677086,/metrics/pcl/left/points_in,std_msgs/msg/Int32,22152
1774016927.6771622,/metrics/pcl/left/processing_ms,std_msgs/msg/Float32,128.90296936035156
1774016927.681841,/metrics/pcl/front/detections_count,std_msgs/msg/Int32,24
1774016927.6819715,/metrics/pcl/front/points_in,std_msgs/msg/Int32,22152
1774016927.682043,/metrics/pcl/front/processing_ms,std_msgs/msg/Float32,110.74960327148438
1774016927.6987622,/metrics/pcl/right/detections_count,std_msgs/msg/Int32,29
1774016927.698904,/metrics/pcl/right/points_in,std_msgs/msg/Int32,22152
1774016927.6989884,/metrics/pcl/right/processing_ms,std_msgs/msg/Float32,117.84833526611328
1774016927.7624953,/metrics/pcl/back/detections_count,std_msgs/msg/Int32,34
1774016927.7664332,/metrics/pcl/back/points_in,std_msgs/msg/Int32,22152
1774016927.76652,/metrics/pcl/back/processing_ms,std_msgs/msg/Float32,95.19155883789062
1774016927.7872124,/metrics/pcl/front/detections_count,std_msgs/msg/Int32,28
1774016927.7875063,/metrics/pcl/front/points_in,std_msgs/msg/Int32,22152
1774016927.7876267,/metrics/pcl/front/processing_ms,std_msgs/msg/Float32,104.69803619384766
1774016927.8132405,/metrics/pcl/right/detections_count,std_msgs/msg/Int32,28
1774016927.8133998,/metrics/pcl/right/points_in,std_msgs/msg/Int32,22152
1774016927.8134806,/metrics/pcl/right/processing_ms,std_msgs/msg/Float32,114.00936126708984
1774016927.8156116,/metrics/pcl/left/detections_count,std_msgs/msg/Int32,34
1774016927.8157248,/metrics/pcl/left/points_in,std_msgs/msg/Int32,22152
1774016927.8158514,/metrics/pcl/left/processing_ms,std_msgs/msg/Float32,138.3848114013672
1774016927.863749,/metrics/pcl/back/detections_count,std_msgs/msg/Int32,34
1774016927.8639095,/metrics/pcl/back/points_in,std_msgs/msg/Int32,22152
1774016927.8640122,/metrics/pcl/back/processing_ms,std_msgs/msg/Float32,95.95553588867188
1774016927.89275,/metrics/pcl/front/detections_count,std_msgs/msg/Int32,26
1774016927.8929048,/metrics/pcl/front/points_in,std_msgs/msg/Int32,22152
1774016927.8929923,/metrics/pcl/front/processing_ms,std_msgs/msg/Float32,105.2065658569336
1774016927.9285216,/metrics/pcl/right/detections_count,std_msgs/msg/Int32,29
1774016927.9286551,/metrics/pcl/right/points_in,std_msgs/msg/Int32,22152
1774016927.9287212,/metrics/pcl/right/processing_ms,std_msgs/msg/Float32,114.7703628540039
1774016927.9464118,/metrics/pcl/left/detections_count,std_msgs/msg/Int32,32
1774016927.946582,/metrics/pcl/left/points_in,std_msgs/msg/Int32,22152
1774016927.9466808,/metrics/pcl/left/processing_ms,std_msgs/msg/Float32,129.963134765625
1774016927.9646735,/metrics/pcl/back/detections_count,std_msgs/msg/Int32,35
1774016927.9648285,/metrics/pcl/back/points_in,std_msgs/msg/Int32,22152
1774016927.9649518,/metrics/pcl/back/processing_ms,std_msgs/msg/Float32,95.16609954833984
1774016927.9972425,/metrics/pcl/front/detections_count,std_msgs/msg/Int32,26
1774016927.9974117,/metrics/pcl/front/points_in,std_msgs/msg/Int32,22152
1774016927.9975288,/metrics/pcl/front/processing_ms,std_msgs/msg/Float32,104.07463836669922
1774016928.0442553,/metrics/pcl/right/detections_count,std_msgs/msg/Int32,31
1774016928.0444503,/metrics/pcl/right/points_in,std_msgs/msg/Int32,22152
1774016928.0445848,/metrics/pcl/right/processing_ms,std_msgs/msg/Float32,115.30268859863281
1774016928.0649512,/metrics/pcl/back/detections_count,std_msgs/msg/Int32,37
1774016928.0650952,/metrics/pcl/back/points_in,std_msgs/msg/Int32,22152
1774016928.065178,/metrics/pcl/back/processing_ms,std_msgs/msg/Float32,95.47958374023438
1774016928.0791621,/metrics/pcl/left/detections_count,std_msgs/msg/Int32,31
1774016928.079357,/metrics/pcl/left/points_in,std_msgs/msg/Int32,22152
1774016928.0794442,/metrics/pcl/left/processing_ms,std_msgs/msg/Float32,132.14988708496094
1774016928.1014693,/metrics/pcl/front/detections_count,std_msgs/msg/Int32,29
1774016928.1016068,/metrics/pcl/front/points_in,std_msgs/msg/Int32,22152
1774016928.101683,/metrics/pcl/front/processing_ms,std_msgs/msg/Float32,103.7669448852539
1774016928.1557138,/metrics/pcl/right/detections_count,std_msgs/msg/Int32,27
1774016928.1559222,/metrics/pcl/right/points_in,std_msgs/msg/Int32,22152
1774016928.1560585,/metrics/pcl/right/processing_ms,std_msgs/msg/Float32,110.78048706054688
1774016928.1672165,/metrics/pcl/back/detections_count,std_msgs/msg/Int32,39
1774016928.16735,/metrics/pcl/back/points_in,std_msgs/msg/Int32,22152
1774016928.167409,/metrics/pcl/back/processing_ms,std_msgs/msg/Float32,96.1794204711914
1774016928.2066522,/metrics/pcl/front/detections_count,std_msgs/msg/Int32,25
1774016928.2068062,/metrics/pcl/front/points_in,std_msgs/msg/Int32,22152
1774016928.2068937,/metrics/pcl/front/processing_ms,std_msgs/msg/Float32,104.7445068359375
1774016928.2104592,/metrics/pcl/left/detections_count,std_msgs/msg/Int32,29
1774016928.2105703,/metrics/pcl/left/points_in,std_msgs/msg/Int32,22152
1774016928.2106922,/metrics/pcl/left/processing_ms,std_msgs/msg/Float32,131.07174682617188
1774016928.2601316,/metrics/pcl/back/detections_count,std_msgs/msg/Int32,39
1774016928.260285,/metrics/pcl/back/points_in,std_msgs/msg/Int32,22152
1774016928.2603786,/metrics/pcl/back/processing_ms,std_msgs/msg/Float32,92.44595336914062
1774016928.2650127,/metrics/pcl/right/detections_count,std_msgs/msg/Int32,37
1774016928.2651346,/metrics/pcl/right/points_in,std_msgs/msg/Int32,22152
1774016928.2652462,/metrics/pcl/right/processing_ms,std_msgs/msg/Float32,109.18778228759766
1774016928.3167188,/metrics/pcl/front/detections_count,std_msgs/msg/Int32,28
1774016928.3168662,/metrics/pcl/front/points_in,std_msgs/msg/Int32,22152
1774016928.3169692,/metrics/pcl/front/processing_ms,std_msgs/msg/Float32,109.59082794189453
1774016928.3406656,/metrics/pcl/left/detections_count,std_msgs/msg/Int32,27
1774016928.340836,/metrics/pcl/left/points_in,std_msgs/msg/Int32,22152
1774016928.3409324,/metrics/pcl/left/processing_ms,std_msgs/msg/Float32,129.4131317138672
1774016928.3587599,/metrics/pcl/back/detections_count,std_msgs/msg/Int32,34
1774016928.3589008,/metrics/pcl/back/points_in,std_msgs/msg/Int32,22152
1774016928.358995,/metrics/pcl/back/processing_ms,std_msgs/msg/Float32,91.54816436767578
1774016928.3703475,/metrics/pcl/right/detections_count,std_msgs/msg/Int32,33
1774016928.3705058,/metrics/pcl/right/points_in,std_msgs/msg/Int32,22152
1774016928.3705807,/metrics/pcl/right/processing_ms,std_msgs/msg/Float32,104.7765884399414
1774016928.4342697,/metrics/pcl/front/detections_count,std_msgs/msg/Int32,33
1774016928.4344256,/metrics/pcl/front/points_in,std_msgs/msg/Int32,22152
1774016928.4345603,/metrics/pcl/front/processing_ms,std_msgs/msg/Float32,117.09921264648438
1774016928.4630568,/metrics/pcl/back/detections_count,std_msgs/msg/Int32,36
1774016928.4632268,/metrics/pcl/back/points_in,std_msgs/msg/Int32,22152
1774016928.4633403,/metrics/pcl/back/processing_ms,std_msgs/msg/Float32,94.6191177368164
1774016928.4697177,/metrics/pcl/left/detections_count,std_msgs/msg/Int32,29
1774016928.4698637,/metrics/pcl/left/points_in,std_msgs/msg/Int32,22152
1774016928.469948,/metrics/pcl/left/processing_ms,std_msgs/msg/Float32,128.57020568847656
1774016928.4787543,/metrics/pcl/right/detections_count,std_msgs/msg/Int32,30
1774016928.4789612,/metrics/pcl/right/points_in,std_msgs/msg/Int32,22152
1774016928.4790478,/metrics/pcl/right/processing_ms,std_msgs/msg/Float32,107.93531036376953
1774016928.553231,/metrics/pcl/front/detections_count,std_msgs/msg/Int32,23
1774016928.553436,/metrics/pcl/front/points_in,std_msgs/msg/Int32,22152
1774016928.5535414,/metrics/pcl/front/processing_ms,std_msgs/msg/Float32,118.361083984375
1774016928.564445,/metrics/pcl/back/detections_count,std_msgs/msg/Int32,34
1774016928.5645778,/metrics/pcl/back/points_in,std_msgs/msg/Int32,22152
1774016928.5646527,/metrics/pcl/back/processing_ms,std_msgs/msg/Float32,95.40069580078125
1774016928.5864964,/metrics/pcl/right/detections_count,std_msgs/msg/Int32,32
1774016928.586622,/metrics/pcl/right/points_in,std_msgs/msg/Int32,22152
1774016928.5866928,/metrics/pcl/right/processing_ms,std_msgs/msg/Float32,107.35745239257812
1774016928.6001432,/metrics/pcl/left/detections_count,std_msgs/msg/Int32,33
1774016928.6002867,/metrics/pcl/left/points_in,std_msgs/msg/Int32,22152
1774016928.6003697,/metrics/pcl/left/processing_ms,std_msgs/msg/Float32,129.96461486816406
1774016928.6695096,/metrics/pcl/back/detections_count,std_msgs/msg/Int32,32
1774016928.6697881,/metrics/pcl/back/points_in,std_msgs/msg/Int32,22152
1774016928.669928,/metrics/pcl/back/processing_ms,std_msgs/msg/Float32,100.02210235595703
1774016928.674895,/metrics/pcl/front/detections_count,std_msgs/msg/Int32,27
1774016928.6750586,/metrics/pcl/front/points_in,std_msgs/msg/Int32,22152
1774016928.675125,/metrics/pcl/front/processing_ms,std_msgs/msg/Float32,121.35173034667969
1774016928.6925786,/metrics/pcl/right/detections_count,std_msgs/msg/Int32,30
1774016928.6927307,/metrics/pcl/right/points_in,std_msgs/msg/Int32,22152
1774016928.6927981,/metrics/pcl/right/processing_ms,std_msgs/msg/Float32,105.61907958984375
1774016928.7309434,/metrics/pcl/left/detections_count,std_msgs/msg/Int32,29
1774016928.7310863,/metrics/pcl/left/points_in,std_msgs/msg/Int32,22152
1774016928.7311468,/metrics/pcl/left/processing_ms,std_msgs/msg/Float32,130.38673400878906
1774016928.7649894,/metrics/pcl/back/detections_count,std_msgs/msg/Int32,33
1774016928.765125,/metrics/pcl/back/points_in,std_msgs/msg/Int32,22152
1774016928.7652042,/metrics/pcl/back/processing_ms,std_msgs/msg/Float32,94.40512084960938
1774016928.7927053,/metrics/pcl/front/detections_count,std_msgs/msg/Int32,29
1774016928.792952,/metrics/pcl/front/points_in,std_msgs/msg/Int32,22152
1774016928.793069,/metrics/pcl/front/processing_ms,std_msgs/msg/Float32,117.24495697021484
1774016928.8036144,/metrics/pcl/right/detections_count,std_msgs/msg/Int32,31
1774016928.8037808,/metrics/pcl/right/points_in,std_msgs/msg/Int32,22152
1774016928.803882,/metrics/pcl/right/processing_ms,std_msgs/msg/Float32,110.40047454833984
1774016928.8614042,/metrics/pcl/back/detections_count,std_msgs/msg/Int32,38
1774016928.861526,/metrics/pcl/back/points_in,std_msgs/msg/Int32,22152
1774016928.8616047,/metrics/pcl/back/processing_ms,std_msgs/msg/Float32,94.6171646118164
1774016928.862435,/metrics/pcl/left/detections_count,std_msgs/msg/Int32,35
1774016928.8625126,/metrics/pcl/left/points_in,std_msgs/msg/Int32,22152
1774016928.8625793,/metrics/pcl/left/processing_ms,std_msgs/msg/Float32,131.20578002929688
1774016928.9083877,/metrics/pcl/right/detections_count,std_msgs/msg/Int32,29
1774016928.9085505,/metrics/pcl/right/points_in,std_msgs/msg/Int32,22152
1774016928.9086185,/metrics/pcl/right/processing_ms,std_msgs/msg/Float32,104.34077453613281
1774016928.9089913,/metrics/pcl/front/detections_count,std_msgs/msg/Int32,26
1774016928.9090598,/metrics/pcl/front/points_in,std_msgs/msg/Int32,22152
1774016928.9091136,/metrics/pcl/front/processing_ms,std_msgs/msg/Float32,115.58100891113281
1774016928.9613624,/metrics/pcl/back/detections_count,std_msgs/msg/Int32,34
1774016928.961538,/metrics/pcl/back/points_in,std_msgs/msg/Int32,22152
1774016928.9616153,/metrics/pcl/back/processing_ms,std_msgs/msg/Float32,93.23212432861328
1774016928.991992,/metrics/pcl/left/detections_count,std_msgs/msg/Int32,33
1774016928.99221,/metrics/pcl/left/points_in,std_msgs/msg/Int32,22152
1774016928.9923582,/metrics/pcl/left/processing_ms,std_msgs/msg/Float32,128.79327392578125
1774016929.0137024,/metrics/pcl/right/detections_count,std_msgs/msg/Int32,28
1774016929.0138216,/metrics/pcl/right/points_in,std_msgs/msg/Int32,22152
1774016929.0138936,/metrics/pcl/right/processing_ms,std_msgs/msg/Float32,104.98235321044922
1774016929.0262723,/metrics/pcl/front/detections_count,std_msgs/msg/Int32,23
1774016929.0264063,/metrics/pcl/front/points_in,std_msgs/msg/Int32,22152
1774016929.0264955,/metrics/pcl/front/processing_ms,std_msgs/msg/Float32,116.95472717285156
1774016929.0646188,/metrics/pcl/back/detections_count,std_msgs/msg/Int32,35
1774016929.064749,/metrics/pcl/back/points_in,std_msgs/msg/Int32,22152
1774016929.0648227,/metrics/pcl/back/processing_ms,std_msgs/msg/Float32,95.74877166748047
1774016929.121657,/metrics/pcl/right/detections_count,std_msgs/msg/Int32,30
1774016929.1218085,/metrics/pcl/right/points_in,std_msgs/msg/Int32,22152
1774016929.1219049,/metrics/pcl/right/processing_ms,std_msgs/msg/Float32,107.52913665771484
1774016929.1234071,/metrics/pcl/left/detections_count,std_msgs/msg/Int32,32
1774016929.1235578,/metrics/pcl/left/points_in,std_msgs/msg/Int32,22152
1774016929.1236534,/metrics/pcl/left/processing_ms,std_msgs/msg/Float32,131.0651092529297
1774016929.1444228,/metrics/pcl/front/detections_count,std_msgs/msg/Int32,27
1774016929.144601,/metrics/pcl/front/points_in,std_msgs/msg/Int32,22152
1774016929.1447186,/metrics/pcl/front/processing_ms,std_msgs/msg/Float32,117.6310043334961
1774016929.160443,/metrics/pcl/back/detections_count,std_msgs/msg/Int32,38
1774016929.1606243,/metrics/pcl/back/points_in,std_msgs/msg/Int32,22152
1774016929.160731,/metrics/pcl/back/processing_ms,std_msgs/msg/Float32,91.40987396240234
1774016929.223677,/metrics/pcl/right/detections_count,std_msgs/msg/Int32,32
1774016929.2238536,/metrics/pcl/right/points_in,std_msgs/msg/Int32,22152
1774016929.223976,/metrics/pcl/right/processing_ms,std_msgs/msg/Float32,101.52799987792969
1774016929.2515697,/metrics/pcl/left/detections_count,std_msgs/msg/Int32,32
1774016929.2517667,/metrics/pcl/left/points_in,std_msgs/msg/Int32,22152
1774016929.2518442,/metrics/pcl/left/processing_ms,std_msgs/msg/Float32,127.20533752441406
1774016929.2581112,/metrics/pcl/front/detections_count,std_msgs/msg/Int32,26
1774016929.2582932,/metrics/pcl/front/points_in,std_msgs/msg/Int32,22152
1774016929.2583869,/metrics/pcl/front/processing_ms,std_msgs/msg/Float32,113.1761703491211
1774016929.2601397,/metrics/pcl/back/detections_count,std_msgs/msg/Int32,39
1774016929.260223,/metrics/pcl/back/points_in,std_msgs/msg/Int32,22152
1774016929.260285,/metrics/pcl/back/processing_ms,std_msgs/msg/Float32,90.75386047363281
1774016929.3237345,/metrics/pcl/right/detections_count,std_msgs/msg/Int32,23
1774016929.3239012,/metrics/pcl/right/points_in,std_msgs/msg/Int32,22152
1774016929.3239717,/metrics/pcl/right/processing_ms,std_msgs/msg/Float32,99.67329406738281
1774016929.3590705,/metrics/pcl/back/detections_count,std_msgs/msg/Int32,36
1774016929.3592439,/metrics/pcl/back/points_in,std_msgs/msg/Int32,22152
1774016929.3593209,/metrics/pcl/back/processing_ms,std_msgs/msg/Float32,89.01200866699219
1774016929.3749306,/metrics/pcl/front/detections_count,std_msgs/msg/Int32,24
1774016929.3750834,/metrics/pcl/front/points_in,std_msgs/msg/Int32,22152
1774016929.3751583,/metrics/pcl/front/processing_ms,std_msgs/msg/Float32,116.31385803222656
1774016929.3822074,/metrics/pcl/left/detections_count,std_msgs/msg/Int32,31
1774016929.382368,/metrics/pcl/left/points_in,std_msgs/msg/Int32,22152
1774016929.3824444,/metrics/pcl/left/processing_ms,std_msgs/msg/Float32,130.16087341308594
1774016929.424542,/metrics/pcl/right/detections_count,std_msgs/msg/Int32,26
1774016929.4246995,/metrics/pcl/right/points_in,std_msgs/msg/Int32,22152
1774016929.424774,/metrics/pcl/right/processing_ms,std_msgs/msg/Float32,100.39405822753906
1774016929.4659204,/metrics/pcl/back/detections_count,std_msgs/msg/Int32,33
1774016929.4660804,/metrics/pcl/back/points_in,std_msgs/msg/Int32,22152
1774016929.4661458,/metrics/pcl/back/processing_ms,std_msgs/msg/Float32,99.03368377685547
1774016929.4951587,/metrics/pcl/front/detections_count,std_msgs/msg/Int32,28
1774016929.495294,/metrics/pcl/front/points_in,std_msgs/msg/Int32,22152
1774016929.4953806,/metrics/pcl/front/processing_ms,std_msgs/msg/Float32,119.80440521240234
1774016929.518966,/metrics/pcl/left/detections_count,std_msgs/msg/Int32,32
1774016929.5191627,/metrics/pcl/left/points_in,std_msgs/msg/Int32,22152
1774016929.5192556,/metrics/pcl/left/processing_ms,std_msgs/msg/Float32,136.25143432617188
1774016929.5309098,/metrics/pcl/right/detections_count,std_msgs/msg/Int32,24
1774016929.5310621,/metrics/pcl/right/points_in,std_msgs/msg/Int32,22152
1774016929.5311425,/metrics/pcl/right/processing_ms,std_msgs/msg/Float32,105.76129150390625
1774016929.5676222,/metrics/pcl/back/detections_count,std_msgs/msg/Int32,37
1774016929.5678828,/metrics/pcl/back/points_in,std_msgs/msg/Int32,22152
1774016929.5679955,/metrics/pcl/back/processing_ms,std_msgs/msg/Float32,100.06747436523438
1774016929.6222486,/metrics/pcl/front/detections_count,std_msgs/msg/Int32,32
1774016929.6224403,/metrics/pcl/front/points_in,std_msgs/msg/Int32,22152
1774016929.6225486,/metrics/pcl/front/processing_ms,std_msgs/msg/Float32,126.51997375488281
1774016929.641054,/metrics/pcl/right/detections_count,std_msgs/msg/Int32,22
1774016929.641198,/metrics/pcl/right/points_in,std_msgs/msg/Int32,22152
1774016929.6412697,/metrics/pcl/right/processing_ms,std_msgs/msg/Float32,109.67418670654297
1774016929.654831,/metrics/pcl/left/detections_count,std_msgs/msg/Int32,31
1774016929.6550844,/metrics/pcl/left/points_in,std_msgs/msg/Int32,22152
1774016929.6552134,/metrics/pcl/left/processing_ms,std_msgs/msg/Float32,135.32765197753906
1774016929.669502,/metrics/pcl/back/detections_count,std_msgs/msg/Int32,36
1774016929.6696491,/metrics/pcl/back/points_in,std_msgs/msg/Int32,22152
1774016929.6697125,/metrics/pcl/back/processing_ms,std_msgs/msg/Float32,101.21611022949219
1774016929.7364676,/metrics/pcl/front/detections_count,std_msgs/msg/Int32,31
1774016929.7366648,/metrics/pcl/front/points_in,std_msgs/msg/Int32,22152
1774016929.7367308,/metrics/pcl/front/processing_ms,std_msgs/msg/Float32,113.76940155029297
1774016929.742827,/metrics/pcl/right/detections_count,std_msgs/msg/Int32,23
1774016929.7429867,/metrics/pcl/right/points_in,std_msgs/msg/Int32,22152
1774016929.7430542,/metrics/pcl/right/processing_ms,std_msgs/msg/Float32,101.1635513305664
1774016929.765582,/metrics/pcl/back/detections_count,std_msgs/msg/Int32,38
1774016929.765743,/metrics/pcl/back/points_in,std_msgs/msg/Int32,22152
1774016929.765834,/metrics/pcl/back/processing_ms,std_msgs/msg/Float32,95.40850830078125
1774016929.793729,/metrics/pcl/left/detections_count,std_msgs/msg/Int32,31
1774016929.7939134,/metrics/pcl/left/points_in,std_msgs/msg/Int32,22152
1774016929.7940137,/metrics/pcl/left/processing_ms,std_msgs/msg/Float32,138.24853515625
1774016929.8475726,/metrics/pcl/right/detections_count,std_msgs/msg/Int32,24
1774016929.8477454,/metrics/pcl/right/points_in,std_msgs/msg/Int32,22152
1774016929.8478482,/metrics/pcl/right/processing_ms,std_msgs/msg/Float32,104.2333984375
1774016929.8503685,/metrics/pcl/front/detections_count,std_msgs/msg/Int32,32
1774016929.8504574,/metrics/pcl/front/points_in,std_msgs/msg/Int32,22152
1774016929.8505383,/metrics/pcl/front/processing_ms,std_msgs/msg/Float32,113.60250091552734
1774016929.8665895,/metrics/pcl/back/detections_count,std_msgs/msg/Int32,32
1774016929.8667443,/metrics/pcl/back/points_in,std_msgs/msg/Int32,22152
1774016929.8668268,/metrics/pcl/back/processing_ms,std_msgs/msg/Float32,96.51234436035156
1774016929.9337265,/metrics/pcl/left/detections_count,std_msgs/msg/Int32,28
1774016929.933853,/metrics/pcl/left/points_in,std_msgs/msg/Int32,22152
1774016929.933954,/metrics/pcl/left/processing_ms,std_msgs/msg/Float32,139.5609130859375
1774016929.9522269,/metrics/pcl/right/detections_count,std_msgs/msg/Int32,23
1774016929.952393,/metrics/pcl/right/points_in,std_msgs/msg/Int32,22152
1774016929.952481,/metrics/pcl/right/processing_ms,std_msgs/msg/Float32,104.13877868652344
1774016929.9653652,/metrics/pcl/front/detections_count,std_msgs/msg/Int32,29
1774016929.965635,/metrics/pcl/front/points_in,std_msgs/msg/Int32,22152
1774016929.965746,/metrics/pcl/front/processing_ms,std_msgs/msg/Float32,114.1364974975586
1774016929.9697843,/metrics/pcl/back/detections_count,std_msgs/msg/Int32,33
1774016929.9699764,/metrics/pcl/back/points_in,std_msgs/msg/Int32,22152
1774016929.9700842,/metrics/pcl/back/processing_ms,std_msgs/msg/Float32,99.56763458251953
1774016930.055411,/metrics/pcl/right/detections_count,std_msgs/msg/Int32,24
1774016930.0555484,/metrics/pcl/right/points_in,std_msgs/msg/Int32,22152
1774016930.0556643,/metrics/pcl/right/processing_ms,std_msgs/msg/Float32,102.84598541259766
1774016930.0676415,/metrics/pcl/back/detections_count,std_msgs/msg/Int32,34
1774016930.067818,/metrics/pcl/back/points_in,std_msgs/msg/Int32,22152
1774016930.0679398,/metrics/pcl/back/processing_ms,std_msgs/msg/Float32,96.96281433105469
1774016930.0696006,/metrics/pcl/left/detections_count,std_msgs/msg/Int32,34
1774016930.0697157,/metrics/pcl/left/points_in,std_msgs/msg/Int32,22152
1774016930.0697906,/metrics/pcl/left/processing_ms,std_msgs/msg/Float32,135.59812927246094
1774016930.0782914,/metrics/pcl/front/detections_count,std_msgs/msg/Int32,36
1774016930.078442,/metrics/pcl/front/points_in,std_msgs/msg/Int32,22152
1774016930.078515,/metrics/pcl/front/processing_ms,std_msgs/msg/Float32,112.37232208251953
1774016930.1616988,/metrics/pcl/back/detections_count,std_msgs/msg/Int32,35
1774016930.161831,/metrics/pcl/back/points_in,std_msgs/msg/Int32,22152
1774016930.1619544,/metrics/pcl/back/processing_ms,std_msgs/msg/Float32,93.85484313964844
1774016930.1624875,/metrics/pcl/right/detections_count,std_msgs/msg/Int32,22
1774016930.162549,/metrics/pcl/right/points_in,std_msgs/msg/Int32,22152
1774016930.1625972,/metrics/pcl/right/processing_ms,std_msgs/msg/Float32,106.77203369140625
1774016930.1845765,/metrics/pcl/front/detections_count,std_msgs/msg/Int32,31
1774016930.184726,/metrics/pcl/front/points_in,std_msgs/msg/Int32,22152
1774016930.184811,/metrics/pcl/front/processing_ms,std_msgs/msg/Float32,105.80152130126953
1774016930.1978195,/metrics/pcl/left/detections_count,std_msgs/msg/Int32,31
1774016930.1980007,/metrics/pcl/left/points_in,std_msgs/msg/Int32,22152
1774016930.198095,/metrics/pcl/left/processing_ms,std_msgs/msg/Float32,127.58596801757812
1774016930.2617328,/metrics/pcl/back/detections_count,std_msgs/msg/Int32,32
1774016930.2619061,/metrics/pcl/back/points_in,std_msgs/msg/Int32,22152
1774016930.2620387,/metrics/pcl/back/processing_ms,std_msgs/msg/Float32,93.64378356933594
1774016930.267106,/metrics/pcl/right/detections_count,std_msgs/msg/Int32,23
1774016930.2672138,/metrics/pcl/right/points_in,std_msgs/msg/Int32,22152
1774016930.2672896,/metrics/pcl/right/processing_ms,std_msgs/msg/Float32,104.29935455322266
1774016930.2901866,/metrics/pcl/front/detections_count,std_msgs/msg/Int32,34
1774016930.290354,/metrics/pcl/front/points_in,std_msgs/msg/Int32,22152
1774016930.2904425,/metrics/pcl/front/processing_ms,std_msgs/msg/Float32,105.20884704589844
1774016930.3280733,/metrics/pcl/left/detections_count,std_msgs/msg/Int32,34
1774016930.3282301,/metrics/pcl/left/points_in,std_msgs/msg/Int32,22152
1774016930.3283074,/metrics/pcl/left/processing_ms,std_msgs/msg/Float32,129.6664581298828
1774016930.3615918,/metrics/pcl/back/detections_count,std_msgs/msg/Int32,36
1774016930.3617318,/metrics/pcl/back/points_in,std_msgs/msg/Int32,22152
1774016930.3618145,/metrics/pcl/back/processing_ms,std_msgs/msg/Float32,92.57649230957031
1774016930.3722436,/metrics/pcl/right/detections_count,std_msgs/msg/Int32,24
1774016930.3725066,/metrics/pcl/right/points_in,std_msgs/msg/Int32,22152
1774016930.3726196,/metrics/pcl/right/processing_ms,std_msgs/msg/Float32,104.32988739013672
1774016930.4002197,/metrics/pcl/front/detections_count,std_msgs/msg/Int32,31
1774016930.4003592,/metrics/pcl/front/points_in,std_msgs/msg/Int32,22152
1774016930.400424,/metrics/pcl/front/processing_ms,std_msgs/msg/Float32,109.46714782714844
1774016930.4619472,/metrics/pcl/left/detections_count,std_msgs/msg/Int32,30
1774016930.4620907,/metrics/pcl/left/points_in,std_msgs/msg/Int32,22152
1774016930.4621832,/metrics/pcl/left/processing_ms,std_msgs/msg/Float32,133.40414428710938
1774016930.4643612,/metrics/pcl/back/detections_count,std_msgs/msg/Int32,38
1774016930.4644442,/metrics/pcl/back/points_in,std_msgs/msg/Int32,22152
1774016930.4645028,/metrics/pcl/back/processing_ms,std_msgs/msg/Float32,94.70291137695312
1774016930.475422,/metrics/pcl/right/detections_count,std_msgs/msg/Int32,24
1774016930.4756255,/metrics/pcl/right/points_in,std_msgs/msg/Int32,22152
1774016930.4757488,/metrics/pcl/right/processing_ms,std_msgs/msg/Float32,102.650146484375
1774016930.5140793,/metrics/pcl/front/detections_count,std_msgs/msg/Int32,30
1774016930.51429,/metrics/pcl/front/points_in,std_msgs/msg/Int32,22152
1774016930.5144002,/metrics/pcl/front/processing_ms,std_msgs/msg/Float32,113.43321228027344
1774016930.5704043,/metrics/pcl/back/detections_count,std_msgs/msg/Int32,35
1774016930.5705469,/metrics/pcl/back/points_in,std_msgs/msg/Int32,22152
1774016930.5706248,/metrics/pcl/back/processing_ms,std_msgs/msg/Float32,99.50640869140625
1774016930.5805233,/metrics/pcl/right/detections_count,std_msgs/msg/Int32,24
1774016930.580712,/metrics/pcl/right/points_in,std_msgs/msg/Int32,22152
1774016930.5808184,/metrics/pcl/right/processing_ms,std_msgs/msg/Float32,104.6836166381836
1774016930.5963717,/metrics/pcl/left/detections_count,std_msgs/msg/Int32,36
1774016930.596525,/metrics/pcl/left/points_in,std_msgs/msg/Int32,22152
1774016930.5965943,/metrics/pcl/left/processing_ms,std_msgs/msg/Float32,133.9982147216797
1774016930.6306531,/metrics/pcl/front/detections_count,std_msgs/msg/Int32,32
1774016930.6308482,/metrics/pcl/front/points_in,std_msgs/msg/Int32,22152
1774016930.6309848,/metrics/pcl/front/processing_ms,std_msgs/msg/Float32,115.89600372314453
1774016930.6634367,/metrics/pcl/back/detections_count,std_msgs/msg/Int32,38
1774016930.6635559,/metrics/pcl/back/points_in,std_msgs/msg/Int32,22152
1774016930.6636195,/metrics/pcl/back/processing_ms,std_msgs/msg/Float32,92.54501342773438
1774016930.68624,/metrics/pcl/right/detections_count,std_msgs/msg/Int32,29
1774016930.6864047,/metrics/pcl/right/points_in,std_msgs/msg/Int32,22152
1774016930.6864831,/metrics/pcl/right/processing_ms,std_msgs/msg/Float32,104.97689056396484
1774016930.7339606,/metrics/pcl/left/detections_count,std_msgs/msg/Int32,31
1774016930.7340996,/metrics/pcl/left/points_in,std_msgs/msg/Int32,22152
1774016930.7341619,/metrics/pcl/left/processing_ms,std_msgs/msg/Float32,137.07223510742188
1774016930.747076,/metrics/pcl/front/detections_count,std_msgs/msg/Int32,30
1774016930.7471974,/metrics/pcl/front/points_in,std_msgs/msg/Int32,22152
1774016930.7472804,/metrics/pcl/front/processing_ms,std_msgs/msg/Float32,116.0387191772461
1774016930.764665,/metrics/pcl/back/detections_count,std_msgs/msg/Int32,34
1774016930.7648041,/metrics/pcl/back/points_in,std_msgs/msg/Int32,22152
1774016930.7649064,/metrics/pcl/back/processing_ms,std_msgs/msg/Float32,96.9379653930664
1774016930.7805784,/metrics/pcl/right/detections_count,std_msgs/msg/Int32,26
1774016930.7807362,/metrics/pcl/right/points_in,std_msgs/msg/Int32,22152
1774016930.7808268,/metrics/pcl/right/processing_ms,std_msgs/msg/Float32,93.84392547607422
1774016930.860542,/metrics/pcl/back/detections_count,std_msgs/msg/Int32,36
1774016930.8606777,/metrics/pcl/back/points_in,std_msgs/msg/Int32,22152
1774016930.8607445,/metrics/pcl/back/processing_ms,std_msgs/msg/Float32,92.14685821533203
1774016930.8611553,/metrics/pcl/front/detections_count,std_msgs/msg/Int32,29
1774016930.861244,/metrics/pcl/front/points_in,std_msgs/msg/Int32,22152
1774016930.8613176,/metrics/pcl/front/processing_ms,std_msgs/msg/Float32,113.62564086914062
1774016930.8664818,/metrics/pcl/left/detections_count,std_msgs/msg/Int32,31
1774016930.8665867,/metrics/pcl/left/points_in,std_msgs/msg/Int32,22152
1774016930.8666515,/metrics/pcl/left/processing_ms,std_msgs/msg/Float32,132.1687774658203
1774016930.8752875,/metrics/pcl/right/detections_count,std_msgs/msg/Int32,29
1774016930.875489,/metrics/pcl/right/points_in,std_msgs/msg/Int32,22152
1774016930.875589,/metrics/pcl/right/processing_ms,std_msgs/msg/Float32,94.02923583984375
1774016930.9633586,/metrics/pcl/back/detections_count,std_msgs/msg/Int32,39
1774016930.963508,/metrics/pcl/back/points_in,std_msgs/msg/Int32,22152
1774016930.9636242,/metrics/pcl/back/processing_ms,std_msgs/msg/Float32,94.18181610107422
1774016930.967948,/metrics/pcl/right/detections_count,std_msgs/msg/Int32,25
1774016930.9680388,/metrics/pcl/right/points_in,std_msgs/msg/Int32,22152
1774016930.968134,/metrics/pcl/right/processing_ms,std_msgs/msg/Float32,92.48506927490234
1774016930.9786441,/metrics/pcl/front/detections_count,std_msgs/msg/Int32,28
1774016930.9787943,/metrics/pcl/front/points_in,std_msgs/msg/Int32,22152
1774016930.978892,/metrics/pcl/front/processing_ms,std_msgs/msg/Float32,116.88819885253906
1774016931.0024538,/metrics/pcl/left/detections_count,std_msgs/msg/Int32,35
1774016931.002605,/metrics/pcl/left/points_in,std_msgs/msg/Int32,22152
1774016931.0026803,/metrics/pcl/left/processing_ms,std_msgs/msg/Float32,135.33905029296875
1774016931.062139,/metrics/pcl/back/detections_count,std_msgs/msg/Int32,39
1774016931.0623088,/metrics/pcl/back/points_in,std_msgs/msg/Int32,22152
1774016931.062393,/metrics/pcl/back/processing_ms,std_msgs/msg/Float32,92.48834228515625
1774016931.0673342,/metrics/pcl/right/detections_count,std_msgs/msg/Int32,30
1774016931.067461,/metrics/pcl/right/points_in,std_msgs/msg/Int32,22152
1774016931.067579,/metrics/pcl/right/processing_ms,std_msgs/msg/Float32,98.75279998779297
1774016931.0989852,/metrics/pcl/front/detections_count,std_msgs/msg/Int32,30
1774016931.0991294,/metrics/pcl/front/points_in,std_msgs/msg/Int32,22152
1774016931.09922,/metrics/pcl/front/processing_ms,std_msgs/msg/Float32,119.98179626464844
1774016931.1334815,/metrics/pcl/left/detections_count,std_msgs/msg/Int32,32
1774016931.133604,/metrics/pcl/left/points_in,std_msgs/msg/Int32,22152
1774016931.1336803,/metrics/pcl/left/processing_ms,std_msgs/msg/Float32,130.55300903320312
1774016931.1576443,/metrics/pcl/back/detections_count,std_msgs/msg/Int32,38
1774016931.1577632,/metrics/pcl/back/points_in,std_msgs/msg/Int32,22152
1774016931.1578243,/metrics/pcl/back/processing_ms,std_msgs/msg/Float32,91.26969146728516
1774016931.1636539,/metrics/pcl/right/detections_count,std_msgs/msg/Int32,29
1774016931.1637518,/metrics/pcl/right/points_in,std_msgs/msg/Int32,22152
1774016931.1638272,/metrics/pcl/right/processing_ms,std_msgs/msg/Float32,95.8570785522461
1774016931.215203,/metrics/pcl/front/detections_count,std_msgs/msg/Int32,30
1774016931.2153525,/metrics/pcl/front/points_in,std_msgs/msg/Int32,22152
1774016931.2154205,/metrics/pcl/front/processing_ms,std_msgs/msg/Float32,115.74271392822266
1774016931.255018,/metrics/pcl/right/detections_count,std_msgs/msg/Int32,29
1774016931.255193,/metrics/pcl/right/points_in,std_msgs/msg/Int32,22152
1774016931.2552726,/metrics/pcl/right/processing_ms,std_msgs/msg/Float32,90.69636535644531
1774016931.2556803,/metrics/pcl/back/detections_count,std_msgs/msg/Int32,32
1774016931.2557547,/metrics/pcl/back/points_in,std_msgs/msg/Int32,22152
1774016931.255825,/metrics/pcl/back/processing_ms,std_msgs/msg/Float32,88.80245971679688
1774016931.2635903,/metrics/pcl/left/detections_count,std_msgs/msg/Int32,30
1774016931.2637239,/metrics/pcl/left/points_in,std_msgs/msg/Int32,22152
1774016931.2637951,/metrics/pcl/left/processing_ms,std_msgs/msg/Float32,129.7080535888672
1774016931.3291092,/metrics/pcl/front/detections_count,std_msgs/msg/Int32,29
1774016931.3292518,/metrics/pcl/front/points_in,std_msgs/msg/Int32,22152
1774016931.3293145,/metrics/pcl/front/processing_ms,std_msgs/msg/Float32,113.43329620361328
1774016931.3439534,/metrics/pcl/right/detections_count,std_msgs/msg/Int32,27
1774016931.3441403,/metrics/pcl/right/points_in,std_msgs/msg/Int32,22152
1774016931.3442087,/metrics/pcl/right/processing_ms,std_msgs/msg/Float32,88.2989730834961
1774016931.3652287,/metrics/pcl/back/detections_count,std_msgs/msg/Int32,34
1774016931.3653684,/metrics/pcl/back/points_in,std_msgs/msg/Int32,22152
1774016931.3654387,/metrics/pcl/back/processing_ms,std_msgs/msg/Float32,96.50955963134766
1774016931.393775,/metrics/pcl/left/detections_count,std_msgs/msg/Int32,33
1774016931.3939397,/metrics/pcl/left/points_in,std_msgs/msg/Int32,22152
1774016931.3940072,/metrics/pcl/left/processing_ms,std_msgs/msg/Float32,129.62850952148438
1774016931.4358191,/metrics/pcl/right/detections_count,std_msgs/msg/Int32,32
1774016931.4359627,/metrics/pcl/right/points_in,std_msgs/msg/Int32,22152
1774016931.4360547,/metrics/pcl/right/processing_ms,std_msgs/msg/Float32,91.43582916259766
1774016931.4466903,/metrics/pcl/front/detections_count,std_msgs/msg/Int32,33
1774016931.4469225,/metrics/pcl/front/points_in,std_msgs/msg/Int32,22152
1774016931.447018,/metrics/pcl/front/processing_ms,std_msgs/msg/Float32,116.88592529296875
1774016931.4654093,/metrics/pcl/back/detections_count,std_msgs/msg/Int32,34
1774016931.4656062,/metrics/pcl/back/points_in,std_msgs/msg/Int32,22152
1774016931.4657009,/metrics/pcl/back/processing_ms,std_msgs/msg/Float32,96.66011047363281
1774016931.5227234,/metrics/pcl/right/detections_count,std_msgs/msg/Int32,30
1774016931.5229292,/metrics/pcl/right/points_in,std_msgs/msg/Int32,22152
1774016931.523017,/metrics/pcl/right/processing_ms,std_msgs/msg/Float32,86.4610595703125
1774016931.5247037,/metrics/pcl/left/detections_count,std_msgs/msg/Int32,34
1774016931.5247893,/metrics/pcl/left/points_in,std_msgs/msg/Int32,22152
1774016931.5248516,/metrics/pcl/left/processing_ms,std_msgs/msg/Float32,130.551513671875
1774016931.5588143,/metrics/pcl/back/detections_count,std_msgs/msg/Int32,37
1774016931.5590386,/metrics/pcl/back/points_in,std_msgs/msg/Int32,22152
1774016931.5591729,/metrics/pcl/back/processing_ms,std_msgs/msg/Float32,89.75682830810547
1774016931.5598187,/metrics/pcl/front/detections_count,std_msgs/msg/Int32,25
1774016931.5599616,/metrics/pcl/front/points_in,std_msgs/msg/Int32,22152
1774016931.5601137,/metrics/pcl/front/processing_ms,std_msgs/msg/Float32,112.25627899169922
1774016931.6151507,/metrics/pcl/right/detections_count,std_msgs/msg/Int32,30
1774016931.6152945,/metrics/pcl/right/points_in,std_msgs/msg/Int32,22152
1774016931.6153555,/metrics/pcl/right/processing_ms,std_msgs/msg/Float32,91.93773651123047
1774016931.6614776,/metrics/pcl/back/detections_count,std_msgs/msg/Int32,38
1774016931.6616714,/metrics/pcl/back/points_in,std_msgs/msg/Int32,22152
1774016931.6617737,/metrics/pcl/back/processing_ms,std_msgs/msg/Float32,91.33618927001953
1774016931.6655774,/metrics/pcl/left/detections_count,std_msgs/msg/Int32,30
1774016931.665673,/metrics/pcl/left/points_in,std_msgs/msg/Int32,22152
1774016931.665776,/metrics/pcl/left/processing_ms,std_msgs/msg/Float32,140.3621368408203
1774016931.6773648,/metrics/pcl/front/detections_count,std_msgs/msg/Int32,25
1774016931.6775029,/metrics/pcl/front/points_in,std_msgs/msg/Int32,22152
1774016931.6775684,/metrics/pcl/front/processing_ms,std_msgs/msg/Float32,117.32048797607422
1774016931.7084253,/metrics/pcl/right/detections_count,std_msgs/msg/Int32,31
1774016931.708613,/metrics/pcl/right/points_in,std_msgs/msg/Int32,22152
1774016931.7086923,/metrics/pcl/right/processing_ms,std_msgs/msg/Float32,92.6793212890625
1774016931.759048,/metrics/pcl/back/detections_count,std_msgs/msg/Int32,36
1774016931.7592387,/metrics/pcl/back/points_in,std_msgs/msg/Int32,22152
1774016931.7593749,/metrics/pcl/back/processing_ms,std_msgs/msg/Float32,92.4261703491211
1774016931.7926776,/metrics/pcl/front/detections_count,std_msgs/msg/Int32,25
1774016931.7928164,/metrics/pcl/front/points_in,std_msgs/msg/Int32,22152
1774016931.7929003,/metrics/pcl/front/processing_ms,std_msgs/msg/Float32,114.79179382324219
1774016931.797225,/metrics/pcl/left/detections_count,std_msgs/msg/Int32,33
1774016931.797304,/metrics/pcl/left/points_in,std_msgs/msg/Int32,22152
1774016931.7973611,/metrics/pcl/left/processing_ms,std_msgs/msg/Float32,131.14393615722656
1774016931.8058977,/metrics/pcl/right/detections_count,std_msgs/msg/Int32,29
1774016931.8060865,/metrics/pcl/right/points_in,std_msgs/msg/Int32,22152
1774016931.8061664,/metrics/pcl/right/processing_ms,std_msgs/msg/Float32,96.83999633789062
1774016931.8608816,/metrics/pcl/back/detections_count,std_msgs/msg/Int32,30
1774016931.8610897,/metrics/pcl/back/points_in,std_msgs/msg/Int32,22152
1774016931.8612134,/metrics/pcl/back/processing_ms,std_msgs/msg/Float32,93.55865478515625
1774016931.9050028,/metrics/pcl/right/detections_count,std_msgs/msg/Int32,27
1774016931.9052088,/metrics/pcl/right/points_in,std_msgs/msg/Int32,22152
1774016931.9052935,/metrics/pcl/right/processing_ms,std_msgs/msg/Float32,98.56813049316406
1774016931.9108474,/metrics/pcl/front/detections_count,std_msgs/msg/Int32,28
1774016931.9110353,/metrics/pcl/front/points_in,std_msgs/msg/Int32,22152
1774016931.9111056,/metrics/pcl/front/processing_ms,std_msgs/msg/Float32,117.6189956665039
1774016931.932396,/metrics/pcl/left/detections_count,std_msgs/msg/Int32,31
1774016931.9325163,/metrics/pcl/left/points_in,std_msgs/msg/Int32,22152
1774016931.9325824,/metrics/pcl/left/processing_ms,std_msgs/msg/Float32,134.57318115234375
1774016931.960615,/metrics/pcl/back/detections_count,std_msgs/msg/Int32,39
1774016931.9608014,/metrics/pcl/back/points_in,std_msgs/msg/Int32,22152
1774016931.9609144,/metrics/pcl/back/processing_ms,std_msgs/msg/Float32,92.30310821533203
1774016932.013294,/metrics/pcl/right/detections_count,std_msgs/msg/Int32,31
1774016932.0134337,/metrics/pcl/right/points_in,std_msgs/msg/Int32,22152
1774016932.0135124,/metrics/pcl/right/processing_ms,std_msgs/msg/Float32,107.83554077148438
1774016932.0322535,/metrics/pcl/front/detections_count,std_msgs/msg/Int32,26
1774016932.0324206,/metrics/pcl/front/points_in,std_msgs/msg/Int32,22152
1774016932.0324938,/metrics/pcl/front/processing_ms,std_msgs/msg/Float32,120.76396179199219
1774016932.0596263,/metrics/pcl/back/detections_count,std_msgs/msg/Int32,38
1774016932.0597692,/metrics/pcl/back/points_in,std_msgs/msg/Int32,22152
1774016932.0598636,/metrics/pcl/back/processing_ms,std_msgs/msg/Float32,90.68681335449219
1774016932.0664976,/metrics/pcl/left/detections_count,std_msgs/msg/Int32,36
1774016932.0666761,/metrics/pcl/left/points_in,std_msgs/msg/Int32,22152
1774016932.066753,/metrics/pcl/left/processing_ms,std_msgs/msg/Float32,133.53334045410156
1774016932.1184826,/metrics/pcl/right/detections_count,std_msgs/msg/Int32,28
1774016932.118647,/metrics/pcl/right/points_in,std_msgs/msg/Int32,22152
1774016932.1187499,/metrics/pcl/right/processing_ms,std_msgs/msg/Float32,104.62303161621094
1774016932.1509438,/metrics/pcl/front/detections_count,std_msgs/msg/Int32,26
1774016932.1513793,/metrics/pcl/front/points_in,std_msgs/msg/Int32,22152
1774016932.151458,/metrics/pcl/front/processing_ms,std_msgs/msg/Float32,118.18401336669922
1774016932.1607358,/metrics/pcl/back/detections_count,std_msgs/msg/Int32,35
1774016932.160893,/metrics/pcl/back/points_in,std_msgs/msg/Int32,22152
1774016932.1609867,/metrics/pcl/back/processing_ms,std_msgs/msg/Float32,91.2227554321289
1774016932.2001758,/metrics/pcl/left/detections_count,std_msgs/msg/Int32,30
1774016932.2003188,/metrics/pcl/left/points_in,std_msgs/msg/Int32,22152
1774016932.2003882,/metrics/pcl/left/processing_ms,std_msgs/msg/Float32,133.17727661132812
1774016932.2243295,/metrics/pcl/right/detections_count,std_msgs/msg/Int32,29
1774016932.2245848,/metrics/pcl/right/points_in,std_msgs/msg/Int32,22152
1774016932.2247014,/metrics/pcl/right/processing_ms,std_msgs/msg/Float32,105.12934112548828
1774016932.2668808,/metrics/pcl/front/detections_count,std_msgs/msg/Int32,24
1774016932.2670233,/metrics/pcl/front/points_in,std_msgs/msg/Int32,22152
1774016932.2670887,/metrics/pcl/front/processing_ms,std_msgs/msg/Float32,115.21398162841797
1774016932.2820141,/metrics/pcl/back/detections_count,std_msgs/msg/Int32,35
1774016932.282135,/metrics/pcl/back/points_in,std_msgs/msg/Int32,22152
1774016932.2821915,/metrics/pcl/back/processing_ms,std_msgs/msg/Float32,94.54696655273438
1774016932.3307123,/metrics/pcl/left/detections_count,std_msgs/msg/Int32,29
1774016932.3308854,/metrics/pcl/right/detections_count,std_msgs/msg/Int32,26
1774016932.3309875,/metrics/pcl/right/points_in,std_msgs/msg/Int32,22152
1774016932.3310702,/metrics/pcl/right/processing_ms,std_msgs/msg/Float32,105.874755859375
1774016932.3314843,/metrics/pcl/left/points_in,std_msgs/msg/Int32,22152
1774016932.3315482,/metrics/pcl/left/processing_ms,std_msgs/msg/Float32,130.03880310058594
1774016932.3755662,/metrics/pcl/back/detections_count,std_msgs/msg/Int32,34
1774016932.3757465,/metrics/pcl/back/points_in,std_msgs/msg/Int32,22152
1774016932.3758452,/metrics/pcl/back/processing_ms,std_msgs/msg/Float32,93.04036712646484
1774016932.3814416,/metrics/pcl/front/detections_count,std_msgs/msg/Int32,25
1774016932.3816214,/metrics/pcl/front/points_in,std_msgs/msg/Int32,22152
1774016932.3817294,/metrics/pcl/front/processing_ms,std_msgs/msg/Float32,114.13016510009766
1774016932.4440923,/metrics/pcl/right/detections_count,std_msgs/msg/Int32,27
1774016932.4442987,/metrics/pcl/right/points_in,std_msgs/msg/Int32,22152
1774016932.444428,/metrics/pcl/right/processing_ms,std_msgs/msg/Float32,112.86116027832031
1774016932.4682443,/metrics/pcl/left/detections_count,std_msgs/msg/Int32,31
1774016932.468406,/metrics/pcl/left/points_in,std_msgs/msg/Int32,22152
1774016932.4684887,/metrics/pcl/left/processing_ms,std_msgs/msg/Float32,136.93841552734375
1774016932.469809,/metrics/pcl/back/detections_count,std_msgs/msg/Int32,33
1774016932.4699056,/metrics/pcl/back/points_in,std_msgs/msg/Int32,22152
1774016932.4699836,/metrics/pcl/back/processing_ms,std_msgs/msg/Float32,94.08507537841797
1774016932.5010214,/metrics/pcl/front/detections_count,std_msgs/msg/Int32,25
1774016932.5011709,/metrics/pcl/front/points_in,std_msgs/msg/Int32,22152
1774016932.5012305,/metrics/pcl/front/processing_ms,std_msgs/msg/Float32,119.10421752929688
1774016932.5557616,/metrics/pcl/right/detections_count,std_msgs/msg/Int32,20
1774016932.5559103,/metrics/pcl/right/points_in,std_msgs/msg/Int32,22152
1774016932.5560203,/metrics/pcl/right/processing_ms,std_msgs/msg/Float32,111.30314636230469
1774016932.5650072,/metrics/pcl/back/detections_count,std_msgs/msg/Int32,37
1774016932.5651803,/metrics/pcl/back/points_in,std_msgs/msg/Int32,22152
1774016932.5652955,/metrics/pcl/back/processing_ms,std_msgs/msg/Float32,94.3870849609375
1774016932.600705,/metrics/pcl/left/detections_count,std_msgs/msg/Int32,29
1774016932.600829,/metrics/pcl/left/points_in,std_msgs/msg/Int32,22152
1774016932.600911,/metrics/pcl/left/processing_ms,std_msgs/msg/Float32,132.0715789794922
1774016932.6167974,/metrics/pcl/front/detections_count,std_msgs/msg/Int32,26
1774016932.6170497,/metrics/pcl/front/points_in,std_msgs/msg/Int32,22152
1774016932.6171482,/metrics/pcl/front/processing_ms,std_msgs/msg/Float32,115.22557830810547
1774016932.6625783,/metrics/pcl/back/detections_count,std_msgs/msg/Int32,31
1774016932.6627173,/metrics/pcl/back/points_in,std_msgs/msg/Int32,22152
1774016932.6627824,/metrics/pcl/back/processing_ms,std_msgs/msg/Float32,93.95518493652344
1774016932.6703172,/metrics/pcl/right/detections_count,std_msgs/msg/Int32,23
1774016932.6704926,/metrics/pcl/right/points_in,std_msgs/msg/Int32,22152
1774016932.6705945,/metrics/pcl/right/processing_ms,std_msgs/msg/Float32,113.9079360961914
1774016932.7356417,/metrics/pcl/left/detections_count,std_msgs/msg/Int32,28
1774016932.7357697,/metrics/pcl/left/points_in,std_msgs/msg/Int32,22152
1774016932.7358367,/metrics/pcl/left/processing_ms,std_msgs/msg/Float32,134.45162963867188
1774016932.736287,/metrics/pcl/front/detections_count,std_msgs/msg/Int32,30
1774016932.7364004,/metrics/pcl/front/points_in,std_msgs/msg/Int32,22152
1774016932.7365108,/metrics/pcl/front/processing_ms,std_msgs/msg/Float32,118.63346862792969
1774016932.7630568,/metrics/pcl/back/detections_count,std_msgs/msg/Int32,34
1774016932.763188,/metrics/pcl/back/points_in,std_msgs/msg/Int32,22152
1774016932.7632577,/metrics/pcl/back/processing_ms,std_msgs/msg/Float32,93.53579711914062
1774016932.7826843,/metrics/pcl/right/detections_count,std_msgs/msg/Int32,25
1774016932.782845,/metrics/pcl/right/points_in,std_msgs/msg/Int32,22152
1774016932.78296,/metrics/pcl/right/processing_ms,std_msgs/msg/Float32,111.99234771728516
1774016932.85601,/metrics/pcl/front/detections_count,std_msgs/msg/Int32,31
1774016932.8562045,/metrics/pcl/front/points_in,std_msgs/msg/Int32,22152
1774016932.856305,/metrics/pcl/front/processing_ms,std_msgs/msg/Float32,119.41729736328125
1774016932.8630211,/metrics/pcl/back/detections_count,std_msgs/msg/Int32,34
1774016932.8631785,/metrics/pcl/back/points_in,std_msgs/msg/Int32,22152
1774016932.8632448,/metrics/pcl/back/processing_ms,std_msgs/msg/Float32,92.91889953613281
1774016932.8720078,/metrics/pcl/left/detections_count,std_msgs/msg/Int32,36
1774016932.8721578,/metrics/pcl/left/points_in,std_msgs/msg/Int32,22152
1774016932.8722293,/metrics/pcl/left/processing_ms,std_msgs/msg/Float32,135.84295654296875
1774016932.893634,/metrics/pcl/right/detections_count,std_msgs/msg/Int32,25
1774016932.8937666,/metrics/pcl/right/points_in,std_msgs/msg/Int32,22152
1774016932.8938422,/metrics/pcl/right/processing_ms,std_msgs/msg/Float32,110.42595672607422
1774016932.9630234,/metrics/pcl/back/detections_count,std_msgs/msg/Int32,33
1774016932.9631617,/metrics/pcl/back/points_in,std_msgs/msg/Int32,22152
1774016932.96322,/metrics/pcl/back/processing_ms,std_msgs/msg/Float32,95.8779525756836
1774016932.9758468,/metrics/pcl/front/detections_count,std_msgs/msg/Int32,28
1774016932.9760098,/metrics/pcl/front/points_in,std_msgs/msg/Int32,22152
1774016932.9760828,/metrics/pcl/front/processing_ms,std_msgs/msg/Float32,119.35536193847656
1774016933.0053775,/metrics/pcl/right/detections_count,std_msgs/msg/Int32,24
1774016933.0056944,/metrics/pcl/right/points_in,std_msgs/msg/Int32,22152
1774016933.0058153,/metrics/pcl/right/processing_ms,std_msgs/msg/Float32,111.08094024658203
1774016933.006499,/metrics/pcl/left/detections_count,std_msgs/msg/Int32,28
1774016933.0066292,/metrics/pcl/left/points_in,std_msgs/msg/Int32,22152
1774016933.0067472,/metrics/pcl/left/processing_ms,std_msgs/msg/Float32,133.38294982910156
1774016933.0636492,/metrics/pcl/back/detections_count,std_msgs/msg/Int32,36
1774016933.063787,/metrics/pcl/back/points_in,std_msgs/msg/Int32,22152
1774016933.0638657,/metrics/pcl/back/processing_ms,std_msgs/msg/Float32,96.09856414794922
1774016933.0953486,/metrics/pcl/front/detections_count,std_msgs/msg/Int32,30
1774016933.0955577,/metrics/pcl/front/points_in,std_msgs/msg/Int32,22152
1774016933.0956633,/metrics/pcl/front/processing_ms,std_msgs/msg/Float32,118.8005599975586
1774016933.1157525,/metrics/pcl/right/detections_count,std_msgs/msg/Int32,24
1774016933.1159534,/metrics/pcl/right/points_in,std_msgs/msg/Int32,22152
1774016933.1160326,/metrics/pcl/right/processing_ms,std_msgs/msg/Float32,109.72730255126953
1774016933.137691,/metrics/pcl/left/detections_count,std_msgs/msg/Int32,30
1774016933.1378992,/metrics/pcl/left/points_in,std_msgs/msg/Int32,22152
1774016933.1420324,/metrics/pcl/left/processing_ms,std_msgs/msg/Float32,131.08908081054688
1774016933.1607099,/metrics/pcl/back/detections_count,std_msgs/msg/Int32,35
1774016933.16083,/metrics/pcl/back/points_in,std_msgs/msg/Int32,22152
1774016933.1609497,/metrics/pcl/back/processing_ms,std_msgs/msg/Float32,92.61333465576172
1774016933.2142897,/metrics/pcl/front/detections_count,std_msgs/msg/Int32,28
1774016933.2144868,/metrics/pcl/front/points_in,std_msgs/msg/Int32,22152
1774016933.2146027,/metrics/pcl/front/processing_ms,std_msgs/msg/Float32,118.52589416503906
1774016933.2225041,/metrics/pcl/right/detections_count,std_msgs/msg/Int32,29
1774016933.2226477,/metrics/pcl/right/points_in,std_msgs/msg/Int32,22152
1774016933.222714,/metrics/pcl/right/processing_ms,std_msgs/msg/Float32,106.2999267578125
1774016933.2633257,/metrics/pcl/back/detections_count,std_msgs/msg/Int32,36
1774016933.2634792,/metrics/pcl/back/points_in,std_msgs/msg/Int32,22152
1774016933.263555,/metrics/pcl/back/processing_ms,std_msgs/msg/Float32,94.68883514404297
1774016933.2702498,/metrics/pcl/left/detections_count,std_msgs/msg/Int32,31
1774016933.2703288,/metrics/pcl/left/points_in,std_msgs/msg/Int32,22152
1774016933.270384,/metrics/pcl/left/processing_ms,std_msgs/msg/Float32,132.31077575683594
1774016933.3208442,/metrics/pcl/right/detections_count,std_msgs/msg/Int32,30
1774016933.3210652,/metrics/pcl/right/points_in,std_msgs/msg/Int32,22152
1774016933.3211627,/metrics/pcl/right/processing_ms,std_msgs/msg/Float32,97.69418334960938
1774016933.3324945,/metrics/pcl/front/detections_count,std_msgs/msg/Int32,31
1774016933.3326113,/metrics/pcl/front/points_in,std_msgs/msg/Int32,22152
1774016933.332674,/metrics/pcl/front/processing_ms,std_msgs/msg/Float32,117.7914810180664
1774016933.363656,/metrics/pcl/back/detections_count,std_msgs/msg/Int32,36
1774016933.3638186,/metrics/pcl/back/points_in,std_msgs/msg/Int32,22152
1774016933.3639865,/metrics/pcl/back/processing_ms,std_msgs/msg/Float32,94.55965423583984
1774016933.4029872,/metrics/pcl/left/detections_count,std_msgs/msg/Int32,34
1774016933.4031572,/metrics/pcl/left/points_in,std_msgs/msg/Int32,22152
1774016933.4032474,/metrics/pcl/left/processing_ms,std_msgs/msg/Float32,132.05567932128906
1774016933.4248412,/metrics/pcl/right/detections_count,std_msgs/msg/Int32,26
1774016933.425004,/metrics/pcl/right/points_in,std_msgs/msg/Int32,22152
1774016933.4250717,/metrics/pcl/right/processing_ms,std_msgs/msg/Float32,103.7289047241211
1774016933.4520864,/metrics/pcl/front/detections_count,std_msgs/msg/Int32,25
1774016933.4522066,/metrics/pcl/front/points_in,std_msgs/msg/Int32,22152
1774016933.4522882,/metrics/pcl/front/processing_ms,std_msgs/msg/Float32,119.0932388305664
1774016933.4630253,/metrics/pcl/back/detections_count,std_msgs/msg/Int32,38
1774016933.4631853,/metrics/pcl/back/points_in,std_msgs/msg/Int32,22152
1774016933.463296,/metrics/pcl/back/processing_ms,std_msgs/msg/Float32,92.79402923583984
1774016933.5323627,/metrics/pcl/right/detections_count,std_msgs/msg/Int32,26
1774016933.5325177,/metrics/pcl/right/points_in,std_msgs/msg/Int32,22152
1774016933.5325987,/metrics/pcl/right/processing_ms,std_msgs/msg/Float32,107.02523040771484
1774016933.5397735,/metrics/pcl/left/detections_count,std_msgs/msg/Int32,32
1774016933.539938,/metrics/pcl/left/points_in,std_msgs/msg/Int32,22152
1774016933.5400143,/metrics/pcl/left/processing_ms,std_msgs/msg/Float32,136.39414978027344
1774016933.5622995,/metrics/pcl/back/detections_count,std_msgs/msg/Int32,32
1774016933.5624845,/metrics/pcl/back/points_in,std_msgs/msg/Int32,22152
1774016933.5626197,/metrics/pcl/back/processing_ms,std_msgs/msg/Float32,95.50382995605469
1774016933.5706394,/metrics/pcl/front/detections_count,std_msgs/msg/Int32,28
1774016933.5708127,/metrics/pcl/front/points_in,std_msgs/msg/Int32,22152
1774016933.570893,/metrics/pcl/front/processing_ms,std_msgs/msg/Float32,118.02792358398438
1774016933.6458972,/metrics/pcl/right/detections_count,std_msgs/msg/Int32,28
1774016933.6460352,/metrics/pcl/right/points_in,std_msgs/msg/Int32,22152
1774016933.646116,/metrics/pcl/right/processing_ms,std_msgs/msg/Float32,113.17523956298828
1774016933.6612086,/metrics/pcl/back/detections_count,std_msgs/msg/Int32,34
1774016933.6613433,/metrics/pcl/back/points_in,std_msgs/msg/Int32,22152
1774016933.6614223,/metrics/pcl/back/processing_ms,std_msgs/msg/Float32,94.05826568603516
1774016933.6765404,/metrics/pcl/left/detections_count,std_msgs/msg/Int32,33
1774016933.6766808,/metrics/pcl/left/points_in,std_msgs/msg/Int32,22152
1774016933.676751,/metrics/pcl/left/processing_ms,std_msgs/msg/Float32,136.22018432617188
1774016933.6878548,/metrics/pcl/front/detections_count,std_msgs/msg/Int32,25
1774016933.6880352,/metrics/pcl/front/points_in,std_msgs/msg/Int32,22152
1774016933.688102,/metrics/pcl/front/processing_ms,std_msgs/msg/Float32,116.62619018554688
1774016933.761544,/metrics/pcl/right/detections_count,std_msgs/msg/Int32,30
1774016933.7617037,/metrics/pcl/right/points_in,std_msgs/msg/Int32,22152
1774016933.7617676,/metrics/pcl/right/processing_ms,std_msgs/msg/Float32,115.21649169921875
1774016933.7673764,/metrics/pcl/back/detections_count,std_msgs/msg/Int32,37
1774016933.7675617,/metrics/pcl/back/points_in,std_msgs/msg/Int32,22152
1774016933.7676442,/metrics/pcl/back/processing_ms,std_msgs/msg/Float32,98.48835754394531
1774016933.809625,/metrics/pcl/front/detections_count,std_msgs/msg/Int32,27
1774016933.8098252,/metrics/pcl/front/points_in,std_msgs/msg/Int32,22152
1774016933.8099418,/metrics/pcl/front/processing_ms,std_msgs/msg/Float32,121.13418579101562
1774016933.817222,/metrics/pcl/left/detections_count,std_msgs/msg/Int32,29
1774016933.8173769,/metrics/pcl/left/points_in,std_msgs/msg/Int32,22152
1774016933.8175004,/metrics/pcl/left/processing_ms,std_msgs/msg/Float32,140.16969299316406
1774016933.862054,/metrics/pcl/back/detections_count,std_msgs/msg/Int32,34
1774016933.8622043,/metrics/pcl/back/points_in,std_msgs/msg/Int32,22152
1774016933.86227,/metrics/pcl/back/processing_ms,std_msgs/msg/Float32,92.85726928710938
1774016933.883477,/metrics/pcl/right/detections_count,std_msgs/msg/Int32,31
1774016933.883636,/metrics/pcl/right/points_in,std_msgs/msg/Int32,22152
1774016933.8837113,/metrics/pcl/right/processing_ms,std_msgs/msg/Float32,121.44449615478516
1774016933.9270632,/metrics/pcl/front/detections_count,std_msgs/msg/Int32,25
1774016933.9271946,/metrics/pcl/front/points_in,std_msgs/msg/Int32,22152
1774016933.927259,/metrics/pcl/front/processing_ms,std_msgs/msg/Float32,116.96087646484375
1774016933.9534147,/metrics/pcl/left/detections_count,std_msgs/msg/Int32,31
1774016933.9536014,/metrics/pcl/left/points_in,std_msgs/msg/Int32,22152
1774016933.9536881,/metrics/pcl/left/processing_ms,std_msgs/msg/Float32,135.53538513183594
1774016933.9613545,/metrics/pcl/back/detections_count,std_msgs/msg/Int32,37
1774016933.961535,/metrics/pcl/back/points_in,std_msgs/msg/Int32,22152
1774016933.9616294,/metrics/pcl/back/processing_ms,std_msgs/msg/Float32,92.08214569091797
1774016933.9972727,/metrics/pcl/right/detections_count,std_msgs/msg/Int32,27
1774016933.9974601,/metrics/pcl/right/points_in,std_msgs/msg/Int32,22152
1774016933.997561,/metrics/pcl/right/processing_ms,std_msgs/msg/Float32,113.28336334228516
1774016934.0480452,/metrics/pcl/front/detections_count,std_msgs/msg/Int32,28
1774016934.0482056,/metrics/pcl/front/points_in,std_msgs/msg/Int32,22152
1774016934.0482726,/metrics/pcl/front/processing_ms,std_msgs/msg/Float32,120.50089263916016
1774016934.0667799,/metrics/pcl/back/detections_count,std_msgs/msg/Int32,42
1774016934.0669422,/metrics/pcl/back/points_in,std_msgs/msg/Int32,22152
1774016934.0670264,/metrics/pcl/back/processing_ms,std_msgs/msg/Float32,96.65585327148438
1774016934.0891786,/metrics/pcl/left/detections_count,std_msgs/msg/Int32,28
1774016934.089341,/metrics/pcl/left/points_in,std_msgs/msg/Int32,22152
1774016934.089413,/metrics/pcl/left/processing_ms,std_msgs/msg/Float32,135.15155029296875
1774016934.1128786,/metrics/pcl/right/detections_count,std_msgs/msg/Int32,27
1774016934.1130414,/metrics/pcl/right/points_in,std_msgs/msg/Int32,22152
1774016934.1131265,/metrics/pcl/right/processing_ms,std_msgs/msg/Float32,115.11418151855469
1774016934.161217,/metrics/pcl/back/detections_count,std_msgs/msg/Int32,31
1774016934.1613512,/metrics/pcl/back/points_in,std_msgs/msg/Int32,22152
1774016934.1614137,/metrics/pcl/back/processing_ms,std_msgs/msg/Float32,94.03478240966797
1774016934.1674163,/metrics/pcl/front/detections_count,std_msgs/msg/Int32,24
1774016934.1675627,/metrics/pcl/front/points_in,std_msgs/msg/Int32,22152
1774016934.1676483,/metrics/pcl/front/processing_ms,std_msgs/msg/Float32,118.83651733398438
1774016934.225406,/metrics/pcl/left/detections_count,std_msgs/msg/Int32,33
1774016934.2255504,/metrics/pcl/left/points_in,std_msgs/msg/Int32,22152
1774016934.2256334,/metrics/pcl/left/processing_ms,std_msgs/msg/Float32,135.81658935546875
1774016934.2260647,/metrics/pcl/right/detections_count,std_msgs/msg/Int32,30
1774016934.226129,/metrics/pcl/right/points_in,std_msgs/msg/Int32,22152
1774016934.226179,/metrics/pcl/right/processing_ms,std_msgs/msg/Float32,112.80335998535156
1774016934.2645252,/metrics/pcl/back/detections_count,std_msgs/msg/Int32,35
1774016934.2646585,/metrics/pcl/back/points_in,std_msgs/msg/Int32,22152
1774016934.2647188,/metrics/pcl/back/processing_ms,std_msgs/msg/Float32,96.93523406982422
1774016934.2881129,/metrics/pcl/front/detections_count,std_msgs/msg/Int32,23
1774016934.2883792,/metrics/pcl/front/points_in,std_msgs/msg/Int32,22152
1774016934.28852,/metrics/pcl/front/processing_ms,std_msgs/msg/Float32,120.02217864990234
1774016934.3395066,/metrics/pcl/right/detections_count,std_msgs/msg/Int32,28
1774016934.3396685,/metrics/pcl/right/points_in,std_msgs/msg/Int32,22152
1774016934.3397703,/metrics/pcl/right/processing_ms,std_msgs/msg/Float32,112.8956298828125
1774016934.3564334,/metrics/pcl/left/detections_count,std_msgs/msg/Int32,32
1774016934.3566422,/metrics/pcl/left/points_in,std_msgs/msg/Int32,22152
1774016934.3567293,/metrics/pcl/left/processing_ms,std_msgs/msg/Float32,130.28485107421875
1774016934.3656428,/metrics/pcl/back/detections_count,std_msgs/msg/Int32,33
1774016934.3658135,/metrics/pcl/back/points_in,std_msgs/msg/Int32,22152
1774016934.3658988,/metrics/pcl/back/processing_ms,std_msgs/msg/Float32,96.99110412597656
1774016934.4071643,/metrics/pcl/front/detections_count,std_msgs/msg/Int32,24
1774016934.4073427,/metrics/pcl/front/points_in,std_msgs/msg/Int32,22152
1774016934.4074378,/metrics/pcl/front/processing_ms,std_msgs/msg/Float32,118.56561279296875
1774016934.4588182,/metrics/pcl/right/detections_count,std_msgs/msg/Int32,27
1774016934.459,/metrics/pcl/right/points_in,std_msgs/msg/Int32,22152
1774016934.4590845,/metrics/pcl/right/processing_ms,std_msgs/msg/Float32,118.80360412597656
1774016934.4667912,/metrics/pcl/back/detections_count,std_msgs/msg/Int32,32
1774016934.4669445,/metrics/pcl/back/points_in,std_msgs/msg/Int32,22152
1774016934.4670296,/metrics/pcl/back/processing_ms,std_msgs/msg/Float32,97.78916931152344
1774016934.492055,/metrics/pcl/left/detections_count,std_msgs/msg/Int32,26
1774016934.4923127,/metrics/pcl/left/points_in,std_msgs/msg/Int32,22152
1774016934.4924173,/metrics/pcl/left/processing_ms,std_msgs/msg/Float32,134.8814697265625
1774016934.533895,/metrics/pcl/front/detections_count,std_msgs/msg/Int32,31
1774016934.5340548,/metrics/pcl/front/points_in,std_msgs/msg/Int32,22152
1774016934.5341434,/metrics/pcl/front/processing_ms,std_msgs/msg/Float32,126.27446746826172
1774016934.5682917,/metrics/pcl/back/detections_count,std_msgs/msg/Int32,33
1774016934.5684307,/metrics/pcl/back/points_in,std_msgs/msg/Int32,22152
1774016934.5685031,/metrics/pcl/back/processing_ms,std_msgs/msg/Float32,97.98673248291016
1774016934.5787854,/metrics/pcl/right/detections_count,std_msgs/msg/Int32,29
1774016934.5789163,/metrics/pcl/right/points_in,std_msgs/msg/Int32,22152
1774016934.578993,/metrics/pcl/right/processing_ms,std_msgs/msg/Float32,119.50895690917969
1774016934.639378,/metrics/pcl/left/detections_count,std_msgs/msg/Int32,32
1774016934.639554,/metrics/pcl/left/points_in,std_msgs/msg/Int32,22152
1774016934.639651,/metrics/pcl/left/processing_ms,std_msgs/msg/Float32,146.86338806152344
1774016934.6598582,/metrics/pcl/front/detections_count,std_msgs/msg/Int32,23
1774016934.6600645,/metrics/pcl/front/points_in,std_msgs/msg/Int32,22152
1774016934.6601567,/metrics/pcl/front/processing_ms,std_msgs/msg/Float32,125.47371673583984
1774016934.6697333,/metrics/pcl/back/detections_count,std_msgs/msg/Int32,36
1774016934.669886,/metrics/pcl/back/points_in,std_msgs/msg/Int32,22152
1774016934.6699772,/metrics/pcl/back/processing_ms,std_msgs/msg/Float32,99.02864837646484
1774016934.6974285,/metrics/pcl/right/detections_count,std_msgs/msg/Int32,26
1774016934.6975741,/metrics/pcl/right/points_in,std_msgs/msg/Int32,22152
1774016934.697661,/metrics/pcl/right/processing_ms,std_msgs/msg/Float32,118.1466293334961
1774016934.768096,/metrics/pcl/back/detections_count,std_msgs/msg/Int32,35
1774016934.768225,/metrics/pcl/back/points_in,std_msgs/msg/Int32,22152
1774016934.7682855,/metrics/pcl/back/processing_ms,std_msgs/msg/Float32,97.87548065185547
1774016934.7704504,/metrics/pcl/left/detections_count,std_msgs/msg/Int32,30
1774016934.77058,/metrics/pcl/left/points_in,std_msgs/msg/Int32,22152
1774016934.7706606,/metrics/pcl/left/processing_ms,std_msgs/msg/Float32,130.7616424560547
1774016934.7828388,/metrics/pcl/front/detections_count,std_msgs/msg/Int32,23
1774016934.783022,/metrics/pcl/front/points_in,std_msgs/msg/Int32,22152
1774016934.7830977,/metrics/pcl/front/processing_ms,std_msgs/msg/Float32,122.32450103759766
1774016934.8145027,/metrics/pcl/right/detections_count,std_msgs/msg/Int32,24
1774016934.8146489,/metrics/pcl/right/points_in,std_msgs/msg/Int32,22152
1774016934.8147123,/metrics/pcl/right/processing_ms,std_msgs/msg/Float32,116.71446990966797
1774016934.8701596,/metrics/pcl/back/detections_count,std_msgs/msg/Int32,35
1774016934.8702843,/metrics/pcl/back/points_in,std_msgs/msg/Int32,22152
1774016934.8703518,/metrics/pcl/back/processing_ms,std_msgs/msg/Float32,101.5942153930664
1774016934.9004493,/metrics/pcl/left/detections_count,std_msgs/msg/Int32,32
1774016934.9006033,/metrics/pcl/left/points_in,std_msgs/msg/Int32,22152
1774016934.900666,/metrics/pcl/left/processing_ms,std_msgs/msg/Float32,129.32479858398438
1774016934.903829,/metrics/pcl/front/detections_count,std_msgs/msg/Int32,24
1774016934.904088,/metrics/pcl/front/points_in,std_msgs/msg/Int32,22152
1774016934.9041755,/metrics/pcl/front/processing_ms,std_msgs/msg/Float32,120.51351165771484
1774016934.9291914,/metrics/pcl/right/detections_count,std_msgs/msg/Int32,26
1774016934.9293377,/metrics/pcl/right/points_in,std_msgs/msg/Int32,22152
1774016934.9294202,/metrics/pcl/right/processing_ms,std_msgs/msg/Float32,114.19017028808594
1774016934.9698327,/metrics/pcl/back/detections_count,std_msgs/msg/Int32,39
1774016934.970088,/metrics/pcl/back/points_in,std_msgs/msg/Int32,22152
1774016934.9702065,/metrics/pcl/back/processing_ms,std_msgs/msg/Float32,99.11627960205078
1774016935.0293531,/metrics/pcl/front/detections_count,std_msgs/msg/Int32,26
1774016935.029466,/metrics/pcl/front/points_in,std_msgs/msg/Int32,22152
1774016935.0295398,/metrics/pcl/front/processing_ms,std_msgs/msg/Float32,125.05896759033203
1774016935.0334752,/metrics/pcl/left/detections_count,std_msgs/msg/Int32,27
1774016935.0335674,/metrics/pcl/left/points_in,std_msgs/msg/Int32,22152
1774016935.0336637,/metrics/pcl/left/processing_ms,std_msgs/msg/Float32,132.6727294921875
1774016935.04342,/metrics/pcl/right/detections_count,std_msgs/msg/Int32,27
1774016935.0435975,/metrics/pcl/right/points_in,std_msgs/msg/Int32,22152
1774016935.0437117,/metrics/pcl/right/processing_ms,std_msgs/msg/Float32,113.86707305908203
1774016935.071539,/metrics/pcl/back/detections_count,std_msgs/msg/Int32,36
1774016935.0718124,/metrics/pcl/back/points_in,std_msgs/msg/Int32,22152
1774016935.071949,/metrics/pcl/back/processing_ms,std_msgs/msg/Float32,100.87287139892578
1774016935.1464524,/metrics/pcl/front/detections_count,std_msgs/msg/Int32,22
1774016935.146644,/metrics/pcl/front/points_in,std_msgs/msg/Int32,22152
1774016935.1467388,/metrics/pcl/front/processing_ms,std_msgs/msg/Float32,116.46595764160156
1774016935.157331,/metrics/pcl/right/detections_count,std_msgs/msg/Int32,27
1774016935.157555,/metrics/pcl/right/points_in,std_msgs/msg/Int32,22152
1774016935.1576583,/metrics/pcl/right/processing_ms,std_msgs/msg/Float32,113.1443862915039
1774016935.1610904,/metrics/pcl/left/detections_count,std_msgs/msg/Int32,30
1774016935.1611865,/metrics/pcl/left/points_in,std_msgs/msg/Int32,22152
1774016935.1612566,/metrics/pcl/left/processing_ms,std_msgs/msg/Float32,127.17205810546875
1774016935.1656857,/metrics/pcl/back/detections_count,std_msgs/msg/Int32,33
1774016935.165813,/metrics/pcl/back/points_in,std_msgs/msg/Int32,22152
1774016935.165901,/metrics/pcl/back/processing_ms,std_msgs/msg/Float32,93.85928344726562
1774016935.2649071,/metrics/pcl/front/detections_count,std_msgs/msg/Int32,28
1774016935.265109,/metrics/pcl/front/points_in,std_msgs/msg/Int32,22152
1774016935.265191,/metrics/pcl/front/processing_ms,std_msgs/msg/Float32,117.96512603759766
1774016935.2658994,/metrics/pcl/right/detections_count,std_msgs/msg/Int32,29
1774016935.265993,/metrics/pcl/right/processing_ms,std_msgs/msg/Float32,108.53498077392578
1774016935.2663057,/metrics/pcl/right/points_in,std_msgs/msg/Int32,22152
1774016935.2814856,/metrics/pcl/back/detections_count,std_msgs/msg/Int32,32
1774016935.2816164,/metrics/pcl/back/points_in,std_msgs/msg/Int32,22152
1774016935.2816896,/metrics/pcl/back/processing_ms,std_msgs/msg/Float32,94.33552551269531
1774016935.2845914,/metrics/pcl/left/detections_count,std_msgs/msg/Int32,29
1774016935.2847536,/metrics/pcl/left/points_in,std_msgs/msg/Int32,22152
1774016935.2848544,/metrics/pcl/left/processing_ms,std_msgs/msg/Float32,122.9158935546875
1774016935.3762763,/metrics/pcl/back/detections_count,std_msgs/msg/Int32,36
1774016935.3765142,/metrics/pcl/back/points_in,std_msgs/msg/Int32,22152
1774016935.3766873,/metrics/pcl/back/processing_ms,std_msgs/msg/Float32,94.1812973022461
1774016935.3785899,/metrics/pcl/right/detections_count,std_msgs/msg/Int32,25
1774016935.3786795,/metrics/pcl/right/points_in,std_msgs/msg/Int32,22152
1774016935.378786,/metrics/pcl/right/processing_ms,std_msgs/msg/Float32,112.2295150756836
1774016935.3809392,/metrics/pcl/front/detections_count,std_msgs/msg/Int32,22
1774016935.3810377,/metrics/pcl/front/points_in,std_msgs/msg/Int32,22152
1774016935.381108,/metrics/pcl/front/processing_ms,std_msgs/msg/Float32,115.78118133544922
1774016935.4110866,/metrics/pcl/left/detections_count,std_msgs/msg/Int32,30
1774016935.411215,/metrics/pcl/left/points_in,std_msgs/msg/Int32,22152
1774016935.4112792,/metrics/pcl/left/processing_ms,std_msgs/msg/Float32,125.7879409790039
1774016935.4737225,/metrics/pcl/back/detections_count,std_msgs/msg/Int32,34
1774016935.4738638,/metrics/pcl/back/points_in,std_msgs/msg/Int32,22152
1774016935.4739501,/metrics/pcl/back/processing_ms,std_msgs/msg/Float32,97.20574188232422
1774016935.493883,/metrics/pcl/right/detections_count,std_msgs/msg/Int32,27
1774016935.4940233,/metrics/pcl/right/points_in,std_msgs/msg/Int32,22152
1774016935.4941053,/metrics/pcl/right/processing_ms,std_msgs/msg/Float32,114.61823272705078
1774016935.5042813,/metrics/pcl/front/detections_count,std_msgs/msg/Int32,24
1774016935.5044408,/metrics/pcl/front/points_in,std_msgs/msg/Int32,22152
1774016935.5045624,/metrics/pcl/front/processing_ms,std_msgs/msg/Float32,122.68685150146484
1774016935.5372562,/metrics/pcl/left/detections_count,std_msgs/msg/Int32,32
1774016935.537469,/metrics/pcl/left/points_in,std_msgs/msg/Int32,22152
1774016935.537559,/metrics/pcl/left/processing_ms,std_msgs/msg/Float32,125.68976593017578
1774016935.57084,/metrics/pcl/back/detections_count,std_msgs/msg/Int32,34
1774016935.5710027,/metrics/pcl/back/points_in,std_msgs/msg/Int32,22152
1774016935.5710623,/metrics/pcl/back/processing_ms,std_msgs/msg/Float32,96.61260223388672
1774016935.6071286,/metrics/pcl/right/detections_count,std_msgs/msg/Int32,22
1774016935.6073387,/metrics/pcl/right/points_in,std_msgs/msg/Int32,22152
1774016935.6074514,/metrics/pcl/right/processing_ms,std_msgs/msg/Float32,112.5058364868164
1774016935.6285152,/metrics/pcl/front/detections_count,std_msgs/msg/Int32,23
1774016935.6286716,/metrics/pcl/front/points_in,std_msgs/msg/Int32,22152
1774016935.6287537,/metrics/pcl/front/processing_ms,std_msgs/msg/Float32,123.83271026611328
1774016935.6672635,/metrics/pcl/left/detections_count,std_msgs/msg/Int32,31
1774016935.6673815,/metrics/pcl/left/points_in,std_msgs/msg/Int32,22152
1774016935.6674514,/metrics/pcl/left/processing_ms,std_msgs/msg/Float32,129.58155822753906
1774016935.6688886,/metrics/pcl/back/detections_count,std_msgs/msg/Int32,33
1774016935.668978,/metrics/pcl/back/processing_ms,std_msgs/msg/Float32,97.87883758544922
1774016935.6692927,/metrics/pcl/back/points_in,std_msgs/msg/Int32,22152
1774016935.7194173,/metrics/pcl/right/detections_count,std_msgs/msg/Int32,27
1774016935.719595,/metrics/pcl/right/points_in,std_msgs/msg/Int32,22152
1774016935.7196815,/metrics/pcl/right/processing_ms,std_msgs/msg/Float32,111.71934509277344
1774016935.7455673,/metrics/pcl/front/detections_count,std_msgs/msg/Int32,24
1774016935.7457688,/metrics/pcl/front/points_in,std_msgs/msg/Int32,22152
1774016935.7458422,/metrics/pcl/front/processing_ms,std_msgs/msg/Float32,116.52562713623047
1774016935.7659361,/metrics/pcl/back/detections_count,std_msgs/msg/Int32,36
1774016935.7661033,/metrics/pcl/back/points_in,std_msgs/msg/Int32,22152
1774016935.7662537,/metrics/pcl/back/processing_ms,std_msgs/msg/Float32,95.97445678710938
1774016935.7943776,/metrics/pcl/left/detections_count,std_msgs/msg/Int32,32
1774016935.7945006,/metrics/pcl/left/points_in,std_msgs/msg/Int32,22152
1774016935.794563,/metrics/pcl/left/processing_ms,std_msgs/msg/Float32,126.56664276123047
1774016935.8341296,/metrics/pcl/right/detections_count,std_msgs/msg/Int32,21
1774016935.8342896,/metrics/pcl/right/points_in,std_msgs/msg/Int32,22152
1774016935.834384,/metrics/pcl/right/processing_ms,std_msgs/msg/Float32,114.308349609375
1774016935.8634312,/metrics/pcl/back/detections_count,std_msgs/msg/Int32,40
1774016935.8636017,/metrics/pcl/back/points_in,std_msgs/msg/Int32,22152
1774016935.8636882,/metrics/pcl/back/processing_ms,std_msgs/msg/Float32,96.74852752685547
1774016935.86566,/metrics/pcl/front/detections_count,std_msgs/msg/Int32,22
1774016935.8657336,/metrics/pcl/front/points_in,std_msgs/msg/Int32,22152
1774016935.8657863,/metrics/pcl/front/processing_ms,std_msgs/msg/Float32,119.79998016357422
1774016935.924751,/metrics/pcl/left/detections_count,std_msgs/msg/Int32,34
1774016935.9249554,/metrics/pcl/left/points_in,std_msgs/msg/Int32,22152
1774016935.9250581,/metrics/pcl/left/processing_ms,std_msgs/msg/Float32,129.76034545898438
1774016935.9464052,/metrics/pcl/right/detections_count,std_msgs/msg/Int32,22
1774016935.946553,/metrics/pcl/right/points_in,std_msgs/msg/Int32,22152
1774016935.946645,/metrics/pcl/right/processing_ms,std_msgs/msg/Float32,111.81654357910156
1774016935.9706504,/metrics/pcl/back/detections_count,std_msgs/msg/Int32,31
1774016935.9708612,/metrics/pcl/back/points_in,std_msgs/msg/Int32,22152
1774016935.970998,/metrics/pcl/back/processing_ms,std_msgs/msg/Float32,102.91985321044922
1774016935.9778469,/metrics/pcl/front/detections_count,std_msgs/msg/Int32,23
1774016935.9780288,/metrics/pcl/front/points_in,std_msgs/msg/Int32,22152
1774016935.9781094,/metrics/pcl/front/processing_ms,std_msgs/msg/Float32,111.5869369506836
1774016936.0531716,/metrics/pcl/left/detections_count,std_msgs/msg/Int32,31
1774016936.0533066,/metrics/pcl/left/points_in,std_msgs/msg/Int32,22152
1774016936.053399,/metrics/pcl/left/processing_ms,std_msgs/msg/Float32,127.90248107910156
1774016936.0644908,/metrics/pcl/right/detections_count,std_msgs/msg/Int32,19
1774016936.06466,/metrics/pcl/right/points_in,std_msgs/msg/Int32,22152
1774016936.064729,/metrics/pcl/right/processing_ms,std_msgs/msg/Float32,117.66357421875
1774016936.0667465,/metrics/pcl/back/detections_count,std_msgs/msg/Int32,37
1774016936.0668435,/metrics/pcl/back/points_in,std_msgs/msg/Int32,22152
1774016936.06695,/metrics/pcl/back/processing_ms,std_msgs/msg/Float32,95.83380889892578
1774016936.0927994,/metrics/pcl/front/detections_count,std_msgs/msg/Int32,23
1774016936.0929759,/metrics/pcl/front/points_in,std_msgs/msg/Int32,22152
1774016936.0930588,/metrics/pcl/front/processing_ms,std_msgs/msg/Float32,114.41767883300781
1774016936.1622896,/metrics/pcl/back/detections_count,std_msgs/msg/Int32,38
1774016936.1624386,/metrics/pcl/back/points_in,std_msgs/msg/Int32,22152
1774016936.16254,/metrics/pcl/back/processing_ms,std_msgs/msg/Float32,92.83781433105469
1774016936.177957,/metrics/pcl/right/detections_count,std_msgs/msg/Int32,27
1774016936.1780798,/metrics/pcl/right/points_in,std_msgs/msg/Int32,22152
1774016936.1781394,/metrics/pcl/right/processing_ms,std_msgs/msg/Float32,113.00194549560547
1774016936.178494,/metrics/pcl/left/detections_count,std_msgs/msg/Int32,30
1774016936.1785574,/metrics/pcl/left/points_in,std_msgs/msg/Int32,22152
1774016936.178609,/metrics/pcl/left/processing_ms,std_msgs/msg/Float32,125.13658142089844
1774016936.2082818,/metrics/pcl/front/detections_count,std_msgs/msg/Int32,28
1774016936.2084224,/metrics/pcl/front/points_in,std_msgs/msg/Int32,22152
1774016936.2084882,/metrics/pcl/front/processing_ms,std_msgs/msg/Float32,114.99858856201172
1774016936.263415,/metrics/pcl/back/detections_count,std_msgs/msg/Int32,40
1774016936.26353,/metrics/pcl/back/points_in,std_msgs/msg/Int32,22152
1774016936.263602,/metrics/pcl/back/processing_ms,std_msgs/msg/Float32,93.9150161743164
1774016936.2912972,/metrics/pcl/right/detections_count,std_msgs/msg/Int32,24
1774016936.2914786,/metrics/pcl/right/points_in,std_msgs/msg/Int32,22152
1774016936.2915642,/metrics/pcl/right/processing_ms,std_msgs/msg/Float32,112.78789520263672
1774016936.3010345,/metrics/pcl/left/detections_count,std_msgs/msg/Int32,32
1774016936.3011765,/metrics/pcl/left/points_in,std_msgs/msg/Int32,22152
1774016936.301249,/metrics/pcl/left/processing_ms,std_msgs/msg/Float32,121.9517593383789
1774016936.3230524,/metrics/pcl/front/detections_count,std_msgs/msg/Int32,24
1774016936.3232262,/metrics/pcl/front/points_in,std_msgs/msg/Int32,22152
1774016936.3233225,/metrics/pcl/front/processing_ms,std_msgs/msg/Float32,114.0200424194336
1774016936.3655865,/metrics/pcl/back/detections_count,std_msgs/msg/Int32,34
1774016936.3658173,/metrics/pcl/back/points_in,std_msgs/msg/Int32,22152
1774016936.3659666,/metrics/pcl/back/processing_ms,std_msgs/msg/Float32,95.508544921875
1774016936.4037318,/metrics/pcl/right/detections_count,std_msgs/msg/Int32,20
1774016936.4040532,/metrics/pcl/right/points_in,std_msgs/msg/Int32,22152
1774016936.404214,/metrics/pcl/right/processing_ms,std_msgs/msg/Float32,111.72306823730469
1774016936.430392,/metrics/pcl/left/detections_count,std_msgs/msg/Int32,29
1774016936.4305925,/metrics/pcl/left/points_in,std_msgs/msg/Int32,22152
1774016936.4306867,/metrics/pcl/left/processing_ms,std_msgs/msg/Float32,128.86590576171875
1774016936.4391568,/metrics/pcl/front/detections_count,std_msgs/msg/Int32,22
1774016936.4393418,/metrics/pcl/front/points_in,std_msgs/msg/Int32,22152
1774016936.4394212,/metrics/pcl/front/processing_ms,std_msgs/msg/Float32,115.43612670898438
1774016936.4660447,/metrics/pcl/back/detections_count,std_msgs/msg/Int32,29
1774016936.466189,/metrics/pcl/back/points_in,std_msgs/msg/Int32,22152
1774016936.4662786,/metrics/pcl/back/processing_ms,std_msgs/msg/Float32,99.80707550048828
1774016936.5192075,/metrics/pcl/right/detections_count,std_msgs/msg/Int32,21
1774016936.5193462,/metrics/pcl/right/points_in,std_msgs/msg/Int32,22152
1774016936.5194092,/metrics/pcl/right/processing_ms,std_msgs/msg/Float32,115.19579315185547
1774016936.555252,/metrics/pcl/front/detections_count,std_msgs/msg/Int32,26
1774016936.5554752,/metrics/pcl/front/points_in,std_msgs/msg/Int32,22152
1774016936.5555804,/metrics/pcl/front/processing_ms,std_msgs/msg/Float32,115.63094329833984
1774016936.559318,/metrics/pcl/left/detections_count,std_msgs/msg/Int32,32
1774016936.5595343,/metrics/pcl/left/points_in,std_msgs/msg/Int32,22152
1774016936.559655,/metrics/pcl/left/processing_ms,std_msgs/msg/Float32,128.48619079589844
1774016936.5633292,/metrics/pcl/back/detections_count,std_msgs/msg/Int32,39
1774016936.5634565,/metrics/pcl/back/points_in,std_msgs/msg/Int32,22152
1774016936.5635784,/metrics/pcl/back/processing_ms,std_msgs/msg/Float32,96.00133514404297
1774016936.639835,/metrics/pcl/right/detections_count,std_msgs/msg/Int32,23
1774016936.6400533,/metrics/pcl/right/points_in,std_msgs/msg/Int32,22152
1774016936.6401694,/metrics/pcl/right/processing_ms,std_msgs/msg/Float32,120.06745147705078
1774016936.6677637,/metrics/pcl/back/detections_count,std_msgs/msg/Int32,39
1774016936.667992,/metrics/pcl/back/points_in,std_msgs/msg/Int32,22152
1774016936.6680915,/metrics/pcl/back/processing_ms,std_msgs/msg/Float32,99.5574951171875
1774016936.6773152,/metrics/pcl/front/detections_count,std_msgs/msg/Int32,25
1774016936.6775808,/metrics/pcl/front/points_in,std_msgs/msg/Int32,22152
1774016936.6777282,/metrics/pcl/front/processing_ms,std_msgs/msg/Float32,121.51471710205078
1774016936.6924937,/metrics/pcl/left/detections_count,std_msgs/msg/Int32,38
1774016936.69263,/metrics/pcl/left/points_in,std_msgs/msg/Int32,22152
1774016936.6926932,/metrics/pcl/left/processing_ms,std_msgs/msg/Float32,132.51280212402344
1774016936.7602777,/metrics/pcl/right/detections_count,std_msgs/msg/Int32,28
1774016936.7604105,/metrics/pcl/right/points_in,std_msgs/msg/Int32,22152
1774016936.7604897,/metrics/pcl/right/processing_ms,std_msgs/msg/Float32,120.07866668701172
1774016936.7678246,/metrics/pcl/back/detections_count,std_msgs/msg/Int32,36
1774016936.7679837,/metrics/pcl/back/points_in,std_msgs/msg/Int32,22152
1774016936.768061,/metrics/pcl/back/processing_ms,std_msgs/msg/Float32,99.04058074951172
1774016936.8048398,/metrics/pcl/front/detections_count,std_msgs/msg/Int32,25
1774016936.8050454,/metrics/pcl/front/points_in,std_msgs/msg/Int32,22152
1774016936.805128,/metrics/pcl/front/processing_ms,std_msgs/msg/Float32,127.1962661743164
1774016936.8245401,/metrics/pcl/left/detections_count,std_msgs/msg/Int32,33
1774016936.824736,/metrics/pcl/left/points_in,std_msgs/msg/Int32,22152
1774016936.8248265,/metrics/pcl/left/processing_ms,std_msgs/msg/Float32,131.48370361328125
1774016936.8751996,/metrics/pcl/back/detections_count,std_msgs/msg/Int32,38
1774016936.8754065,/metrics/pcl/back/points_in,std_msgs/msg/Int32,22152
1774016936.8754992,/metrics/pcl/back/processing_ms,std_msgs/msg/Float32,105.22168731689453
1774016936.878894,/metrics/pcl/right/detections_count,std_msgs/msg/Int32,25
1774016936.8790295,/metrics/pcl/right/points_in,std_msgs/msg/Int32,22152
1774016936.8790982,/metrics/pcl/right/processing_ms,std_msgs/msg/Float32,118.24441528320312
1774016936.9267642,/metrics/pcl/front/detections_count,std_msgs/msg/Int32,28
1774016936.9269211,/metrics/pcl/front/points_in,std_msgs/msg/Int32,22152
1774016936.9270144,/metrics/pcl/front/processing_ms,std_msgs/msg/Float32,121.43415069580078
1774016936.9538105,/metrics/pcl/left/detections_count,std_msgs/msg/Int32,33
1774016936.954022,/metrics/pcl/left/points_in,std_msgs/msg/Int32,22152
1774016936.9540997,/metrics/pcl/left/processing_ms,std_msgs/msg/Float32,128.68357849121094
1774016936.9705617,/metrics/pcl/back/detections_count,std_msgs/msg/Int32,30
1774016936.970684,/metrics/pcl/back/points_in,std_msgs/msg/Int32,22152
1774016936.9707587,/metrics/pcl/back/processing_ms,std_msgs/msg/Float32,94.96614837646484
1774016936.994014,/metrics/pcl/right/detections_count,std_msgs/msg/Int32,24
1774016936.994157,/metrics/pcl/right/points_in,std_msgs/msg/Int32,22152
1774016936.994224,/metrics/pcl/right/processing_ms,std_msgs/msg/Float32,114.49446868896484
1774016937.0471828,/metrics/pcl/front/detections_count,std_msgs/msg/Int32,25
1774016937.047381,/metrics/pcl/front/points_in,std_msgs/msg/Int32,22152
1774016937.0474682,/metrics/pcl/front/processing_ms,std_msgs/msg/Float32,119.85029602050781
1774016937.065912,/metrics/pcl/back/detections_count,std_msgs/msg/Int32,34
1774016937.0660439,/metrics/pcl/back/points_in,std_msgs/msg/Int32,22152
1774016937.0661123,/metrics/pcl/back/processing_ms,std_msgs/msg/Float32,95.00791931152344
1774016937.0846276,/metrics/pcl/left/detections_count,std_msgs/msg/Int32,33
1774016937.08478,/metrics/pcl/left/points_in,std_msgs/msg/Int32,22152
1774016937.0848858,/metrics/pcl/left/processing_ms,std_msgs/msg/Float32,130.427978515625
1774016937.1044488,/metrics/pcl/right/detections_count,std_msgs/msg/Int32,26
1774016937.1046033,/metrics/pcl/right/points_in,std_msgs/msg/Int32,22152
1774016937.1046927,/metrics/pcl/right/processing_ms,std_msgs/msg/Float32,109.97711944580078
1774016937.1617534,/metrics/pcl/back/detections_count,std_msgs/msg/Int32,28
1774016937.1618996,/metrics/pcl/back/points_in,std_msgs/msg/Int32,22152
1774016937.1620097,/metrics/pcl/back/processing_ms,std_msgs/msg/Float32,93.43559265136719
1774016937.1633785,/metrics/pcl/front/detections_count,std_msgs/msg/Int32,26
1774016937.163474,/metrics/pcl/front/points_in,std_msgs/msg/Int32,22152
1774016937.1635315,/metrics/pcl/front/processing_ms,std_msgs/msg/Float32,115.99542236328125
1774016937.210415,/metrics/pcl/left/detections_count,std_msgs/msg/Int32,30
1774016937.2105339,/metrics/pcl/left/points_in,std_msgs/msg/Int32,22152
1774016937.2106018,/metrics/pcl/left/processing_ms,std_msgs/msg/Float32,125.36035919189453
1774016937.2169797,/metrics/pcl/right/detections_count,std_msgs/msg/Int32,22
1774016937.2171464,/metrics/pcl/right/points_in,std_msgs/msg/Int32,22152
1774016937.2172375,/metrics/pcl/right/processing_ms,std_msgs/msg/Float32,112.0911636352539
1774016937.2655427,/metrics/pcl/back/detections_count,std_msgs/msg/Int32,28
1774016937.2656658,/metrics/pcl/back/points_in,std_msgs/msg/Int32,22152
1774016937.2657275,/metrics/pcl/back/processing_ms,std_msgs/msg/Float32,97.42868041992188
1774016937.2729967,/metrics/pcl/front/detections_count,std_msgs/msg/Int32,26
1774016937.2732048,/metrics/pcl/front/points_in,std_msgs/msg/Int32,22152
1774016937.273288,/metrics/pcl/front/processing_ms,std_msgs/msg/Float32,108.43890380859375
1774016937.3289492,/metrics/pcl/right/detections_count,std_msgs/msg/Int32,24
1774016937.3291056,/metrics/pcl/right/points_in,std_msgs/msg/Int32,22152
1774016937.3291984,/metrics/pcl/right/processing_ms,std_msgs/msg/Float32,111.4774169921875
1774016937.3385546,/metrics/pcl/left/detections_count,std_msgs/msg/Int32,29
1774016937.3387733,/metrics/pcl/left/points_in,std_msgs/msg/Int32,22152
1774016937.3388667,/metrics/pcl/left/processing_ms,std_msgs/msg/Float32,127.45270538330078
1774016937.36579,/metrics/pcl/back/detections_count,std_msgs/msg/Int32,31
1774016937.3659825,/metrics/pcl/back/points_in,std_msgs/msg/Int32,22152
1774016937.366081,/metrics/pcl/back/processing_ms,std_msgs/msg/Float32,96.4442367553711
1774016937.3821945,/metrics/pcl/front/detections_count,std_msgs/msg/Int32,25
1774016937.3823414,/metrics/pcl/front/points_in,std_msgs/msg/Int32,22152
1774016937.382417,/metrics/pcl/front/processing_ms,std_msgs/msg/Float32,109.03779602050781
1774016937.4495308,/metrics/pcl/right/detections_count,std_msgs/msg/Int32,21
1774016937.4496865,/metrics/pcl/right/points_in,std_msgs/msg/Int32,22152
1774016937.4497724,/metrics/pcl/right/processing_ms,std_msgs/msg/Float32,120.14889526367188
1774016937.461687,/metrics/pcl/back/detections_count,std_msgs/msg/Int32,32
1774016937.4619522,/metrics/pcl/back/points_in,std_msgs/msg/Int32,22152
1774016937.4620667,/metrics/pcl/back/processing_ms,std_msgs/msg/Float32,91.38943481445312
1774016937.472706,/metrics/pcl/left/detections_count,std_msgs/msg/Int32,36
1774016937.4728577,/metrics/pcl/left/points_in,std_msgs/msg/Int32,22152
1774016937.4729462,/metrics/pcl/left/processing_ms,std_msgs/msg/Float32,133.56134033203125
1774016937.4997826,/metrics/pcl/front/detections_count,std_msgs/msg/Int32,30
1774016937.4999685,/metrics/pcl/front/points_in,std_msgs/msg/Int32,22152
1774016937.5000534,/metrics/pcl/front/processing_ms,std_msgs/msg/Float32,117.12110137939453
1774016937.5595725,/metrics/pcl/back/detections_count,std_msgs/msg/Int32,33
1774016937.5597188,/metrics/pcl/back/points_in,std_msgs/msg/Int32,22152
1774016937.5597982,/metrics/pcl/back/processing_ms,std_msgs/msg/Float32,92.39615631103516
1774016937.5659359,/metrics/pcl/right/detections_count,std_msgs/msg/Int32,25
1774016937.5660837,/metrics/pcl/right/points_in,std_msgs/msg/Int32,22152
1774016937.5661602,/metrics/pcl/right/processing_ms,std_msgs/msg/Float32,116.00404357910156
1774016937.6132505,/metrics/pcl/left/detections_count,std_msgs/msg/Int32,31
1774016937.6134198,/metrics/pcl/left/points_in,std_msgs/msg/Int32,22152
1774016937.6134949,/metrics/pcl/left/processing_ms,std_msgs/msg/Float32,139.89083862304688
1774016937.615823,/metrics/pcl/front/detections_count,std_msgs/msg/Int32,28
1774016937.6159658,/metrics/pcl/front/points_in,std_msgs/msg/Int32,22152
1774016937.6160522,/metrics/pcl/front/processing_ms,std_msgs/msg/Float32,115.7630386352539
1774016937.655276,/metrics/pcl/back/detections_count,std_msgs/msg/Int32,31
1774016937.6554441,/metrics/pcl/back/points_in,std_msgs/msg/Int32,22152
1774016937.6555395,/metrics/pcl/back/processing_ms,std_msgs/msg/Float32,87.67973327636719
1774016937.6832607,/metrics/pcl/right/detections_count,std_msgs/msg/Int32,23
1774016937.683407,/metrics/pcl/right/points_in,std_msgs/msg/Int32,22152
1774016937.6834855,/metrics/pcl/right/processing_ms,std_msgs/msg/Float32,116.91463470458984
1774016937.7313106,/metrics/pcl/front/detections_count,std_msgs/msg/Int32,27
1774016937.7314856,/metrics/pcl/front/points_in,std_msgs/msg/Int32,22152
1774016937.7315826,/metrics/pcl/front/processing_ms,std_msgs/msg/Float32,114.77861022949219
1774016937.7450972,/metrics/pcl/left/detections_count,std_msgs/msg/Int32,30
1774016937.745269,/metrics/pcl/left/points_in,std_msgs/msg/Int32,22152
1774016937.7453403,/metrics/pcl/left/processing_ms,std_msgs/msg/Float32,131.36033630371094
1774016937.754301,/metrics/pcl/back/detections_count,std_msgs/msg/Int32,30
1774016937.754532,/metrics/pcl/back/points_in,std_msgs/msg/Int32,22152
1774016937.7546504,/metrics/pcl/back/processing_ms,std_msgs/msg/Float32,85.6954574584961
1774016937.7967312,/metrics/pcl/right/detections_count,std_msgs/msg/Int32,22
1774016937.7968938,/metrics/pcl/right/points_in,std_msgs/msg/Int32,22152
1774016937.7969735,/metrics/pcl/right/processing_ms,std_msgs/msg/Float32,112.92977142333984
1774016937.848899,/metrics/pcl/front/detections_count,std_msgs/msg/Int32,25
1774016937.8490517,/metrics/pcl/front/points_in,std_msgs/msg/Int32,22152
1774016937.8491337,/metrics/pcl/front/processing_ms,std_msgs/msg/Float32,117.11363220214844
1774016937.8567934,/metrics/pcl/back/detections_count,std_msgs/msg/Int32,32
1774016937.8569891,/metrics/pcl/back/points_in,std_msgs/msg/Int32,22152
1774016937.8570743,/metrics/pcl/back/processing_ms,std_msgs/msg/Float32,87.65414428710938
1774016937.8786578,/metrics/pcl/left/detections_count,std_msgs/msg/Int32,34
1774016937.878805,/metrics/pcl/left/points_in,std_msgs/msg/Int32,22152
1774016937.8788967,/metrics/pcl/left/processing_ms,std_msgs/msg/Float32,133.05706787109375
1774016937.9109492,/metrics/pcl/right/detections_count,std_msgs/msg/Int32,25
1774016937.911094,/metrics/pcl/right/points_in,std_msgs/msg/Int32,22152
1774016937.9111722,/metrics/pcl/right/processing_ms,std_msgs/msg/Float32,113.59048461914062
1774016937.9573019,/metrics/pcl/back/detections_count,std_msgs/msg/Int32,27
1774016937.957591,/metrics/pcl/back/points_in,std_msgs/msg/Int32,22152
1774016937.9577315,/metrics/pcl/back/processing_ms,std_msgs/msg/Float32,87.15768432617188
1774016937.9693003,/metrics/pcl/front/detections_count,std_msgs/msg/Int32,27
1774016937.9694529,/metrics/pcl/front/points_in,std_msgs/msg/Int32,22152
1774016937.969515,/metrics/pcl/front/processing_ms,std_msgs/msg/Float32,119.83871459960938
1774016938.007868,/metrics/pcl/left/detections_count,std_msgs/msg/Int32,32
1774016938.0080435,/metrics/pcl/left/points_in,std_msgs/msg/Int32,22152
1774016938.0081162,/metrics/pcl/left/processing_ms,std_msgs/msg/Float32,128.6920623779297
1774016938.0255122,/metrics/pcl/right/detections_count,std_msgs/msg/Int32,26
1774016938.0257056,/metrics/pcl/right/points_in,std_msgs/msg/Int32,22152
1774016938.025792,/metrics/pcl/right/processing_ms,std_msgs/msg/Float32,114.05018615722656
1774016938.0601876,/metrics/pcl/back/detections_count,std_msgs/msg/Int32,26
1774016938.0603373,/metrics/pcl/back/points_in,std_msgs/msg/Int32,22152
1774016938.0604427,/metrics/pcl/back/processing_ms,std_msgs/msg/Float32,89.285400390625
1774016938.0905604,/metrics/pcl/front/detections_count,std_msgs/msg/Int32,24
1774016938.0907593,/metrics/pcl/front/points_in,std_msgs/msg/Int32,22152
1774016938.0908406,/metrics/pcl/front/processing_ms,std_msgs/msg/Float32,120.62661743164062
1774016938.1355963,/metrics/pcl/right/detections_count,std_msgs/msg/Int32,23
1774016938.1357481,/metrics/pcl/right/points_in,std_msgs/msg/Int32,22152
1774016938.1358216,/metrics/pcl/right/processing_ms,std_msgs/msg/Float32,109.56356811523438
1774016938.1374059,/metrics/pcl/left/detections_count,std_msgs/msg/Int32,29
1774016938.1375613,/metrics/pcl/left/points_in,std_msgs/msg/Int32,22152
1774016938.1376505,/metrics/pcl/left/processing_ms,std_msgs/msg/Float32,129.07095336914062
1774016938.150097,/metrics/pcl/back/detections_count,std_msgs/msg/Int32,29
1774016938.1502438,/metrics/pcl/back/points_in,std_msgs/msg/Int32,22152
1774016938.1503136,/metrics/pcl/back/processing_ms,std_msgs/msg/Float32,83.19320678710938
1774016938.2070134,/metrics/pcl/front/detections_count,std_msgs/msg/Int32,22
1774016938.207256,/metrics/pcl/front/points_in,std_msgs/msg/Int32,22152
1774016938.2073476,/metrics/pcl/front/processing_ms,std_msgs/msg/Float32,115.86360931396484
1774016938.2476478,/metrics/pcl/right/detections_count,std_msgs/msg/Int32,23
1774016938.247825,/metrics/pcl/right/points_in,std_msgs/msg/Int32,22152
1774016938.2479331,/metrics/pcl/right/processing_ms,std_msgs/msg/Float32,111.60406494140625
1774016938.2549028,/metrics/pcl/back/detections_count,std_msgs/msg/Int32,25
1774016938.255032,/metrics/pcl/back/points_in,std_msgs/msg/Int32,22152
1774016938.2551014,/metrics/pcl/back/processing_ms,std_msgs/msg/Float32,87.71114349365234
1774016938.2671545,/metrics/pcl/left/detections_count,std_msgs/msg/Int32,36
1774016938.267309,/metrics/pcl/left/points_in,std_msgs/msg/Int32,22152
1774016938.267382,/metrics/pcl/left/processing_ms,std_msgs/msg/Float32,129.1398468017578
1774016938.326137,/metrics/pcl/front/detections_count,std_msgs/msg/Int32,24
1774016938.3263237,/metrics/pcl/front/points_in,std_msgs/msg/Int32,22152
1774016938.3264527,/metrics/pcl/front/processing_ms,std_msgs/msg/Float32,118.66279602050781
1774016938.3589313,/metrics/pcl/back/detections_count,std_msgs/msg/Int32,25
1774016938.3591564,/metrics/pcl/back/points_in,std_msgs/msg/Int32,22152
1774016938.3593001,/metrics/pcl/back/processing_ms,std_msgs/msg/Float32,90.47438049316406
1774016938.3594337,/metrics/pcl/right/detections_count,std_msgs/msg/Int32,20
1774016938.359551,/metrics/pcl/right/points_in,std_msgs/msg/Int32,22152
1774016938.3596554,/metrics/pcl/right/processing_ms,std_msgs/msg/Float32,110.84211730957031
1774016938.4001317,/metrics/pcl/left/detections_count,std_msgs/msg/Int32,35
1774016938.4002812,/metrics/pcl/left/points_in,std_msgs/msg/Int32,22152
1774016938.400356,/metrics/pcl/left/processing_ms,std_msgs/msg/Float32,132.5245819091797
1774016938.4494045,/metrics/pcl/front/detections_count,std_msgs/msg/Int32,22
1774016938.4495735,/metrics/pcl/front/points_in,std_msgs/msg/Int32,22152
1774016938.4496565,/metrics/pcl/front/processing_ms,std_msgs/msg/Float32,122.87703704833984
1774016938.4620998,/metrics/pcl/back/detections_count,std_msgs/msg/Int32,29
1774016938.4622467,/metrics/pcl/back/points_in,std_msgs/msg/Int32,22152
1774016938.4623685,/metrics/pcl/back/processing_ms,std_msgs/msg/Float32,92.99488830566406
1774016938.4734428,/metrics/pcl/right/detections_count,std_msgs/msg/Int32,25
1774016938.473582,/metrics/pcl/right/points_in,std_msgs/msg/Int32,22152
1774016938.4736624,/metrics/pcl/right/processing_ms,std_msgs/msg/Float32,114.08499145507812
1774016938.5348473,/metrics/pcl/left/detections_count,std_msgs/msg/Int32,28
1774016938.535032,/metrics/pcl/left/points_in,std_msgs/msg/Int32,22152
1774016938.5351267,/metrics/pcl/left/processing_ms,std_msgs/msg/Float32,134.2796630859375
1774016938.5623202,/metrics/pcl/back/detections_count,std_msgs/msg/Int32,28
1774016938.5624895,/metrics/pcl/back/points_in,std_msgs/msg/Int32,22152
1774016938.5625994,/metrics/pcl/back/processing_ms,std_msgs/msg/Float32,91.97301483154297
1774016938.5681145,/metrics/pcl/front/detections_count,std_msgs/msg/Int32,23
1774016938.5682364,/metrics/pcl/front/points_in,std_msgs/msg/Int32,22152
1774016938.568298,/metrics/pcl/front/processing_ms,std_msgs/msg/Float32,118.31111145019531
1774016938.5896304,/metrics/pcl/right/detections_count,std_msgs/msg/Int32,26
1774016938.589777,/metrics/pcl/right/points_in,std_msgs/msg/Int32,22152
1774016938.589864,/metrics/pcl/right/processing_ms,std_msgs/msg/Float32,115.67243957519531
1774016938.665076,/metrics/pcl/back/detections_count,std_msgs/msg/Int32,33
1774016938.6651986,/metrics/pcl/back/points_in,std_msgs/msg/Int32,22152
1774016938.6653256,/metrics/pcl/back/processing_ms,std_msgs/msg/Float32,98.06001281738281
1774016938.6677682,/metrics/pcl/left/detections_count,std_msgs/msg/Int32,31
1774016938.6678617,/metrics/pcl/left/points_in,std_msgs/msg/Int32,22152
1774016938.6679482,/metrics/pcl/left/processing_ms,std_msgs/msg/Float32,132.26339721679688
1774016938.6886482,/metrics/pcl/front/detections_count,std_msgs/msg/Int32,24
1774016938.6889274,/metrics/pcl/front/points_in,std_msgs/msg/Int32,22152
1774016938.6890202,/metrics/pcl/front/processing_ms,std_msgs/msg/Float32,119.8702163696289
1774016938.7075083,/metrics/pcl/right/detections_count,std_msgs/msg/Int32,26
1774016938.707776,/metrics/pcl/right/points_in,std_msgs/msg/Int32,22152
1774016938.7079217,/metrics/pcl/right/processing_ms,std_msgs/msg/Float32,117.22616577148438
1774016938.7642493,/metrics/pcl/back/detections_count,std_msgs/msg/Int32,33
1774016938.7643807,/metrics/pcl/back/points_in,std_msgs/msg/Int32,22152
1774016938.7644513,/metrics/pcl/back/processing_ms,std_msgs/msg/Float32,96.94007873535156
1774016938.8007462,/metrics/pcl/left/detections_count,std_msgs/msg/Int32,31
1774016938.8008907,/metrics/pcl/left/points_in,std_msgs/msg/Int32,22152
1774016938.8009827,/metrics/pcl/left/processing_ms,std_msgs/msg/Float32,132.43739318847656
1774016938.8104637,/metrics/pcl/front/detections_count,std_msgs/msg/Int32,24
1774016938.8106332,/metrics/pcl/front/points_in,std_msgs/msg/Int32,22152
1774016938.8107362,/metrics/pcl/front/processing_ms,std_msgs/msg/Float32,121.27198028564453
1774016938.8216867,/metrics/pcl/right/detections_count,std_msgs/msg/Int32,28
1774016938.8218439,/metrics/pcl/right/points_in,std_msgs/msg/Int32,22152
1774016938.8219435,/metrics/pcl/right/processing_ms,std_msgs/msg/Float32,113.3505630493164
1774016938.8609693,/metrics/pcl/back/detections_count,std_msgs/msg/Int32,34
1774016938.8611484,/metrics/pcl/back/points_in,std_msgs/msg/Int32,22152
1774016938.8612244,/metrics/pcl/back/processing_ms,std_msgs/msg/Float32,92.94911193847656
1774016938.928257,/metrics/pcl/front/detections_count,std_msgs/msg/Int32,23
1774016938.9284058,/metrics/pcl/front/points_in,std_msgs/msg/Int32,22152
1774016938.9284644,/metrics/pcl/front/processing_ms,std_msgs/msg/Float32,117.41282653808594
1774016938.9317558,/metrics/pcl/left/detections_count,std_msgs/msg/Int32,34
1774016938.9318578,/metrics/pcl/left/points_in,std_msgs/msg/Int32,22152
1774016938.9319654,/metrics/pcl/left/processing_ms,std_msgs/msg/Float32,130.68580627441406
1774016938.9365022,/metrics/pcl/right/detections_count,std_msgs/msg/Int32,26
1774016938.9365923,/metrics/pcl/right/points_in,std_msgs/msg/Int32,22152
1774016938.936667,/metrics/pcl/right/processing_ms,std_msgs/msg/Float32,114.80828094482422
1774016938.9597893,/metrics/pcl/back/detections_count,std_msgs/msg/Int32,34
1774016938.959956,/metrics/pcl/back/points_in,std_msgs/msg/Int32,22152
1774016938.9600477,/metrics/pcl/back/processing_ms,std_msgs/msg/Float32,90.87921142578125
1774016939.0467606,/metrics/pcl/front/detections_count,std_msgs/msg/Int32,24
1774016939.046931,/metrics/pcl/front/points_in,std_msgs/msg/Int32,22152
1774016939.0470114,/metrics/pcl/front/processing_ms,std_msgs/msg/Float32,118.06179809570312
1774016939.053004,/metrics/pcl/right/detections_count,std_msgs/msg/Int32,30
1774016939.053105,/metrics/pcl/right/points_in,std_msgs/msg/Int32,22152
1774016939.053173,/metrics/pcl/right/processing_ms,std_msgs/msg/Float32,116.05072021484375
1774016939.0617216,/metrics/pcl/back/detections_count,std_msgs/msg/Int32,32
1774016939.0619078,/metrics/pcl/back/points_in,std_msgs/msg/Int32,22152
1774016939.0620527,/metrics/pcl/back/processing_ms,std_msgs/msg/Float32,92.2870101928711
1774016939.0625079,/metrics/pcl/left/detections_count,std_msgs/msg/Int32,28
1774016939.062587,/metrics/pcl/left/points_in,std_msgs/msg/Int32,22152
1774016939.0626745,/metrics/pcl/left/processing_ms,std_msgs/msg/Float32,129.70974731445312
1774016939.1628168,/metrics/pcl/front/detections_count,std_msgs/msg/Int32,25
1774016939.1629896,/metrics/pcl/front/points_in,std_msgs/msg/Int32,22152
1774016939.1631255,/metrics/pcl/front/processing_ms,std_msgs/msg/Float32,115.50816345214844
1774016939.167176,/metrics/pcl/right/detections_count,std_msgs/msg/Int32,27
1774016939.1672747,/metrics/pcl/right/points_in,std_msgs/msg/Int32,22152
1774016939.1673446,/metrics/pcl/right/processing_ms,std_msgs/msg/Float32,113.7747573852539
1774016939.1679978,/metrics/pcl/back/detections_count,std_msgs/msg/Int32,30
1774016939.168067,/metrics/pcl/back/points_in,std_msgs/msg/Int32,22152
1774016939.1681192,/metrics/pcl/back/processing_ms,std_msgs/msg/Float32,97.69728088378906
1774016939.191669,/metrics/pcl/left/detections_count,std_msgs/msg/Int32,31
1774016939.1918428,/metrics/pcl/left/points_in,std_msgs/msg/Int32,22152
1774016939.1919224,/metrics/pcl/left/processing_ms,std_msgs/msg/Float32,129.07611083984375
1774016939.268366,/metrics/pcl/back/detections_count,std_msgs/msg/Int32,32
1774016939.2685175,/metrics/pcl/back/points_in,std_msgs/msg/Int32,22152
1774016939.2685847,/metrics/pcl/back/processing_ms,std_msgs/msg/Float32,99.7225112915039
1774016939.2778592,/metrics/pcl/right/detections_count,std_msgs/msg/Int32,28
1774016939.2780151,/metrics/pcl/right/points_in,std_msgs/msg/Int32,22152
1774016939.2780871,/metrics/pcl/right/processing_ms,std_msgs/msg/Float32,110.1734390258789
1774016939.290472,/metrics/pcl/front/detections_count,std_msgs/msg/Int32,24
1774016939.2906957,/metrics/pcl/front/points_in,std_msgs/msg/Int32,22152
1774016939.29081,/metrics/pcl/front/processing_ms,std_msgs/msg/Float32,126.82908630371094
1774016939.3262181,/metrics/pcl/left/detections_count,std_msgs/msg/Int32,31
1774016939.3263533,/metrics/pcl/left/points_in,std_msgs/msg/Int32,22152
1774016939.326416,/metrics/pcl/left/processing_ms,std_msgs/msg/Float32,134.1007537841797
1774016939.3693,/metrics/pcl/back/detections_count,std_msgs/msg/Int32,33
1774016939.3694246,/metrics/pcl/back/points_in,std_msgs/msg/Int32,22152
1774016939.3694935,/metrics/pcl/back/processing_ms,std_msgs/msg/Float32,100.55836486816406
1774016939.3895087,/metrics/pcl/right/detections_count,std_msgs/msg/Int32,32
1774016939.3897114,/metrics/pcl/right/points_in,std_msgs/msg/Int32,22152
1774016939.3898146,/metrics/pcl/right/processing_ms,std_msgs/msg/Float32,110.95387268066406
1774016939.4131494,/metrics/pcl/front/detections_count,std_msgs/msg/Int32,29
1774016939.4133065,/metrics/pcl/front/points_in,std_msgs/msg/Int32,22152
1774016939.413428,/metrics/pcl/front/processing_ms,std_msgs/msg/Float32,122.39012145996094
1774016939.4636881,/metrics/pcl/left/detections_count,std_msgs/msg/Int32,29
1774016939.46384,/metrics/pcl/left/points_in,std_msgs/msg/Int32,22152
1774016939.463957,/metrics/pcl/left/processing_ms,std_msgs/msg/Float32,136.9285888671875
1774016939.470302,/metrics/pcl/back/detections_count,std_msgs/msg/Int32,36
1774016939.4706085,/metrics/pcl/back/points_in,std_msgs/msg/Int32,22152
1774016939.4707117,/metrics/pcl/back/processing_ms,std_msgs/msg/Float32,100.48674774169922
1774016939.5010178,/metrics/pcl/right/detections_count,std_msgs/msg/Int32,30
1774016939.5012004,/metrics/pcl/right/points_in,std_msgs/msg/Int32,22152
1774016939.501298,/metrics/pcl/right/processing_ms,std_msgs/msg/Float32,111.12044525146484
1774016939.535393,/metrics/pcl/front/detections_count,std_msgs/msg/Int32,25
1774016939.535542,/metrics/pcl/front/points_in,std_msgs/msg/Int32,22152
1774016939.5356314,/metrics/pcl/front/processing_ms,std_msgs/msg/Float32,121.67989349365234
1774016939.5684445,/metrics/pcl/back/detections_count,std_msgs/msg/Int32,34
1774016939.5685875,/metrics/pcl/back/points_in,std_msgs/msg/Int32,22152
1774016939.5686479,/metrics/pcl/back/processing_ms,std_msgs/msg/Float32,97.50410461425781
1774016939.6036878,/metrics/pcl/left/detections_count,std_msgs/msg/Int32,27
1774016939.6039383,/metrics/pcl/left/points_in,std_msgs/msg/Int32,22152
1774016939.60404,/metrics/pcl/left/processing_ms,std_msgs/msg/Float32,139.21701049804688
1774016939.6208966,/metrics/pcl/right/detections_count,std_msgs/msg/Int32,27
1774016939.6211317,/metrics/pcl/right/points_in,std_msgs/msg/Int32,22152
1774016939.6212392,/metrics/pcl/right/processing_ms,std_msgs/msg/Float32,119.37190246582031
1774016939.6531618,/metrics/pcl/front/detections_count,std_msgs/msg/Int32,27
1774016939.6533463,/metrics/pcl/front/points_in,std_msgs/msg/Int32,22152
1774016939.6534877,/metrics/pcl/front/processing_ms,std_msgs/msg/Float32,117.25013732910156
1774016939.6688538,/metrics/pcl/back/detections_count,std_msgs/msg/Int32,32
1774016939.6690004,/metrics/pcl/back/points_in,std_msgs/msg/Int32,22152
1774016939.669065,/metrics/pcl/back/processing_ms,std_msgs/msg/Float32,99.057373046875
1774016939.7377858,/metrics/pcl/left/detections_count,std_msgs/msg/Int32,29
1774016939.7379596,/metrics/pcl/left/points_in,std_msgs/msg/Int32,22152
1774016939.7380373,/metrics/pcl/left/processing_ms,std_msgs/msg/Float32,133.72503662109375
1774016939.7384343,/metrics/pcl/right/detections_count,std_msgs/msg/Int32,28
1774016939.738513,/metrics/pcl/right/points_in,std_msgs/msg/Int32,22152
1774016939.7385745,/metrics/pcl/right/processing_ms,std_msgs/msg/Float32,117.00277709960938
1774016939.7657511,/metrics/pcl/back/detections_count,std_msgs/msg/Int32,38
1774016939.7659237,/metrics/pcl/back/points_in,std_msgs/msg/Int32,22152
1774016939.7659981,/metrics/pcl/back/processing_ms,std_msgs/msg/Float32,95.269287109375
1774016939.774637,/metrics/pcl/front/detections_count,std_msgs/msg/Int32,24
1774016939.7748463,/metrics/pcl/front/points_in,std_msgs/msg/Int32,22152
1774016939.774961,/metrics/pcl/front/processing_ms,std_msgs/msg/Float32,120.76625061035156
1774016939.85766,/metrics/pcl/right/detections_count,std_msgs/msg/Int32,30
1774016939.857835,/metrics/pcl/right/points_in,std_msgs/msg/Int32,22152
1774016939.8579586,/metrics/pcl/right/processing_ms,std_msgs/msg/Float32,118.77840423583984
1774016939.8597667,/metrics/pcl/back/detections_count,std_msgs/msg/Int32,34
1774016939.8598611,/metrics/pcl/back/points_in,std_msgs/msg/Int32,22152
1774016939.859956,/metrics/pcl/back/processing_ms,std_msgs/msg/Float32,92.93325805664062
1774016939.8805914,/metrics/pcl/left/detections_count,std_msgs/msg/Int32,30
1774016939.8807647,/metrics/pcl/left/points_in,std_msgs/msg/Int32,22152
1774016939.8808613,/metrics/pcl/left/processing_ms,std_msgs/msg/Float32,142.19674682617188
1774016939.8978546,/metrics/pcl/front/detections_count,std_msgs/msg/Int32,27
1774016939.898055,/metrics/pcl/front/points_in,std_msgs/msg/Int32,22152
1774016939.898154,/metrics/pcl/front/processing_ms,std_msgs/msg/Float32,122.68771362304688
1774016939.963801,/metrics/pcl/back/detections_count,std_msgs/msg/Int32,35
1774016939.9640114,/metrics/pcl/back/points_in,std_msgs/msg/Int32,22152
1774016939.964121,/metrics/pcl/back/processing_ms,std_msgs/msg/Float32,95.8387222290039
1774016939.9749181,/metrics/pcl/right/detections_count,std_msgs/msg/Int32,30
1774016939.9751027,/metrics/pcl/right/points_in,std_msgs/msg/Int32,22152
1774016939.9752135,/metrics/pcl/right/processing_ms,std_msgs/msg/Float32,116.81254577636719
1774016940.0173717,/metrics/pcl/front/detections_count,std_msgs/msg/Int32,25
1774016940.0175147,/metrics/pcl/front/points_in,std_msgs/msg/Int32,22152
1774016940.0175962,/metrics/pcl/front/processing_ms,std_msgs/msg/Float32,119.12655639648438
1774016940.0183444,/metrics/pcl/left/detections_count,std_msgs/msg/Int32,29
1774016940.018417,/metrics/pcl/left/points_in,std_msgs/msg/Int32,22152
1774016940.0184736,/metrics/pcl/left/processing_ms,std_msgs/msg/Float32,137.62745666503906
1774016940.0696158,/metrics/pcl/back/detections_count,std_msgs/msg/Int32,31
1774016940.0697796,/metrics/pcl/back/points_in,std_msgs/msg/Int32,22152
1774016940.0698502,/metrics/pcl/back/processing_ms,std_msgs/msg/Float32,101.14144134521484
1774016940.0879507,/metrics/pcl/right/detections_count,std_msgs/msg/Int32,30
1774016940.088209,/metrics/pcl/right/points_in,std_msgs/msg/Int32,22152
1774016940.0883834,/metrics/pcl/right/processing_ms,std_msgs/msg/Float32,112.4097671508789
1774016940.134375,/metrics/pcl/front/detections_count,std_msgs/msg/Int32,27
1774016940.1345267,/metrics/pcl/front/points_in,std_msgs/msg/Int32,22152
1774016940.1346102,/metrics/pcl/front/processing_ms,std_msgs/msg/Float32,116.56705474853516
1774016940.1500142,/metrics/pcl/left/detections_count,std_msgs/msg/Int32,32
1774016940.1501482,/metrics/pcl/left/points_in,std_msgs/msg/Int32,22152
1774016940.1502287,/metrics/pcl/left/processing_ms,std_msgs/msg/Float32,130.9040069580078
1774016940.1672146,/metrics/pcl/back/detections_count,std_msgs/msg/Int32,34
1774016940.1673613,/metrics/pcl/back/processing_ms,std_msgs/msg/Float32,97.12484741210938
1774016940.1677299,/metrics/pcl/back/points_in,std_msgs/msg/Int32,22152
1774016940.1977692,/metrics/pcl/right/detections_count,std_msgs/msg/Int32,32
1774016940.197902,/metrics/pcl/right/points_in,std_msgs/msg/Int32,22152
1774016940.197979,/metrics/pcl/right/processing_ms,std_msgs/msg/Float32,109.5849380493164
1774016940.2460186,/metrics/pcl/front/detections_count,std_msgs/msg/Int32,26
1774016940.2461731,/metrics/pcl/front/points_in,std_msgs/msg/Int32,22152
1774016940.2462428,/metrics/pcl/front/processing_ms,std_msgs/msg/Float32,111.19218444824219
1774016940.264059,/metrics/pcl/back/detections_count,std_msgs/msg/Int32,28
1774016940.2641985,/metrics/pcl/back/points_in,std_msgs/msg/Int32,22152
1774016940.264284,/metrics/pcl/back/processing_ms,std_msgs/msg/Float32,93.31206512451172
1774016940.284812,/metrics/pcl/left/detections_count,std_msgs/msg/Int32,31
1774016940.2850015,/metrics/pcl/left/points_in,std_msgs/msg/Int32,22152
1774016940.2851067,/metrics/pcl/left/processing_ms,std_msgs/msg/Float32,134.25254821777344
1774016940.3085113,/metrics/pcl/right/detections_count,std_msgs/msg/Int32,32
1774016940.3087022,/metrics/pcl/right/points_in,std_msgs/msg/Int32,22152
1774016940.308803,/metrics/pcl/right/processing_ms,std_msgs/msg/Float32,110.19488525390625
1774016940.3599775,/metrics/pcl/back/detections_count,std_msgs/msg/Int32,29
1774016940.3601592,/metrics/pcl/back/points_in,std_msgs/msg/Int32,22152
1774016940.3602808,/metrics/pcl/back/processing_ms,std_msgs/msg/Float32,93.61148071289062
1774016940.3644798,/metrics/pcl/front/detections_count,std_msgs/msg/Int32,29
1774016940.3645728,/metrics/pcl/front/points_in,std_msgs/msg/Int32,22152
1774016940.3646388,/metrics/pcl/front/processing_ms,std_msgs/msg/Float32,118.1190414428711
1774016940.42066,/metrics/pcl/left/detections_count,std_msgs/msg/Int32,31
1774016940.4208238,/metrics/pcl/left/points_in,std_msgs/msg/Int32,22152
1774016940.4209824,/metrics/pcl/left/processing_ms,std_msgs/msg/Float32,135.32098388671875
1774016940.421498,/metrics/pcl/right/detections_count,std_msgs/msg/Int32,28
1774016940.4216077,/metrics/pcl/right/points_in,std_msgs/msg/Int32,22152
1774016940.4216747,/metrics/pcl/right/processing_ms,std_msgs/msg/Float32,112.27608489990234
1774016940.4685895,/metrics/pcl/back/detections_count,std_msgs/msg/Int32,29
1774016940.4687269,/metrics/pcl/back/points_in,std_msgs/msg/Int32,22152
1774016940.4687893,/metrics/pcl/back/processing_ms,std_msgs/msg/Float32,101.2063980102539
1774016940.4879007,/metrics/pcl/front/detections_count,std_msgs/msg/Int32,25
1774016940.4880764,/metrics/pcl/front/points_in,std_msgs/msg/Int32,22152
1774016940.488151,/metrics/pcl/front/processing_ms,std_msgs/msg/Float32,122.81373596191406
1774016940.5344439,/metrics/pcl/right/detections_count,std_msgs/msg/Int32,23
1774016940.5346136,/metrics/pcl/right/points_in,std_msgs/msg/Int32,22152
1774016940.5346837,/metrics/pcl/right/processing_ms,std_msgs/msg/Float32,112.71154022216797
1774016940.5600002,/metrics/pcl/left/detections_count,std_msgs/msg/Int32,28
1774016940.5601566,/metrics/pcl/left/points_in,std_msgs/msg/Int32,22152
1774016940.5602665,/metrics/pcl/left/processing_ms,std_msgs/msg/Float32,138.94287109375
1774016940.5643704,/metrics/pcl/back/detections_count,std_msgs/msg/Int32,34
1774016940.5644937,/metrics/pcl/back/points_in,std_msgs/msg/Int32,22152
1774016940.564567,/metrics/pcl/back/processing_ms,std_msgs/msg/Float32,95.42127990722656
1774016940.60513,/metrics/pcl/front/detections_count,std_msgs/msg/Int32,29
1774016940.6053538,/metrics/pcl/front/points_in,std_msgs/msg/Int32,22152
1774016940.605458,/metrics/pcl/front/processing_ms,std_msgs/msg/Float32,116.63299560546875
1774016940.6490233,/metrics/pcl/right/detections_count,std_msgs/msg/Int32,30
1774016940.649207,/metrics/pcl/right/points_in,std_msgs/msg/Int32,22152
1774016940.6493351,/metrics/pcl/right/processing_ms,std_msgs/msg/Float32,114.12356567382812
1774016940.6644788,/metrics/pcl/back/detections_count,std_msgs/msg/Int32,30
1774016940.664621,/metrics/pcl/back/points_in,std_msgs/msg/Int32,22152
1774016940.664717,/metrics/pcl/back/processing_ms,std_msgs/msg/Float32,96.44409942626953
1774016940.6958106,/metrics/pcl/left/detections_count,std_msgs/msg/Int32,27
1774016940.6959822,/metrics/pcl/left/points_in,std_msgs/msg/Int32,22152
1774016940.6960504,/metrics/pcl/left/processing_ms,std_msgs/msg/Float32,135.28189086914062
1774016940.7247875,/metrics/pcl/front/detections_count,std_msgs/msg/Int32,25
1774016940.7249362,/metrics/pcl/front/points_in,std_msgs/msg/Int32,22152
1774016940.725009,/metrics/pcl/front/processing_ms,std_msgs/msg/Float32,119.27857208251953
1774016940.760955,/metrics/pcl/right/detections_count,std_msgs/msg/Int32,28
1774016940.7610981,/metrics/pcl/right/points_in,std_msgs/msg/Int32,22152
1774016940.7611775,/metrics/pcl/right/processing_ms,std_msgs/msg/Float32,111.44866943359375
1774016940.767312,/metrics/pcl/back/detections_count,std_msgs/msg/Int32,30
1774016940.7674608,/metrics/pcl/back/points_in,std_msgs/msg/Int32,22152
1774016940.7675226,/metrics/pcl/back/processing_ms,std_msgs/msg/Float32,97.49303436279297
1774016940.8324723,/metrics/pcl/left/detections_count,std_msgs/msg/Int32,29
1774016940.8326359,/metrics/pcl/left/points_in,std_msgs/msg/Int32,22152
1774016940.8327537,/metrics/pcl/left/processing_ms,std_msgs/msg/Float32,136.07925415039062
1774016940.8452456,/metrics/pcl/front/detections_count,std_msgs/msg/Int32,24
1774016940.845403,/metrics/pcl/front/points_in,std_msgs/msg/Int32,22152
1774016940.8454773,/metrics/pcl/front/processing_ms,std_msgs/msg/Float32,119.89193725585938
1774016940.8625581,/metrics/pcl/back/detections_count,std_msgs/msg/Int32,30
1774016940.8627553,/metrics/pcl/back/points_in,std_msgs/msg/Int32,22152
1774016940.8628533,/metrics/pcl/back/processing_ms,std_msgs/msg/Float32,92.71896362304688
1774016940.8731935,/metrics/pcl/right/detections_count,std_msgs/msg/Int32,27
1774016940.87343,/metrics/pcl/right/points_in,std_msgs/msg/Int32,22152
1774016940.8735795,/metrics/pcl/right/processing_ms,std_msgs/msg/Float32,111.56790161132812
1774016940.9590504,/metrics/pcl/back/detections_count,std_msgs/msg/Int32,34
1774016940.9592197,/metrics/pcl/back/points_in,std_msgs/msg/Int32,22152
1774016940.9592834,/metrics/pcl/back/processing_ms,std_msgs/msg/Float32,92.22157287597656
1774016940.964797,/metrics/pcl/front/detections_count,std_msgs/msg/Int32,26
1774016940.9649951,/metrics/pcl/front/points_in,std_msgs/msg/Int32,22152
1774016940.9651015,/metrics/pcl/front/processing_ms,std_msgs/msg/Float32,119.0205078125
1774016940.9718642,/metrics/pcl/left/detections_count,std_msgs/msg/Int32,31
1774016940.9720826,/metrics/pcl/left/points_in,std_msgs/msg/Int32,22152
1774016940.972163,/metrics/pcl/left/processing_ms,std_msgs/msg/Float32,138.9399871826172
1774016940.9856024,/metrics/pcl/right/detections_count,std_msgs/msg/Int32,27
1774016940.985798,/metrics/pcl/right/points_in,std_msgs/msg/Int32,22152
1774016940.9859278,/metrics/pcl/right/processing_ms,std_msgs/msg/Float32,111.99449920654297
1774016941.062685,/metrics/pcl/back/detections_count,std_msgs/msg/Int32,35
1774016941.0628183,/metrics/pcl/back/points_in,std_msgs/msg/Int32,22152
1774016941.0629003,/metrics/pcl/back/processing_ms,std_msgs/msg/Float32,95.37903594970703
1774016941.0839527,/metrics/pcl/front/detections_count,std_msgs/msg/Int32,24
1774016941.0840957,/metrics/pcl/front/points_in,std_msgs/msg/Int32,22152
1774016941.0841742,/metrics/pcl/front/processing_ms,std_msgs/msg/Float32,118.64115905761719
1774016941.1016197,/metrics/pcl/right/detections_count,std_msgs/msg/Int32,29
1774016941.1017609,/metrics/pcl/right/points_in,std_msgs/msg/Int32,22152
1774016941.1018326,/metrics/pcl/right/processing_ms,std_msgs/msg/Float32,115.64134216308594
1774016941.1085398,/metrics/pcl/left/detections_count,std_msgs/msg/Int32,31
1774016941.108639,/metrics/pcl/left/points_in,std_msgs/msg/Int32,22152
1774016941.1087282,/metrics/pcl/left/processing_ms,std_msgs/msg/Float32,136.36093139648438
1774016941.161362,/metrics/pcl/back/detections_count,std_msgs/msg/Int32,36
1774016941.161485,/metrics/pcl/back/points_in,std_msgs/msg/Int32,22152
1774016941.1615434,/metrics/pcl/back/processing_ms,std_msgs/msg/Float32,93.69341278076172
1774016941.1987157,/metrics/pcl/front/detections_count,std_msgs/msg/Int32,25
1774016941.1988397,/metrics/pcl/front/points_in,std_msgs/msg/Int32,22152
1774016941.198932,/metrics/pcl/front/processing_ms,std_msgs/msg/Float32,114.31597137451172
1774016941.2103612,/metrics/pcl/right/detections_count,std_msgs/msg/Int32,22
1774016941.210509,/metrics/pcl/right/points_in,std_msgs/msg/Int32,22152
1774016941.2105887,/metrics/pcl/right/processing_ms,std_msgs/msg/Float32,108.30009460449219
1774016941.2401612,/metrics/pcl/left/detections_count,std_msgs/msg/Int32,33
1774016941.240345,/metrics/pcl/left/points_in,std_msgs/msg/Int32,22152
1774016941.240443,/metrics/pcl/left/processing_ms,std_msgs/msg/Float32,130.65963745117188
1774016941.2603757,/metrics/pcl/back/detections_count,std_msgs/msg/Int32,34
1774016941.2605016,/metrics/pcl/back/points_in,std_msgs/msg/Int32,22152
1774016941.2605736,/metrics/pcl/back/processing_ms,std_msgs/msg/Float32,91.10462951660156
1774016941.3152997,/metrics/pcl/front/detections_count,std_msgs/msg/Int32,24
1774016941.3154333,/metrics/pcl/front/points_in,std_msgs/msg/Int32,22152
1774016941.31549,/metrics/pcl/front/processing_ms,std_msgs/msg/Float32,116.32567596435547
1774016941.3181415,/metrics/pcl/right/detections_count,std_msgs/msg/Int32,23
1774016941.3182554,/metrics/pcl/right/points_in,std_msgs/msg/Int32,22152
1774016941.3183157,/metrics/pcl/right/processing_ms,std_msgs/msg/Float32,107.61153411865234
1774016941.3616698,/metrics/pcl/back/detections_count,std_msgs/msg/Int32,36
1774016941.361848,/metrics/pcl/back/points_in,std_msgs/msg/Int32,22152
1774016941.3620195,/metrics/pcl/back/processing_ms,std_msgs/msg/Float32,92.1214370727539
1774016941.3729303,/metrics/pcl/left/detections_count,std_msgs/msg/Int32,31
1774016941.3731675,/metrics/pcl/left/points_in,std_msgs/msg/Int32,22152
1774016941.373245,/metrics/pcl/left/processing_ms,std_msgs/msg/Float32,132.34715270996094
1774016941.4281735,/metrics/pcl/right/detections_count,std_msgs/msg/Int32,27
1774016941.4283168,/metrics/pcl/right/points_in,std_msgs/msg/Int32,22152
1774016941.4283783,/metrics/pcl/right/processing_ms,std_msgs/msg/Float32,109.4363021850586
1774016941.4380918,/metrics/pcl/front/detections_count,std_msgs/msg/Int32,24
1774016941.438307,/metrics/pcl/front/points_in,std_msgs/msg/Int32,22152
1774016941.4384463,/metrics/pcl/front/processing_ms,std_msgs/msg/Float32,122.1436767578125
1774016941.4646585,/metrics/pcl/back/detections_count,std_msgs/msg/Int32,35
1774016941.4647882,/metrics/pcl/back/points_in,std_msgs/msg/Int32,22152
1774016941.4648492,/metrics/pcl/back/processing_ms,std_msgs/msg/Float32,94.48411560058594
1774016941.513012,/metrics/pcl/left/detections_count,std_msgs/msg/Int32,34
1774016941.513177,/metrics/pcl/left/points_in,std_msgs/msg/Int32,22152
1774016941.5132418,/metrics/pcl/left/processing_ms,std_msgs/msg/Float32,139.60105895996094
1774016941.542445,/metrics/pcl/right/detections_count,std_msgs/msg/Int32,28
1774016941.5426738,/metrics/pcl/right/points_in,std_msgs/msg/Int32,22152
1774016941.5427802,/metrics/pcl/right/processing_ms,std_msgs/msg/Float32,113.78658294677734
1774016941.5607605,/metrics/pcl/front/detections_count,std_msgs/msg/Int32,28
1774016941.5609462,/metrics/pcl/front/points_in,std_msgs/msg/Int32,22152
1774016941.5610704,/metrics/pcl/front/processing_ms,std_msgs/msg/Float32,122.23530578613281
1774016941.5615664,/metrics/pcl/back/detections_count,std_msgs/msg/Int32,33
1774016941.5616696,/metrics/pcl/back/points_in,std_msgs/msg/Int32,22152
1774016941.5617864,/metrics/pcl/back/processing_ms,std_msgs/msg/Float32,95.08402252197266
1774016941.6474228,/metrics/pcl/left/detections_count,std_msgs/msg/Int32,32
1774016941.6475868,/metrics/pcl/left/points_in,std_msgs/msg/Int32,22152
1774016941.647737,/metrics/pcl/left/processing_ms,std_msgs/msg/Float32,133.8938446044922
1774016941.655539,/metrics/pcl/right/detections_count,std_msgs/msg/Int32,29
1774016941.65576,/metrics/pcl/right/points_in,std_msgs/msg/Int32,22152
1774016941.6558664,/metrics/pcl/right/processing_ms,std_msgs/msg/Float32,112.51606750488281
1774016941.6606178,/metrics/pcl/back/detections_count,std_msgs/msg/Int32,32
1774016941.66076,/metrics/pcl/back/points_in,std_msgs/msg/Int32,22152
1774016941.6608677,/metrics/pcl/back/processing_ms,std_msgs/msg/Float32,93.52497863769531
1774016941.6830382,/metrics/pcl/front/detections_count,std_msgs/msg/Int32,31
1774016941.6832187,/metrics/pcl/front/points_in,std_msgs/msg/Int32,22152
1774016941.683321,/metrics/pcl/front/processing_ms,std_msgs/msg/Float32,121.68852996826172
1774016941.7649438,/metrics/pcl/back/detections_count,std_msgs/msg/Int32,31
1774016941.7651308,/metrics/pcl/back/points_in,std_msgs/msg/Int32,22152
1774016941.765235,/metrics/pcl/back/processing_ms,std_msgs/msg/Float32,96.18225860595703
1774016941.7720675,/metrics/pcl/right/detections_count,std_msgs/msg/Int32,32
1774016941.7722046,/metrics/pcl/right/points_in,std_msgs/msg/Int32,22152
1774016941.772282,/metrics/pcl/right/processing_ms,std_msgs/msg/Float32,116.02568054199219
1774016941.7866967,/metrics/pcl/left/detections_count,std_msgs/msg/Int32,27
1774016941.7868462,/metrics/pcl/left/points_in,std_msgs/msg/Int32,22152
1774016941.7869534,/metrics/pcl/left/processing_ms,std_msgs/msg/Float32,138.76651000976562
1774016941.8090403,/metrics/pcl/front/detections_count,std_msgs/msg/Int32,29
1774016941.8091686,/metrics/pcl/front/points_in,std_msgs/msg/Int32,22152
1774016941.8092682,/metrics/pcl/front/processing_ms,std_msgs/msg/Float32,125.60319519042969
1774016941.865032,/metrics/pcl/back/detections_count,std_msgs/msg/Int32,31
1774016941.8651462,/metrics/pcl/back/points_in,std_msgs/msg/Int32,22152
1774016941.8652072,/metrics/pcl/back/processing_ms,std_msgs/msg/Float32,95.84300994873047
1774016941.889333,/metrics/pcl/right/detections_count,std_msgs/msg/Int32,31
1774016941.889479,/metrics/pcl/right/points_in,std_msgs/msg/Int32,22152
1774016941.8895793,/metrics/pcl/right/processing_ms,std_msgs/msg/Float32,116.67385864257812
1774016941.9271805,/metrics/pcl/left/detections_count,std_msgs/msg/Int32,30
1774016941.927382,/metrics/pcl/left/points_in,std_msgs/msg/Int32,22152
1774016941.9274793,/metrics/pcl/left/processing_ms,std_msgs/msg/Float32,140.02525329589844
1774016941.936684,/metrics/pcl/front/detections_count,std_msgs/msg/Int32,32
1774016941.93686,/metrics/pcl/front/points_in,std_msgs/msg/Int32,22152
1774016941.9370003,/metrics/pcl/front/processing_ms,std_msgs/msg/Float32,126.86088562011719
1774016941.965508,/metrics/pcl/back/detections_count,std_msgs/msg/Int32,34
1774016941.9656322,/metrics/pcl/back/points_in,std_msgs/msg/Int32,22152
1774016941.96571,/metrics/pcl/back/processing_ms,std_msgs/msg/Float32,96.05866241455078
1774016942.0076191,/metrics/pcl/right/detections_count,std_msgs/msg/Int32,26
1774016942.0078008,/metrics/pcl/right/points_in,std_msgs/msg/Int32,22152
1774016942.007935,/metrics/pcl/right/processing_ms,std_msgs/msg/Float32,117.81655883789062
1774016942.0570636,/metrics/pcl/front/detections_count,std_msgs/msg/Int32,24
1774016942.0572658,/metrics/pcl/front/points_in,std_msgs/msg/Int32,22152
1774016942.0573637,/metrics/pcl/front/processing_ms,std_msgs/msg/Float32,119.96637725830078
1774016942.0654688,/metrics/pcl/left/detections_count,std_msgs/msg/Int32,28
1774016942.0655863,/metrics/pcl/left/points_in,std_msgs/msg/Int32,22152
1774016942.0656493,/metrics/pcl/left/processing_ms,std_msgs/msg/Float32,137.8518829345703
1774016942.066002,/metrics/pcl/back/detections_count,std_msgs/msg/Int32,32
1774016942.0660808,/metrics/pcl/back/points_in,std_msgs/msg/Int32,22152
1774016942.0661306,/metrics/pcl/back/processing_ms,std_msgs/msg/Float32,95.55256652832031
1774016942.1247237,/metrics/pcl/right/detections_count,std_msgs/msg/Int32,25
1774016942.1249292,/metrics/pcl/right/points_in,std_msgs/msg/Int32,22152
1774016942.1250656,/metrics/pcl/right/processing_ms,std_msgs/msg/Float32,116.7329330444336
1774016942.160295,/metrics/pcl/back/detections_count,std_msgs/msg/Int32,34
1774016942.1604307,/metrics/pcl/back/points_in,std_msgs/msg/Int32,22152
1774016942.1605034,/metrics/pcl/back/processing_ms,std_msgs/msg/Float32,92.51654052734375
1774016942.1738064,/metrics/pcl/front/detections_count,std_msgs/msg/Int32,26
1774016942.1739995,/metrics/pcl/front/points_in,std_msgs/msg/Int32,22152
1774016942.17415,/metrics/pcl/front/processing_ms,std_msgs/msg/Float32,116.1592788696289
1774016942.1974366,/metrics/pcl/left/detections_count,std_msgs/msg/Int32,34
1774016942.1975527,/metrics/pcl/left/points_in,std_msgs/msg/Int32,22152
1774016942.19761,/metrics/pcl/left/processing_ms,std_msgs/msg/Float32,131.5496063232422
1774016942.2369077,/metrics/pcl/right/detections_count,std_msgs/msg/Int32,28
1774016942.237076,/metrics/pcl/right/points_in,std_msgs/msg/Int32,22152
1774016942.2371564,/metrics/pcl/right/processing_ms,std_msgs/msg/Float32,111.62097930908203
1774016942.2571871,/metrics/pcl/back/detections_count,std_msgs/msg/Int32,29
1774016942.2573485,/metrics/pcl/back/points_in,std_msgs/msg/Int32,22152
1774016942.2574646,/metrics/pcl/back/processing_ms,std_msgs/msg/Float32,89.73617553710938
1774016942.2888541,/metrics/pcl/front/detections_count,std_msgs/msg/Int32,26
1774016942.2890394,/metrics/pcl/front/points_in,std_msgs/msg/Int32,22152
1774016942.2891147,/metrics/pcl/front/processing_ms,std_msgs/msg/Float32,114.61613464355469
1774016942.328177,/metrics/pcl/left/detections_count,std_msgs/msg/Int32,29
1774016942.3283575,/metrics/pcl/left/points_in,std_msgs/msg/Int32,22152
1774016942.3284361,/metrics/pcl/left/processing_ms,std_msgs/msg/Float32,130.30532836914062
1774016942.353028,/metrics/pcl/right/detections_count,std_msgs/msg/Int32,27
1774016942.3531961,/metrics/pcl/right/points_in,std_msgs/msg/Int32,22152
1774016942.3532631,/metrics/pcl/right/processing_ms,std_msgs/msg/Float32,115.57646179199219
1774016942.3587763,/metrics/pcl/back/detections_count,std_msgs/msg/Int32,30
1774016942.3589172,/metrics/pcl/back/points_in,std_msgs/msg/Int32,22152
1774016942.359032,/metrics/pcl/back/processing_ms,std_msgs/msg/Float32,90.34553527832031
1774016942.4013057,/metrics/pcl/front/detections_count,std_msgs/msg/Int32,24
1774016942.4014354,/metrics/pcl/front/points_in,std_msgs/msg/Int32,22152
1774016942.4015007,/metrics/pcl/front/processing_ms,std_msgs/msg/Float32,111.99269104003906
1774016942.4672601,/metrics/pcl/back/detections_count,std_msgs/msg/Int32,31
1774016942.467381,/metrics/pcl/back/points_in,std_msgs/msg/Int32,22152
1774016942.4674444,/metrics/pcl/back/processing_ms,std_msgs/msg/Float32,98.02545928955078
1774016942.4730535,/metrics/pcl/left/detections_count,std_msgs/msg/Int32,32
1774016942.4736147,/metrics/pcl/left/points_in,std_msgs/msg/Int32,22152
1774016942.4738064,/metrics/pcl/left/processing_ms,std_msgs/msg/Float32,143.81497192382812
1774016942.4743247,/metrics/pcl/right/detections_count,std_msgs/msg/Int32,34
1774016942.4744015,/metrics/pcl/right/points_in,std_msgs/msg/Int32,22152
1774016942.474467,/metrics/pcl/right/processing_ms,std_msgs/msg/Float32,119.71196746826172
1774016942.5323486,/metrics/pcl/front/detections_count,std_msgs/msg/Int32,25
1774016942.532457,/metrics/pcl/front/points_in,std_msgs/msg/Int32,22152
1774016942.532522,/metrics/pcl/front/processing_ms,std_msgs/msg/Float32,130.56851196289062
1774016942.5700552,/metrics/pcl/back/detections_count,std_msgs/msg/Int32,34
1774016942.570234,/metrics/pcl/back/points_in,std_msgs/msg/Int32,22152
1774016942.5703387,/metrics/pcl/back/processing_ms,std_msgs/msg/Float32,99.54690551757812
1774016942.5980852,/metrics/pcl/right/detections_count,std_msgs/msg/Int32,30
1774016942.5982172,/metrics/pcl/right/points_in,std_msgs/msg/Int32,22152
1774016942.5983763,/metrics/pcl/right/processing_ms,std_msgs/msg/Float32,124.05472564697266
1774016942.6157985,/metrics/pcl/left/detections_count,std_msgs/msg/Int32,29
1774016942.6160176,/metrics/pcl/left/points_in,std_msgs/msg/Int32,22152
1774016942.6161435,/metrics/pcl/left/processing_ms,std_msgs/msg/Float32,142.02859497070312
1774016942.6630838,/metrics/pcl/front/detections_count,std_msgs/msg/Int32,25
1774016942.6632276,/metrics/pcl/front/points_in,std_msgs/msg/Int32,22152
1774016942.6633153,/metrics/pcl/front/processing_ms,std_msgs/msg/Float32,130.0290985107422
1774016942.6708627,/metrics/pcl/back/detections_count,std_msgs/msg/Int32,34
1774016942.671013,/metrics/pcl/back/points_in,std_msgs/msg/Int32,22152
1774016942.6711116,/metrics/pcl/back/processing_ms,std_msgs/msg/Float32,100.05274200439453
1774016942.7226937,/metrics/pcl/right/detections_count,std_msgs/msg/Int32,31
1774016942.7228618,/metrics/pcl/right/points_in,std_msgs/msg/Int32,22152
1774016942.722945,/metrics/pcl/right/processing_ms,std_msgs/msg/Float32,123.96485900878906
1774016942.7574203,/metrics/pcl/left/detections_count,std_msgs/msg/Int32,36
1774016942.7576828,/metrics/pcl/left/points_in,std_msgs/msg/Int32,22152
1774016942.757815,/metrics/pcl/left/processing_ms,std_msgs/msg/Float32,140.92018127441406
1774016942.7639086,/metrics/pcl/back/detections_count,std_msgs/msg/Int32,38
1774016942.7640672,/metrics/pcl/back/points_in,std_msgs/msg/Int32,22152
1774016942.764147,/metrics/pcl/back/processing_ms,std_msgs/msg/Float32,92.49785614013672
1774016942.782879,/metrics/pcl/front/detections_count,std_msgs/msg/Int32,23
1774016942.783036,/metrics/pcl/front/points_in,std_msgs/msg/Int32,22152
1774016942.783096,/metrics/pcl/front/processing_ms,std_msgs/msg/Float32,119.35423278808594
1774016942.842268,/metrics/pcl/right/detections_count,std_msgs/msg/Int32,32
1774016942.8424428,/metrics/pcl/right/points_in,std_msgs/msg/Int32,22152
1774016942.8425252,/metrics/pcl/right/processing_ms,std_msgs/msg/Float32,119.03672790527344
1774016942.8628786,/metrics/pcl/back/detections_count,std_msgs/msg/Int32,36
1774016942.863032,/metrics/pcl/back/points_in,std_msgs/msg/Int32,22152
1774016942.8630962,/metrics/pcl/back/processing_ms,std_msgs/msg/Float32,95.13788604736328
1774016942.8956566,/metrics/pcl/left/detections_count,std_msgs/msg/Int32,28
1774016942.8958678,/metrics/pcl/left/points_in,std_msgs/msg/Int32,22152
1774016942.8959823,/metrics/pcl/left/processing_ms,std_msgs/msg/Float32,137.47259521484375
1774016942.9014025,/metrics/pcl/front/detections_count,std_msgs/msg/Int32,24
1774016942.901501,/metrics/pcl/front/points_in,std_msgs/msg/Int32,22152
1774016942.9015815,/metrics/pcl/front/processing_ms,std_msgs/msg/Float32,118.25702667236328
1774016942.960819,/metrics/pcl/right/detections_count,std_msgs/msg/Int32,28
1774016942.9609725,/metrics/pcl/right/points_in,std_msgs/msg/Int32,22152
1774016942.9610565,/metrics/pcl/right/processing_ms,std_msgs/msg/Float32,118.1675033569336
1774016942.967043,/metrics/pcl/back/detections_count,std_msgs/msg/Int32,33
1774016942.9671679,/metrics/pcl/back/points_in,std_msgs/msg/Int32,22152
1774016942.9672322,/metrics/pcl/back/processing_ms,std_msgs/msg/Float32,98.56958770751953
1774016943.0217524,/metrics/pcl/front/detections_count,std_msgs/msg/Int32,23
1774016943.0220175,/metrics/pcl/front/points_in,std_msgs/msg/Int32,22152
1774016943.0221136,/metrics/pcl/front/processing_ms,std_msgs/msg/Float32,119.54064178466797
1774016943.0334902,/metrics/pcl/left/detections_count,std_msgs/msg/Int32,29
1774016943.0336647,/metrics/pcl/left/points_in,std_msgs/msg/Int32,22152
1774016943.0337462,/metrics/pcl/left/processing_ms,std_msgs/msg/Float32,137.47775268554688
1774016943.06302,/metrics/pcl/back/detections_count,std_msgs/msg/Int32,38
1774016943.0632129,/metrics/pcl/back/points_in,std_msgs/msg/Int32,22152
1774016943.063304,/metrics/pcl/back/processing_ms,std_msgs/msg/Float32,93.63251495361328
1774016943.0802858,/metrics/pcl/right/detections_count,std_msgs/msg/Int32,28
1774016943.0804505,/metrics/pcl/right/points_in,std_msgs/msg/Int32,22152
1774016943.0805483,/metrics/pcl/right/processing_ms,std_msgs/msg/Float32,118.91020965576172
1774016943.1486168,/metrics/pcl/front/detections_count,std_msgs/msg/Int32,30
1774016943.1487806,/metrics/pcl/front/points_in,std_msgs/msg/Int32,22152
1774016943.148868,/metrics/pcl/front/processing_ms,std_msgs/msg/Float32,126.41951751708984
1774016943.1605484,/metrics/pcl/back/detections_count,std_msgs/msg/Int32,36
1774016943.16073,/metrics/pcl/back/points_in,std_msgs/msg/Int32,22152
1774016943.1608331,/metrics/pcl/back/processing_ms,std_msgs/msg/Float32,90.06246948242188
1774016943.1649566,/metrics/pcl/left/detections_count,std_msgs/msg/Int32,30
1774016943.1650398,/metrics/pcl/left/points_in,std_msgs/msg/Int32,22152
1774016943.1651232,/metrics/pcl/left/processing_ms,std_msgs/msg/Float32,128.01490783691406
1774016943.1933239,/metrics/pcl/right/detections_count,std_msgs/msg/Int32,30
1774016943.1935067,/metrics/pcl/right/points_in,std_msgs/msg/Int32,22152
1774016943.1936014,/metrics/pcl/right/processing_ms,std_msgs/msg/Float32,112.46819305419922
1774016943.2611983,/metrics/pcl/back/detections_count,std_msgs/msg/Int32,38
1774016943.261381,/metrics/pcl/back/points_in,std_msgs/msg/Int32,22152
1774016943.2615025,/metrics/pcl/back/processing_ms,std_msgs/msg/Float32,94.91566467285156
1774016943.2721841,/metrics/pcl/front/detections_count,std_msgs/msg/Int32,24
1774016943.2724175,/metrics/pcl/front/points_in,std_msgs/msg/Int32,22152
1774016943.272519,/metrics/pcl/front/processing_ms,std_msgs/msg/Float32,122.92861938476562
1774016943.2948399,/metrics/pcl/left/detections_count,std_msgs/msg/Int32,29
1774016943.2949913,/metrics/pcl/left/points_in,std_msgs/msg/Int32,22152
1774016943.295064,/metrics/pcl/left/processing_ms,std_msgs/msg/Float32,132.43907165527344
1774016943.3156075,/metrics/pcl/right/detections_count,std_msgs/msg/Int32,28
1774016943.3157513,/metrics/pcl/right/points_in,std_msgs/msg/Int32,22152
1774016943.315827,/metrics/pcl/right/processing_ms,std_msgs/msg/Float32,121.93701171875
1774016943.3694577,/metrics/pcl/back/detections_count,std_msgs/msg/Int32,37
1774016943.3696792,/metrics/pcl/back/points_in,std_msgs/msg/Int32,22152
1774016943.3697584,/metrics/pcl/back/processing_ms,std_msgs/msg/Float32,101.04556274414062
1774016943.400845,/metrics/pcl/front/detections_count,std_msgs/msg/Int32,25
1774016943.400999,/metrics/pcl/front/points_in,std_msgs/msg/Int32,22152
1774016943.4010923,/metrics/pcl/front/processing_ms,std_msgs/msg/Float32,128.2487335205078
1774016943.435367,/metrics/pcl/left/detections_count,std_msgs/msg/Int32,30
1774016943.4355016,/metrics/pcl/left/points_in,std_msgs/msg/Int32,22152
1774016943.4355757,/metrics/pcl/left/processing_ms,std_msgs/msg/Float32,139.99224853515625
1774016943.4370542,/metrics/pcl/right/detections_count,std_msgs/msg/Int32,26
1774016943.4371305,/metrics/pcl/right/points_in,std_msgs/msg/Int32,22152
1774016943.437187,/metrics/pcl/right/processing_ms,std_msgs/msg/Float32,121.150146484375
1774016943.4700193,/metrics/pcl/back/detections_count,std_msgs/msg/Int32,37
1774016943.470205,/metrics/pcl/back/points_in,std_msgs/msg/Int32,22152
1774016943.4703226,/metrics/pcl/back/processing_ms,std_msgs/msg/Float32,100.02227783203125
1774016943.5328188,/metrics/pcl/front/detections_count,std_msgs/msg/Int32,22
1774016943.532949,/metrics/pcl/front/points_in,std_msgs/msg/Int32,22152
1774016943.5330179,/metrics/pcl/front/processing_ms,std_msgs/msg/Float32,131.58087158203125
1774016943.5628505,/metrics/pcl/right/detections_count,std_msgs/msg/Int32,19
1774016943.563022,/metrics/pcl/right/points_in,std_msgs/msg/Int32,22152
1774016943.5631034,/metrics/pcl/right/processing_ms,std_msgs/msg/Float32,125.12252044677734
1774016943.5700135,/metrics/pcl/left/detections_count,std_msgs/msg/Int32,31
1774016943.570184,/metrics/pcl/left/points_in,std_msgs/msg/Int32,22152
1774016943.5702736,/metrics/pcl/left/processing_ms,std_msgs/msg/Float32,133.99769592285156
1774016943.5738506,/metrics/pcl/back/detections_count,std_msgs/msg/Int32,35
1774016943.574059,/metrics/pcl/back/points_in,std_msgs/msg/Int32,22152
1774016943.5741286,/metrics/pcl/back/processing_ms,std_msgs/msg/Float32,103.48902130126953
1774016943.6595633,/metrics/pcl/front/detections_count,std_msgs/msg/Int32,23
1774016943.659752,/metrics/pcl/front/points_in,std_msgs/msg/Int32,22152
1774016943.6598208,/metrics/pcl/front/processing_ms,std_msgs/msg/Float32,126.19816589355469
1774016943.6714485,/metrics/pcl/back/detections_count,std_msgs/msg/Int32,38
1774016943.671763,/metrics/pcl/back/points_in,std_msgs/msg/Int32,22152
1774016943.6718876,/metrics/pcl/back/processing_ms,std_msgs/msg/Float32,96.84159851074219
1774016943.6807053,/metrics/pcl/right/detections_count,std_msgs/msg/Int32,21
1774016943.6808503,/metrics/pcl/right/points_in,std_msgs/msg/Int32,22152
1774016943.68094,/metrics/pcl/right/processing_ms,std_msgs/msg/Float32,117.31437683105469
1774016943.6990566,/metrics/pcl/left/detections_count,std_msgs/msg/Int32,28
1774016943.699206,/metrics/pcl/left/points_in,std_msgs/msg/Int32,22152
1774016943.6992757,/metrics/pcl/left/processing_ms,std_msgs/msg/Float32,128.6336669921875
1774016943.772977,/metrics/pcl/back/detections_count,std_msgs/msg/Int32,35
1774016943.7731302,/metrics/pcl/back/points_in,std_msgs/msg/Int32,22152
1774016943.7732012,/metrics/pcl/back/processing_ms,std_msgs/msg/Float32,101.28072357177734
1774016943.782419,/metrics/pcl/front/detections_count,std_msgs/msg/Int32,25
1774016943.782582,/metrics/pcl/front/points_in,std_msgs/msg/Int32,22152
1774016943.7826538,/metrics/pcl/front/processing_ms,std_msgs/msg/Float32,122.26438903808594
1774016943.793995,/metrics/pcl/right/detections_count,std_msgs/msg/Int32,21
1774016943.7941177,/metrics/pcl/right/points_in,std_msgs/msg/Int32,22152
1774016943.7941825,/metrics/pcl/right/processing_ms,std_msgs/msg/Float32,112.87435150146484
1774016943.831591,/metrics/pcl/left/detections_count,std_msgs/msg/Int32,31
1774016943.8317144,/metrics/pcl/left/points_in,std_msgs/msg/Int32,22152
1774016943.8317811,/metrics/pcl/left/processing_ms,std_msgs/msg/Float32,132.14772033691406
1774016943.8740485,/metrics/pcl/back/detections_count,std_msgs/msg/Int32,34
1774016943.8742568,/metrics/pcl/back/points_in,std_msgs/msg/Int32,22152
1774016943.8743486,/metrics/pcl/back/processing_ms,std_msgs/msg/Float32,100.54957580566406
1774016943.9015238,/metrics/pcl/front/detections_count,std_msgs/msg/Int32,25
1774016943.9016755,/metrics/pcl/front/points_in,std_msgs/msg/Int32,22152
1774016943.9017522,/metrics/pcl/front/processing_ms,std_msgs/msg/Float32,118.63026428222656
1774016943.906522,/metrics/pcl/right/detections_count,std_msgs/msg/Int32,28
1774016943.9067268,/metrics/pcl/right/points_in,std_msgs/msg/Int32,22152
1774016943.9068127,/metrics/pcl/right/processing_ms,std_msgs/msg/Float32,111.9154281616211
1774016943.9635725,/metrics/pcl/left/detections_count,std_msgs/msg/Int32,36
1774016943.9637086,/metrics/pcl/left/points_in,std_msgs/msg/Int32,22152
1774016943.9637792,/metrics/pcl/left/processing_ms,std_msgs/msg/Float32,131.53768920898438
1774016943.973747,/metrics/pcl/back/detections_count,std_msgs/msg/Int32,33
1774016943.974027,/metrics/pcl/back/points_in,std_msgs/msg/Int32,22152
1774016943.9741569,/metrics/pcl/back/processing_ms,std_msgs/msg/Float32,98.82148742675781
1774016944.0194485,/metrics/pcl/right/detections_count,std_msgs/msg/Int32,25
1774016944.0196187,/metrics/pcl/right/points_in,std_msgs/msg/Int32,22152
1774016944.0196872,/metrics/pcl/right/processing_ms,std_msgs/msg/Float32,112.4802017211914
1774016944.026519,/metrics/pcl/front/detections_count,std_msgs/msg/Int32,23
1774016944.0268214,/metrics/pcl/front/points_in,std_msgs/msg/Int32,22152
1774016944.0269432,/metrics/pcl/front/processing_ms,std_msgs/msg/Float32,124.3635482788086
1774016944.074528,/metrics/pcl/back/detections_count,std_msgs/msg/Int32,32
1774016944.074687,/metrics/pcl/back/points_in,std_msgs/msg/Int32,22152
1774016944.0747526,/metrics/pcl/back/processing_ms,std_msgs/msg/Float32,100.40328216552734
1774016944.097274,/metrics/pcl/left/detections_count,std_msgs/msg/Int32,31
1774016944.097409,/metrics/pcl/left/points_in,std_msgs/msg/Int32,22152
1774016944.0974777,/metrics/pcl/left/processing_ms,std_msgs/msg/Float32,133.22865295410156
1774016944.130056,/metrics/pcl/right/detections_count,std_msgs/msg/Int32,25
1774016944.130219,/metrics/pcl/right/points_in,std_msgs/msg/Int32,22152
1774016944.1303172,/metrics/pcl/right/processing_ms,std_msgs/msg/Float32,110.0285873413086
1774016944.1424038,/metrics/pcl/front/detections_count,std_msgs/msg/Int32,25
1774016944.1425474,/metrics/pcl/front/points_in,std_msgs/msg/Int32,22152
1774016944.1426215,/metrics/pcl/front/processing_ms,std_msgs/msg/Float32,115.27967834472656
1774016944.1678646,/metrics/pcl/back/detections_count,std_msgs/msg/Int32,34
1774016944.168043,/metrics/pcl/back/points_in,std_msgs/msg/Int32,22152
1774016944.1681147,/metrics/pcl/back/processing_ms,std_msgs/msg/Float32,92.94789123535156
1774016944.2237139,/metrics/pcl/left/detections_count,std_msgs/msg/Int32,33
1774016944.2239482,/metrics/pcl/left/points_in,std_msgs/msg/Int32,22152
1774016944.2240493,/metrics/pcl/left/processing_ms,std_msgs/msg/Float32,125.85334777832031
1774016944.2382352,/metrics/pcl/right/detections_count,std_msgs/msg/Int32,19
1774016944.2383873,/metrics/pcl/right/points_in,std_msgs/msg/Int32,22152
1774016944.2384686,/metrics/pcl/right/processing_ms,std_msgs/msg/Float32,107.89806365966797
1774016944.2566345,/metrics/pcl/front/detections_count,std_msgs/msg/Int32,26
1774016944.2568188,/metrics/pcl/front/points_in,std_msgs/msg/Int32,22152
1774016944.2569451,/metrics/pcl/front/processing_ms,std_msgs/msg/Float32,113.54418182373047
1774016944.266,/metrics/pcl/back/detections_count,std_msgs/msg/Int32,34
1774016944.2661345,/metrics/pcl/back/points_in,std_msgs/msg/Int32,22152
1774016944.266241,/metrics/pcl/back/processing_ms,std_msgs/msg/Float32,96.13037872314453
1774016944.3459835,/metrics/pcl/right/detections_count,std_msgs/msg/Int32,22
1774016944.3461916,/metrics/pcl/right/points_in,std_msgs/msg/Int32,22152
1774016944.346268,/metrics/pcl/right/processing_ms,std_msgs/msg/Float32,107.21603393554688
1774016944.3526227,/metrics/pcl/left/detections_count,std_msgs/msg/Int32,31
1774016944.3527803,/metrics/pcl/left/points_in,std_msgs/msg/Int32,22152
1774016944.3528428,/metrics/pcl/left/processing_ms,std_msgs/msg/Float32,128.37716674804688
1774016944.3636823,/metrics/pcl/back/detections_count,std_msgs/msg/Int32,34
1774016944.363846,/metrics/pcl/back/points_in,std_msgs/msg/Int32,22152
1774016944.3640149,/metrics/pcl/back/processing_ms,std_msgs/msg/Float32,93.459228515625
1774016944.373771,/metrics/pcl/front/detections_count,std_msgs/msg/Int32,30
1774016944.3739405,/metrics/pcl/front/points_in,std_msgs/msg/Int32,22152
1774016944.3740237,/metrics/pcl/front/processing_ms,std_msgs/msg/Float32,116.65941619873047
1774016944.4554665,/metrics/pcl/right/detections_count,std_msgs/msg/Int32,18
1774016944.455653,/metrics/pcl/right/points_in,std_msgs/msg/Int32,22152
1774016944.455758,/metrics/pcl/right/processing_ms,std_msgs/msg/Float32,108.76603698730469
1774016944.4632957,/metrics/pcl/back/detections_count,std_msgs/msg/Int32,34
1774016944.4634438,/metrics/pcl/back/points_in,std_msgs/msg/Int32,22152
1774016944.4635284,/metrics/pcl/back/processing_ms,std_msgs/msg/Float32,96.79954528808594
1774016944.4812493,/metrics/pcl/left/detections_count,std_msgs/msg/Int32,30
1774016944.481428,/metrics/pcl/left/points_in,std_msgs/msg/Int32,22152
1774016944.4815016,/metrics/pcl/left/processing_ms,std_msgs/msg/Float32,128.0169219970703
1774016944.4905753,/metrics/pcl/front/detections_count,std_msgs/msg/Int32,24
1774016944.490701,/metrics/pcl/front/points_in,std_msgs/msg/Int32,22152
1774016944.490762,/metrics/pcl/front/processing_ms,std_msgs/msg/Float32,116.4516372680664
1774016944.5654564,/metrics/pcl/back/detections_count,std_msgs/msg/Int32,33
1774016944.565603,/metrics/pcl/back/points_in,std_msgs/msg/Int32,22152
1774016944.5656757,/metrics/pcl/back/processing_ms,std_msgs/msg/Float32,97.97782135009766
1774016944.5719028,/metrics/pcl/right/detections_count,std_msgs/msg/Int32,21
1774016944.5721185,/metrics/pcl/right/points_in,std_msgs/msg/Int32,22152
1774016944.5722115,/metrics/pcl/right/processing_ms,std_msgs/msg/Float32,116.03781127929688
1774016944.6026394,/metrics/pcl/front/detections_count,std_msgs/msg/Int32,28
1774016944.6028275,/metrics/pcl/front/points_in,std_msgs/msg/Int32,22152
1774016944.6029606,/metrics/pcl/front/processing_ms,std_msgs/msg/Float32,111.43817901611328
1774016944.616718,/metrics/pcl/left/detections_count,std_msgs/msg/Int32,31
1774016944.6169784,/metrics/pcl/left/points_in,std_msgs/msg/Int32,22152
1774016944.6170795,/metrics/pcl/left/processing_ms,std_msgs/msg/Float32,134.92015075683594
1774016944.6675236,/metrics/pcl/back/detections_count,std_msgs/msg/Int32,37
1774016944.6676664,/metrics/pcl/back/points_in,std_msgs/msg/Int32,22152
1774016944.6677666,/metrics/pcl/back/processing_ms,std_msgs/msg/Float32,99.59527587890625
1774016944.687702,/metrics/pcl/right/detections_count,std_msgs/msg/Int32,25
1774016944.6879232,/metrics/pcl/right/points_in,std_msgs/msg/Int32,22152
1774016944.68801,/metrics/pcl/right/processing_ms,std_msgs/msg/Float32,115.2718505859375
1774016944.7222908,/metrics/pcl/front/detections_count,std_msgs/msg/Int32,26
1774016944.722481,/metrics/pcl/front/points_in,std_msgs/msg/Int32,22152
1774016944.7225575,/metrics/pcl/front/processing_ms,std_msgs/msg/Float32,119.09413146972656
1774016944.7448387,/metrics/pcl/left/detections_count,std_msgs/msg/Int32,32
1774016944.7450762,/metrics/pcl/left/points_in,std_msgs/msg/Int32,22152
1774016944.745151,/metrics/pcl/left/processing_ms,std_msgs/msg/Float32,127.43106842041016
1774016944.765857,/metrics/pcl/back/detections_count,std_msgs/msg/Int32,35
1774016944.7660093,/metrics/pcl/back/points_in,std_msgs/msg/Int32,22152
1774016944.76608,/metrics/pcl/back/processing_ms,std_msgs/msg/Float32,96.79641723632812
1774016944.799197,/metrics/pcl/right/detections_count,std_msgs/msg/Int32,23
1774016944.7993503,/metrics/pcl/right/points_in,std_msgs/msg/Int32,22152
1774016944.7994123,/metrics/pcl/right/processing_ms,std_msgs/msg/Float32,111.0484848022461
1774016944.8484623,/metrics/pcl/front/detections_count,std_msgs/msg/Int32,31
1774016944.848605,/metrics/pcl/front/points_in,std_msgs/msg/Int32,22152
1774016944.8486757,/metrics/pcl/front/processing_ms,std_msgs/msg/Float32,125.77840423583984
1774016944.8651724,/metrics/pcl/back/detections_count,std_msgs/msg/Int32,37
1774016944.8652868,/metrics/pcl/back/points_in,std_msgs/msg/Int32,22152
1774016944.8653674,/metrics/pcl/back/processing_ms,std_msgs/msg/Float32,95.63255310058594
1774016944.8793154,/metrics/pcl/left/detections_count,std_msgs/msg/Int32,28
1774016944.8795469,/metrics/pcl/left/points_in,std_msgs/msg/Int32,22152
1774016944.879654,/metrics/pcl/left/processing_ms,std_msgs/msg/Float32,131.74661254882812
1774016944.930953,/metrics/pcl/right/detections_count,std_msgs/msg/Int32,21
1774016944.9312303,/metrics/pcl/right/points_in,std_msgs/msg/Int32,22152
1774016944.9313567,/metrics/pcl/right/processing_ms,std_msgs/msg/Float32,131.10165405273438
1774016945.007978,/metrics/pcl/front/detections_count,std_msgs/msg/Int32,30
1774016945.0082839,/metrics/pcl/front/points_in,std_msgs/msg/Int32,22152
1774016945.0083945,/metrics/pcl/front/processing_ms,std_msgs/msg/Float32,158.5684356689453
1774016945.0422804,/metrics/pcl/back/detections_count,std_msgs/msg/Int32,36
1774016945.042436,/metrics/pcl/back/points_in,std_msgs/msg/Int32,22152
1774016945.042513,/metrics/pcl/back/processing_ms,std_msgs/msg/Float32,169.71517944335938
1774016945.0469363,/metrics/pcl/left/detections_count,std_msgs/msg/Int32,30
1774016945.0471299,/metrics/pcl/left/points_in,std_msgs/msg/Int32,22152
1774016945.04723,/metrics/pcl/left/processing_ms,std_msgs/msg/Float32,168.98146057128906
1774016945.0672796,/metrics/pcl/right/detections_count,std_msgs/msg/Int32,27
1774016945.0674946,/metrics/pcl/right/points_in,std_msgs/msg/Int32,22152
1774016945.0675657,/metrics/pcl/right/processing_ms,std_msgs/msg/Float32,135.63803100585938
1774016945.1315374,/metrics/pcl/front/detections_count,std_msgs/msg/Int32,27
1774016945.131671,/metrics/pcl/front/points_in,std_msgs/msg/Int32,22152
1774016945.131738,/metrics/pcl/front/processing_ms,std_msgs/msg/Float32,122.96958923339844
1774016945.1421525,/metrics/pcl/back/detections_count,std_msgs/msg/Int32,32
1774016945.142308,/metrics/pcl/back/points_in,std_msgs/msg/Int32,22152
1774016945.1423829,/metrics/pcl/back/processing_ms,std_msgs/msg/Float32,99.43502044677734
1774016945.175794,/metrics/pcl/right/detections_count,std_msgs/msg/Int32,22
1774016945.1759598,/metrics/pcl/right/points_in,std_msgs/msg/Int32,22152
1774016945.1760304,/metrics/pcl/right/processing_ms,std_msgs/msg/Float32,108.01374053955078
1774016945.180604,/metrics/pcl/left/detections_count,std_msgs/msg/Int32,31
1774016945.1807518,/metrics/pcl/left/points_in,std_msgs/msg/Int32,22152
1774016945.1808658,/metrics/pcl/left/processing_ms,std_msgs/msg/Float32,133.1439208984375
1774016945.2363608,/metrics/pcl/back/detections_count,std_msgs/msg/Int32,34
1774016945.2365105,/metrics/pcl/back/points_in,std_msgs/msg/Int32,22152
1774016945.2365658,/metrics/pcl/back/processing_ms,std_msgs/msg/Float32,93.79537200927734
1774016945.2468526,/metrics/pcl/front/detections_count,std_msgs/msg/Int32,29
1774016945.2470195,/metrics/pcl/front/points_in,std_msgs/msg/Int32,22152
1774016945.2470894,/metrics/pcl/front/processing_ms,std_msgs/msg/Float32,114.8223648071289
1774016945.2810216,/metrics/pcl/right/detections_count,std_msgs/msg/Int32,24
1774016945.2811615,/metrics/pcl/right/points_in,std_msgs/msg/Int32,22152
1774016945.281232,/metrics/pcl/right/processing_ms,std_msgs/msg/Float32,104.77344512939453
1774016945.3053052,/metrics/pcl/left/detections_count,std_msgs/msg/Int32,30
1774016945.3054547,/metrics/pcl/left/points_in,std_msgs/msg/Int32,22152
1774016945.3055282,/metrics/pcl/left/processing_ms,std_msgs/msg/Float32,124.05224609375
1774016945.331107,/metrics/pcl/back/detections_count,std_msgs/msg/Int32,40
1774016945.3312798,/metrics/pcl/back/points_in,std_msgs/msg/Int32,22152
1774016945.3313904,/metrics/pcl/back/processing_ms,std_msgs/msg/Float32,94.28565979003906
1774016945.360904,/metrics/pcl/front/detections_count,std_msgs/msg/Int32,29
1774016945.3610742,/metrics/pcl/front/points_in,std_msgs/msg/Int32,22152
1774016945.361148,/metrics/pcl/front/processing_ms,std_msgs/msg/Float32,113.57168579101562
1774016945.3866873,/metrics/pcl/right/detections_count,std_msgs/msg/Int32,24
1774016945.386844,/metrics/pcl/right/points_in,std_msgs/msg/Int32,22152
1774016945.386948,/metrics/pcl/right/processing_ms,std_msgs/msg/Float32,105.17960357666016
1774016945.4287243,/metrics/pcl/back/detections_count,std_msgs/msg/Int32,38
1774016945.4288423,/metrics/pcl/back/points_in,std_msgs/msg/Int32,22152
1774016945.428909,/metrics/pcl/back/processing_ms,std_msgs/msg/Float32,97.28977966308594
1774016945.4376187,/metrics/pcl/left/detections_count,std_msgs/msg/Int32,34
1774016945.4377902,/metrics/pcl/left/points_in,std_msgs/msg/Int32,22152
1774016945.437865,/metrics/pcl/left/processing_ms,std_msgs/msg/Float32,131.74839782714844
1774016945.478611,/metrics/pcl/front/detections_count,std_msgs/msg/Int32,27
1774016945.4787743,/metrics/pcl/front/points_in,std_msgs/msg/Int32,22152
1774016945.4788427,/metrics/pcl/front/processing_ms,std_msgs/msg/Float32,117.21492004394531
1774016945.4957442,/metrics/pcl/right/detections_count,std_msgs/msg/Int32,26
1774016945.4958625,/metrics/pcl/right/points_in,std_msgs/msg/Int32,22152
1774016945.4959457,/metrics/pcl/right/processing_ms,std_msgs/msg/Float32,108.72776794433594
1774016945.5261898,/metrics/pcl/back/detections_count,std_msgs/msg/Int32,39
1774016945.526348,/metrics/pcl/back/points_in,std_msgs/msg/Int32,22152
1774016945.526413,/metrics/pcl/back/processing_ms,std_msgs/msg/Float32,97.01051330566406
1774016945.574202,/metrics/pcl/left/detections_count,std_msgs/msg/Int32,37
1774016945.5743897,/metrics/pcl/left/points_in,std_msgs/msg/Int32,22152
1774016945.5744815,/metrics/pcl/left/processing_ms,std_msgs/msg/Float32,136.0066375732422
1774016945.596889,/metrics/pcl/front/detections_count,std_msgs/msg/Int32,28
1774016945.5970628,/metrics/pcl/front/points_in,std_msgs/msg/Int32,22152
1774016945.5971878,/metrics/pcl/front/processing_ms,std_msgs/msg/Float32,117.7117691040039
1774016945.6022158,/metrics/pcl/right/detections_count,std_msgs/msg/Int32,27
1774016945.6023722,/metrics/pcl/right/points_in,std_msgs/msg/Int32,22152
1774016945.602469,/metrics/pcl/right/processing_ms,std_msgs/msg/Float32,106.0674057006836
1774016945.6248407,/metrics/pcl/back/detections_count,std_msgs/msg/Int32,40
1774016945.6250358,/metrics/pcl/back/points_in,std_msgs/msg/Int32,22152
1774016945.6251664,/metrics/pcl/back/processing_ms,std_msgs/msg/Float32,98.1497802734375
1774016945.7064655,/metrics/pcl/left/detections_count,std_msgs/msg/Int32,36
1774016945.706652,/metrics/pcl/left/points_in,std_msgs/msg/Int32,22152
1774016945.7067366,/metrics/pcl/left/processing_ms,std_msgs/msg/Float32,131.86489868164062
1774016945.709693,/metrics/pcl/right/detections_count,std_msgs/msg/Int32,28
1774016945.7097886,/metrics/pcl/right/points_in,std_msgs/msg/Int32,22152
1774016945.7098525,/metrics/pcl/right/processing_ms,std_msgs/msg/Float32,107.1236801147461
1774016945.7130413,/metrics/pcl/front/detections_count,std_msgs/msg/Int32,31
1774016945.7131476,/metrics/pcl/front/points_in,std_msgs/msg/Int32,22152
1774016945.7132173,/metrics/pcl/front/processing_ms,std_msgs/msg/Float32,115.71018981933594
1774016945.7236931,/metrics/pcl/back/detections_count,std_msgs/msg/Int32,37
1774016945.7238827,/metrics/pcl/back/points_in,std_msgs/msg/Int32,22152
1774016945.724023,/metrics/pcl/back/processing_ms,std_msgs/msg/Float32,98.32904815673828
1774016945.8194535,/metrics/pcl/right/detections_count,std_msgs/msg/Int32,24
1774016945.8196132,/metrics/pcl/right/points_in,std_msgs/msg/Int32,22152
1774016945.819697,/metrics/pcl/right/processing_ms,std_msgs/msg/Float32,109.14332580566406
1774016945.8216941,/metrics/pcl/back/detections_count,std_msgs/msg/Int32,37
1774016945.8218617,/metrics/pcl/back/points_in,std_msgs/msg/Int32,22152
1774016945.821964,/metrics/pcl/back/processing_ms,std_msgs/msg/Float32,97.55934143066406
1774016945.8302572,/metrics/pcl/front/detections_count,std_msgs/msg/Int32,33
1774016945.8303943,/metrics/pcl/front/points_in,std_msgs/msg/Int32,22152
1774016945.830467,/metrics/pcl/front/processing_ms,std_msgs/msg/Float32,116.6730728149414
1774016945.842866,/metrics/pcl/left/detections_count,std_msgs/msg/Int32,36
1774016945.8430817,/metrics/pcl/left/points_in,std_msgs/msg/Int32,22152
1774016945.8431787,/metrics/pcl/left/processing_ms,std_msgs/msg/Float32,135.73255920410156
1774016945.9204566,/metrics/pcl/back/detections_count,std_msgs/msg/Int32,36
1774016945.9206116,/metrics/pcl/back/points_in,std_msgs/msg/Int32,22152
1774016945.9206889,/metrics/pcl/back/processing_ms,std_msgs/msg/Float32,98.2330093383789
1774016945.9288468,/metrics/pcl/right/detections_count,std_msgs/msg/Int32,28
1774016945.9290173,/metrics/pcl/right/points_in,std_msgs/msg/Int32,22152
1774016945.9290974,/metrics/pcl/right/processing_ms,std_msgs/msg/Float32,108.94743347167969
1774016945.9384866,/metrics/pcl/front/detections_count,std_msgs/msg/Int32,32
1774016945.9386256,/metrics/pcl/front/points_in,std_msgs/msg/Int32,22152
1774016945.9387386,/metrics/pcl/front/processing_ms,std_msgs/msg/Float32,107.76264953613281
1774016945.975377,/metrics/pcl/left/detections_count,std_msgs/msg/Int32,29
1774016945.975517,/metrics/pcl/left/points_in,std_msgs/msg/Int32,22152
1774016945.9755814,/metrics/pcl/left/processing_ms,std_msgs/msg/Float32,132.06581115722656
1774016946.022405,/metrics/pcl/back/detections_count,std_msgs/msg/Int32,38
1774016946.0227184,/metrics/pcl/back/points_in,std_msgs/msg/Int32,22152
1774016946.0227964,/metrics/pcl/back/processing_ms,std_msgs/msg/Float32,101.33844757080078
1774016946.0381942,/metrics/pcl/right/detections_count,std_msgs/msg/Int32,27
1774016946.0383883,/metrics/pcl/right/points_in,std_msgs/msg/Int32,22152
1774016946.0385132,/metrics/pcl/right/processing_ms,std_msgs/msg/Float32,108.87712097167969
1774016946.0506313,/metrics/pcl/front/detections_count,std_msgs/msg/Int32,31
1774016946.050764,/metrics/pcl/front/points_in,std_msgs/msg/Int32,22152
1774016946.0508363,/metrics/pcl/front/processing_ms,std_msgs/msg/Float32,111.50003814697266
1774016946.1066465,/metrics/pcl/left/detections_count,std_msgs/msg/Int32,33
1774016946.106823,/metrics/pcl/left/points_in,std_msgs/msg/Int32,22152
1774016946.1069238,/metrics/pcl/left/processing_ms,std_msgs/msg/Float32,130.6837615966797
1774016946.123775,/metrics/pcl/back/detections_count,std_msgs/msg/Int32,35
1774016946.1239808,/metrics/pcl/back/points_in,std_msgs/msg/Int32,22152
1774016946.1240675,/metrics/pcl/back/processing_ms,std_msgs/msg/Float32,100.93428039550781
1774016946.146512,/metrics/pcl/right/detections_count,std_msgs/msg/Int32,30
1774016946.1466553,/metrics/pcl/right/points_in,std_msgs/msg/Int32,22152
1774016946.1467295,/metrics/pcl/right/processing_ms,std_msgs/msg/Float32,107.79803466796875
1774016946.1669588,/metrics/pcl/front/detections_count,std_msgs/msg/Int32,32
1774016946.1670883,/metrics/pcl/front/points_in,std_msgs/msg/Int32,22152
1774016946.1671612,/metrics/pcl/front/processing_ms,std_msgs/msg/Float32,115.90770721435547
1774016946.2195728,/metrics/pcl/back/detections_count,std_msgs/msg/Int32,39
1774016946.2197273,/metrics/pcl/back/points_in,std_msgs/msg/Int32,22152
1774016946.2198005,/metrics/pcl/back/processing_ms,std_msgs/msg/Float32,95.30735778808594
1774016946.2367125,/metrics/pcl/left/detections_count,std_msgs/msg/Int32,37
1774016946.2369065,/metrics/pcl/left/points_in,std_msgs/msg/Int32,22152
1774016946.2369947,/metrics/pcl/left/processing_ms,std_msgs/msg/Float32,129.5682373046875
1774016946.2541046,/metrics/pcl/right/detections_count,std_msgs/msg/Int32,27
1774016946.2542727,/metrics/pcl/right/points_in,std_msgs/msg/Int32,22152
1774016946.254363,/metrics/pcl/right/processing_ms,std_msgs/msg/Float32,107.16963958740234
1774016946.2760081,/metrics/pcl/front/detections_count,std_msgs/msg/Int32,35
1774016946.276202,/metrics/pcl/front/points_in,std_msgs/msg/Int32,22152
1774016946.2763128,/metrics/pcl/front/processing_ms,std_msgs/msg/Float32,108.55794525146484
1774016946.3158345,/metrics/pcl/back/detections_count,std_msgs/msg/Int32,32
1774016946.3159854,/metrics/pcl/back/points_in,std_msgs/msg/Int32,22152
1774016946.3160555,/metrics/pcl/back/processing_ms,std_msgs/msg/Float32,95.8345718383789
1774016946.3569899,/metrics/pcl/right/detections_count,std_msgs/msg/Int32,28
1774016946.3571746,/metrics/pcl/right/points_in,std_msgs/msg/Int32,22152
1774016946.3572714,/metrics/pcl/right/processing_ms,std_msgs/msg/Float32,102.42276000976562
1774016946.3643842,/metrics/pcl/left/detections_count,std_msgs/msg/Int32,31
1774016946.3644958,/metrics/pcl/left/points_in,std_msgs/msg/Int32,22152
1774016946.3645577,/metrics/pcl/left/processing_ms,std_msgs/msg/Float32,127.27701568603516
1774016946.3800263,/metrics/pcl/front/detections_count,std_msgs/msg/Int32,30
1774016946.3801563,/metrics/pcl/front/points_in,std_msgs/msg/Int32,22152
1774016946.380227,/metrics/pcl/front/processing_ms,std_msgs/msg/Float32,103.51839447021484
1774016946.4147453,/metrics/pcl/back/detections_count,std_msgs/msg/Int32,38
1774016946.414904,/metrics/pcl/back/points_in,std_msgs/msg/Int32,22152
1774016946.4149854,/metrics/pcl/back/processing_ms,std_msgs/msg/Float32,98.46581268310547
1774016946.463275,/metrics/pcl/right/detections_count,std_msgs/msg/Int32,28
1774016946.4634376,/metrics/pcl/right/points_in,std_msgs/msg/Int32,22152
1774016946.4635124,/metrics/pcl/right/processing_ms,std_msgs/msg/Float32,105.83856964111328
1774016946.4878948,/metrics/pcl/front/detections_count,std_msgs/msg/Int32,34
1774016946.4880636,/metrics/pcl/front/points_in,std_msgs/msg/Int32,22152
1774016946.4881527,/metrics/pcl/front/processing_ms,std_msgs/msg/Float32,107.39752960205078
1774016946.497342,/metrics/pcl/left/detections_count,std_msgs/msg/Int32,36
1774016946.4974833,/metrics/pcl/left/points_in,std_msgs/msg/Int32,22152
1774016946.497554,/metrics/pcl/left/processing_ms,std_msgs/msg/Float32,132.47039794921875
1774016946.5151987,/metrics/pcl/back/detections_count,std_msgs/msg/Int32,35
1774016946.5153303,/metrics/pcl/back/points_in,std_msgs/msg/Int32,22152
1774016946.515397,/metrics/pcl/back/processing_ms,std_msgs/msg/Float32,100.09613800048828
1774016946.5697765,/metrics/pcl/right/detections_count,std_msgs/msg/Int32,31
1774016946.5699863,/metrics/pcl/right/points_in,std_msgs/msg/Int32,22152
1774016946.5700982,/metrics/pcl/right/processing_ms,std_msgs/msg/Float32,105.99796295166016
1774016946.594822,/metrics/pcl/front/detections_count,std_msgs/msg/Int32,27
1774016946.5950034,/metrics/pcl/front/points_in,std_msgs/msg/Int32,22152
1774016946.5950959,/metrics/pcl/front/processing_ms,std_msgs/msg/Float32,106.40985107421875
1774016946.6154573,/metrics/pcl/back/detections_count,std_msgs/msg/Int32,33
1774016946.615633,/metrics/pcl/back/points_in,std_msgs/msg/Int32,22152
1774016946.6157534,/metrics/pcl/back/processing_ms,std_msgs/msg/Float32,99.80950164794922
1774016946.6276016,/metrics/pcl/left/detections_count,std_msgs/msg/Int32,30
1774016946.6277843,/metrics/pcl/left/points_in,std_msgs/msg/Int32,22152
1774016946.6278923,/metrics/pcl/left/processing_ms,std_msgs/msg/Float32,129.67910766601562
1774016946.67824,/metrics/pcl/right/detections_count,std_msgs/msg/Int32,30
1774016946.6784112,/metrics/pcl/right/points_in,std_msgs/msg/Int32,22152
1774016946.678512,/metrics/pcl/right/processing_ms,std_msgs/msg/Float32,107.9872817993164
1774016946.7057352,/metrics/pcl/front/detections_count,std_msgs/msg/Int32,29
1774016946.70596,/metrics/pcl/front/points_in,std_msgs/msg/Int32,22152
1774016946.7060533,/metrics/pcl/front/processing_ms,std_msgs/msg/Float32,110.39109802246094
1774016946.7190657,/metrics/pcl/back/detections_count,std_msgs/msg/Int32,37
1774016946.7192535,/metrics/pcl/back/points_in,std_msgs/msg/Int32,22152
1774016946.7193496,/metrics/pcl/back/processing_ms,std_msgs/msg/Float32,103.04026794433594
1774016946.7630699,/metrics/pcl/left/detections_count,std_msgs/msg/Int32,35
1774016946.7632275,/metrics/pcl/left/points_in,std_msgs/msg/Int32,22152
1774016946.7633214,/metrics/pcl/left/processing_ms,std_msgs/msg/Float32,134.86712646484375
1774016946.7803464,/metrics/pcl/right/detections_count,std_msgs/msg/Int32,27
1774016946.7805018,/metrics/pcl/right/points_in,std_msgs/msg/Int32,22152
1774016946.7805767,/metrics/pcl/right/processing_ms,std_msgs/msg/Float32,101.70990753173828
1774016946.811583,/metrics/pcl/front/detections_count,std_msgs/msg/Int32,31
1774016946.8117335,/metrics/pcl/front/points_in,std_msgs/msg/Int32,22152
1774016946.811813,/metrics/pcl/front/processing_ms,std_msgs/msg/Float32,105.47765350341797
1774016946.8186126,/metrics/pcl/back/detections_count,std_msgs/msg/Int32,34
1774016946.8188305,/metrics/pcl/back/points_in,std_msgs/msg/Int32,22152
1774016946.8189545,/metrics/pcl/back/processing_ms,std_msgs/msg/Float32,99.01238250732422
1774016946.8891158,/metrics/pcl/right/detections_count,std_msgs/msg/Int32,34
1774016946.8892462,/metrics/pcl/right/points_in,std_msgs/msg/Int32,22152
1774016946.8893163,/metrics/pcl/right/processing_ms,std_msgs/msg/Float32,108.35491180419922
1774016946.8908484,/metrics/pcl/left/detections_count,std_msgs/msg/Int32,33
1774016946.891021,/metrics/pcl/left/points_in,std_msgs/msg/Int32,22152
1774016946.8911142,/metrics/pcl/left/processing_ms,std_msgs/msg/Float32,127.39598846435547
1774016946.9162335,/metrics/pcl/back/detections_count,std_msgs/msg/Int32,32
1774016946.9164343,/metrics/pcl/back/points_in,std_msgs/msg/Int32,22152
1774016946.9165475,/metrics/pcl/back/processing_ms,std_msgs/msg/Float32,97.02833557128906
1774016946.918935,/metrics/pcl/front/detections_count,std_msgs/msg/Int32,30
1774016946.9190314,/metrics/pcl/front/points_in,std_msgs/msg/Int32,22152
1774016946.919101,/metrics/pcl/front/processing_ms,std_msgs/msg/Float32,107.12504577636719
1774016946.9980292,/metrics/pcl/right/detections_count,std_msgs/msg/Int32,30
1774016946.998164,/metrics/pcl/right/points_in,std_msgs/msg/Int32,22152
1774016946.9982576,/metrics/pcl/right/processing_ms,std_msgs/msg/Float32,108.53036499023438
1774016947.0136633,/metrics/pcl/back/detections_count,std_msgs/msg/Int32,32
1774016947.013821,/metrics/pcl/back/points_in,std_msgs/msg/Int32,22152
1774016947.0138986,/metrics/pcl/back/processing_ms,std_msgs/msg/Float32,96.98039245605469
1774016947.0230465,/metrics/pcl/left/detections_count,std_msgs/msg/Int32,32
1774016947.023207,/metrics/pcl/left/points_in,std_msgs/msg/Int32,22152
1774016947.0232773,/metrics/pcl/left/processing_ms,std_msgs/msg/Float32,131.5625
1774016947.024782,/metrics/pcl/front/detections_count,std_msgs/msg/Int32,24
1774016947.0248673,/metrics/pcl/front/points_in,std_msgs/msg/Int32,22152
1774016947.0249455,/metrics/pcl/front/processing_ms,std_msgs/msg/Float32,105.29033660888672
1774016947.104891,/metrics/pcl/right/detections_count,std_msgs/msg/Int32,28
1774016947.1051345,/metrics/pcl/right/points_in,std_msgs/msg/Int32,22152
1774016947.1052363,/metrics/pcl/right/processing_ms,std_msgs/msg/Float32,106.22178649902344
1774016947.1092627,/metrics/pcl/back/detections_count,std_msgs/msg/Int32,37
1774016947.1094267,/metrics/pcl/back/points_in,std_msgs/msg/Int32,22152
1774016947.109533,/metrics/pcl/back/processing_ms,std_msgs/msg/Float32,95.37725830078125
1774016947.1303089,/metrics/pcl/front/detections_count,std_msgs/msg/Int32,33
1774016947.1304796,/metrics/pcl/front/points_in,std_msgs/msg/Int32,22152
1774016947.1305823,/metrics/pcl/front/processing_ms,std_msgs/msg/Float32,104.85299682617188
1774016947.1551015,/metrics/pcl/left/detections_count,std_msgs/msg/Int32,31
1774016947.1553276,/metrics/pcl/left/points_in,std_msgs/msg/Int32,22152
1774016947.15546,/metrics/pcl/left/processing_ms,std_msgs/msg/Float32,131.4260711669922
1774016947.2054956,/metrics/pcl/back/detections_count,std_msgs/msg/Int32,38
1774016947.2056582,/metrics/pcl/back/points_in,std_msgs/msg/Int32,22152
1774016947.205769,/metrics/pcl/back/processing_ms,std_msgs/msg/Float32,95.634521484375
1774016947.2111251,/metrics/pcl/right/detections_count,std_msgs/msg/Int32,30
1774016947.211373,/metrics/pcl/right/points_in,std_msgs/msg/Int32,22152
1774016947.2115917,/metrics/pcl/right/processing_ms,std_msgs/msg/Float32,105.9910659790039
1774016947.2311106,/metrics/pcl/front/detections_count,std_msgs/msg/Int32,27
1774016947.2312567,/metrics/pcl/front/points_in,std_msgs/msg/Int32,22152
1774016947.2313433,/metrics/pcl/front/processing_ms,std_msgs/msg/Float32,100.40902709960938
1774016947.2856207,/metrics/pcl/left/detections_count,std_msgs/msg/Int32,34
1774016947.2857764,/metrics/pcl/left/points_in,std_msgs/msg/Int32,22152
1774016947.2858512,/metrics/pcl/left/processing_ms,std_msgs/msg/Float32,129.8951416015625
1774016947.3010795,/metrics/pcl/back/detections_count,std_msgs/msg/Int32,38
1774016947.301239,/metrics/pcl/back/points_in,std_msgs/msg/Int32,22152
1774016947.3013124,/metrics/pcl/back/processing_ms,std_msgs/msg/Float32,95.19940185546875
1774016947.316378,/metrics/pcl/right/detections_count,std_msgs/msg/Int32,33
1774016947.316565,/metrics/pcl/right/points_in,std_msgs/msg/Int32,22152
1774016947.3166802,/metrics/pcl/right/processing_ms,std_msgs/msg/Float32,104.67245483398438
1774016947.328515,/metrics/pcl/front/detections_count,std_msgs/msg/Int32,31
1774016947.328672,/metrics/pcl/front/points_in,std_msgs/msg/Int32,22152
1774016947.3288033,/metrics/pcl/front/processing_ms,std_msgs/msg/Float32,96.89588928222656
1774016947.3958552,/metrics/pcl/back/detections_count,std_msgs/msg/Int32,34
1774016947.3960323,/metrics/pcl/back/points_in,std_msgs/msg/Int32,22152
1774016947.396097,/metrics/pcl/back/processing_ms,std_msgs/msg/Float32,94.36029052734375
1774016947.420733,/metrics/pcl/left/detections_count,std_msgs/msg/Int32,35
1774016947.4208937,/metrics/pcl/left/points_in,std_msgs/msg/Int32,22152
1774016947.4209752,/metrics/pcl/left/processing_ms,std_msgs/msg/Float32,134.7298583984375
1774016947.4241874,/metrics/pcl/right/detections_count,std_msgs/msg/Int32,25
1774016947.4243517,/metrics/pcl/right/points_in,std_msgs/msg/Int32,22152
1774016947.424423,/metrics/pcl/right/processing_ms,std_msgs/msg/Float32,107.36162567138672
1774016947.430813,/metrics/pcl/front/detections_count,std_msgs/msg/Int32,28
1774016947.4310143,/metrics/pcl/front/points_in,std_msgs/msg/Int32,22152
1774016947.4311287,/metrics/pcl/front/processing_ms,std_msgs/msg/Float32,101.87764739990234
1774016947.490252,/metrics/pcl/back/detections_count,std_msgs/msg/Int32,34
1774016947.4903874,/metrics/pcl/back/points_in,std_msgs/msg/Int32,22152
1774016947.4904606,/metrics/pcl/back/processing_ms,std_msgs/msg/Float32,93.81159210205078
1774016947.531704,/metrics/pcl/right/detections_count,std_msgs/msg/Int32,30
1774016947.5318642,/metrics/pcl/right/points_in,std_msgs/msg/Int32,22152
1774016947.5319657,/metrics/pcl/right/processing_ms,std_msgs/msg/Float32,106.98004150390625
1774016947.5353365,/metrics/pcl/front/detections_count,std_msgs/msg/Int32,32
1774016947.5354314,/metrics/pcl/front/points_in,std_msgs/msg/Int32,22152
1774016947.5354888,/metrics/pcl/front/processing_ms,std_msgs/msg/Float32,104.13092041015625
1774016947.5582793,/metrics/pcl/left/detections_count,std_msgs/msg/Int32,29
1774016947.5584624,/metrics/pcl/left/points_in,std_msgs/msg/Int32,22152
1774016947.558557,/metrics/pcl/left/processing_ms,std_msgs/msg/Float32,136.86483764648438
1774016947.5847588,/metrics/pcl/back/detections_count,std_msgs/msg/Int32,36
1774016947.5849178,/metrics/pcl/back/points_in,std_msgs/msg/Int32,22152
1774016947.5850005,/metrics/pcl/back/processing_ms,std_msgs/msg/Float32,94.15550994873047
1774016947.6395097,/metrics/pcl/right/detections_count,std_msgs/msg/Int32,29
1774016947.6396565,/metrics/pcl/right/points_in,std_msgs/msg/Int32,22152
1774016947.6397471,/metrics/pcl/right/processing_ms,std_msgs/msg/Float32,107.26486206054688
1774016947.6435807,/metrics/pcl/front/detections_count,std_msgs/msg/Int32,30
1774016947.6436923,/metrics/pcl/front/points_in,std_msgs/msg/Int32,22152
1774016947.643764,/metrics/pcl/front/processing_ms,std_msgs/msg/Float32,107.8531265258789
1774016947.6800244,/metrics/pcl/back/detections_count,std_msgs/msg/Int32,34
1774016947.680157,/metrics/pcl/back/points_in,std_msgs/msg/Int32,22152
1774016947.6802206,/metrics/pcl/back/processing_ms,std_msgs/msg/Float32,94.73301696777344
1774016947.6918445,/metrics/pcl/left/detections_count,std_msgs/msg/Int32,33
1774016947.6920455,/metrics/pcl/left/points_in,std_msgs/msg/Int32,22152
1774016947.6921332,/metrics/pcl/left/processing_ms,std_msgs/msg/Float32,132.91636657714844
1774016947.7484858,/metrics/pcl/front/detections_count,std_msgs/msg/Int32,31
1774016947.748654,/metrics/pcl/front/points_in,std_msgs/msg/Int32,22152
1774016947.748724,/metrics/pcl/front/processing_ms,std_msgs/msg/Float32,104.24969482421875
1774016947.7494195,/metrics/pcl/right/detections_count,std_msgs/msg/Int32,26
1774016947.7494936,/metrics/pcl/right/points_in,std_msgs/msg/Int32,22152
1774016947.74955,/metrics/pcl/right/processing_ms,std_msgs/msg/Float32,109.60845184326172
1774016947.7752066,/metrics/pcl/back/detections_count,std_msgs/msg/Int32,33
1774016947.775355,/metrics/pcl/back/points_in,std_msgs/msg/Int32,22152
1774016947.7754312,/metrics/pcl/back/processing_ms,std_msgs/msg/Float32,94.79545593261719
1774016947.824726,/metrics/pcl/left/detections_count,std_msgs/msg/Int32,30
1774016947.8249087,/metrics/pcl/left/points_in,std_msgs/msg/Int32,22152
1774016947.8249848,/metrics/pcl/left/processing_ms,std_msgs/msg/Float32,132.4452362060547
1774016947.8557866,/metrics/pcl/front/detections_count,std_msgs/msg/Int32,31
1774016947.8560352,/metrics/pcl/front/points_in,std_msgs/msg/Int32,22152
1774016947.8561401,/metrics/pcl/front/processing_ms,std_msgs/msg/Float32,106.7873764038086
1774016947.8590446,/metrics/pcl/right/detections_count,std_msgs/msg/Int32,25
1774016947.8592231,/metrics/pcl/right/points_in,std_msgs/msg/Int32,22152
1774016947.8592925,/metrics/pcl/right/processing_ms,std_msgs/msg/Float32,109.08788299560547
1774016947.8765624,/metrics/pcl/back/detections_count,std_msgs/msg/Int32,34
1774016947.8767252,/metrics/pcl/back/points_in,std_msgs/msg/Int32,22152
1774016947.8768008,/metrics/pcl/back/processing_ms,std_msgs/msg/Float32,100.82449340820312
1774016947.9564595,/metrics/pcl/left/detections_count,std_msgs/msg/Int32,30
1774016947.9566214,/metrics/pcl/left/points_in,std_msgs/msg/Int32,22152
1774016947.9567268,/metrics/pcl/left/processing_ms,std_msgs/msg/Float32,131.18048095703125
1774016947.9648333,/metrics/pcl/right/detections_count,std_msgs/msg/Int32,26
1774016947.964987,/metrics/pcl/right/points_in,std_msgs/msg/Int32,22152
1774016947.965076,/metrics/pcl/right/processing_ms,std_msgs/msg/Float32,105.27549743652344
1774016947.9654818,/metrics/pcl/front/detections_count,std_msgs/msg/Int32,29
1774016947.965558,/metrics/pcl/front/points_in,std_msgs/msg/Int32,22152
1774016947.9656234,/metrics/pcl/front/processing_ms,std_msgs/msg/Float32,109.23855590820312
1774016947.969536,/metrics/pcl/back/detections_count,std_msgs/msg/Int32,35
1774016947.9696271,/metrics/pcl/back/points_in,std_msgs/msg/Int32,22152
1774016947.969686,/metrics/pcl/back/processing_ms,std_msgs/msg/Float32,92.74774932861328
1774016948.064128,/metrics/pcl/back/detections_count,std_msgs/msg/Int32,37
1774016948.064318,/metrics/pcl/back/points_in,std_msgs/msg/Int32,22152
1774016948.0644212,/metrics/pcl/back/processing_ms,std_msgs/msg/Float32,94.05175018310547
1774016948.0718658,/metrics/pcl/right/detections_count,std_msgs/msg/Int32,27
1774016948.0720072,/metrics/pcl/right/points_in,std_msgs/msg/Int32,22152
1774016948.0720725,/metrics/pcl/right/processing_ms,std_msgs/msg/Float32,106.69475555419922
1774016948.0792735,/metrics/pcl/front/detections_count,std_msgs/msg/Int32,32
1774016948.0794437,/metrics/pcl/front/points_in,std_msgs/msg/Int32,22152
1774016948.0795553,/metrics/pcl/front/processing_ms,std_msgs/msg/Float32,113.13019561767578
1774016948.0852137,/metrics/pcl/left/detections_count,std_msgs/msg/Int32,31
1774016948.0853255,/metrics/pcl/left/points_in,std_msgs/msg/Int32,22152
1774016948.0854273,/metrics/pcl/left/processing_ms,std_msgs/msg/Float32,128.3660125732422
1774016948.162217,/metrics/pcl/back/detections_count,std_msgs/msg/Int32,35
1774016948.162331,/metrics/pcl/back/points_in,std_msgs/msg/Int32,22152
1774016948.1623905,/metrics/pcl/back/processing_ms,std_msgs/msg/Float32,92.79167175292969
1774016948.1769888,/metrics/pcl/right/detections_count,std_msgs/msg/Int32,24
1774016948.1771173,/metrics/pcl/right/points_in,std_msgs/msg/Int32,22152
1774016948.1771753,/metrics/pcl/right/processing_ms,std_msgs/msg/Float32,104.63357543945312
1774016948.1902633,/metrics/pcl/front/detections_count,std_msgs/msg/Int32,31
1774016948.19046,/metrics/pcl/front/points_in,std_msgs/msg/Int32,22152
1774016948.190529,/metrics/pcl/front/processing_ms,std_msgs/msg/Float32,110.18226623535156
1774016948.2172244,/metrics/pcl/left/detections_count,std_msgs/msg/Int32,31
1774016948.217376,/metrics/pcl/left/points_in,std_msgs/msg/Int32,22152
1774016948.2174497,/metrics/pcl/left/processing_ms,std_msgs/msg/Float32,131.36619567871094
1774016948.263189,/metrics/pcl/back/detections_count,std_msgs/msg/Int32,34
1774016948.2633111,/metrics/pcl/back/points_in,std_msgs/msg/Int32,22152
1774016948.2634094,/metrics/pcl/back/processing_ms,std_msgs/msg/Float32,93.14583587646484
1774016948.2824633,/metrics/pcl/right/detections_count,std_msgs/msg/Int32,23
1774016948.2826068,/metrics/pcl/right/points_in,std_msgs/msg/Int32,22152
1774016948.282696,/metrics/pcl/right/processing_ms,std_msgs/msg/Float32,105.04900360107422
1774016948.3029647,/metrics/pcl/front/detections_count,std_msgs/msg/Int32,32
1774016948.3030934,/metrics/pcl/front/points_in,std_msgs/msg/Int32,22152
1774016948.3031652,/metrics/pcl/front/processing_ms,std_msgs/msg/Float32,112.33011627197266
1774016948.3450632,/metrics/pcl/left/detections_count,std_msgs/msg/Int32,35
1774016948.3452086,/metrics/pcl/left/points_in,std_msgs/msg/Int32,22152
1774016948.3452706,/metrics/pcl/left/processing_ms,std_msgs/msg/Float32,127.4594955444336
1774016948.3604023,/metrics/pcl/back/detections_count,std_msgs/msg/Int32,36
1774016948.3605454,/metrics/pcl/back/points_in,std_msgs/msg/Int32,22152
1774016948.3606246,/metrics/pcl/back/processing_ms,std_msgs/msg/Float32,90.15763092041016
1774016948.3873098,/metrics/pcl/right/detections_count,std_msgs/msg/Int32,27
1774016948.3875065,/metrics/pcl/right/points_in,std_msgs/msg/Int32,22152
1774016948.3876474,/metrics/pcl/right/processing_ms,std_msgs/msg/Float32,104.33838653564453
1774016948.4155114,/metrics/pcl/front/detections_count,std_msgs/msg/Int32,28
1774016948.415651,/metrics/pcl/front/points_in,std_msgs/msg/Int32,22152
1774016948.4157662,/metrics/pcl/front/processing_ms,std_msgs/msg/Float32,112.16815185546875
1774016948.4601104,/metrics/pcl/back/detections_count,std_msgs/msg/Int32,36
1774016948.460239,/metrics/pcl/back/points_in,std_msgs/msg/Int32,22152
1774016948.4603038,/metrics/pcl/back/processing_ms,std_msgs/msg/Float32,93.12539672851562
1774016948.4741952,/metrics/pcl/left/detections_count,std_msgs/msg/Int32,30
1774016948.4743388,/metrics/pcl/left/points_in,std_msgs/msg/Int32,22152
1774016948.4744077,/metrics/pcl/left/processing_ms,std_msgs/msg/Float32,128.6754608154297
1774016948.494989,/metrics/pcl/right/detections_count,std_msgs/msg/Int32,25
1774016948.4951253,/metrics/pcl/right/points_in,std_msgs/msg/Int32,22152
1774016948.4951868,/metrics/pcl/right/processing_ms,std_msgs/msg/Float32,107.17927551269531
1774016948.527121,/metrics/pcl/front/detections_count,std_msgs/msg/Int32,28
1774016948.5272825,/metrics/pcl/front/points_in,std_msgs/msg/Int32,22152
1774016948.52738,/metrics/pcl/front/processing_ms,std_msgs/msg/Float32,110.96276092529297
