stamp_sec,topic,type,value
1774012909.2507493,/metrics/pcl/fused/detections_count,std_msgs/msg/Int32,24
1774012909.2509,/metrics/pcl/fused/points_in,std_msgs/msg/Int32,11557
1774012909.2509816,/metrics/pcl/fused/processing_ms,std_msgs/msg/Float32,40.34965896606445
1774012909.3339572,/metrics/pcl/fused/detections_count,std_msgs/msg/Int32,22
1774012909.3340728,/metrics/pcl/fused/points_in,std_msgs/msg/Int32,11592
1774012909.3341382,/metrics/pcl/fused/processing_ms,std_msgs/msg/Float32,39.407344818115234
1774012909.4362643,/metrics/pcl/fused/detections_count,std_msgs/msg/Int32,24
1774012909.436373,/metrics/pcl/fused/points_in,std_msgs/msg/Int32,11603
1774012909.4364345,/metrics/pcl/fused/processing_ms,std_msgs/msg/Float32,41.480003356933594
1774012909.5354645,/metrics/pcl/fused/detections_count,std_msgs/msg/Int32,20
1774012909.535576,/metrics/pcl/fused/points_in,std_msgs/msg/Int32,11577
1774012909.5356407,/metrics/pcl/fused/processing_ms,std_msgs/msg/Float32,39.72919464111328
1774012909.6351995,/metrics/pcl/fused/detections_count,std_msgs/msg/Int32,22
1774012909.6353,/metrics/pcl/fused/points_in,std_msgs/msg/Int32,11504
1774012909.6353517,/metrics/pcl/fused/processing_ms,std_msgs/msg/Float32,39.3845100402832
1774012909.7353005,/metrics/pcl/fused/detections_count,std_msgs/msg/Int32,24
1774012909.7353973,/metrics/pcl/fused/points_in,std_msgs/msg/Int32,11562
1774012909.7354488,/metrics/pcl/fused/processing_ms,std_msgs/msg/Float32,39.927330017089844
1774012909.8353977,/metrics/pcl/fused/detections_count,std_msgs/msg/Int32,18
1774012909.8355265,/metrics/pcl/fused/points_in,std_msgs/msg/Int32,11563
1774012909.835582,/metrics/pcl/fused/processing_ms,std_msgs/msg/Float32,40.30217742919922
1774012909.934772,/metrics/pcl/fused/detections_count,std_msgs/msg/Int32,21
1774012909.9348676,/metrics/pcl/fused/points_in,std_msgs/msg/Int32,11501
1774012909.9349358,/metrics/pcl/fused/processing_ms,std_msgs/msg/Float32,39.6479606628418
1774012910.1429508,/metrics/pcl/fused/detections_count,std_msgs/msg/Int32,46
1774012910.1430724,/metrics/pcl/fused/points_in,std_msgs/msg/Int32,24519
1774012910.143138,/metrics/pcl/fused/processing_ms,std_msgs/msg/Float32,90.07698822021484
1774012910.1816773,/metrics/pcl/fused/detections_count,std_msgs/msg/Int32,24
1774012910.1817794,/metrics/pcl/fused/processing_ms,std_msgs/msg/Float32,38.1833610534668
1774012910.1819854,/metrics/pcl/fused/points_in,std_msgs/msg/Int32,11511
1774012910.3412385,/metrics/pcl/fused/detections_count,std_msgs/msg/Int32,42
1774012910.3413513,/metrics/pcl/fused/points_in,std_msgs/msg/Int32,24546
1774012910.3414125,/metrics/pcl/fused/processing_ms,std_msgs/msg/Float32,90.66735076904297
1774012910.3810089,/metrics/pcl/fused/detections_count,std_msgs/msg/Int32,23
1774012910.3811169,/metrics/pcl/fused/points_in,std_msgs/msg/Int32,11509
1774012910.3811777,/metrics/pcl/fused/processing_ms,std_msgs/msg/Float32,39.327213287353516
1774012910.5462828,/metrics/pcl/fused/detections_count,std_msgs/msg/Int32,45
1774012910.546412,/metrics/pcl/fused/points_in,std_msgs/msg/Int32,24482
1774012910.5464833,/metrics/pcl/fused/processing_ms,std_msgs/msg/Float32,95.04605865478516
1774012910.6486385,/metrics/pcl/fused/detections_count,std_msgs/msg/Int32,55
1774012910.6487787,/metrics/pcl/fused/points_in,std_msgs/msg/Int32,24597
1774012910.6488388,/metrics/pcl/fused/processing_ms,std_msgs/msg/Float32,87.11073303222656
1774012910.6889043,/metrics/pcl/fused/detections_count,std_msgs/msg/Int32,23
1774012910.6890154,/metrics/pcl/fused/points_in,std_msgs/msg/Int32,11551
1774012910.6890786,/metrics/pcl/fused/processing_ms,std_msgs/msg/Float32,39.645423889160156
1774012910.844603,/metrics/pcl/fused/detections_count,std_msgs/msg/Int32,41
1774012910.8447182,/metrics/pcl/fused/points_in,std_msgs/msg/Int32,24594
1774012910.8447819,/metrics/pcl/fused/processing_ms,std_msgs/msg/Float32,95.40000915527344
1774012910.9483924,/metrics/pcl/fused/detections_count,std_msgs/msg/Int32,53
1774012910.9485207,/metrics/pcl/fused/points_in,std_msgs/msg/Int32,24676
1774012910.9486036,/metrics/pcl/fused/processing_ms,std_msgs/msg/Float32,87.22630310058594
1774012910.9877517,/metrics/pcl/fused/detections_count,std_msgs/msg/Int32,21
1774012910.9878554,/metrics/pcl/fused/points_in,std_msgs/msg/Int32,11604
1774012910.9879217,/metrics/pcl/fused/processing_ms,std_msgs/msg/Float32,38.84580993652344
1774012911.143764,/metrics/pcl/fused/detections_count,std_msgs/msg/Int32,42
1774012911.14389,/metrics/pcl/fused/points_in,std_msgs/msg/Int32,24525
1774012911.143957,/metrics/pcl/fused/processing_ms,std_msgs/msg/Float32,91.57866668701172
1774012911.2502844,/metrics/pcl/fused/detections_count,std_msgs/msg/Int32,50
1774012911.2504053,/metrics/pcl/fused/points_in,std_msgs/msg/Int32,24636
1774012911.250471,/metrics/pcl/fused/processing_ms,std_msgs/msg/Float32,84.8405532836914
1774012911.2896957,/metrics/pcl/fused/detections_count,std_msgs/msg/Int32,22
1774012911.2898247,/metrics/pcl/fused/points_in,std_msgs/msg/Int32,11594
1774012911.289934,/metrics/pcl/fused/processing_ms,std_msgs/msg/Float32,38.968360900878906
1774012911.439845,/metrics/pcl/fused/detections_count,std_msgs/msg/Int32,43
1774012911.439974,/metrics/pcl/fused/points_in,std_msgs/msg/Int32,24569
1774012911.4400403,/metrics/pcl/fused/processing_ms,std_msgs/msg/Float32,91.05268859863281
1774012911.5474687,/metrics/pcl/fused/detections_count,std_msgs/msg/Int32,53
1774012911.547587,/metrics/pcl/fused/points_in,std_msgs/msg/Int32,24611
1774012911.547659,/metrics/pcl/fused/processing_ms,std_msgs/msg/Float32,86.37397766113281
1774012911.5875843,/metrics/pcl/fused/detections_count,std_msgs/msg/Int32,21
1774012911.5876918,/metrics/pcl/fused/points_in,std_msgs/msg/Int32,11585
1774012911.5877542,/metrics/pcl/fused/processing_ms,std_msgs/msg/Float32,39.643310546875
1774012911.744017,/metrics/pcl/fused/detections_count,std_msgs/msg/Int32,43
1774012911.7441413,/metrics/pcl/fused/points_in,std_msgs/msg/Int32,24523
1774012911.7441978,/metrics/pcl/fused/processing_ms,std_msgs/msg/Float32,93.81076049804688
1774012911.8445277,/metrics/pcl/fused/detections_count,std_msgs/msg/Int32,52
1774012911.8446429,/metrics/pcl/fused/points_in,std_msgs/msg/Int32,24612
1774012911.8447053,/metrics/pcl/fused/processing_ms,std_msgs/msg/Float32,84.11270141601562
1774012911.9636185,/metrics/pcl/fused/detections_count,std_msgs/msg/Int32,39
1774012911.9637623,/metrics/pcl/fused/points_in,std_msgs/msg/Int32,24574
1774012911.9638615,/metrics/pcl/fused/processing_ms,std_msgs/msg/Float32,91.94303131103516
1774012912.003715,/metrics/pcl/fused/detections_count,std_msgs/msg/Int32,19
1774012912.0038445,/metrics/pcl/fused/points_in,std_msgs/msg/Int32,11592
1774012912.0039399,/metrics/pcl/fused/processing_ms,std_msgs/msg/Float32,39.5556755065918
1774012912.139492,/metrics/pcl/fused/detections_count,std_msgs/msg/Int32,43
1774012912.1396058,/metrics/pcl/fused/points_in,std_msgs/msg/Int32,24484
1774012912.1396701,/metrics/pcl/fused/processing_ms,std_msgs/msg/Float32,90.52953338623047
1774012912.250537,/metrics/pcl/fused/detections_count,std_msgs/msg/Int32,49
1774012912.250658,/metrics/pcl/fused/points_in,std_msgs/msg/Int32,24588
1774012912.2507205,/metrics/pcl/fused/processing_ms,std_msgs/msg/Float32,89.61083221435547
1774012912.3637207,/metrics/pcl/fused/detections_count,std_msgs/msg/Int32,42
1774012912.3638573,/metrics/pcl/fused/points_in,std_msgs/msg/Int32,24563
1774012912.3639529,/metrics/pcl/fused/processing_ms,std_msgs/msg/Float32,91.02056121826172
1774012912.4703653,/metrics/pcl/fused/detections_count,std_msgs/msg/Int32,38
1774012912.4704835,/metrics/pcl/fused/points_in,std_msgs/msg/Int32,25176
1774012912.470555,/metrics/pcl/fused/processing_ms,std_msgs/msg/Float32,84.87095642089844
1774012912.5855613,/metrics/pcl/fused/detections_count,std_msgs/msg/Int32,40
1774012912.5856888,/metrics/pcl/fused/points_in,std_msgs/msg/Int32,25203
1774012912.5857534,/metrics/pcl/fused/processing_ms,std_msgs/msg/Float32,86.48030090332031
1774012912.6273782,/metrics/pcl/fused/detections_count,std_msgs/msg/Int32,25
1774012912.6275158,/metrics/pcl/fused/points_in,std_msgs/msg/Int32,13687
1774012912.6275895,/metrics/pcl/fused/processing_ms,std_msgs/msg/Float32,41.20114517211914
1774012912.8338258,/metrics/pcl/fused/detections_count,std_msgs/msg/Int32,24
1774012912.8340025,/metrics/pcl/fused/points_in,std_msgs/msg/Int32,13681
1774012912.834088,/metrics/pcl/fused/processing_ms,std_msgs/msg/Float32,41.8346061706543
1774012912.9898283,/metrics/pcl/fused/detections_count,std_msgs/msg/Int32,38
1774012912.989985,/metrics/pcl/fused/points_in,std_msgs/msg/Int32,25237
1774012912.990084,/metrics/pcl/fused/processing_ms,std_msgs/msg/Float32,86.09209442138672
1774012913.0328581,/metrics/pcl/fused/detections_count,std_msgs/msg/Int32,21
1774012913.0329812,/metrics/pcl/fused/points_in,std_msgs/msg/Int32,13753
1774012913.0330455,/metrics/pcl/fused/processing_ms,std_msgs/msg/Float32,42.45248794555664
1774012913.2722678,/metrics/pcl/fused/detections_count,std_msgs/msg/Int32,53
1774012913.2723944,/metrics/pcl/fused/points_in,std_msgs/msg/Int32,37993
1774012913.2724774,/metrics/pcl/fused/processing_ms,std_msgs/msg/Float32,143.78817749023438
1774012914.161457,/metrics/pcl/fused/detections_count,std_msgs/msg/Int32,83
1774012914.1615572,/metrics/pcl/fused/points_in,std_msgs/msg/Int32,51127
1774012914.1616092,/metrics/pcl/fused/processing_ms,std_msgs/msg/Float32,196.22119140625
1774012915.053404,/metrics/pcl/fused/detections_count,std_msgs/msg/Int32,77
1774012915.053553,/metrics/pcl/fused/processing_ms,std_msgs/msg/Float32,197.158203125
1774012915.053756,/metrics/pcl/fused/points_in,std_msgs/msg/Int32,51117
1774012915.9485362,/metrics/pcl/fused/detections_count,std_msgs/msg/Int32,80
1774012915.9486525,/metrics/pcl/fused/points_in,std_msgs/msg/Int32,51185
1774012915.9487154,/metrics/pcl/fused/processing_ms,std_msgs/msg/Float32,193.13633728027344
1774012916.253848,/metrics/pcl/fused/detections_count,std_msgs/msg/Int32,79
1774012916.2539895,/metrics/pcl/fused/points_in,std_msgs/msg/Int32,51090
1774012916.2540743,/metrics/pcl/fused/processing_ms,std_msgs/msg/Float32,190.46327209472656
1774012916.5469048,/metrics/pcl/fused/detections_count,std_msgs/msg/Int32,76
1774012916.5470343,/metrics/pcl/fused/points_in,std_msgs/msg/Int32,51051
1774012916.547119,/metrics/pcl/fused/processing_ms,std_msgs/msg/Float32,191.26319885253906
1774012916.8509555,/metrics/pcl/fused/detections_count,std_msgs/msg/Int32,77
1774012916.8510768,/metrics/pcl/fused/points_in,std_msgs/msg/Int32,51216
1774012916.8511488,/metrics/pcl/fused/processing_ms,std_msgs/msg/Float32,190.88629150390625
1774012917.1502292,/metrics/pcl/fused/detections_count,std_msgs/msg/Int32,79
1774012917.150363,/metrics/pcl/fused/points_in,std_msgs/msg/Int32,51172
1774012917.1504538,/metrics/pcl/fused/processing_ms,std_msgs/msg/Float32,197.2836151123047
1774012917.756508,/metrics/pcl/fused/detections_count,std_msgs/msg/Int32,79
1774012917.7566426,/metrics/pcl/fused/points_in,std_msgs/msg/Int32,51157
1774012917.7567377,/metrics/pcl/fused/processing_ms,std_msgs/msg/Float32,197.50599670410156
1774012918.0486972,/metrics/pcl/fused/detections_count,std_msgs/msg/Int32,80
1774012918.0488262,/metrics/pcl/fused/points_in,std_msgs/msg/Int32,51191
1774012918.0489304,/metrics/pcl/fused/processing_ms,std_msgs/msg/Float32,192.88902282714844
1774012918.649311,/metrics/pcl/fused/detections_count,std_msgs/msg/Int32,77
1774012918.6494613,/metrics/pcl/fused/points_in,std_msgs/msg/Int32,51223
1774012918.6495645,/metrics/pcl/fused/processing_ms,std_msgs/msg/Float32,192.75494384765625
1774012918.967955,/metrics/pcl/fused/detections_count,std_msgs/msg/Int32,75
1774012918.968076,/metrics/pcl/fused/points_in,std_msgs/msg/Int32,51092
1774012918.968146,/metrics/pcl/fused/processing_ms,std_msgs/msg/Float32,207.03317260742188
1774012919.2656107,/metrics/pcl/fused/detections_count,std_msgs/msg/Int32,77
1774012919.2657385,/metrics/pcl/fused/points_in,std_msgs/msg/Int32,51130
1774012919.2658982,/metrics/pcl/fused/processing_ms,std_msgs/msg/Float32,193.14596557617188
1774012919.5489974,/metrics/pcl/fused/detections_count,std_msgs/msg/Int32,78
1774012919.5491266,/metrics/pcl/fused/points_in,std_msgs/msg/Int32,51157
1774012919.5492265,/metrics/pcl/fused/processing_ms,std_msgs/msg/Float32,193.1011505126953
1774012920.157609,/metrics/pcl/fused/detections_count,std_msgs/msg/Int32,84
1774012920.1577368,/metrics/pcl/fused/points_in,std_msgs/msg/Int32,51099
1774012920.1578207,/metrics/pcl/fused/processing_ms,std_msgs/msg/Float32,193.24847412109375
1774012920.7558448,/metrics/pcl/fused/detections_count,std_msgs/msg/Int32,79
1774012920.7559977,/metrics/pcl/fused/points_in,std_msgs/msg/Int32,51014
1774012920.756122,/metrics/pcl/fused/processing_ms,std_msgs/msg/Float32,196.0122833251953
1774012921.6517057,/metrics/pcl/fused/detections_count,std_msgs/msg/Int32,81
1774012921.6518188,/metrics/pcl/fused/points_in,std_msgs/msg/Int32,51029
1774012921.651894,/metrics/pcl/fused/processing_ms,std_msgs/msg/Float32,192.8013153076172
1774012921.9547942,/metrics/pcl/fused/detections_count,std_msgs/msg/Int32,78
1774012921.9549155,/metrics/pcl/fused/points_in,std_msgs/msg/Int32,50944
1774012921.9549878,/metrics/pcl/fused/processing_ms,std_msgs/msg/Float32,193.96998596191406
1774012922.2509787,/metrics/pcl/fused/detections_count,std_msgs/msg/Int32,80
1774012922.2510757,/metrics/pcl/fused/points_in,std_msgs/msg/Int32,51032
1774012922.2511292,/metrics/pcl/fused/processing_ms,std_msgs/msg/Float32,192.04745483398438
1774012922.5578785,/metrics/pcl/fused/detections_count,std_msgs/msg/Int32,80
1774012922.5579786,/metrics/pcl/fused/points_in,std_msgs/msg/Int32,51076
1774012922.5580304,/metrics/pcl/fused/processing_ms,std_msgs/msg/Float32,200.8740234375
1774012922.8568368,/metrics/pcl/fused/detections_count,std_msgs/msg/Int32,78
1774012922.8569772,/metrics/pcl/fused/points_in,std_msgs/msg/Int32,50993
1774012922.8570588,/metrics/pcl/fused/processing_ms,std_msgs/msg/Float32,194.2758026123047
1774012923.1560812,/metrics/pcl/fused/detections_count,std_msgs/msg/Int32,80
1774012923.1561856,/metrics/pcl/fused/points_in,std_msgs/msg/Int32,51124
1774012923.1562383,/metrics/pcl/fused/processing_ms,std_msgs/msg/Float32,194.98501586914062
1774012923.4659796,/metrics/pcl/fused/detections_count,std_msgs/msg/Int32,81
1774012923.466129,/metrics/pcl/fused/points_in,std_msgs/msg/Int32,51171
1774012923.466239,/metrics/pcl/fused/processing_ms,std_msgs/msg/Float32,201.0762481689453
1774012924.0508318,/metrics/pcl/fused/detections_count,std_msgs/msg/Int32,80
1774012924.050991,/metrics/pcl/fused/points_in,std_msgs/msg/Int32,51047
1774012924.0510764,/metrics/pcl/fused/processing_ms,std_msgs/msg/Float32,191.67181396484375
1774012924.3482368,/metrics/pcl/fused/detections_count,std_msgs/msg/Int32,76
1774012924.348379,/metrics/pcl/fused/points_in,std_msgs/msg/Int32,51075
1774012924.348473,/metrics/pcl/fused/processing_ms,std_msgs/msg/Float32,192.54249572753906
1774012924.9585316,/metrics/pcl/fused/detections_count,std_msgs/msg/Int32,85
1774012924.958684,/metrics/pcl/fused/points_in,std_msgs/msg/Int32,51007
1774012924.9587686,/metrics/pcl/fused/processing_ms,std_msgs/msg/Float32,194.95751953125
1774012925.2540123,/metrics/pcl/fused/detections_count,std_msgs/msg/Int32,79
1774012925.2541435,/metrics/pcl/fused/points_in,std_msgs/msg/Int32,51095
1774012925.2542276,/metrics/pcl/fused/processing_ms,std_msgs/msg/Float32,195.04156494140625
1774012927.059652,/metrics/pcl/fused/detections_count,std_msgs/msg/Int32,77
1774012927.0597868,/metrics/pcl/fused/points_in,std_msgs/msg/Int32,51121
1774012927.0598867,/metrics/pcl/fused/processing_ms,std_msgs/msg/Float32,198.3687286376953
1774012927.3472004,/metrics/pcl/fused/detections_count,std_msgs/msg/Int32,79
1774012927.3473263,/metrics/pcl/fused/points_in,std_msgs/msg/Int32,51113
1774012927.3474104,/metrics/pcl/fused/processing_ms,std_msgs/msg/Float32,189.6531524658203
1774012927.6551073,/metrics/pcl/fused/detections_count,std_msgs/msg/Int32,80
1774012927.6552424,/metrics/pcl/fused/points_in,std_msgs/msg/Int32,50941
1774012927.6553445,/metrics/pcl/fused/processing_ms,std_msgs/msg/Float32,199.4269561767578
1774012927.9513488,/metrics/pcl/fused/detections_count,std_msgs/msg/Int32,82
1774012927.9514916,/metrics/pcl/fused/points_in,std_msgs/msg/Int32,51040
1774012927.9515762,/metrics/pcl/fused/processing_ms,std_msgs/msg/Float32,194.36769104003906
1774012928.2511685,/metrics/pcl/fused/detections_count,std_msgs/msg/Int32,81
1774012928.2512975,/metrics/pcl/fused/points_in,std_msgs/msg/Int32,51014
1774012928.2513814,/metrics/pcl/fused/processing_ms,std_msgs/msg/Float32,189.4474639892578
1774012928.55875,/metrics/pcl/fused/detections_count,std_msgs/msg/Int32,81
1774012928.5589135,/metrics/pcl/fused/points_in,std_msgs/msg/Int32,50997
1774012928.5590467,/metrics/pcl/fused/processing_ms,std_msgs/msg/Float32,201.84349060058594
1774012928.855618,/metrics/pcl/fused/detections_count,std_msgs/msg/Int32,80
1774012928.8557858,/metrics/pcl/fused/points_in,std_msgs/msg/Int32,51049
1774012928.8558648,/metrics/pcl/fused/processing_ms,std_msgs/msg/Float32,195.48916625976562
1774012929.4575078,/metrics/pcl/fused/detections_count,std_msgs/msg/Int32,77
1774012929.4576545,/metrics/pcl/fused/points_in,std_msgs/msg/Int32,51062
1774012929.457745,/metrics/pcl/fused/processing_ms,std_msgs/msg/Float32,195.31837463378906
1774012930.081376,/metrics/pcl/fused/detections_count,std_msgs/msg/Int32,88
1774012930.081488,/metrics/pcl/fused/points_in,std_msgs/msg/Int32,51013
1774012930.0815501,/metrics/pcl/fused/processing_ms,std_msgs/msg/Float32,195.5459747314453
1774012930.650018,/metrics/pcl/fused/detections_count,std_msgs/msg/Int32,84
1774012930.650158,/metrics/pcl/fused/points_in,std_msgs/msg/Int32,51010
1774012930.6502607,/metrics/pcl/fused/processing_ms,std_msgs/msg/Float32,194.3507080078125
1774012930.8453817,/metrics/pcl/fused/detections_count,std_msgs/msg/Int32,84
1774012930.8455126,/metrics/pcl/fused/points_in,std_msgs/msg/Int32,51041
1774012930.8456013,/metrics/pcl/fused/processing_ms,std_msgs/msg/Float32,194.60910034179688
1774012931.2653475,/metrics/pcl/fused/detections_count,std_msgs/msg/Int32,81
1774012931.265467,/metrics/pcl/fused/points_in,std_msgs/msg/Int32,51051
1774012931.265538,/metrics/pcl/fused/processing_ms,std_msgs/msg/Float32,198.7165985107422
1774012931.5550582,/metrics/pcl/fused/detections_count,std_msgs/msg/Int32,77
1774012931.5552123,/metrics/pcl/fused/points_in,std_msgs/msg/Int32,51091
1774012931.5553043,/metrics/pcl/fused/processing_ms,std_msgs/msg/Float32,193.02276611328125
1774012931.7732992,/metrics/pcl/fused/detections_count,std_msgs/msg/Int32,77
1774012931.77348,/metrics/pcl/fused/points_in,std_msgs/msg/Int32,50917
1774012931.773558,/metrics/pcl/fused/processing_ms,std_msgs/msg/Float32,199.44407653808594
1774012932.009308,/metrics/pcl/fused/detections_count,std_msgs/msg/Int32,77
1774012932.0094793,/metrics/pcl/fused/points_in,std_msgs/msg/Int32,51012
1774012932.0095425,/metrics/pcl/fused/processing_ms,std_msgs/msg/Float32,202.24029541015625
1774012932.2018204,/metrics/pcl/fused/detections_count,std_msgs/msg/Int32,83
1774012932.2019763,/metrics/pcl/fused/points_in,std_msgs/msg/Int32,50899
1774012932.2020552,/metrics/pcl/fused/processing_ms,std_msgs/msg/Float32,191.85108947753906
1774012932.3946884,/metrics/pcl/fused/detections_count,std_msgs/msg/Int32,82
1774012932.3947952,/metrics/pcl/fused/points_in,std_msgs/msg/Int32,51059
1774012932.3948596,/metrics/pcl/fused/processing_ms,std_msgs/msg/Float32,192.12399291992188
1774012932.5907629,/metrics/pcl/fused/detections_count,std_msgs/msg/Int32,78
1774012932.5909498,/metrics/pcl/fused/points_in,std_msgs/msg/Int32,51010
1774012932.5910687,/metrics/pcl/fused/processing_ms,std_msgs/msg/Float32,195.23374938964844
1774012933.056167,/metrics/pcl/fused/detections_count,std_msgs/msg/Int32,83
1774012933.0562994,/metrics/pcl/fused/points_in,std_msgs/msg/Int32,51079
1774012933.0563693,/metrics/pcl/fused/processing_ms,std_msgs/msg/Float32,197.2627716064453
1774012933.2530127,/metrics/pcl/fused/detections_count,std_msgs/msg/Int32,83
1774012933.2531219,/metrics/pcl/fused/points_in,std_msgs/msg/Int32,51070
1774012933.253188,/metrics/pcl/fused/processing_ms,std_msgs/msg/Float32,196.09727478027344
1774012933.6593084,/metrics/pcl/fused/detections_count,std_msgs/msg/Int32,78
1774012933.6594439,/metrics/pcl/fused/points_in,std_msgs/msg/Int32,51012
1774012933.6595087,/metrics/pcl/fused/processing_ms,std_msgs/msg/Float32,203.1732635498047
1774012933.8855355,/metrics/pcl/fused/detections_count,std_msgs/msg/Int32,86
1774012933.8856618,/metrics/pcl/fused/points_in,std_msgs/msg/Int32,51108
1774012933.8857393,/metrics/pcl/fused/processing_ms,std_msgs/msg/Float32,215.25091552734375
1774012934.0887604,/metrics/pcl/fused/detections_count,std_msgs/msg/Int32,77
1774012934.0889068,/metrics/pcl/fused/points_in,std_msgs/msg/Int32,51041
1774012934.0889974,/metrics/pcl/fused/processing_ms,std_msgs/msg/Float32,202.3852996826172
1774012934.2822287,/metrics/pcl/fused/detections_count,std_msgs/msg/Int32,83
1774012934.2823327,/metrics/pcl/fused/points_in,std_msgs/msg/Int32,50998
1774012934.2823946,/metrics/pcl/fused/processing_ms,std_msgs/msg/Float32,192.78196716308594
1774012934.479987,/metrics/pcl/fused/detections_count,std_msgs/msg/Int32,79
1774012934.480097,/metrics/pcl/fused/points_in,std_msgs/msg/Int32,51093
1774012934.4801645,/metrics/pcl/fused/processing_ms,std_msgs/msg/Float32,196.98919677734375
1774012934.686179,/metrics/pcl/fused/detections_count,std_msgs/msg/Int32,77
1774012934.6862783,/metrics/pcl/fused/points_in,std_msgs/msg/Int32,51041
1774012934.6863408,/metrics/pcl/fused/processing_ms,std_msgs/msg/Float32,205.4972381591797
1774012934.897132,/metrics/pcl/fused/detections_count,std_msgs/msg/Int32,78
1774012934.8972776,/metrics/pcl/fused/points_in,std_msgs/msg/Int32,51105
1774012934.897336,/metrics/pcl/fused/processing_ms,std_msgs/msg/Float32,209.8870849609375
1774012935.3055265,/metrics/pcl/fused/detections_count,std_msgs/msg/Int32,84
1774012935.305644,/metrics/pcl/fused/points_in,std_msgs/msg/Int32,51080
1774012935.3057077,/metrics/pcl/fused/processing_ms,std_msgs/msg/Float32,193.7310028076172
1774012935.777889,/metrics/pcl/fused/detections_count,std_msgs/msg/Int32,83
1774012935.7780108,/metrics/pcl/fused/points_in,std_msgs/msg/Int32,51107
1774012935.7780797,/metrics/pcl/fused/processing_ms,std_msgs/msg/Float32,199.582763671875
1774012936.0805972,/metrics/pcl/fused/detections_count,std_msgs/msg/Int32,80
1774012936.080728,/metrics/pcl/fused/points_in,std_msgs/msg/Int32,51043
1774012936.0808406,/metrics/pcl/fused/processing_ms,std_msgs/msg/Float32,206.1410675048828
1774012936.3872378,/metrics/pcl/fused/detections_count,std_msgs/msg/Int32,83
1774012936.3873484,/metrics/pcl/fused/points_in,std_msgs/msg/Int32,51209
1774012936.3874137,/metrics/pcl/fused/processing_ms,std_msgs/msg/Float32,207.369140625
1774012936.5877028,/metrics/pcl/fused/detections_count,std_msgs/msg/Int32,77
1774012936.5878384,/metrics/pcl/fused/points_in,std_msgs/msg/Int32,51034
1774012936.587938,/metrics/pcl/fused/processing_ms,std_msgs/msg/Float32,199.69374084472656
1774012936.7937715,/metrics/pcl/fused/detections_count,std_msgs/msg/Int32,81
1774012936.7939248,/metrics/pcl/fused/points_in,std_msgs/msg/Int32,51008
1774012936.794014,/metrics/pcl/fused/processing_ms,std_msgs/msg/Float32,205.23057556152344
1774012936.999776,/metrics/pcl/fused/detections_count,std_msgs/msg/Int32,83
1774012936.999906,/metrics/pcl/fused/points_in,std_msgs/msg/Int32,51139
1774012936.999966,/metrics/pcl/fused/processing_ms,std_msgs/msg/Float32,205.2177734375
1774012937.2022927,/metrics/pcl/fused/detections_count,std_msgs/msg/Int32,74
1774012937.2024124,/metrics/pcl/fused/points_in,std_msgs/msg/Int32,51126
1774012937.2024667,/metrics/pcl/fused/processing_ms,std_msgs/msg/Float32,201.63905334472656
1774012937.6747737,/metrics/pcl/fused/detections_count,std_msgs/msg/Int32,85
1774012937.6749332,/metrics/pcl/fused/points_in,std_msgs/msg/Int32,51204
1774012937.6749976,/metrics/pcl/fused/processing_ms,std_msgs/msg/Float32,203.5901336669922
1774012938.154663,/metrics/pcl/fused/detections_count,std_msgs/msg/Int32,82
1774012938.1547961,/metrics/pcl/fused/points_in,std_msgs/msg/Int32,51192
1774012938.1548505,/metrics/pcl/fused/processing_ms,std_msgs/msg/Float32,195.24819946289062
1774012938.3721097,/metrics/pcl/fused/detections_count,std_msgs/msg/Int32,82
1774012938.3722818,/metrics/pcl/fused/points_in,std_msgs/msg/Int32,50938
1774012938.3724377,/metrics/pcl/fused/processing_ms,std_msgs/msg/Float32,194.70921325683594
1774012938.6085286,/metrics/pcl/fused/detections_count,std_msgs/msg/Int32,80
1774012938.6086607,/metrics/pcl/fused/points_in,std_msgs/msg/Int32,51132
1774012938.6087384,/metrics/pcl/fused/processing_ms,std_msgs/msg/Float32,200.1602783203125
1774012938.8074627,/metrics/pcl/fused/detections_count,std_msgs/msg/Int32,82
1774012938.8076386,/metrics/pcl/fused/points_in,std_msgs/msg/Int32,51041
1774012938.8077338,/metrics/pcl/fused/processing_ms,std_msgs/msg/Float32,198.1136474609375
1774012939.0052066,/metrics/pcl/fused/detections_count,std_msgs/msg/Int32,86
1774012939.0053525,/metrics/pcl/fused/points_in,std_msgs/msg/Int32,51130
1774012939.005442,/metrics/pcl/fused/processing_ms,std_msgs/msg/Float32,196.8621826171875
1774012939.2013488,/metrics/pcl/fused/detections_count,std_msgs/msg/Int32,79
1774012939.2015047,/metrics/pcl/fused/points_in,std_msgs/msg/Int32,51111
1774012939.2015839,/metrics/pcl/fused/processing_ms,std_msgs/msg/Float32,195.39613342285156
1774012939.396523,/metrics/pcl/fused/detections_count,std_msgs/msg/Int32,77
1774012939.396677,/metrics/pcl/fused/points_in,std_msgs/msg/Int32,51035
1774012939.3967688,/metrics/pcl/fused/processing_ms,std_msgs/msg/Float32,194.37547302246094
1774012939.593851,/metrics/pcl/fused/detections_count,std_msgs/msg/Int32,81
1774012939.5939631,/metrics/pcl/fused/points_in,std_msgs/msg/Int32,50928
1774012939.5940185,/metrics/pcl/fused/processing_ms,std_msgs/msg/Float32,196.67254638671875
1774012939.7935317,/metrics/pcl/fused/detections_count,std_msgs/msg/Int32,79
1774012939.7936387,/metrics/pcl/fused/points_in,std_msgs/msg/Int32,51068
1774012939.7936945,/metrics/pcl/fused/processing_ms,std_msgs/msg/Float32,198.8162384033203
1774012939.9849365,/metrics/pcl/fused/detections_count,std_msgs/msg/Int32,85
1774012939.985059,/metrics/pcl/fused/points_in,std_msgs/msg/Int32,50768
1774012939.9851308,/metrics/pcl/fused/processing_ms,std_msgs/msg/Float32,190.58645629882812
1774012940.1804233,/metrics/pcl/fused/detections_count,std_msgs/msg/Int32,79
1774012940.1805627,/metrics/pcl/fused/points_in,std_msgs/msg/Int32,50933
1774012940.1806593,/metrics/pcl/fused/processing_ms,std_msgs/msg/Float32,194.81089782714844
1774012940.3726583,/metrics/pcl/fused/detections_count,std_msgs/msg/Int32,80
1774012940.3727987,/metrics/pcl/fused/points_in,std_msgs/msg/Int32,50893
1774012940.3729117,/metrics/pcl/fused/processing_ms,std_msgs/msg/Float32,191.44984436035156
1774012940.5631168,/metrics/pcl/fused/detections_count,std_msgs/msg/Int32,85
1774012940.5632517,/metrics/pcl/fused/points_in,std_msgs/msg/Int32,50768
1774012940.563314,/metrics/pcl/fused/processing_ms,std_msgs/msg/Float32,189.61070251464844
1774012940.7625508,/metrics/pcl/fused/detections_count,std_msgs/msg/Int32,86
1774012940.7626567,/metrics/pcl/fused/points_in,std_msgs/msg/Int32,50796
1774012940.7627132,/metrics/pcl/fused/processing_ms,std_msgs/msg/Float32,198.6634063720703
1774012940.9577336,/metrics/pcl/fused/detections_count,std_msgs/msg/Int32,80
1774012940.957853,/metrics/pcl/fused/points_in,std_msgs/msg/Int32,50876
1774012940.9579318,/metrics/pcl/fused/processing_ms,std_msgs/msg/Float32,194.44918823242188
1774012941.1560526,/metrics/pcl/fused/detections_count,std_msgs/msg/Int32,84
1774012941.1561618,/metrics/pcl/fused/points_in,std_msgs/msg/Int32,50918
1774012941.1562252,/metrics/pcl/fused/processing_ms,std_msgs/msg/Float32,197.5507049560547
1774012941.3480995,/metrics/pcl/fused/detections_count,std_msgs/msg/Int32,82
1774012941.3482082,/metrics/pcl/fused/points_in,std_msgs/msg/Int32,50867
1774012941.348271,/metrics/pcl/fused/processing_ms,std_msgs/msg/Float32,191.34805297851562
1774012941.5450687,/metrics/pcl/fused/detections_count,std_msgs/msg/Int32,82
1774012941.545218,/metrics/pcl/fused/points_in,std_msgs/msg/Int32,50949
1774012941.5452769,/metrics/pcl/fused/processing_ms,std_msgs/msg/Float32,196.22073364257812
1774012941.763769,/metrics/pcl/fused/detections_count,std_msgs/msg/Int32,82
1774012941.7638998,/metrics/pcl/fused/points_in,std_msgs/msg/Int32,50913
1774012941.7639701,/metrics/pcl/fused/processing_ms,std_msgs/msg/Float32,201.11331176757812
1774012942.3833506,/metrics/pcl/fused/detections_count,std_msgs/msg/Int32,83
1774012942.383479,/metrics/pcl/fused/points_in,std_msgs/msg/Int32,51027
1774012942.3835402,/metrics/pcl/fused/processing_ms,std_msgs/msg/Float32,194.6085205078125
1774012942.6160457,/metrics/pcl/fused/detections_count,std_msgs/msg/Int32,82
1774012942.616214,/metrics/pcl/fused/points_in,std_msgs/msg/Int32,51014
1774012942.6163318,/metrics/pcl/fused/processing_ms,std_msgs/msg/Float32,198.82327270507812
1774012942.8539188,/metrics/pcl/fused/detections_count,std_msgs/msg/Int32,78
1774012942.854035,/metrics/pcl/fused/points_in,std_msgs/msg/Int32,50974
1774012942.8541,/metrics/pcl/fused/processing_ms,std_msgs/msg/Float32,200.4980010986328
1774012943.052736,/metrics/pcl/fused/detections_count,std_msgs/msg/Int32,78
1774012943.0528984,/metrics/pcl/fused/points_in,std_msgs/msg/Int32,50964
1774012943.0529795,/metrics/pcl/fused/processing_ms,std_msgs/msg/Float32,198.03768920898438
1774012943.271434,/metrics/pcl/fused/detections_count,std_msgs/msg/Int32,79
1774012943.2715461,/metrics/pcl/fused/points_in,std_msgs/msg/Int32,50976
1774012943.2716024,/metrics/pcl/fused/processing_ms,std_msgs/msg/Float32,199.15574645996094
1774012943.468612,/metrics/pcl/fused/detections_count,std_msgs/msg/Int32,80
1774012943.468718,/metrics/pcl/fused/points_in,std_msgs/msg/Int32,50987
1774012943.4687772,/metrics/pcl/fused/processing_ms,std_msgs/msg/Float32,196.44403076171875
1774012943.6673079,/metrics/pcl/fused/detections_count,std_msgs/msg/Int32,78
1774012943.6674411,/metrics/pcl/fused/points_in,std_msgs/msg/Int32,50976
1774012943.6675122,/metrics/pcl/fused/processing_ms,std_msgs/msg/Float32,197.69654846191406
1774012943.8665063,/metrics/pcl/fused/detections_count,std_msgs/msg/Int32,86
1774012943.8666496,/metrics/pcl/fused/points_in,std_msgs/msg/Int32,50975
1774012943.8667464,/metrics/pcl/fused/processing_ms,std_msgs/msg/Float32,198.4252166748047
1774012944.0644164,/metrics/pcl/fused/detections_count,std_msgs/msg/Int32,85
1774012944.0645242,/metrics/pcl/fused/points_in,std_msgs/msg/Int32,50942
1774012944.0645993,/metrics/pcl/fused/processing_ms,std_msgs/msg/Float32,197.1632537841797
1774012944.2600458,/metrics/pcl/fused/detections_count,std_msgs/msg/Int32,80
1774012944.2601693,/metrics/pcl/fused/points_in,std_msgs/msg/Int32,50987
1774012944.2602344,/metrics/pcl/fused/processing_ms,std_msgs/msg/Float32,194.090087890625
1774012944.4606705,/metrics/pcl/fused/detections_count,std_msgs/msg/Int32,78
1774012944.4608405,/metrics/pcl/fused/points_in,std_msgs/msg/Int32,51062
1774012944.4609146,/metrics/pcl/fused/processing_ms,std_msgs/msg/Float32,199.87547302246094
1774012944.659418,/metrics/pcl/fused/detections_count,std_msgs/msg/Int32,83
1774012944.6595266,/metrics/pcl/fused/points_in,std_msgs/msg/Int32,50890
1774012944.6595879,/metrics/pcl/fused/processing_ms,std_msgs/msg/Float32,197.88673400878906
1774012945.633279,/metrics/pcl/fused/detections_count,std_msgs/msg/Int32,80
1774012945.6333826,/metrics/pcl/fused/points_in,std_msgs/msg/Int32,51009
1774012945.6334367,/metrics/pcl/fused/processing_ms,std_msgs/msg/Float32,201.2577362060547
1774012945.8299544,/metrics/pcl/fused/detections_count,std_msgs/msg/Int32,76
1774012945.830073,/metrics/pcl/fused/points_in,std_msgs/msg/Int32,51007
1774012945.8301444,/metrics/pcl/fused/processing_ms,std_msgs/msg/Float32,195.90451049804688
1774012946.02655,/metrics/pcl/fused/detections_count,std_msgs/msg/Int32,79
1774012946.0266638,/metrics/pcl/fused/points_in,std_msgs/msg/Int32,50990
1774012946.026727,/metrics/pcl/fused/processing_ms,std_msgs/msg/Float32,195.823974609375
1774012946.2239747,/metrics/pcl/fused/detections_count,std_msgs/msg/Int32,77
1774012946.2240822,/metrics/pcl/fused/points_in,std_msgs/msg/Int32,50934
1774012946.224157,/metrics/pcl/fused/processing_ms,std_msgs/msg/Float32,196.6588134765625
1774012946.4174786,/metrics/pcl/fused/detections_count,std_msgs/msg/Int32,84
1774012946.417634,/metrics/pcl/fused/points_in,std_msgs/msg/Int32,51002
1774012946.4177382,/metrics/pcl/fused/processing_ms,std_msgs/msg/Float32,192.79605102539062
1774012946.612499,/metrics/pcl/fused/detections_count,std_msgs/msg/Int32,79
1774012946.6126592,/metrics/pcl/fused/points_in,std_msgs/msg/Int32,50990
1774012946.6127403,/metrics/pcl/fused/processing_ms,std_msgs/msg/Float32,194.1993408203125
1774012946.809856,/metrics/pcl/fused/detections_count,std_msgs/msg/Int32,79
1774012946.810024,/metrics/pcl/fused/points_in,std_msgs/msg/Int32,50912
1774012946.810117,/metrics/pcl/fused/processing_ms,std_msgs/msg/Float32,196.45054626464844
1774012947.1676726,/metrics/pcl/fused/detections_count,std_msgs/msg/Int32,87
1774012947.1677735,/metrics/pcl/fused/points_in,std_msgs/msg/Int32,50998
1774012947.1678262,/metrics/pcl/fused/processing_ms,std_msgs/msg/Float32,200.53665161132812
1774012947.3655787,/metrics/pcl/fused/detections_count,std_msgs/msg/Int32,75
1774012947.3656893,/metrics/pcl/fused/points_in,std_msgs/msg/Int32,50902
1774012947.3657508,/metrics/pcl/fused/processing_ms,std_msgs/msg/Float32,197.1850128173828
1774012948.4347506,/metrics/pcl/fused/detections_count,std_msgs/msg/Int32,78
1774012948.4349284,/metrics/pcl/fused/points_in,std_msgs/msg/Int32,50997
1774012948.4350636,/metrics/pcl/fused/processing_ms,std_msgs/msg/Float32,196.44549560546875
1774012948.6663358,/metrics/pcl/fused/detections_count,std_msgs/msg/Int32,82
1774012948.6664598,/metrics/pcl/fused/points_in,std_msgs/msg/Int32,51067
1774012948.6665318,/metrics/pcl/fused/processing_ms,std_msgs/msg/Float32,198.63861083984375
1774012949.3738182,/metrics/pcl/fused/detections_count,std_msgs/msg/Int32,88
1774012949.3739772,/metrics/pcl/fused/points_in,std_msgs/msg/Int32,51079
1774012949.374078,/metrics/pcl/fused/processing_ms,std_msgs/msg/Float32,194.84080505371094
1774012949.868193,/metrics/pcl/fused/detections_count,std_msgs/msg/Int32,80
1774012949.8683932,/metrics/pcl/fused/points_in,std_msgs/msg/Int32,51028
1774012949.8685105,/metrics/pcl/fused/processing_ms,std_msgs/msg/Float32,203.53851318359375
1774012950.0931575,/metrics/pcl/fused/detections_count,std_msgs/msg/Int32,80
1774012950.0932815,/metrics/pcl/fused/points_in,std_msgs/msg/Int32,51033
1774012950.0933597,/metrics/pcl/fused/processing_ms,std_msgs/msg/Float32,199.2020263671875
1774012950.2890105,/metrics/pcl/fused/detections_count,std_msgs/msg/Int32,78
1774012950.2891192,/metrics/pcl/fused/points_in,std_msgs/msg/Int32,50937
1774012950.2891824,/metrics/pcl/fused/processing_ms,std_msgs/msg/Float32,195.0
1774012950.493513,/metrics/pcl/fused/detections_count,std_msgs/msg/Int32,84
1774012950.4936457,/metrics/pcl/fused/points_in,std_msgs/msg/Int32,50998
1774012950.4937253,/metrics/pcl/fused/processing_ms,std_msgs/msg/Float32,203.74850463867188
1774012950.6950052,/metrics/pcl/fused/detections_count,std_msgs/msg/Int32,80
1774012950.6951237,/metrics/pcl/fused/points_in,std_msgs/msg/Int32,51087
1774012950.6951878,/metrics/pcl/fused/processing_ms,std_msgs/msg/Float32,200.59661865234375
1774012950.8938503,/metrics/pcl/fused/detections_count,std_msgs/msg/Int32,78
1774012950.8940094,/metrics/pcl/fused/points_in,std_msgs/msg/Int32,50937
1774012950.8941205,/metrics/pcl/fused/processing_ms,std_msgs/msg/Float32,198.0945587158203
1774012951.0933084,/metrics/pcl/fused/detections_count,std_msgs/msg/Int32,79
1774012951.0934362,/metrics/pcl/fused/points_in,std_msgs/msg/Int32,51000
1774012951.0935113,/metrics/pcl/fused/processing_ms,std_msgs/msg/Float32,198.74058532714844
1774012951.2904282,/metrics/pcl/fused/detections_count,std_msgs/msg/Int32,85
1774012951.2905567,/metrics/pcl/fused/points_in,std_msgs/msg/Int32,51039
1774012951.2906227,/metrics/pcl/fused/processing_ms,std_msgs/msg/Float32,196.30506896972656
1774012951.4857814,/metrics/pcl/fused/detections_count,std_msgs/msg/Int32,87
1774012951.48595,/metrics/pcl/fused/processing_ms,std_msgs/msg/Float32,194.56246948242188
1774012951.4861553,/metrics/pcl/fused/points_in,std_msgs/msg/Int32,51117
1774012951.6892066,/metrics/pcl/fused/detections_count,std_msgs/msg/Int32,85
1774012951.689349,/metrics/pcl/fused/points_in,std_msgs/msg/Int32,50967
1774012951.6894538,/metrics/pcl/fused/processing_ms,std_msgs/msg/Float32,202.66331481933594
1774012951.8864644,/metrics/pcl/fused/detections_count,std_msgs/msg/Int32,88
1774012951.886599,/metrics/pcl/fused/points_in,std_msgs/msg/Int32,51070
1774012951.8866978,/metrics/pcl/fused/processing_ms,std_msgs/msg/Float32,196.4688262939453
1774012952.0853271,/metrics/pcl/fused/detections_count,std_msgs/msg/Int32,85
1774012952.0854623,/metrics/pcl/fused/points_in,std_msgs/msg/Int32,51034
1774012952.0855541,/metrics/pcl/fused/processing_ms,std_msgs/msg/Float32,198.07444763183594
1774012952.2793663,/metrics/pcl/fused/detections_count,std_msgs/msg/Int32,84
1774012952.2794812,/metrics/pcl/fused/points_in,std_msgs/msg/Int32,51072
1774012952.279545,/metrics/pcl/fused/processing_ms,std_msgs/msg/Float32,193.27784729003906
1774012952.4756606,/metrics/pcl/fused/detections_count,std_msgs/msg/Int32,84
1774012952.475824,/metrics/pcl/fused/points_in,std_msgs/msg/Int32,51076
1774012952.4759586,/metrics/pcl/fused/processing_ms,std_msgs/msg/Float32,195.41957092285156
1774012952.671602,/metrics/pcl/fused/detections_count,std_msgs/msg/Int32,87
1774012952.6717923,/metrics/pcl/fused/points_in,std_msgs/msg/Int32,51071
1774012952.6719851,/metrics/pcl/fused/processing_ms,std_msgs/msg/Float32,194.73182678222656
1774012952.86574,/metrics/pcl/fused/detections_count,std_msgs/msg/Int32,81
1774012952.8658552,/metrics/pcl/fused/points_in,std_msgs/msg/Int32,51039
1774012952.8659203,/metrics/pcl/fused/processing_ms,std_msgs/msg/Float32,193.2933349609375
1774012953.06233,/metrics/pcl/fused/detections_count,std_msgs/msg/Int32,80
1774012953.0624545,/metrics/pcl/fused/points_in,std_msgs/msg/Int32,51111
1774012953.062519,/metrics/pcl/fused/processing_ms,std_msgs/msg/Float32,195.84649658203125
1774012953.2608473,/metrics/pcl/fused/detections_count,std_msgs/msg/Int32,78
1774012953.2609825,/metrics/pcl/fused/points_in,std_msgs/msg/Int32,51052
1774012953.2610478,/metrics/pcl/fused/processing_ms,std_msgs/msg/Float32,197.83392333984375
1774012953.454657,/metrics/pcl/fused/detections_count,std_msgs/msg/Int32,83
1774012953.454771,/metrics/pcl/fused/points_in,std_msgs/msg/Int32,50979
1774012953.454835,/metrics/pcl/fused/processing_ms,std_msgs/msg/Float32,192.9407196044922
1774012953.6525407,/metrics/pcl/fused/detections_count,std_msgs/msg/Int32,78
1774012953.6526797,/metrics/pcl/fused/points_in,std_msgs/msg/Int32,50987
1774012953.6527834,/metrics/pcl/fused/processing_ms,std_msgs/msg/Float32,197.28468322753906
1774012953.8507557,/metrics/pcl/fused/detections_count,std_msgs/msg/Int32,82
1774012953.850932,/metrics/pcl/fused/points_in,std_msgs/msg/Int32,50984
1774012953.8510182,/metrics/pcl/fused/processing_ms,std_msgs/msg/Float32,197.2462921142578
1774012954.048291,/metrics/pcl/fused/detections_count,std_msgs/msg/Int32,78
1774012954.04841,/metrics/pcl/fused/points_in,std_msgs/msg/Int32,50987
1774012954.0484748,/metrics/pcl/fused/processing_ms,std_msgs/msg/Float32,196.8708953857422
1774012954.2438278,/metrics/pcl/fused/detections_count,std_msgs/msg/Int32,76
1774012954.2440054,/metrics/pcl/fused/points_in,std_msgs/msg/Int32,50997
1774012954.2440944,/metrics/pcl/fused/processing_ms,std_msgs/msg/Float32,194.77978515625
1774012954.4379077,/metrics/pcl/fused/detections_count,std_msgs/msg/Int32,80
1774012954.4380147,/metrics/pcl/fused/points_in,std_msgs/msg/Int32,50916
1774012954.4380674,/metrics/pcl/fused/processing_ms,std_msgs/msg/Float32,193.2920684814453
1774012954.6358125,/metrics/pcl/fused/detections_count,std_msgs/msg/Int32,81
1774012954.6359844,/metrics/pcl/fused/points_in,std_msgs/msg/Int32,50971
1774012954.6361084,/metrics/pcl/fused/processing_ms,std_msgs/msg/Float32,197.16030883789062
1774012954.8507307,/metrics/pcl/fused/detections_count,std_msgs/msg/Int32,83
1774012954.8509018,/metrics/pcl/fused/points_in,std_msgs/msg/Int32,51017
1774012954.8509989,/metrics/pcl/fused/processing_ms,std_msgs/msg/Float32,214.1236114501953
1774012955.05933,/metrics/pcl/fused/detections_count,std_msgs/msg/Int32,81
1774012955.0594742,/metrics/pcl/fused/points_in,std_msgs/msg/Int32,50976
1774012955.0595758,/metrics/pcl/fused/processing_ms,std_msgs/msg/Float32,207.55421447753906
1774012955.25686,/metrics/pcl/fused/detections_count,std_msgs/msg/Int32,80
1774012955.2570539,/metrics/pcl/fused/points_in,std_msgs/msg/Int32,50979
1774012955.2572024,/metrics/pcl/fused/processing_ms,std_msgs/msg/Float32,196.5957489013672
1774012955.4534607,/metrics/pcl/fused/detections_count,std_msgs/msg/Int32,85
1774012955.4535806,/metrics/pcl/fused/points_in,std_msgs/msg/Int32,50942
1774012955.4536467,/metrics/pcl/fused/processing_ms,std_msgs/msg/Float32,195.86956787109375
1774012955.6560693,/metrics/pcl/fused/detections_count,std_msgs/msg/Int32,80
1774012955.6561751,/metrics/pcl/fused/points_in,std_msgs/msg/Int32,50965
1774012955.6562288,/metrics/pcl/fused/processing_ms,std_msgs/msg/Float32,201.84693908691406
1774012955.85458,/metrics/pcl/fused/detections_count,std_msgs/msg/Int32,83
1774012955.8547132,/metrics/pcl/fused/points_in,std_msgs/msg/Int32,50955
1774012955.854771,/metrics/pcl/fused/processing_ms,std_msgs/msg/Float32,197.6405029296875
1774012956.155949,/metrics/pcl/fused/detections_count,std_msgs/msg/Int32,75
1774012956.1560626,/metrics/pcl/fused/points_in,std_msgs/msg/Int32,50956
1774012956.1561265,/metrics/pcl/fused/processing_ms,std_msgs/msg/Float32,198.475830078125
1774012956.3865967,/metrics/pcl/fused/detections_count,std_msgs/msg/Int32,84
1774012956.3867223,/metrics/pcl/fused/points_in,std_msgs/msg/Int32,50886
1774012956.3867934,/metrics/pcl/fused/processing_ms,std_msgs/msg/Float32,197.12109375
1774012956.5846324,/metrics/pcl/fused/detections_count,std_msgs/msg/Int32,83
1774012956.584738,/metrics/pcl/fused/points_in,std_msgs/msg/Int32,50801
1774012956.5847921,/metrics/pcl/fused/processing_ms,std_msgs/msg/Float32,197.33702087402344
1774012956.787224,/metrics/pcl/fused/detections_count,std_msgs/msg/Int32,80
1774012956.7873209,/metrics/pcl/fused/points_in,std_msgs/msg/Int32,50884
1774012956.7873764,/metrics/pcl/fused/processing_ms,std_msgs/msg/Float32,201.73927307128906
1774012957.30718,/metrics/pcl/fused/detections_count,std_msgs/msg/Int32,76
1774012957.3072987,/metrics/pcl/fused/points_in,std_msgs/msg/Int32,50846
1774012957.3073797,/metrics/pcl/fused/processing_ms,std_msgs/msg/Float32,191.74588012695312
1774012957.5036929,/metrics/pcl/fused/detections_count,std_msgs/msg/Int32,83
1774012957.503801,/metrics/pcl/fused/points_in,std_msgs/msg/Int32,50982
1774012957.503885,/metrics/pcl/fused/processing_ms,std_msgs/msg/Float32,195.74655151367188
1774012957.7007642,/metrics/pcl/fused/detections_count,std_msgs/msg/Int32,82
1774012957.700891,/metrics/pcl/fused/points_in,std_msgs/msg/Int32,50928
1774012957.7009618,/metrics/pcl/fused/processing_ms,std_msgs/msg/Float32,196.3549041748047
1774012957.896311,/metrics/pcl/fused/detections_count,std_msgs/msg/Int32,86
1774012957.8964255,/metrics/pcl/fused/points_in,std_msgs/msg/Int32,50979
1774012957.8964894,/metrics/pcl/fused/processing_ms,std_msgs/msg/Float32,194.7753143310547
1774012958.265216,/metrics/pcl/fused/detections_count,std_msgs/msg/Int32,80
1774012958.2654126,/metrics/pcl/fused/points_in,std_msgs/msg/Int32,50996
1774012958.265501,/metrics/pcl/fused/processing_ms,std_msgs/msg/Float32,200.083251953125
1774012958.4821868,/metrics/pcl/fused/detections_count,std_msgs/msg/Int32,83
1774012958.4822853,/metrics/pcl/fused/points_in,std_msgs/msg/Int32,50917
1774012958.4823375,/metrics/pcl/fused/processing_ms,std_msgs/msg/Float32,205.8275909423828
1774012958.6799798,/metrics/pcl/fused/detections_count,std_msgs/msg/Int32,81
1774012958.6801748,/metrics/pcl/fused/points_in,std_msgs/msg/Int32,50985
1774012958.680281,/metrics/pcl/fused/processing_ms,std_msgs/msg/Float32,196.88609313964844
1774012959.6554708,/metrics/pcl/fused/detections_count,std_msgs/msg/Int32,77
1774012959.6556664,/metrics/pcl/fused/points_in,std_msgs/msg/Int32,50978
1774012959.6557932,/metrics/pcl/fused/processing_ms,std_msgs/msg/Float32,206.72894287109375
1774012959.8549209,/metrics/pcl/fused/detections_count,std_msgs/msg/Int32,81
1774012959.8550444,/metrics/pcl/fused/points_in,std_msgs/msg/Int32,50876
1774012959.8551104,/metrics/pcl/fused/processing_ms,std_msgs/msg/Float32,198.38717651367188
1774012960.0697844,/metrics/pcl/fused/detections_count,std_msgs/msg/Int32,82
1774012960.0699778,/metrics/pcl/fused/points_in,std_msgs/msg/Int32,50919
1774012960.0700696,/metrics/pcl/fused/processing_ms,std_msgs/msg/Float32,197.84532165527344
1774012960.596561,/metrics/pcl/fused/detections_count,std_msgs/msg/Int32,75
1774012960.5966666,/metrics/pcl/fused/points_in,std_msgs/msg/Int32,50868
1774012960.5967286,/metrics/pcl/fused/processing_ms,std_msgs/msg/Float32,195.34620666503906
1774012960.9567194,/metrics/pcl/fused/detections_count,std_msgs/msg/Int32,80
1774012960.956831,/metrics/pcl/fused/points_in,std_msgs/msg/Int32,50956
1774012960.9569087,/metrics/pcl/fused/processing_ms,std_msgs/msg/Float32,198.11219787597656
1774012961.2563562,/metrics/pcl/fused/detections_count,std_msgs/msg/Int32,81
1774012961.256484,/metrics/pcl/fused/points_in,std_msgs/msg/Int32,50916
1774012961.2565498,/metrics/pcl/fused/processing_ms,std_msgs/msg/Float32,195.1239776611328
1774012961.5613148,/metrics/pcl/fused/detections_count,std_msgs/msg/Int32,79
1774012961.561439,/metrics/pcl/fused/points_in,std_msgs/msg/Int32,50913
1774012961.56153,/metrics/pcl/fused/processing_ms,std_msgs/msg/Float32,199.92694091796875
1774012961.807057,/metrics/pcl/fused/detections_count,std_msgs/msg/Int32,76
1774012961.807178,/metrics/pcl/fused/points_in,std_msgs/msg/Int32,50946
1774012961.8072333,/metrics/pcl/fused/processing_ms,std_msgs/msg/Float32,204.8171844482422
1774012962.011988,/metrics/pcl/fused/detections_count,std_msgs/msg/Int32,81
1774012962.012097,/metrics/pcl/fused/points_in,std_msgs/msg/Int32,50890
1774012962.012158,/metrics/pcl/fused/processing_ms,std_msgs/msg/Float32,204.03689575195312
1774012962.2116008,/metrics/pcl/fused/detections_count,std_msgs/msg/Int32,82
1774012962.2117114,/metrics/pcl/fused/points_in,std_msgs/msg/Int32,50931
1774012962.2117727,/metrics/pcl/fused/processing_ms,std_msgs/msg/Float32,198.87823486328125
1774012962.4100556,/metrics/pcl/fused/detections_count,std_msgs/msg/Int32,76
1774012962.4101665,/metrics/pcl/fused/points_in,std_msgs/msg/Int32,51002
1774012962.410229,/metrics/pcl/fused/processing_ms,std_msgs/msg/Float32,197.7159423828125
1774012962.6074374,/metrics/pcl/fused/detections_count,std_msgs/msg/Int32,81
1774012962.607583,/metrics/pcl/fused/points_in,std_msgs/msg/Int32,50890
1774012962.6076717,/metrics/pcl/fused/processing_ms,std_msgs/msg/Float32,196.53822326660156
1774012962.8152356,/metrics/pcl/fused/detections_count,std_msgs/msg/Int32,82
1774012962.8153818,/metrics/pcl/fused/points_in,std_msgs/msg/Int32,50950
1774012962.8154469,/metrics/pcl/fused/processing_ms,std_msgs/msg/Float32,206.97654724121094
1774012963.0083563,/metrics/pcl/fused/detections_count,std_msgs/msg/Int32,85
1774012963.0084949,/metrics/pcl/fused/points_in,std_msgs/msg/Int32,51003
1774012963.0085697,/metrics/pcl/fused/processing_ms,std_msgs/msg/Float32,192.24948120117188
1774012963.2031121,/metrics/pcl/fused/detections_count,std_msgs/msg/Int32,77
1774012963.203232,/metrics/pcl/fused/points_in,std_msgs/msg/Int32,50919
1774012963.2033112,/metrics/pcl/fused/processing_ms,std_msgs/msg/Float32,193.97103881835938
1774012963.3956933,/metrics/pcl/fused/detections_count,std_msgs/msg/Int32,82
1774012963.395822,/metrics/pcl/fused/points_in,std_msgs/msg/Int32,50891
1774012963.3959377,/metrics/pcl/fused/processing_ms,std_msgs/msg/Float32,191.8478546142578
1774012963.5948017,/metrics/pcl/fused/detections_count,std_msgs/msg/Int32,80
1774012963.5949774,/metrics/pcl/fused/points_in,std_msgs/msg/Int32,50881
1774012963.5951104,/metrics/pcl/fused/processing_ms,std_msgs/msg/Float32,198.39964294433594
1774012963.796807,/metrics/pcl/fused/detections_count,std_msgs/msg/Int32,79
1774012963.796939,/metrics/pcl/fused/points_in,std_msgs/msg/Int32,50990
1774012963.7970068,/metrics/pcl/fused/processing_ms,std_msgs/msg/Float32,201.24098205566406
1774012963.9967947,/metrics/pcl/fused/detections_count,std_msgs/msg/Int32,78
1774012963.9969268,/metrics/pcl/fused/points_in,std_msgs/msg/Int32,50862
1774012963.9969962,/metrics/pcl/fused/processing_ms,std_msgs/msg/Float32,199.27081298828125
1774012964.1977654,/metrics/pcl/fused/detections_count,std_msgs/msg/Int32,81
1774012964.1978667,/metrics/pcl/fused/points_in,std_msgs/msg/Int32,50949
1774012964.1979494,/metrics/pcl/fused/processing_ms,std_msgs/msg/Float32,200.2021026611328
1774012964.392309,/metrics/pcl/fused/detections_count,std_msgs/msg/Int32,81
1774012964.39241,/metrics/pcl/fused/points_in,std_msgs/msg/Int32,50862
1774012964.3924618,/metrics/pcl/fused/processing_ms,std_msgs/msg/Float32,193.82090759277344
1774012964.6091359,/metrics/pcl/fused/detections_count,std_msgs/msg/Int32,84
1774012964.6092675,/metrics/pcl/fused/points_in,std_msgs/msg/Int32,50881
1774012964.6093524,/metrics/pcl/fused/processing_ms,std_msgs/msg/Float32,216.0867462158203
1774012964.8143272,/metrics/pcl/fused/detections_count,std_msgs/msg/Int32,81
1774012964.8144312,/metrics/pcl/fused/points_in,std_msgs/msg/Int32,50960
1774012964.8144875,/metrics/pcl/fused/processing_ms,std_msgs/msg/Float32,204.515625
1774012965.0392065,/metrics/pcl/fused/detections_count,std_msgs/msg/Int32,90
1774012965.0393453,/metrics/pcl/fused/points_in,std_msgs/msg/Int32,50986
1774012965.0394104,/metrics/pcl/fused/processing_ms,std_msgs/msg/Float32,224.05357360839844
1774012965.237187,/metrics/pcl/fused/detections_count,std_msgs/msg/Int32,82
1774012965.2373395,/metrics/pcl/fused/points_in,std_msgs/msg/Int32,50864
1774012965.2374265,/metrics/pcl/fused/processing_ms,std_msgs/msg/Float32,197.11227416992188
1774012965.4677217,/metrics/pcl/fused/detections_count,std_msgs/msg/Int32,81
1774012965.4678557,/metrics/pcl/fused/points_in,std_msgs/msg/Int32,51479
1774012965.4679508,/metrics/pcl/fused/processing_ms,std_msgs/msg/Float32,204.9206085205078
1774012966.2227674,/metrics/pcl/fused/detections_count,std_msgs/msg/Int32,83
1774012966.222914,/metrics/pcl/fused/points_in,std_msgs/msg/Int32,51701
1774012966.2229836,/metrics/pcl/fused/processing_ms,std_msgs/msg/Float32,214.31285095214844
1774012966.4308345,/metrics/pcl/fused/detections_count,std_msgs/msg/Int32,75
1774012966.4309678,/metrics/pcl/fused/points_in,std_msgs/msg/Int32,51922
1774012966.4310334,/metrics/pcl/fused/processing_ms,std_msgs/msg/Float32,207.0394287109375
1774012966.6402824,/metrics/pcl/fused/detections_count,std_msgs/msg/Int32,82
1774012966.6403968,/metrics/pcl/fused/points_in,std_msgs/msg/Int32,51822
1774012966.6404603,/metrics/pcl/fused/processing_ms,std_msgs/msg/Float32,208.576904296875
1774012966.8490071,/metrics/pcl/fused/detections_count,std_msgs/msg/Int32,84
1774012966.849171,/metrics/pcl/fused/points_in,std_msgs/msg/Int32,51911
1774012966.8492424,/metrics/pcl/fused/processing_ms,std_msgs/msg/Float32,207.9417724609375
1774012967.052338,/metrics/pcl/fused/detections_count,std_msgs/msg/Int32,79
1774012967.052448,/metrics/pcl/fused/points_in,std_msgs/msg/Int32,51812
1774012967.052522,/metrics/pcl/fused/processing_ms,std_msgs/msg/Float32,202.5093994140625
1774012967.258737,/metrics/pcl/fused/detections_count,std_msgs/msg/Int32,76
1774012967.2588494,/metrics/pcl/fused/points_in,std_msgs/msg/Int32,51896
1774012967.2589242,/metrics/pcl/fused/processing_ms,std_msgs/msg/Float32,205.58074951171875
1774012967.4596722,/metrics/pcl/fused/detections_count,std_msgs/msg/Int32,80
1774012967.45979,/metrics/pcl/fused/points_in,std_msgs/msg/Int32,51470
1774012967.459845,/metrics/pcl/fused/processing_ms,std_msgs/msg/Float32,200.07862854003906
1774012967.6635318,/metrics/pcl/fused/detections_count,std_msgs/msg/Int32,80
1774012967.6636605,/metrics/pcl/fused/points_in,std_msgs/msg/Int32,51855
1774012967.6637883,/metrics/pcl/fused/processing_ms,std_msgs/msg/Float32,202.97853088378906
1774012967.8596628,/metrics/pcl/fused/detections_count,std_msgs/msg/Int32,81
1774012967.8597684,/metrics/pcl/fused/points_in,std_msgs/msg/Int32,50618
1774012967.8598213,/metrics/pcl/fused/processing_ms,std_msgs/msg/Float32,195.27200317382812
1774012968.0624123,/metrics/pcl/fused/detections_count,std_msgs/msg/Int32,80
1774012968.0625544,/metrics/pcl/fused/points_in,std_msgs/msg/Int32,51470
1774012968.0626252,/metrics/pcl/fused/processing_ms,std_msgs/msg/Float32,202.026123046875
1774012968.257933,/metrics/pcl/fused/detections_count,std_msgs/msg/Int32,81
1774012968.258066,/metrics/pcl/fused/points_in,std_msgs/msg/Int32,50862
1774012968.2581332,/metrics/pcl/fused/processing_ms,std_msgs/msg/Float32,194.68992614746094
1774012968.4516728,/metrics/pcl/fused/detections_count,std_msgs/msg/Int32,81
1774012968.451793,/metrics/pcl/fused/points_in,std_msgs/msg/Int32,50977
1774012968.4518564,/metrics/pcl/fused/processing_ms,std_msgs/msg/Float32,192.99942016601562
1774012968.6466181,/metrics/pcl/fused/detections_count,std_msgs/msg/Int32,83
1774012968.646743,/metrics/pcl/fused/points_in,std_msgs/msg/Int32,50939
1774012968.6468065,/metrics/pcl/fused/processing_ms,std_msgs/msg/Float32,194.2155303955078
1774012969.0604491,/metrics/pcl/fused/detections_count,std_msgs/msg/Int32,81
1774012969.0605505,/metrics/pcl/fused/points_in,std_msgs/msg/Int32,50950
1774012969.060603,/metrics/pcl/fused/processing_ms,std_msgs/msg/Float32,198.3885955810547
1774012969.2530744,/metrics/pcl/fused/detections_count,std_msgs/msg/Int32,78
1774012969.2531989,/metrics/pcl/fused/points_in,std_msgs/msg/Int32,50859
1774012969.2532904,/metrics/pcl/fused/processing_ms,std_msgs/msg/Float32,191.86070251464844
1774012969.450046,/metrics/pcl/fused/detections_count,std_msgs/msg/Int32,75
1774012969.4501574,/metrics/pcl/fused/points_in,std_msgs/msg/Int32,50854
1774012969.45022,/metrics/pcl/fused/processing_ms,std_msgs/msg/Float32,196.29026794433594
1774012969.6572988,/metrics/pcl/fused/detections_count,std_msgs/msg/Int32,85
1774012969.657412,/metrics/pcl/fused/points_in,std_msgs/msg/Int32,51024
1774012969.6574786,/metrics/pcl/fused/processing_ms,std_msgs/msg/Float32,197.4620819091797
1774012969.8530033,/metrics/pcl/fused/detections_count,std_msgs/msg/Int32,81
1774012969.8531377,/metrics/pcl/fused/points_in,std_msgs/msg/Int32,50867
1774012969.8532047,/metrics/pcl/fused/processing_ms,std_msgs/msg/Float32,194.82977294921875
1774012970.0516233,/metrics/pcl/fused/detections_count,std_msgs/msg/Int32,81
1774012970.0519383,/metrics/pcl/fused/points_in,std_msgs/msg/Int32,51212
1774012970.0521452,/metrics/pcl/fused/processing_ms,std_msgs/msg/Float32,197.81771850585938
1774012970.2633998,/metrics/pcl/fused/detections_count,std_msgs/msg/Int32,85
1774012970.2635472,/metrics/pcl/fused/points_in,std_msgs/msg/Int32,51127
1774012970.2636273,/metrics/pcl/fused/processing_ms,std_msgs/msg/Float32,196.89578247070312
1774012970.463186,/metrics/pcl/fused/detections_count,std_msgs/msg/Int32,74
1774012970.4633164,/metrics/pcl/fused/points_in,std_msgs/msg/Int32,51519
1774012970.4633949,/metrics/pcl/fused/processing_ms,std_msgs/msg/Float32,198.94305419921875
1774012971.0047164,/metrics/pcl/fused/detections_count,std_msgs/msg/Int32,78
1774012971.0049262,/metrics/pcl/fused/points_in,std_msgs/msg/Int32,51567
1774012971.0050247,/metrics/pcl/fused/processing_ms,std_msgs/msg/Float32,224.7161865234375
1774012971.2486203,/metrics/pcl/fused/detections_count,std_msgs/msg/Int32,85
1774012971.2487454,/metrics/pcl/fused/points_in,std_msgs/msg/Int32,51583
1774012971.2488134,/metrics/pcl/fused/processing_ms,std_msgs/msg/Float32,199.9644012451172
1774012971.4878607,/metrics/pcl/fused/detections_count,std_msgs/msg/Int32,87
1774012971.4880276,/metrics/pcl/fused/points_in,std_msgs/msg/Int32,51500
1774012971.488147,/metrics/pcl/fused/processing_ms,std_msgs/msg/Float32,202.55401611328125
1774012972.1955056,/metrics/pcl/fused/detections_count,std_msgs/msg/Int32,85
1774012972.1956484,/metrics/pcl/fused/points_in,std_msgs/msg/Int32,51863
1774012972.1957557,/metrics/pcl/fused/processing_ms,std_msgs/msg/Float32,206.33644104003906
1774012972.4102378,/metrics/pcl/fused/detections_count,std_msgs/msg/Int32,82
1774012972.410391,/metrics/pcl/fused/points_in,std_msgs/msg/Int32,52010
1774012972.4104688,/metrics/pcl/fused/processing_ms,std_msgs/msg/Float32,213.70530700683594
1774012972.6265466,/metrics/pcl/fused/detections_count,std_msgs/msg/Int32,85
1774012972.6266716,/metrics/pcl/fused/points_in,std_msgs/msg/Int32,52074
1774012972.6267483,/metrics/pcl/fused/processing_ms,std_msgs/msg/Float32,215.22035217285156
1774012972.8366418,/metrics/pcl/fused/detections_count,std_msgs/msg/Int32,80
1774012972.8367639,/metrics/pcl/fused/points_in,std_msgs/msg/Int32,52159
1774012972.8368363,/metrics/pcl/fused/processing_ms,std_msgs/msg/Float32,209.0978240966797
1774012973.044651,/metrics/pcl/fused/detections_count,std_msgs/msg/Int32,83
1774012973.044793,/metrics/pcl/fused/points_in,std_msgs/msg/Int32,51967
1774012973.0448813,/metrics/pcl/fused/processing_ms,std_msgs/msg/Float32,207.0227813720703
1774012973.248256,/metrics/pcl/fused/detections_count,std_msgs/msg/Int32,84
1774012973.2483945,/metrics/pcl/fused/points_in,std_msgs/msg/Int32,51854
1774012973.2484841,/metrics/pcl/fused/processing_ms,std_msgs/msg/Float32,202.85279846191406
1774012973.5805926,/metrics/pcl/fused/detections_count,std_msgs/msg/Int32,81
1774012973.5807154,/metrics/pcl/fused/points_in,std_msgs/msg/Int32,51777
1774012973.5807986,/metrics/pcl/fused/processing_ms,std_msgs/msg/Float32,202.53697204589844
1774012973.7824774,/metrics/pcl/fused/detections_count,std_msgs/msg/Int32,83
1774012973.7826385,/metrics/pcl/fused/points_in,std_msgs/msg/Int32,52109
1774012973.7827377,/metrics/pcl/fused/processing_ms,std_msgs/msg/Float32,201.1249542236328
1774012973.983073,/metrics/pcl/fused/detections_count,std_msgs/msg/Int32,82
1774012973.9832163,/metrics/pcl/fused/points_in,std_msgs/msg/Int32,51962
1774012973.9833086,/metrics/pcl/fused/processing_ms,std_msgs/msg/Float32,199.77288818359375
1774012974.1786258,/metrics/pcl/fused/detections_count,std_msgs/msg/Int32,81
1774012974.1787856,/metrics/pcl/fused/points_in,std_msgs/msg/Int32,51784
1774012974.1789281,/metrics/pcl/fused/processing_ms,std_msgs/msg/Float32,194.81382751464844
1774012974.3917248,/metrics/pcl/fused/detections_count,std_msgs/msg/Int32,82
1774012974.391931,/metrics/pcl/fused/points_in,std_msgs/msg/Int32,51714
1774012974.392085,/metrics/pcl/fused/processing_ms,std_msgs/msg/Float32,212.2924346923828
1774012974.5923722,/metrics/pcl/fused/detections_count,std_msgs/msg/Int32,87
1774012974.5925221,/metrics/pcl/fused/points_in,std_msgs/msg/Int32,51783
1774012974.5925915,/metrics/pcl/fused/processing_ms,std_msgs/msg/Float32,199.5174560546875
1774012974.8257964,/metrics/pcl/fused/detections_count,std_msgs/msg/Int32,77
1774012974.8259513,/metrics/pcl/fused/points_in,std_msgs/msg/Int32,51440
1774012974.826039,/metrics/pcl/fused/processing_ms,std_msgs/msg/Float32,200.76890563964844
1774012975.0799046,/metrics/pcl/fused/detections_count,std_msgs/msg/Int32,79
1774012975.080022,/metrics/pcl/fused/processing_ms,std_msgs/msg/Float32,206.9969482421875
1774012975.0802305,/metrics/pcl/fused/points_in,std_msgs/msg/Int32,52108
1774012975.539422,/metrics/pcl/fused/detections_count,std_msgs/msg/Int32,77
1774012975.5395694,/metrics/pcl/fused/points_in,std_msgs/msg/Int32,51976
1774012975.5396643,/metrics/pcl/fused/processing_ms,std_msgs/msg/Float32,209.14389038085938
1774012975.7482097,/metrics/pcl/fused/detections_count,std_msgs/msg/Int32,82
1774012975.7483387,/metrics/pcl/fused/points_in,std_msgs/msg/Int32,52022
1774012975.7484157,/metrics/pcl/fused/processing_ms,std_msgs/msg/Float32,208.02159118652344
1774012975.9886606,/metrics/pcl/fused/detections_count,std_msgs/msg/Int32,84
1774012975.988779,/metrics/pcl/fused/points_in,std_msgs/msg/Int32,51941
1774012975.9888432,/metrics/pcl/fused/processing_ms,std_msgs/msg/Float32,201.4696044921875
1774012976.1948397,/metrics/pcl/fused/detections_count,std_msgs/msg/Int32,83
1774012976.1950161,/metrics/pcl/fused/points_in,std_msgs/msg/Int32,51987
1774012976.1950982,/metrics/pcl/fused/processing_ms,std_msgs/msg/Float32,205.39346313476562
1774012976.5745926,/metrics/pcl/fused/detections_count,std_msgs/msg/Int32,82
1774012976.5748236,/metrics/pcl/fused/points_in,std_msgs/msg/Int32,51932
1774012976.5749352,/metrics/pcl/fused/processing_ms,std_msgs/msg/Float32,199.39483642578125
1774012976.8920932,/metrics/pcl/fused/detections_count,std_msgs/msg/Int32,84
1774012976.8922398,/metrics/pcl/fused/points_in,std_msgs/msg/Int32,51872
1774012976.89232,/metrics/pcl/fused/processing_ms,std_msgs/msg/Float32,201.5347442626953
1774012977.0930622,/metrics/pcl/fused/detections_count,std_msgs/msg/Int32,82
1774012977.0931904,/metrics/pcl/fused/points_in,std_msgs/msg/Int32,51932
1774012977.093275,/metrics/pcl/fused/processing_ms,std_msgs/msg/Float32,200.26889038085938
1774012977.303466,/metrics/pcl/fused/detections_count,std_msgs/msg/Int32,83
1774012977.3035867,/metrics/pcl/fused/points_in,std_msgs/msg/Int32,51833
1774012977.3036447,/metrics/pcl/fused/processing_ms,std_msgs/msg/Float32,209.60507202148438
1774012977.505002,/metrics/pcl/fused/detections_count,std_msgs/msg/Int32,80
1774012977.5051658,/metrics/pcl/fused/points_in,std_msgs/msg/Int32,51905
1774012977.5052662,/metrics/pcl/fused/processing_ms,std_msgs/msg/Float32,200.57762145996094
1774012977.7030551,/metrics/pcl/fused/detections_count,std_msgs/msg/Int32,81
1774012977.7031732,/metrics/pcl/fused/points_in,std_msgs/msg/Int32,51837
1774012977.7032387,/metrics/pcl/fused/processing_ms,std_msgs/msg/Float32,197.30447387695312
1774012977.8998911,/metrics/pcl/fused/detections_count,std_msgs/msg/Int32,86
1774012977.9000063,/metrics/pcl/fused/points_in,std_msgs/msg/Int32,51719
1774012977.9000967,/metrics/pcl/fused/processing_ms,std_msgs/msg/Float32,196.04544067382812
1774012978.0980794,/metrics/pcl/fused/detections_count,std_msgs/msg/Int32,85
1774012978.0983055,/metrics/pcl/fused/points_in,std_msgs/msg/Int32,51880
1774012978.0984373,/metrics/pcl/fused/processing_ms,std_msgs/msg/Float32,197.34768676757812
1774012978.293306,/metrics/pcl/fused/detections_count,std_msgs/msg/Int32,82
1774012978.2935016,/metrics/pcl/fused/points_in,std_msgs/msg/Int32,51740
1774012978.2936292,/metrics/pcl/fused/processing_ms,std_msgs/msg/Float32,194.4862823486328
1774012978.4910586,/metrics/pcl/fused/detections_count,std_msgs/msg/Int32,86
1774012978.4911854,/metrics/pcl/fused/points_in,std_msgs/msg/Int32,51819
1774012978.4912517,/metrics/pcl/fused/processing_ms,std_msgs/msg/Float32,196.90284729003906
1774012978.6914585,/metrics/pcl/fused/detections_count,std_msgs/msg/Int32,82
1774012978.6915843,/metrics/pcl/fused/points_in,std_msgs/msg/Int32,51820
1774012978.691657,/metrics/pcl/fused/processing_ms,std_msgs/msg/Float32,199.67750549316406
1774012978.896003,/metrics/pcl/fused/detections_count,std_msgs/msg/Int32,78
1774012978.8961716,/metrics/pcl/fused/points_in,std_msgs/msg/Int32,51806
1774012978.8962772,/metrics/pcl/fused/processing_ms,std_msgs/msg/Float32,203.7073211669922
1774012979.1056566,/metrics/pcl/fused/detections_count,std_msgs/msg/Int32,83
1774012979.1058018,/metrics/pcl/fused/points_in,std_msgs/msg/Int32,51897
1774012979.10591,/metrics/pcl/fused/processing_ms,std_msgs/msg/Float32,208.81378173828125
1774012979.29924,/metrics/pcl/fused/detections_count,std_msgs/msg/Int32,83
1774012979.2993715,/metrics/pcl/fused/points_in,std_msgs/msg/Int32,51722
1774012979.2994597,/metrics/pcl/fused/processing_ms,std_msgs/msg/Float32,192.8367462158203
1774012979.495654,/metrics/pcl/fused/detections_count,std_msgs/msg/Int32,80
1774012979.4958162,/metrics/pcl/fused/points_in,std_msgs/msg/Int32,51879
1774012979.495918,/metrics/pcl/fused/processing_ms,std_msgs/msg/Float32,195.54505920410156
1774012979.6940145,/metrics/pcl/fused/detections_count,std_msgs/msg/Int32,85
1774012979.6941283,/metrics/pcl/fused/points_in,std_msgs/msg/Int32,51840
1774012979.6941917,/metrics/pcl/fused/processing_ms,std_msgs/msg/Float32,197.52987670898438
1774012979.8896277,/metrics/pcl/fused/detections_count,std_msgs/msg/Int32,84
1774012979.8897536,/metrics/pcl/fused/points_in,std_msgs/msg/Int32,51894
1774012979.8898158,/metrics/pcl/fused/processing_ms,std_msgs/msg/Float32,194.87173461914062
1774012980.0913308,/metrics/pcl/fused/detections_count,std_msgs/msg/Int32,86
1774012980.0914521,/metrics/pcl/fused/points_in,std_msgs/msg/Int32,51788
1774012980.091518,/metrics/pcl/fused/processing_ms,std_msgs/msg/Float32,200.93382263183594
1774012980.2907012,/metrics/pcl/fused/detections_count,std_msgs/msg/Int32,86
1774012980.290821,/metrics/pcl/fused/points_in,std_msgs/msg/Int32,51844
1774012980.2908974,/metrics/pcl/fused/processing_ms,std_msgs/msg/Float32,198.6029815673828
1774012980.4965184,/metrics/pcl/fused/detections_count,std_msgs/msg/Int32,82
1774012980.4966629,/metrics/pcl/fused/points_in,std_msgs/msg/Int32,51828
1774012980.4967587,/metrics/pcl/fused/processing_ms,std_msgs/msg/Float32,205.04379272460938
1774012980.779429,/metrics/pcl/fused/detections_count,std_msgs/msg/Int32,78
1774012980.7796035,/metrics/pcl/fused/points_in,std_msgs/msg/Int32,51691
1774012980.779679,/metrics/pcl/fused/processing_ms,std_msgs/msg/Float32,209.69207763671875
1774012980.9801943,/metrics/pcl/fused/detections_count,std_msgs/msg/Int32,82
1774012980.980365,/metrics/pcl/fused/points_in,std_msgs/msg/Int32,51794
1774012980.980478,/metrics/pcl/fused/processing_ms,std_msgs/msg/Float32,199.3381805419922
1774012981.1935754,/metrics/pcl/fused/detections_count,std_msgs/msg/Int32,84
1774012981.193697,/metrics/pcl/fused/points_in,std_msgs/msg/Int32,51602
1774012981.1937845,/metrics/pcl/fused/processing_ms,std_msgs/msg/Float32,212.5301971435547
1774012981.3992145,/metrics/pcl/fused/detections_count,std_msgs/msg/Int32,78
1774012981.399339,/metrics/pcl/fused/points_in,std_msgs/msg/Int32,51691
1774012981.3994114,/metrics/pcl/fused/processing_ms,std_msgs/msg/Float32,204.7493896484375
1774012981.5990868,/metrics/pcl/fused/detections_count,std_msgs/msg/Int32,85
1774012981.5992107,/metrics/pcl/fused/points_in,std_msgs/msg/Int32,51871
1774012981.5992768,/metrics/pcl/fused/processing_ms,std_msgs/msg/Float32,199.1417236328125
1774012981.801687,/metrics/pcl/fused/detections_count,std_msgs/msg/Int32,82
1774012981.8017874,/metrics/pcl/fused/points_in,std_msgs/msg/Int32,51809
1774012981.8018408,/metrics/pcl/fused/processing_ms,std_msgs/msg/Float32,201.8238067626953
1774012982.000066,/metrics/pcl/fused/detections_count,std_msgs/msg/Int32,78
1774012982.0001814,/metrics/pcl/fused/points_in,std_msgs/msg/Int32,51781
1774012982.0002456,/metrics/pcl/fused/processing_ms,std_msgs/msg/Float32,197.607666015625
1774012982.1993136,/metrics/pcl/fused/detections_count,std_msgs/msg/Int32,87
1774012982.199454,/metrics/pcl/fused/points_in,std_msgs/msg/Int32,51834
1774012982.1995308,/metrics/pcl/fused/processing_ms,std_msgs/msg/Float32,198.38204956054688
1774012982.4003453,/metrics/pcl/fused/detections_count,std_msgs/msg/Int32,82
1774012982.4004905,/metrics/pcl/fused/points_in,std_msgs/msg/Int32,51766
1774012982.4005873,/metrics/pcl/fused/processing_ms,std_msgs/msg/Float32,200.14434814453125
1774012982.6007285,/metrics/pcl/fused/detections_count,std_msgs/msg/Int32,77
1774012982.6008432,/metrics/pcl/fused/points_in,std_msgs/msg/Int32,51801
1774012982.6009223,/metrics/pcl/fused/processing_ms,std_msgs/msg/Float32,199.6077117919922
1774012982.8001082,/metrics/pcl/fused/detections_count,std_msgs/msg/Int32,83
1774012982.8002653,/metrics/pcl/fused/points_in,std_msgs/msg/Int32,51749
1774012982.800381,/metrics/pcl/fused/processing_ms,std_msgs/msg/Float32,198.5859375
1774012982.996539,/metrics/pcl/fused/detections_count,std_msgs/msg/Int32,86
1774012982.9966853,/metrics/pcl/fused/points_in,std_msgs/msg/Int32,51599
1774012982.9967954,/metrics/pcl/fused/processing_ms,std_msgs/msg/Float32,195.73825073242188
1774012983.1962552,/metrics/pcl/fused/detections_count,std_msgs/msg/Int32,80
1774012983.1964056,/metrics/pcl/fused/points_in,std_msgs/msg/Int32,51667
1774012983.1964984,/metrics/pcl/fused/processing_ms,std_msgs/msg/Float32,198.86878967285156
1774012983.4629939,/metrics/pcl/fused/detections_count,std_msgs/msg/Int32,84
1774012983.463157,/metrics/pcl/fused/points_in,std_msgs/msg/Int32,51743
1774012983.4632735,/metrics/pcl/fused/processing_ms,std_msgs/msg/Float32,196.9029541015625
1774012983.772644,/metrics/pcl/fused/detections_count,std_msgs/msg/Int32,83
1774012983.7728226,/metrics/pcl/fused/points_in,std_msgs/msg/Int32,51816
1774012983.7729292,/metrics/pcl/fused/processing_ms,std_msgs/msg/Float32,202.36807250976562
1774012984.0838492,/metrics/pcl/fused/detections_count,std_msgs/msg/Int32,84
1774012984.084028,/metrics/pcl/fused/points_in,std_msgs/msg/Int32,51720
1774012984.084115,/metrics/pcl/fused/processing_ms,std_msgs/msg/Float32,200.966796875
1774012984.3337288,/metrics/pcl/fused/detections_count,std_msgs/msg/Int32,85
1774012984.3338573,/metrics/pcl/fused/points_in,std_msgs/msg/Int32,51737
1774012984.3339527,/metrics/pcl/fused/processing_ms,std_msgs/msg/Float32,198.54006958007812
1774012984.5323524,/metrics/pcl/fused/detections_count,std_msgs/msg/Int32,78
1774012984.532444,/metrics/pcl/fused/points_in,std_msgs/msg/Int32,51789
1774012984.532496,/metrics/pcl/fused/processing_ms,std_msgs/msg/Float32,197.90049743652344
1774012984.7306087,/metrics/pcl/fused/detections_count,std_msgs/msg/Int32,85
1774012984.730729,/metrics/pcl/fused/points_in,std_msgs/msg/Int32,51767
1774012984.7307942,/metrics/pcl/fused/processing_ms,std_msgs/msg/Float32,197.50381469726562
1774012984.9286625,/metrics/pcl/fused/detections_count,std_msgs/msg/Int32,79
1774012984.9287705,/metrics/pcl/fused/points_in,std_msgs/msg/Int32,51763
1774012984.9288342,/metrics/pcl/fused/processing_ms,std_msgs/msg/Float32,197.28717041015625
1774012985.1230202,/metrics/pcl/fused/detections_count,std_msgs/msg/Int32,84
1774012985.1231391,/metrics/pcl/fused/points_in,std_msgs/msg/Int32,51721
1774012985.1232054,/metrics/pcl/fused/processing_ms,std_msgs/msg/Float32,193.6318359375
1774012985.3213005,/metrics/pcl/fused/detections_count,std_msgs/msg/Int32,83
1774012985.321405,/metrics/pcl/fused/points_in,std_msgs/msg/Int32,51742
1774012985.3214576,/metrics/pcl/fused/processing_ms,std_msgs/msg/Float32,197.5215606689453
1774012985.5377324,/metrics/pcl/fused/detections_count,std_msgs/msg/Int32,82
1774012985.5378377,/metrics/pcl/fused/points_in,std_msgs/msg/Int32,51686
1774012985.5379062,/metrics/pcl/fused/processing_ms,std_msgs/msg/Float32,194.1436309814453
1774012985.7337174,/metrics/pcl/fused/detections_count,std_msgs/msg/Int32,80
1774012985.7338314,/metrics/pcl/fused/points_in,std_msgs/msg/Int32,51789
1774012985.7339087,/metrics/pcl/fused/processing_ms,std_msgs/msg/Float32,195.34652709960938
1774012985.9274573,/metrics/pcl/fused/detections_count,std_msgs/msg/Int32,85
1774012985.9275942,/metrics/pcl/fused/points_in,std_msgs/msg/Int32,51712
1774012985.927677,/metrics/pcl/fused/processing_ms,std_msgs/msg/Float32,192.999267578125
1774012986.159863,/metrics/pcl/fused/detections_count,std_msgs/msg/Int32,83
1774012986.1599882,/metrics/pcl/fused/points_in,std_msgs/msg/Int32,51723
1774012986.1600523,/metrics/pcl/fused/processing_ms,std_msgs/msg/Float32,198.28759765625
1774012986.3554478,/metrics/pcl/fused/detections_count,std_msgs/msg/Int32,81
1774012986.355554,/metrics/pcl/fused/points_in,std_msgs/msg/Int32,51726
1774012986.3556216,/metrics/pcl/fused/processing_ms,std_msgs/msg/Float32,194.88070678710938
1774012986.5569901,/metrics/pcl/fused/detections_count,std_msgs/msg/Int32,84
1774012986.5571032,/metrics/pcl/fused/points_in,std_msgs/msg/Int32,51704
1774012986.557157,/metrics/pcl/fused/processing_ms,std_msgs/msg/Float32,200.66615295410156
1774012986.7614672,/metrics/pcl/fused/detections_count,std_msgs/msg/Int32,82
1774012986.761578,/metrics/pcl/fused/points_in,std_msgs/msg/Int32,51690
1774012986.7616322,/metrics/pcl/fused/processing_ms,std_msgs/msg/Float32,203.73272705078125
1774012986.9601183,/metrics/pcl/fused/detections_count,std_msgs/msg/Int32,82
1774012986.960309,/metrics/pcl/fused/points_in,std_msgs/msg/Int32,51697
1774012986.9603913,/metrics/pcl/fused/processing_ms,std_msgs/msg/Float32,197.77261352539062
1774012987.1583605,/metrics/pcl/fused/detections_count,std_msgs/msg/Int32,81
1774012987.1585026,/metrics/pcl/fused/points_in,std_msgs/msg/Int32,51738
1774012987.1585817,/metrics/pcl/fused/processing_ms,std_msgs/msg/Float32,197.42092895507812
1774012987.353065,/metrics/pcl/fused/detections_count,std_msgs/msg/Int32,83
1774012987.3531663,/metrics/pcl/fused/points_in,std_msgs/msg/Int32,51722
1774012987.3532264,/metrics/pcl/fused/processing_ms,std_msgs/msg/Float32,193.80941772460938
1774012987.5506663,/metrics/pcl/fused/detections_count,std_msgs/msg/Int32,88
1774012987.5507965,/metrics/pcl/fused/points_in,std_msgs/msg/Int32,51645
1774012987.5508885,/metrics/pcl/fused/processing_ms,std_msgs/msg/Float32,196.9293975830078
1774012987.7448575,/metrics/pcl/fused/detections_count,std_msgs/msg/Int32,79
1774012987.7449985,/metrics/pcl/fused/points_in,std_msgs/msg/Int32,51629
1774012987.7450554,/metrics/pcl/fused/processing_ms,std_msgs/msg/Float32,193.2193603515625
1774012987.9430006,/metrics/pcl/fused/detections_count,std_msgs/msg/Int32,79
1774012987.9431114,/metrics/pcl/fused/points_in,std_msgs/msg/Int32,51590
1774012987.9431753,/metrics/pcl/fused/processing_ms,std_msgs/msg/Float32,197.3993377685547
1774012988.1418228,/metrics/pcl/fused/detections_count,std_msgs/msg/Int32,79
1774012988.1419435,/metrics/pcl/fused/points_in,std_msgs/msg/Int32,51685
1774012988.14201,/metrics/pcl/fused/processing_ms,std_msgs/msg/Float32,198.1286163330078
1774012988.3328915,/metrics/pcl/fused/detections_count,std_msgs/msg/Int32,85
1774012988.3330061,/metrics/pcl/fused/points_in,std_msgs/msg/Int32,51633
1774012988.3330686,/metrics/pcl/fused/processing_ms,std_msgs/msg/Float32,190.31507873535156
1774012988.5263696,/metrics/pcl/fused/detections_count,std_msgs/msg/Int32,78
1774012988.526482,/metrics/pcl/fused/points_in,std_msgs/msg/Int32,51595
1774012988.5265446,/metrics/pcl/fused/processing_ms,std_msgs/msg/Float32,192.77259826660156
1774012988.7211232,/metrics/pcl/fused/detections_count,std_msgs/msg/Int32,83
1774012988.7212362,/metrics/pcl/fused/points_in,std_msgs/msg/Int32,51714
1774012988.7213001,/metrics/pcl/fused/processing_ms,std_msgs/msg/Float32,194.01588439941406
1774012988.9155228,/metrics/pcl/fused/detections_count,std_msgs/msg/Int32,82
1774012988.915637,/metrics/pcl/fused/points_in,std_msgs/msg/Int32,51677
1774012988.9157,/metrics/pcl/fused/processing_ms,std_msgs/msg/Float32,193.67991638183594
1774012989.1618373,/metrics/pcl/fused/detections_count,std_msgs/msg/Int32,80
1774012989.1619737,/metrics/pcl/fused/points_in,std_msgs/msg/Int32,51731
1774012989.1620378,/metrics/pcl/fused/processing_ms,std_msgs/msg/Float32,192.0444793701172
1774012989.3556693,/metrics/pcl/fused/detections_count,std_msgs/msg/Int32,81
1774012989.3557792,/metrics/pcl/fused/points_in,std_msgs/msg/Int32,51656
1774012989.3558335,/metrics/pcl/fused/processing_ms,std_msgs/msg/Float32,193.04930114746094
1774012989.5507994,/metrics/pcl/fused/detections_count,std_msgs/msg/Int32,85
1774012989.5509877,/metrics/pcl/fused/points_in,std_msgs/msg/Int32,51805
1774012989.551091,/metrics/pcl/fused/processing_ms,std_msgs/msg/Float32,194.2681884765625
1774012989.7474751,/metrics/pcl/fused/detections_count,std_msgs/msg/Int32,81
1774012989.7476077,/metrics/pcl/fused/points_in,std_msgs/msg/Int32,51690
1774012989.7476935,/metrics/pcl/fused/processing_ms,std_msgs/msg/Float32,195.83609008789062
1774012989.941745,/metrics/pcl/fused/detections_count,std_msgs/msg/Int32,81
1774012989.9418936,/metrics/pcl/fused/points_in,std_msgs/msg/Int32,51627
1774012989.9420178,/metrics/pcl/fused/processing_ms,std_msgs/msg/Float32,193.53189086914062
1774012990.1349978,/metrics/pcl/fused/detections_count,std_msgs/msg/Int32,83
1774012990.135159,/metrics/pcl/fused/points_in,std_msgs/msg/Int32,51709
1774012990.135273,/metrics/pcl/fused/processing_ms,std_msgs/msg/Float32,192.45469665527344
1774012990.328451,/metrics/pcl/fused/detections_count,std_msgs/msg/Int32,81
1774012990.3285842,/metrics/pcl/fused/points_in,std_msgs/msg/Int32,51690
1774012990.3286695,/metrics/pcl/fused/processing_ms,std_msgs/msg/Float32,192.74322509765625
1774012990.5256352,/metrics/pcl/fused/detections_count,std_msgs/msg/Int32,83
1774012990.5257552,/metrics/pcl/fused/points_in,std_msgs/msg/Int32,51711
1774012990.525828,/metrics/pcl/fused/processing_ms,std_msgs/msg/Float32,196.2847442626953
1774012990.722822,/metrics/pcl/fused/detections_count,std_msgs/msg/Int32,85
1774012990.7229612,/metrics/pcl/fused/points_in,std_msgs/msg/Int32,51739
1774012990.7230287,/metrics/pcl/fused/processing_ms,std_msgs/msg/Float32,196.38552856445312
1774012990.9186056,/metrics/pcl/fused/detections_count,std_msgs/msg/Int32,81
1774012990.9187396,/metrics/pcl/fused/points_in,std_msgs/msg/Int32,51616
1774012990.9188237,/metrics/pcl/fused/processing_ms,std_msgs/msg/Float32,194.9932861328125
1774012991.1160393,/metrics/pcl/fused/detections_count,std_msgs/msg/Int32,75
1774012991.1161659,/metrics/pcl/fused/points_in,std_msgs/msg/Int32,51649
1774012991.1162286,/metrics/pcl/fused/processing_ms,std_msgs/msg/Float32,196.72994995117188
1774012991.309724,/metrics/pcl/fused/detections_count,std_msgs/msg/Int32,78
1774012991.309848,/metrics/pcl/fused/points_in,std_msgs/msg/Int32,51597
1774012991.309929,/metrics/pcl/fused/processing_ms,std_msgs/msg/Float32,192.90304565429688
1774012991.5052476,/metrics/pcl/fused/detections_count,std_msgs/msg/Int32,76
1774012991.5053473,/metrics/pcl/fused/points_in,std_msgs/msg/Int32,51669
1774012991.5054004,/metrics/pcl/fused/processing_ms,std_msgs/msg/Float32,194.73342895507812
1774012991.7010243,/metrics/pcl/fused/detections_count,std_msgs/msg/Int32,83
1774012991.7011383,/metrics/pcl/fused/points_in,std_msgs/msg/Int32,51677
1774012991.701253,/metrics/pcl/fused/processing_ms,std_msgs/msg/Float32,195.04966735839844
1774012991.8998623,/metrics/pcl/fused/detections_count,std_msgs/msg/Int32,78
1774012991.9000401,/metrics/pcl/fused/points_in,std_msgs/msg/Int32,51693
1774012991.900149,/metrics/pcl/fused/processing_ms,std_msgs/msg/Float32,198.02943420410156
1774012992.0980492,/metrics/pcl/fused/detections_count,std_msgs/msg/Int32,83
1774012992.098165,/metrics/pcl/fused/points_in,std_msgs/msg/Int32,51639
1774012992.0982296,/metrics/pcl/fused/processing_ms,std_msgs/msg/Float32,197.4913787841797
1774012992.2952256,/metrics/pcl/fused/detections_count,std_msgs/msg/Int32,77
1774012992.2953398,/metrics/pcl/fused/points_in,std_msgs/msg/Int32,51695
1774012992.2954006,/metrics/pcl/fused/processing_ms,std_msgs/msg/Float32,196.43832397460938
1774012992.4935155,/metrics/pcl/fused/detections_count,std_msgs/msg/Int32,85
1774012992.4936345,/metrics/pcl/fused/points_in,std_msgs/msg/Int32,51686
1774012992.4936883,/metrics/pcl/fused/processing_ms,std_msgs/msg/Float32,197.5372314453125
1774012992.6931143,/metrics/pcl/fused/detections_count,std_msgs/msg/Int32,83
1774012992.6932406,/metrics/pcl/fused/points_in,std_msgs/msg/Int32,51698
1774012992.6933124,/metrics/pcl/fused/processing_ms,std_msgs/msg/Float32,198.80874633789062
1774012992.8919497,/metrics/pcl/fused/detections_count,std_msgs/msg/Int32,76
1774012992.8920586,/metrics/pcl/fused/processing_ms,std_msgs/msg/Float32,197.9912109375
1774012992.8922296,/metrics/pcl/fused/points_in,std_msgs/msg/Int32,51575
1774012993.0955913,/metrics/pcl/fused/detections_count,std_msgs/msg/Int32,83
1774012993.0957012,/metrics/pcl/fused/points_in,std_msgs/msg/Int32,51672
1774012993.0957644,/metrics/pcl/fused/processing_ms,std_msgs/msg/Float32,202.7836151123047
1774012993.291445,/metrics/pcl/fused/detections_count,std_msgs/msg/Int32,83
1774012993.291565,/metrics/pcl/fused/points_in,std_msgs/msg/Int32,51631
1774012993.2916281,/metrics/pcl/fused/processing_ms,std_msgs/msg/Float32,195.14247131347656
1774012993.4873157,/metrics/pcl/fused/detections_count,std_msgs/msg/Int32,78
1774012993.4874558,/metrics/pcl/fused/points_in,std_msgs/msg/Int32,51629
1774012993.4875436,/metrics/pcl/fused/processing_ms,std_msgs/msg/Float32,195.1616668701172
1774012993.6852555,/metrics/pcl/fused/detections_count,std_msgs/msg/Int32,82
1774012993.6853669,/metrics/pcl/fused/points_in,std_msgs/msg/Int32,51675
1774012993.6854227,/metrics/pcl/fused/processing_ms,std_msgs/msg/Float32,197.18728637695312
1774012993.892789,/metrics/pcl/fused/detections_count,std_msgs/msg/Int32,83
1774012993.8929896,/metrics/pcl/fused/points_in,std_msgs/msg/Int32,51631
1774012993.8931239,/metrics/pcl/fused/processing_ms,std_msgs/msg/Float32,206.76451110839844
1774012994.091588,/metrics/pcl/fused/detections_count,std_msgs/msg/Int32,88
1774012994.0917459,/metrics/pcl/fused/points_in,std_msgs/msg/Int32,51634
1774012994.0918288,/metrics/pcl/fused/processing_ms,std_msgs/msg/Float32,197.9544677734375
1774012994.2885957,/metrics/pcl/fused/detections_count,std_msgs/msg/Int32,82
1774012994.2887075,/metrics/pcl/fused/points_in,std_msgs/msg/Int32,51619
1774012994.2887723,/metrics/pcl/fused/processing_ms,std_msgs/msg/Float32,196.14859008789062
1774012994.4830346,/metrics/pcl/fused/detections_count,std_msgs/msg/Int32,84
1774012994.4831598,/metrics/pcl/fused/points_in,std_msgs/msg/Int32,51601
1774012994.4832406,/metrics/pcl/fused/processing_ms,std_msgs/msg/Float32,193.6565399169922
1774012994.6794279,/metrics/pcl/fused/detections_count,std_msgs/msg/Int32,82
1774012994.6795926,/metrics/pcl/fused/points_in,std_msgs/msg/Int32,51605
1774012994.6797197,/metrics/pcl/fused/processing_ms,std_msgs/msg/Float32,195.61448669433594
1774012994.8816926,/metrics/pcl/fused/detections_count,std_msgs/msg/Int32,78
1774012994.8818986,/metrics/pcl/fused/points_in,std_msgs/msg/Int32,51679
1774012994.8820508,/metrics/pcl/fused/processing_ms,std_msgs/msg/Float32,201.43492126464844
1774012995.0848863,/metrics/pcl/fused/detections_count,std_msgs/msg/Int32,86
1774012995.0850048,/metrics/pcl/fused/points_in,std_msgs/msg/Int32,51625
1774012995.085071,/metrics/pcl/fused/processing_ms,std_msgs/msg/Float32,202.4778594970703
1774012995.2815495,/metrics/pcl/fused/detections_count,std_msgs/msg/Int32,78
1774012995.281667,/metrics/pcl/fused/points_in,std_msgs/msg/Int32,51614
1774012995.2817333,/metrics/pcl/fused/processing_ms,std_msgs/msg/Float32,195.91915893554688
1774012995.4758177,/metrics/pcl/fused/detections_count,std_msgs/msg/Int32,80
1774012995.475952,/metrics/pcl/fused/points_in,std_msgs/msg/Int32,51590
1774012995.4760365,/metrics/pcl/fused/processing_ms,std_msgs/msg/Float32,193.53836059570312
1774012995.6731677,/metrics/pcl/fused/detections_count,std_msgs/msg/Int32,81
1774012995.6732771,/metrics/pcl/fused/points_in,std_msgs/msg/Int32,51677
1774012995.6733394,/metrics/pcl/fused/processing_ms,std_msgs/msg/Float32,196.38528442382812
1774012995.8687296,/metrics/pcl/fused/detections_count,std_msgs/msg/Int32,77
1774012995.8688436,/metrics/pcl/fused/points_in,std_msgs/msg/Int32,51629
1774012995.8689435,/metrics/pcl/fused/processing_ms,std_msgs/msg/Float32,194.7195587158203
1774012996.0660706,/metrics/pcl/fused/detections_count,std_msgs/msg/Int32,86
1774012996.0661716,/metrics/pcl/fused/points_in,std_msgs/msg/Int32,51590
1774012996.0662272,/metrics/pcl/fused/processing_ms,std_msgs/msg/Float32,196.55081176757812
1774012996.2612941,/metrics/pcl/fused/detections_count,std_msgs/msg/Int32,84
1774012996.2613974,/metrics/pcl/fused/points_in,std_msgs/msg/Int32,51782
1774012996.261462,/metrics/pcl/fused/processing_ms,std_msgs/msg/Float32,194.1772918701172
1774012996.4552133,/metrics/pcl/fused/detections_count,std_msgs/msg/Int32,83
1774012996.4553306,/metrics/pcl/fused/points_in,std_msgs/msg/Int32,51677
1774012996.4554086,/metrics/pcl/fused/processing_ms,std_msgs/msg/Float32,193.25244140625
1774012996.6554601,/metrics/pcl/fused/detections_count,std_msgs/msg/Int32,87
1774012996.6555917,/metrics/pcl/fused/points_in,std_msgs/msg/Int32,51698
1774012996.6556504,/metrics/pcl/fused/processing_ms,std_msgs/msg/Float32,199.47402954101562
1774012996.8550475,/metrics/pcl/fused/detections_count,std_msgs/msg/Int32,83
1774012996.855194,/metrics/pcl/fused/points_in,std_msgs/msg/Int32,51607
1774012996.8552768,/metrics/pcl/fused/processing_ms,std_msgs/msg/Float32,198.7601776123047
1774012997.0534391,/metrics/pcl/fused/detections_count,std_msgs/msg/Int32,79
1774012997.0535846,/metrics/pcl/fused/points_in,std_msgs/msg/Int32,51612
1774012997.0536578,/metrics/pcl/fused/processing_ms,std_msgs/msg/Float32,197.7071990966797
1774012997.2517447,/metrics/pcl/fused/detections_count,std_msgs/msg/Int32,81
1774012997.251853,/metrics/pcl/fused/points_in,std_msgs/msg/Int32,51689
1774012997.2519283,/metrics/pcl/fused/processing_ms,std_msgs/msg/Float32,197.59141540527344
1774012997.444918,/metrics/pcl/fused/detections_count,std_msgs/msg/Int32,83
1774012997.4450412,/metrics/pcl/fused/points_in,std_msgs/msg/Int32,51595
1774012997.4451628,/metrics/pcl/fused/processing_ms,std_msgs/msg/Float32,192.42611694335938
1774012997.6383007,/metrics/pcl/fused/detections_count,std_msgs/msg/Int32,79
1774012997.6384187,/metrics/pcl/fused/points_in,std_msgs/msg/Int32,51571
1774012997.6384842,/metrics/pcl/fused/processing_ms,std_msgs/msg/Float32,192.6236114501953
1774012997.8335972,/metrics/pcl/fused/detections_count,std_msgs/msg/Int32,82
1774012997.8337078,/metrics/pcl/fused/points_in,std_msgs/msg/Int32,51617
1774012997.8337717,/metrics/pcl/fused/processing_ms,std_msgs/msg/Float32,194.5799102783203
1774012998.0315368,/metrics/pcl/fused/detections_count,std_msgs/msg/Int32,81
1774012998.0316582,/metrics/pcl/fused/points_in,std_msgs/msg/Int32,51609
1774012998.0317342,/metrics/pcl/fused/processing_ms,std_msgs/msg/Float32,197.1806182861328
1774012998.2263818,/metrics/pcl/fused/detections_count,std_msgs/msg/Int32,85
1774012998.226499,/metrics/pcl/fused/points_in,std_msgs/msg/Int32,51621
1774012998.2265618,/metrics/pcl/fused/processing_ms,std_msgs/msg/Float32,194.087158203125
1774012998.4223504,/metrics/pcl/fused/detections_count,std_msgs/msg/Int32,83
1774012998.4224646,/metrics/pcl/fused/points_in,std_msgs/msg/Int32,51599
1774012998.422527,/metrics/pcl/fused/processing_ms,std_msgs/msg/Float32,195.2530517578125
1774012998.617144,/metrics/pcl/fused/detections_count,std_msgs/msg/Int32,85
1774012998.6172588,/metrics/pcl/fused/points_in,std_msgs/msg/Int32,51603
1774012998.6173136,/metrics/pcl/fused/processing_ms,std_msgs/msg/Float32,194.0642547607422
1774012998.8125553,/metrics/pcl/fused/detections_count,std_msgs/msg/Int32,83
1774012998.812682,/metrics/pcl/fused/points_in,std_msgs/msg/Int32,51669
1774012998.8127508,/metrics/pcl/fused/processing_ms,std_msgs/msg/Float32,194.38137817382812
1774012999.007795,/metrics/pcl/fused/detections_count,std_msgs/msg/Int32,83
1774012999.0079277,/metrics/pcl/fused/points_in,std_msgs/msg/Int32,51599
1774012999.0118759,/metrics/pcl/fused/processing_ms,std_msgs/msg/Float32,194.54148864746094
1774012999.200271,/metrics/pcl/fused/detections_count,std_msgs/msg/Int32,80
1774012999.2004054,/metrics/pcl/fused/points_in,std_msgs/msg/Int32,51633
1774012999.2005105,/metrics/pcl/fused/processing_ms,std_msgs/msg/Float32,191.7195281982422
1774012999.3924432,/metrics/pcl/fused/detections_count,std_msgs/msg/Int32,85
1774012999.3925614,/metrics/pcl/fused/points_in,std_msgs/msg/Int32,51470
1774012999.3926358,/metrics/pcl/fused/processing_ms,std_msgs/msg/Float32,191.37750244140625
1774012999.588775,/metrics/pcl/fused/detections_count,std_msgs/msg/Int32,88
1774012999.5888937,/metrics/pcl/fused/points_in,std_msgs/msg/Int32,51581
1774012999.5889618,/metrics/pcl/fused/processing_ms,std_msgs/msg/Float32,195.6000213623047
1774012999.7834115,/metrics/pcl/fused/detections_count,std_msgs/msg/Int32,86
1774012999.7835484,/metrics/pcl/fused/points_in,std_msgs/msg/Int32,51551
1774012999.7836146,/metrics/pcl/fused/processing_ms,std_msgs/msg/Float32,193.85865783691406
1774012999.977193,/metrics/pcl/fused/detections_count,std_msgs/msg/Int32,85
1774012999.9773216,/metrics/pcl/fused/points_in,std_msgs/msg/Int32,51470
1774012999.9774108,/metrics/pcl/fused/processing_ms,std_msgs/msg/Float32,193.0512237548828
1774013000.1753082,/metrics/pcl/fused/detections_count,std_msgs/msg/Int32,78
1774013000.1754096,/metrics/pcl/fused/points_in,std_msgs/msg/Int32,51587
1774013000.175468,/metrics/pcl/fused/processing_ms,std_msgs/msg/Float32,197.38043212890625
1774013000.3697407,/metrics/pcl/fused/detections_count,std_msgs/msg/Int32,78
1774013000.3698654,/metrics/pcl/fused/points_in,std_msgs/msg/Int32,51600
1774013000.3699481,/metrics/pcl/fused/processing_ms,std_msgs/msg/Float32,193.606201171875
1774013000.5650704,/metrics/pcl/fused/detections_count,std_msgs/msg/Int32,86
1774013000.5651739,/metrics/pcl/fused/points_in,std_msgs/msg/Int32,51524
1774013000.5652328,/metrics/pcl/fused/processing_ms,std_msgs/msg/Float32,194.6017303466797
1774013000.7588046,/metrics/pcl/fused/detections_count,std_msgs/msg/Int32,81
1774013000.7589746,/metrics/pcl/fused/points_in,std_msgs/msg/Int32,51490
1774013000.7590613,/metrics/pcl/fused/processing_ms,std_msgs/msg/Float32,192.95849609375
1774013000.9525685,/metrics/pcl/fused/detections_count,std_msgs/msg/Int32,84
1774013000.952808,/metrics/pcl/fused/points_in,std_msgs/msg/Int32,51639
1774013000.952897,/metrics/pcl/fused/processing_ms,std_msgs/msg/Float32,192.77273559570312
1774013001.1518464,/metrics/pcl/fused/detections_count,std_msgs/msg/Int32,78
1774013001.15197,/metrics/pcl/fused/points_in,std_msgs/msg/Int32,51533
1774013001.1520572,/metrics/pcl/fused/processing_ms,std_msgs/msg/Float32,198.4613800048828
1774013001.3472478,/metrics/pcl/fused/detections_count,std_msgs/msg/Int32,80
1774013001.3474,/metrics/pcl/fused/points_in,std_msgs/msg/Int32,51645
1774013001.3474965,/metrics/pcl/fused/processing_ms,std_msgs/msg/Float32,194.64869689941406
1774013001.5433488,/metrics/pcl/fused/detections_count,std_msgs/msg/Int32,88
1774013001.5435061,/metrics/pcl/fused/points_in,std_msgs/msg/Int32,51639
1774013001.5435774,/metrics/pcl/fused/processing_ms,std_msgs/msg/Float32,195.28929138183594
1774013001.7397256,/metrics/pcl/fused/detections_count,std_msgs/msg/Int32,82
1774013001.7398572,/metrics/pcl/fused/points_in,std_msgs/msg/Int32,51619
1774013001.7399523,/metrics/pcl/fused/processing_ms,std_msgs/msg/Float32,195.53305053710938
1774013001.9399014,/metrics/pcl/fused/detections_count,std_msgs/msg/Int32,85
1774013001.9400313,/metrics/pcl/fused/points_in,std_msgs/msg/Int32,51711
1774013001.9400973,/metrics/pcl/fused/processing_ms,std_msgs/msg/Float32,199.29188537597656
1774013002.13669,/metrics/pcl/fused/detections_count,std_msgs/msg/Int32,85
1774013002.1369073,/metrics/pcl/fused/points_in,std_msgs/msg/Int32,51607
1774013002.1369941,/metrics/pcl/fused/processing_ms,std_msgs/msg/Float32,195.8205108642578
1774013002.328794,/metrics/pcl/fused/detections_count,std_msgs/msg/Int32,83
1774013002.3289518,/metrics/pcl/fused/points_in,std_msgs/msg/Int32,51611
1774013002.3290505,/metrics/pcl/fused/processing_ms,std_msgs/msg/Float32,191.41864013671875
1774013002.524422,/metrics/pcl/fused/detections_count,std_msgs/msg/Int32,80
1774013002.524553,/metrics/pcl/fused/points_in,std_msgs/msg/Int32,51666
1774013002.524633,/metrics/pcl/fused/processing_ms,std_msgs/msg/Float32,194.7344207763672
1774013002.7214527,/metrics/pcl/fused/detections_count,std_msgs/msg/Int32,82
1774013002.721595,/metrics/pcl/fused/points_in,std_msgs/msg/Int32,51666
1774013002.7216613,/metrics/pcl/fused/processing_ms,std_msgs/msg/Float32,195.95401000976562
1774013002.915829,/metrics/pcl/fused/detections_count,std_msgs/msg/Int32,80
1774013002.915959,/metrics/pcl/fused/points_in,std_msgs/msg/Int32,51730
1774013002.9160264,/metrics/pcl/fused/processing_ms,std_msgs/msg/Float32,193.5348358154297
1774013003.1135612,/metrics/pcl/fused/detections_count,std_msgs/msg/Int32,86
1774013003.1136684,/metrics/pcl/fused/points_in,std_msgs/msg/Int32,51631
1774013003.1137297,/metrics/pcl/fused/processing_ms,std_msgs/msg/Float32,197.041748046875
1774013003.3094199,/metrics/pcl/fused/detections_count,std_msgs/msg/Int32,78
1774013003.3095222,/metrics/pcl/fused/points_in,std_msgs/msg/Int32,51630
1774013003.3095813,/metrics/pcl/fused/processing_ms,std_msgs/msg/Float32,195.1529541015625
1774013003.5098515,/metrics/pcl/fused/detections_count,std_msgs/msg/Int32,81
1774013003.5099874,/metrics/pcl/fused/points_in,std_msgs/msg/Int32,51735
1774013003.5100827,/metrics/pcl/fused/processing_ms,std_msgs/msg/Float32,199.70249938964844
1774013003.707958,/metrics/pcl/fused/detections_count,std_msgs/msg/Int32,78
1774013003.7081733,/metrics/pcl/fused/points_in,std_msgs/msg/Int32,51539
1774013003.7082593,/metrics/pcl/fused/processing_ms,std_msgs/msg/Float32,197.18124389648438
1774013003.9101274,/metrics/pcl/fused/detections_count,std_msgs/msg/Int32,81
1774013003.9102552,/metrics/pcl/fused/points_in,std_msgs/msg/Int32,51735
1774013003.9103212,/metrics/pcl/fused/processing_ms,std_msgs/msg/Float32,201.18165588378906
1774013004.108049,/metrics/pcl/fused/detections_count,std_msgs/msg/Int32,80
1774013004.1081543,/metrics/pcl/fused/points_in,std_msgs/msg/Int32,51587
1774013004.1082063,/metrics/pcl/fused/processing_ms,std_msgs/msg/Float32,197.2171630859375
1774013004.3021364,/metrics/pcl/fused/detections_count,std_msgs/msg/Int32,77
1774013004.3022556,/metrics/pcl/fused/points_in,std_msgs/msg/Int32,51679
1774013004.3023193,/metrics/pcl/fused/processing_ms,std_msgs/msg/Float32,193.3600311279297
1774013004.4954867,/metrics/pcl/fused/detections_count,std_msgs/msg/Int32,83
1774013004.4955904,/metrics/pcl/fused/points_in,std_msgs/msg/Int32,51617
1774013004.495643,/metrics/pcl/fused/processing_ms,std_msgs/msg/Float32,192.4808807373047
1774013004.6892447,/metrics/pcl/fused/detections_count,std_msgs/msg/Int32,82
1774013004.6893682,/metrics/pcl/fused/points_in,std_msgs/msg/Int32,51609
1774013004.6894321,/metrics/pcl/fused/processing_ms,std_msgs/msg/Float32,193.10137939453125
1774013005.0846882,/metrics/pcl/fused/detections_count,std_msgs/msg/Int32,78
1774013005.084807,/metrics/pcl/fused/points_in,std_msgs/msg/Int32,51680
1774013005.084884,/metrics/pcl/fused/processing_ms,std_msgs/msg/Float32,199.7777862548828
1774013005.6626525,/metrics/pcl/fused/detections_count,std_msgs/msg/Int32,81
1774013005.6627495,/metrics/pcl/fused/points_in,std_msgs/msg/Int32,51669
1774013005.6628025,/metrics/pcl/fused/processing_ms,std_msgs/msg/Float32,197.60726928710938
1774013005.9630063,/metrics/pcl/fused/detections_count,std_msgs/msg/Int32,80
1774013005.963105,/metrics/pcl/fused/points_in,std_msgs/msg/Int32,51669
1774013005.9631577,/metrics/pcl/fused/processing_ms,std_msgs/msg/Float32,195.50521850585938
1774013006.1595697,/metrics/pcl/fused/detections_count,std_msgs/msg/Int32,81
1774013006.1596804,/metrics/pcl/fused/points_in,std_msgs/msg/Int32,51669
1774013006.159744,/metrics/pcl/fused/processing_ms,std_msgs/msg/Float32,195.8393096923828
1774013006.3536184,/metrics/pcl/fused/detections_count,std_msgs/msg/Int32,82
1774013006.353755,/metrics/pcl/fused/points_in,std_msgs/msg/Int32,51661
1774013006.3538527,/metrics/pcl/fused/processing_ms,std_msgs/msg/Float32,193.28756713867188
1774013006.5499036,/metrics/pcl/fused/detections_count,std_msgs/msg/Int32,82
1774013006.5500195,/metrics/pcl/fused/points_in,std_msgs/msg/Int32,51737
1774013006.5500746,/metrics/pcl/fused/processing_ms,std_msgs/msg/Float32,195.44393920898438
1774013006.7486453,/metrics/pcl/fused/detections_count,std_msgs/msg/Int32,81
1774013006.7487562,/metrics/pcl/fused/points_in,std_msgs/msg/Int32,51621
1774013006.74882,/metrics/pcl/fused/processing_ms,std_msgs/msg/Float32,198.0121612548828
1774013006.944265,/metrics/pcl/fused/detections_count,std_msgs/msg/Int32,78
1774013006.9443889,/metrics/pcl/fused/points_in,std_msgs/msg/Int32,51669
1774013006.9444537,/metrics/pcl/fused/processing_ms,std_msgs/msg/Float32,194.85577392578125
1774013007.1376553,/metrics/pcl/fused/detections_count,std_msgs/msg/Int32,88
1774013007.1377628,/metrics/pcl/fused/points_in,std_msgs/msg/Int32,51591
1774013007.137826,/metrics/pcl/fused/processing_ms,std_msgs/msg/Float32,192.65560913085938
1774013007.3334036,/metrics/pcl/fused/detections_count,std_msgs/msg/Int32,85
1774013007.333529,/metrics/pcl/fused/points_in,std_msgs/msg/Int32,51686
1774013007.333591,/metrics/pcl/fused/processing_ms,std_msgs/msg/Float32,194.9789581298828
1774013007.5314012,/metrics/pcl/fused/detections_count,std_msgs/msg/Int32,79
1774013007.5315135,/metrics/pcl/fused/points_in,std_msgs/msg/Int32,51521
1774013007.5315847,/metrics/pcl/fused/processing_ms,std_msgs/msg/Float32,197.27880859375
1774013007.7276633,/metrics/pcl/fused/detections_count,std_msgs/msg/Int32,88
1774013007.7277744,/metrics/pcl/fused/points_in,std_msgs/msg/Int32,51591
1774013007.7278385,/metrics/pcl/fused/processing_ms,std_msgs/msg/Float32,195.5044403076172
1774013007.929269,/metrics/pcl/fused/detections_count,std_msgs/msg/Int32,79
1774013007.9293802,/metrics/pcl/fused/points_in,std_msgs/msg/Int32,51623
1774013007.9294446,/metrics/pcl/fused/processing_ms,std_msgs/msg/Float32,200.88818359375
1774013008.1261282,/metrics/pcl/fused/detections_count,std_msgs/msg/Int32,81
1774013008.1262457,/metrics/pcl/fused/points_in,std_msgs/msg/Int32,51513
1774013008.1263094,/metrics/pcl/fused/processing_ms,std_msgs/msg/Float32,195.940673828125
1774013008.3210154,/metrics/pcl/fused/detections_count,std_msgs/msg/Int32,78
1774013008.3211248,/metrics/pcl/fused/points_in,std_msgs/msg/Int32,51616
1774013008.3211884,/metrics/pcl/fused/processing_ms,std_msgs/msg/Float32,194.1285400390625
1774013008.5178332,/metrics/pcl/fused/detections_count,std_msgs/msg/Int32,83
1774013008.5179472,/metrics/pcl/fused/points_in,std_msgs/msg/Int32,51662
1774013008.5180047,/metrics/pcl/fused/processing_ms,std_msgs/msg/Float32,196.14854431152344
1774013008.7179976,/metrics/pcl/fused/detections_count,std_msgs/msg/Int32,75
1774013008.718155,/metrics/pcl/fused/points_in,std_msgs/msg/Int32,51672
1774013008.7182252,/metrics/pcl/fused/processing_ms,std_msgs/msg/Float32,199.23753356933594
1774013008.9137535,/metrics/pcl/fused/detections_count,std_msgs/msg/Int32,80
1774013008.913867,/metrics/pcl/fused/points_in,std_msgs/msg/Int32,51677
1774013008.9139473,/metrics/pcl/fused/processing_ms,std_msgs/msg/Float32,195.06239318847656
1774013009.113844,/metrics/pcl/fused/detections_count,std_msgs/msg/Int32,77
1774013009.1139686,/metrics/pcl/fused/points_in,std_msgs/msg/Int32,51661
1774013009.1140506,/metrics/pcl/fused/processing_ms,std_msgs/msg/Float32,199.36526489257812
1774013009.305446,/metrics/pcl/fused/detections_count,std_msgs/msg/Int32,82
1774013009.3056028,/metrics/pcl/fused/points_in,std_msgs/msg/Int32,51621
1774013009.305692,/metrics/pcl/fused/processing_ms,std_msgs/msg/Float32,190.8253631591797
1774013009.5024338,/metrics/pcl/fused/detections_count,std_msgs/msg/Int32,79
1774013009.5026155,/metrics/pcl/fused/points_in,std_msgs/msg/Int32,51683
1774013009.502754,/metrics/pcl/fused/processing_ms,std_msgs/msg/Float32,196.15719604492188
1774013009.6991808,/metrics/pcl/fused/detections_count,std_msgs/msg/Int32,87
1774013009.6992958,/metrics/pcl/fused/points_in,std_msgs/msg/Int32,51624
1774013009.6993709,/metrics/pcl/fused/processing_ms,std_msgs/msg/Float32,195.9060516357422
1774013009.8940232,/metrics/pcl/fused/detections_count,std_msgs/msg/Int32,87
1774013009.8941407,/metrics/pcl/fused/points_in,std_msgs/msg/Int32,51746
1774013009.894205,/metrics/pcl/fused/processing_ms,std_msgs/msg/Float32,194.05625915527344
1774013010.0904298,/metrics/pcl/fused/detections_count,std_msgs/msg/Int32,87
1774013010.0905452,/metrics/pcl/fused/points_in,std_msgs/msg/Int32,51594
1774013010.0906456,/metrics/pcl/fused/processing_ms,std_msgs/msg/Float32,195.7241668701172
1774013010.2856722,/metrics/pcl/fused/detections_count,std_msgs/msg/Int32,87
1774013010.28578,/metrics/pcl/fused/points_in,std_msgs/msg/Int32,51594
1774013010.2858424,/metrics/pcl/fused/processing_ms,std_msgs/msg/Float32,194.4957733154297
1774013010.4848235,/metrics/pcl/fused/detections_count,std_msgs/msg/Int32,77
1774013010.4849477,/metrics/pcl/fused/points_in,std_msgs/msg/Int32,51604
1774013010.4850147,/metrics/pcl/fused/processing_ms,std_msgs/msg/Float32,198.43673706054688
1774013010.6807659,/metrics/pcl/fused/detections_count,std_msgs/msg/Int32,85
1774013010.6809633,/metrics/pcl/fused/points_in,std_msgs/msg/Int32,51663
1774013010.6811166,/metrics/pcl/fused/processing_ms,std_msgs/msg/Float32,195.1833038330078
1774013010.8750653,/metrics/pcl/fused/detections_count,std_msgs/msg/Int32,84
1774013010.8752284,/metrics/pcl/fused/points_in,std_msgs/msg/Int32,51554
1774013010.8753285,/metrics/pcl/fused/processing_ms,std_msgs/msg/Float32,193.3102569580078
1774013011.0706334,/metrics/pcl/fused/detections_count,std_msgs/msg/Int32,84
1774013011.0707533,/metrics/pcl/fused/points_in,std_msgs/msg/Int32,51554
1774013011.0708177,/metrics/pcl/fused/processing_ms,std_msgs/msg/Float32,194.57371520996094
1774013011.2673001,/metrics/pcl/fused/detections_count,std_msgs/msg/Int32,83
1774013011.2674072,/metrics/pcl/fused/points_in,std_msgs/msg/Int32,51663
1774013011.2674685,/metrics/pcl/fused/processing_ms,std_msgs/msg/Float32,195.93682861328125
1774013011.6615586,/metrics/pcl/fused/detections_count,std_msgs/msg/Int32,86
1774013011.661683,/metrics/pcl/fused/points_in,std_msgs/msg/Int32,51691
1774013011.661785,/metrics/pcl/fused/processing_ms,std_msgs/msg/Float32,200.71292114257812
1774013012.0050561,/metrics/pcl/fused/detections_count,std_msgs/msg/Int32,83
1774013012.0051591,/metrics/pcl/fused/points_in,std_msgs/msg/Int32,51686
1774013012.005213,/metrics/pcl/fused/processing_ms,std_msgs/msg/Float32,195.49899291992188
1774013012.2664146,/metrics/pcl/fused/detections_count,std_msgs/msg/Int32,84
1774013012.2665286,/metrics/pcl/fused/points_in,std_msgs/msg/Int32,51650
1774013012.2665923,/metrics/pcl/fused/processing_ms,std_msgs/msg/Float32,193.49644470214844
1774013012.4702644,/metrics/pcl/fused/detections_count,std_msgs/msg/Int32,81
1774013012.4704213,/metrics/pcl/fused/points_in,std_msgs/msg/Int32,51652
1774013012.4705238,/metrics/pcl/fused/processing_ms,std_msgs/msg/Float32,195.33905029296875
1774013012.7147121,/metrics/pcl/fused/detections_count,std_msgs/msg/Int32,82
1774013012.714828,/metrics/pcl/fused/points_in,std_msgs/msg/Int32,51639
1774013012.7149057,/metrics/pcl/fused/processing_ms,std_msgs/msg/Float32,204.4725341796875
1774013012.914675,/metrics/pcl/fused/detections_count,std_msgs/msg/Int32,87
1774013012.9147887,/metrics/pcl/fused/points_in,std_msgs/msg/Int32,51680
1774013012.9148562,/metrics/pcl/fused/processing_ms,std_msgs/msg/Float32,199.1643829345703
1774013013.1703398,/metrics/pcl/fused/detections_count,std_msgs/msg/Int32,80
1774013013.1704392,/metrics/pcl/fused/points_in,std_msgs/msg/Int32,51661
1774013013.170492,/metrics/pcl/fused/processing_ms,std_msgs/msg/Float32,196.27923583984375
1774013013.3681705,/metrics/pcl/fused/detections_count,std_msgs/msg/Int32,80
1774013013.3683603,/metrics/pcl/fused/points_in,std_msgs/msg/Int32,51637
1774013013.3684366,/metrics/pcl/fused/processing_ms,std_msgs/msg/Float32,197.01971435546875
1774013013.5651586,/metrics/pcl/fused/detections_count,std_msgs/msg/Int32,85
1774013013.5653484,/metrics/pcl/fused/points_in,std_msgs/msg/Int32,51669
1774013013.5654173,/metrics/pcl/fused/processing_ms,std_msgs/msg/Float32,196.10525512695312
1774013013.7642899,/metrics/pcl/fused/detections_count,std_msgs/msg/Int32,79
1774013013.764397,/metrics/pcl/fused/points_in,std_msgs/msg/Int32,51647
1774013013.76445,/metrics/pcl/fused/processing_ms,std_msgs/msg/Float32,198.34239196777344
1774013013.9615304,/metrics/pcl/fused/detections_count,std_msgs/msg/Int32,84
1774013013.961675,/metrics/pcl/fused/points_in,std_msgs/msg/Int32,51598
1774013013.9617703,/metrics/pcl/fused/processing_ms,std_msgs/msg/Float32,196.49472045898438
1774013014.1577086,/metrics/pcl/fused/detections_count,std_msgs/msg/Int32,84
1774013014.1578405,/metrics/pcl/fused/points_in,std_msgs/msg/Int32,51660
1774013014.157926,/metrics/pcl/fused/processing_ms,std_msgs/msg/Float32,195.33853149414062
1774013014.3515847,/metrics/pcl/fused/detections_count,std_msgs/msg/Int32,79
1774013014.3517113,/metrics/pcl/fused/points_in,std_msgs/msg/Int32,51647
1774013014.35178,/metrics/pcl/fused/processing_ms,std_msgs/msg/Float32,193.1217803955078
1774013014.5520897,/metrics/pcl/fused/detections_count,std_msgs/msg/Int32,86
1774013014.552256,/metrics/pcl/fused/points_in,std_msgs/msg/Int32,51633
1774013014.5523455,/metrics/pcl/fused/processing_ms,std_msgs/msg/Float32,199.47198486328125
1774013014.7563007,/metrics/pcl/fused/detections_count,std_msgs/msg/Int32,78
1774013014.7564166,/metrics/pcl/fused/points_in,std_msgs/msg/Int32,51691
1774013014.7564695,/metrics/pcl/fused/processing_ms,std_msgs/msg/Float32,203.37506103515625
1774013014.9586213,/metrics/pcl/fused/detections_count,std_msgs/msg/Int32,78
1774013014.9587383,/metrics/pcl/fused/points_in,std_msgs/msg/Int32,51659
1774013014.9588022,/metrics/pcl/fused/processing_ms,std_msgs/msg/Float32,201.55474853515625
1774013015.1568067,/metrics/pcl/fused/detections_count,std_msgs/msg/Int32,83
1774013015.156928,/metrics/pcl/fused/points_in,std_msgs/msg/Int32,51663
1774013015.1569924,/metrics/pcl/fused/processing_ms,std_msgs/msg/Float32,197.4662322998047
1774013015.3496258,/metrics/pcl/fused/detections_count,std_msgs/msg/Int32,84
1774013015.3498018,/metrics/pcl/fused/points_in,std_msgs/msg/Int32,51623
1774013015.3499267,/metrics/pcl/fused/processing_ms,std_msgs/msg/Float32,191.9645538330078
1774013015.5480072,/metrics/pcl/fused/detections_count,std_msgs/msg/Int32,82
1774013015.5481193,/metrics/pcl/fused/points_in,std_msgs/msg/Int32,51670
1774013015.548182,/metrics/pcl/fused/processing_ms,std_msgs/msg/Float32,197.47190856933594
1774013015.7446148,/metrics/pcl/fused/detections_count,std_msgs/msg/Int32,88
1774013015.7447178,/metrics/pcl/fused/points_in,std_msgs/msg/Int32,51538
1774013015.7447743,/metrics/pcl/fused/processing_ms,std_msgs/msg/Float32,195.90582275390625
1774013015.9461067,/metrics/pcl/fused/detections_count,std_msgs/msg/Int32,81
1774013015.9462483,/metrics/pcl/fused/points_in,std_msgs/msg/Int32,51626
1774013015.9463356,/metrics/pcl/fused/processing_ms,std_msgs/msg/Float32,200.61314392089844
1774013016.1413248,/metrics/pcl/fused/detections_count,std_msgs/msg/Int32,83
1774013016.141436,/metrics/pcl/fused/points_in,std_msgs/msg/Int32,51558
1774013016.1414988,/metrics/pcl/fused/processing_ms,std_msgs/msg/Float32,194.43780517578125
1774013016.3335285,/metrics/pcl/fused/detections_count,std_msgs/msg/Int32,76
1774013016.333702,/metrics/pcl/fused/points_in,std_msgs/msg/Int32,51535
1774013016.333857,/metrics/pcl/fused/processing_ms,std_msgs/msg/Float32,191.43113708496094
1774013016.5301104,/metrics/pcl/fused/detections_count,std_msgs/msg/Int32,83
1774013016.530228,/metrics/pcl/fused/points_in,std_msgs/msg/Int32,51558
1774013016.5302937,/metrics/pcl/fused/processing_ms,std_msgs/msg/Float32,195.8047637939453
1774013016.7282405,/metrics/pcl/fused/detections_count,std_msgs/msg/Int32,82
1774013016.728377,/metrics/pcl/fused/points_in,std_msgs/msg/Int32,51574
1774013016.7284424,/metrics/pcl/fused/processing_ms,std_msgs/msg/Float32,197.33412170410156
1774013016.925437,/metrics/pcl/fused/detections_count,std_msgs/msg/Int32,84
1774013016.9255595,/metrics/pcl/fused/points_in,std_msgs/msg/Int32,51523
1774013016.9256248,/metrics/pcl/fused/processing_ms,std_msgs/msg/Float32,196.19212341308594
1774013017.1222386,/metrics/pcl/fused/detections_count,std_msgs/msg/Int32,84
1774013017.1223526,/metrics/pcl/fused/points_in,std_msgs/msg/Int32,51432
1774013017.1224158,/metrics/pcl/fused/processing_ms,std_msgs/msg/Float32,196.0259246826172
1774013017.4102657,/metrics/pcl/fused/detections_count,std_msgs/msg/Int32,80
1774013017.4104025,/metrics/pcl/fused/points_in,std_msgs/msg/Int32,51496
1774013017.4104881,/metrics/pcl/fused/processing_ms,std_msgs/msg/Float32,194.5244140625
1774013017.6620862,/metrics/pcl/fused/detections_count,std_msgs/msg/Int32,83
1774013017.6621873,/metrics/pcl/fused/points_in,std_msgs/msg/Int32,51644
1774013017.662242,/metrics/pcl/fused/processing_ms,std_msgs/msg/Float32,197.7716522216797
1774013017.8887358,/metrics/pcl/fused/detections_count,std_msgs/msg/Int32,86
1774013017.8888526,/metrics/pcl/fused/points_in,std_msgs/msg/Int32,51471
1774013017.8889368,/metrics/pcl/fused/processing_ms,std_msgs/msg/Float32,198.83843994140625
1774013018.0848005,/metrics/pcl/fused/detections_count,std_msgs/msg/Int32,86
1774013018.0849895,/metrics/pcl/fused/points_in,std_msgs/msg/Int32,51516
1774013018.0850823,/metrics/pcl/fused/processing_ms,std_msgs/msg/Float32,195.22561645507812
1774013018.283986,/metrics/pcl/fused/detections_count,std_msgs/msg/Int32,80
1774013018.2840962,/metrics/pcl/fused/points_in,std_msgs/msg/Int32,51535
1774013018.2841594,/metrics/pcl/fused/processing_ms,std_msgs/msg/Float32,198.4405517578125
1774013018.4814112,/metrics/pcl/fused/detections_count,std_msgs/msg/Int32,86
1774013018.4815228,/metrics/pcl/fused/points_in,std_msgs/msg/Int32,51516
1774013018.4816012,/metrics/pcl/fused/processing_ms,std_msgs/msg/Float32,196.7139129638672
1774013018.6792316,/metrics/pcl/fused/detections_count,std_msgs/msg/Int32,83
1774013018.6793532,/metrics/pcl/fused/points_in,std_msgs/msg/Int32,51585
1774013018.6794186,/metrics/pcl/fused/processing_ms,std_msgs/msg/Float32,196.88067626953125
1774013018.8788333,/metrics/pcl/fused/detections_count,std_msgs/msg/Int32,85
1774013018.8790092,/metrics/pcl/fused/points_in,std_msgs/msg/Int32,51567
1774013018.8790793,/metrics/pcl/fused/processing_ms,std_msgs/msg/Float32,198.7506561279297
1774013019.083464,/metrics/pcl/fused/detections_count,std_msgs/msg/Int32,80
1774013019.0836592,/metrics/pcl/fused/points_in,std_msgs/msg/Int32,51615
1774013019.0838017,/metrics/pcl/fused/processing_ms,std_msgs/msg/Float32,203.76235961914062
1774013019.2790473,/metrics/pcl/fused/detections_count,std_msgs/msg/Int32,82
1774013019.2791781,/metrics/pcl/fused/points_in,std_msgs/msg/Int32,51498
1774013019.279246,/metrics/pcl/fused/processing_ms,std_msgs/msg/Float32,194.74603271484375
1774013019.4791632,/metrics/pcl/fused/detections_count,std_msgs/msg/Int32,79
1774013019.4792876,/metrics/pcl/fused/points_in,std_msgs/msg/Int32,51492
1774013019.4793503,/metrics/pcl/fused/processing_ms,std_msgs/msg/Float32,199.31442260742188
1774013019.6851647,/metrics/pcl/fused/detections_count,std_msgs/msg/Int32,82
1774013019.6852744,/metrics/pcl/fused/points_in,std_msgs/msg/Int32,51471
1774013019.685337,/metrics/pcl/fused/processing_ms,std_msgs/msg/Float32,205.2528839111328
1774013019.8837097,/metrics/pcl/fused/detections_count,std_msgs/msg/Int32,78
1774013019.883854,/metrics/pcl/fused/points_in,std_msgs/msg/Int32,51467
1774013019.88397,/metrics/pcl/fused/processing_ms,std_msgs/msg/Float32,197.81552124023438
1774013020.0768843,/metrics/pcl/fused/detections_count,std_msgs/msg/Int32,80
1774013020.077028,/metrics/pcl/fused/points_in,std_msgs/msg/Int32,51411
1774013020.0771275,/metrics/pcl/fused/processing_ms,std_msgs/msg/Float32,192.36404418945312
1774013020.2707942,/metrics/pcl/fused/detections_count,std_msgs/msg/Int32,77
1774013020.2709677,/metrics/pcl/fused/points_in,std_msgs/msg/Int32,51480
1774013020.2710671,/metrics/pcl/fused/processing_ms,std_msgs/msg/Float32,193.0849151611328
1774013020.4689775,/metrics/pcl/fused/detections_count,std_msgs/msg/Int32,76
1774013020.4691339,/metrics/pcl/fused/points_in,std_msgs/msg/Int32,51406
1774013020.4692016,/metrics/pcl/fused/processing_ms,std_msgs/msg/Float32,197.4264678955078
1774013020.6688197,/metrics/pcl/fused/detections_count,std_msgs/msg/Int32,83
1774013020.6689434,/metrics/pcl/fused/points_in,std_msgs/msg/Int32,51499
1774013020.6690037,/metrics/pcl/fused/processing_ms,std_msgs/msg/Float32,198.853271484375
1774013020.87154,/metrics/pcl/fused/detections_count,std_msgs/msg/Int32,83
1774013020.8716686,/metrics/pcl/fused/points_in,std_msgs/msg/Int32,51447
1774013020.8717535,/metrics/pcl/fused/processing_ms,std_msgs/msg/Float32,201.84335327148438
1774013021.0678957,/metrics/pcl/fused/detections_count,std_msgs/msg/Int32,85
1774013021.0680108,/metrics/pcl/fused/points_in,std_msgs/msg/Int32,51205
1774013021.0680747,/metrics/pcl/fused/processing_ms,std_msgs/msg/Float32,195.55552673339844
1774013021.2623625,/metrics/pcl/fused/detections_count,std_msgs/msg/Int32,87
1774013021.2624788,/metrics/pcl/fused/points_in,std_msgs/msg/Int32,51389
1774013021.262542,/metrics/pcl/fused/processing_ms,std_msgs/msg/Float32,193.719970703125
1774013021.4624932,/metrics/pcl/fused/detections_count,std_msgs/msg/Int32,82
1774013021.4626312,/metrics/pcl/fused/points_in,std_msgs/msg/Int32,51360
1774013021.4627159,/metrics/pcl/fused/processing_ms,std_msgs/msg/Float32,199.3382110595703
1774013021.6685278,/metrics/pcl/fused/detections_count,std_msgs/msg/Int32,80
1774013021.6686559,/metrics/pcl/fused/points_in,std_msgs/msg/Int32,51334
1774013021.6687274,/metrics/pcl/fused/processing_ms,std_msgs/msg/Float32,204.98069763183594
1774013021.8687217,/metrics/pcl/fused/detections_count,std_msgs/msg/Int32,76
1774013021.8688362,/metrics/pcl/fused/points_in,std_msgs/msg/Int32,51169
1774013021.8689296,/metrics/pcl/fused/processing_ms,std_msgs/msg/Float32,199.54656982421875
1774013022.0690722,/metrics/pcl/fused/detections_count,std_msgs/msg/Int32,83
1774013022.069216,/metrics/pcl/fused/points_in,std_msgs/msg/Int32,51257
1774013022.0693064,/metrics/pcl/fused/processing_ms,std_msgs/msg/Float32,199.50050354003906
1774013022.268626,/metrics/pcl/fused/detections_count,std_msgs/msg/Int32,84
1774013022.2687654,/metrics/pcl/fused/points_in,std_msgs/msg/Int32,51179
1774013022.2688498,/metrics/pcl/fused/processing_ms,std_msgs/msg/Float32,198.76669311523438
1774013022.4704604,/metrics/pcl/fused/detections_count,std_msgs/msg/Int32,81
1774013022.470585,/metrics/pcl/fused/points_in,std_msgs/msg/Int32,51205
1774013022.470668,/metrics/pcl/fused/processing_ms,std_msgs/msg/Float32,201.14549255371094
1774013022.671984,/metrics/pcl/fused/detections_count,std_msgs/msg/Int32,84
1774013022.672101,/metrics/pcl/fused/points_in,std_msgs/msg/Int32,51208
1774013022.672166,/metrics/pcl/fused/processing_ms,std_msgs/msg/Float32,200.73072814941406
1774013022.873149,/metrics/pcl/fused/detections_count,std_msgs/msg/Int32,82
1774013022.8732982,/metrics/pcl/fused/points_in,std_msgs/msg/Int32,51140
1774013022.873371,/metrics/pcl/fused/processing_ms,std_msgs/msg/Float32,200.41505432128906
1774013023.0734408,/metrics/pcl/fused/detections_count,std_msgs/msg/Int32,77
1774013023.0735414,/metrics/pcl/fused/points_in,std_msgs/msg/Int32,51133
1774013023.0735953,/metrics/pcl/fused/processing_ms,std_msgs/msg/Float32,199.34849548339844
1774013023.2730289,/metrics/pcl/fused/detections_count,std_msgs/msg/Int32,81
1774013023.273143,/metrics/pcl/fused/points_in,std_msgs/msg/Int32,50835
1774013023.273205,/metrics/pcl/fused/processing_ms,std_msgs/msg/Float32,198.8748016357422
1774013023.4714518,/metrics/pcl/fused/detections_count,std_msgs/msg/Int32,74
1774013023.4715667,/metrics/pcl/fused/points_in,std_msgs/msg/Int32,50609
1774013023.4716346,/metrics/pcl/fused/processing_ms,std_msgs/msg/Float32,197.63998413085938
1774013023.6686485,/metrics/pcl/fused/detections_count,std_msgs/msg/Int32,80
1774013023.6687763,/metrics/pcl/fused/points_in,std_msgs/msg/Int32,50669
1774013023.6688802,/metrics/pcl/fused/processing_ms,std_msgs/msg/Float32,196.30535888671875
1774013023.8646133,/metrics/pcl/fused/detections_count,std_msgs/msg/Int32,74
1774013023.8648236,/metrics/pcl/fused/points_in,std_msgs/msg/Int32,49991
1774013023.8649771,/metrics/pcl/fused/processing_ms,std_msgs/msg/Float32,194.90286254882812
1774013024.0538194,/metrics/pcl/fused/detections_count,std_msgs/msg/Int32,81
1774013024.0539687,/metrics/pcl/fused/points_in,std_msgs/msg/Int32,49148
1774013024.0540366,/metrics/pcl/fused/processing_ms,std_msgs/msg/Float32,188.527587890625
1774013024.3148618,/metrics/pcl/fused/detections_count,std_msgs/msg/Int32,76
1774013024.3149986,/metrics/pcl/fused/points_in,std_msgs/msg/Int32,49110
1774013024.31507,/metrics/pcl/fused/processing_ms,std_msgs/msg/Float32,186.91131591796875
1774013024.566758,/metrics/pcl/fused/detections_count,std_msgs/msg/Int32,77
1774013024.5668814,/metrics/pcl/fused/points_in,std_msgs/msg/Int32,47640
1774013024.5669508,/metrics/pcl/fused/processing_ms,std_msgs/msg/Float32,202.79556274414062
1774013024.8014102,/metrics/pcl/fused/detections_count,std_msgs/msg/Int32,87
1774013024.801552,/metrics/pcl/fused/points_in,std_msgs/msg/Int32,47755
1774013024.8016393,/metrics/pcl/fused/processing_ms,std_msgs/msg/Float32,193.76312255859375
1774013025.0561051,/metrics/pcl/fused/detections_count,std_msgs/msg/Int32,69
1774013025.0562372,/metrics/pcl/fused/points_in,std_msgs/msg/Int32,47892
1774013025.0563202,/metrics/pcl/fused/processing_ms,std_msgs/msg/Float32,211.50262451171875
1774013025.273376,/metrics/pcl/fused/detections_count,std_msgs/msg/Int32,79
1774013025.2734993,/metrics/pcl/fused/points_in,std_msgs/msg/Int32,49974
1774013025.27356,/metrics/pcl/fused/processing_ms,std_msgs/msg/Float32,216.42469787597656
1774013025.4899766,/metrics/pcl/fused/detections_count,std_msgs/msg/Int32,74
1774013025.4900877,/metrics/pcl/fused/points_in,std_msgs/msg/Int32,48945
1774013025.4901507,/metrics/pcl/fused/processing_ms,std_msgs/msg/Float32,215.69642639160156
1774013025.6954439,/metrics/pcl/fused/detections_count,std_msgs/msg/Int32,84
1774013025.6955664,/metrics/pcl/fused/points_in,std_msgs/msg/Int32,48868
1774013025.695632,/metrics/pcl/fused/processing_ms,std_msgs/msg/Float32,204.66436767578125
1774013025.900537,/metrics/pcl/fused/detections_count,std_msgs/msg/Int32,82
1774013025.9006517,/metrics/pcl/fused/points_in,std_msgs/msg/Int32,49271
1774013025.900747,/metrics/pcl/fused/processing_ms,std_msgs/msg/Float32,204.47442626953125
1774013026.09469,/metrics/pcl/fused/detections_count,std_msgs/msg/Int32,80
1774013026.094834,/metrics/pcl/fused/processing_ms,std_msgs/msg/Float32,193.37379455566406
1774013026.0951476,/metrics/pcl/fused/points_in,std_msgs/msg/Int32,49083
1774013026.2852032,/metrics/pcl/fused/detections_count,std_msgs/msg/Int32,89
1774013026.2853258,/metrics/pcl/fused/points_in,std_msgs/msg/Int32,50314
1774013026.285388,/metrics/pcl/fused/processing_ms,std_msgs/msg/Float32,189.8134765625
1774013026.4813569,/metrics/pcl/fused/detections_count,std_msgs/msg/Int32,83
1774013026.481491,/metrics/pcl/fused/points_in,std_msgs/msg/Int32,50600
1774013026.481558,/metrics/pcl/fused/processing_ms,std_msgs/msg/Float32,195.38185119628906
1774013026.6742158,/metrics/pcl/fused/detections_count,std_msgs/msg/Int32,89
1774013026.6743295,/metrics/pcl/fused/points_in,std_msgs/msg/Int32,50314
1774013026.6744025,/metrics/pcl/fused/processing_ms,std_msgs/msg/Float32,192.0023956298828
1774013026.8699312,/metrics/pcl/fused/detections_count,std_msgs/msg/Int32,88
1774013026.8700333,/metrics/pcl/fused/points_in,std_msgs/msg/Int32,50908
1774013026.8700857,/metrics/pcl/fused/processing_ms,std_msgs/msg/Float32,194.82412719726562
1774013027.064583,/metrics/pcl/fused/detections_count,std_msgs/msg/Int32,82
1774013027.0647075,/metrics/pcl/fused/points_in,std_msgs/msg/Int32,50500
1774013027.0647686,/metrics/pcl/fused/processing_ms,std_msgs/msg/Float32,193.90234375
1774013027.438606,/metrics/pcl/fused/detections_count,std_msgs/msg/Int32,78
1774013027.4387527,/metrics/pcl/fused/points_in,std_msgs/msg/Int32,50816
1774013027.43882,/metrics/pcl/fused/processing_ms,std_msgs/msg/Float32,196.48463439941406
1774013027.84537,/metrics/pcl/fused/detections_count,std_msgs/msg/Int32,88
1774013027.8455074,/metrics/pcl/fused/points_in,std_msgs/msg/Int32,49178
1774013027.8455799,/metrics/pcl/fused/processing_ms,std_msgs/msg/Float32,183.74215698242188
1774013028.035723,/metrics/pcl/fused/detections_count,std_msgs/msg/Int32,78
1774013028.0358455,/metrics/pcl/fused/points_in,std_msgs/msg/Int32,49565
1774013028.0359237,/metrics/pcl/fused/processing_ms,std_msgs/msg/Float32,189.68898010253906
1774013028.2248316,/metrics/pcl/fused/detections_count,std_msgs/msg/Int32,74
1774013028.2250285,/metrics/pcl/fused/points_in,std_msgs/msg/Int32,48382
1774013028.225132,/metrics/pcl/fused/processing_ms,std_msgs/msg/Float32,188.1468505859375
1774013028.4100482,/metrics/pcl/fused/detections_count,std_msgs/msg/Int32,84
1774013028.4102077,/metrics/pcl/fused/points_in,std_msgs/msg/Int32,48667
1774013028.4102812,/metrics/pcl/fused/processing_ms,std_msgs/msg/Float32,184.16680908203125
1774013028.6027703,/metrics/pcl/fused/detections_count,std_msgs/msg/Int32,76
1774013028.6029248,/metrics/pcl/fused/points_in,std_msgs/msg/Int32,48615
1774013028.6029863,/metrics/pcl/fused/processing_ms,std_msgs/msg/Float32,192.02224731445312
1774013028.8058255,/metrics/pcl/fused/detections_count,std_msgs/msg/Int32,82
1774013028.8059828,/metrics/pcl/fused/points_in,std_msgs/msg/Int32,50005
1774013028.806088,/metrics/pcl/fused/processing_ms,std_msgs/msg/Float32,202.30264282226562
1774013029.0011861,/metrics/pcl/fused/detections_count,std_msgs/msg/Int32,76
1774013029.0013285,/metrics/pcl/fused/points_in,std_msgs/msg/Int32,49198
1774013029.0014448,/metrics/pcl/fused/processing_ms,std_msgs/msg/Float32,194.63726806640625
1774013029.1854658,/metrics/pcl/fused/detections_count,std_msgs/msg/Int32,78
1774013029.1855798,/metrics/pcl/fused/points_in,std_msgs/msg/Int32,48759
1774013029.185654,/metrics/pcl/fused/processing_ms,std_msgs/msg/Float32,183.45291137695312
1774013029.3822784,/metrics/pcl/fused/detections_count,std_msgs/msg/Int32,83
1774013029.3824112,/metrics/pcl/fused/points_in,std_msgs/msg/Int32,50039
1774013029.3824987,/metrics/pcl/fused/processing_ms,std_msgs/msg/Float32,196.13600158691406
1774013029.5750513,/metrics/pcl/fused/detections_count,std_msgs/msg/Int32,79
1774013029.5752199,/metrics/pcl/fused/points_in,std_msgs/msg/Int32,49522
1774013029.5753138,/metrics/pcl/fused/processing_ms,std_msgs/msg/Float32,192.0377960205078
1774013029.763649,/metrics/pcl/fused/detections_count,std_msgs/msg/Int32,79
1774013029.7637832,/metrics/pcl/fused/points_in,std_msgs/msg/Int32,48802
1774013029.763843,/metrics/pcl/fused/processing_ms,std_msgs/msg/Float32,187.66891479492188
1774013029.9640222,/metrics/pcl/fused/detections_count,std_msgs/msg/Int32,92
1774013029.9641957,/metrics/pcl/fused/points_in,std_msgs/msg/Int32,50078
1774013029.9643211,/metrics/pcl/fused/processing_ms,std_msgs/msg/Float32,199.60687255859375
1774013030.1578355,/metrics/pcl/fused/detections_count,std_msgs/msg/Int32,86
1774013030.1579878,/metrics/pcl/fused/points_in,std_msgs/msg/Int32,49227
1774013030.161862,/metrics/pcl/fused/processing_ms,std_msgs/msg/Float32,193.17799377441406
1774013030.3513427,/metrics/pcl/fused/detections_count,std_msgs/msg/Int32,84
1774013030.3514771,/metrics/pcl/fused/points_in,std_msgs/msg/Int32,50660
1774013030.3515475,/metrics/pcl/fused/processing_ms,std_msgs/msg/Float32,192.75160217285156
1774013030.540616,/metrics/pcl/fused/detections_count,std_msgs/msg/Int32,88
1774013030.540721,/metrics/pcl/fused/points_in,std_msgs/msg/Int32,49940
1774013030.5407856,/metrics/pcl/fused/processing_ms,std_msgs/msg/Float32,188.42190551757812
1774013030.7439954,/metrics/pcl/fused/detections_count,std_msgs/msg/Int32,85
1774013030.7441278,/metrics/pcl/fused/points_in,std_msgs/msg/Int32,50540
1774013030.7441976,/metrics/pcl/fused/processing_ms,std_msgs/msg/Float32,202.56829833984375
1774013030.955307,/metrics/pcl/fused/detections_count,std_msgs/msg/Int32,82
1774013030.9554954,/metrics/pcl/fused/points_in,std_msgs/msg/Int32,51052
1774013030.9556267,/metrics/pcl/fused/processing_ms,std_msgs/msg/Float32,209.98011779785156
1774013031.153274,/metrics/pcl/fused/detections_count,std_msgs/msg/Int32,80
1774013031.1534312,/metrics/pcl/fused/points_in,std_msgs/msg/Int32,50907
1774013031.153533,/metrics/pcl/fused/processing_ms,std_msgs/msg/Float32,197.19871520996094
1774013031.3484974,/metrics/pcl/fused/detections_count,std_msgs/msg/Int32,86
1774013031.3486142,/metrics/pcl/fused/points_in,std_msgs/msg/Int32,51246
1774013031.3486667,/metrics/pcl/fused/processing_ms,std_msgs/msg/Float32,194.55137634277344
1774013031.5483868,/metrics/pcl/fused/detections_count,std_msgs/msg/Int32,81
1774013031.5485334,/metrics/pcl/fused/points_in,std_msgs/msg/Int32,51007
1774013031.5486069,/metrics/pcl/fused/processing_ms,std_msgs/msg/Float32,199.067626953125
1774013031.7511234,/metrics/pcl/fused/detections_count,std_msgs/msg/Int32,77
1774013031.7512724,/metrics/pcl/fused/points_in,std_msgs/msg/Int32,51134
1774013031.7513485,/metrics/pcl/fused/processing_ms,std_msgs/msg/Float32,201.98402404785156
1774013031.9489472,/metrics/pcl/fused/detections_count,std_msgs/msg/Int32,84
1774013031.9490664,/metrics/pcl/fused/points_in,std_msgs/msg/Int32,51076
1774013031.9491358,/metrics/pcl/fused/processing_ms,std_msgs/msg/Float32,197.02540588378906
1774013032.1442761,/metrics/pcl/fused/detections_count,std_msgs/msg/Int32,83
1774013032.144415,/metrics/pcl/fused/points_in,std_msgs/msg/Int32,51077
1774013032.1444862,/metrics/pcl/fused/processing_ms,std_msgs/msg/Float32,194.18487548828125
1774013032.341946,/metrics/pcl/fused/detections_count,std_msgs/msg/Int32,83
1774013032.342074,/metrics/pcl/fused/points_in,std_msgs/msg/Int32,51275
1774013032.34214,/metrics/pcl/fused/processing_ms,std_msgs/msg/Float32,196.89883422851562
1774013032.834162,/metrics/pcl/fused/detections_count,std_msgs/msg/Int32,85
1774013032.8342714,/metrics/pcl/fused/points_in,std_msgs/msg/Int32,51258
1774013032.8343246,/metrics/pcl/fused/processing_ms,std_msgs/msg/Float32,196.4919891357422
1774013033.0447145,/metrics/pcl/fused/detections_count,std_msgs/msg/Int32,80
1774013033.0448184,/metrics/pcl/fused/points_in,std_msgs/msg/Int32,51342
1774013033.044881,/metrics/pcl/fused/processing_ms,std_msgs/msg/Float32,209.73297119140625
1774013033.2438192,/metrics/pcl/fused/detections_count,std_msgs/msg/Int32,80
1774013033.243943,/metrics/pcl/fused/points_in,std_msgs/msg/Int32,51202
1774013033.244009,/metrics/pcl/fused/processing_ms,std_msgs/msg/Float32,198.3992156982422
1774013033.445726,/metrics/pcl/fused/detections_count,std_msgs/msg/Int32,78
1774013033.4458327,/metrics/pcl/fused/points_in,std_msgs/msg/Int32,51293
1774013033.4459097,/metrics/pcl/fused/processing_ms,std_msgs/msg/Float32,201.1814727783203
1774013033.6444786,/metrics/pcl/fused/detections_count,std_msgs/msg/Int32,86
1774013033.644593,/metrics/pcl/fused/points_in,std_msgs/msg/Int32,51300
1774013033.6446576,/metrics/pcl/fused/processing_ms,std_msgs/msg/Float32,197.89065551757812
1774013033.8508549,/metrics/pcl/fused/detections_count,std_msgs/msg/Int32,81
1774013033.851003,/metrics/pcl/fused/points_in,std_msgs/msg/Int32,51338
1774013033.8511057,/metrics/pcl/fused/processing_ms,std_msgs/msg/Float32,205.5963134765625
1774013034.052086,/metrics/pcl/fused/detections_count,std_msgs/msg/Int32,84
1774013034.0522187,/metrics/pcl/fused/points_in,std_msgs/msg/Int32,51219
1774013034.0522869,/metrics/pcl/fused/processing_ms,std_msgs/msg/Float32,200.2692108154297
1774013034.2497063,/metrics/pcl/fused/detections_count,std_msgs/msg/Int32,89
1774013034.2498279,/metrics/pcl/fused/points_in,std_msgs/msg/Int32,51324
1774013034.2499068,/metrics/pcl/fused/processing_ms,std_msgs/msg/Float32,196.84092712402344
1774013034.449763,/metrics/pcl/fused/detections_count,std_msgs/msg/Int32,82
1774013034.4498641,/metrics/pcl/fused/points_in,std_msgs/msg/Int32,51128
1774013034.4499342,/metrics/pcl/fused/processing_ms,std_msgs/msg/Float32,199.27154541015625
1774013034.6478295,/metrics/pcl/fused/detections_count,std_msgs/msg/Int32,81
1774013034.6479518,/metrics/pcl/fused/points_in,std_msgs/msg/Int32,51128
1774013034.64801,/metrics/pcl/fused/processing_ms,std_msgs/msg/Float32,197.31045532226562
1774013034.846192,/metrics/pcl/fused/detections_count,std_msgs/msg/Int32,79
1774013034.8463068,/metrics/pcl/fused/points_in,std_msgs/msg/Int32,51068
1774013034.8463707,/metrics/pcl/fused/processing_ms,std_msgs/msg/Float32,197.5066680908203
1774013035.0447042,/metrics/pcl/fused/detections_count,std_msgs/msg/Int32,85
1774013035.0448053,/metrics/pcl/fused/points_in,std_msgs/msg/Int32,51213
1774013035.0448616,/metrics/pcl/fused/processing_ms,std_msgs/msg/Float32,197.7369384765625
1774013035.2397716,/metrics/pcl/fused/detections_count,std_msgs/msg/Int32,83
1774013035.2399693,/metrics/pcl/fused/points_in,std_msgs/msg/Int32,51113
1774013035.24009,/metrics/pcl/fused/processing_ms,std_msgs/msg/Float32,194.3124237060547
1774013035.4383776,/metrics/pcl/fused/detections_count,std_msgs/msg/Int32,80
1774013035.438509,/metrics/pcl/fused/points_in,std_msgs/msg/Int32,51203
1774013035.4385765,/metrics/pcl/fused/processing_ms,std_msgs/msg/Float32,197.82066345214844
1774013035.6408522,/metrics/pcl/fused/detections_count,std_msgs/msg/Int32,86
1774013035.640999,/metrics/pcl/fused/points_in,std_msgs/msg/Int32,51153
1774013035.6410575,/metrics/pcl/fused/processing_ms,std_msgs/msg/Float32,201.59825134277344
1774013035.840458,/metrics/pcl/fused/detections_count,std_msgs/msg/Int32,80
1774013035.8405812,/metrics/pcl/fused/points_in,std_msgs/msg/Int32,51203
1774013035.8406336,/metrics/pcl/fused/processing_ms,std_msgs/msg/Float32,198.87062072753906
1774013036.0380225,/metrics/pcl/fused/detections_count,std_msgs/msg/Int32,84
1774013036.0381608,/metrics/pcl/fused/points_in,std_msgs/msg/Int32,51077
1774013036.0382442,/metrics/pcl/fused/processing_ms,std_msgs/msg/Float32,196.83956909179688
1774013036.2357166,/metrics/pcl/fused/detections_count,std_msgs/msg/Int32,84
1774013036.2358372,/metrics/pcl/fused/points_in,std_msgs/msg/Int32,51094
1774013036.2359266,/metrics/pcl/fused/processing_ms,std_msgs/msg/Float32,196.85452270507812
1774013036.4327738,/metrics/pcl/fused/detections_count,std_msgs/msg/Int32,82
1774013036.4329922,/metrics/pcl/fused/points_in,std_msgs/msg/Int32,51192
1774013036.4330726,/metrics/pcl/fused/processing_ms,std_msgs/msg/Float32,196.22296142578125
1774013036.640007,/metrics/pcl/fused/detections_count,std_msgs/msg/Int32,80
1774013036.6401439,/metrics/pcl/fused/points_in,std_msgs/msg/Int32,51163
1774013036.6402347,/metrics/pcl/fused/processing_ms,std_msgs/msg/Float32,206.12255859375
1774013036.8453903,/metrics/pcl/fused/detections_count,std_msgs/msg/Int32,80
1774013036.8454998,/metrics/pcl/fused/points_in,std_msgs/msg/Int32,51115
1774013036.8455632,/metrics/pcl/fused/processing_ms,std_msgs/msg/Float32,204.51541137695312
1774013037.0492427,/metrics/pcl/fused/detections_count,std_msgs/msg/Int32,78
1774013037.049385,/metrics/pcl/fused/points_in,std_msgs/msg/Int32,51230
1774013037.0494795,/metrics/pcl/fused/processing_ms,std_msgs/msg/Float32,203.13192749023438
1774013037.245603,/metrics/pcl/fused/detections_count,std_msgs/msg/Int32,76
1774013037.2457154,/metrics/pcl/fused/points_in,std_msgs/msg/Int32,51159
1774013037.2457774,/metrics/pcl/fused/processing_ms,std_msgs/msg/Float32,195.47349548339844
1774013037.4431221,/metrics/pcl/fused/detections_count,std_msgs/msg/Int32,81
1774013037.4432652,/metrics/pcl/fused/points_in,std_msgs/msg/Int32,51191
1774013037.4433672,/metrics/pcl/fused/processing_ms,std_msgs/msg/Float32,196.74591064453125
1774013037.6421697,/metrics/pcl/fused/detections_count,std_msgs/msg/Int32,82
1774013037.6422908,/metrics/pcl/fused/points_in,std_msgs/msg/Int32,51194
1774013037.6423626,/metrics/pcl/fused/processing_ms,std_msgs/msg/Float32,198.34397888183594
1774013037.8424373,/metrics/pcl/fused/detections_count,std_msgs/msg/Int32,81
1774013037.8425708,/metrics/pcl/fused/points_in,std_msgs/msg/Int32,51190
1774013037.842634,/metrics/pcl/fused/processing_ms,std_msgs/msg/Float32,199.41937255859375
1774013038.0441034,/metrics/pcl/fused/detections_count,std_msgs/msg/Int32,83
1774013038.0442114,/metrics/pcl/fused/points_in,std_msgs/msg/Int32,51287
1774013038.044274,/metrics/pcl/fused/processing_ms,std_msgs/msg/Float32,200.64852905273438
1774013038.2381113,/metrics/pcl/fused/detections_count,std_msgs/msg/Int32,82
1774013038.238215,/metrics/pcl/fused/points_in,std_msgs/msg/Int32,51194
1774013038.2382905,/metrics/pcl/fused/processing_ms,std_msgs/msg/Float32,193.2908935546875
1774013038.4329774,/metrics/pcl/fused/detections_count,std_msgs/msg/Int32,83
1774013038.433123,/metrics/pcl/fused/points_in,std_msgs/msg/Int32,51188
1774013038.4332073,/metrics/pcl/fused/processing_ms,std_msgs/msg/Float32,194.11209106445312
1774013038.6313543,/metrics/pcl/fused/detections_count,std_msgs/msg/Int32,86
1774013038.6314917,/metrics/pcl/fused/points_in,std_msgs/msg/Int32,51258
1774013038.6315837,/metrics/pcl/fused/processing_ms,std_msgs/msg/Float32,197.6275634765625
1774013038.8324704,/metrics/pcl/fused/detections_count,std_msgs/msg/Int32,83
1774013038.8326077,/metrics/pcl/fused/points_in,std_msgs/msg/Int32,51129
1774013038.8326752,/metrics/pcl/fused/processing_ms,std_msgs/msg/Float32,200.3686065673828
1774013039.030068,/metrics/pcl/fused/detections_count,std_msgs/msg/Int32,82
1774013039.030191,/metrics/pcl/fused/points_in,std_msgs/msg/Int32,51294
1774013039.0302489,/metrics/pcl/fused/processing_ms,std_msgs/msg/Float32,196.82643127441406
1774013039.226083,/metrics/pcl/fused/detections_count,std_msgs/msg/Int32,83
1774013039.2262082,/metrics/pcl/fused/points_in,std_msgs/msg/Int32,51133
1774013039.2262814,/metrics/pcl/fused/processing_ms,std_msgs/msg/Float32,195.25921630859375
1774013039.4252753,/metrics/pcl/fused/detections_count,std_msgs/msg/Int32,83
1774013039.42544,/metrics/pcl/fused/points_in,std_msgs/msg/Int32,51129
1774013039.425493,/metrics/pcl/fused/processing_ms,std_msgs/msg/Float32,198.3147735595703
1774013039.623102,/metrics/pcl/fused/detections_count,std_msgs/msg/Int32,83
1774013039.6232126,/metrics/pcl/fused/points_in,std_msgs/msg/Int32,50997
1774013039.623276,/metrics/pcl/fused/processing_ms,std_msgs/msg/Float32,197.03611755371094
1774013039.8214986,/metrics/pcl/fused/detections_count,std_msgs/msg/Int32,84
1774013039.8216972,/metrics/pcl/fused/points_in,std_msgs/msg/Int32,50980
1774013039.821792,/metrics/pcl/fused/processing_ms,std_msgs/msg/Float32,197.55223083496094
1774013040.0171387,/metrics/pcl/fused/detections_count,std_msgs/msg/Int32,82
1774013040.0172417,/metrics/pcl/fused/points_in,std_msgs/msg/Int32,50930
1774013040.017296,/metrics/pcl/fused/processing_ms,std_msgs/msg/Float32,194.7509307861328
1774013040.2179163,/metrics/pcl/fused/detections_count,std_msgs/msg/Int32,77
1774013040.2180743,/metrics/pcl/fused/points_in,std_msgs/msg/Int32,51188
1774013040.2181385,/metrics/pcl/fused/processing_ms,std_msgs/msg/Float32,199.94393920898438
1774013040.4170687,/metrics/pcl/fused/detections_count,std_msgs/msg/Int32,84
1774013040.4171991,/metrics/pcl/fused/points_in,std_msgs/msg/Int32,51021
1774013040.4172773,/metrics/pcl/fused/processing_ms,std_msgs/msg/Float32,198.28538513183594
1774013040.7734168,/metrics/pcl/fused/detections_count,std_msgs/msg/Int32,80
1774013040.773559,/metrics/pcl/fused/points_in,std_msgs/msg/Int32,50949
1774013040.7736409,/metrics/pcl/fused/processing_ms,std_msgs/msg/Float32,203.70166015625
1774013041.205582,/metrics/pcl/fused/detections_count,std_msgs/msg/Int32,81
1774013041.2057292,/metrics/pcl/fused/points_in,std_msgs/msg/Int32,50965
1774013041.2058067,/metrics/pcl/fused/processing_ms,std_msgs/msg/Float32,194.89535522460938
1774013041.6937475,/metrics/pcl/fused/detections_count,std_msgs/msg/Int32,80
1774013041.6938665,/metrics/pcl/fused/points_in,std_msgs/msg/Int32,51031
1774013041.6978323,/metrics/pcl/fused/processing_ms,std_msgs/msg/Float32,197.85499572753906
1774013041.9703712,/metrics/pcl/fused/detections_count,std_msgs/msg/Int32,84
1774013041.9704938,/metrics/pcl/fused/points_in,std_msgs/msg/Int32,51053
1774013041.9705648,/metrics/pcl/fused/processing_ms,std_msgs/msg/Float32,200.3202667236328
1774013042.181059,/metrics/pcl/fused/detections_count,std_msgs/msg/Int32,83
1774013042.1811745,/metrics/pcl/fused/points_in,std_msgs/msg/Int32,51124
1774013042.1812372,/metrics/pcl/fused/processing_ms,std_msgs/msg/Float32,203.35153198242188
1774013042.6522293,/metrics/pcl/fused/detections_count,std_msgs/msg/Int32,78
1774013042.6523826,/metrics/pcl/fused/points_in,std_msgs/msg/Int32,51092
1774013042.6524525,/metrics/pcl/fused/processing_ms,std_msgs/msg/Float32,200.540771484375
1774013042.8970203,/metrics/pcl/fused/detections_count,std_msgs/msg/Int32,85
1774013042.8971336,/metrics/pcl/fused/points_in,std_msgs/msg/Int32,51030
1774013042.8972127,/metrics/pcl/fused/processing_ms,std_msgs/msg/Float32,199.37962341308594
1774013043.3666866,/metrics/pcl/fused/detections_count,std_msgs/msg/Int32,85
1774013043.3667932,/metrics/pcl/fused/points_in,std_msgs/msg/Int32,51070
1774013043.3668668,/metrics/pcl/fused/processing_ms,std_msgs/msg/Float32,195.09567260742188
1774013043.566514,/metrics/pcl/fused/detections_count,std_msgs/msg/Int32,79
1774013043.5666583,/metrics/pcl/fused/points_in,std_msgs/msg/Int32,50961
1774013043.5667412,/metrics/pcl/fused/processing_ms,std_msgs/msg/Float32,199.069580078125
1774013043.765525,/metrics/pcl/fused/detections_count,std_msgs/msg/Int32,82
1774013043.7656832,/metrics/pcl/fused/points_in,std_msgs/msg/Int32,50966
1774013043.7658007,/metrics/pcl/fused/processing_ms,std_msgs/msg/Float32,198.1917266845703
1774013043.9618587,/metrics/pcl/fused/detections_count,std_msgs/msg/Int32,85
1774013043.9620626,/metrics/pcl/fused/points_in,std_msgs/msg/Int32,50993
1774013043.9622185,/metrics/pcl/fused/processing_ms,std_msgs/msg/Float32,195.57156372070312
1774013044.168258,/metrics/pcl/fused/detections_count,std_msgs/msg/Int32,81
1774013044.168426,/metrics/pcl/fused/points_in,std_msgs/msg/Int32,50998
1774013044.1685462,/metrics/pcl/fused/processing_ms,std_msgs/msg/Float32,205.50006103515625
1774013044.3641121,/metrics/pcl/fused/detections_count,std_msgs/msg/Int32,84
1774013044.3642642,/metrics/pcl/fused/points_in,std_msgs/msg/Int32,51055
1774013044.364356,/metrics/pcl/fused/processing_ms,std_msgs/msg/Float32,195.00457763671875
1774013044.5638223,/metrics/pcl/fused/detections_count,std_msgs/msg/Int32,85
1774013044.5639517,/metrics/pcl/fused/points_in,std_msgs/msg/Int32,51112
1774013044.5640123,/metrics/pcl/fused/processing_ms,std_msgs/msg/Float32,198.997802734375
1774013044.762104,/metrics/pcl/fused/detections_count,std_msgs/msg/Int32,81
1774013044.7622523,/metrics/pcl/fused/points_in,std_msgs/msg/Int32,51176
1774013044.762334,/metrics/pcl/fused/processing_ms,std_msgs/msg/Float32,197.48023986816406
1774013044.9583015,/metrics/pcl/fused/detections_count,std_msgs/msg/Int32,77
1774013044.9584217,/metrics/pcl/fused/points_in,std_msgs/msg/Int32,51013
1774013044.9584827,/metrics/pcl/fused/processing_ms,std_msgs/msg/Float32,195.43386840820312
1774013045.1553078,/metrics/pcl/fused/detections_count,std_msgs/msg/Int32,88
1774013045.1554189,/metrics/pcl/fused/points_in,std_msgs/msg/Int32,51054
1774013045.155478,/metrics/pcl/fused/processing_ms,std_msgs/msg/Float32,196.31112670898438
1774013045.3525023,/metrics/pcl/fused/detections_count,std_msgs/msg/Int32,79
1774013045.3526373,/metrics/pcl/fused/points_in,std_msgs/msg/Int32,51033
1774013045.3527052,/metrics/pcl/fused/processing_ms,std_msgs/msg/Float32,196.4146728515625
1774013045.5506008,/metrics/pcl/fused/detections_count,std_msgs/msg/Int32,77
1774013045.550754,/metrics/pcl/fused/points_in,std_msgs/msg/Int32,51013
1774013045.5508165,/metrics/pcl/fused/processing_ms,std_msgs/msg/Float32,197.26638793945312
1774013045.7533195,/metrics/pcl/fused/detections_count,std_msgs/msg/Int32,83
1774013045.7534409,/metrics/pcl/fused/points_in,std_msgs/msg/Int32,51071
1774013045.7535431,/metrics/pcl/fused/processing_ms,std_msgs/msg/Float32,201.8447265625
1774013045.9522293,/metrics/pcl/fused/detections_count,std_msgs/msg/Int32,84
1774013045.9523776,/metrics/pcl/fused/points_in,std_msgs/msg/Int32,50956
1774013045.9524677,/metrics/pcl/fused/processing_ms,std_msgs/msg/Float32,197.95326232910156
1774013046.1498475,/metrics/pcl/fused/detections_count,std_msgs/msg/Int32,83
1774013046.149992,/metrics/pcl/fused/points_in,std_msgs/msg/Int32,51012
1774013046.150085,/metrics/pcl/fused/processing_ms,std_msgs/msg/Float32,196.8788299560547
1774013046.3464255,/metrics/pcl/fused/detections_count,std_msgs/msg/Int32,86
1774013046.3465567,/metrics/pcl/fused/points_in,std_msgs/msg/Int32,50940
1774013046.3466518,/metrics/pcl/fused/processing_ms,std_msgs/msg/Float32,195.89117431640625
1774013046.5463736,/metrics/pcl/fused/detections_count,std_msgs/msg/Int32,78
1774013046.546502,/metrics/pcl/fused/points_in,std_msgs/msg/Int32,50964
1774013046.5465791,/metrics/pcl/fused/processing_ms,std_msgs/msg/Float32,199.17584228515625
1774013046.7453048,/metrics/pcl/fused/detections_count,std_msgs/msg/Int32,84
1774013046.7454598,/metrics/pcl/fused/points_in,std_msgs/msg/Int32,51015
1774013046.7455776,/metrics/pcl/fused/processing_ms,std_msgs/msg/Float32,198.12051391601562
1774013046.9450998,/metrics/pcl/fused/detections_count,std_msgs/msg/Int32,83
1774013046.9452496,/metrics/pcl/fused/points_in,std_msgs/msg/Int32,50953
1774013046.9453294,/metrics/pcl/fused/processing_ms,std_msgs/msg/Float32,198.83522033691406
1774013047.1458917,/metrics/pcl/fused/detections_count,std_msgs/msg/Int32,83
1774013047.146013,/metrics/pcl/fused/points_in,std_msgs/msg/Int32,51044
1774013047.146097,/metrics/pcl/fused/processing_ms,std_msgs/msg/Float32,199.99082946777344
1774013047.3405397,/metrics/pcl/fused/detections_count,std_msgs/msg/Int32,87
1774013047.3406603,/metrics/pcl/fused/points_in,std_msgs/msg/Int32,51032
1774013047.3407235,/metrics/pcl/fused/processing_ms,std_msgs/msg/Float32,193.8866729736328
1774013047.5377665,/metrics/pcl/fused/detections_count,std_msgs/msg/Int32,84
1774013047.5378807,/metrics/pcl/fused/points_in,std_msgs/msg/Int32,51012
1774013047.5379395,/metrics/pcl/fused/processing_ms,std_msgs/msg/Float32,196.4045867919922
1774013047.7358968,/metrics/pcl/fused/detections_count,std_msgs/msg/Int32,85
1774013047.736043,/metrics/pcl/fused/points_in,std_msgs/msg/Int32,50978
1774013047.736139,/metrics/pcl/fused/processing_ms,std_msgs/msg/Float32,197.4351043701172
1774013047.9345195,/metrics/pcl/fused/detections_count,std_msgs/msg/Int32,82
1774013047.9346628,/metrics/pcl/fused/points_in,std_msgs/msg/Int32,51009
1774013047.9347599,/metrics/pcl/fused/processing_ms,std_msgs/msg/Float32,197.9047088623047
1774013048.1421912,/metrics/pcl/fused/detections_count,std_msgs/msg/Int32,81
1774013048.142356,/metrics/pcl/fused/points_in,std_msgs/msg/Int32,51010
1774013048.142442,/metrics/pcl/fused/processing_ms,std_msgs/msg/Float32,206.73367309570312
1774013048.3434594,/metrics/pcl/fused/detections_count,std_msgs/msg/Int32,85
1774013048.3435802,/metrics/pcl/fused/points_in,std_msgs/msg/Int32,50978
1774013048.3436592,/metrics/pcl/fused/processing_ms,std_msgs/msg/Float32,200.46531677246094
1774013048.5404236,/metrics/pcl/fused/detections_count,std_msgs/msg/Int32,82
1774013048.5405347,/metrics/pcl/fused/points_in,std_msgs/msg/Int32,51032
1774013048.5405982,/metrics/pcl/fused/processing_ms,std_msgs/msg/Float32,196.06443786621094
1774013048.7408154,/metrics/pcl/fused/detections_count,std_msgs/msg/Int32,74
1774013048.7409446,/metrics/pcl/fused/points_in,std_msgs/msg/Int32,51044
1774013048.7410133,/metrics/pcl/fused/processing_ms,std_msgs/msg/Float32,199.6017608642578
1774013048.9406734,/metrics/pcl/fused/detections_count,std_msgs/msg/Int32,79
1774013048.9408386,/metrics/pcl/fused/points_in,std_msgs/msg/Int32,51085
1774013048.9409313,/metrics/pcl/fused/processing_ms,std_msgs/msg/Float32,199.0731201171875
1774013049.1416276,/metrics/pcl/fused/detections_count,std_msgs/msg/Int32,74
1774013049.1417775,/metrics/pcl/fused/points_in,std_msgs/msg/Int32,51044
1774013049.1418545,/metrics/pcl/fused/processing_ms,std_msgs/msg/Float32,200.0616455078125
1774013049.3402348,/metrics/pcl/fused/detections_count,std_msgs/msg/Int32,86
1774013049.3403566,/metrics/pcl/fused/points_in,std_msgs/msg/Int32,50989
1774013049.3404214,/metrics/pcl/fused/processing_ms,std_msgs/msg/Float32,197.81146240234375
1774013049.5395265,/metrics/pcl/fused/detections_count,std_msgs/msg/Int32,85
1774013049.5396385,/metrics/pcl/fused/points_in,std_msgs/msg/Int32,51060
1774013049.539702,/metrics/pcl/fused/processing_ms,std_msgs/msg/Float32,198.5528106689453
1774013049.7417345,/metrics/pcl/fused/detections_count,std_msgs/msg/Int32,84
1774013049.741848,/metrics/pcl/fused/points_in,std_msgs/msg/Int32,51032
1774013049.7419245,/metrics/pcl/fused/processing_ms,std_msgs/msg/Float32,201.47508239746094
1774013049.9418213,/metrics/pcl/fused/detections_count,std_msgs/msg/Int32,84
1774013049.9419956,/metrics/pcl/fused/points_in,std_msgs/msg/Int32,51006
1774013049.9421046,/metrics/pcl/fused/processing_ms,std_msgs/msg/Float32,199.2678680419922
1774013050.1393538,/metrics/pcl/fused/detections_count,std_msgs/msg/Int32,75
1774013050.1395185,/metrics/pcl/fused/points_in,std_msgs/msg/Int32,51015
1774013050.1395845,/metrics/pcl/fused/processing_ms,std_msgs/msg/Float32,196.7984161376953
1774013050.3379009,/metrics/pcl/fused/detections_count,std_msgs/msg/Int32,84
1774013050.3380125,/metrics/pcl/fused/points_in,std_msgs/msg/Int32,51006
1774013050.338075,/metrics/pcl/fused/processing_ms,std_msgs/msg/Float32,197.76358032226562
1774013050.5336401,/metrics/pcl/fused/detections_count,std_msgs/msg/Int32,87
1774013050.5337665,/metrics/pcl/fused/points_in,std_msgs/msg/Int32,51066
1774013050.5338302,/metrics/pcl/fused/processing_ms,std_msgs/msg/Float32,194.99855041503906
1774013050.7378414,/metrics/pcl/fused/detections_count,std_msgs/msg/Int32,82
1774013050.7379806,/metrics/pcl/fused/points_in,std_msgs/msg/Int32,51052
1774013050.7380364,/metrics/pcl/fused/processing_ms,std_msgs/msg/Float32,203.41786193847656
1774013050.9420965,/metrics/pcl/fused/detections_count,std_msgs/msg/Int32,86
1774013050.9422078,/metrics/pcl/fused/points_in,std_msgs/msg/Int32,51098
1774013050.9422739,/metrics/pcl/fused/processing_ms,std_msgs/msg/Float32,203.4297332763672
1774013051.142077,/metrics/pcl/fused/detections_count,std_msgs/msg/Int32,75
1774013051.142221,/metrics/pcl/fused/points_in,std_msgs/msg/Int32,51011
1774013051.14234,/metrics/pcl/fused/processing_ms,std_msgs/msg/Float32,199.25527954101562
1774013051.338819,/metrics/pcl/fused/detections_count,std_msgs/msg/Int32,85
1774013051.3389547,/metrics/pcl/fused/points_in,std_msgs/msg/Int32,51013
1774013051.3390212,/metrics/pcl/fused/processing_ms,std_msgs/msg/Float32,195.9946746826172
1774013051.5357978,/metrics/pcl/fused/detections_count,std_msgs/msg/Int32,82
1774013051.535923,/metrics/pcl/fused/points_in,std_msgs/msg/Int32,50964
1774013051.535991,/metrics/pcl/fused/processing_ms,std_msgs/msg/Float32,196.2036590576172
1774013051.7353122,/metrics/pcl/fused/detections_count,std_msgs/msg/Int32,84
1774013051.7355118,/metrics/pcl/fused/points_in,std_msgs/msg/Int32,51085
1774013051.7356012,/metrics/pcl/fused/processing_ms,std_msgs/msg/Float32,198.53216552734375
1774013051.938116,/metrics/pcl/fused/detections_count,std_msgs/msg/Int32,84
1774013051.938234,/metrics/pcl/fused/points_in,std_msgs/msg/Int32,51166
1774013051.9382913,/metrics/pcl/fused/processing_ms,std_msgs/msg/Float32,202.12155151367188
1774013052.1377695,/metrics/pcl/fused/detections_count,std_msgs/msg/Int32,79
1774013052.1378896,/metrics/pcl/fused/points_in,std_msgs/msg/Int32,51087
1774013052.1379573,/metrics/pcl/fused/processing_ms,std_msgs/msg/Float32,198.91326904296875
1774013052.3345406,/metrics/pcl/fused/detections_count,std_msgs/msg/Int32,80
1774013052.3346488,/metrics/pcl/fused/points_in,std_msgs/msg/Int32,51063
1774013052.334711,/metrics/pcl/fused/processing_ms,std_msgs/msg/Float32,196.0519256591797
1774013052.5299447,/metrics/pcl/fused/detections_count,std_msgs/msg/Int32,81
1774013052.5300992,/metrics/pcl/fused/points_in,std_msgs/msg/Int32,50989
1774013052.5302117,/metrics/pcl/fused/processing_ms,std_msgs/msg/Float32,194.66189575195312
1774013052.731051,/metrics/pcl/fused/detections_count,std_msgs/msg/Int32,79
1774013052.7311978,/metrics/pcl/fused/points_in,std_msgs/msg/Int32,50956
1774013052.731272,/metrics/pcl/fused/processing_ms,std_msgs/msg/Float32,200.27096557617188
1774013052.9323883,/metrics/pcl/fused/detections_count,std_msgs/msg/Int32,81
1774013052.9325194,/metrics/pcl/fused/points_in,std_msgs/msg/Int32,51059
1774013052.9325843,/metrics/pcl/fused/processing_ms,std_msgs/msg/Float32,200.5550994873047
1774013053.1313596,/metrics/pcl/fused/detections_count,std_msgs/msg/Int32,74
1774013053.1314776,/metrics/pcl/fused/points_in,std_msgs/msg/Int32,50989
1774013053.1315322,/metrics/pcl/fused/processing_ms,std_msgs/msg/Float32,198.20916748046875
1774013053.3420157,/metrics/pcl/fused/detections_count,std_msgs/msg/Int32,83
1774013053.3421488,/metrics/pcl/fused/points_in,std_msgs/msg/Int32,50900
1774013053.3422482,/metrics/pcl/fused/processing_ms,std_msgs/msg/Float32,209.84475708007812
1774013053.546145,/metrics/pcl/fused/detections_count,std_msgs/msg/Int32,87
1774013053.5462563,/metrics/pcl/fused/points_in,std_msgs/msg/Int32,51074
1774013053.5463212,/metrics/pcl/fused/processing_ms,std_msgs/msg/Float32,203.39999389648438
1774013053.7510011,/metrics/pcl/fused/detections_count,std_msgs/msg/Int32,75
1774013053.751126,/metrics/pcl/fused/points_in,std_msgs/msg/Int32,51056
1774013053.7511911,/metrics/pcl/fused/processing_ms,std_msgs/msg/Float32,204.0365447998047
1774013053.9517078,/metrics/pcl/fused/detections_count,std_msgs/msg/Int32,84
1774013053.9518518,/metrics/pcl/fused/points_in,std_msgs/msg/Int32,51011
1774013053.9519553,/metrics/pcl/fused/processing_ms,std_msgs/msg/Float32,199.95982360839844
1774013054.15072,/metrics/pcl/fused/detections_count,std_msgs/msg/Int32,81
1774013054.1508465,/metrics/pcl/fused/points_in,std_msgs/msg/Int32,50981
1774013054.1509373,/metrics/pcl/fused/processing_ms,std_msgs/msg/Float32,198.15084838867188
1774013054.350395,/metrics/pcl/fused/detections_count,std_msgs/msg/Int32,83
1774013054.35057,/metrics/pcl/fused/points_in,std_msgs/msg/Int32,51036
1774013054.3506804,/metrics/pcl/fused/processing_ms,std_msgs/msg/Float32,198.84414672851562
1774013054.5531456,/metrics/pcl/fused/detections_count,std_msgs/msg/Int32,82
1774013054.5533311,/metrics/pcl/fused/points_in,std_msgs/msg/Int32,50993
1774013054.5534582,/metrics/pcl/fused/processing_ms,std_msgs/msg/Float32,201.8833770751953
1774013054.752028,/metrics/pcl/fused/detections_count,std_msgs/msg/Int32,85
1774013054.7521515,/metrics/pcl/fused/points_in,std_msgs/msg/Int32,51054
1774013054.7522247,/metrics/pcl/fused/processing_ms,std_msgs/msg/Float32,198.1092529296875
1774013054.9467928,/metrics/pcl/fused/detections_count,std_msgs/msg/Int32,88
1774013054.9469328,/metrics/pcl/fused/points_in,std_msgs/msg/Int32,51025
1774013054.9470098,/metrics/pcl/fused/processing_ms,std_msgs/msg/Float32,193.90850830078125
1774013055.1473553,/metrics/pcl/fused/detections_count,std_msgs/msg/Int32,82
1774013055.1474538,/metrics/pcl/fused/points_in,std_msgs/msg/Int32,50980
1774013055.1475062,/metrics/pcl/fused/processing_ms,std_msgs/msg/Float32,199.76519775390625
1774013055.3487482,/metrics/pcl/fused/detections_count,std_msgs/msg/Int32,77
1774013055.3488922,/metrics/pcl/fused/points_in,std_msgs/msg/Int32,51036
1774013055.3489523,/metrics/pcl/fused/processing_ms,std_msgs/msg/Float32,200.6061553955078
1774013055.548982,/metrics/pcl/fused/detections_count,std_msgs/msg/Int32,81
1774013055.5491028,/metrics/pcl/fused/points_in,std_msgs/msg/Int32,51003
1774013055.549159,/metrics/pcl/fused/processing_ms,std_msgs/msg/Float32,199.333251953125
1774013055.7499268,/metrics/pcl/fused/detections_count,std_msgs/msg/Int32,79
1774013055.7500792,/metrics/pcl/fused/points_in,std_msgs/msg/Int32,51137
1774013055.7501752,/metrics/pcl/fused/processing_ms,std_msgs/msg/Float32,200.12408447265625
1774013055.9478526,/metrics/pcl/fused/detections_count,std_msgs/msg/Int32,81
1774013055.9480047,/metrics/pcl/fused/processing_ms,std_msgs/msg/Float32,197.23782348632812
1774013055.948299,/metrics/pcl/fused/points_in,std_msgs/msg/Int32,51192
1774013056.142833,/metrics/pcl/fused/detections_count,std_msgs/msg/Int32,84
1774013056.1429775,/metrics/pcl/fused/points_in,std_msgs/msg/Int32,51129
1774013056.143092,/metrics/pcl/fused/processing_ms,std_msgs/msg/Float32,194.11419677734375
1774013056.3390758,/metrics/pcl/fused/detections_count,std_msgs/msg/Int32,81
1774013056.3391871,/metrics/pcl/fused/points_in,std_msgs/msg/Int32,51187
1774013056.3392534,/metrics/pcl/fused/processing_ms,std_msgs/msg/Float32,195.466552734375
1774013056.5409353,/metrics/pcl/fused/detections_count,std_msgs/msg/Int32,80
1774013056.5410817,/metrics/pcl/fused/points_in,std_msgs/msg/Int32,51027
1774013056.5411859,/metrics/pcl/fused/processing_ms,std_msgs/msg/Float32,201.09645080566406
1774013056.7400808,/metrics/pcl/fused/detections_count,std_msgs/msg/Int32,84
1774013056.7402053,/metrics/pcl/fused/points_in,std_msgs/msg/Int32,51046
1774013056.7402813,/metrics/pcl/fused/processing_ms,std_msgs/msg/Float32,198.41539001464844
1774013056.9410186,/metrics/pcl/fused/detections_count,std_msgs/msg/Int32,80
1774013056.9411316,/metrics/pcl/fused/points_in,std_msgs/msg/Int32,51027
1774013056.941198,/metrics/pcl/fused/processing_ms,std_msgs/msg/Float32,200.12937927246094
1774013057.139062,/metrics/pcl/fused/detections_count,std_msgs/msg/Int32,82
1774013057.139155,/metrics/pcl/fused/points_in,std_msgs/msg/Int32,51154
1774013057.1392086,/metrics/pcl/fused/processing_ms,std_msgs/msg/Float32,197.3082733154297
1774013057.3364294,/metrics/pcl/fused/detections_count,std_msgs/msg/Int32,77
1774013057.336589,/metrics/pcl/fused/points_in,std_msgs/msg/Int32,51075
1774013057.336664,/metrics/pcl/fused/processing_ms,std_msgs/msg/Float32,196.5239715576172
1774013057.9230373,/metrics/pcl/fused/detections_count,std_msgs/msg/Int32,81
1774013057.923198,/metrics/pcl/fused/points_in,std_msgs/msg/Int32,51138
1774013057.923303,/metrics/pcl/fused/processing_ms,std_msgs/msg/Float32,196.59136962890625
1774013058.1555927,/metrics/pcl/fused/detections_count,std_msgs/msg/Int32,86
1774013058.1557155,/metrics/pcl/fused/points_in,std_msgs/msg/Int32,51046
1774013058.1557994,/metrics/pcl/fused/processing_ms,std_msgs/msg/Float32,193.52818298339844
1774013058.3506565,/metrics/pcl/fused/detections_count,std_msgs/msg/Int32,80
1774013058.3507977,/metrics/pcl/fused/points_in,std_msgs/msg/Int32,51109
1774013058.3509188,/metrics/pcl/fused/processing_ms,std_msgs/msg/Float32,194.24957275390625
1774013058.5494306,/metrics/pcl/fused/detections_count,std_msgs/msg/Int32,80
1774013058.5495613,/metrics/pcl/fused/points_in,std_msgs/msg/Int32,51009
1774013058.5496185,/metrics/pcl/fused/processing_ms,std_msgs/msg/Float32,197.7354278564453
1774013059.062412,/metrics/pcl/fused/detections_count,std_msgs/msg/Int32,82
1774013059.0625696,/metrics/pcl/fused/points_in,std_msgs/msg/Int32,51023
1774013059.062664,/metrics/pcl/fused/processing_ms,std_msgs/msg/Float32,197.80752563476562
1774013059.2580287,/metrics/pcl/fused/detections_count,std_msgs/msg/Int32,80
1774013059.2581458,/metrics/pcl/fused/points_in,std_msgs/msg/Int32,51047
1774013059.2582204,/metrics/pcl/fused/processing_ms,std_msgs/msg/Float32,194.93798828125
1774013059.4529614,/metrics/pcl/fused/detections_count,std_msgs/msg/Int32,82
1774013059.4530792,/metrics/pcl/fused/points_in,std_msgs/msg/Int32,51091
1774013059.4531338,/metrics/pcl/fused/processing_ms,std_msgs/msg/Float32,194.1126251220703
1774013059.6607482,/metrics/pcl/fused/detections_count,std_msgs/msg/Int32,80
1774013059.6608648,/metrics/pcl/fused/processing_ms,std_msgs/msg/Float32,199.1531524658203
1774013059.6611135,/metrics/pcl/fused/points_in,std_msgs/msg/Int32,51138
1774013059.8607159,/metrics/pcl/fused/detections_count,std_msgs/msg/Int32,83
1774013059.8609421,/metrics/pcl/fused/points_in,std_msgs/msg/Int32,51069
1774013059.8650565,/metrics/pcl/fused/processing_ms,std_msgs/msg/Float32,199.08580017089844
1774013060.0586774,/metrics/pcl/fused/detections_count,std_msgs/msg/Int32,80
1774013060.0588305,/metrics/pcl/fused/points_in,std_msgs/msg/Int32,51173
1774013060.0589097,/metrics/pcl/fused/processing_ms,std_msgs/msg/Float32,197.10801696777344
1774013060.2583418,/metrics/pcl/fused/detections_count,std_msgs/msg/Int32,80
1774013060.2584412,/metrics/pcl/fused/points_in,std_msgs/msg/Int32,51138
1774013060.258495,/metrics/pcl/fused/processing_ms,std_msgs/msg/Float32,198.81167602539062
1774013060.5687888,/metrics/pcl/fused/detections_count,std_msgs/msg/Int32,78
1774013060.5689778,/metrics/pcl/fused/points_in,std_msgs/msg/Int32,51079
1774013060.5690532,/metrics/pcl/fused/processing_ms,std_msgs/msg/Float32,201.401611328125
1774013060.780471,/metrics/pcl/fused/detections_count,std_msgs/msg/Int32,82
1774013060.7805855,/metrics/pcl/fused/points_in,std_msgs/msg/Int32,51117
1774013060.78065,/metrics/pcl/fused/processing_ms,std_msgs/msg/Float32,196.70762634277344
1774013061.0243952,/metrics/pcl/fused/detections_count,std_msgs/msg/Int32,87
1774013061.0245168,/metrics/pcl/fused/points_in,std_msgs/msg/Int32,51060
1774013061.0245888,/metrics/pcl/fused/processing_ms,std_msgs/msg/Float32,203.22750854492188
1774013061.222055,/metrics/pcl/fused/detections_count,std_msgs/msg/Int32,82
1774013061.2221687,/metrics/pcl/fused/points_in,std_msgs/msg/Int32,51069
1774013061.2222476,/metrics/pcl/fused/processing_ms,std_msgs/msg/Float32,196.9010467529297
1774013061.4920542,/metrics/pcl/fused/detections_count,std_msgs/msg/Int32,82
1774013061.492161,/metrics/pcl/fused/points_in,std_msgs/msg/Int32,51021
1774013061.4922287,/metrics/pcl/fused/processing_ms,std_msgs/msg/Float32,194.83509826660156
1774013061.769543,/metrics/pcl/fused/detections_count,std_msgs/msg/Int32,78
1774013061.7696488,/metrics/pcl/fused/points_in,std_msgs/msg/Int32,51030
1774013061.7697055,/metrics/pcl/fused/processing_ms,std_msgs/msg/Float32,202.72950744628906
1774013062.442999,/metrics/pcl/fused/detections_count,std_msgs/msg/Int32,85
1774013062.4431329,/metrics/pcl/fused/points_in,std_msgs/msg/Int32,51021
1774013062.4432244,/metrics/pcl/fused/processing_ms,std_msgs/msg/Float32,192.21397399902344
1774013062.6633463,/metrics/pcl/fused/detections_count,std_msgs/msg/Int32,89
1774013062.6634793,/metrics/pcl/fused/points_in,std_msgs/msg/Int32,51132
1774013062.663562,/metrics/pcl/fused/processing_ms,std_msgs/msg/Float32,196.13670349121094
1774013062.933816,/metrics/pcl/fused/detections_count,std_msgs/msg/Int32,86
1774013062.9339662,/metrics/pcl/fused/points_in,std_msgs/msg/Int32,51099
1774013062.9340527,/metrics/pcl/fused/processing_ms,std_msgs/msg/Float32,202.12669372558594
1774013063.1422079,/metrics/pcl/fused/detections_count,std_msgs/msg/Int32,87
1774013063.14232,/metrics/pcl/fused/points_in,std_msgs/msg/Int32,51169
1774013063.1423836,/metrics/pcl/fused/processing_ms,std_msgs/msg/Float32,207.5926513671875
1774013063.3468308,/metrics/pcl/fused/detections_count,std_msgs/msg/Int32,78
1774013063.3470056,/metrics/pcl/fused/points_in,std_msgs/msg/Int32,51263
1774013063.3470812,/metrics/pcl/fused/processing_ms,std_msgs/msg/Float32,203.772216796875
1774013063.5522714,/metrics/pcl/fused/detections_count,std_msgs/msg/Int32,81
1774013063.5524154,/metrics/pcl/fused/points_in,std_msgs/msg/Int32,51218
1774013063.552511,/metrics/pcl/fused/processing_ms,std_msgs/msg/Float32,204.71238708496094
1774013063.7651367,/metrics/pcl/fused/detections_count,std_msgs/msg/Int32,82
1774013063.7652562,/metrics/pcl/fused/points_in,std_msgs/msg/Int32,51189
1774013063.7653093,/metrics/pcl/fused/processing_ms,std_msgs/msg/Float32,212.11981201171875
1774013063.9701643,/metrics/pcl/fused/detections_count,std_msgs/msg/Int32,79
1774013063.9703126,/metrics/pcl/fused/points_in,std_msgs/msg/Int32,51253
1774013063.9703856,/metrics/pcl/fused/processing_ms,std_msgs/msg/Float32,204.20582580566406
1774013064.1749835,/metrics/pcl/fused/detections_count,std_msgs/msg/Int32,87
1774013064.1750877,/metrics/pcl/fused/points_in,std_msgs/msg/Int32,51192
1774013064.1751416,/metrics/pcl/fused/processing_ms,std_msgs/msg/Float32,203.5826416015625
1774013064.3784907,/metrics/pcl/fused/detections_count,std_msgs/msg/Int32,86
1774013064.3786464,/metrics/pcl/fused/points_in,std_msgs/msg/Int32,51234
1774013064.3787427,/metrics/pcl/fused/processing_ms,std_msgs/msg/Float32,202.8060760498047
1774013064.5855362,/metrics/pcl/fused/detections_count,std_msgs/msg/Int32,82
1774013064.585651,/metrics/pcl/fused/points_in,std_msgs/msg/Int32,51297
1774013064.5857067,/metrics/pcl/fused/processing_ms,std_msgs/msg/Float32,206.15345764160156
1774013064.789824,/metrics/pcl/fused/detections_count,std_msgs/msg/Int32,76
1774013064.7899458,/metrics/pcl/fused/points_in,std_msgs/msg/Int32,51250
1774013064.7900126,/metrics/pcl/fused/processing_ms,std_msgs/msg/Float32,203.34686279296875
1774013064.989286,/metrics/pcl/fused/detections_count,std_msgs/msg/Int32,82
1774013064.9894068,/metrics/pcl/fused/points_in,std_msgs/msg/Int32,51158
1774013064.989485,/metrics/pcl/fused/processing_ms,std_msgs/msg/Float32,198.7203826904297
1774013065.1846793,/metrics/pcl/fused/detections_count,std_msgs/msg/Int32,82
1774013065.184813,/metrics/pcl/fused/points_in,std_msgs/msg/Int32,51297
1774013065.184904,/metrics/pcl/fused/processing_ms,std_msgs/msg/Float32,194.44215393066406
