stamp_sec,topic,type,value
1774009984.767563,/metrics/pcl/fused/detections_count,std_msgs/msg/Int32,21
1774009984.7677617,/metrics/pcl/fused/points_in,std_msgs/msg/Int32,15124
1774009984.7679257,/metrics/pcl/fused/processing_ms,std_msgs/msg/Float32,127.02670288085938
1774009984.8946216,/metrics/pcl/fused/detections_count,std_msgs/msg/Int32,21
1774009984.8947964,/metrics/pcl/fused/points_in,std_msgs/msg/Int32,15119
1774009984.8949635,/metrics/pcl/fused/processing_ms,std_msgs/msg/Float32,125.77809143066406
1774009985.0385728,/metrics/pcl/fused/detections_count,std_msgs/msg/Int32,19
1774009985.0388262,/metrics/pcl/fused/points_in,std_msgs/msg/Int32,15085
1774009985.0390704,/metrics/pcl/fused/processing_ms,std_msgs/msg/Float32,121.90719604492188
1774009985.1632576,/metrics/pcl/fused/detections_count,std_msgs/msg/Int32,24
1774009985.163476,/metrics/pcl/fused/points_in,std_msgs/msg/Int32,15110
1774009985.1636267,/metrics/pcl/fused/processing_ms,std_msgs/msg/Float32,124.19473266601562
1774009985.291551,/metrics/pcl/fused/detections_count,std_msgs/msg/Int32,23
1774009985.2918017,/metrics/pcl/fused/points_in,std_msgs/msg/Int32,15050
1774009985.2919152,/metrics/pcl/fused/processing_ms,std_msgs/msg/Float32,127.66875457763672
1774009985.4351838,/metrics/pcl/fused/detections_count,std_msgs/msg/Int32,17
1774009985.4354076,/metrics/pcl/fused/points_in,std_msgs/msg/Int32,15072
1774009985.4355314,/metrics/pcl/fused/processing_ms,std_msgs/msg/Float32,120.57737731933594
1774009985.5553055,/metrics/pcl/fused/detections_count,std_msgs/msg/Int32,21
1774009985.5554936,/metrics/pcl/fused/points_in,std_msgs/msg/Int32,15092
1774009985.5556278,/metrics/pcl/fused/processing_ms,std_msgs/msg/Float32,119.71456146240234
1774009985.6818428,/metrics/pcl/fused/detections_count,std_msgs/msg/Int32,23
1774009985.6821504,/metrics/pcl/fused/points_in,std_msgs/msg/Int32,15132
1774009985.6822653,/metrics/pcl/fused/processing_ms,std_msgs/msg/Float32,125.92583465576172
1774009986.057752,/metrics/pcl/fused/detections_count,std_msgs/msg/Int32,43
1774009986.058006,/metrics/pcl/fused/points_in,std_msgs/msg/Int32,28221
1774009986.058144,/metrics/pcl/fused/processing_ms,std_msgs/msg/Float32,225.3143768310547
1774009986.3473976,/metrics/pcl/fused/detections_count,std_msgs/msg/Int32,48
1774009986.347564,/metrics/pcl/fused/points_in,std_msgs/msg/Int32,28153
1774009986.3476973,/metrics/pcl/fused/processing_ms,std_msgs/msg/Float32,219.23460388183594
1774009986.6495206,/metrics/pcl/fused/detections_count,std_msgs/msg/Int32,44
1774009986.649725,/metrics/pcl/fused/points_in,std_msgs/msg/Int32,28115
1774009986.649837,/metrics/pcl/fused/processing_ms,std_msgs/msg/Float32,225.00588989257812
1774009986.948953,/metrics/pcl/fused/detections_count,std_msgs/msg/Int32,42
1774009986.9491525,/metrics/pcl/fused/points_in,std_msgs/msg/Int32,28050
1774009986.9492626,/metrics/pcl/fused/processing_ms,std_msgs/msg/Float32,221.7238006591797
1774009987.8717253,/metrics/pcl/fused/detections_count,std_msgs/msg/Int32,54
1774009987.871954,/metrics/pcl/fused/points_in,std_msgs/msg/Int32,41909
1774009987.8721273,/metrics/pcl/fused/processing_ms,std_msgs/msg/Float32,333.1550598144531
1774009988.2646203,/metrics/pcl/fused/detections_count,std_msgs/msg/Int32,50
1774009988.2648091,/metrics/pcl/fused/points_in,std_msgs/msg/Int32,41812
1774009988.2649934,/metrics/pcl/fused/processing_ms,std_msgs/msg/Float32,328.99432373046875
1774009988.664252,/metrics/pcl/fused/detections_count,std_msgs/msg/Int32,53
1774009988.6644979,/metrics/pcl/fused/points_in,std_msgs/msg/Int32,41928
1774009988.6646304,/metrics/pcl/fused/processing_ms,std_msgs/msg/Float32,335.8851318359375
1774009989.0613525,/metrics/pcl/fused/detections_count,std_msgs/msg/Int32,53
1774009989.061522,/metrics/pcl/fused/points_in,std_msgs/msg/Int32,41907
1774009989.061673,/metrics/pcl/fused/processing_ms,std_msgs/msg/Float32,327.6199951171875
1774009989.4703236,/metrics/pcl/fused/detections_count,std_msgs/msg/Int32,56
1774009989.4705596,/metrics/pcl/fused/points_in,std_msgs/msg/Int32,41982
1774009989.4707127,/metrics/pcl/fused/processing_ms,std_msgs/msg/Float32,343.57843017578125
1774009989.8776584,/metrics/pcl/fused/detections_count,std_msgs/msg/Int32,57
1774009989.877837,/metrics/pcl/fused/points_in,std_msgs/msg/Int32,41944
1774009989.8780243,/metrics/pcl/fused/processing_ms,std_msgs/msg/Float32,328.608642578125
1774009990.995143,/metrics/pcl/fused/detections_count,std_msgs/msg/Int32,83
1774009990.9953558,/metrics/pcl/fused/points_in,std_msgs/msg/Int32,55031
1774009990.9955232,/metrics/pcl/fused/processing_ms,std_msgs/msg/Float32,443.4556884765625
1774009991.4862711,/metrics/pcl/fused/detections_count,std_msgs/msg/Int32,78
1774009991.4864528,/metrics/pcl/fused/points_in,std_msgs/msg/Int32,54972
1774009991.4865885,/metrics/pcl/fused/processing_ms,std_msgs/msg/Float32,428.7096862792969
1774009991.9838166,/metrics/pcl/fused/detections_count,std_msgs/msg/Int32,78
1774009991.9841049,/metrics/pcl/fused/points_in,std_msgs/msg/Int32,55019
1774009991.9842248,/metrics/pcl/fused/processing_ms,std_msgs/msg/Float32,428.875732421875
1774009992.4974616,/metrics/pcl/fused/detections_count,std_msgs/msg/Int32,74
1774009992.4977007,/metrics/pcl/fused/points_in,std_msgs/msg/Int32,54929
1774009992.497835,/metrics/pcl/fused/processing_ms,std_msgs/msg/Float32,434.842041015625
1774009992.9709854,/metrics/pcl/fused/detections_count,std_msgs/msg/Int32,78
1774009992.9712985,/metrics/pcl/fused/points_in,std_msgs/msg/Int32,55025
1774009992.9715033,/metrics/pcl/fused/processing_ms,std_msgs/msg/Float32,421.4768981933594
1774009993.7825837,/metrics/pcl/fused/detections_count,std_msgs/msg/Int32,80
1774009993.782773,/metrics/pcl/fused/points_in,std_msgs/msg/Int32,54963
1774009993.782854,/metrics/pcl/fused/processing_ms,std_msgs/msg/Float32,306.2266845703125
1774009994.0936105,/metrics/pcl/fused/detections_count,std_msgs/msg/Int32,79
1774009994.0937333,/metrics/pcl/fused/points_in,std_msgs/msg/Int32,55059
1774009994.0937924,/metrics/pcl/fused/processing_ms,std_msgs/msg/Float32,268.1175537109375
1774009994.666538,/metrics/pcl/fused/detections_count,std_msgs/msg/Int32,81
1774009994.6666815,/metrics/pcl/fused/points_in,std_msgs/msg/Int32,55068
1774009994.6667485,/metrics/pcl/fused/processing_ms,std_msgs/msg/Float32,220.1914825439453
1774009994.9512339,/metrics/pcl/fused/detections_count,std_msgs/msg/Int32,78
1774009994.951343,/metrics/pcl/fused/points_in,std_msgs/msg/Int32,55101
1774009994.9514043,/metrics/pcl/fused/processing_ms,std_msgs/msg/Float32,214.79248046875
1774009995.2473004,/metrics/pcl/fused/detections_count,std_msgs/msg/Int32,78
1774009995.2474198,/metrics/pcl/fused/points_in,std_msgs/msg/Int32,55040
1774009995.247478,/metrics/pcl/fused/processing_ms,std_msgs/msg/Float32,212.1908416748047
1774009995.5464392,/metrics/pcl/fused/detections_count,std_msgs/msg/Int32,78
1774009995.5465472,/metrics/pcl/fused/points_in,std_msgs/msg/Int32,55111
1774009995.546603,/metrics/pcl/fused/processing_ms,std_msgs/msg/Float32,214.9983367919922
1774009995.8622386,/metrics/pcl/fused/detections_count,std_msgs/msg/Int32,75
1774009995.862369,/metrics/pcl/fused/points_in,std_msgs/msg/Int32,55077
1774009995.8624485,/metrics/pcl/fused/processing_ms,std_msgs/msg/Float32,223.84405517578125
1774009996.1667604,/metrics/pcl/fused/detections_count,std_msgs/msg/Int32,87
1774009996.1668844,/metrics/pcl/fused/points_in,std_msgs/msg/Int32,55081
1774009996.1669679,/metrics/pcl/fused/processing_ms,std_msgs/msg/Float32,223.95477294921875
1774009996.450205,/metrics/pcl/fused/detections_count,std_msgs/msg/Int32,80
1774009996.4503229,/metrics/pcl/fused/points_in,std_msgs/msg/Int32,54989
1774009996.4503853,/metrics/pcl/fused/processing_ms,std_msgs/msg/Float32,215.44464111328125
1774009996.762518,/metrics/pcl/fused/detections_count,std_msgs/msg/Int32,78
1774009996.7626336,/metrics/pcl/fused/points_in,std_msgs/msg/Int32,55034
1774009996.7627065,/metrics/pcl/fused/processing_ms,std_msgs/msg/Float32,223.15628051757812
1774009997.057688,/metrics/pcl/fused/detections_count,std_msgs/msg/Int32,85
1774009997.0577946,/metrics/pcl/fused/points_in,std_msgs/msg/Int32,55142
1774009997.0578678,/metrics/pcl/fused/processing_ms,std_msgs/msg/Float32,222.9772491455078
1774009997.3750143,/metrics/pcl/fused/detections_count,std_msgs/msg/Int32,75
1774009997.3751378,/metrics/pcl/fused/points_in,std_msgs/msg/Int32,55036
1774009997.3752017,/metrics/pcl/fused/processing_ms,std_msgs/msg/Float32,220.95901489257812
1774009997.66065,/metrics/pcl/fused/detections_count,std_msgs/msg/Int32,76
1774009997.6607485,/metrics/pcl/fused/points_in,std_msgs/msg/Int32,55036
1774009997.6608036,/metrics/pcl/fused/processing_ms,std_msgs/msg/Float32,223.87564086914062
1774009997.9673464,/metrics/pcl/fused/detections_count,std_msgs/msg/Int32,78
1774009997.9674695,/metrics/pcl/fused/points_in,std_msgs/msg/Int32,55006
1774009997.9675477,/metrics/pcl/fused/processing_ms,std_msgs/msg/Float32,232.18309020996094
1774009998.264327,/metrics/pcl/fused/detections_count,std_msgs/msg/Int32,80
1774009998.2644434,/metrics/pcl/fused/points_in,std_msgs/msg/Int32,55046
1774009998.2645195,/metrics/pcl/fused/processing_ms,std_msgs/msg/Float32,218.0330352783203
1774009998.554227,/metrics/pcl/fused/detections_count,std_msgs/msg/Int32,84
1774009998.5543263,/metrics/pcl/fused/points_in,std_msgs/msg/Int32,54987
1774009998.5543783,/metrics/pcl/fused/processing_ms,std_msgs/msg/Float32,221.26658630371094
1774009998.8665986,/metrics/pcl/fused/detections_count,std_msgs/msg/Int32,78
1774009998.86675,/metrics/pcl/fused/points_in,std_msgs/msg/Int32,54997
1774009998.8668275,/metrics/pcl/fused/processing_ms,std_msgs/msg/Float32,222.16221618652344
1774009999.1598327,/metrics/pcl/fused/detections_count,std_msgs/msg/Int32,75
1774009999.1599631,/metrics/pcl/fused/points_in,std_msgs/msg/Int32,55066
1774009999.1639712,/metrics/pcl/fused/processing_ms,std_msgs/msg/Float32,224.15147399902344
1774009999.4508271,/metrics/pcl/fused/detections_count,std_msgs/msg/Int32,77
1774009999.4509974,/metrics/pcl/fused/points_in,std_msgs/msg/Int32,54995
1774009999.4510708,/metrics/pcl/fused/processing_ms,std_msgs/msg/Float32,220.21554565429688
1774009999.758518,/metrics/pcl/fused/detections_count,std_msgs/msg/Int32,82
1774009999.758639,/metrics/pcl/fused/points_in,std_msgs/msg/Int32,54986
1774009999.758703,/metrics/pcl/fused/processing_ms,std_msgs/msg/Float32,223.29275512695312
1774010000.0643585,/metrics/pcl/fused/detections_count,std_msgs/msg/Int32,76
1774010000.0644834,/metrics/pcl/fused/points_in,std_msgs/msg/Int32,55017
1774010000.0645485,/metrics/pcl/fused/processing_ms,std_msgs/msg/Float32,224.4773712158203
1774010000.3553455,/metrics/pcl/fused/detections_count,std_msgs/msg/Int32,79
1774010000.3554552,/metrics/pcl/fused/points_in,std_msgs/msg/Int32,55034
1774010000.3555164,/metrics/pcl/fused/processing_ms,std_msgs/msg/Float32,222.62628173828125
1774010000.6523962,/metrics/pcl/fused/detections_count,std_msgs/msg/Int32,82
1774010000.6525264,/metrics/pcl/fused/points_in,std_msgs/msg/Int32,55112
1774010000.6526034,/metrics/pcl/fused/processing_ms,std_msgs/msg/Float32,215.8392791748047
1774010000.952943,/metrics/pcl/fused/detections_count,std_msgs/msg/Int32,79
1774010000.9530559,/metrics/pcl/fused/points_in,std_msgs/msg/Int32,55047
1774010000.9531214,/metrics/pcl/fused/processing_ms,std_msgs/msg/Float32,221.8840789794922
1774010001.247543,/metrics/pcl/fused/detections_count,std_msgs/msg/Int32,74
1774010001.247639,/metrics/pcl/fused/points_in,std_msgs/msg/Int32,55090
1774010001.2476907,/metrics/pcl/fused/processing_ms,std_msgs/msg/Float32,214.02078247070312
1774010001.5514457,/metrics/pcl/fused/detections_count,std_msgs/msg/Int32,77
1774010001.5515528,/metrics/pcl/fused/points_in,std_msgs/msg/Int32,55059
1774010001.5516047,/metrics/pcl/fused/processing_ms,std_msgs/msg/Float32,223.35528564453125
1774010001.8588822,/metrics/pcl/fused/detections_count,std_msgs/msg/Int32,83
1774010001.8590226,/metrics/pcl/fused/points_in,std_msgs/msg/Int32,55022
1774010001.8590865,/metrics/pcl/fused/processing_ms,std_msgs/msg/Float32,221.59410095214844
1774010002.153253,/metrics/pcl/fused/detections_count,std_msgs/msg/Int32,78
1774010002.1533868,/metrics/pcl/fused/points_in,std_msgs/msg/Int32,55160
1774010002.1534655,/metrics/pcl/fused/processing_ms,std_msgs/msg/Float32,219.54490661621094
1774010002.4445078,/metrics/pcl/fused/detections_count,std_msgs/msg/Int32,83
1774010002.4446256,/metrics/pcl/fused/points_in,std_msgs/msg/Int32,54896
1774010002.4447014,/metrics/pcl/fused/processing_ms,std_msgs/msg/Float32,217.07131958007812
1774010002.7533371,/metrics/pcl/fused/detections_count,std_msgs/msg/Int32,80
1774010002.753451,/metrics/pcl/fused/points_in,std_msgs/msg/Int32,55017
1774010002.7535145,/metrics/pcl/fused/processing_ms,std_msgs/msg/Float32,217.9831085205078
1774010003.0552475,/metrics/pcl/fused/detections_count,std_msgs/msg/Int32,80
1774010003.055364,/metrics/pcl/fused/points_in,std_msgs/msg/Int32,55009
1774010003.055428,/metrics/pcl/fused/processing_ms,std_msgs/msg/Float32,217.9481658935547
1774010003.3483098,/metrics/pcl/fused/detections_count,std_msgs/msg/Int32,89
1774010003.3484325,/metrics/pcl/fused/points_in,std_msgs/msg/Int32,54919
1774010003.3485048,/metrics/pcl/fused/processing_ms,std_msgs/msg/Float32,207.3721160888672
1774010003.6621945,/metrics/pcl/fused/detections_count,std_msgs/msg/Int32,82
1774010003.6623614,/metrics/pcl/fused/points_in,std_msgs/msg/Int32,54999
1774010003.662455,/metrics/pcl/fused/processing_ms,std_msgs/msg/Float32,228.2640838623047
1774010003.9592764,/metrics/pcl/fused/detections_count,std_msgs/msg/Int32,81
1774010003.9593856,/metrics/pcl/fused/points_in,std_msgs/msg/Int32,55099
1774010003.9594483,/metrics/pcl/fused/processing_ms,std_msgs/msg/Float32,219.24160766601562
1774010004.2522388,/metrics/pcl/fused/detections_count,std_msgs/msg/Int32,84
1774010004.2523496,/metrics/pcl/fused/points_in,std_msgs/msg/Int32,54922
1774010004.2524407,/metrics/pcl/fused/processing_ms,std_msgs/msg/Float32,217.449462890625
1774010004.5536716,/metrics/pcl/fused/detections_count,std_msgs/msg/Int32,84
1774010004.5537982,/metrics/pcl/fused/points_in,std_msgs/msg/Int32,54983
1774010004.553864,/metrics/pcl/fused/processing_ms,std_msgs/msg/Float32,220.92393493652344
1774010004.8564968,/metrics/pcl/fused/detections_count,std_msgs/msg/Int32,77
1774010004.8566203,/metrics/pcl/fused/points_in,std_msgs/msg/Int32,54995
1774010004.8567274,/metrics/pcl/fused/processing_ms,std_msgs/msg/Float32,220.17852783203125
1774010005.1569986,/metrics/pcl/fused/detections_count,std_msgs/msg/Int32,80
1774010005.1571069,/metrics/pcl/fused/points_in,std_msgs/msg/Int32,55030
1774010005.1571698,/metrics/pcl/fused/processing_ms,std_msgs/msg/Float32,222.49952697753906
1774010005.4512067,/metrics/pcl/fused/detections_count,std_msgs/msg/Int32,80
1774010005.4514089,/metrics/pcl/fused/points_in,std_msgs/msg/Int32,55035
1774010005.4515278,/metrics/pcl/fused/processing_ms,std_msgs/msg/Float32,217.49517822265625
1774010005.7566426,/metrics/pcl/fused/detections_count,std_msgs/msg/Int32,82
1774010005.7567575,/metrics/pcl/fused/points_in,std_msgs/msg/Int32,54963
1774010005.7568243,/metrics/pcl/fused/processing_ms,std_msgs/msg/Float32,217.0277862548828
1774010006.0544348,/metrics/pcl/fused/detections_count,std_msgs/msg/Int32,81
1774010006.0545335,/metrics/pcl/fused/points_in,std_msgs/msg/Int32,55110
1774010006.054588,/metrics/pcl/fused/processing_ms,std_msgs/msg/Float32,215.7648162841797
1774010006.3494477,/metrics/pcl/fused/detections_count,std_msgs/msg/Int32,83
1774010006.3496077,/metrics/pcl/fused/points_in,std_msgs/msg/Int32,54930
1774010006.3496983,/metrics/pcl/fused/processing_ms,std_msgs/msg/Float32,213.62380981445312
1774010006.6554494,/metrics/pcl/fused/detections_count,std_msgs/msg/Int32,83
1774010006.655569,/metrics/pcl/fused/points_in,std_msgs/msg/Int32,55113
1774010006.6556337,/metrics/pcl/fused/processing_ms,std_msgs/msg/Float32,218.25103759765625
1774010006.952942,/metrics/pcl/fused/detections_count,std_msgs/msg/Int32,80
1774010006.953049,/metrics/pcl/fused/points_in,std_msgs/msg/Int32,55096
1774010006.9531138,/metrics/pcl/fused/processing_ms,std_msgs/msg/Float32,214.48501586914062
1774010007.256077,/metrics/pcl/fused/detections_count,std_msgs/msg/Int32,83
1774010007.2562015,/metrics/pcl/fused/points_in,std_msgs/msg/Int32,54936
1774010007.2562654,/metrics/pcl/fused/processing_ms,std_msgs/msg/Float32,217.9681396484375
1774010007.5537477,/metrics/pcl/fused/detections_count,std_msgs/msg/Int32,80
1774010007.5538607,/metrics/pcl/fused/points_in,std_msgs/msg/Int32,55034
1774010007.5539563,/metrics/pcl/fused/processing_ms,std_msgs/msg/Float32,220.1222381591797
1774010007.8651161,/metrics/pcl/fused/detections_count,std_msgs/msg/Int32,82
1774010007.8652444,/metrics/pcl/fused/points_in,std_msgs/msg/Int32,54958
1774010007.8653102,/metrics/pcl/fused/processing_ms,std_msgs/msg/Float32,219.25990295410156
1774010008.1570785,/metrics/pcl/fused/detections_count,std_msgs/msg/Int32,77
1774010008.1571887,/metrics/pcl/fused/points_in,std_msgs/msg/Int32,54965
1774010008.1572523,/metrics/pcl/fused/processing_ms,std_msgs/msg/Float32,217.95741271972656
1774010008.4538102,/metrics/pcl/fused/detections_count,std_msgs/msg/Int32,81
1774010008.4539692,/metrics/pcl/fused/points_in,std_msgs/msg/Int32,54962
1774010008.454039,/metrics/pcl/fused/processing_ms,std_msgs/msg/Float32,217.593017578125
1774010008.7642553,/metrics/pcl/fused/detections_count,std_msgs/msg/Int32,81
1774010008.7643678,/metrics/pcl/fused/points_in,std_msgs/msg/Int32,54943
1774010008.7644303,/metrics/pcl/fused/processing_ms,std_msgs/msg/Float32,218.64073181152344
1774010009.0607445,/metrics/pcl/fused/detections_count,std_msgs/msg/Int32,84
1774010009.0608602,/metrics/pcl/fused/points_in,std_msgs/msg/Int32,54953
1774010009.0609534,/metrics/pcl/fused/processing_ms,std_msgs/msg/Float32,219.41690063476562
1774010009.3555908,/metrics/pcl/fused/detections_count,std_msgs/msg/Int32,84
1774010009.3557086,/metrics/pcl/fused/points_in,std_msgs/msg/Int32,55059
1774010009.355795,/metrics/pcl/fused/processing_ms,std_msgs/msg/Float32,214.99713134765625
1774010009.6597102,/metrics/pcl/fused/detections_count,std_msgs/msg/Int32,85
1774010009.6598227,/metrics/pcl/fused/points_in,std_msgs/msg/Int32,54965
1774010009.6599019,/metrics/pcl/fused/processing_ms,std_msgs/msg/Float32,219.64271545410156
1774010009.9615865,/metrics/pcl/fused/detections_count,std_msgs/msg/Int32,80
1774010009.961714,/metrics/pcl/fused/points_in,std_msgs/msg/Int32,55048
1774010009.961791,/metrics/pcl/fused/processing_ms,std_msgs/msg/Float32,218.5351104736328
1774010010.271749,/metrics/pcl/fused/detections_count,std_msgs/msg/Int32,78
1774010010.2718601,/metrics/pcl/fused/points_in,std_msgs/msg/Int32,54983
1774010010.2719512,/metrics/pcl/fused/processing_ms,std_msgs/msg/Float32,223.35227966308594
1774010010.568054,/metrics/pcl/fused/detections_count,std_msgs/msg/Int32,81
1774010010.568169,/metrics/pcl/fused/points_in,std_msgs/msg/Int32,55043
1774010010.5682435,/metrics/pcl/fused/processing_ms,std_msgs/msg/Float32,225.3629913330078
1774010010.8688934,/metrics/pcl/fused/detections_count,std_msgs/msg/Int32,83
1774010010.8690283,/metrics/pcl/fused/points_in,std_msgs/msg/Int32,55032
1774010010.8690941,/metrics/pcl/fused/processing_ms,std_msgs/msg/Float32,225.54278564453125
1774010011.1701112,/metrics/pcl/fused/detections_count,std_msgs/msg/Int32,78
1774010011.1702228,/metrics/pcl/fused/points_in,std_msgs/msg/Int32,55053
1774010011.1702855,/metrics/pcl/fused/processing_ms,std_msgs/msg/Float32,222.419677734375
1774010011.4633336,/metrics/pcl/fused/detections_count,std_msgs/msg/Int32,83
1774010011.4634404,/metrics/pcl/fused/points_in,std_msgs/msg/Int32,55015
1774010011.4635,/metrics/pcl/fused/processing_ms,std_msgs/msg/Float32,221.6632843017578
1774010011.8105245,/metrics/pcl/fused/detections_count,std_msgs/msg/Int32,79
1774010011.810637,/metrics/pcl/fused/points_in,std_msgs/msg/Int32,54878
1774010011.810842,/metrics/pcl/fused/processing_ms,std_msgs/msg/Float32,229.79104614257812
1774010012.0692847,/metrics/pcl/fused/detections_count,std_msgs/msg/Int32,84
1774010012.0694015,/metrics/pcl/fused/points_in,std_msgs/msg/Int32,54972
1774010012.069467,/metrics/pcl/fused/processing_ms,std_msgs/msg/Float32,221.5970458984375
1774010012.359282,/metrics/pcl/fused/detections_count,std_msgs/msg/Int32,77
1774010012.3594,/metrics/pcl/fused/points_in,std_msgs/msg/Int32,55035
1774010012.359466,/metrics/pcl/fused/processing_ms,std_msgs/msg/Float32,214.95571899414062
1774010012.6502905,/metrics/pcl/fused/detections_count,std_msgs/msg/Int32,81
1774010012.6504018,/metrics/pcl/fused/points_in,std_msgs/msg/Int32,55057
1774010012.6504636,/metrics/pcl/fused/processing_ms,std_msgs/msg/Float32,216.83644104003906
1774010012.9624972,/metrics/pcl/fused/detections_count,std_msgs/msg/Int32,76
1774010012.9626126,/metrics/pcl/fused/points_in,std_msgs/msg/Int32,55029
1774010012.9626782,/metrics/pcl/fused/processing_ms,std_msgs/msg/Float32,224.29551696777344
1774010013.258336,/metrics/pcl/fused/detections_count,std_msgs/msg/Int32,82
1774010013.2584653,/metrics/pcl/fused/points_in,std_msgs/msg/Int32,54983
1774010013.2585309,/metrics/pcl/fused/processing_ms,std_msgs/msg/Float32,220.38304138183594
1774010013.5487933,/metrics/pcl/fused/detections_count,std_msgs/msg/Int32,81
1774010013.5489314,/metrics/pcl/fused/points_in,std_msgs/msg/Int32,55112
1774010013.549006,/metrics/pcl/fused/processing_ms,std_msgs/msg/Float32,215.27603149414062
1774010013.8630905,/metrics/pcl/fused/detections_count,std_msgs/msg/Int32,77
1774010013.863202,/metrics/pcl/fused/points_in,std_msgs/msg/Int32,55029
1774010013.8632658,/metrics/pcl/fused/processing_ms,std_msgs/msg/Float32,224.030517578125
1774010014.1596224,/metrics/pcl/fused/detections_count,std_msgs/msg/Int32,80
1774010014.1597376,/metrics/pcl/fused/points_in,std_msgs/msg/Int32,54946
1774010014.1598039,/metrics/pcl/fused/processing_ms,std_msgs/msg/Float32,220.97845458984375
1774010014.4470398,/metrics/pcl/fused/detections_count,std_msgs/msg/Int32,82
1774010014.447164,/metrics/pcl/fused/points_in,std_msgs/msg/Int32,55044
1774010014.4512198,/metrics/pcl/fused/processing_ms,std_msgs/msg/Float32,215.39279174804688
1774010014.7539217,/metrics/pcl/fused/detections_count,std_msgs/msg/Int32,85
1774010014.7540514,/metrics/pcl/fused/points_in,std_msgs/msg/Int32,54949
1774010014.7541401,/metrics/pcl/fused/processing_ms,std_msgs/msg/Float32,215.97879028320312
1774010015.3465095,/metrics/pcl/fused/detections_count,std_msgs/msg/Int32,80
1774010015.3466117,/metrics/pcl/fused/points_in,std_msgs/msg/Int32,54988
1774010015.3466666,/metrics/pcl/fused/processing_ms,std_msgs/msg/Float32,213.75816345214844
1774010015.6563473,/metrics/pcl/fused/detections_count,std_msgs/msg/Int32,77
1774010015.6564803,/metrics/pcl/fused/points_in,std_msgs/msg/Int32,54962
1774010015.6565607,/metrics/pcl/fused/processing_ms,std_msgs/msg/Float32,223.8169403076172
1774010015.9550176,/metrics/pcl/fused/detections_count,std_msgs/msg/Int32,80
1774010015.955158,/metrics/pcl/fused/points_in,std_msgs/msg/Int32,54890
1774010015.9552424,/metrics/pcl/fused/processing_ms,std_msgs/msg/Float32,213.9268035888672
1774010016.2525651,/metrics/pcl/fused/detections_count,std_msgs/msg/Int32,81
1774010016.2526758,/metrics/pcl/fused/points_in,std_msgs/msg/Int32,54680
1774010016.25274,/metrics/pcl/fused/processing_ms,std_msgs/msg/Float32,216.53353881835938
1774010016.5508447,/metrics/pcl/fused/detections_count,std_msgs/msg/Int32,81
1774010016.5509906,/metrics/pcl/fused/points_in,std_msgs/msg/Int32,54649
1774010016.5510716,/metrics/pcl/fused/processing_ms,std_msgs/msg/Float32,217.14065551757812
1774010016.8598247,/metrics/pcl/fused/detections_count,std_msgs/msg/Int32,83
1774010016.859967,/metrics/pcl/fused/points_in,std_msgs/msg/Int32,54699
1774010016.8600543,/metrics/pcl/fused/processing_ms,std_msgs/msg/Float32,218.32943725585938
1774010017.1599731,/metrics/pcl/fused/detections_count,std_msgs/msg/Int32,83
1774010017.160086,/metrics/pcl/fused/points_in,std_msgs/msg/Int32,54856
1774010017.1601505,/metrics/pcl/fused/processing_ms,std_msgs/msg/Float32,221.04490661621094
1774010017.765415,/metrics/pcl/fused/detections_count,std_msgs/msg/Int32,83
1774010017.7655277,/metrics/pcl/fused/points_in,std_msgs/msg/Int32,55011
1774010017.7655935,/metrics/pcl/fused/processing_ms,std_msgs/msg/Float32,228.39254760742188
1774010018.0639884,/metrics/pcl/fused/detections_count,std_msgs/msg/Int32,85
1774010018.0641065,/metrics/pcl/fused/points_in,std_msgs/msg/Int32,55107
1774010018.0641708,/metrics/pcl/fused/processing_ms,std_msgs/msg/Float32,221.72462463378906
1774010018.363497,/metrics/pcl/fused/detections_count,std_msgs/msg/Int32,83
1774010018.3636088,/metrics/pcl/fused/points_in,std_msgs/msg/Int32,55072
1774010018.363671,/metrics/pcl/fused/processing_ms,std_msgs/msg/Float32,221.67901611328125
1774010018.651089,/metrics/pcl/fused/detections_count,std_msgs/msg/Int32,87
1774010018.6511931,/metrics/pcl/fused/points_in,std_msgs/msg/Int32,54869
1774010018.6512485,/metrics/pcl/fused/processing_ms,std_msgs/msg/Float32,217.37232971191406
1774010018.9601953,/metrics/pcl/fused/detections_count,std_msgs/msg/Int32,83
1774010018.9603243,/metrics/pcl/fused/points_in,std_msgs/msg/Int32,54905
1774010018.9603994,/metrics/pcl/fused/processing_ms,std_msgs/msg/Float32,221.1428985595703
1774010019.2647629,/metrics/pcl/fused/detections_count,std_msgs/msg/Int32,79
1774010019.2648873,/metrics/pcl/fused/points_in,std_msgs/msg/Int32,54773
1774010019.2649682,/metrics/pcl/fused/processing_ms,std_msgs/msg/Float32,224.4986572265625
1774010019.5531902,/metrics/pcl/fused/detections_count,std_msgs/msg/Int32,80
1774010019.553299,/metrics/pcl/fused/points_in,std_msgs/msg/Int32,54716
1774010019.5533621,/metrics/pcl/fused/processing_ms,std_msgs/msg/Float32,220.28384399414062
1774010019.869289,/metrics/pcl/fused/detections_count,std_msgs/msg/Int32,75
1774010019.8693924,/metrics/pcl/fused/points_in,std_msgs/msg/Int32,54646
1774010019.8694487,/metrics/pcl/fused/processing_ms,std_msgs/msg/Float32,223.42381286621094
1774010020.1579218,/metrics/pcl/fused/detections_count,std_msgs/msg/Int32,77
1774010020.158036,/metrics/pcl/fused/points_in,std_msgs/msg/Int32,54607
1774010020.1581001,/metrics/pcl/fused/processing_ms,std_msgs/msg/Float32,216.10586547851562
1774010020.4512918,/metrics/pcl/fused/detections_count,std_msgs/msg/Int32,75
1774010020.451403,/metrics/pcl/fused/points_in,std_msgs/msg/Int32,54554
1774010020.4514651,/metrics/pcl/fused/processing_ms,std_msgs/msg/Float32,215.40313720703125
1774010020.7616735,/metrics/pcl/fused/detections_count,std_msgs/msg/Int32,80
1774010020.7617743,/metrics/pcl/fused/points_in,std_msgs/msg/Int32,54704
1774010020.761828,/metrics/pcl/fused/processing_ms,std_msgs/msg/Float32,226.80709838867188
1774010021.0711646,/metrics/pcl/fused/detections_count,std_msgs/msg/Int32,80
1774010021.0712907,/metrics/pcl/fused/points_in,std_msgs/msg/Int32,54169
1774010021.0713658,/metrics/pcl/fused/processing_ms,std_msgs/msg/Float32,228.00244140625
1774010021.360967,/metrics/pcl/fused/detections_count,std_msgs/msg/Int32,76
1774010021.3610873,/metrics/pcl/fused/points_in,std_msgs/msg/Int32,54119
1774010021.3611517,/metrics/pcl/fused/processing_ms,std_msgs/msg/Float32,220.19790649414062
1774010021.6635776,/metrics/pcl/fused/detections_count,std_msgs/msg/Int32,83
1774010021.6636927,/metrics/pcl/fused/points_in,std_msgs/msg/Int32,54330
1774010021.663748,/metrics/pcl/fused/processing_ms,std_msgs/msg/Float32,227.98431396484375
1774010021.9743426,/metrics/pcl/fused/detections_count,std_msgs/msg/Int32,74
1774010021.974453,/metrics/pcl/fused/points_in,std_msgs/msg/Int32,54152
1774010021.9745162,/metrics/pcl/fused/processing_ms,std_msgs/msg/Float32,223.78463745117188
1774010022.2621603,/metrics/pcl/fused/detections_count,std_msgs/msg/Int32,81
1774010022.2622736,/metrics/pcl/fused/points_in,std_msgs/msg/Int32,55052
1774010022.2623367,/metrics/pcl/fused/processing_ms,std_msgs/msg/Float32,222.50999450683594
1774010022.5566013,/metrics/pcl/fused/detections_count,std_msgs/msg/Int32,75
1774010022.5567122,/metrics/pcl/fused/points_in,std_msgs/msg/Int32,54921
1774010022.5567744,/metrics/pcl/fused/processing_ms,std_msgs/msg/Float32,224.09970092773438
1774010022.857229,/metrics/pcl/fused/detections_count,std_msgs/msg/Int32,81
1774010022.8573692,/metrics/pcl/fused/points_in,std_msgs/msg/Int32,54764
1774010022.8574462,/metrics/pcl/fused/processing_ms,std_msgs/msg/Float32,220.5155792236328
1774010023.138727,/metrics/pcl/fused/detections_count,std_msgs/msg/Int32,77
1774010023.1388388,/metrics/pcl/fused/points_in,std_msgs/msg/Int32,51275
1774010023.1389344,/metrics/pcl/fused/processing_ms,std_msgs/msg/Float32,206.2892303466797
1774010023.4118388,/metrics/pcl/fused/detections_count,std_msgs/msg/Int32,67
1774010023.4119725,/metrics/pcl/fused/points_in,std_msgs/msg/Int32,46932
1774010023.4120367,/metrics/pcl/fused/processing_ms,std_msgs/msg/Float32,185.71690368652344
1774010023.7270014,/metrics/pcl/fused/detections_count,std_msgs/msg/Int32,79
1774010023.727134,/metrics/pcl/fused/points_in,std_msgs/msg/Int32,47917
1774010023.7272167,/metrics/pcl/fused/processing_ms,std_msgs/msg/Float32,196.88388061523438
1774010024.0212483,/metrics/pcl/fused/detections_count,std_msgs/msg/Int32,79
1774010024.0213835,/metrics/pcl/fused/points_in,std_msgs/msg/Int32,47016
1774010024.021462,/metrics/pcl/fused/processing_ms,std_msgs/msg/Float32,190.8708038330078
1774010024.3159916,/metrics/pcl/fused/detections_count,std_msgs/msg/Int32,76
1774010024.3161037,/metrics/pcl/fused/points_in,std_msgs/msg/Int32,47210
1774010024.3161664,/metrics/pcl/fused/processing_ms,std_msgs/msg/Float32,183.72621154785156
1774010024.6496513,/metrics/pcl/fused/detections_count,std_msgs/msg/Int32,85
1774010024.6497588,/metrics/pcl/fused/points_in,std_msgs/msg/Int32,49063
1774010024.6498172,/metrics/pcl/fused/processing_ms,std_msgs/msg/Float32,213.66055297851562
1774010024.957389,/metrics/pcl/fused/detections_count,std_msgs/msg/Int32,80
1774010024.957508,/metrics/pcl/fused/points_in,std_msgs/msg/Int32,50914
1774010024.9575703,/metrics/pcl/fused/processing_ms,std_msgs/msg/Float32,214.47486877441406
1774010025.255063,/metrics/pcl/fused/detections_count,std_msgs/msg/Int32,86
1774010025.2551827,/metrics/pcl/fused/points_in,std_msgs/msg/Int32,51887
1774010025.255248,/metrics/pcl/fused/processing_ms,std_msgs/msg/Float32,216.51617431640625
1774010025.5601866,/metrics/pcl/fused/detections_count,std_msgs/msg/Int32,88
1774010025.5603044,/metrics/pcl/fused/points_in,std_msgs/msg/Int32,52637
1774010025.560371,/metrics/pcl/fused/processing_ms,std_msgs/msg/Float32,227.21591186523438
1774010025.8667638,/metrics/pcl/fused/detections_count,std_msgs/msg/Int32,85
1774010025.8669424,/metrics/pcl/fused/points_in,std_msgs/msg/Int32,53147
1774010025.8670359,/metrics/pcl/fused/processing_ms,std_msgs/msg/Float32,228.7329559326172
1774010026.166916,/metrics/pcl/fused/detections_count,std_msgs/msg/Int32,80
1774010026.1670382,/metrics/pcl/fused/points_in,std_msgs/msg/Int32,53737
1774010026.167101,/metrics/pcl/fused/processing_ms,std_msgs/msg/Float32,227.5651397705078
1774010026.4610362,/metrics/pcl/fused/detections_count,std_msgs/msg/Int32,82
1774010026.46116,/metrics/pcl/fused/points_in,std_msgs/msg/Int32,54106
1774010026.4612525,/metrics/pcl/fused/processing_ms,std_msgs/msg/Float32,228.28199768066406
1774010026.771546,/metrics/pcl/fused/detections_count,std_msgs/msg/Int32,79
1774010026.7716641,/metrics/pcl/fused/points_in,std_msgs/msg/Int32,54569
1774010026.7717288,/metrics/pcl/fused/processing_ms,std_msgs/msg/Float32,235.6841278076172
1774010027.0766208,/metrics/pcl/fused/detections_count,std_msgs/msg/Int32,78
1774010027.0767367,/metrics/pcl/fused/points_in,std_msgs/msg/Int32,54828
1774010027.0767994,/metrics/pcl/fused/processing_ms,std_msgs/msg/Float32,229.30714416503906
1774010027.366312,/metrics/pcl/fused/detections_count,std_msgs/msg/Int32,82
1774010027.3664312,/metrics/pcl/fused/points_in,std_msgs/msg/Int32,54941
1774010027.3665068,/metrics/pcl/fused/processing_ms,std_msgs/msg/Float32,227.20095825195312
1774010027.6830807,/metrics/pcl/fused/detections_count,std_msgs/msg/Int32,78
1774010027.6832144,/metrics/pcl/fused/points_in,std_msgs/msg/Int32,55068
1774010027.6832874,/metrics/pcl/fused/processing_ms,std_msgs/msg/Float32,241.94223022460938
1774010027.9715412,/metrics/pcl/fused/detections_count,std_msgs/msg/Int32,82
1774010027.9716704,/metrics/pcl/fused/points_in,std_msgs/msg/Int32,55151
1774010027.9717333,/metrics/pcl/fused/processing_ms,std_msgs/msg/Float32,227.55979919433594
1774010028.555003,/metrics/pcl/fused/detections_count,std_msgs/msg/Int32,85
1774010028.5551279,/metrics/pcl/fused/points_in,std_msgs/msg/Int32,55302
1774010028.5551856,/metrics/pcl/fused/processing_ms,std_msgs/msg/Float32,224.11431884765625
1774010028.865787,/metrics/pcl/fused/detections_count,std_msgs/msg/Int32,76
1774010028.8659468,/metrics/pcl/fused/points_in,std_msgs/msg/Int32,55235
1774010028.8660207,/metrics/pcl/fused/processing_ms,std_msgs/msg/Float32,224.37586975097656
1774010029.1613617,/metrics/pcl/fused/detections_count,std_msgs/msg/Int32,77
1774010029.161476,/metrics/pcl/fused/points_in,std_msgs/msg/Int32,55135
1774010029.161554,/metrics/pcl/fused/processing_ms,std_msgs/msg/Float32,223.2672119140625
1774010029.4573734,/metrics/pcl/fused/detections_count,std_msgs/msg/Int32,80
1774010029.4574857,/metrics/pcl/fused/points_in,std_msgs/msg/Int32,55072
1774010029.457554,/metrics/pcl/fused/processing_ms,std_msgs/msg/Float32,220.63253784179688
1774010029.7659094,/metrics/pcl/fused/detections_count,std_msgs/msg/Int32,79
1774010029.76605,/metrics/pcl/fused/points_in,std_msgs/msg/Int32,55261
1774010029.7661622,/metrics/pcl/fused/processing_ms,std_msgs/msg/Float32,227.21031188964844
1774010030.0586724,/metrics/pcl/fused/detections_count,std_msgs/msg/Int32,81
1774010030.0588021,/metrics/pcl/fused/points_in,std_msgs/msg/Int32,55146
1774010030.0588644,/metrics/pcl/fused/processing_ms,std_msgs/msg/Float32,220.4399871826172
1774010030.3570652,/metrics/pcl/fused/detections_count,std_msgs/msg/Int32,78
1774010030.3571975,/metrics/pcl/fused/points_in,std_msgs/msg/Int32,55140
1774010030.3572736,/metrics/pcl/fused/processing_ms,std_msgs/msg/Float32,217.42684936523438
1774010030.6594365,/metrics/pcl/fused/detections_count,std_msgs/msg/Int32,83
1774010030.6595478,/metrics/pcl/fused/points_in,std_msgs/msg/Int32,55159
1774010030.6596103,/metrics/pcl/fused/processing_ms,std_msgs/msg/Float32,222.3951416015625
1774010030.9682422,/metrics/pcl/fused/detections_count,std_msgs/msg/Int32,83
1774010030.9683998,/metrics/pcl/fused/points_in,std_msgs/msg/Int32,55125
1774010030.9685085,/metrics/pcl/fused/processing_ms,std_msgs/msg/Float32,228.2457275390625
1774010031.2734163,/metrics/pcl/fused/detections_count,std_msgs/msg/Int32,81
1774010031.2735844,/metrics/pcl/fused/points_in,std_msgs/msg/Int32,55059
1774010031.2736707,/metrics/pcl/fused/processing_ms,std_msgs/msg/Float32,226.6099395751953
1774010031.566688,/metrics/pcl/fused/detections_count,std_msgs/msg/Int32,83
1774010031.566823,/metrics/pcl/fused/points_in,std_msgs/msg/Int32,55206
1774010031.5668902,/metrics/pcl/fused/processing_ms,std_msgs/msg/Float32,224.51441955566406
1774010031.862259,/metrics/pcl/fused/detections_count,std_msgs/msg/Int32,77
1774010031.8623683,/metrics/pcl/fused/points_in,std_msgs/msg/Int32,55146
1774010031.8624296,/metrics/pcl/fused/processing_ms,std_msgs/msg/Float32,222.23434448242188
1774010032.1723297,/metrics/pcl/fused/detections_count,std_msgs/msg/Int32,79
1774010032.1724567,/metrics/pcl/fused/points_in,std_msgs/msg/Int32,55001
1774010032.172545,/metrics/pcl/fused/processing_ms,std_msgs/msg/Float32,220.15411376953125
1774010032.4651682,/metrics/pcl/fused/detections_count,std_msgs/msg/Int32,83
1774010032.4652922,/metrics/pcl/fused/points_in,std_msgs/msg/Int32,55140
1774010032.4653556,/metrics/pcl/fused/processing_ms,std_msgs/msg/Float32,222.0165252685547
1774010032.7684326,/metrics/pcl/fused/detections_count,std_msgs/msg/Int32,76
1774010032.768546,/metrics/pcl/fused/points_in,std_msgs/msg/Int32,55119
1774010032.7686098,/metrics/pcl/fused/processing_ms,std_msgs/msg/Float32,225.70184326171875
1774010033.1060584,/metrics/pcl/fused/detections_count,std_msgs/msg/Int32,80
1774010033.106175,/metrics/pcl/fused/points_in,std_msgs/msg/Int32,55090
1774010033.1062384,/metrics/pcl/fused/processing_ms,std_msgs/msg/Float32,260.2466125488281
1774010033.4036248,/metrics/pcl/fused/detections_count,std_msgs/msg/Int32,79
1774010033.4037488,/metrics/pcl/fused/points_in,std_msgs/msg/Int32,55152
1774010033.403812,/metrics/pcl/fused/processing_ms,std_msgs/msg/Float32,224.5450439453125
1774010033.663071,/metrics/pcl/fused/detections_count,std_msgs/msg/Int32,81
1774010033.663221,/metrics/pcl/fused/points_in,std_msgs/msg/Int32,55029
1774010033.6633186,/metrics/pcl/fused/processing_ms,std_msgs/msg/Float32,222.60902404785156
1774010033.9648323,/metrics/pcl/fused/detections_count,std_msgs/msg/Int32,80
1774010033.964975,/metrics/pcl/fused/processing_ms,std_msgs/msg/Float32,222.8407440185547
1774010033.9652002,/metrics/pcl/fused/points_in,std_msgs/msg/Int32,55175
1774010034.2614617,/metrics/pcl/fused/detections_count,std_msgs/msg/Int32,87
1774010034.261576,/metrics/pcl/fused/points_in,std_msgs/msg/Int32,55112
1774010034.2616527,/metrics/pcl/fused/processing_ms,std_msgs/msg/Float32,218.8590087890625
1774010034.561217,/metrics/pcl/fused/detections_count,std_msgs/msg/Int32,79
1774010034.5613308,/metrics/pcl/fused/points_in,std_msgs/msg/Int32,55054
1774010034.5613918,/metrics/pcl/fused/processing_ms,std_msgs/msg/Float32,223.59730529785156
1774010034.8691833,/metrics/pcl/fused/detections_count,std_msgs/msg/Int32,85
1774010034.8692946,/metrics/pcl/fused/points_in,std_msgs/msg/Int32,55177
1774010034.869357,/metrics/pcl/fused/processing_ms,std_msgs/msg/Float32,222.6084747314453
1774010035.165694,/metrics/pcl/fused/detections_count,std_msgs/msg/Int32,84
1774010035.1658072,/metrics/pcl/fused/points_in,std_msgs/msg/Int32,55072
1774010035.1658814,/metrics/pcl/fused/processing_ms,std_msgs/msg/Float32,223.39016723632812
1774010035.4576132,/metrics/pcl/fused/detections_count,std_msgs/msg/Int32,75
1774010035.4577332,/metrics/pcl/fused/points_in,std_msgs/msg/Int32,54990
1774010035.4577968,/metrics/pcl/fused/processing_ms,std_msgs/msg/Float32,218.91806030273438
1774010035.7655914,/metrics/pcl/fused/detections_count,std_msgs/msg/Int32,77
1774010035.7657313,/metrics/pcl/fused/points_in,std_msgs/msg/Int32,55063
1774010035.7658389,/metrics/pcl/fused/processing_ms,std_msgs/msg/Float32,223.386962890625
1774010036.0822952,/metrics/pcl/fused/detections_count,std_msgs/msg/Int32,82
1774010036.0824125,/metrics/pcl/fused/points_in,std_msgs/msg/Int32,54986
1774010036.0824769,/metrics/pcl/fused/processing_ms,std_msgs/msg/Float32,221.8203582763672
1774010036.3589883,/metrics/pcl/fused/detections_count,std_msgs/msg/Int32,74
1774010036.3590913,/metrics/pcl/fused/points_in,std_msgs/msg/Int32,55048
1774010036.3591473,/metrics/pcl/fused/processing_ms,std_msgs/msg/Float32,220.1175994873047
1774010036.6558404,/metrics/pcl/fused/detections_count,std_msgs/msg/Int32,83
1774010036.6560009,/metrics/pcl/fused/points_in,std_msgs/msg/Int32,54922
1774010036.6560776,/metrics/pcl/fused/processing_ms,std_msgs/msg/Float32,222.70228576660156
1774010036.9674842,/metrics/pcl/fused/detections_count,std_msgs/msg/Int32,81
1774010036.9676125,/metrics/pcl/fused/points_in,std_msgs/msg/Int32,54861
1774010036.9676766,/metrics/pcl/fused/processing_ms,std_msgs/msg/Float32,229.8585968017578
1774010037.2696557,/metrics/pcl/fused/detections_count,std_msgs/msg/Int32,82
1774010037.2697623,/metrics/pcl/fused/points_in,std_msgs/msg/Int32,54918
1774010037.2698255,/metrics/pcl/fused/processing_ms,std_msgs/msg/Float32,221.69277954101562
1774010037.5613463,/metrics/pcl/fused/detections_count,std_msgs/msg/Int32,88
1774010037.5614605,/metrics/pcl/fused/points_in,std_msgs/msg/Int32,54906
1774010037.561524,/metrics/pcl/fused/processing_ms,std_msgs/msg/Float32,221.1184844970703
1774010037.8626192,/metrics/pcl/fused/detections_count,std_msgs/msg/Int32,77
1774010037.862736,/metrics/pcl/fused/points_in,std_msgs/msg/Int32,54924
1774010037.862803,/metrics/pcl/fused/processing_ms,std_msgs/msg/Float32,223.31063842773438
1774010038.1667492,/metrics/pcl/fused/detections_count,std_msgs/msg/Int32,83
1774010038.1668928,/metrics/pcl/fused/points_in,std_msgs/msg/Int32,55031
1774010038.1669798,/metrics/pcl/fused/processing_ms,std_msgs/msg/Float32,228.68678283691406
1774010038.4941876,/metrics/pcl/fused/detections_count,std_msgs/msg/Int32,78
1774010038.4943016,/metrics/pcl/fused/points_in,std_msgs/msg/Int32,54899
1774010038.4943657,/metrics/pcl/fused/processing_ms,std_msgs/msg/Float32,235.35549926757812
1774010038.7623618,/metrics/pcl/fused/detections_count,std_msgs/msg/Int32,77
1774010038.762502,/metrics/pcl/fused/points_in,std_msgs/msg/Int32,54960
1774010038.7625644,/metrics/pcl/fused/processing_ms,std_msgs/msg/Float32,218.21192932128906
1774010039.0529497,/metrics/pcl/fused/detections_count,std_msgs/msg/Int32,82
1774010039.0530918,/metrics/pcl/fused/points_in,std_msgs/msg/Int32,54856
1774010039.0531602,/metrics/pcl/fused/processing_ms,std_msgs/msg/Float32,221.57113647460938
1774010039.357715,/metrics/pcl/fused/detections_count,std_msgs/msg/Int32,85
1774010039.3578284,/metrics/pcl/fused/points_in,std_msgs/msg/Int32,54912
1774010039.3579075,/metrics/pcl/fused/processing_ms,std_msgs/msg/Float32,220.76365661621094
1774010039.648211,/metrics/pcl/fused/detections_count,std_msgs/msg/Int32,80
1774010039.648322,/metrics/pcl/fused/points_in,std_msgs/msg/Int32,54907
1774010039.6483862,/metrics/pcl/fused/processing_ms,std_msgs/msg/Float32,216.89230346679688
1774010039.943694,/metrics/pcl/fused/detections_count,std_msgs/msg/Int32,82
1774010039.9438,/metrics/pcl/fused/points_in,std_msgs/msg/Int32,54932
1774010039.943854,/metrics/pcl/fused/processing_ms,std_msgs/msg/Float32,214.7229766845703
1774010040.2507524,/metrics/pcl/fused/detections_count,std_msgs/msg/Int32,83
1774010040.250881,/metrics/pcl/fused/points_in,std_msgs/msg/Int32,54858
1774010040.250962,/metrics/pcl/fused/processing_ms,std_msgs/msg/Float32,222.15621948242188
1774010040.5687046,/metrics/pcl/fused/detections_count,std_msgs/msg/Int32,79
1774010040.5688436,/metrics/pcl/fused/points_in,std_msgs/msg/Int32,54931
1774010040.5689373,/metrics/pcl/fused/processing_ms,std_msgs/msg/Float32,221.3787841796875
1774010040.8893597,/metrics/pcl/fused/detections_count,std_msgs/msg/Int32,79
1774010040.8895307,/metrics/pcl/fused/points_in,std_msgs/msg/Int32,55008
1774010040.8895996,/metrics/pcl/fused/processing_ms,std_msgs/msg/Float32,237.62937927246094
1774010041.1812289,/metrics/pcl/fused/detections_count,std_msgs/msg/Int32,80
1774010041.1813576,/metrics/pcl/fused/points_in,std_msgs/msg/Int32,54914
1774010041.1814332,/metrics/pcl/fused/processing_ms,std_msgs/msg/Float32,228.69024658203125
1774010041.4722202,/metrics/pcl/fused/detections_count,std_msgs/msg/Int32,84
1774010041.4723322,/metrics/pcl/fused/points_in,std_msgs/msg/Int32,54973
1774010041.4723938,/metrics/pcl/fused/processing_ms,std_msgs/msg/Float32,223.20559692382812
1774010041.7489135,/metrics/pcl/fused/detections_count,std_msgs/msg/Int32,82
1774010041.7490294,/metrics/pcl/fused/points_in,std_msgs/msg/Int32,54857
1774010041.7490919,/metrics/pcl/fused/processing_ms,std_msgs/msg/Float32,218.33663940429688
1774010042.0504105,/metrics/pcl/fused/detections_count,std_msgs/msg/Int32,79
1774010042.0505233,/metrics/pcl/fused/points_in,std_msgs/msg/Int32,54984
1774010042.0505917,/metrics/pcl/fused/processing_ms,std_msgs/msg/Float32,219.76927185058594
1774010042.3550103,/metrics/pcl/fused/detections_count,std_msgs/msg/Int32,77
1774010042.3551207,/metrics/pcl/fused/points_in,std_msgs/msg/Int32,54999
1774010042.3551838,/metrics/pcl/fused/processing_ms,std_msgs/msg/Float32,224.92723083496094
1774010042.6693656,/metrics/pcl/fused/detections_count,std_msgs/msg/Int32,78
1774010042.669513,/metrics/pcl/fused/points_in,std_msgs/msg/Int32,54998
1774010042.669584,/metrics/pcl/fused/processing_ms,std_msgs/msg/Float32,225.66741943359375
1774010042.9601617,/metrics/pcl/fused/detections_count,std_msgs/msg/Int32,76
1774010042.9603076,/metrics/pcl/fused/points_in,std_msgs/msg/Int32,54918
1774010042.9603758,/metrics/pcl/fused/processing_ms,std_msgs/msg/Float32,224.5376434326172
1774010043.5570943,/metrics/pcl/fused/detections_count,std_msgs/msg/Int32,79
1774010043.557237,/metrics/pcl/fused/points_in,std_msgs/msg/Int32,54976
1774010043.5573611,/metrics/pcl/fused/processing_ms,std_msgs/msg/Float32,222.93463134765625
1774010043.9144337,/metrics/pcl/fused/detections_count,std_msgs/msg/Int32,77
1774010043.9145684,/metrics/pcl/fused/points_in,std_msgs/msg/Int32,54979
1774010043.914633,/metrics/pcl/fused/processing_ms,std_msgs/msg/Float32,269.3247985839844
1774010044.217023,/metrics/pcl/fused/detections_count,std_msgs/msg/Int32,81
1774010044.217144,/metrics/pcl/fused/points_in,std_msgs/msg/Int32,54972
1774010044.2172022,/metrics/pcl/fused/processing_ms,std_msgs/msg/Float32,238.41058349609375
1774010044.4820569,/metrics/pcl/fused/detections_count,std_msgs/msg/Int32,84
1774010044.4821894,/metrics/pcl/fused/points_in,std_msgs/msg/Int32,55023
1774010044.4822528,/metrics/pcl/fused/processing_ms,std_msgs/msg/Float32,232.0426483154297
1774010044.7718058,/metrics/pcl/fused/detections_count,std_msgs/msg/Int32,81
1774010044.771942,/metrics/pcl/fused/points_in,std_msgs/msg/Int32,54918
1774010044.772009,/metrics/pcl/fused/processing_ms,std_msgs/msg/Float32,228.4257049560547
1774010045.0740547,/metrics/pcl/fused/detections_count,std_msgs/msg/Int32,80
1774010045.074182,/metrics/pcl/fused/points_in,std_msgs/msg/Int32,54949
1774010045.0742574,/metrics/pcl/fused/processing_ms,std_msgs/msg/Float32,234.60617065429688
1774010045.3972387,/metrics/pcl/fused/detections_count,std_msgs/msg/Int32,80
1774010045.397393,/metrics/pcl/fused/points_in,std_msgs/msg/Int32,54982
1774010045.397511,/metrics/pcl/fused/processing_ms,std_msgs/msg/Float32,240.1055145263672
1774010045.774649,/metrics/pcl/fused/detections_count,std_msgs/msg/Int32,76
1774010045.7748344,/metrics/pcl/fused/points_in,std_msgs/msg/Int32,54977
1774010045.7749581,/metrics/pcl/fused/processing_ms,std_msgs/msg/Float32,293.61016845703125
1774010046.1631508,/metrics/pcl/fused/detections_count,std_msgs/msg/Int32,77
1774010046.163306,/metrics/pcl/fused/points_in,std_msgs/msg/Int32,54943
1774010046.1633856,/metrics/pcl/fused/processing_ms,std_msgs/msg/Float32,308.35931396484375
1774010046.4728339,/metrics/pcl/fused/detections_count,std_msgs/msg/Int32,81
1774010046.4730008,/metrics/pcl/fused/points_in,std_msgs/msg/Int32,54917
1774010046.473102,/metrics/pcl/fused/processing_ms,std_msgs/msg/Float32,249.85711669921875
1774010046.874519,/metrics/pcl/fused/detections_count,std_msgs/msg/Int32,79
1774010046.874673,/metrics/pcl/fused/points_in,std_msgs/msg/Int32,54960
1774010046.8747678,/metrics/pcl/fused/processing_ms,std_msgs/msg/Float32,281.1671447753906
1774010047.282039,/metrics/pcl/fused/detections_count,std_msgs/msg/Int32,78
1774010047.2822225,/metrics/pcl/fused/points_in,std_msgs/msg/Int32,54941
1774010047.282335,/metrics/pcl/fused/processing_ms,std_msgs/msg/Float32,254.82810974121094
1774010047.630618,/metrics/pcl/fused/detections_count,std_msgs/msg/Int32,80
1774010047.6307595,/metrics/pcl/fused/points_in,std_msgs/msg/Int32,54898
1774010047.6308458,/metrics/pcl/fused/processing_ms,std_msgs/msg/Float32,258.9659423828125
1774010047.9199579,/metrics/pcl/fused/detections_count,std_msgs/msg/Int32,79
1774010047.920111,/metrics/pcl/fused/points_in,std_msgs/msg/Int32,54817
1774010047.9201875,/metrics/pcl/fused/processing_ms,std_msgs/msg/Float32,234.77127075195312
1774010048.231445,/metrics/pcl/fused/detections_count,std_msgs/msg/Int32,77
1774010048.2315812,/metrics/pcl/fused/points_in,std_msgs/msg/Int32,54964
1774010048.2316525,/metrics/pcl/fused/processing_ms,std_msgs/msg/Float32,271.4179382324219
1774010048.5568326,/metrics/pcl/fused/detections_count,std_msgs/msg/Int32,76
1774010048.5570242,/metrics/pcl/fused/points_in,std_msgs/msg/Int32,54890
1774010048.5571263,/metrics/pcl/fused/processing_ms,std_msgs/msg/Float32,264.8041687011719
1774010048.8386183,/metrics/pcl/fused/detections_count,std_msgs/msg/Int32,79
1774010048.838802,/metrics/pcl/fused/points_in,std_msgs/msg/Int32,54892
1774010048.8389547,/metrics/pcl/fused/processing_ms,std_msgs/msg/Float32,254.5277557373047
1774010049.1625192,/metrics/pcl/fused/detections_count,std_msgs/msg/Int32,77
1774010049.162671,/metrics/pcl/fused/points_in,std_msgs/msg/Int32,54830
1774010049.1627946,/metrics/pcl/fused/processing_ms,std_msgs/msg/Float32,288.72259521484375
1774010049.4619215,/metrics/pcl/fused/detections_count,std_msgs/msg/Int32,78
1774010049.4620552,/metrics/pcl/fused/points_in,std_msgs/msg/Int32,54931
1774010049.4621446,/metrics/pcl/fused/processing_ms,std_msgs/msg/Float32,248.71697998046875
1774010049.808128,/metrics/pcl/fused/detections_count,std_msgs/msg/Int32,78
1774010049.8082778,/metrics/pcl/fused/points_in,std_msgs/msg/Int32,54599
1774010049.808392,/metrics/pcl/fused/processing_ms,std_msgs/msg/Float32,237.49319458007812
1774010050.091312,/metrics/pcl/fused/detections_count,std_msgs/msg/Int32,78
1774010050.0914884,/metrics/pcl/fused/points_in,std_msgs/msg/Int32,54478
1774010050.0915825,/metrics/pcl/fused/processing_ms,std_msgs/msg/Float32,237.26898193359375
1774010050.3937888,/metrics/pcl/fused/detections_count,std_msgs/msg/Int32,78
1774010050.393918,/metrics/pcl/fused/points_in,std_msgs/msg/Int32,54807
1774010050.393996,/metrics/pcl/fused/processing_ms,std_msgs/msg/Float32,233.09315490722656
1774010050.687147,/metrics/pcl/fused/detections_count,std_msgs/msg/Int32,82
1774010050.6872983,/metrics/pcl/fused/points_in,std_msgs/msg/Int32,54968
1774010050.6873875,/metrics/pcl/fused/processing_ms,std_msgs/msg/Float32,232.3802947998047
1774010050.981558,/metrics/pcl/fused/detections_count,std_msgs/msg/Int32,77
1774010050.9817443,/metrics/pcl/fused/points_in,std_msgs/msg/Int32,54903
1774010050.9818325,/metrics/pcl/fused/processing_ms,std_msgs/msg/Float32,237.740966796875
1774010051.336075,/metrics/pcl/fused/detections_count,std_msgs/msg/Int32,73
1774010051.336228,/metrics/pcl/fused/points_in,std_msgs/msg/Int32,54967
1774010051.3363194,/metrics/pcl/fused/processing_ms,std_msgs/msg/Float32,259.9576416015625
1774010051.6823902,/metrics/pcl/fused/detections_count,std_msgs/msg/Int32,81
1774010051.6825576,/metrics/pcl/fused/points_in,std_msgs/msg/Int32,55017
1774010051.682629,/metrics/pcl/fused/processing_ms,std_msgs/msg/Float32,291.2342529296875
1774010052.0700035,/metrics/pcl/fused/detections_count,std_msgs/msg/Int32,79
1774010052.0701337,/metrics/pcl/fused/points_in,std_msgs/msg/Int32,54877
1774010052.0702024,/metrics/pcl/fused/processing_ms,std_msgs/msg/Float32,248.07281494140625
1774010052.39043,/metrics/pcl/fused/detections_count,std_msgs/msg/Int32,81
1774010052.3905394,/metrics/pcl/fused/points_in,std_msgs/msg/Int32,54918
1774010052.3906088,/metrics/pcl/fused/processing_ms,std_msgs/msg/Float32,242.58998107910156
1774010052.7056167,/metrics/pcl/fused/detections_count,std_msgs/msg/Int32,82
1774010052.7057755,/metrics/pcl/fused/points_in,std_msgs/msg/Int32,54818
1774010052.7058573,/metrics/pcl/fused/processing_ms,std_msgs/msg/Float32,252.55467224121094
1774010053.007587,/metrics/pcl/fused/detections_count,std_msgs/msg/Int32,80
1774010053.0077069,/metrics/pcl/fused/points_in,std_msgs/msg/Int32,54812
1774010053.0077717,/metrics/pcl/fused/processing_ms,std_msgs/msg/Float32,245.54925537109375
1774010053.310278,/metrics/pcl/fused/detections_count,std_msgs/msg/Int32,77
1774010053.3104138,/metrics/pcl/fused/points_in,std_msgs/msg/Int32,54957
1774010053.3105009,/metrics/pcl/fused/processing_ms,std_msgs/msg/Float32,252.44459533691406
1774010053.6262157,/metrics/pcl/fused/detections_count,std_msgs/msg/Int32,76
1774010053.6263537,/metrics/pcl/fused/points_in,std_msgs/msg/Int32,54889
1774010053.626432,/metrics/pcl/fused/processing_ms,std_msgs/msg/Float32,256.87890625
1774010053.933284,/metrics/pcl/fused/detections_count,std_msgs/msg/Int32,82
1774010053.9334903,/metrics/pcl/fused/points_in,std_msgs/msg/Int32,54858
1774010053.933579,/metrics/pcl/fused/processing_ms,std_msgs/msg/Float32,257.0237121582031
1774010054.2402158,/metrics/pcl/fused/detections_count,std_msgs/msg/Int32,87
1774010054.240457,/metrics/pcl/fused/points_in,std_msgs/msg/Int32,54922
1774010054.2405684,/metrics/pcl/fused/processing_ms,std_msgs/msg/Float32,266.7265625
1774010054.5795984,/metrics/pcl/fused/detections_count,std_msgs/msg/Int32,80
1774010054.5800557,/metrics/pcl/fused/points_in,std_msgs/msg/Int32,54922
1774010054.5802066,/metrics/pcl/fused/processing_ms,std_msgs/msg/Float32,278.47723388671875
1774010054.9125214,/metrics/pcl/fused/detections_count,std_msgs/msg/Int32,78
1774010054.9126532,/metrics/pcl/fused/points_in,std_msgs/msg/Int32,54880
1774010054.9127157,/metrics/pcl/fused/processing_ms,std_msgs/msg/Float32,230.3867950439453
1774010055.1696174,/metrics/pcl/fused/detections_count,std_msgs/msg/Int32,78
1774010055.169757,/metrics/pcl/fused/points_in,std_msgs/msg/Int32,54860
1774010055.1698337,/metrics/pcl/fused/processing_ms,std_msgs/msg/Float32,226.67774963378906
1774010055.5073605,/metrics/pcl/fused/detections_count,std_msgs/msg/Int32,80
1774010055.507475,/metrics/pcl/fused/points_in,std_msgs/msg/Int32,54904
1774010055.5075357,/metrics/pcl/fused/processing_ms,std_msgs/msg/Float32,254.3540496826172
1774010055.843555,/metrics/pcl/fused/detections_count,std_msgs/msg/Int32,78
1774010055.843735,/metrics/pcl/fused/points_in,std_msgs/msg/Int32,54946
1774010055.8438208,/metrics/pcl/fused/processing_ms,std_msgs/msg/Float32,265.0608825683594
1774010056.1143882,/metrics/pcl/fused/detections_count,std_msgs/msg/Int32,81
1774010056.1145315,/metrics/pcl/fused/points_in,std_msgs/msg/Int32,54882
1774010056.1145964,/metrics/pcl/fused/processing_ms,std_msgs/msg/Float32,239.7024688720703
1774010056.3895307,/metrics/pcl/fused/detections_count,std_msgs/msg/Int32,81
1774010056.3896573,/metrics/pcl/fused/points_in,std_msgs/msg/Int32,54827
1774010056.3897326,/metrics/pcl/fused/processing_ms,std_msgs/msg/Float32,226.28802490234375
1774010056.6856008,/metrics/pcl/fused/detections_count,std_msgs/msg/Int32,78
1774010056.6857047,/metrics/pcl/fused/points_in,std_msgs/msg/Int32,54885
1774010056.6857603,/metrics/pcl/fused/processing_ms,std_msgs/msg/Float32,230.75347900390625
1774010056.9847467,/metrics/pcl/fused/detections_count,std_msgs/msg/Int32,82
1774010056.9848876,/metrics/pcl/fused/points_in,std_msgs/msg/Int32,54852
1774010056.984971,/metrics/pcl/fused/processing_ms,std_msgs/msg/Float32,235.19515991210938
1774010057.2620807,/metrics/pcl/fused/detections_count,std_msgs/msg/Int32,78
1774010057.2621975,/metrics/pcl/fused/points_in,std_msgs/msg/Int32,54883
1774010057.2622619,/metrics/pcl/fused/processing_ms,std_msgs/msg/Float32,215.84864807128906
1774010057.5651612,/metrics/pcl/fused/detections_count,std_msgs/msg/Int32,81
1774010057.5653672,/metrics/pcl/fused/points_in,std_msgs/msg/Int32,54828
1774010057.5654914,/metrics/pcl/fused/processing_ms,std_msgs/msg/Float32,228.23277282714844
1774010057.8913813,/metrics/pcl/fused/detections_count,std_msgs/msg/Int32,83
1774010057.8915467,/metrics/pcl/fused/points_in,std_msgs/msg/Int32,54913
1774010057.8916569,/metrics/pcl/fused/processing_ms,std_msgs/msg/Float32,233.97836303710938
1774010058.1835012,/metrics/pcl/fused/detections_count,std_msgs/msg/Int32,80
1774010058.1836267,/metrics/pcl/fused/points_in,std_msgs/msg/Int32,54924
1774010058.1837058,/metrics/pcl/fused/processing_ms,std_msgs/msg/Float32,231.56057739257812
1774010058.4653413,/metrics/pcl/fused/detections_count,std_msgs/msg/Int32,76
1774010058.4654524,/metrics/pcl/fused/points_in,std_msgs/msg/Int32,54856
1774010058.4655144,/metrics/pcl/fused/processing_ms,std_msgs/msg/Float32,218.95733642578125
1774010058.753567,/metrics/pcl/fused/detections_count,std_msgs/msg/Int32,78
1774010058.753679,/metrics/pcl/fused/points_in,std_msgs/msg/Int32,54913
1774010058.7537405,/metrics/pcl/fused/processing_ms,std_msgs/msg/Float32,216.9769744873047
1774010059.0564902,/metrics/pcl/fused/detections_count,std_msgs/msg/Int32,83
1774010059.0566103,/metrics/pcl/fused/points_in,std_msgs/msg/Int32,54825
1774010059.0566895,/metrics/pcl/fused/processing_ms,std_msgs/msg/Float32,216.02984619140625
1774010059.3550625,/metrics/pcl/fused/detections_count,std_msgs/msg/Int32,81
1774010059.3551705,/metrics/pcl/fused/points_in,std_msgs/msg/Int32,54798
1774010059.3552332,/metrics/pcl/fused/processing_ms,std_msgs/msg/Float32,215.96229553222656
1774010059.667606,/metrics/pcl/fused/detections_count,std_msgs/msg/Int32,78
1774010059.6677413,/metrics/pcl/fused/points_in,std_msgs/msg/Int32,54868
1774010059.6678138,/metrics/pcl/fused/processing_ms,std_msgs/msg/Float32,221.452392578125
1774010059.9654646,/metrics/pcl/fused/detections_count,std_msgs/msg/Int32,80
1774010059.965575,/metrics/pcl/fused/points_in,std_msgs/msg/Int32,54979
1774010059.965637,/metrics/pcl/fused/processing_ms,std_msgs/msg/Float32,217.45066833496094
1774010060.2745523,/metrics/pcl/fused/detections_count,std_msgs/msg/Int32,76
1774010060.2746627,/metrics/pcl/fused/points_in,std_msgs/msg/Int32,54912
1774010060.2747247,/metrics/pcl/fused/processing_ms,std_msgs/msg/Float32,228.4834442138672
1774010060.56966,/metrics/pcl/fused/detections_count,std_msgs/msg/Int32,76
1774010060.5697792,/metrics/pcl/fused/points_in,std_msgs/msg/Int32,54944
1774010060.5698454,/metrics/pcl/fused/processing_ms,std_msgs/msg/Float32,218.8026885986328
1774010060.8713503,/metrics/pcl/fused/detections_count,std_msgs/msg/Int32,76
1774010060.8714736,/metrics/pcl/fused/points_in,std_msgs/msg/Int32,54824
1774010060.871536,/metrics/pcl/fused/processing_ms,std_msgs/msg/Float32,227.0206756591797
1774010061.17389,/metrics/pcl/fused/detections_count,std_msgs/msg/Int32,79
1774010061.1740065,/metrics/pcl/fused/points_in,std_msgs/msg/Int32,54866
1774010061.1740847,/metrics/pcl/fused/processing_ms,std_msgs/msg/Float32,218.91259765625
1774010061.4564552,/metrics/pcl/fused/detections_count,std_msgs/msg/Int32,82
1774010061.45656,/metrics/pcl/fused/points_in,std_msgs/msg/Int32,54882
1774010061.4566157,/metrics/pcl/fused/processing_ms,std_msgs/msg/Float32,224.93499755859375
1774010061.7732105,/metrics/pcl/fused/detections_count,std_msgs/msg/Int32,79
1774010061.773436,/metrics/pcl/fused/points_in,std_msgs/msg/Int32,54976
1774010061.7735498,/metrics/pcl/fused/processing_ms,std_msgs/msg/Float32,232.0089111328125
1774010062.0690322,/metrics/pcl/fused/detections_count,std_msgs/msg/Int32,76
1774010062.0691462,/metrics/pcl/fused/points_in,std_msgs/msg/Int32,54901
1774010062.069212,/metrics/pcl/fused/processing_ms,std_msgs/msg/Float32,230.3314666748047
1774010062.354123,/metrics/pcl/fused/detections_count,std_msgs/msg/Int32,80
1774010062.3542385,/metrics/pcl/fused/points_in,std_msgs/msg/Int32,54881
1774010062.3543093,/metrics/pcl/fused/processing_ms,std_msgs/msg/Float32,219.02969360351562
1774010062.6497254,/metrics/pcl/fused/detections_count,std_msgs/msg/Int32,77
1774010062.6498256,/metrics/pcl/fused/points_in,std_msgs/msg/Int32,54907
1774010062.6498876,/metrics/pcl/fused/processing_ms,std_msgs/msg/Float32,220.63485717773438
1774010062.95545,/metrics/pcl/fused/detections_count,std_msgs/msg/Int32,81
1774010062.9555688,/metrics/pcl/fused/points_in,std_msgs/msg/Int32,54834
1774010062.9556434,/metrics/pcl/fused/processing_ms,std_msgs/msg/Float32,219.59515380859375
1774010063.2525315,/metrics/pcl/fused/detections_count,std_msgs/msg/Int32,79
1774010063.2527204,/metrics/pcl/fused/points_in,std_msgs/msg/Int32,54934
1774010063.252824,/metrics/pcl/fused/processing_ms,std_msgs/msg/Float32,216.79922485351562
1774010063.543761,/metrics/pcl/fused/detections_count,std_msgs/msg/Int32,80
1774010063.543892,/metrics/pcl/fused/points_in,std_msgs/msg/Int32,54955
1774010063.5439804,/metrics/pcl/fused/processing_ms,std_msgs/msg/Float32,216.3031768798828
1774010063.8494992,/metrics/pcl/fused/detections_count,std_msgs/msg/Int32,82
1774010063.8496675,/metrics/pcl/fused/points_in,std_msgs/msg/Int32,54924
1774010063.84975,/metrics/pcl/fused/processing_ms,std_msgs/msg/Float32,217.8958740234375
1774010064.1598473,/metrics/pcl/fused/detections_count,std_msgs/msg/Int32,81
1774010064.1599739,/metrics/pcl/fused/points_in,std_msgs/msg/Int32,54981
1774010064.160036,/metrics/pcl/fused/processing_ms,std_msgs/msg/Float32,217.81887817382812
1774010064.4555578,/metrics/pcl/fused/detections_count,std_msgs/msg/Int32,85
1774010064.455659,/metrics/pcl/fused/points_in,std_msgs/msg/Int32,54835
1774010064.4557152,/metrics/pcl/fused/processing_ms,std_msgs/msg/Float32,216.37957763671875
1774010064.7524776,/metrics/pcl/fused/detections_count,std_msgs/msg/Int32,76
1774010064.7526398,/metrics/pcl/fused/points_in,std_msgs/msg/Int32,54940
1774010064.7527215,/metrics/pcl/fused/processing_ms,std_msgs/msg/Float32,216.75341796875
1774010065.0578651,/metrics/pcl/fused/detections_count,std_msgs/msg/Int32,81
1774010065.0580122,/metrics/pcl/fused/points_in,std_msgs/msg/Int32,54955
1774010065.058081,/metrics/pcl/fused/processing_ms,std_msgs/msg/Float32,224.52818298339844
1774010065.3609889,/metrics/pcl/fused/detections_count,std_msgs/msg/Int32,81
1774010065.3611045,/metrics/pcl/fused/points_in,std_msgs/msg/Int32,54913
1774010065.361182,/metrics/pcl/fused/processing_ms,std_msgs/msg/Float32,221.05648803710938
1774010065.6665578,/metrics/pcl/fused/detections_count,std_msgs/msg/Int32,80
1774010065.6666667,/metrics/pcl/fused/points_in,std_msgs/msg/Int32,54875
1774010065.6667292,/metrics/pcl/fused/processing_ms,std_msgs/msg/Float32,227.2034454345703
1774010065.9580834,/metrics/pcl/fused/detections_count,std_msgs/msg/Int32,74
1774010065.9581845,/metrics/pcl/fused/points_in,std_msgs/msg/Int32,54965
1774010065.9582407,/metrics/pcl/fused/processing_ms,std_msgs/msg/Float32,221.75430297851562
1774010066.2564032,/metrics/pcl/fused/detections_count,std_msgs/msg/Int32,85
1774010066.256513,/metrics/pcl/fused/points_in,std_msgs/msg/Int32,54805
1774010066.2565756,/metrics/pcl/fused/processing_ms,std_msgs/msg/Float32,214.87754821777344
1774010066.5555413,/metrics/pcl/fused/detections_count,std_msgs/msg/Int32,79
1774010066.5556586,/metrics/pcl/fused/points_in,std_msgs/msg/Int32,55001
1774010066.555725,/metrics/pcl/fused/processing_ms,std_msgs/msg/Float32,222.57791137695312
1774010066.868662,/metrics/pcl/fused/detections_count,std_msgs/msg/Int32,81
1774010066.868774,/metrics/pcl/fused/points_in,std_msgs/msg/Int32,54972
1774010066.8688343,/metrics/pcl/fused/processing_ms,std_msgs/msg/Float32,221.80035400390625
1774010067.155591,/metrics/pcl/fused/detections_count,std_msgs/msg/Int32,82
1774010067.1557019,/metrics/pcl/fused/points_in,std_msgs/msg/Int32,54935
1774010067.1557639,/metrics/pcl/fused/processing_ms,std_msgs/msg/Float32,219.29171752929688
1774010067.4520788,/metrics/pcl/fused/detections_count,std_msgs/msg/Int32,81
1774010067.452194,/metrics/pcl/fused/points_in,std_msgs/msg/Int32,54856
1774010067.452272,/metrics/pcl/fused/processing_ms,std_msgs/msg/Float32,219.7620849609375
1774010067.756426,/metrics/pcl/fused/detections_count,std_msgs/msg/Int32,78
1774010067.7565484,/metrics/pcl/fused/points_in,std_msgs/msg/Int32,55024
1774010067.7566152,/metrics/pcl/fused/processing_ms,std_msgs/msg/Float32,220.0828094482422
1774010068.0516639,/metrics/pcl/fused/detections_count,std_msgs/msg/Int32,80
1774010068.051777,/metrics/pcl/fused/points_in,std_msgs/msg/Int32,54931
1774010068.0518613,/metrics/pcl/fused/processing_ms,std_msgs/msg/Float32,215.73739624023438
1774010068.3472726,/metrics/pcl/fused/detections_count,std_msgs/msg/Int32,82
1774010068.3473907,/metrics/pcl/fused/points_in,std_msgs/msg/Int32,54907
1774010068.3474526,/metrics/pcl/fused/processing_ms,std_msgs/msg/Float32,212.94512939453125
1774010068.653259,/metrics/pcl/fused/detections_count,std_msgs/msg/Int32,71
1774010068.653363,/metrics/pcl/fused/points_in,std_msgs/msg/Int32,54829
1774010068.6534164,/metrics/pcl/fused/processing_ms,std_msgs/msg/Float32,219.90103149414062
1774010068.963429,/metrics/pcl/fused/detections_count,std_msgs/msg/Int32,81
1774010068.963546,/metrics/pcl/fused/points_in,std_msgs/msg/Int32,54850
1774010068.9636095,/metrics/pcl/fused/processing_ms,std_msgs/msg/Float32,221.50027465820312
1774010069.2635002,/metrics/pcl/fused/detections_count,std_msgs/msg/Int32,78
1774010069.263613,/metrics/pcl/fused/points_in,std_msgs/msg/Int32,54917
1774010069.2636762,/metrics/pcl/fused/processing_ms,std_msgs/msg/Float32,221.86253356933594
1774010069.5544827,/metrics/pcl/fused/detections_count,std_msgs/msg/Int32,85
1774010069.5545928,/metrics/pcl/fused/points_in,std_msgs/msg/Int32,54817
1774010069.5546627,/metrics/pcl/fused/processing_ms,std_msgs/msg/Float32,218.33578491210938
1774010069.876747,/metrics/pcl/fused/detections_count,std_msgs/msg/Int32,79
1774010069.87686,/metrics/pcl/fused/points_in,std_msgs/msg/Int32,54880
1774010069.8769476,/metrics/pcl/fused/processing_ms,std_msgs/msg/Float32,235.31044006347656
1774010070.1886036,/metrics/pcl/fused/detections_count,std_msgs/msg/Int32,77
1774010070.1887243,/metrics/pcl/fused/points_in,std_msgs/msg/Int32,54927
1774010070.188793,/metrics/pcl/fused/processing_ms,std_msgs/msg/Float32,230.47532653808594
1774010070.4706955,/metrics/pcl/fused/detections_count,std_msgs/msg/Int32,80
1774010070.4708126,/metrics/pcl/fused/points_in,std_msgs/msg/Int32,54918
1774010070.470899,/metrics/pcl/fused/processing_ms,std_msgs/msg/Float32,225.24253845214844
1774010070.7750463,/metrics/pcl/fused/detections_count,std_msgs/msg/Int32,79
1774010070.7751756,/metrics/pcl/fused/points_in,std_msgs/msg/Int32,54989
1774010070.7752476,/metrics/pcl/fused/processing_ms,std_msgs/msg/Float32,226.35511779785156
1774010071.0663283,/metrics/pcl/fused/detections_count,std_msgs/msg/Int32,78
1774010071.0664394,/metrics/pcl/fused/points_in,std_msgs/msg/Int32,54893
1774010071.0665038,/metrics/pcl/fused/processing_ms,std_msgs/msg/Float32,217.29739379882812
1774010071.3745396,/metrics/pcl/fused/detections_count,std_msgs/msg/Int32,79
1774010071.3746722,/metrics/pcl/fused/points_in,std_msgs/msg/Int32,54954
1774010071.3747482,/metrics/pcl/fused/processing_ms,std_msgs/msg/Float32,234.55853271484375
1774010071.6921747,/metrics/pcl/fused/detections_count,std_msgs/msg/Int32,79
1774010071.6923335,/metrics/pcl/fused/points_in,std_msgs/msg/Int32,54957
1774010071.6924183,/metrics/pcl/fused/processing_ms,std_msgs/msg/Float32,226.47488403320312
1774010071.9495323,/metrics/pcl/fused/detections_count,std_msgs/msg/Int32,79
1774010071.9496546,/metrics/pcl/fused/points_in,std_msgs/msg/Int32,54901
1774010071.9497097,/metrics/pcl/fused/processing_ms,std_msgs/msg/Float32,216.07156372070312
1774010072.2547812,/metrics/pcl/fused/detections_count,std_msgs/msg/Int32,80
1774010072.2549024,/metrics/pcl/fused/points_in,std_msgs/msg/Int32,54929
1774010072.2549732,/metrics/pcl/fused/processing_ms,std_msgs/msg/Float32,218.61392211914062
1774010072.5537603,/metrics/pcl/fused/detections_count,std_msgs/msg/Int32,82
1774010072.5538626,/metrics/pcl/fused/points_in,std_msgs/msg/Int32,54962
1774010072.5539455,/metrics/pcl/fused/processing_ms,std_msgs/msg/Float32,218.65374755859375
1774010072.8605936,/metrics/pcl/fused/detections_count,std_msgs/msg/Int32,81
1774010072.8607051,/metrics/pcl/fused/points_in,std_msgs/msg/Int32,54963
1774010072.860768,/metrics/pcl/fused/processing_ms,std_msgs/msg/Float32,217.96946716308594
1774010073.1553948,/metrics/pcl/fused/detections_count,std_msgs/msg/Int32,75
1774010073.1555052,/metrics/pcl/fused/points_in,std_msgs/msg/Int32,54937
1774010073.1555676,/metrics/pcl/fused/processing_ms,std_msgs/msg/Float32,220.04425048828125
1774010073.4478133,/metrics/pcl/fused/detections_count,std_msgs/msg/Int32,79
1774010073.4479935,/metrics/pcl/fused/points_in,std_msgs/msg/Int32,54895
1774010073.4481199,/metrics/pcl/fused/processing_ms,std_msgs/msg/Float32,217.36166381835938
1774010073.7575946,/metrics/pcl/fused/detections_count,std_msgs/msg/Int32,82
1774010073.7577093,/metrics/pcl/fused/points_in,std_msgs/msg/Int32,54891
1774010073.7577739,/metrics/pcl/fused/processing_ms,std_msgs/msg/Float32,222.2469482421875
1774010074.0552175,/metrics/pcl/fused/detections_count,std_msgs/msg/Int32,83
1774010074.0553298,/metrics/pcl/fused/points_in,std_msgs/msg/Int32,54856
1774010074.0553937,/metrics/pcl/fused/processing_ms,std_msgs/msg/Float32,219.0610809326172
1774010074.3520098,/metrics/pcl/fused/detections_count,std_msgs/msg/Int32,76
1774010074.3521326,/metrics/pcl/fused/points_in,std_msgs/msg/Int32,54904
1774010074.3522034,/metrics/pcl/fused/processing_ms,std_msgs/msg/Float32,217.91795349121094
1774010074.6527617,/metrics/pcl/fused/detections_count,std_msgs/msg/Int32,82
1774010074.6528826,/metrics/pcl/fused/points_in,std_msgs/msg/Int32,54857
1774010074.6529806,/metrics/pcl/fused/processing_ms,std_msgs/msg/Float32,219.86370849609375
1774010074.9506276,/metrics/pcl/fused/detections_count,std_msgs/msg/Int32,75
1774010074.9507415,/metrics/pcl/fused/points_in,std_msgs/msg/Int32,54865
1774010074.9508064,/metrics/pcl/fused/processing_ms,std_msgs/msg/Float32,220.24891662597656
1774010075.2576919,/metrics/pcl/fused/detections_count,std_msgs/msg/Int32,82
1774010075.2578616,/metrics/pcl/fused/points_in,std_msgs/msg/Int32,54822
1774010075.2580307,/metrics/pcl/fused/processing_ms,std_msgs/msg/Float32,217.4922332763672
1774010075.548509,/metrics/pcl/fused/detections_count,std_msgs/msg/Int32,82
1774010075.5486243,/metrics/pcl/fused/points_in,std_msgs/msg/Int32,54897
1774010075.5486894,/metrics/pcl/fused/processing_ms,std_msgs/msg/Float32,218.70285034179688
1774010075.8524761,/metrics/pcl/fused/detections_count,std_msgs/msg/Int32,79
1774010075.8525882,/metrics/pcl/fused/points_in,std_msgs/msg/Int32,54904
1774010075.8526437,/metrics/pcl/fused/processing_ms,std_msgs/msg/Float32,219.4354705810547
1774010076.156677,/metrics/pcl/fused/detections_count,std_msgs/msg/Int32,77
1774010076.156788,/metrics/pcl/fused/points_in,std_msgs/msg/Int32,54952
1774010076.1568499,/metrics/pcl/fused/processing_ms,std_msgs/msg/Float32,220.06126403808594
1774010076.4716327,/metrics/pcl/fused/detections_count,std_msgs/msg/Int32,82
1774010076.4717426,/metrics/pcl/fused/points_in,std_msgs/msg/Int32,54850
1774010076.4718044,/metrics/pcl/fused/processing_ms,std_msgs/msg/Float32,220.4743194580078
1774010076.7709205,/metrics/pcl/fused/detections_count,std_msgs/msg/Int32,82
1774010076.77104,/metrics/pcl/fused/points_in,std_msgs/msg/Int32,54901
1774010076.7711024,/metrics/pcl/fused/processing_ms,std_msgs/msg/Float32,229.40475463867188
1774010077.0622659,/metrics/pcl/fused/detections_count,std_msgs/msg/Int32,81
1774010077.062375,/metrics/pcl/fused/points_in,std_msgs/msg/Int32,54887
1774010077.062439,/metrics/pcl/fused/processing_ms,std_msgs/msg/Float32,221.5649871826172
1774010077.3560898,/metrics/pcl/fused/detections_count,std_msgs/msg/Int32,75
1774010077.356204,/metrics/pcl/fused/points_in,std_msgs/msg/Int32,54871
1774010077.3562596,/metrics/pcl/fused/processing_ms,std_msgs/msg/Float32,221.05453491210938
1774010077.6557384,/metrics/pcl/fused/detections_count,std_msgs/msg/Int32,82
1774010077.655901,/metrics/pcl/fused/points_in,std_msgs/msg/Int32,55034
1774010077.6559799,/metrics/pcl/fused/processing_ms,std_msgs/msg/Float32,221.3154296875
1774010077.9581907,/metrics/pcl/fused/detections_count,std_msgs/msg/Int32,81
1774010077.958309,/metrics/pcl/fused/points_in,std_msgs/msg/Int32,55046
1774010077.9583843,/metrics/pcl/fused/processing_ms,std_msgs/msg/Float32,222.1342315673828
1774010078.2530646,/metrics/pcl/fused/detections_count,std_msgs/msg/Int32,86
1774010078.2532194,/metrics/pcl/fused/points_in,std_msgs/msg/Int32,55021
1774010078.253287,/metrics/pcl/fused/processing_ms,std_msgs/msg/Float32,217.39346313476562
1774010078.5524895,/metrics/pcl/fused/detections_count,std_msgs/msg/Int32,81
1774010078.5526037,/metrics/pcl/fused/points_in,std_msgs/msg/Int32,54948
1774010078.552696,/metrics/pcl/fused/processing_ms,std_msgs/msg/Float32,221.17042541503906
1774010078.8584316,/metrics/pcl/fused/detections_count,std_msgs/msg/Int32,82
1774010078.8585618,/metrics/pcl/fused/points_in,std_msgs/msg/Int32,54880
1774010078.8586342,/metrics/pcl/fused/processing_ms,std_msgs/msg/Float32,220.51272583007812
1774010079.1681397,/metrics/pcl/fused/detections_count,std_msgs/msg/Int32,78
1774010079.168249,/metrics/pcl/fused/points_in,std_msgs/msg/Int32,54936
1774010079.168311,/metrics/pcl/fused/processing_ms,std_msgs/msg/Float32,227.35848999023438
1774010079.456563,/metrics/pcl/fused/detections_count,std_msgs/msg/Int32,82
1774010079.4566934,/metrics/pcl/fused/points_in,std_msgs/msg/Int32,54831
1774010079.4567566,/metrics/pcl/fused/processing_ms,std_msgs/msg/Float32,219.6237335205078
1774010079.7602806,/metrics/pcl/fused/detections_count,std_msgs/msg/Int32,80
1774010079.760455,/metrics/pcl/fused/points_in,std_msgs/msg/Int32,54864
1774010079.7605648,/metrics/pcl/fused/processing_ms,std_msgs/msg/Float32,220.8107452392578
1774010080.05685,/metrics/pcl/fused/detections_count,std_msgs/msg/Int32,81
1774010080.0569804,/metrics/pcl/fused/points_in,std_msgs/msg/Int32,54870
1774010080.0570557,/metrics/pcl/fused/processing_ms,std_msgs/msg/Float32,219.91351318359375
1774010080.3452487,/metrics/pcl/fused/detections_count,std_msgs/msg/Int32,82
1774010080.3453584,/metrics/pcl/fused/points_in,std_msgs/msg/Int32,54844
1774010080.3454108,/metrics/pcl/fused/processing_ms,std_msgs/msg/Float32,211.9136505126953
1774010080.6549363,/metrics/pcl/fused/detections_count,std_msgs/msg/Int32,81
1774010080.6550562,/metrics/pcl/fused/points_in,std_msgs/msg/Int32,54818
1774010080.6551275,/metrics/pcl/fused/processing_ms,std_msgs/msg/Float32,222.2415313720703
1774010080.9668365,/metrics/pcl/fused/detections_count,std_msgs/msg/Int32,78
1774010080.966965,/metrics/pcl/fused/points_in,std_msgs/msg/Int32,54885
1774010080.9670267,/metrics/pcl/fused/processing_ms,std_msgs/msg/Float32,223.08529663085938
1774010081.2584293,/metrics/pcl/fused/detections_count,std_msgs/msg/Int32,80
1774010081.258594,/metrics/pcl/fused/points_in,std_msgs/msg/Int32,54800
1774010081.2587175,/metrics/pcl/fused/processing_ms,std_msgs/msg/Float32,217.3613739013672
1774010081.5544703,/metrics/pcl/fused/detections_count,std_msgs/msg/Int32,73
1774010081.554591,/metrics/pcl/fused/points_in,std_msgs/msg/Int32,54734
1774010081.5546567,/metrics/pcl/fused/processing_ms,std_msgs/msg/Float32,223.35614013671875
1774010081.8689625,/metrics/pcl/fused/detections_count,std_msgs/msg/Int32,75
1774010081.86906,/metrics/pcl/fused/points_in,std_msgs/msg/Int32,54875
1774010081.8691118,/metrics/pcl/fused/processing_ms,std_msgs/msg/Float32,231.2184600830078
1774010082.16523,/metrics/pcl/fused/detections_count,std_msgs/msg/Int32,84
1774010082.165356,/metrics/pcl/fused/points_in,std_msgs/msg/Int32,54921
1774010082.1654181,/metrics/pcl/fused/processing_ms,std_msgs/msg/Float32,220.994140625
1774010082.4527638,/metrics/pcl/fused/detections_count,std_msgs/msg/Int32,82
1774010082.452888,/metrics/pcl/fused/points_in,std_msgs/msg/Int32,54948
1774010082.4529648,/metrics/pcl/fused/processing_ms,std_msgs/msg/Float32,217.13436889648438
1774010082.7574713,/metrics/pcl/fused/detections_count,std_msgs/msg/Int32,79
1774010082.7575817,/metrics/pcl/fused/points_in,std_msgs/msg/Int32,54953
1774010082.7576437,/metrics/pcl/fused/processing_ms,std_msgs/msg/Float32,222.12501525878906
1774010083.0607548,/metrics/pcl/fused/detections_count,std_msgs/msg/Int32,83
1774010083.0608566,/metrics/pcl/fused/points_in,std_msgs/msg/Int32,54978
1774010083.0609255,/metrics/pcl/fused/processing_ms,std_msgs/msg/Float32,224.3851318359375
1774010083.3517509,/metrics/pcl/fused/detections_count,std_msgs/msg/Int32,80
1774010083.3518672,/metrics/pcl/fused/points_in,std_msgs/msg/Int32,54853
1774010083.3519678,/metrics/pcl/fused/processing_ms,std_msgs/msg/Float32,217.1848907470703
1774010083.6532636,/metrics/pcl/fused/detections_count,std_msgs/msg/Int32,85
1774010083.653394,/metrics/pcl/fused/points_in,std_msgs/msg/Int32,54756
1774010083.6534595,/metrics/pcl/fused/processing_ms,std_msgs/msg/Float32,221.0379180908203
1774010083.9597585,/metrics/pcl/fused/detections_count,std_msgs/msg/Int32,83
1774010083.9598844,/metrics/pcl/fused/points_in,std_msgs/msg/Int32,54846
1774010083.9599643,/metrics/pcl/fused/processing_ms,std_msgs/msg/Float32,217.80035400390625
1774010084.2608645,/metrics/pcl/fused/detections_count,std_msgs/msg/Int32,79
1774010084.260995,/metrics/pcl/fused/points_in,std_msgs/msg/Int32,54799
1774010084.2610571,/metrics/pcl/fused/processing_ms,std_msgs/msg/Float32,224.3867645263672
1774010084.5642533,/metrics/pcl/fused/detections_count,std_msgs/msg/Int32,82
1774010084.5643654,/metrics/pcl/fused/points_in,std_msgs/msg/Int32,54945
1774010084.564428,/metrics/pcl/fused/processing_ms,std_msgs/msg/Float32,224.33128356933594
1774010084.8781607,/metrics/pcl/fused/detections_count,std_msgs/msg/Int32,77
1774010084.878303,/metrics/pcl/fused/points_in,std_msgs/msg/Int32,54860
1774010084.878367,/metrics/pcl/fused/processing_ms,std_msgs/msg/Float32,240.7495880126953
1774010085.235481,/metrics/pcl/fused/detections_count,std_msgs/msg/Int32,84
1774010085.2356322,/metrics/pcl/fused/points_in,std_msgs/msg/Int32,54823
1774010085.2356951,/metrics/pcl/fused/processing_ms,std_msgs/msg/Float32,266.3264465332031
1774010085.5205839,/metrics/pcl/fused/detections_count,std_msgs/msg/Int32,81
1774010085.5207322,/metrics/pcl/fused/points_in,std_msgs/msg/Int32,54890
1774010085.5208063,/metrics/pcl/fused/processing_ms,std_msgs/msg/Float32,235.27255249023438
1774010085.7995303,/metrics/pcl/fused/detections_count,std_msgs/msg/Int32,79
1774010085.7996523,/metrics/pcl/fused/points_in,std_msgs/msg/Int32,54875
1774010085.7997136,/metrics/pcl/fused/processing_ms,std_msgs/msg/Float32,243.5115509033203
1774010086.1328356,/metrics/pcl/fused/detections_count,std_msgs/msg/Int32,80
1774010086.1330285,/metrics/pcl/fused/processing_ms,std_msgs/msg/Float32,263.67437744140625
1774010086.1333256,/metrics/pcl/fused/points_in,std_msgs/msg/Int32,54884
1774010086.8672235,/metrics/pcl/fused/detections_count,std_msgs/msg/Int32,83
1774010086.867458,/metrics/pcl/fused/points_in,std_msgs/msg/Int32,54861
1774010086.8675966,/metrics/pcl/fused/processing_ms,std_msgs/msg/Float32,292.1944580078125
1774010087.1712806,/metrics/pcl/fused/detections_count,std_msgs/msg/Int32,77
1774010087.1714551,/metrics/pcl/fused/points_in,std_msgs/msg/Int32,54923
1774010087.1715794,/metrics/pcl/fused/processing_ms,std_msgs/msg/Float32,242.5471954345703
1774010087.4828143,/metrics/pcl/fused/detections_count,std_msgs/msg/Int32,81
1774010087.482974,/metrics/pcl/fused/points_in,std_msgs/msg/Int32,54875
1774010087.4830577,/metrics/pcl/fused/processing_ms,std_msgs/msg/Float32,228.0181121826172
1774010087.7561302,/metrics/pcl/fused/detections_count,std_msgs/msg/Int32,80
1774010087.7562494,/metrics/pcl/fused/points_in,std_msgs/msg/Int32,54870
1774010087.756315,/metrics/pcl/fused/processing_ms,std_msgs/msg/Float32,221.98646545410156
1774010088.0600097,/metrics/pcl/fused/detections_count,std_msgs/msg/Int32,84
1774010088.0601277,/metrics/pcl/fused/points_in,std_msgs/msg/Int32,54892
1774010088.0601845,/metrics/pcl/fused/processing_ms,std_msgs/msg/Float32,225.58538818359375
1774010088.361035,/metrics/pcl/fused/detections_count,std_msgs/msg/Int32,75
1774010088.361146,/metrics/pcl/fused/points_in,std_msgs/msg/Int32,54938
1774010088.3612072,/metrics/pcl/fused/processing_ms,std_msgs/msg/Float32,219.9627227783203
1774010088.6638207,/metrics/pcl/fused/detections_count,std_msgs/msg/Int32,80
1774010088.6639705,/metrics/pcl/fused/points_in,std_msgs/msg/Int32,54826
1774010088.6640382,/metrics/pcl/fused/processing_ms,std_msgs/msg/Float32,230.49588012695312
1774010088.9638078,/metrics/pcl/fused/detections_count,std_msgs/msg/Int32,83
1774010088.9639254,/metrics/pcl/fused/points_in,std_msgs/msg/Int32,54900
1774010088.9640286,/metrics/pcl/fused/processing_ms,std_msgs/msg/Float32,221.42642211914062
1774010089.2659364,/metrics/pcl/fused/detections_count,std_msgs/msg/Int32,79
1774010089.2660985,/metrics/pcl/fused/points_in,std_msgs/msg/Int32,54883
1774010089.2661936,/metrics/pcl/fused/processing_ms,std_msgs/msg/Float32,227.23646545410156
1774010089.556795,/metrics/pcl/fused/detections_count,std_msgs/msg/Int32,82
1774010089.5569463,/metrics/pcl/fused/points_in,std_msgs/msg/Int32,54926
1774010089.5570364,/metrics/pcl/fused/processing_ms,std_msgs/msg/Float32,222.7210235595703
1774010089.8630784,/metrics/pcl/fused/detections_count,std_msgs/msg/Int32,80
1774010089.8632102,/metrics/pcl/fused/points_in,std_msgs/msg/Int32,54941
1774010089.8632941,/metrics/pcl/fused/processing_ms,std_msgs/msg/Float32,228.43124389648438
1774010090.157451,/metrics/pcl/fused/detections_count,std_msgs/msg/Int32,80
1774010090.157593,/metrics/pcl/fused/points_in,std_msgs/msg/Int32,54921
1774010090.1576781,/metrics/pcl/fused/processing_ms,std_msgs/msg/Float32,223.80194091796875
1774010090.4637613,/metrics/pcl/fused/detections_count,std_msgs/msg/Int32,82
1774010090.463943,/metrics/pcl/fused/points_in,std_msgs/msg/Int32,54904
1774010090.4640532,/metrics/pcl/fused/processing_ms,std_msgs/msg/Float32,232.13067626953125
1774010090.7902594,/metrics/pcl/fused/detections_count,std_msgs/msg/Int32,78
1774010090.7903707,/metrics/pcl/fused/points_in,std_msgs/msg/Int32,54851
1774010090.790428,/metrics/pcl/fused/processing_ms,std_msgs/msg/Float32,236.99716186523438
1774010091.087487,/metrics/pcl/fused/detections_count,std_msgs/msg/Int32,84
1774010091.0876107,/metrics/pcl/fused/points_in,std_msgs/msg/Int32,54887
1774010091.0877044,/metrics/pcl/fused/processing_ms,std_msgs/msg/Float32,239.5672149658203
1774010091.3845508,/metrics/pcl/fused/detections_count,std_msgs/msg/Int32,79
1774010091.384727,/metrics/pcl/fused/points_in,std_msgs/msg/Int32,54930
1774010091.3848197,/metrics/pcl/fused/processing_ms,std_msgs/msg/Float32,232.64752197265625
1774010091.678298,/metrics/pcl/fused/detections_count,std_msgs/msg/Int32,76
1774010091.6784108,/metrics/pcl/fused/points_in,std_msgs/msg/Int32,54813
1774010091.6784732,/metrics/pcl/fused/processing_ms,std_msgs/msg/Float32,227.96437072753906
1774010091.9757888,/metrics/pcl/fused/detections_count,std_msgs/msg/Int32,78
1774010091.9759748,/metrics/pcl/fused/points_in,std_msgs/msg/Int32,54904
1774010091.9760869,/metrics/pcl/fused/processing_ms,std_msgs/msg/Float32,231.8961639404297
1774010092.2756226,/metrics/pcl/fused/detections_count,std_msgs/msg/Int32,81
1774010092.2757256,/metrics/pcl/fused/points_in,std_msgs/msg/Int32,54907
1774010092.2757797,/metrics/pcl/fused/processing_ms,std_msgs/msg/Float32,226.5518798828125
1774010092.594327,/metrics/pcl/fused/detections_count,std_msgs/msg/Int32,78
1774010092.5944557,/metrics/pcl/fused/points_in,std_msgs/msg/Int32,54874
1774010092.5945344,/metrics/pcl/fused/processing_ms,std_msgs/msg/Float32,246.98004150390625
1774010092.9063616,/metrics/pcl/fused/detections_count,std_msgs/msg/Int32,77
1774010092.9065037,/metrics/pcl/fused/points_in,std_msgs/msg/Int32,54938
1774010092.906605,/metrics/pcl/fused/processing_ms,std_msgs/msg/Float32,237.20455932617188
1774010093.17019,/metrics/pcl/fused/detections_count,std_msgs/msg/Int32,80
1774010093.1703203,/metrics/pcl/fused/points_in,std_msgs/msg/Int32,54931
1774010093.1704023,/metrics/pcl/fused/processing_ms,std_msgs/msg/Float32,227.1207275390625
1774010093.49819,/metrics/pcl/fused/detections_count,std_msgs/msg/Int32,82
1774010093.4983346,/metrics/pcl/fused/points_in,std_msgs/msg/Int32,54950
1774010093.4983988,/metrics/pcl/fused/processing_ms,std_msgs/msg/Float32,247.20701599121094
1774010093.797477,/metrics/pcl/fused/detections_count,std_msgs/msg/Int32,80
1774010093.7976112,/metrics/pcl/fused/points_in,std_msgs/msg/Int32,54822
1774010093.7976773,/metrics/pcl/fused/processing_ms,std_msgs/msg/Float32,236.5802764892578
1774010094.102547,/metrics/pcl/fused/detections_count,std_msgs/msg/Int32,83
1774010094.1026583,/metrics/pcl/fused/points_in,std_msgs/msg/Int32,54821
1774010094.1027205,/metrics/pcl/fused/processing_ms,std_msgs/msg/Float32,242.26272583007812
1774010094.375854,/metrics/pcl/fused/detections_count,std_msgs/msg/Int32,76
1774010094.375988,/metrics/pcl/fused/points_in,std_msgs/msg/Int32,54891
1774010094.376055,/metrics/pcl/fused/processing_ms,std_msgs/msg/Float32,227.1148223876953
1774010094.662731,/metrics/pcl/fused/detections_count,std_msgs/msg/Int32,79
1774010094.6628432,/metrics/pcl/fused/points_in,std_msgs/msg/Int32,54899
1774010094.6629183,/metrics/pcl/fused/processing_ms,std_msgs/msg/Float32,224.328369140625
1774010094.9969428,/metrics/pcl/fused/detections_count,std_msgs/msg/Int32,79
1774010094.9970946,/metrics/pcl/fused/points_in,std_msgs/msg/Int32,54815
1774010094.9971635,/metrics/pcl/fused/processing_ms,std_msgs/msg/Float32,244.38320922851562
1774010095.270009,/metrics/pcl/fused/detections_count,std_msgs/msg/Int32,78
1774010095.270131,/metrics/pcl/fused/points_in,std_msgs/msg/Int32,54813
1774010095.270207,/metrics/pcl/fused/processing_ms,std_msgs/msg/Float32,218.36508178710938
1774010095.555926,/metrics/pcl/fused/detections_count,std_msgs/msg/Int32,78
1774010095.556042,/metrics/pcl/fused/points_in,std_msgs/msg/Int32,54880
1774010095.5561082,/metrics/pcl/fused/processing_ms,std_msgs/msg/Float32,220.51779174804688
1774010096.1545646,/metrics/pcl/fused/detections_count,std_msgs/msg/Int32,80
1774010096.1546824,/metrics/pcl/fused/points_in,std_msgs/msg/Int32,54863
1774010096.1547427,/metrics/pcl/fused/processing_ms,std_msgs/msg/Float32,218.33006286621094
1774010096.4740992,/metrics/pcl/fused/detections_count,std_msgs/msg/Int32,75
1774010096.4742098,/metrics/pcl/fused/points_in,std_msgs/msg/Int32,54838
1774010096.4742718,/metrics/pcl/fused/processing_ms,std_msgs/msg/Float32,237.3456573486328
1774010096.7748466,/metrics/pcl/fused/detections_count,std_msgs/msg/Int32,81
1774010096.7750025,/metrics/pcl/fused/points_in,std_msgs/msg/Int32,54855
1774010096.7750595,/metrics/pcl/fused/processing_ms,std_msgs/msg/Float32,224.42300415039062
1774010097.0965934,/metrics/pcl/fused/detections_count,std_msgs/msg/Int32,80
1774010097.0967412,/metrics/pcl/fused/points_in,std_msgs/msg/Int32,54863
1774010097.0968168,/metrics/pcl/fused/processing_ms,std_msgs/msg/Float32,249.7501220703125
1774010097.398722,/metrics/pcl/fused/detections_count,std_msgs/msg/Int32,74
1774010097.398838,/metrics/pcl/fused/points_in,std_msgs/msg/Int32,54949
1774010097.3989174,/metrics/pcl/fused/processing_ms,std_msgs/msg/Float32,229.72732543945312
1774010097.6978207,/metrics/pcl/fused/detections_count,std_msgs/msg/Int32,81
1774010097.6980026,/metrics/pcl/fused/points_in,std_msgs/msg/Int32,54823
1774010097.6981099,/metrics/pcl/fused/processing_ms,std_msgs/msg/Float32,250.02947998046875
1774010098.0046992,/metrics/pcl/fused/detections_count,std_msgs/msg/Int32,77
1774010098.0048225,/metrics/pcl/fused/points_in,std_msgs/msg/Int32,54818
1774010098.0049007,/metrics/pcl/fused/processing_ms,std_msgs/msg/Float32,241.75509643554688
1774010098.2833693,/metrics/pcl/fused/detections_count,std_msgs/msg/Int32,77
1774010098.2834983,/metrics/pcl/fused/points_in,std_msgs/msg/Int32,54797
1774010098.2835767,/metrics/pcl/fused/processing_ms,std_msgs/msg/Float32,221.52952575683594
1774010098.5876803,/metrics/pcl/fused/detections_count,std_msgs/msg/Int32,78
1774010098.5878015,/metrics/pcl/fused/points_in,std_msgs/msg/Int32,54800
1774010098.587862,/metrics/pcl/fused/processing_ms,std_msgs/msg/Float32,243.03533935546875
1774010098.9074025,/metrics/pcl/fused/detections_count,std_msgs/msg/Int32,81
1774010098.907517,/metrics/pcl/fused/points_in,std_msgs/msg/Int32,54864
1774010098.9075682,/metrics/pcl/fused/processing_ms,std_msgs/msg/Float32,225.02255249023438
1774010099.1955848,/metrics/pcl/fused/detections_count,std_msgs/msg/Int32,79
1774010099.1957169,/metrics/pcl/fused/points_in,std_msgs/msg/Int32,54859
1774010099.1957839,/metrics/pcl/fused/processing_ms,std_msgs/msg/Float32,236.78585815429688
1774010099.4968522,/metrics/pcl/fused/detections_count,std_msgs/msg/Int32,79
1774010099.4970388,/metrics/pcl/fused/points_in,std_msgs/msg/Int32,54887
1774010099.4971504,/metrics/pcl/fused/processing_ms,std_msgs/msg/Float32,238.7828369140625
1774010099.8094695,/metrics/pcl/fused/detections_count,std_msgs/msg/Int32,77
1774010099.8096118,/metrics/pcl/fused/points_in,std_msgs/msg/Int32,54870
1774010099.8096912,/metrics/pcl/fused/processing_ms,std_msgs/msg/Float32,239.0003204345703
1774010100.0763855,/metrics/pcl/fused/detections_count,std_msgs/msg/Int32,77
1774010100.0765135,/metrics/pcl/fused/points_in,std_msgs/msg/Int32,54802
1774010100.0765865,/metrics/pcl/fused/processing_ms,std_msgs/msg/Float32,225.65023803710938
1774010100.365521,/metrics/pcl/fused/detections_count,std_msgs/msg/Int32,81
1774010100.3656676,/metrics/pcl/fused/points_in,std_msgs/msg/Int32,54864
1774010100.3657568,/metrics/pcl/fused/processing_ms,std_msgs/msg/Float32,227.08238220214844
1774010100.6745546,/metrics/pcl/fused/detections_count,std_msgs/msg/Int32,81
1774010100.6746697,/metrics/pcl/fused/points_in,std_msgs/msg/Int32,54772
1774010100.674734,/metrics/pcl/fused/processing_ms,std_msgs/msg/Float32,229.1328125
1774010100.9651237,/metrics/pcl/fused/detections_count,std_msgs/msg/Int32,84
1774010100.9652448,/metrics/pcl/fused/points_in,std_msgs/msg/Int32,54744
1774010100.9653096,/metrics/pcl/fused/processing_ms,std_msgs/msg/Float32,221.4677276611328
1774010101.2675035,/metrics/pcl/fused/detections_count,std_msgs/msg/Int32,80
1774010101.2676277,/metrics/pcl/fused/points_in,std_msgs/msg/Int32,54808
1774010101.2676995,/metrics/pcl/fused/processing_ms,std_msgs/msg/Float32,226.3869171142578
1774010101.5824127,/metrics/pcl/fused/detections_count,std_msgs/msg/Int32,75
1774010101.5825562,/metrics/pcl/fused/points_in,std_msgs/msg/Int32,54789
1774010101.5826437,/metrics/pcl/fused/processing_ms,std_msgs/msg/Float32,235.47537231445312
1774010101.8860946,/metrics/pcl/fused/detections_count,std_msgs/msg/Int32,82
1774010101.8862727,/metrics/pcl/fused/points_in,std_msgs/msg/Int32,54708
1774010101.886357,/metrics/pcl/fused/processing_ms,std_msgs/msg/Float32,227.29559326171875
1774010102.1749122,/metrics/pcl/fused/detections_count,std_msgs/msg/Int32,81
1774010102.1750605,/metrics/pcl/fused/points_in,std_msgs/msg/Int32,54909
1774010102.1751263,/metrics/pcl/fused/processing_ms,std_msgs/msg/Float32,231.3330535888672
1774010102.47562,/metrics/pcl/fused/detections_count,std_msgs/msg/Int32,80
1774010102.4757576,/metrics/pcl/fused/points_in,std_msgs/msg/Int32,54718
1774010102.475839,/metrics/pcl/fused/processing_ms,std_msgs/msg/Float32,222.01620483398438
1774010102.7863607,/metrics/pcl/fused/detections_count,std_msgs/msg/Int32,81
1774010102.786522,/metrics/pcl/fused/points_in,std_msgs/msg/Int32,54874
1774010102.7866035,/metrics/pcl/fused/processing_ms,std_msgs/msg/Float32,248.88157653808594
1774010103.0891628,/metrics/pcl/fused/detections_count,std_msgs/msg/Int32,82
1774010103.089299,/metrics/pcl/fused/points_in,std_msgs/msg/Int32,54949
1774010103.0893772,/metrics/pcl/fused/processing_ms,std_msgs/msg/Float32,225.6175537109375
1774010103.397564,/metrics/pcl/fused/detections_count,std_msgs/msg/Int32,82
1774010103.3977,/metrics/pcl/fused/points_in,std_msgs/msg/Int32,54748
1774010103.3977911,/metrics/pcl/fused/processing_ms,std_msgs/msg/Float32,255.46820068359375
1774010103.7058997,/metrics/pcl/fused/detections_count,std_msgs/msg/Int32,78
1774010103.7060633,/metrics/pcl/fused/points_in,std_msgs/msg/Int32,54857
1774010103.7061477,/metrics/pcl/fused/processing_ms,std_msgs/msg/Float32,221.7808074951172
1774010103.9662619,/metrics/pcl/fused/detections_count,std_msgs/msg/Int32,80
1774010103.966372,/metrics/pcl/fused/points_in,std_msgs/msg/Int32,54753
1774010103.9664347,/metrics/pcl/fused/processing_ms,std_msgs/msg/Float32,219.29876708984375
1774010104.253465,/metrics/pcl/fused/detections_count,std_msgs/msg/Int32,83
1774010104.2535982,/metrics/pcl/fused/points_in,std_msgs/msg/Int32,54817
1774010104.2536993,/metrics/pcl/fused/processing_ms,std_msgs/msg/Float32,216.89361572265625
1774010104.5569317,/metrics/pcl/fused/detections_count,std_msgs/msg/Int32,79
1774010104.5570507,/metrics/pcl/fused/points_in,std_msgs/msg/Int32,54832
1774010104.5571253,/metrics/pcl/fused/processing_ms,std_msgs/msg/Float32,223.20835876464844
1774010104.8748143,/metrics/pcl/fused/detections_count,std_msgs/msg/Int32,78
1774010104.8749948,/metrics/pcl/fused/points_in,std_msgs/msg/Int32,54877
1774010104.8751125,/metrics/pcl/fused/processing_ms,std_msgs/msg/Float32,231.2115020751953
1774010105.1707273,/metrics/pcl/fused/detections_count,std_msgs/msg/Int32,81
1774010105.1708646,/metrics/pcl/fused/points_in,std_msgs/msg/Int32,54850
1774010105.1709828,/metrics/pcl/fused/processing_ms,std_msgs/msg/Float32,220.0699920654297
1774010105.456317,/metrics/pcl/fused/detections_count,std_msgs/msg/Int32,77
1774010105.4564812,/metrics/pcl/fused/points_in,std_msgs/msg/Int32,54854
1774010105.4565806,/metrics/pcl/fused/processing_ms,std_msgs/msg/Float32,218.53143310546875
1774010105.7758274,/metrics/pcl/fused/detections_count,std_msgs/msg/Int32,83
1774010105.7759664,/metrics/pcl/fused/points_in,std_msgs/msg/Int32,54719
1774010105.7760408,/metrics/pcl/fused/processing_ms,std_msgs/msg/Float32,222.7899627685547
1774010106.0739174,/metrics/pcl/fused/detections_count,std_msgs/msg/Int32,75
1774010106.074043,/metrics/pcl/fused/points_in,std_msgs/msg/Int32,54835
1774010106.0741134,/metrics/pcl/fused/processing_ms,std_msgs/msg/Float32,228.87210083007812
1774010106.362058,/metrics/pcl/fused/detections_count,std_msgs/msg/Int32,77
1774010106.362172,/metrics/pcl/fused/points_in,std_msgs/msg/Int32,54889
1774010106.3622348,/metrics/pcl/fused/processing_ms,std_msgs/msg/Float32,215.8043975830078
1774010106.6580296,/metrics/pcl/fused/detections_count,std_msgs/msg/Int32,80
1774010106.6581476,/metrics/pcl/fused/points_in,std_msgs/msg/Int32,54895
1774010106.6582127,/metrics/pcl/fused/processing_ms,std_msgs/msg/Float32,222.91709899902344
1774010106.960344,/metrics/pcl/fused/detections_count,std_msgs/msg/Int32,83
1774010106.9605014,/metrics/pcl/fused/points_in,std_msgs/msg/Int32,54822
1774010106.9606035,/metrics/pcl/fused/processing_ms,std_msgs/msg/Float32,218.47117614746094
1774010107.255504,/metrics/pcl/fused/detections_count,std_msgs/msg/Int32,81
1774010107.2556148,/metrics/pcl/fused/points_in,std_msgs/msg/Int32,54876
1774010107.2556767,/metrics/pcl/fused/processing_ms,std_msgs/msg/Float32,214.97772216796875
1774010107.5518446,/metrics/pcl/fused/detections_count,std_msgs/msg/Int32,79
1774010107.5520594,/metrics/pcl/fused/points_in,std_msgs/msg/Int32,54825
1774010107.552225,/metrics/pcl/fused/processing_ms,std_msgs/msg/Float32,219.9970703125
1774010107.8712156,/metrics/pcl/fused/detections_count,std_msgs/msg/Int32,79
1774010107.8713233,/metrics/pcl/fused/points_in,std_msgs/msg/Int32,54790
1774010107.8714,/metrics/pcl/fused/processing_ms,std_msgs/msg/Float32,230.5347900390625
1774010108.1736212,/metrics/pcl/fused/detections_count,std_msgs/msg/Int32,76
1774010108.1737332,/metrics/pcl/fused/points_in,std_msgs/msg/Int32,54751
1774010108.1737962,/metrics/pcl/fused/processing_ms,std_msgs/msg/Float32,223.04615783691406
1774010108.4560363,/metrics/pcl/fused/detections_count,std_msgs/msg/Int32,81
1774010108.456174,/metrics/pcl/fused/points_in,std_msgs/msg/Int32,54860
1774010108.4562314,/metrics/pcl/fused/processing_ms,std_msgs/msg/Float32,222.1726531982422
1774010108.7636857,/metrics/pcl/fused/detections_count,std_msgs/msg/Int32,84
1774010108.7638113,/metrics/pcl/fused/points_in,std_msgs/msg/Int32,54811
1774010108.7638857,/metrics/pcl/fused/processing_ms,std_msgs/msg/Float32,225.25791931152344
1774010109.0664773,/metrics/pcl/fused/detections_count,std_msgs/msg/Int32,78
1774010109.0666165,/metrics/pcl/fused/points_in,std_msgs/msg/Int32,54875
1774010109.0667121,/metrics/pcl/fused/processing_ms,std_msgs/msg/Float32,224.66082763671875
1774010109.3541276,/metrics/pcl/fused/detections_count,std_msgs/msg/Int32,83
1774010109.354256,/metrics/pcl/fused/points_in,std_msgs/msg/Int32,55018
1774010109.3543205,/metrics/pcl/fused/processing_ms,std_msgs/msg/Float32,216.70870971679688
1774010109.671195,/metrics/pcl/fused/detections_count,std_msgs/msg/Int32,78
1774010109.6713185,/metrics/pcl/fused/points_in,std_msgs/msg/Int32,54769
1774010109.671385,/metrics/pcl/fused/processing_ms,std_msgs/msg/Float32,231.80136108398438
1774010109.975386,/metrics/pcl/fused/detections_count,std_msgs/msg/Int32,82
1774010109.9755394,/metrics/pcl/fused/points_in,std_msgs/msg/Int32,54675
1774010109.9756436,/metrics/pcl/fused/processing_ms,std_msgs/msg/Float32,222.92031860351562
1774010110.2605758,/metrics/pcl/fused/detections_count,std_msgs/msg/Int32,82
1774010110.2606885,/metrics/pcl/fused/points_in,std_msgs/msg/Int32,54457
1774010110.2607512,/metrics/pcl/fused/processing_ms,std_msgs/msg/Float32,214.59979248046875
1774010110.550626,/metrics/pcl/fused/detections_count,std_msgs/msg/Int32,83
1774010110.550736,/metrics/pcl/fused/points_in,std_msgs/msg/Int32,54060
1774010110.5508125,/metrics/pcl/fused/processing_ms,std_msgs/msg/Float32,220.5867156982422
1774010110.8485627,/metrics/pcl/fused/detections_count,std_msgs/msg/Int32,84
1774010110.848684,/metrics/pcl/fused/points_in,std_msgs/msg/Int32,53740
1774010110.8487468,/metrics/pcl/fused/processing_ms,std_msgs/msg/Float32,214.33323669433594
1774010111.4394698,/metrics/pcl/fused/detections_count,std_msgs/msg/Int32,92
1774010111.4396002,/metrics/pcl/fused/points_in,std_msgs/msg/Int32,53140
1774010111.439676,/metrics/pcl/fused/processing_ms,std_msgs/msg/Float32,208.9817657470703
1774010111.750841,/metrics/pcl/fused/detections_count,std_msgs/msg/Int32,87
1774010111.750996,/metrics/pcl/fused/points_in,std_msgs/msg/Int32,52402
1774010111.7510846,/metrics/pcl/fused/processing_ms,std_msgs/msg/Float32,213.46681213378906
1774010112.036102,/metrics/pcl/fused/detections_count,std_msgs/msg/Int32,82
1774010112.0362568,/metrics/pcl/fused/points_in,std_msgs/msg/Int32,51233
1774010112.0363512,/metrics/pcl/fused/processing_ms,std_msgs/msg/Float32,201.6135711669922
1774010112.3401392,/metrics/pcl/fused/detections_count,std_msgs/msg/Int32,67
1774010112.340276,/metrics/pcl/fused/points_in,std_msgs/msg/Int32,50780
1774010112.34038,/metrics/pcl/fused/processing_ms,std_msgs/msg/Float32,204.24465942382812
1774010112.6426892,/metrics/pcl/fused/detections_count,std_msgs/msg/Int32,80
1774010112.64282,/metrics/pcl/fused/points_in,std_msgs/msg/Int32,51277
1774010112.6429033,/metrics/pcl/fused/processing_ms,std_msgs/msg/Float32,213.82208251953125
1774010112.9529836,/metrics/pcl/fused/detections_count,std_msgs/msg/Int32,76
1774010112.9531174,/metrics/pcl/fused/points_in,std_msgs/msg/Int32,51564
1774010112.953184,/metrics/pcl/fused/processing_ms,std_msgs/msg/Float32,216.3590850830078
1774010113.2484512,/metrics/pcl/fused/detections_count,std_msgs/msg/Int32,70
1774010113.2486117,/metrics/pcl/fused/points_in,std_msgs/msg/Int32,50866
1774010113.2486923,/metrics/pcl/fused/processing_ms,std_msgs/msg/Float32,215.07054138183594
1774010113.5367713,/metrics/pcl/fused/detections_count,std_msgs/msg/Int32,78
1774010113.5369313,/metrics/pcl/fused/points_in,std_msgs/msg/Int32,49447
1774010113.537002,/metrics/pcl/fused/processing_ms,std_msgs/msg/Float32,209.4441375732422
1774010113.831765,/metrics/pcl/fused/detections_count,std_msgs/msg/Int32,76
1774010113.8318865,/metrics/pcl/fused/points_in,std_msgs/msg/Int32,48462
1774010113.8319592,/metrics/pcl/fused/processing_ms,std_msgs/msg/Float32,200.93626403808594
1774010114.1295688,/metrics/pcl/fused/detections_count,std_msgs/msg/Int32,75
1774010114.1297297,/metrics/pcl/fused/points_in,std_msgs/msg/Int32,49235
1774010114.129835,/metrics/pcl/fused/processing_ms,std_msgs/msg/Float32,195.88040161132812
1774010114.4329984,/metrics/pcl/fused/detections_count,std_msgs/msg/Int32,69
1774010114.4331362,/metrics/pcl/fused/points_in,std_msgs/msg/Int32,50618
1774010114.4332333,/metrics/pcl/fused/processing_ms,std_msgs/msg/Float32,200.18264770507812
1774010114.7536879,/metrics/pcl/fused/detections_count,std_msgs/msg/Int32,72
1774010114.7538123,/metrics/pcl/fused/points_in,std_msgs/msg/Int32,52068
1774010114.7538922,/metrics/pcl/fused/processing_ms,std_msgs/msg/Float32,213.82101440429688
1774010115.0612633,/metrics/pcl/fused/detections_count,std_msgs/msg/Int32,74
1774010115.0613654,/metrics/pcl/fused/points_in,std_msgs/msg/Int32,53445
1774010115.0614188,/metrics/pcl/fused/processing_ms,std_msgs/msg/Float32,220.14132690429688
1774010115.3432431,/metrics/pcl/fused/detections_count,std_msgs/msg/Int32,81
1774010115.343415,/metrics/pcl/fused/points_in,std_msgs/msg/Int32,53820
1774010115.3434901,/metrics/pcl/fused/processing_ms,std_msgs/msg/Float32,211.57325744628906
1774010115.661787,/metrics/pcl/fused/detections_count,std_msgs/msg/Int32,78
1774010115.6619663,/metrics/pcl/fused/points_in,std_msgs/msg/Int32,54148
1774010115.6620886,/metrics/pcl/fused/processing_ms,std_msgs/msg/Float32,227.3804168701172
1774010115.957539,/metrics/pcl/fused/detections_count,std_msgs/msg/Int32,77
1774010115.9576492,/metrics/pcl/fused/points_in,std_msgs/msg/Int32,54321
1774010115.957705,/metrics/pcl/fused/processing_ms,std_msgs/msg/Float32,219.36550903320312
1774010116.2574584,/metrics/pcl/fused/detections_count,std_msgs/msg/Int32,80
1774010116.2575898,/metrics/pcl/fused/points_in,std_msgs/msg/Int32,54453
1774010116.2576663,/metrics/pcl/fused/processing_ms,std_msgs/msg/Float32,217.0115203857422
1774010116.563273,/metrics/pcl/fused/detections_count,std_msgs/msg/Int32,84
1774010116.5633974,/metrics/pcl/fused/points_in,std_msgs/msg/Int32,54675
1774010116.5634754,/metrics/pcl/fused/processing_ms,std_msgs/msg/Float32,220.96487426757812
1774010116.8636215,/metrics/pcl/fused/detections_count,std_msgs/msg/Int32,78
1774010116.8637547,/metrics/pcl/fused/points_in,std_msgs/msg/Int32,54811
1774010116.8638196,/metrics/pcl/fused/processing_ms,std_msgs/msg/Float32,223.9644317626953
1774010117.1538522,/metrics/pcl/fused/detections_count,std_msgs/msg/Int32,80
1774010117.154026,/metrics/pcl/fused/points_in,std_msgs/msg/Int32,54762
1774010117.154102,/metrics/pcl/fused/processing_ms,std_msgs/msg/Float32,216.07058715820312
1774010117.456041,/metrics/pcl/fused/detections_count,std_msgs/msg/Int32,74
1774010117.4561484,/metrics/pcl/fused/points_in,std_msgs/msg/Int32,54754
1774010117.4562027,/metrics/pcl/fused/processing_ms,std_msgs/msg/Float32,221.7692413330078
1774010117.7636695,/metrics/pcl/fused/detections_count,std_msgs/msg/Int32,77
1774010117.7637885,/metrics/pcl/fused/points_in,std_msgs/msg/Int32,55003
1774010117.7638545,/metrics/pcl/fused/processing_ms,std_msgs/msg/Float32,225.1211700439453
1774010118.0578456,/metrics/pcl/fused/detections_count,std_msgs/msg/Int32,76
1774010118.057996,/metrics/pcl/fused/points_in,std_msgs/msg/Int32,54759
1774010118.0580757,/metrics/pcl/fused/processing_ms,std_msgs/msg/Float32,221.74725341796875
1774010118.3550959,/metrics/pcl/fused/detections_count,std_msgs/msg/Int32,81
1774010118.3552182,/metrics/pcl/fused/points_in,std_msgs/msg/Int32,54789
1774010118.3552954,/metrics/pcl/fused/processing_ms,std_msgs/msg/Float32,217.0930633544922
1774010118.6524081,/metrics/pcl/fused/detections_count,std_msgs/msg/Int32,78
1774010118.6525278,/metrics/pcl/fused/points_in,std_msgs/msg/Int32,54842
1774010118.6525936,/metrics/pcl/fused/processing_ms,std_msgs/msg/Float32,216.417236328125
1774010118.9617646,/metrics/pcl/fused/detections_count,std_msgs/msg/Int32,81
1774010118.9619164,/metrics/pcl/fused/points_in,std_msgs/msg/Int32,54877
1774010118.9620068,/metrics/pcl/fused/processing_ms,std_msgs/msg/Float32,221.82528686523438
1774010119.2609982,/metrics/pcl/fused/detections_count,std_msgs/msg/Int32,76
1774010119.2611144,/metrics/pcl/fused/points_in,std_msgs/msg/Int32,54755
1774010119.2611787,/metrics/pcl/fused/processing_ms,std_msgs/msg/Float32,219.10842895507812
1774010119.5532062,/metrics/pcl/fused/detections_count,std_msgs/msg/Int32,81
1774010119.553319,/metrics/pcl/fused/points_in,std_msgs/msg/Int32,54803
1774010119.5533814,/metrics/pcl/fused/processing_ms,std_msgs/msg/Float32,220.45608520507812
1774010119.8584225,/metrics/pcl/fused/detections_count,std_msgs/msg/Int32,78
1774010119.8585527,/metrics/pcl/fused/points_in,std_msgs/msg/Int32,54837
1774010119.8586237,/metrics/pcl/fused/processing_ms,std_msgs/msg/Float32,220.78895568847656
1774010120.4501925,/metrics/pcl/fused/detections_count,std_msgs/msg/Int32,81
1774010120.4503126,/metrics/pcl/fused/points_in,std_msgs/msg/Int32,54776
1774010120.4503894,/metrics/pcl/fused/processing_ms,std_msgs/msg/Float32,220.826416015625
1774010120.7556312,/metrics/pcl/fused/detections_count,std_msgs/msg/Int32,81
1774010120.7557352,/metrics/pcl/fused/points_in,std_msgs/msg/Int32,54707
1774010120.7557883,/metrics/pcl/fused/processing_ms,std_msgs/msg/Float32,218.93215942382812
1774010121.0575721,/metrics/pcl/fused/detections_count,std_msgs/msg/Int32,79
1774010121.0576823,/metrics/pcl/fused/points_in,std_msgs/msg/Int32,54817
1774010121.0577502,/metrics/pcl/fused/processing_ms,std_msgs/msg/Float32,219.0605926513672
1774010121.349089,/metrics/pcl/fused/detections_count,std_msgs/msg/Int32,86
1774010121.349204,/metrics/pcl/fused/points_in,std_msgs/msg/Int32,54709
1774010121.34927,/metrics/pcl/fused/processing_ms,std_msgs/msg/Float32,214.01763916015625
1774010121.6537635,/metrics/pcl/fused/detections_count,std_msgs/msg/Int32,81
1774010121.6538877,/metrics/pcl/fused/points_in,std_msgs/msg/Int32,54764
1774010121.6539795,/metrics/pcl/fused/processing_ms,std_msgs/msg/Float32,219.99942016601562
1774010121.966388,/metrics/pcl/fused/detections_count,std_msgs/msg/Int32,80
1774010121.966498,/metrics/pcl/fused/points_in,std_msgs/msg/Int32,54767
1774010121.9665587,/metrics/pcl/fused/processing_ms,std_msgs/msg/Float32,223.86915588378906
1774010122.2529798,/metrics/pcl/fused/detections_count,std_msgs/msg/Int32,84
1774010122.253082,/metrics/pcl/fused/points_in,std_msgs/msg/Int32,54731
1774010122.2531517,/metrics/pcl/fused/processing_ms,std_msgs/msg/Float32,212.99549865722656
1774010122.5502996,/metrics/pcl/fused/detections_count,std_msgs/msg/Int32,80
1774010122.550398,/metrics/pcl/fused/points_in,std_msgs/msg/Int32,54744
1774010122.55045,/metrics/pcl/fused/processing_ms,std_msgs/msg/Float32,217.7823486328125
1774010122.866413,/metrics/pcl/fused/detections_count,std_msgs/msg/Int32,79
1774010122.8665311,/metrics/pcl/fused/points_in,std_msgs/msg/Int32,54852
1774010122.8665977,/metrics/pcl/fused/processing_ms,std_msgs/msg/Float32,227.2656707763672
1774010123.1525776,/metrics/pcl/fused/detections_count,std_msgs/msg/Int32,82
1774010123.1526916,/metrics/pcl/fused/points_in,std_msgs/msg/Int32,54766
1774010123.1527557,/metrics/pcl/fused/processing_ms,std_msgs/msg/Float32,216.07383728027344
1774010123.4588292,/metrics/pcl/fused/detections_count,std_msgs/msg/Int32,80
1774010123.458962,/metrics/pcl/fused/points_in,std_msgs/msg/Int32,54687
1774010123.4590304,/metrics/pcl/fused/processing_ms,std_msgs/msg/Float32,217.92337036132812
1774010123.76447,/metrics/pcl/fused/detections_count,std_msgs/msg/Int32,81
1774010123.764589,/metrics/pcl/fused/processing_ms,std_msgs/msg/Float32,222.38092041015625
1774010123.7648258,/metrics/pcl/fused/points_in,std_msgs/msg/Int32,54773
1774010124.0661573,/metrics/pcl/fused/detections_count,std_msgs/msg/Int32,81
1774010124.0662918,/metrics/pcl/fused/points_in,std_msgs/msg/Int32,54737
1774010124.066362,/metrics/pcl/fused/processing_ms,std_msgs/msg/Float32,222.94082641601562
1774010124.3580093,/metrics/pcl/fused/detections_count,std_msgs/msg/Int32,75
1774010124.3581467,/metrics/pcl/fused/points_in,std_msgs/msg/Int32,54732
1774010124.3582141,/metrics/pcl/fused/processing_ms,std_msgs/msg/Float32,215.2021026611328
1774010124.6669185,/metrics/pcl/fused/detections_count,std_msgs/msg/Int32,81
1774010124.667044,/metrics/pcl/fused/points_in,std_msgs/msg/Int32,54796
1774010124.6671228,/metrics/pcl/fused/processing_ms,std_msgs/msg/Float32,221.0205535888672
1774010124.9657938,/metrics/pcl/fused/detections_count,std_msgs/msg/Int32,81
1774010124.9659445,/metrics/pcl/fused/points_in,std_msgs/msg/Int32,54763
1774010124.966017,/metrics/pcl/fused/processing_ms,std_msgs/msg/Float32,224.16912841796875
1774010125.2551458,/metrics/pcl/fused/detections_count,std_msgs/msg/Int32,82
1774010125.255258,/metrics/pcl/fused/points_in,std_msgs/msg/Int32,54805
1774010125.255324,/metrics/pcl/fused/processing_ms,std_msgs/msg/Float32,213.8601837158203
1774010125.5605998,/metrics/pcl/fused/detections_count,std_msgs/msg/Int32,80
1774010125.560729,/metrics/pcl/fused/points_in,std_msgs/msg/Int32,54726
1774010125.560796,/metrics/pcl/fused/processing_ms,std_msgs/msg/Float32,224.9657745361328
1774010125.8653347,/metrics/pcl/fused/detections_count,std_msgs/msg/Int32,84
1774010125.865455,/metrics/pcl/fused/points_in,std_msgs/msg/Int32,54791
1774010125.865518,/metrics/pcl/fused/processing_ms,std_msgs/msg/Float32,216.88107299804688
1774010126.1857228,/metrics/pcl/fused/detections_count,std_msgs/msg/Int32,79
1774010126.1858826,/metrics/pcl/fused/points_in,std_msgs/msg/Int32,54836
1774010126.1859725,/metrics/pcl/fused/processing_ms,std_msgs/msg/Float32,243.46653747558594
1774010126.4806972,/metrics/pcl/fused/detections_count,std_msgs/msg/Int32,83
1774010126.4808357,/metrics/pcl/fused/points_in,std_msgs/msg/Int32,54792
1774010126.4809453,/metrics/pcl/fused/processing_ms,std_msgs/msg/Float32,220.07313537597656
1774010126.7605996,/metrics/pcl/fused/detections_count,std_msgs/msg/Int32,80
1774010126.7607265,/metrics/pcl/fused/points_in,std_msgs/msg/Int32,54759
1774010126.760839,/metrics/pcl/fused/processing_ms,std_msgs/msg/Float32,219.4381866455078
1774010127.0675023,/metrics/pcl/fused/detections_count,std_msgs/msg/Int32,78
1774010127.0676231,/metrics/pcl/fused/points_in,std_msgs/msg/Int32,54771
1774010127.067688,/metrics/pcl/fused/processing_ms,std_msgs/msg/Float32,223.39324951171875
1774010127.3545625,/metrics/pcl/fused/detections_count,std_msgs/msg/Int32,80
1774010127.3546739,/metrics/pcl/fused/points_in,std_msgs/msg/Int32,54659
1774010127.354736,/metrics/pcl/fused/processing_ms,std_msgs/msg/Float32,213.1262664794922
1774010127.6596308,/metrics/pcl/fused/detections_count,std_msgs/msg/Int32,74
1774010127.6597812,/metrics/pcl/fused/points_in,std_msgs/msg/Int32,54724
1774010127.6598907,/metrics/pcl/fused/processing_ms,std_msgs/msg/Float32,226.63992309570312
1774010127.971158,/metrics/pcl/fused/detections_count,std_msgs/msg/Int32,78
1774010127.9712873,/metrics/pcl/fused/points_in,std_msgs/msg/Int32,54694
1774010127.9713504,/metrics/pcl/fused/processing_ms,std_msgs/msg/Float32,228.51748657226562
1774010128.2639275,/metrics/pcl/fused/detections_count,std_msgs/msg/Int32,81
1774010128.264053,/metrics/pcl/fused/points_in,std_msgs/msg/Int32,54806
1774010128.2641096,/metrics/pcl/fused/processing_ms,std_msgs/msg/Float32,218.50477600097656
1774010128.5610545,/metrics/pcl/fused/detections_count,std_msgs/msg/Int32,78
1774010128.5611873,/metrics/pcl/fused/points_in,std_msgs/msg/Int32,54712
1774010128.561256,/metrics/pcl/fused/processing_ms,std_msgs/msg/Float32,224.60060119628906
1774010128.8612788,/metrics/pcl/fused/detections_count,std_msgs/msg/Int32,82
1774010128.8614025,/metrics/pcl/fused/points_in,std_msgs/msg/Int32,54747
1774010128.861477,/metrics/pcl/fused/processing_ms,std_msgs/msg/Float32,218.5199432373047
1774010129.1609879,/metrics/pcl/fused/detections_count,std_msgs/msg/Int32,82
1774010129.1611004,/metrics/pcl/fused/points_in,std_msgs/msg/Int32,54795
1774010129.1611662,/metrics/pcl/fused/processing_ms,std_msgs/msg/Float32,218.9092254638672
1774010129.4529936,/metrics/pcl/fused/detections_count,std_msgs/msg/Int32,82
1774010129.453137,/metrics/pcl/fused/points_in,std_msgs/msg/Int32,54846
1774010129.4532013,/metrics/pcl/fused/processing_ms,std_msgs/msg/Float32,217.67044067382812
1774010129.7581124,/metrics/pcl/fused/detections_count,std_msgs/msg/Int32,76
1774010129.7582316,/metrics/pcl/fused/points_in,std_msgs/msg/Int32,54880
1774010129.7582972,/metrics/pcl/fused/processing_ms,std_msgs/msg/Float32,218.82325744628906
1774010130.0663898,/metrics/pcl/fused/detections_count,std_msgs/msg/Int32,80
1774010130.0665421,/metrics/pcl/fused/points_in,std_msgs/msg/Int32,54831
1774010130.066609,/metrics/pcl/fused/processing_ms,std_msgs/msg/Float32,218.784423828125
1774010130.3589442,/metrics/pcl/fused/detections_count,std_msgs/msg/Int32,84
1774010130.3590612,/metrics/pcl/fused/points_in,std_msgs/msg/Int32,54941
1774010130.3591998,/metrics/pcl/fused/processing_ms,std_msgs/msg/Float32,215.67715454101562
1774010130.6602902,/metrics/pcl/fused/detections_count,std_msgs/msg/Int32,73
1774010130.6604111,/metrics/pcl/fused/points_in,std_msgs/msg/Int32,54892
1774010130.6604779,/metrics/pcl/fused/processing_ms,std_msgs/msg/Float32,222.5111083984375
1774010130.9637816,/metrics/pcl/fused/detections_count,std_msgs/msg/Int32,85
1774010130.9639254,/metrics/pcl/fused/points_in,std_msgs/msg/Int32,54884
1774010130.9640136,/metrics/pcl/fused/processing_ms,std_msgs/msg/Float32,220.08001708984375
1774010131.2572563,/metrics/pcl/fused/detections_count,std_msgs/msg/Int32,79
1774010131.257371,/metrics/pcl/fused/points_in,std_msgs/msg/Int32,54902
1774010131.2574341,/metrics/pcl/fused/processing_ms,std_msgs/msg/Float32,215.2872314453125
1774010131.5544424,/metrics/pcl/fused/detections_count,std_msgs/msg/Int32,82
1774010131.5545654,/metrics/pcl/fused/points_in,std_msgs/msg/Int32,54878
1774010131.5546474,/metrics/pcl/fused/processing_ms,std_msgs/msg/Float32,220.1639862060547
1774010131.8688037,/metrics/pcl/fused/detections_count,std_msgs/msg/Int32,80
1774010131.8689456,/metrics/pcl/fused/points_in,std_msgs/msg/Int32,54840
1774010131.8690145,/metrics/pcl/fused/processing_ms,std_msgs/msg/Float32,222.44302368164062
1774010132.1617002,/metrics/pcl/fused/detections_count,std_msgs/msg/Int32,79
1774010132.1618106,/metrics/pcl/fused/points_in,std_msgs/msg/Int32,54792
1774010132.1618834,/metrics/pcl/fused/processing_ms,std_msgs/msg/Float32,220.67787170410156
1774010132.4537127,/metrics/pcl/fused/detections_count,std_msgs/msg/Int32,82
1774010132.4538867,/metrics/pcl/fused/points_in,std_msgs/msg/Int32,54803
1774010132.454021,/metrics/pcl/fused/processing_ms,std_msgs/msg/Float32,218.67166137695312
1774010132.7567098,/metrics/pcl/fused/detections_count,std_msgs/msg/Int32,83
1774010132.7568219,/metrics/pcl/fused/points_in,std_msgs/msg/Int32,54844
1774010132.7568972,/metrics/pcl/fused/processing_ms,std_msgs/msg/Float32,219.64797973632812
1774010133.0532513,/metrics/pcl/fused/detections_count,std_msgs/msg/Int32,73
1774010133.0533817,/metrics/pcl/fused/points_in,std_msgs/msg/Int32,52841
1774010133.0534668,/metrics/pcl/fused/processing_ms,std_msgs/msg/Float32,208.60728454589844
1774010133.345327,/metrics/pcl/fused/detections_count,std_msgs/msg/Int32,79
1774010133.3454757,/metrics/pcl/fused/points_in,std_msgs/msg/Int32,52740
1774010133.3455613,/metrics/pcl/fused/processing_ms,std_msgs/msg/Float32,204.638916015625
1774010133.648687,/metrics/pcl/fused/detections_count,std_msgs/msg/Int32,79
1774010133.648796,/metrics/pcl/fused/points_in,std_msgs/msg/Int32,52735
1774010133.6488547,/metrics/pcl/fused/processing_ms,std_msgs/msg/Float32,211.4564666748047
1774010133.955507,/metrics/pcl/fused/detections_count,std_msgs/msg/Int32,81
1774010133.9556267,/metrics/pcl/fused/points_in,std_msgs/msg/Int32,52529
1774010133.9556892,/metrics/pcl/fused/processing_ms,std_msgs/msg/Float32,211.16307067871094
1774010134.2512715,/metrics/pcl/fused/detections_count,std_msgs/msg/Int32,82
1774010134.2514186,/metrics/pcl/fused/points_in,std_msgs/msg/Int32,52449
1774010134.2514956,/metrics/pcl/fused/processing_ms,std_msgs/msg/Float32,199.0532684326172
1774010134.5319517,/metrics/pcl/fused/detections_count,std_msgs/msg/Int32,83
1774010134.5320632,/metrics/pcl/fused/points_in,std_msgs/msg/Int32,52623
1774010134.5321167,/metrics/pcl/fused/processing_ms,std_msgs/msg/Float32,203.0756378173828
1774010134.85322,/metrics/pcl/fused/detections_count,std_msgs/msg/Int32,82
1774010134.853343,/metrics/pcl/fused/points_in,std_msgs/msg/Int32,52659
1774010134.8534093,/metrics/pcl/fused/processing_ms,std_msgs/msg/Float32,218.58920288085938
1774010135.1391785,/metrics/pcl/fused/detections_count,std_msgs/msg/Int32,85
1774010135.139293,/metrics/pcl/fused/points_in,std_msgs/msg/Int32,52438
1774010135.1393945,/metrics/pcl/fused/processing_ms,std_msgs/msg/Float32,201.59259033203125
1774010135.4279325,/metrics/pcl/fused/detections_count,std_msgs/msg/Int32,82
1774010135.4280543,/metrics/pcl/fused/points_in,std_msgs/msg/Int32,52166
1774010135.4281433,/metrics/pcl/fused/processing_ms,std_msgs/msg/Float32,199.640380859375
1774010135.7343347,/metrics/pcl/fused/detections_count,std_msgs/msg/Int32,81
1774010135.7344582,/metrics/pcl/fused/points_in,std_msgs/msg/Int32,52217
1774010135.734521,/metrics/pcl/fused/processing_ms,std_msgs/msg/Float32,207.38104248046875
1774010136.054261,/metrics/pcl/fused/detections_count,std_msgs/msg/Int32,84
1774010136.0543952,/metrics/pcl/fused/points_in,std_msgs/msg/Int32,52168
1774010136.0544736,/metrics/pcl/fused/processing_ms,std_msgs/msg/Float32,210.7620391845703
1774010136.3339694,/metrics/pcl/fused/detections_count,std_msgs/msg/Int32,84
1774010136.3341334,/metrics/pcl/fused/points_in,std_msgs/msg/Int32,52474
1774010136.3342102,/metrics/pcl/fused/processing_ms,std_msgs/msg/Float32,197.47616577148438
1774010136.643245,/metrics/pcl/fused/detections_count,std_msgs/msg/Int32,83
1774010136.6433833,/metrics/pcl/fused/points_in,std_msgs/msg/Int32,52550
1774010136.6434832,/metrics/pcl/fused/processing_ms,std_msgs/msg/Float32,205.0760498046875
1774010136.9509451,/metrics/pcl/fused/detections_count,std_msgs/msg/Int32,76
1774010136.9511302,/metrics/pcl/fused/points_in,std_msgs/msg/Int32,52775
1774010136.951239,/metrics/pcl/fused/processing_ms,std_msgs/msg/Float32,209.76007080078125
1774010137.2413201,/metrics/pcl/fused/detections_count,std_msgs/msg/Int32,78
1774010137.2414618,/metrics/pcl/fused/points_in,std_msgs/msg/Int32,52869
1774010137.2415338,/metrics/pcl/fused/processing_ms,std_msgs/msg/Float32,201.0918731689453
1774010137.534616,/metrics/pcl/fused/detections_count,std_msgs/msg/Int32,83
1774010137.5347958,/metrics/pcl/fused/points_in,std_msgs/msg/Int32,52946
1774010137.5349798,/metrics/pcl/fused/processing_ms,std_msgs/msg/Float32,204.9438934326172
1774010137.8355174,/metrics/pcl/fused/detections_count,std_msgs/msg/Int32,83
1774010137.8357008,/metrics/pcl/fused/points_in,std_msgs/msg/Int32,52700
1774010137.8357937,/metrics/pcl/fused/processing_ms,std_msgs/msg/Float32,202.23553466796875
1774010138.1301894,/metrics/pcl/fused/detections_count,std_msgs/msg/Int32,85
1774010138.130339,/metrics/pcl/fused/points_in,std_msgs/msg/Int32,51659
1774010138.1304355,/metrics/pcl/fused/processing_ms,std_msgs/msg/Float32,195.73793029785156
1774010138.4318154,/metrics/pcl/fused/detections_count,std_msgs/msg/Int32,82
1774010138.4319668,/metrics/pcl/fused/points_in,std_msgs/msg/Int32,51328
1774010138.4320405,/metrics/pcl/fused/processing_ms,std_msgs/msg/Float32,197.09762573242188
1774010138.7327595,/metrics/pcl/fused/detections_count,std_msgs/msg/Int32,85
1774010138.7329278,/metrics/pcl/fused/points_in,std_msgs/msg/Int32,51893
1774010138.7330823,/metrics/pcl/fused/processing_ms,std_msgs/msg/Float32,201.0293426513672
1774010139.0361023,/metrics/pcl/fused/detections_count,std_msgs/msg/Int32,83
1774010139.0362065,/metrics/pcl/fused/points_in,std_msgs/msg/Int32,51881
1774010139.036289,/metrics/pcl/fused/processing_ms,std_msgs/msg/Float32,198.75
1774010139.3322704,/metrics/pcl/fused/detections_count,std_msgs/msg/Int32,86
1774010139.3323903,/metrics/pcl/fused/points_in,std_msgs/msg/Int32,51741
1774010139.3324625,/metrics/pcl/fused/processing_ms,std_msgs/msg/Float32,197.1100311279297
1774010139.6341991,/metrics/pcl/fused/detections_count,std_msgs/msg/Int32,82
1774010139.6343818,/metrics/pcl/fused/points_in,std_msgs/msg/Int32,51780
1774010139.6345046,/metrics/pcl/fused/processing_ms,std_msgs/msg/Float32,198.22935485839844
1774010139.943639,/metrics/pcl/fused/detections_count,std_msgs/msg/Int32,80
1774010139.943778,/metrics/pcl/fused/points_in,std_msgs/msg/Int32,51954
1774010139.9438536,/metrics/pcl/fused/processing_ms,std_msgs/msg/Float32,204.15249633789062
1774010140.2516685,/metrics/pcl/fused/detections_count,std_msgs/msg/Int32,80
1774010140.2517815,/metrics/pcl/fused/points_in,std_msgs/msg/Int32,54887
1774010140.2518454,/metrics/pcl/fused/processing_ms,std_msgs/msg/Float32,217.11863708496094
1774010140.5524292,/metrics/pcl/fused/detections_count,std_msgs/msg/Int32,82
1774010140.5525355,/metrics/pcl/fused/points_in,std_msgs/msg/Int32,54793
1774010140.5525875,/metrics/pcl/fused/processing_ms,std_msgs/msg/Float32,223.31170654296875
1774010140.8582711,/metrics/pcl/fused/detections_count,std_msgs/msg/Int32,76
1774010140.8583875,/metrics/pcl/fused/points_in,std_msgs/msg/Int32,54873
1774010140.85845,/metrics/pcl/fused/processing_ms,std_msgs/msg/Float32,219.62086486816406
1774010141.1519024,/metrics/pcl/fused/detections_count,std_msgs/msg/Int32,82
1774010141.1520128,/metrics/pcl/fused/points_in,std_msgs/msg/Int32,54827
1774010141.1520748,/metrics/pcl/fused/processing_ms,std_msgs/msg/Float32,215.73643493652344
1774010141.4523897,/metrics/pcl/fused/detections_count,std_msgs/msg/Int32,78
1774010141.4524996,/metrics/pcl/fused/points_in,std_msgs/msg/Int32,54807
1774010141.4525516,/metrics/pcl/fused/processing_ms,std_msgs/msg/Float32,221.9686737060547
1774010141.7581909,/metrics/pcl/fused/detections_count,std_msgs/msg/Int32,82
1774010141.758316,/metrics/pcl/fused/points_in,std_msgs/msg/Int32,54846
1774010141.7583807,/metrics/pcl/fused/processing_ms,std_msgs/msg/Float32,222.86143493652344
1774010142.05513,/metrics/pcl/fused/detections_count,std_msgs/msg/Int32,81
1774010142.0552325,/metrics/pcl/fused/points_in,std_msgs/msg/Int32,54721
1774010142.055287,/metrics/pcl/fused/processing_ms,std_msgs/msg/Float32,217.4156036376953
1774010142.349728,/metrics/pcl/fused/detections_count,std_msgs/msg/Int32,82
1774010142.3498821,/metrics/pcl/fused/points_in,std_msgs/msg/Int32,54639
1774010142.3499734,/metrics/pcl/fused/processing_ms,std_msgs/msg/Float32,211.97232055664062
1774010142.6565886,/metrics/pcl/fused/detections_count,std_msgs/msg/Int32,79
1774010142.6567073,/metrics/pcl/fused/points_in,std_msgs/msg/Int32,54843
1774010142.6567705,/metrics/pcl/fused/processing_ms,std_msgs/msg/Float32,220.47097778320312
1774010142.9523075,/metrics/pcl/fused/detections_count,std_msgs/msg/Int32,79
1774010142.9524171,/metrics/pcl/fused/points_in,std_msgs/msg/Int32,54709
1774010142.9524786,/metrics/pcl/fused/processing_ms,std_msgs/msg/Float32,216.8797149658203
1774010143.261892,/metrics/pcl/fused/detections_count,std_msgs/msg/Int32,80
1774010143.2620134,/metrics/pcl/fused/points_in,std_msgs/msg/Int32,54839
1774010143.2620764,/metrics/pcl/fused/processing_ms,std_msgs/msg/Float32,224.2074432373047
1774010143.5553205,/metrics/pcl/fused/detections_count,std_msgs/msg/Int32,86
1774010143.5554433,/metrics/pcl/fused/points_in,std_msgs/msg/Int32,54836
1774010143.5555062,/metrics/pcl/fused/processing_ms,std_msgs/msg/Float32,217.0148468017578
1774010143.864741,/metrics/pcl/fused/detections_count,std_msgs/msg/Int32,78
1774010143.8648818,/metrics/pcl/fused/points_in,std_msgs/msg/Int32,54785
1774010143.8650389,/metrics/pcl/fused/processing_ms,std_msgs/msg/Float32,219.66986083984375
1774010144.1732905,/metrics/pcl/fused/detections_count,std_msgs/msg/Int32,81
1774010144.173428,/metrics/pcl/fused/points_in,std_msgs/msg/Int32,54819
1774010144.1734898,/metrics/pcl/fused/processing_ms,std_msgs/msg/Float32,233.72633361816406
1774010144.474851,/metrics/pcl/fused/detections_count,std_msgs/msg/Int32,78
1774010144.4750013,/metrics/pcl/fused/points_in,std_msgs/msg/Int32,54751
1774010144.4750633,/metrics/pcl/fused/processing_ms,std_msgs/msg/Float32,219.24020385742188
1774010144.7630699,/metrics/pcl/fused/detections_count,std_msgs/msg/Int32,81
1774010144.763189,/metrics/pcl/fused/points_in,std_msgs/msg/Int32,54867
1774010144.7632537,/metrics/pcl/fused/processing_ms,std_msgs/msg/Float32,226.6439666748047
1774010145.0664344,/metrics/pcl/fused/detections_count,std_msgs/msg/Int32,79
1774010145.0665462,/metrics/pcl/fused/points_in,std_msgs/msg/Int32,54915
1774010145.0666041,/metrics/pcl/fused/processing_ms,std_msgs/msg/Float32,227.88204956054688
1774010145.3692977,/metrics/pcl/fused/detections_count,std_msgs/msg/Int32,81
1774010145.3694658,/metrics/pcl/fused/points_in,std_msgs/msg/Int32,54910
1774010145.3695617,/metrics/pcl/fused/processing_ms,std_msgs/msg/Float32,230.8272247314453
1774010145.6952522,/metrics/pcl/fused/detections_count,std_msgs/msg/Int32,80
1774010145.6953676,/metrics/pcl/fused/points_in,std_msgs/msg/Int32,54775
1774010145.6954386,/metrics/pcl/fused/processing_ms,std_msgs/msg/Float32,228.33509826660156
1774010145.9645727,/metrics/pcl/fused/detections_count,std_msgs/msg/Int32,79
1774010145.9646842,/metrics/pcl/fused/points_in,std_msgs/msg/Int32,54822
1774010145.9647467,/metrics/pcl/fused/processing_ms,std_msgs/msg/Float32,223.61891174316406
1774010146.2599945,/metrics/pcl/fused/detections_count,std_msgs/msg/Int32,86
1774010146.26012,/metrics/pcl/fused/points_in,std_msgs/msg/Int32,54774
1774010146.2601943,/metrics/pcl/fused/processing_ms,std_msgs/msg/Float32,222.02757263183594
1774010146.5555878,/metrics/pcl/fused/detections_count,std_msgs/msg/Int32,79
1774010146.5557058,/metrics/pcl/fused/points_in,std_msgs/msg/Int32,54805
1774010146.5557723,/metrics/pcl/fused/processing_ms,std_msgs/msg/Float32,218.6219482421875
1774010146.8877602,/metrics/pcl/fused/detections_count,std_msgs/msg/Int32,76
1774010146.8878663,/metrics/pcl/fused/points_in,std_msgs/msg/Int32,54804
1774010146.8879538,/metrics/pcl/fused/processing_ms,std_msgs/msg/Float32,239.6988983154297
1774010147.201131,/metrics/pcl/fused/detections_count,std_msgs/msg/Int32,79
1774010147.2012415,/metrics/pcl/fused/points_in,std_msgs/msg/Int32,54846
1774010147.2012954,/metrics/pcl/fused/processing_ms,std_msgs/msg/Float32,231.7454376220703
1774010147.4628537,/metrics/pcl/fused/detections_count,std_msgs/msg/Int32,83
1774010147.463005,/metrics/pcl/fused/points_in,std_msgs/msg/Int32,54744
1774010147.4630704,/metrics/pcl/fused/processing_ms,std_msgs/msg/Float32,216.84664916992188
1774010147.7640846,/metrics/pcl/fused/detections_count,std_msgs/msg/Int32,82
1774010147.764194,/metrics/pcl/fused/points_in,std_msgs/msg/Int32,54777
1774010147.7642567,/metrics/pcl/fused/processing_ms,std_msgs/msg/Float32,216.1771697998047
1774010148.0513616,/metrics/pcl/fused/detections_count,std_msgs/msg/Int32,80
1774010148.051473,/metrics/pcl/fused/points_in,std_msgs/msg/Int32,54810
1774010148.051534,/metrics/pcl/fused/processing_ms,std_msgs/msg/Float32,217.25558471679688
1774010148.3479617,/metrics/pcl/fused/detections_count,std_msgs/msg/Int32,83
1774010148.3480723,/metrics/pcl/fused/points_in,std_msgs/msg/Int32,54826
1774010148.3481348,/metrics/pcl/fused/processing_ms,std_msgs/msg/Float32,216.2830810546875
1774010148.6591616,/metrics/pcl/fused/detections_count,std_msgs/msg/Int32,79
1774010148.659275,/metrics/pcl/fused/points_in,std_msgs/msg/Int32,54955
1774010148.6593368,/metrics/pcl/fused/processing_ms,std_msgs/msg/Float32,220.89480590820312
1774010149.0068016,/metrics/pcl/fused/detections_count,std_msgs/msg/Int32,80
1774010149.006959,/metrics/pcl/fused/points_in,std_msgs/msg/Int32,54989
1774010149.0070322,/metrics/pcl/fused/processing_ms,std_msgs/msg/Float32,254.0084991455078
1774010149.2876694,/metrics/pcl/fused/detections_count,std_msgs/msg/Int32,75
1774010149.287783,/metrics/pcl/fused/points_in,std_msgs/msg/Int32,54973
1774010149.2878456,/metrics/pcl/fused/processing_ms,std_msgs/msg/Float32,227.90548706054688
1774010149.5634851,/metrics/pcl/fused/detections_count,std_msgs/msg/Int32,80
1774010149.5635955,/metrics/pcl/fused/points_in,std_msgs/msg/Int32,54967
1774010149.5636573,/metrics/pcl/fused/processing_ms,std_msgs/msg/Float32,214.1897430419922
1774010149.8510697,/metrics/pcl/fused/detections_count,std_msgs/msg/Int32,79
1774010149.8512132,/metrics/pcl/fused/points_in,std_msgs/msg/Int32,54847
1774010149.8513136,/metrics/pcl/fused/processing_ms,std_msgs/msg/Float32,220.4989013671875
1774010150.174496,/metrics/pcl/fused/detections_count,std_msgs/msg/Int32,83
1774010150.1746073,/metrics/pcl/fused/points_in,std_msgs/msg/Int32,54903
1774010150.174674,/metrics/pcl/fused/processing_ms,std_msgs/msg/Float32,228.5499725341797
1774010150.4739282,/metrics/pcl/fused/detections_count,std_msgs/msg/Int32,83
1774010150.4740424,/metrics/pcl/fused/points_in,std_msgs/msg/Int32,54918
1774010150.4741044,/metrics/pcl/fused/processing_ms,std_msgs/msg/Float32,228.42239379882812
1774010150.756151,/metrics/pcl/fused/detections_count,std_msgs/msg/Int32,82
1774010150.7562668,/metrics/pcl/fused/points_in,std_msgs/msg/Int32,54895
1774010150.75633,/metrics/pcl/fused/processing_ms,std_msgs/msg/Float32,217.42897033691406
1774010151.059975,/metrics/pcl/fused/detections_count,std_msgs/msg/Int32,76
1774010151.0600915,/metrics/pcl/fused/points_in,std_msgs/msg/Int32,55035
1774010151.0601544,/metrics/pcl/fused/processing_ms,std_msgs/msg/Float32,218.5458984375
1774010151.3596845,/metrics/pcl/fused/detections_count,std_msgs/msg/Int32,82
1774010151.3598,/metrics/pcl/fused/points_in,std_msgs/msg/Int32,54877
1774010151.3598802,/metrics/pcl/fused/processing_ms,std_msgs/msg/Float32,224.03057861328125
1774010151.6601863,/metrics/pcl/fused/detections_count,std_msgs/msg/Int32,80
1774010151.6602964,/metrics/pcl/fused/points_in,std_msgs/msg/Int32,54905
1774010151.6603777,/metrics/pcl/fused/processing_ms,std_msgs/msg/Float32,216.82073974609375
1774010151.9510486,/metrics/pcl/fused/detections_count,std_msgs/msg/Int32,76
1774010151.9511542,/metrics/pcl/fused/points_in,std_msgs/msg/Int32,54916
1774010151.951211,/metrics/pcl/fused/processing_ms,std_msgs/msg/Float32,219.2498321533203
1774010152.2594945,/metrics/pcl/fused/detections_count,std_msgs/msg/Int32,79
1774010152.2596004,/metrics/pcl/fused/points_in,std_msgs/msg/Int32,54939
1774010152.2596626,/metrics/pcl/fused/processing_ms,std_msgs/msg/Float32,225.0468292236328
1774010152.5585868,/metrics/pcl/fused/detections_count,std_msgs/msg/Int32,78
1774010152.5587506,/metrics/pcl/fused/points_in,std_msgs/msg/Int32,54860
1774010152.5588224,/metrics/pcl/fused/processing_ms,std_msgs/msg/Float32,222.3268585205078
1774010152.8521173,/metrics/pcl/fused/detections_count,std_msgs/msg/Int32,78
1774010152.852211,/metrics/pcl/fused/points_in,std_msgs/msg/Int32,55030
1774010152.8522627,/metrics/pcl/fused/processing_ms,std_msgs/msg/Float32,219.09022521972656
1774010153.1562166,/metrics/pcl/fused/detections_count,std_msgs/msg/Int32,78
1774010153.156351,/metrics/pcl/fused/points_in,std_msgs/msg/Int32,54899
1774010153.1564195,/metrics/pcl/fused/processing_ms,std_msgs/msg/Float32,217.43312072753906
1774010153.4520197,/metrics/pcl/fused/detections_count,std_msgs/msg/Int32,82
1774010153.4521344,/metrics/pcl/fused/points_in,std_msgs/msg/Int32,55016
1774010153.4522011,/metrics/pcl/fused/processing_ms,std_msgs/msg/Float32,218.3324737548828
1774010153.7561455,/metrics/pcl/fused/detections_count,std_msgs/msg/Int32,79
1774010153.7562609,/metrics/pcl/fused/points_in,std_msgs/msg/Int32,54987
1774010153.756324,/metrics/pcl/fused/processing_ms,std_msgs/msg/Float32,220.14039611816406
1774010154.0470436,/metrics/pcl/fused/detections_count,std_msgs/msg/Int32,81
1774010154.0471566,/metrics/pcl/fused/points_in,std_msgs/msg/Int32,54954
1774010154.0472176,/metrics/pcl/fused/processing_ms,std_msgs/msg/Float32,214.71536254882812
1774010154.3414433,/metrics/pcl/fused/detections_count,std_msgs/msg/Int32,82
1774010154.3415515,/metrics/pcl/fused/points_in,std_msgs/msg/Int32,54938
1774010154.341614,/metrics/pcl/fused/processing_ms,std_msgs/msg/Float32,210.84555053710938
1774010154.6514502,/metrics/pcl/fused/detections_count,std_msgs/msg/Int32,75
1774010154.6515586,/metrics/pcl/fused/points_in,std_msgs/msg/Int32,54926
1774010154.6516223,/metrics/pcl/fused/processing_ms,std_msgs/msg/Float32,221.9905548095703
1774010154.9686754,/metrics/pcl/fused/detections_count,std_msgs/msg/Int32,77
1774010154.9687834,/metrics/pcl/fused/points_in,std_msgs/msg/Int32,54996
1774010154.9688458,/metrics/pcl/fused/processing_ms,std_msgs/msg/Float32,230.02871704101562
1774010155.2594233,/metrics/pcl/fused/detections_count,std_msgs/msg/Int32,81
1774010155.2595322,/metrics/pcl/fused/points_in,std_msgs/msg/Int32,54838
1774010155.2595973,/metrics/pcl/fused/processing_ms,std_msgs/msg/Float32,215.76766967773438
1774010155.5549464,/metrics/pcl/fused/detections_count,std_msgs/msg/Int32,82
1774010155.5550482,/metrics/pcl/fused/points_in,std_msgs/msg/Int32,54942
1774010155.5551102,/metrics/pcl/fused/processing_ms,std_msgs/msg/Float32,213.67538452148438
1774010155.8529344,/metrics/pcl/fused/detections_count,std_msgs/msg/Int32,82
1774010155.8530765,/metrics/pcl/fused/points_in,std_msgs/msg/Int32,54896
1774010155.8531458,/metrics/pcl/fused/processing_ms,std_msgs/msg/Float32,219.80947875976562
1774010156.1609316,/metrics/pcl/fused/detections_count,std_msgs/msg/Int32,77
1774010156.161049,/metrics/pcl/fused/points_in,std_msgs/msg/Int32,54934
1774010156.16113,/metrics/pcl/fused/processing_ms,std_msgs/msg/Float32,227.94891357421875
1774010156.4598563,/metrics/pcl/fused/detections_count,std_msgs/msg/Int32,79
1774010156.4599833,/metrics/pcl/fused/points_in,std_msgs/msg/Int32,54915
1774010156.4600453,/metrics/pcl/fused/processing_ms,std_msgs/msg/Float32,218.95970153808594
1774010156.7515652,/metrics/pcl/fused/detections_count,std_msgs/msg/Int32,81
1774010156.7516596,/metrics/pcl/fused/points_in,std_msgs/msg/Int32,54893
1774010156.7517238,/metrics/pcl/fused/processing_ms,std_msgs/msg/Float32,219.5336456298828
1774010157.0441005,/metrics/pcl/fused/detections_count,std_msgs/msg/Int32,79
1774010157.0442219,/metrics/pcl/fused/points_in,std_msgs/msg/Int32,54947
1774010157.0443115,/metrics/pcl/fused/processing_ms,std_msgs/msg/Float32,212.17391967773438
1774010157.348796,/metrics/pcl/fused/detections_count,std_msgs/msg/Int32,81
1774010157.3489168,/metrics/pcl/fused/points_in,std_msgs/msg/Int32,54898
1774010157.3489835,/metrics/pcl/fused/processing_ms,std_msgs/msg/Float32,218.59030151367188
1774010157.667891,/metrics/pcl/fused/detections_count,std_msgs/msg/Int32,84
1774010157.6680036,/metrics/pcl/fused/points_in,std_msgs/msg/Int32,54984
1774010157.6680713,/metrics/pcl/fused/processing_ms,std_msgs/msg/Float32,227.6416473388672
1774010157.9603593,/metrics/pcl/fused/detections_count,std_msgs/msg/Int32,84
1774010157.960476,/metrics/pcl/fused/points_in,std_msgs/msg/Int32,54923
1774010157.960541,/metrics/pcl/fused/processing_ms,std_msgs/msg/Float32,215.81475830078125
1774010158.249402,/metrics/pcl/fused/detections_count,std_msgs/msg/Int32,86
1774010158.2495193,/metrics/pcl/fused/points_in,std_msgs/msg/Int32,54856
1774010158.249595,/metrics/pcl/fused/processing_ms,std_msgs/msg/Float32,217.46630859375
1774010158.5557928,/metrics/pcl/fused/detections_count,std_msgs/msg/Int32,84
1774010158.555915,/metrics/pcl/fused/points_in,std_msgs/msg/Int32,54862
1774010158.5559819,/metrics/pcl/fused/processing_ms,std_msgs/msg/Float32,213.8815155029297
1774010158.8494954,/metrics/pcl/fused/detections_count,std_msgs/msg/Int32,81
1774010158.8496118,/metrics/pcl/fused/points_in,std_msgs/msg/Int32,54968
1774010158.8496838,/metrics/pcl/fused/processing_ms,std_msgs/msg/Float32,221.22113037109375
1774010159.1532145,/metrics/pcl/fused/detections_count,std_msgs/msg/Int32,81
1774010159.1533465,/metrics/pcl/fused/points_in,std_msgs/msg/Int32,54867
1774010159.153432,/metrics/pcl/fused/processing_ms,std_msgs/msg/Float32,220.64840698242188
1774010159.460511,/metrics/pcl/fused/detections_count,std_msgs/msg/Int32,84
1774010159.4606194,/metrics/pcl/fused/points_in,std_msgs/msg/Int32,55023
1774010159.4606814,/metrics/pcl/fused/processing_ms,std_msgs/msg/Float32,218.10830688476562
1774010159.7417166,/metrics/pcl/fused/detections_count,std_msgs/msg/Int32,81
1774010159.7418249,/metrics/pcl/fused/points_in,std_msgs/msg/Int32,54843
1774010159.741952,/metrics/pcl/fused/processing_ms,std_msgs/msg/Float32,215.6809844970703
1774010160.0397322,/metrics/pcl/fused/detections_count,std_msgs/msg/Int32,83
1774010160.03984,/metrics/pcl/fused/points_in,std_msgs/msg/Int32,54947
1774010160.0399475,/metrics/pcl/fused/processing_ms,std_msgs/msg/Float32,215.64483642578125
1774010160.34519,/metrics/pcl/fused/detections_count,std_msgs/msg/Int32,85
1774010160.3453133,/metrics/pcl/fused/points_in,std_msgs/msg/Int32,54942
1774010160.3454113,/metrics/pcl/fused/processing_ms,std_msgs/msg/Float32,219.19781494140625
1774010160.659988,/metrics/pcl/fused/detections_count,std_msgs/msg/Int32,81
1774010160.6600935,/metrics/pcl/fused/points_in,std_msgs/msg/Int32,54948
1774010160.660155,/metrics/pcl/fused/processing_ms,std_msgs/msg/Float32,227.2350311279297
1774010160.9523013,/metrics/pcl/fused/detections_count,std_msgs/msg/Int32,78
1774010160.9524095,/metrics/pcl/fused/points_in,std_msgs/msg/Int32,54836
1774010160.952471,/metrics/pcl/fused/processing_ms,std_msgs/msg/Float32,218.964111328125
1774010161.24508,/metrics/pcl/fused/detections_count,std_msgs/msg/Int32,79
1774010161.2451985,/metrics/pcl/fused/points_in,std_msgs/msg/Int32,54990
1774010161.2452528,/metrics/pcl/fused/processing_ms,std_msgs/msg/Float32,215.50863647460938
1774010161.5528622,/metrics/pcl/fused/detections_count,std_msgs/msg/Int32,80
1774010161.5530002,/metrics/pcl/fused/points_in,std_msgs/msg/Int32,54945
1774010161.5530617,/metrics/pcl/fused/processing_ms,std_msgs/msg/Float32,218.5181121826172
1774010161.8480392,/metrics/pcl/fused/detections_count,std_msgs/msg/Int32,80
1774010161.848129,/metrics/pcl/fused/points_in,std_msgs/msg/Int32,54969
1774010161.8481936,/metrics/pcl/fused/processing_ms,std_msgs/msg/Float32,219.38372802734375
1774010162.150587,/metrics/pcl/fused/detections_count,std_msgs/msg/Int32,78
1774010162.1506934,/metrics/pcl/fused/points_in,std_msgs/msg/Int32,55043
1774010162.1507578,/metrics/pcl/fused/processing_ms,std_msgs/msg/Float32,217.52706909179688
1774010162.4454923,/metrics/pcl/fused/detections_count,std_msgs/msg/Int32,80
1774010162.445627,/metrics/pcl/fused/points_in,std_msgs/msg/Int32,55081
1774010162.4457126,/metrics/pcl/fused/processing_ms,std_msgs/msg/Float32,216.1051025390625
1774010162.739643,/metrics/pcl/fused/detections_count,std_msgs/msg/Int32,80
1774010162.7397997,/metrics/pcl/fused/points_in,std_msgs/msg/Int32,55015
1774010162.7399108,/metrics/pcl/fused/processing_ms,std_msgs/msg/Float32,211.7388153076172
1774010163.038655,/metrics/pcl/fused/detections_count,std_msgs/msg/Int32,84
1774010163.0387645,/metrics/pcl/fused/points_in,std_msgs/msg/Int32,54987
1774010163.0388255,/metrics/pcl/fused/processing_ms,std_msgs/msg/Float32,212.37078857421875
1774010163.3550847,/metrics/pcl/fused/detections_count,std_msgs/msg/Int32,78
1774010163.3551946,/metrics/pcl/fused/points_in,std_msgs/msg/Int32,55039
1774010163.3552597,/metrics/pcl/fused/processing_ms,std_msgs/msg/Float32,225.331298828125
1774010163.6567411,/metrics/pcl/fused/detections_count,std_msgs/msg/Int32,85
1774010163.65685,/metrics/pcl/fused/points_in,std_msgs/msg/Int32,54789
1774010163.6569283,/metrics/pcl/fused/processing_ms,std_msgs/msg/Float32,219.4596710205078
1774010163.946361,/metrics/pcl/fused/detections_count,std_msgs/msg/Int32,81
1774010163.9465005,/metrics/pcl/fused/points_in,std_msgs/msg/Int32,54750
1774010163.9465623,/metrics/pcl/fused/processing_ms,std_msgs/msg/Float32,215.91268920898438
1774010164.2464468,/metrics/pcl/fused/detections_count,std_msgs/msg/Int32,79
1774010164.246557,/metrics/pcl/fused/points_in,std_msgs/msg/Int32,54889
1774010164.2466233,/metrics/pcl/fused/processing_ms,std_msgs/msg/Float32,218.7046661376953
1774010164.5569682,/metrics/pcl/fused/detections_count,std_msgs/msg/Int32,78
1774010164.5571492,/metrics/pcl/fused/points_in,std_msgs/msg/Int32,54788
1774010164.5572593,/metrics/pcl/fused/processing_ms,std_msgs/msg/Float32,225.1436004638672
1774010164.853555,/metrics/pcl/fused/detections_count,std_msgs/msg/Int32,75
1774010164.8536906,/metrics/pcl/fused/points_in,std_msgs/msg/Int32,54722
1774010164.8537824,/metrics/pcl/fused/processing_ms,std_msgs/msg/Float32,218.23731994628906
1774010165.1459908,/metrics/pcl/fused/detections_count,std_msgs/msg/Int32,83
1774010165.1461093,/metrics/pcl/fused/points_in,std_msgs/msg/Int32,54705
1774010165.1461844,/metrics/pcl/fused/processing_ms,std_msgs/msg/Float32,217.00987243652344
1774010165.442806,/metrics/pcl/fused/detections_count,std_msgs/msg/Int32,80
1774010165.442907,/metrics/pcl/fused/points_in,std_msgs/msg/Int32,54713
1774010165.442963,/metrics/pcl/fused/processing_ms,std_msgs/msg/Float32,217.00106811523438
1774010165.7508183,/metrics/pcl/fused/detections_count,std_msgs/msg/Int32,83
1774010165.750944,/metrics/pcl/fused/points_in,std_msgs/msg/Int32,54768
1774010165.7510152,/metrics/pcl/fused/processing_ms,std_msgs/msg/Float32,224.77967834472656
1774010166.0620077,/metrics/pcl/fused/detections_count,std_msgs/msg/Int32,81
1774010166.0621233,/metrics/pcl/fused/points_in,std_msgs/msg/Int32,54903
1774010166.0621898,/metrics/pcl/fused/processing_ms,std_msgs/msg/Float32,225.4177703857422
1774010166.3496156,/metrics/pcl/fused/detections_count,std_msgs/msg/Int32,81
1774010166.349736,/metrics/pcl/fused/points_in,std_msgs/msg/Int32,54699
1774010166.3498013,/metrics/pcl/fused/processing_ms,std_msgs/msg/Float32,216.63641357421875
1774010166.6425624,/metrics/pcl/fused/detections_count,std_msgs/msg/Int32,78
1774010166.6426837,/metrics/pcl/fused/points_in,std_msgs/msg/Int32,54675
1774010166.6427486,/metrics/pcl/fused/processing_ms,std_msgs/msg/Float32,218.44415283203125
1774010166.9424353,/metrics/pcl/fused/detections_count,std_msgs/msg/Int32,79
1774010166.9425442,/metrics/pcl/fused/processing_ms,std_msgs/msg/Float32,217.66456604003906
1774010166.9427364,/metrics/pcl/fused/points_in,std_msgs/msg/Int32,54397
1774010167.2756345,/metrics/pcl/fused/detections_count,std_msgs/msg/Int32,79
1774010167.275824,/metrics/pcl/fused/points_in,std_msgs/msg/Int32,54156
1774010167.275952,/metrics/pcl/fused/processing_ms,std_msgs/msg/Float32,247.6959686279297
1774010167.58923,/metrics/pcl/fused/detections_count,std_msgs/msg/Int32,80
1774010167.589343,/metrics/pcl/fused/points_in,std_msgs/msg/Int32,53643
1774010167.5894055,/metrics/pcl/fused/processing_ms,std_msgs/msg/Float32,227.17636108398438
1774010167.8676875,/metrics/pcl/fused/detections_count,std_msgs/msg/Int32,81
1774010167.8678203,/metrics/pcl/fused/points_in,std_msgs/msg/Int32,53285
1774010167.8679705,/metrics/pcl/fused/processing_ms,std_msgs/msg/Float32,222.63229370117188
1774010168.1689806,/metrics/pcl/fused/detections_count,std_msgs/msg/Int32,77
1774010168.1691515,/metrics/pcl/fused/points_in,std_msgs/msg/Int32,53230
1774010168.169245,/metrics/pcl/fused/processing_ms,std_msgs/msg/Float32,224.60714721679688
1774010168.4800606,/metrics/pcl/fused/detections_count,std_msgs/msg/Int32,89
1774010168.4801877,/metrics/pcl/fused/points_in,std_msgs/msg/Int32,53681
1774010168.4802735,/metrics/pcl/fused/processing_ms,std_msgs/msg/Float32,222.13685607910156
1774010168.7653298,/metrics/pcl/fused/detections_count,std_msgs/msg/Int32,84
1774010168.7654731,/metrics/pcl/fused/points_in,std_msgs/msg/Int32,53687
1774010168.765572,/metrics/pcl/fused/processing_ms,std_msgs/msg/Float32,221.02565002441406
1774010169.0656705,/metrics/pcl/fused/detections_count,std_msgs/msg/Int32,87
1774010169.0658236,/metrics/pcl/fused/points_in,std_msgs/msg/Int32,53787
1774010169.065931,/metrics/pcl/fused/processing_ms,std_msgs/msg/Float32,220.72654724121094
1774010169.3816452,/metrics/pcl/fused/detections_count,std_msgs/msg/Int32,85
1774010169.38178,/metrics/pcl/fused/points_in,std_msgs/msg/Int32,53883
1774010169.381899,/metrics/pcl/fused/processing_ms,std_msgs/msg/Float32,231.8474578857422
1774010169.675724,/metrics/pcl/fused/detections_count,std_msgs/msg/Int32,83
1774010169.6758564,/metrics/pcl/fused/points_in,std_msgs/msg/Int32,54036
1774010169.6759615,/metrics/pcl/fused/processing_ms,std_msgs/msg/Float32,218.66622924804688
1774010169.973306,/metrics/pcl/fused/detections_count,std_msgs/msg/Int32,81
1774010169.973418,/metrics/pcl/fused/points_in,std_msgs/msg/Int32,54273
1774010169.973483,/metrics/pcl/fused/processing_ms,std_msgs/msg/Float32,219.5569305419922
1774010170.2601182,/metrics/pcl/fused/detections_count,std_msgs/msg/Int32,84
1774010170.2602496,/metrics/pcl/fused/points_in,std_msgs/msg/Int32,54329
1774010170.2603426,/metrics/pcl/fused/processing_ms,std_msgs/msg/Float32,222.4068145751953
1774010170.5765648,/metrics/pcl/fused/detections_count,std_msgs/msg/Int32,87
1774010170.5766842,/metrics/pcl/fused/points_in,std_msgs/msg/Int32,54498
1774010170.5767505,/metrics/pcl/fused/processing_ms,std_msgs/msg/Float32,235.24435424804688
1774010170.8792424,/metrics/pcl/fused/detections_count,std_msgs/msg/Int32,83
1774010170.879349,/metrics/pcl/fused/points_in,std_msgs/msg/Int32,54588
1774010170.879406,/metrics/pcl/fused/processing_ms,std_msgs/msg/Float32,221.28314208984375
1774010171.1664214,/metrics/pcl/fused/detections_count,std_msgs/msg/Int32,78
1774010171.166557,/metrics/pcl/fused/points_in,std_msgs/msg/Int32,54574
1774010171.1666186,/metrics/pcl/fused/processing_ms,std_msgs/msg/Float32,223.4702606201172
1774010171.4649637,/metrics/pcl/fused/detections_count,std_msgs/msg/Int32,83
1774010171.4650774,/metrics/pcl/fused/points_in,std_msgs/msg/Int32,54573
1774010171.4651399,/metrics/pcl/fused/processing_ms,std_msgs/msg/Float32,221.68795776367188
1774010171.7818255,/metrics/pcl/fused/detections_count,std_msgs/msg/Int32,82
1774010171.7819688,/metrics/pcl/fused/points_in,std_msgs/msg/Int32,54573
1774010171.7820315,/metrics/pcl/fused/processing_ms,std_msgs/msg/Float32,238.56005859375
1774010172.0931795,/metrics/pcl/fused/detections_count,std_msgs/msg/Int32,85
1774010172.0933259,/metrics/pcl/fused/points_in,std_msgs/msg/Int32,54619
1774010172.0934005,/metrics/pcl/fused/processing_ms,std_msgs/msg/Float32,236.721923828125
1774010172.3874838,/metrics/pcl/fused/detections_count,std_msgs/msg/Int32,81
1774010172.3876324,/metrics/pcl/fused/points_in,std_msgs/msg/Int32,54617
1774010172.3877418,/metrics/pcl/fused/processing_ms,std_msgs/msg/Float32,221.60816955566406
1774010172.6626704,/metrics/pcl/fused/detections_count,std_msgs/msg/Int32,79
1774010172.6628113,/metrics/pcl/fused/points_in,std_msgs/msg/Int32,54631
1774010172.6629095,/metrics/pcl/fused/processing_ms,std_msgs/msg/Float32,220.96340942382812
1774010172.9656804,/metrics/pcl/fused/detections_count,std_msgs/msg/Int32,79
1774010172.9658077,/metrics/pcl/fused/points_in,std_msgs/msg/Int32,54476
1774010172.9659328,/metrics/pcl/fused/processing_ms,std_msgs/msg/Float32,227.02928161621094
1774010173.284298,/metrics/pcl/fused/detections_count,std_msgs/msg/Int32,77
1774010173.2844293,/metrics/pcl/fused/points_in,std_msgs/msg/Int32,54528
1774010173.284518,/metrics/pcl/fused/processing_ms,std_msgs/msg/Float32,233.99420166015625
1774010173.5810692,/metrics/pcl/fused/detections_count,std_msgs/msg/Int32,78
1774010173.5812333,/metrics/pcl/fused/points_in,std_msgs/msg/Int32,54548
1774010173.581322,/metrics/pcl/fused/processing_ms,std_msgs/msg/Float32,223.20274353027344
1774010173.8652277,/metrics/pcl/fused/detections_count,std_msgs/msg/Int32,85
1774010173.86536,/metrics/pcl/fused/points_in,std_msgs/msg/Int32,54532
1774010173.8654318,/metrics/pcl/fused/processing_ms,std_msgs/msg/Float32,226.7588653564453
1774010174.1897767,/metrics/pcl/fused/detections_count,std_msgs/msg/Int32,77
1774010174.1899095,/metrics/pcl/fused/points_in,std_msgs/msg/Int32,54552
1774010174.18997,/metrics/pcl/fused/processing_ms,std_msgs/msg/Float32,238.78433227539062
1774010174.5079904,/metrics/pcl/fused/detections_count,std_msgs/msg/Int32,84
1774010174.5081778,/metrics/pcl/fused/points_in,std_msgs/msg/Int32,54569
1774010174.5082967,/metrics/pcl/fused/processing_ms,std_msgs/msg/Float32,253.9731903076172
1774010174.796262,/metrics/pcl/fused/detections_count,std_msgs/msg/Int32,81
1774010174.7963943,/metrics/pcl/fused/points_in,std_msgs/msg/Int32,54426
1774010174.796466,/metrics/pcl/fused/processing_ms,std_msgs/msg/Float32,225.1750946044922
1774010175.0692234,/metrics/pcl/fused/detections_count,std_msgs/msg/Int32,80
1774010175.069331,/metrics/pcl/fused/points_in,std_msgs/msg/Int32,54496
1774010175.0694098,/metrics/pcl/fused/processing_ms,std_msgs/msg/Float32,227.0171356201172
1774010175.3667104,/metrics/pcl/fused/detections_count,std_msgs/msg/Int32,80
1774010175.3668263,/metrics/pcl/fused/points_in,std_msgs/msg/Int32,54627
1774010175.3668973,/metrics/pcl/fused/processing_ms,std_msgs/msg/Float32,221.44017028808594
1774010175.6723301,/metrics/pcl/fused/detections_count,std_msgs/msg/Int32,84
1774010175.6724458,/metrics/pcl/fused/points_in,std_msgs/msg/Int32,54545
1774010175.672509,/metrics/pcl/fused/processing_ms,std_msgs/msg/Float32,229.05340576171875
1774010175.9627829,/metrics/pcl/fused/detections_count,std_msgs/msg/Int32,76
1774010175.9629583,/metrics/pcl/fused/points_in,std_msgs/msg/Int32,54545
1774010175.9630663,/metrics/pcl/fused/processing_ms,std_msgs/msg/Float32,220.93492126464844
1774010176.2671652,/metrics/pcl/fused/detections_count,std_msgs/msg/Int32,78
1774010176.2673042,/metrics/pcl/fused/points_in,std_msgs/msg/Int32,54497
1774010176.267378,/metrics/pcl/fused/processing_ms,std_msgs/msg/Float32,222.0703125
1774010176.5708146,/metrics/pcl/fused/detections_count,std_msgs/msg/Int32,81
1774010176.5709383,/metrics/pcl/fused/points_in,std_msgs/msg/Int32,54593
1774010176.5710075,/metrics/pcl/fused/processing_ms,std_msgs/msg/Float32,233.0067596435547
1774010176.8744075,/metrics/pcl/fused/detections_count,std_msgs/msg/Int32,81
1774010176.8745182,/metrics/pcl/fused/points_in,std_msgs/msg/Int32,54542
1774010176.874587,/metrics/pcl/fused/processing_ms,std_msgs/msg/Float32,223.862060546875
1774010177.1726704,/metrics/pcl/fused/detections_count,std_msgs/msg/Int32,79
1774010177.1727915,/metrics/pcl/fused/points_in,std_msgs/msg/Int32,54601
1774010177.1728675,/metrics/pcl/fused/processing_ms,std_msgs/msg/Float32,216.74911499023438
1774010177.4487932,/metrics/pcl/fused/detections_count,std_msgs/msg/Int32,79
1774010177.4489048,/metrics/pcl/fused/points_in,std_msgs/msg/Int32,54554
1774010177.4489615,/metrics/pcl/fused/processing_ms,std_msgs/msg/Float32,214.72535705566406
1774010178.3586175,/metrics/pcl/fused/detections_count,std_msgs/msg/Int32,81
1774010178.358729,/metrics/pcl/fused/points_in,std_msgs/msg/Int32,54537
1774010178.3587897,/metrics/pcl/fused/processing_ms,std_msgs/msg/Float32,222.51400756835938
1774010178.673987,/metrics/pcl/fused/detections_count,std_msgs/msg/Int32,85
1774010178.6741507,/metrics/pcl/fused/points_in,std_msgs/msg/Int32,54459
1774010178.6742413,/metrics/pcl/fused/processing_ms,std_msgs/msg/Float32,234.12954711914062
1774010178.995942,/metrics/pcl/fused/detections_count,std_msgs/msg/Int32,82
1774010178.9960957,/metrics/pcl/fused/points_in,std_msgs/msg/Int32,54528
1774010178.996161,/metrics/pcl/fused/processing_ms,std_msgs/msg/Float32,219.6741485595703
1774010179.265323,/metrics/pcl/fused/detections_count,std_msgs/msg/Int32,81
1774010179.2654352,/metrics/pcl/fused/points_in,std_msgs/msg/Int32,54531
1774010179.2654974,/metrics/pcl/fused/processing_ms,std_msgs/msg/Float32,221.9871826171875
1774010179.5555544,/metrics/pcl/fused/detections_count,std_msgs/msg/Int32,77
1774010179.5556757,/metrics/pcl/fused/points_in,std_msgs/msg/Int32,54641
1774010179.5557435,/metrics/pcl/fused/processing_ms,std_msgs/msg/Float32,214.74525451660156
1774010179.8487952,/metrics/pcl/fused/detections_count,std_msgs/msg/Int32,82
1774010179.8489277,/metrics/pcl/fused/points_in,std_msgs/msg/Int32,54600
1774010179.8489976,/metrics/pcl/fused/processing_ms,std_msgs/msg/Float32,214.25059509277344
1774010180.160516,/metrics/pcl/fused/detections_count,std_msgs/msg/Int32,83
1774010180.1606262,/metrics/pcl/fused/points_in,std_msgs/msg/Int32,54530
1774010180.1606865,/metrics/pcl/fused/processing_ms,std_msgs/msg/Float32,222.0297393798828
1774010180.4559882,/metrics/pcl/fused/detections_count,std_msgs/msg/Int32,78
1774010180.4560997,/metrics/pcl/fused/points_in,std_msgs/msg/Int32,54565
1774010180.4561625,/metrics/pcl/fused/processing_ms,std_msgs/msg/Float32,218.11648559570312
1774010180.7666612,/metrics/pcl/fused/detections_count,std_msgs/msg/Int32,84
1774010180.7667704,/metrics/pcl/fused/points_in,std_msgs/msg/Int32,54597
1774010180.7668316,/metrics/pcl/fused/processing_ms,std_msgs/msg/Float32,229.6533203125
1774010181.0572798,/metrics/pcl/fused/detections_count,std_msgs/msg/Int32,80
1774010181.0573912,/metrics/pcl/fused/points_in,std_msgs/msg/Int32,54546
1774010181.0574539,/metrics/pcl/fused/processing_ms,std_msgs/msg/Float32,213.86424255371094
1774010181.3581061,/metrics/pcl/fused/detections_count,std_msgs/msg/Int32,77
1774010181.3582535,/metrics/pcl/fused/points_in,std_msgs/msg/Int32,54590
1774010181.3583424,/metrics/pcl/fused/processing_ms,std_msgs/msg/Float32,222.5919952392578
1774010181.66326,/metrics/pcl/fused/detections_count,std_msgs/msg/Int32,82
1774010181.6633656,/metrics/pcl/fused/points_in,std_msgs/msg/Int32,54610
1774010181.6634274,/metrics/pcl/fused/processing_ms,std_msgs/msg/Float32,214.14700317382812
1774010181.9492779,/metrics/pcl/fused/detections_count,std_msgs/msg/Int32,80
1774010181.9493864,/metrics/pcl/fused/points_in,std_msgs/msg/Int32,54556
1774010181.9494495,/metrics/pcl/fused/processing_ms,std_msgs/msg/Float32,211.77882385253906
1774010182.2541182,/metrics/pcl/fused/detections_count,std_msgs/msg/Int32,83
1774010182.2542367,/metrics/pcl/fused/points_in,std_msgs/msg/Int32,54535
1774010182.2543123,/metrics/pcl/fused/processing_ms,std_msgs/msg/Float32,217.46011352539062
1774010182.5547254,/metrics/pcl/fused/detections_count,std_msgs/msg/Int32,82
1774010182.5548322,/metrics/pcl/fused/points_in,std_msgs/msg/Int32,54663
1774010182.5549061,/metrics/pcl/fused/processing_ms,std_msgs/msg/Float32,215.8727264404297
1774010182.8706896,/metrics/pcl/fused/detections_count,std_msgs/msg/Int32,81
1774010182.87083,/metrics/pcl/fused/points_in,std_msgs/msg/Int32,54529
1774010182.8709111,/metrics/pcl/fused/processing_ms,std_msgs/msg/Float32,219.736083984375
1774010183.1484623,/metrics/pcl/fused/detections_count,std_msgs/msg/Int32,84
1774010183.1485896,/metrics/pcl/fused/points_in,std_msgs/msg/Int32,54515
1774010183.1486516,/metrics/pcl/fused/processing_ms,std_msgs/msg/Float32,211.3312225341797
1774010183.448669,/metrics/pcl/fused/detections_count,std_msgs/msg/Int32,76
1774010183.4487965,/metrics/pcl/fused/points_in,std_msgs/msg/Int32,54524
1774010183.4488506,/metrics/pcl/fused/processing_ms,std_msgs/msg/Float32,219.1234893798828
1774010183.753841,/metrics/pcl/fused/detections_count,std_msgs/msg/Int32,79
1774010183.7539694,/metrics/pcl/fused/points_in,std_msgs/msg/Int32,54554
1774010183.7540317,/metrics/pcl/fused/processing_ms,std_msgs/msg/Float32,215.15716552734375
1774010184.0466247,/metrics/pcl/fused/detections_count,std_msgs/msg/Int32,85
1774010184.0467412,/metrics/pcl/fused/points_in,std_msgs/msg/Int32,54507
1774010184.046803,/metrics/pcl/fused/processing_ms,std_msgs/msg/Float32,215.02423095703125
1774010184.3432014,/metrics/pcl/fused/detections_count,std_msgs/msg/Int32,83
1774010184.3433082,/metrics/pcl/fused/points_in,std_msgs/msg/Int32,54478
1774010184.34336,/metrics/pcl/fused/processing_ms,std_msgs/msg/Float32,210.65992736816406
1774010184.9349632,/metrics/pcl/fused/detections_count,std_msgs/msg/Int32,78
1774010184.9350767,/metrics/pcl/fused/points_in,std_msgs/msg/Int32,54519
1774010184.935129,/metrics/pcl/fused/processing_ms,std_msgs/msg/Float32,210.327392578125
1774010185.2362607,/metrics/pcl/fused/detections_count,std_msgs/msg/Int32,77
1774010185.2363799,/metrics/pcl/fused/points_in,std_msgs/msg/Int32,54495
1774010185.236455,/metrics/pcl/fused/processing_ms,std_msgs/msg/Float32,210.49696350097656
1774010185.5370843,/metrics/pcl/fused/detections_count,std_msgs/msg/Int32,76
1774010185.5372021,/metrics/pcl/fused/points_in,std_msgs/msg/Int32,54550
1774010185.537279,/metrics/pcl/fused/processing_ms,std_msgs/msg/Float32,211.51675415039062
1774010185.853847,/metrics/pcl/fused/detections_count,std_msgs/msg/Int32,83
1774010185.8539963,/metrics/pcl/fused/points_in,std_msgs/msg/Int32,54508
1774010185.8540635,/metrics/pcl/fused/processing_ms,std_msgs/msg/Float32,221.49151611328125
1774010186.1492765,/metrics/pcl/fused/detections_count,std_msgs/msg/Int32,78
1774010186.1493847,/metrics/pcl/fused/points_in,std_msgs/msg/Int32,54542
1774010186.1494446,/metrics/pcl/fused/processing_ms,std_msgs/msg/Float32,212.93336486816406
1774010186.4434764,/metrics/pcl/fused/detections_count,std_msgs/msg/Int32,72
1774010186.443603,/metrics/pcl/fused/points_in,std_msgs/msg/Int32,54557
1774010186.4436977,/metrics/pcl/fused/processing_ms,std_msgs/msg/Float32,213.18487548828125
1774010186.7429636,/metrics/pcl/fused/detections_count,std_msgs/msg/Int32,85
1774010186.7430599,/metrics/pcl/fused/points_in,std_msgs/msg/Int32,54537
1774010186.7431114,/metrics/pcl/fused/processing_ms,std_msgs/msg/Float32,211.5523223876953
1774010187.035826,/metrics/pcl/fused/detections_count,std_msgs/msg/Int32,87
1774010187.0359519,/metrics/pcl/fused/points_in,std_msgs/msg/Int32,54444
1774010187.0360045,/metrics/pcl/fused/processing_ms,std_msgs/msg/Float32,209.9545440673828
1774010187.3357573,/metrics/pcl/fused/detections_count,std_msgs/msg/Int32,87
1774010187.335878,/metrics/pcl/fused/points_in,std_msgs/msg/Int32,54563
1774010187.335949,/metrics/pcl/fused/processing_ms,std_msgs/msg/Float32,209.18890380859375
1774010187.64355,/metrics/pcl/fused/detections_count,std_msgs/msg/Int32,82
1774010187.6436598,/metrics/pcl/fused/points_in,std_msgs/msg/Int32,54490
1774010187.6437278,/metrics/pcl/fused/processing_ms,std_msgs/msg/Float32,216.92799377441406
1774010187.9405386,/metrics/pcl/fused/detections_count,std_msgs/msg/Int32,82
1774010187.94066,/metrics/pcl/fused/points_in,std_msgs/msg/Int32,54480
1774010187.9407375,/metrics/pcl/fused/processing_ms,std_msgs/msg/Float32,207.6869354248047
1774010188.2344854,/metrics/pcl/fused/detections_count,std_msgs/msg/Int32,79
1774010188.2345946,/metrics/pcl/fused/points_in,std_msgs/msg/Int32,54434
1774010188.234656,/metrics/pcl/fused/processing_ms,std_msgs/msg/Float32,207.09228515625
1774010188.5359566,/metrics/pcl/fused/detections_count,std_msgs/msg/Int32,82
1774010188.5360487,/metrics/pcl/fused/points_in,std_msgs/msg/Int32,54439
1774010188.536101,/metrics/pcl/fused/processing_ms,std_msgs/msg/Float32,210.40176391601562
1774010188.8358917,/metrics/pcl/fused/detections_count,std_msgs/msg/Int32,81
1774010188.8360014,/metrics/pcl/fused/points_in,std_msgs/msg/Int32,54554
1774010188.8360674,/metrics/pcl/fused/processing_ms,std_msgs/msg/Float32,210.07421875
1774010189.1374857,/metrics/pcl/fused/detections_count,std_msgs/msg/Int32,81
1774010189.1376,/metrics/pcl/fused/points_in,std_msgs/msg/Int32,54465
1774010189.1376512,/metrics/pcl/fused/processing_ms,std_msgs/msg/Float32,207.62033081054688
1774010189.4393413,/metrics/pcl/fused/detections_count,std_msgs/msg/Int32,73
1774010189.4394326,/metrics/pcl/fused/points_in,std_msgs/msg/Int32,54571
1774010189.4394832,/metrics/pcl/fused/processing_ms,std_msgs/msg/Float32,210.21629333496094
1774010189.7341588,/metrics/pcl/fused/detections_count,std_msgs/msg/Int32,83
1774010189.73427,/metrics/pcl/fused/points_in,std_msgs/msg/Int32,54504
1774010189.7343326,/metrics/pcl/fused/processing_ms,std_msgs/msg/Float32,209.21249389648438
1774010190.0447512,/metrics/pcl/fused/detections_count,std_msgs/msg/Int32,84
1774010190.0448916,/metrics/pcl/fused/points_in,std_msgs/msg/Int32,54455
1774010190.0449557,/metrics/pcl/fused/processing_ms,std_msgs/msg/Float32,219.2233428955078
1774010190.3543148,/metrics/pcl/fused/detections_count,std_msgs/msg/Int32,80
1774010190.3544276,/metrics/pcl/fused/points_in,std_msgs/msg/Int32,54578
1774010190.3544905,/metrics/pcl/fused/processing_ms,std_msgs/msg/Float32,216.15003967285156
1774010190.648895,/metrics/pcl/fused/detections_count,std_msgs/msg/Int32,83
1774010190.6490152,/metrics/pcl/fused/points_in,std_msgs/msg/Int32,54571
1774010190.6490767,/metrics/pcl/fused/processing_ms,std_msgs/msg/Float32,213.7606964111328
1774010190.9408228,/metrics/pcl/fused/detections_count,std_msgs/msg/Int32,78
1774010190.9409275,/metrics/pcl/fused/points_in,std_msgs/msg/Int32,54495
1774010190.9409838,/metrics/pcl/fused/processing_ms,std_msgs/msg/Float32,210.22813415527344
1774010191.241114,/metrics/pcl/fused/detections_count,std_msgs/msg/Int32,78
1774010191.241248,/metrics/pcl/fused/points_in,std_msgs/msg/Int32,54531
1774010191.2413163,/metrics/pcl/fused/processing_ms,std_msgs/msg/Float32,212.74610900878906
1774010191.551446,/metrics/pcl/fused/detections_count,std_msgs/msg/Int32,82
1774010191.551555,/metrics/pcl/fused/points_in,std_msgs/msg/Int32,54522
1774010191.5516162,/metrics/pcl/fused/processing_ms,std_msgs/msg/Float32,214.44094848632812
1774010191.8463922,/metrics/pcl/fused/detections_count,std_msgs/msg/Int32,78
1774010191.846512,/metrics/pcl/fused/points_in,std_msgs/msg/Int32,54638
1774010191.8465862,/metrics/pcl/fused/processing_ms,std_msgs/msg/Float32,214.0433807373047
1774010192.1446664,/metrics/pcl/fused/detections_count,std_msgs/msg/Int32,83
1774010192.1447864,/metrics/pcl/fused/points_in,std_msgs/msg/Int32,54646
1774010192.1448472,/metrics/pcl/fused/processing_ms,std_msgs/msg/Float32,214.29568481445312
1774010192.442697,/metrics/pcl/fused/detections_count,std_msgs/msg/Int32,81
1774010192.4428184,/metrics/pcl/fused/points_in,std_msgs/msg/Int32,54582
1774010192.4428918,/metrics/pcl/fused/processing_ms,std_msgs/msg/Float32,213.4605712890625
1774010192.7402072,/metrics/pcl/fused/detections_count,std_msgs/msg/Int32,83
1774010192.740317,/metrics/pcl/fused/points_in,std_msgs/msg/Int32,54487
1774010192.740381,/metrics/pcl/fused/processing_ms,std_msgs/msg/Float32,209.44613647460938
1774010193.0430837,/metrics/pcl/fused/detections_count,std_msgs/msg/Int32,80
1774010193.043205,/metrics/pcl/fused/points_in,std_msgs/msg/Int32,54433
1774010193.04328,/metrics/pcl/fused/processing_ms,std_msgs/msg/Float32,214.4463653564453
1774010193.3441339,/metrics/pcl/fused/detections_count,std_msgs/msg/Int32,79
1774010193.344243,/metrics/pcl/fused/points_in,std_msgs/msg/Int32,54537
1774010193.3442957,/metrics/pcl/fused/processing_ms,std_msgs/msg/Float32,214.85044860839844
1774010193.6445334,/metrics/pcl/fused/detections_count,std_msgs/msg/Int32,85
1774010193.6446352,/metrics/pcl/fused/points_in,std_msgs/msg/Int32,54556
1774010193.6446965,/metrics/pcl/fused/processing_ms,std_msgs/msg/Float32,212.356201171875
1774010193.9411569,/metrics/pcl/fused/detections_count,std_msgs/msg/Int32,79
1774010193.9412756,/metrics/pcl/fused/points_in,std_msgs/msg/Int32,54576
1774010193.9413536,/metrics/pcl/fused/processing_ms,std_msgs/msg/Float32,211.63255310058594
1774010194.2409048,/metrics/pcl/fused/detections_count,std_msgs/msg/Int32,84
1774010194.2410464,/metrics/pcl/fused/points_in,std_msgs/msg/Int32,54612
1774010194.2411125,/metrics/pcl/fused/processing_ms,std_msgs/msg/Float32,213.7355194091797
1774010194.559162,/metrics/pcl/fused/detections_count,std_msgs/msg/Int32,80
1774010194.5592794,/metrics/pcl/fused/points_in,std_msgs/msg/Int32,54617
1774010194.5593505,/metrics/pcl/fused/processing_ms,std_msgs/msg/Float32,227.00294494628906
1774010194.881209,/metrics/pcl/fused/detections_count,std_msgs/msg/Int32,82
1774010194.881316,/metrics/pcl/fused/points_in,std_msgs/msg/Int32,54539
1774010194.881381,/metrics/pcl/fused/processing_ms,std_msgs/msg/Float32,225.2259979248047
1774010195.1526487,/metrics/pcl/fused/detections_count,std_msgs/msg/Int32,83
1774010195.1527593,/metrics/pcl/fused/points_in,std_msgs/msg/Int32,54556
1774010195.1528223,/metrics/pcl/fused/processing_ms,std_msgs/msg/Float32,211.88516235351562
1774010195.4399486,/metrics/pcl/fused/detections_count,std_msgs/msg/Int32,86
1774010195.4400604,/metrics/pcl/fused/points_in,std_msgs/msg/Int32,54602
1774010195.4401233,/metrics/pcl/fused/processing_ms,std_msgs/msg/Float32,208.88182067871094
1774010195.7490182,/metrics/pcl/fused/detections_count,std_msgs/msg/Int32,83
1774010195.7491357,/metrics/pcl/fused/points_in,std_msgs/msg/Int32,54593
1774010195.7491992,/metrics/pcl/fused/processing_ms,std_msgs/msg/Float32,218.8614501953125
1774010195.9746757,/metrics/pcl/fused/detections_count,std_msgs/msg/Int32,76
1774010195.974804,/metrics/pcl/fused/points_in,std_msgs/msg/Int32,42760
1774010195.9748669,/metrics/pcl/fused/processing_ms,std_msgs/msg/Float32,141.57321166992188
1774010196.264298,/metrics/pcl/fused/detections_count,std_msgs/msg/Int32,79
1774010196.2644114,/metrics/pcl/fused/points_in,std_msgs/msg/Int32,42914
1774010196.2644727,/metrics/pcl/fused/processing_ms,std_msgs/msg/Float32,139.614013671875
1774010196.571687,/metrics/pcl/fused/detections_count,std_msgs/msg/Int32,72
1774010196.5718021,/metrics/pcl/fused/points_in,std_msgs/msg/Int32,42805
1774010196.5718672,/metrics/pcl/fused/processing_ms,std_msgs/msg/Float32,141.9199981689453
1774010196.8682547,/metrics/pcl/fused/detections_count,std_msgs/msg/Int32,73
1774010196.868366,/metrics/pcl/fused/points_in,std_msgs/msg/Int32,42724
1774010196.8684313,/metrics/pcl/fused/processing_ms,std_msgs/msg/Float32,139.2490692138672
1774010197.1604497,/metrics/pcl/fused/detections_count,std_msgs/msg/Int32,83
1774010197.160559,/metrics/pcl/fused/points_in,std_msgs/msg/Int32,42790
1774010197.1606228,/metrics/pcl/fused/processing_ms,std_msgs/msg/Float32,138.1619110107422
1774010197.4662642,/metrics/pcl/fused/detections_count,std_msgs/msg/Int32,72
1774010197.4663754,/metrics/pcl/fused/points_in,std_msgs/msg/Int32,42835
1774010197.4664407,/metrics/pcl/fused/processing_ms,std_msgs/msg/Float32,140.1394805908203
1774010197.7694864,/metrics/pcl/fused/detections_count,std_msgs/msg/Int32,77
1774010197.7695942,/metrics/pcl/fused/points_in,std_msgs/msg/Int32,42788
1774010197.7696588,/metrics/pcl/fused/processing_ms,std_msgs/msg/Float32,140.02603149414062
1774010198.0654848,/metrics/pcl/fused/detections_count,std_msgs/msg/Int32,84
1774010198.0656114,/metrics/pcl/fused/points_in,std_msgs/msg/Int32,42855
1774010198.0656867,/metrics/pcl/fused/processing_ms,std_msgs/msg/Float32,138.73846435546875
1774010198.3673313,/metrics/pcl/fused/detections_count,std_msgs/msg/Int32,77
1774010198.3674383,/metrics/pcl/fused/points_in,std_msgs/msg/Int32,42881
1774010198.3675008,/metrics/pcl/fused/processing_ms,std_msgs/msg/Float32,140.7079315185547
1774010198.6756072,/metrics/pcl/fused/detections_count,std_msgs/msg/Int32,76
1774010198.675719,/metrics/pcl/fused/points_in,std_msgs/msg/Int32,42863
1774010198.6757793,/metrics/pcl/fused/processing_ms,std_msgs/msg/Float32,140.85635375976562
1774010198.9694083,/metrics/pcl/fused/detections_count,std_msgs/msg/Int32,77
1774010198.969508,/metrics/pcl/fused/points_in,std_msgs/msg/Int32,42857
1774010198.9695597,/metrics/pcl/fused/processing_ms,std_msgs/msg/Float32,140.51910400390625
1774010199.2683978,/metrics/pcl/fused/detections_count,std_msgs/msg/Int32,79
1774010199.2684922,/metrics/pcl/fused/points_in,std_msgs/msg/Int32,42898
1774010199.268543,/metrics/pcl/fused/processing_ms,std_msgs/msg/Float32,137.87123107910156
1774010199.5630336,/metrics/pcl/fused/detections_count,std_msgs/msg/Int32,81
1774010199.5631688,/metrics/pcl/fused/points_in,std_msgs/msg/Int32,42831
1774010199.5632517,/metrics/pcl/fused/processing_ms,std_msgs/msg/Float32,138.22569274902344
1774010199.8673258,/metrics/pcl/fused/detections_count,std_msgs/msg/Int32,72
1774010199.8674383,/metrics/pcl/fused/points_in,std_msgs/msg/Int32,43052
1774010199.867503,/metrics/pcl/fused/processing_ms,std_msgs/msg/Float32,141.24066162109375
1774010200.1698246,/metrics/pcl/fused/detections_count,std_msgs/msg/Int32,78
1774010200.1699913,/metrics/pcl/fused/points_in,std_msgs/msg/Int32,42825
1774010200.1701005,/metrics/pcl/fused/processing_ms,std_msgs/msg/Float32,140.4342498779297
1774010200.4686928,/metrics/pcl/fused/detections_count,std_msgs/msg/Int32,75
1774010200.4688053,/metrics/pcl/fused/points_in,std_msgs/msg/Int32,42911
1774010200.4688818,/metrics/pcl/fused/processing_ms,std_msgs/msg/Float32,141.39984130859375
1774010200.7749443,/metrics/pcl/fused/detections_count,std_msgs/msg/Int32,76
1774010200.775086,/metrics/pcl/fused/points_in,std_msgs/msg/Int32,42886
1774010200.7751746,/metrics/pcl/fused/processing_ms,std_msgs/msg/Float32,140.79981994628906
1774010201.0721693,/metrics/pcl/fused/detections_count,std_msgs/msg/Int32,82
1774010201.0722709,/metrics/pcl/fused/points_in,std_msgs/msg/Int32,42933
1774010201.0723245,/metrics/pcl/fused/processing_ms,std_msgs/msg/Float32,137.92527770996094
1774010201.3725786,/metrics/pcl/fused/detections_count,std_msgs/msg/Int32,74
1774010201.3726916,/metrics/pcl/fused/points_in,std_msgs/msg/Int32,42812
1774010201.3727534,/metrics/pcl/fused/processing_ms,std_msgs/msg/Float32,143.8932647705078
1774010201.6722367,/metrics/pcl/fused/detections_count,std_msgs/msg/Int32,79
1774010201.6723423,/metrics/pcl/fused/points_in,std_msgs/msg/Int32,42887
1774010201.672404,/metrics/pcl/fused/processing_ms,std_msgs/msg/Float32,141.59872436523438
1774010201.9694662,/metrics/pcl/fused/detections_count,std_msgs/msg/Int32,81
1774010201.9695773,/metrics/pcl/fused/points_in,std_msgs/msg/Int32,42909
1774010201.9696405,/metrics/pcl/fused/processing_ms,std_msgs/msg/Float32,141.1993865966797
1774010202.275291,/metrics/pcl/fused/detections_count,std_msgs/msg/Int32,86
1774010202.2754083,/metrics/pcl/fused/points_in,std_msgs/msg/Int32,42870
1774010202.2754836,/metrics/pcl/fused/processing_ms,std_msgs/msg/Float32,138.95570373535156
1774010202.5709813,/metrics/pcl/fused/detections_count,std_msgs/msg/Int32,77
1774010202.5711527,/metrics/pcl/fused/points_in,std_msgs/msg/Int32,42885
1774010202.57127,/metrics/pcl/fused/processing_ms,std_msgs/msg/Float32,141.08978271484375
1774010202.865672,/metrics/pcl/fused/detections_count,std_msgs/msg/Int32,77
1774010202.865786,/metrics/pcl/fused/points_in,std_msgs/msg/Int32,42916
1774010202.8658495,/metrics/pcl/fused/processing_ms,std_msgs/msg/Float32,138.6651611328125
1774010203.1695127,/metrics/pcl/fused/detections_count,std_msgs/msg/Int32,75
1774010203.1696212,/metrics/pcl/fused/points_in,std_msgs/msg/Int32,42872
1774010203.169684,/metrics/pcl/fused/processing_ms,std_msgs/msg/Float32,140.3662109375
1774010203.4675734,/metrics/pcl/fused/detections_count,std_msgs/msg/Int32,79
1774010203.4676893,/metrics/pcl/fused/points_in,std_msgs/msg/Int32,42858
1774010203.4677515,/metrics/pcl/fused/processing_ms,std_msgs/msg/Float32,139.22055053710938
1774010203.76993,/metrics/pcl/fused/detections_count,std_msgs/msg/Int32,83
1774010203.7700398,/metrics/pcl/fused/points_in,std_msgs/msg/Int32,42813
1774010203.770102,/metrics/pcl/fused/processing_ms,std_msgs/msg/Float32,136.9599151611328
1774010204.0649161,/metrics/pcl/fused/detections_count,std_msgs/msg/Int32,80
1774010204.0650258,/metrics/pcl/fused/points_in,std_msgs/msg/Int32,42858
1774010204.0650878,/metrics/pcl/fused/processing_ms,std_msgs/msg/Float32,137.65769958496094
1774010204.3669949,/metrics/pcl/fused/detections_count,std_msgs/msg/Int32,85
1774010204.3671231,/metrics/pcl/fused/points_in,std_msgs/msg/Int32,42887
1774010204.3671973,/metrics/pcl/fused/processing_ms,std_msgs/msg/Float32,137.871337890625
1774010204.663782,/metrics/pcl/fused/detections_count,std_msgs/msg/Int32,83
1774010204.6639001,/metrics/pcl/fused/points_in,std_msgs/msg/Int32,42870
1774010204.663975,/metrics/pcl/fused/processing_ms,std_msgs/msg/Float32,137.47174072265625
1774010204.9643683,/metrics/pcl/fused/detections_count,std_msgs/msg/Int32,79
1774010204.9644787,/metrics/pcl/fused/points_in,std_msgs/msg/Int32,42860
1774010204.9645398,/metrics/pcl/fused/processing_ms,std_msgs/msg/Float32,136.11546325683594
1774010205.2837443,/metrics/pcl/fused/detections_count,std_msgs/msg/Int32,78
1774010205.283908,/metrics/pcl/fused/points_in,std_msgs/msg/Int32,42775
1774010205.28401,/metrics/pcl/fused/processing_ms,std_msgs/msg/Float32,147.90721130371094
1774010205.5887585,/metrics/pcl/fused/detections_count,std_msgs/msg/Int32,81
1774010205.58888,/metrics/pcl/fused/points_in,std_msgs/msg/Int32,42867
1774010205.5889628,/metrics/pcl/fused/processing_ms,std_msgs/msg/Float32,138.98130798339844
1774010205.8671584,/metrics/pcl/fused/detections_count,std_msgs/msg/Int32,80
1774010205.8672647,/metrics/pcl/fused/points_in,std_msgs/msg/Int32,42859
1774010205.8673263,/metrics/pcl/fused/processing_ms,std_msgs/msg/Float32,139.05535888671875
1774010206.1644382,/metrics/pcl/fused/detections_count,std_msgs/msg/Int32,76
1774010206.1645467,/metrics/pcl/fused/points_in,std_msgs/msg/Int32,42918
1774010206.1646082,/metrics/pcl/fused/processing_ms,std_msgs/msg/Float32,138.52529907226562
1774010206.4664748,/metrics/pcl/fused/detections_count,std_msgs/msg/Int32,75
1774010206.4665887,/metrics/pcl/fused/points_in,std_msgs/msg/Int32,42869
1774010206.466662,/metrics/pcl/fused/processing_ms,std_msgs/msg/Float32,138.14222717285156
1774010206.778886,/metrics/pcl/fused/detections_count,std_msgs/msg/Int32,83
1774010206.7790077,/metrics/pcl/fused/points_in,std_msgs/msg/Int32,42904
1774010206.77907,/metrics/pcl/fused/processing_ms,std_msgs/msg/Float32,139.96853637695312
1774010207.0671413,/metrics/pcl/fused/detections_count,std_msgs/msg/Int32,74
1774010207.0672464,/metrics/pcl/fused/points_in,std_msgs/msg/Int32,42856
1774010207.067308,/metrics/pcl/fused/processing_ms,std_msgs/msg/Float32,139.14620971679688
1774010207.3744097,/metrics/pcl/fused/detections_count,std_msgs/msg/Int32,75
1774010207.3745198,/metrics/pcl/fused/points_in,std_msgs/msg/Int32,42893
1774010207.3745813,/metrics/pcl/fused/processing_ms,std_msgs/msg/Float32,145.4722137451172
1774010207.6751926,/metrics/pcl/fused/detections_count,std_msgs/msg/Int32,78
1774010207.675314,/metrics/pcl/fused/points_in,std_msgs/msg/Int32,42874
1774010207.675376,/metrics/pcl/fused/processing_ms,std_msgs/msg/Float32,141.2315673828125
1774010207.9737856,/metrics/pcl/fused/detections_count,std_msgs/msg/Int32,74
1774010207.973909,/metrics/pcl/fused/points_in,std_msgs/msg/Int32,42850
1774010207.9739852,/metrics/pcl/fused/processing_ms,std_msgs/msg/Float32,140.56166076660156
1774010208.2751062,/metrics/pcl/fused/detections_count,std_msgs/msg/Int32,78
1774010208.2752173,/metrics/pcl/fused/points_in,std_msgs/msg/Int32,42962
1774010208.2752802,/metrics/pcl/fused/processing_ms,std_msgs/msg/Float32,139.20599365234375
1774010208.5868127,/metrics/pcl/fused/detections_count,std_msgs/msg/Int32,79
1774010208.5869699,/metrics/pcl/fused/points_in,std_msgs/msg/Int32,42847
1774010208.5870664,/metrics/pcl/fused/processing_ms,std_msgs/msg/Float32,144.68539428710938
1774010208.8865864,/metrics/pcl/fused/detections_count,std_msgs/msg/Int32,75
1774010208.8867188,/metrics/pcl/fused/points_in,std_msgs/msg/Int32,42808
1774010208.8868067,/metrics/pcl/fused/processing_ms,std_msgs/msg/Float32,142.71205139160156
1774010209.1853964,/metrics/pcl/fused/detections_count,std_msgs/msg/Int32,81
1774010209.1855159,/metrics/pcl/fused/points_in,std_msgs/msg/Int32,42761
1774010209.1855786,/metrics/pcl/fused/processing_ms,std_msgs/msg/Float32,143.7632293701172
1774010209.4865322,/metrics/pcl/fused/detections_count,std_msgs/msg/Int32,78
1774010209.4866576,/metrics/pcl/fused/points_in,std_msgs/msg/Int32,42820
1774010209.486722,/metrics/pcl/fused/processing_ms,std_msgs/msg/Float32,142.369384765625
1774010209.7735198,/metrics/pcl/fused/detections_count,std_msgs/msg/Int32,79
1774010209.7736301,/metrics/pcl/fused/points_in,std_msgs/msg/Int32,42882
1774010209.7736926,/metrics/pcl/fused/processing_ms,std_msgs/msg/Float32,140.15008544921875
1774010210.079479,/metrics/pcl/fused/detections_count,std_msgs/msg/Int32,73
1774010210.0796046,/metrics/pcl/fused/points_in,std_msgs/msg/Int32,42846
1774010210.079677,/metrics/pcl/fused/processing_ms,std_msgs/msg/Float32,143.21034240722656
1774010210.3765209,/metrics/pcl/fused/detections_count,std_msgs/msg/Int32,78
1774010210.3766286,/metrics/pcl/fused/points_in,std_msgs/msg/Int32,42870
1774010210.3766906,/metrics/pcl/fused/processing_ms,std_msgs/msg/Float32,139.42860412597656
1774010210.669798,/metrics/pcl/fused/detections_count,std_msgs/msg/Int32,78
1774010210.6699378,/metrics/pcl/fused/points_in,std_msgs/msg/Int32,42845
1774010210.6700182,/metrics/pcl/fused/processing_ms,std_msgs/msg/Float32,136.75355529785156
1774010211.2691534,/metrics/pcl/fused/detections_count,std_msgs/msg/Int32,76
1774010211.269255,/metrics/pcl/fused/points_in,std_msgs/msg/Int32,42856
1774010211.2693176,/metrics/pcl/fused/processing_ms,std_msgs/msg/Float32,138.9313507080078
1774010211.5751278,/metrics/pcl/fused/detections_count,std_msgs/msg/Int32,80
1774010211.5752547,/metrics/pcl/fused/points_in,std_msgs/msg/Int32,42973
1774010211.5753286,/metrics/pcl/fused/processing_ms,std_msgs/msg/Float32,143.45391845703125
1774010211.8868277,/metrics/pcl/fused/detections_count,std_msgs/msg/Int32,78
1774010211.886949,/metrics/pcl/fused/points_in,std_msgs/msg/Int32,42787
1774010211.8870144,/metrics/pcl/fused/processing_ms,std_msgs/msg/Float32,139.55848693847656
1774010212.187519,/metrics/pcl/fused/detections_count,std_msgs/msg/Int32,77
1774010212.1876347,/metrics/pcl/fused/points_in,std_msgs/msg/Int32,42793
1774010212.187703,/metrics/pcl/fused/processing_ms,std_msgs/msg/Float32,150.18490600585938
1774010212.4969723,/metrics/pcl/fused/detections_count,std_msgs/msg/Int32,77
1774010212.4970932,/metrics/pcl/fused/points_in,std_msgs/msg/Int32,42874
1774010212.4971693,/metrics/pcl/fused/processing_ms,std_msgs/msg/Float32,144.09397888183594
1774010212.7817953,/metrics/pcl/fused/detections_count,std_msgs/msg/Int32,77
1774010212.7819543,/metrics/pcl/fused/points_in,std_msgs/msg/Int32,42706
1774010212.7821028,/metrics/pcl/fused/processing_ms,std_msgs/msg/Float32,142.26832580566406
1774010213.0836873,/metrics/pcl/fused/detections_count,std_msgs/msg/Int32,71
1774010213.083797,/metrics/pcl/fused/points_in,std_msgs/msg/Int32,42759
1774010213.0838585,/metrics/pcl/fused/processing_ms,std_msgs/msg/Float32,146.16015625
1774010213.384458,/metrics/pcl/fused/detections_count,std_msgs/msg/Int32,76
1774010213.3846295,/metrics/pcl/fused/points_in,std_msgs/msg/Int32,42894
1774010213.3848104,/metrics/pcl/fused/processing_ms,std_msgs/msg/Float32,144.82162475585938
1774010213.676732,/metrics/pcl/fused/detections_count,std_msgs/msg/Int32,75
1774010213.6769047,/metrics/pcl/fused/points_in,std_msgs/msg/Int32,42936
1774010213.6770062,/metrics/pcl/fused/processing_ms,std_msgs/msg/Float32,142.45738220214844
1774010213.9849463,/metrics/pcl/fused/detections_count,std_msgs/msg/Int32,75
1774010213.9851174,/metrics/pcl/fused/points_in,std_msgs/msg/Int32,42755
1774010213.985217,/metrics/pcl/fused/processing_ms,std_msgs/msg/Float32,139.60292053222656
1774010214.2818036,/metrics/pcl/fused/detections_count,std_msgs/msg/Int32,77
1774010214.2819445,/metrics/pcl/fused/points_in,std_msgs/msg/Int32,42841
1774010214.2820334,/metrics/pcl/fused/processing_ms,std_msgs/msg/Float32,140.24749755859375
1774010214.5919454,/metrics/pcl/fused/detections_count,std_msgs/msg/Int32,75
1774010214.592101,/metrics/pcl/fused/points_in,std_msgs/msg/Int32,42869
1774010214.5921993,/metrics/pcl/fused/processing_ms,std_msgs/msg/Float32,142.85923767089844
1774010214.8737836,/metrics/pcl/fused/detections_count,std_msgs/msg/Int32,79
1774010214.8739345,/metrics/pcl/fused/points_in,std_msgs/msg/Int32,42844
1774010214.874011,/metrics/pcl/fused/processing_ms,std_msgs/msg/Float32,137.044921875
1774010215.1813922,/metrics/pcl/fused/detections_count,std_msgs/msg/Int32,78
1774010215.1815045,/metrics/pcl/fused/points_in,std_msgs/msg/Int32,42956
1774010215.181568,/metrics/pcl/fused/processing_ms,std_msgs/msg/Float32,140.31700134277344
1774010215.480648,/metrics/pcl/fused/detections_count,std_msgs/msg/Int32,79
1774010215.4807813,/metrics/pcl/fused/points_in,std_msgs/msg/Int32,42851
1774010215.4808443,/metrics/pcl/fused/processing_ms,std_msgs/msg/Float32,136.98104858398438
1774010215.779843,/metrics/pcl/fused/detections_count,std_msgs/msg/Int32,81
1774010215.7799673,/metrics/pcl/fused/points_in,std_msgs/msg/Int32,42963
1774010215.7800248,/metrics/pcl/fused/processing_ms,std_msgs/msg/Float32,143.97232055664062
1774010216.0785103,/metrics/pcl/fused/detections_count,std_msgs/msg/Int32,79
1774010216.0786314,/metrics/pcl/fused/points_in,std_msgs/msg/Int32,42920
1774010216.078694,/metrics/pcl/fused/processing_ms,std_msgs/msg/Float32,140.44754028320312
1774010216.3800933,/metrics/pcl/fused/detections_count,std_msgs/msg/Int32,80
1774010216.3802059,/metrics/pcl/fused/points_in,std_msgs/msg/Int32,42860
1774010216.3802679,/metrics/pcl/fused/processing_ms,std_msgs/msg/Float32,143.29440307617188
1774010216.6857016,/metrics/pcl/fused/detections_count,std_msgs/msg/Int32,77
1774010216.6858103,/metrics/pcl/fused/points_in,std_msgs/msg/Int32,42847
1774010216.6858637,/metrics/pcl/fused/processing_ms,std_msgs/msg/Float32,140.743408203125
1774010216.974075,/metrics/pcl/fused/detections_count,std_msgs/msg/Int32,74
1774010216.9742246,/metrics/pcl/fused/points_in,std_msgs/msg/Int32,42849
1774010216.9743207,/metrics/pcl/fused/processing_ms,std_msgs/msg/Float32,142.29818725585938
1774010217.275257,/metrics/pcl/fused/detections_count,std_msgs/msg/Int32,84
1774010217.275363,/metrics/pcl/fused/points_in,std_msgs/msg/Int32,42887
1774010217.2754238,/metrics/pcl/fused/processing_ms,std_msgs/msg/Float32,139.36810302734375
1774010217.5768461,/metrics/pcl/fused/detections_count,std_msgs/msg/Int32,76
1774010217.5769784,/metrics/pcl/fused/points_in,std_msgs/msg/Int32,42782
1774010217.577042,/metrics/pcl/fused/processing_ms,std_msgs/msg/Float32,140.45147705078125
1774010217.8780875,/metrics/pcl/fused/detections_count,std_msgs/msg/Int32,77
1774010217.8782263,/metrics/pcl/fused/points_in,std_msgs/msg/Int32,42872
1774010217.878301,/metrics/pcl/fused/processing_ms,std_msgs/msg/Float32,141.36611938476562
1774010218.1758392,/metrics/pcl/fused/detections_count,std_msgs/msg/Int32,70
1774010218.1759777,/metrics/pcl/fused/points_in,std_msgs/msg/Int32,42784
1774010218.1760426,/metrics/pcl/fused/processing_ms,std_msgs/msg/Float32,138.5149688720703
1774010218.4842134,/metrics/pcl/fused/detections_count,std_msgs/msg/Int32,75
1774010218.4843218,/metrics/pcl/fused/points_in,std_msgs/msg/Int32,42800
1774010218.4843962,/metrics/pcl/fused/processing_ms,std_msgs/msg/Float32,140.07843017578125
1774010218.7800496,/metrics/pcl/fused/detections_count,std_msgs/msg/Int32,77
1774010218.7801468,/metrics/pcl/fused/points_in,std_msgs/msg/Int32,42813
1774010218.780198,/metrics/pcl/fused/processing_ms,std_msgs/msg/Float32,139.40989685058594
1774010219.0763617,/metrics/pcl/fused/detections_count,std_msgs/msg/Int32,77
1774010219.07651,/metrics/pcl/fused/points_in,std_msgs/msg/Int32,42876
1774010219.076582,/metrics/pcl/fused/processing_ms,std_msgs/msg/Float32,140.7008514404297
1774010219.3741593,/metrics/pcl/fused/detections_count,std_msgs/msg/Int32,80
1774010219.3742595,/metrics/pcl/fused/points_in,std_msgs/msg/Int32,42823
1774010219.374313,/metrics/pcl/fused/processing_ms,std_msgs/msg/Float32,139.8658905029297
1774010219.677365,/metrics/pcl/fused/detections_count,std_msgs/msg/Int32,76
1774010219.677475,/metrics/pcl/fused/points_in,std_msgs/msg/Int32,42801
1774010219.6775522,/metrics/pcl/fused/processing_ms,std_msgs/msg/Float32,140.82769775390625
1774010219.972148,/metrics/pcl/fused/detections_count,std_msgs/msg/Int32,77
1774010219.9722614,/metrics/pcl/fused/points_in,std_msgs/msg/Int32,42812
1774010219.9723227,/metrics/pcl/fused/processing_ms,std_msgs/msg/Float32,136.6211395263672
1774010220.2700958,/metrics/pcl/fused/detections_count,std_msgs/msg/Int32,80
1774010220.270208,/metrics/pcl/fused/points_in,std_msgs/msg/Int32,42847
1774010220.270271,/metrics/pcl/fused/processing_ms,std_msgs/msg/Float32,137.38682556152344
1774010220.571225,/metrics/pcl/fused/detections_count,std_msgs/msg/Int32,79
1774010220.5713341,/metrics/pcl/fused/points_in,std_msgs/msg/Int32,42796
1774010220.5713959,/metrics/pcl/fused/processing_ms,std_msgs/msg/Float32,138.78367614746094
1774010220.8824053,/metrics/pcl/fused/detections_count,std_msgs/msg/Int32,80
1774010220.8825338,/metrics/pcl/fused/points_in,std_msgs/msg/Int32,42830
1774010220.8825996,/metrics/pcl/fused/processing_ms,std_msgs/msg/Float32,145.49465942382812
1774010221.1795454,/metrics/pcl/fused/detections_count,std_msgs/msg/Int32,83
1774010221.1796846,/metrics/pcl/fused/points_in,std_msgs/msg/Int32,42877
1774010221.1797764,/metrics/pcl/fused/processing_ms,std_msgs/msg/Float32,136.2181396484375
1774010221.4841142,/metrics/pcl/fused/detections_count,std_msgs/msg/Int32,81
1774010221.4842396,/metrics/pcl/fused/points_in,std_msgs/msg/Int32,42821
1774010221.4843178,/metrics/pcl/fused/processing_ms,std_msgs/msg/Float32,140.3163604736328
1774010221.772587,/metrics/pcl/fused/detections_count,std_msgs/msg/Int32,75
1774010221.7726996,/metrics/pcl/fused/points_in,std_msgs/msg/Int32,42721
1774010221.7727544,/metrics/pcl/fused/processing_ms,std_msgs/msg/Float32,139.23345947265625
1774010222.069914,/metrics/pcl/fused/detections_count,std_msgs/msg/Int32,83
1774010222.0700223,/metrics/pcl/fused/points_in,std_msgs/msg/Int32,42908
1774010222.0700843,/metrics/pcl/fused/processing_ms,std_msgs/msg/Float32,138.5984649658203
1774010222.3711476,/metrics/pcl/fused/detections_count,std_msgs/msg/Int32,81
1774010222.3712595,/metrics/pcl/fused/points_in,std_msgs/msg/Int32,42855
1774010222.371323,/metrics/pcl/fused/processing_ms,std_msgs/msg/Float32,139.51138305664062
1774010222.6745095,/metrics/pcl/fused/detections_count,std_msgs/msg/Int32,74
1774010222.6746528,/metrics/pcl/fused/points_in,std_msgs/msg/Int32,42867
1774010222.6747546,/metrics/pcl/fused/processing_ms,std_msgs/msg/Float32,143.08456420898438
1774010222.978706,/metrics/pcl/fused/detections_count,std_msgs/msg/Int32,79
1774010222.978814,/metrics/pcl/fused/points_in,std_msgs/msg/Int32,42789
1774010222.9788866,/metrics/pcl/fused/processing_ms,std_msgs/msg/Float32,141.59927368164062
1774010223.278593,/metrics/pcl/fused/detections_count,std_msgs/msg/Int32,76
1774010223.2787125,/metrics/pcl/fused/points_in,std_msgs/msg/Int32,42729
1774010223.2787857,/metrics/pcl/fused/processing_ms,std_msgs/msg/Float32,139.03472900390625
1774010223.5761857,/metrics/pcl/fused/detections_count,std_msgs/msg/Int32,74
1774010223.576304,/metrics/pcl/fused/points_in,std_msgs/msg/Int32,42811
1774010223.5763664,/metrics/pcl/fused/processing_ms,std_msgs/msg/Float32,140.3677978515625
1774010223.8746507,/metrics/pcl/fused/detections_count,std_msgs/msg/Int32,80
1774010223.874768,/metrics/pcl/fused/points_in,std_msgs/msg/Int32,42796
1774010223.874831,/metrics/pcl/fused/processing_ms,std_msgs/msg/Float32,141.39303588867188
1774010224.1856928,/metrics/pcl/fused/detections_count,std_msgs/msg/Int32,78
1774010224.1858006,/metrics/pcl/fused/points_in,std_msgs/msg/Int32,42747
1774010224.185855,/metrics/pcl/fused/processing_ms,std_msgs/msg/Float32,145.46791076660156
1774010224.4802787,/metrics/pcl/fused/detections_count,std_msgs/msg/Int32,79
1774010224.4803746,/metrics/pcl/fused/points_in,std_msgs/msg/Int32,42783
1774010224.480425,/metrics/pcl/fused/processing_ms,std_msgs/msg/Float32,139.87498474121094
1774010224.77857,/metrics/pcl/fused/detections_count,std_msgs/msg/Int32,80
1774010224.778688,/metrics/pcl/fused/points_in,std_msgs/msg/Int32,42924
1774010224.7787745,/metrics/pcl/fused/processing_ms,std_msgs/msg/Float32,144.50440979003906
1774010225.0735867,/metrics/pcl/fused/detections_count,std_msgs/msg/Int32,81
1774010225.0736964,/metrics/pcl/fused/points_in,std_msgs/msg/Int32,42889
1774010225.073758,/metrics/pcl/fused/processing_ms,std_msgs/msg/Float32,141.48960876464844
1774010225.3756726,/metrics/pcl/fused/detections_count,std_msgs/msg/Int32,80
1774010225.3758245,/metrics/pcl/fused/points_in,std_msgs/msg/Int32,42810
1774010225.3759575,/metrics/pcl/fused/processing_ms,std_msgs/msg/Float32,142.83848571777344
1774010225.6845272,/metrics/pcl/fused/detections_count,std_msgs/msg/Int32,76
1774010225.6846416,/metrics/pcl/fused/points_in,std_msgs/msg/Int32,42743
1774010225.6847034,/metrics/pcl/fused/processing_ms,std_msgs/msg/Float32,152.3223114013672
1774010225.9835732,/metrics/pcl/fused/detections_count,std_msgs/msg/Int32,77
1774010225.9836943,/metrics/pcl/fused/points_in,std_msgs/msg/Int32,42755
1774010225.9837625,/metrics/pcl/fused/processing_ms,std_msgs/msg/Float32,139.69622802734375
1774010226.275996,/metrics/pcl/fused/detections_count,std_msgs/msg/Int32,76
1774010226.2760942,/metrics/pcl/fused/points_in,std_msgs/msg/Int32,42781
1774010226.2761467,/metrics/pcl/fused/processing_ms,std_msgs/msg/Float32,141.75967407226562
1774010226.5765607,/metrics/pcl/fused/detections_count,std_msgs/msg/Int32,77
1774010226.5766556,/metrics/pcl/fused/points_in,std_msgs/msg/Int32,42951
1774010226.5767064,/metrics/pcl/fused/processing_ms,std_msgs/msg/Float32,145.02406311035156
1774010226.8726559,/metrics/pcl/fused/detections_count,std_msgs/msg/Int32,80
1774010226.872777,/metrics/pcl/fused/points_in,std_msgs/msg/Int32,42862
1774010226.8728585,/metrics/pcl/fused/processing_ms,std_msgs/msg/Float32,137.76828002929688
1774010227.1781502,/metrics/pcl/fused/detections_count,std_msgs/msg/Int32,81
1774010227.1782598,/metrics/pcl/fused/points_in,std_msgs/msg/Int32,42851
1774010227.178321,/metrics/pcl/fused/processing_ms,std_msgs/msg/Float32,141.4579620361328
1774010227.4747472,/metrics/pcl/fused/detections_count,std_msgs/msg/Int32,82
1774010227.4748626,/metrics/pcl/fused/points_in,std_msgs/msg/Int32,42798
1774010227.4749672,/metrics/pcl/fused/processing_ms,std_msgs/msg/Float32,139.1331787109375
1774010227.777735,/metrics/pcl/fused/detections_count,std_msgs/msg/Int32,82
1774010227.7778487,/metrics/pcl/fused/points_in,std_msgs/msg/Int32,42778
1774010227.7779279,/metrics/pcl/fused/processing_ms,std_msgs/msg/Float32,137.1794891357422
1774010228.0771136,/metrics/pcl/fused/detections_count,std_msgs/msg/Int32,79
1774010228.0772421,/metrics/pcl/fused/points_in,std_msgs/msg/Int32,42858
1774010228.0773122,/metrics/pcl/fused/processing_ms,std_msgs/msg/Float32,141.77488708496094
1774010228.3796258,/metrics/pcl/fused/detections_count,std_msgs/msg/Int32,86
1774010228.379737,/metrics/pcl/fused/points_in,std_msgs/msg/Int32,42709
1774010228.3798022,/metrics/pcl/fused/processing_ms,std_msgs/msg/Float32,137.717529296875
1774010228.6778345,/metrics/pcl/fused/detections_count,std_msgs/msg/Int32,75
1774010228.6779752,/metrics/pcl/fused/points_in,std_msgs/msg/Int32,42820
1774010228.6780522,/metrics/pcl/fused/processing_ms,std_msgs/msg/Float32,141.2493896484375
1774010228.9782872,/metrics/pcl/fused/detections_count,std_msgs/msg/Int32,78
1774010228.978394,/metrics/pcl/fused/points_in,std_msgs/msg/Int32,42808
1774010228.9784555,/metrics/pcl/fused/processing_ms,std_msgs/msg/Float32,138.37794494628906
1774010229.2752995,/metrics/pcl/fused/detections_count,std_msgs/msg/Int32,79
1774010229.2754097,/metrics/pcl/fused/points_in,std_msgs/msg/Int32,42798
1774010229.2754705,/metrics/pcl/fused/processing_ms,std_msgs/msg/Float32,138.00067138671875
1774010229.5829847,/metrics/pcl/fused/detections_count,std_msgs/msg/Int32,78
1774010229.5831006,/metrics/pcl/fused/points_in,std_msgs/msg/Int32,42855
1774010229.5831656,/metrics/pcl/fused/processing_ms,std_msgs/msg/Float32,141.7037811279297
1774010229.8840644,/metrics/pcl/fused/detections_count,std_msgs/msg/Int32,83
1774010229.8842123,/metrics/pcl/fused/points_in,std_msgs/msg/Int32,42747
1774010229.884289,/metrics/pcl/fused/processing_ms,std_msgs/msg/Float32,137.10948181152344
1774010230.1748674,/metrics/pcl/fused/detections_count,std_msgs/msg/Int32,84
1774010230.174993,/metrics/pcl/fused/points_in,std_msgs/msg/Int32,42828
1774010230.175056,/metrics/pcl/fused/processing_ms,std_msgs/msg/Float32,136.6024169921875
1774010230.4826808,/metrics/pcl/fused/detections_count,std_msgs/msg/Int32,83
1774010230.4828436,/metrics/pcl/fused/points_in,std_msgs/msg/Int32,42774
1774010230.482976,/metrics/pcl/fused/processing_ms,std_msgs/msg/Float32,140.6811981201172
1774010230.7818358,/metrics/pcl/fused/detections_count,std_msgs/msg/Int32,80
1774010230.7819831,/metrics/pcl/fused/points_in,std_msgs/msg/Int32,42813
1774010230.78205,/metrics/pcl/fused/processing_ms,std_msgs/msg/Float32,144.0511016845703
1774010231.085193,/metrics/pcl/fused/detections_count,std_msgs/msg/Int32,78
1774010231.0853145,/metrics/pcl/fused/points_in,std_msgs/msg/Int32,42764
1774010231.0853786,/metrics/pcl/fused/processing_ms,std_msgs/msg/Float32,143.3319854736328
1774010231.3667195,/metrics/pcl/fused/detections_count,std_msgs/msg/Int32,86
1774010231.366836,/metrics/pcl/fused/points_in,std_msgs/msg/Int32,42791
1774010231.3669116,/metrics/pcl/fused/processing_ms,std_msgs/msg/Float32,145.08074951171875
1774010231.6659713,/metrics/pcl/fused/detections_count,std_msgs/msg/Int32,74
1774010231.6660662,/metrics/pcl/fused/points_in,std_msgs/msg/Int32,42837
1774010231.6661193,/metrics/pcl/fused/processing_ms,std_msgs/msg/Float32,142.46144104003906
1774010231.9586017,/metrics/pcl/fused/detections_count,std_msgs/msg/Int32,71
1774010231.9587128,/metrics/pcl/fused/points_in,std_msgs/msg/Int32,42897
1774010231.958775,/metrics/pcl/fused/processing_ms,std_msgs/msg/Float32,141.2840576171875
1774010232.256442,/metrics/pcl/fused/detections_count,std_msgs/msg/Int32,81
1774010232.2565804,/metrics/pcl/fused/points_in,std_msgs/msg/Int32,42820
1774010232.256644,/metrics/pcl/fused/processing_ms,std_msgs/msg/Float32,138.70191955566406
1774010232.5608892,/metrics/pcl/fused/detections_count,std_msgs/msg/Int32,78
1774010232.5610204,/metrics/pcl/fused/points_in,std_msgs/msg/Int32,42886
1774010232.5610824,/metrics/pcl/fused/processing_ms,std_msgs/msg/Float32,143.01895141601562
1774010232.8642936,/metrics/pcl/fused/detections_count,std_msgs/msg/Int32,77
1774010232.8644025,/metrics/pcl/fused/points_in,std_msgs/msg/Int32,42773
1774010232.864465,/metrics/pcl/fused/processing_ms,std_msgs/msg/Float32,142.7117156982422
1774010233.1614285,/metrics/pcl/fused/detections_count,std_msgs/msg/Int32,79
1774010233.1615431,/metrics/pcl/fused/points_in,std_msgs/msg/Int32,42773
1774010233.1616056,/metrics/pcl/fused/processing_ms,std_msgs/msg/Float32,140.45785522460938
1774010233.4590278,/metrics/pcl/fused/detections_count,std_msgs/msg/Int32,84
1774010233.4591377,/metrics/pcl/fused/points_in,std_msgs/msg/Int32,42831
1774010233.4591992,/metrics/pcl/fused/processing_ms,std_msgs/msg/Float32,140.39956665039062
1774010233.7584307,/metrics/pcl/fused/detections_count,std_msgs/msg/Int32,73
1774010233.7585514,/metrics/pcl/fused/points_in,std_msgs/msg/Int32,42788
1774010233.7586272,/metrics/pcl/fused/processing_ms,std_msgs/msg/Float32,140.86277770996094
1774010234.0594752,/metrics/pcl/fused/detections_count,std_msgs/msg/Int32,80
1774010234.0596206,/metrics/pcl/fused/points_in,std_msgs/msg/Int32,42727
1774010234.0596974,/metrics/pcl/fused/processing_ms,std_msgs/msg/Float32,140.54991149902344
1774010234.3828125,/metrics/pcl/fused/detections_count,std_msgs/msg/Int32,79
1774010234.3830361,/metrics/pcl/fused/points_in,std_msgs/msg/Int32,42806
1774010234.3832073,/metrics/pcl/fused/processing_ms,std_msgs/msg/Float32,156.42837524414062
1774010234.6936214,/metrics/pcl/fused/detections_count,std_msgs/msg/Int32,79
1774010234.6937306,/metrics/pcl/fused/points_in,std_msgs/msg/Int32,42700
1774010234.6937928,/metrics/pcl/fused/processing_ms,std_msgs/msg/Float32,151.58485412597656
1774010234.9790125,/metrics/pcl/fused/detections_count,std_msgs/msg/Int32,77
1774010234.9791234,/metrics/pcl/fused/points_in,std_msgs/msg/Int32,42903
1774010234.9791865,/metrics/pcl/fused/processing_ms,std_msgs/msg/Float32,149.50192260742188
1774010235.2927868,/metrics/pcl/fused/detections_count,std_msgs/msg/Int32,79
1774010235.2929516,/metrics/pcl/fused/points_in,std_msgs/msg/Int32,42920
1774010235.293021,/metrics/pcl/fused/processing_ms,std_msgs/msg/Float32,152.01028442382812
1774010235.5934875,/metrics/pcl/fused/detections_count,std_msgs/msg/Int32,80
1774010235.5936873,/metrics/pcl/fused/points_in,std_msgs/msg/Int32,42785
1774010235.5938141,/metrics/pcl/fused/processing_ms,std_msgs/msg/Float32,143.66635131835938
1774010235.8776488,/metrics/pcl/fused/detections_count,std_msgs/msg/Int32,75
1774010235.8777657,/metrics/pcl/fused/points_in,std_msgs/msg/Int32,42806
1774010235.87784,/metrics/pcl/fused/processing_ms,std_msgs/msg/Float32,141.41854858398438
1774010236.1778526,/metrics/pcl/fused/detections_count,std_msgs/msg/Int32,81
1774010236.1780055,/metrics/pcl/fused/points_in,std_msgs/msg/Int32,42830
1774010236.1780684,/metrics/pcl/fused/processing_ms,std_msgs/msg/Float32,146.37083435058594
1774010236.4698315,/metrics/pcl/fused/detections_count,std_msgs/msg/Int32,73
1774010236.4699636,/metrics/pcl/fused/points_in,std_msgs/msg/Int32,42833
1774010236.4700284,/metrics/pcl/fused/processing_ms,std_msgs/msg/Float32,140.80047607421875
1774010236.7694514,/metrics/pcl/fused/detections_count,std_msgs/msg/Int32,80
1774010236.7695596,/metrics/pcl/fused/points_in,std_msgs/msg/Int32,42810
1774010236.7696216,/metrics/pcl/fused/processing_ms,std_msgs/msg/Float32,141.8321075439453
1774010237.067009,/metrics/pcl/fused/detections_count,std_msgs/msg/Int32,78
1774010237.0671606,/metrics/pcl/fused/points_in,std_msgs/msg/Int32,42776
1774010237.06724,/metrics/pcl/fused/processing_ms,std_msgs/msg/Float32,139.5626983642578
1774010237.3736205,/metrics/pcl/fused/detections_count,std_msgs/msg/Int32,80
1774010237.3737378,/metrics/pcl/fused/points_in,std_msgs/msg/Int32,42767
1774010237.3738034,/metrics/pcl/fused/processing_ms,std_msgs/msg/Float32,141.16171264648438
1774010237.6660957,/metrics/pcl/fused/detections_count,std_msgs/msg/Int32,85
1774010237.6662104,/metrics/pcl/fused/points_in,std_msgs/msg/Int32,42810
1774010237.6662745,/metrics/pcl/fused/processing_ms,std_msgs/msg/Float32,140.41407775878906
1774010237.9742422,/metrics/pcl/fused/detections_count,std_msgs/msg/Int32,77
1774010237.9743588,/metrics/pcl/fused/points_in,std_msgs/msg/Int32,42819
1774010237.974436,/metrics/pcl/fused/processing_ms,std_msgs/msg/Float32,141.77630615234375
1774010238.2689772,/metrics/pcl/fused/detections_count,std_msgs/msg/Int32,71
1774010238.2690918,/metrics/pcl/fused/points_in,std_msgs/msg/Int32,42754
1774010238.2691557,/metrics/pcl/fused/processing_ms,std_msgs/msg/Float32,142.1489715576172
1774010238.5696285,/metrics/pcl/fused/detections_count,std_msgs/msg/Int32,69
1774010238.5697498,/metrics/pcl/fused/points_in,std_msgs/msg/Int32,42749
1774010238.5698333,/metrics/pcl/fused/processing_ms,std_msgs/msg/Float32,141.7982940673828
1774010238.8722436,/metrics/pcl/fused/detections_count,std_msgs/msg/Int32,82
1774010238.8723652,/metrics/pcl/fused/points_in,std_msgs/msg/Int32,42815
1774010238.8724296,/metrics/pcl/fused/processing_ms,std_msgs/msg/Float32,143.23915100097656
1774010239.1698194,/metrics/pcl/fused/detections_count,std_msgs/msg/Int32,79
1774010239.1699557,/metrics/pcl/fused/points_in,std_msgs/msg/Int32,42802
1774010239.1700232,/metrics/pcl/fused/processing_ms,std_msgs/msg/Float32,142.36691284179688
1774010239.4760246,/metrics/pcl/fused/detections_count,std_msgs/msg/Int32,79
1774010239.4761698,/metrics/pcl/fused/points_in,std_msgs/msg/Int32,42820
1774010239.476243,/metrics/pcl/fused/processing_ms,std_msgs/msg/Float32,142.94515991210938
1774010239.7734556,/metrics/pcl/fused/detections_count,std_msgs/msg/Int32,84
1774010239.7736046,/metrics/pcl/fused/points_in,std_msgs/msg/Int32,42765
1774010239.7736797,/metrics/pcl/fused/processing_ms,std_msgs/msg/Float32,139.98931884765625
1774010240.0726113,/metrics/pcl/fused/detections_count,std_msgs/msg/Int32,81
1774010240.0727127,/metrics/pcl/fused/points_in,std_msgs/msg/Int32,42737
1774010240.0727649,/metrics/pcl/fused/processing_ms,std_msgs/msg/Float32,140.48097229003906
1774010240.3672147,/metrics/pcl/fused/detections_count,std_msgs/msg/Int32,79
1774010240.3673298,/metrics/pcl/fused/points_in,std_msgs/msg/Int32,42680
1774010240.3673935,/metrics/pcl/fused/processing_ms,std_msgs/msg/Float32,140.21450805664062
1774010240.6670244,/metrics/pcl/fused/detections_count,std_msgs/msg/Int32,87
1774010240.6671188,/metrics/pcl/fused/points_in,std_msgs/msg/Int32,42912
1774010240.66717,/metrics/pcl/fused/processing_ms,std_msgs/msg/Float32,139.55345153808594
1774010240.9617605,/metrics/pcl/fused/detections_count,std_msgs/msg/Int32,81
1774010240.961854,/metrics/pcl/fused/points_in,std_msgs/msg/Int32,42676
1774010240.9619179,/metrics/pcl/fused/processing_ms,std_msgs/msg/Float32,135.72116088867188
1774010241.2656176,/metrics/pcl/fused/detections_count,std_msgs/msg/Int32,83
1774010241.2657316,/metrics/pcl/fused/points_in,std_msgs/msg/Int32,42785
1774010241.2657964,/metrics/pcl/fused/processing_ms,std_msgs/msg/Float32,137.75167846679688
1774010241.5688632,/metrics/pcl/fused/detections_count,std_msgs/msg/Int32,78
1774010241.569031,/metrics/pcl/fused/points_in,std_msgs/msg/Int32,42865
1774010241.5691123,/metrics/pcl/fused/processing_ms,std_msgs/msg/Float32,140.4906768798828
1774010241.8760014,/metrics/pcl/fused/detections_count,std_msgs/msg/Int32,80
1774010241.8761106,/metrics/pcl/fused/points_in,std_msgs/msg/Int32,42892
1774010241.8761725,/metrics/pcl/fused/processing_ms,std_msgs/msg/Float32,141.45907592773438
1774010242.169113,/metrics/pcl/fused/detections_count,std_msgs/msg/Int32,82
1774010242.1692314,/metrics/pcl/fused/points_in,std_msgs/msg/Int32,42826
1774010242.169312,/metrics/pcl/fused/processing_ms,std_msgs/msg/Float32,138.1547393798828
1774010242.4696321,/metrics/pcl/fused/detections_count,std_msgs/msg/Int32,75
1774010242.4697437,/metrics/pcl/fused/points_in,std_msgs/msg/Int32,42747
1774010242.4698074,/metrics/pcl/fused/processing_ms,std_msgs/msg/Float32,139.92233276367188
1774010242.7645295,/metrics/pcl/fused/detections_count,std_msgs/msg/Int32,79
1774010242.7646513,/metrics/pcl/fused/points_in,std_msgs/msg/Int32,42785
1774010242.7647142,/metrics/pcl/fused/processing_ms,std_msgs/msg/Float32,139.7085418701172
1774010243.0643978,/metrics/pcl/fused/detections_count,std_msgs/msg/Int32,78
1774010243.0645084,/metrics/pcl/fused/points_in,std_msgs/msg/Int32,42792
1774010243.0645597,/metrics/pcl/fused/processing_ms,std_msgs/msg/Float32,138.72337341308594
1774010243.3735201,/metrics/pcl/fused/detections_count,std_msgs/msg/Int32,72
1774010243.3736398,/metrics/pcl/fused/points_in,std_msgs/msg/Int32,42814
1774010243.3737018,/metrics/pcl/fused/processing_ms,std_msgs/msg/Float32,146.5097198486328
1774010243.6661463,/metrics/pcl/fused/detections_count,std_msgs/msg/Int32,74
1774010243.6662705,/metrics/pcl/fused/points_in,std_msgs/msg/Int32,42788
1774010243.666333,/metrics/pcl/fused/processing_ms,std_msgs/msg/Float32,140.22235107421875
1774010243.9707696,/metrics/pcl/fused/detections_count,std_msgs/msg/Int32,75
1774010243.970893,/metrics/pcl/fused/processing_ms,std_msgs/msg/Float32,140.69842529296875
1774010243.9711525,/metrics/pcl/fused/points_in,std_msgs/msg/Int32,42759
1774010244.2678072,/metrics/pcl/fused/detections_count,std_msgs/msg/Int32,81
1774010244.2679563,/metrics/pcl/fused/points_in,std_msgs/msg/Int32,42768
1774010244.2680457,/metrics/pcl/fused/processing_ms,std_msgs/msg/Float32,142.58668518066406
1774010244.570393,/metrics/pcl/fused/detections_count,std_msgs/msg/Int32,74
1774010244.5705009,/metrics/pcl/fused/points_in,std_msgs/msg/Int32,42837
1774010244.570564,/metrics/pcl/fused/processing_ms,std_msgs/msg/Float32,143.65713500976562
1774010244.8650384,/metrics/pcl/fused/detections_count,std_msgs/msg/Int32,80
1774010244.8651502,/metrics/pcl/fused/points_in,std_msgs/msg/Int32,42783
1774010244.865215,/metrics/pcl/fused/processing_ms,std_msgs/msg/Float32,140.41900634765625
1774010245.1692145,/metrics/pcl/fused/detections_count,std_msgs/msg/Int32,78
1774010245.169337,/metrics/pcl/fused/points_in,std_msgs/msg/Int32,42754
1774010245.1694033,/metrics/pcl/fused/processing_ms,std_msgs/msg/Float32,141.759033203125
1774010245.4680383,/metrics/pcl/fused/detections_count,std_msgs/msg/Int32,77
1774010245.46815,/metrics/pcl/fused/points_in,std_msgs/msg/Int32,42847
1774010245.4682128,/metrics/pcl/fused/processing_ms,std_msgs/msg/Float32,141.53778076171875
1774010245.7753656,/metrics/pcl/fused/detections_count,std_msgs/msg/Int32,79
1774010245.7755089,/metrics/pcl/fused/points_in,std_msgs/msg/Int32,42780
1774010245.775597,/metrics/pcl/fused/processing_ms,std_msgs/msg/Float32,147.97650146484375
1774010246.0723672,/metrics/pcl/fused/detections_count,std_msgs/msg/Int32,76
1774010246.0724974,/metrics/pcl/fused/points_in,std_msgs/msg/Int32,42893
1774010246.0725746,/metrics/pcl/fused/processing_ms,std_msgs/msg/Float32,141.72679138183594
1774010246.3809314,/metrics/pcl/fused/detections_count,std_msgs/msg/Int32,84
1774010246.3810585,/metrics/pcl/fused/points_in,std_msgs/msg/Int32,42765
1774010246.381139,/metrics/pcl/fused/processing_ms,std_msgs/msg/Float32,144.55955505371094
1774010246.6678026,/metrics/pcl/fused/detections_count,std_msgs/msg/Int32,86
1774010246.6679893,/metrics/pcl/fused/points_in,std_msgs/msg/Int32,42714
1774010246.6681051,/metrics/pcl/fused/processing_ms,std_msgs/msg/Float32,138.9635772705078
1774010246.9761696,/metrics/pcl/fused/detections_count,std_msgs/msg/Int32,76
1774010246.9762793,/metrics/pcl/fused/points_in,std_msgs/msg/Int32,42903
1774010246.9763417,/metrics/pcl/fused/processing_ms,std_msgs/msg/Float32,140.86380004882812
1774010247.2687197,/metrics/pcl/fused/detections_count,std_msgs/msg/Int32,80
1774010247.2688277,/metrics/pcl/fused/points_in,std_msgs/msg/Int32,42749
1774010247.2689037,/metrics/pcl/fused/processing_ms,std_msgs/msg/Float32,141.39712524414062
1774010247.5763686,/metrics/pcl/fused/detections_count,std_msgs/msg/Int32,82
1774010247.5764806,/metrics/pcl/fused/points_in,std_msgs/msg/Int32,42838
1774010247.5765424,/metrics/pcl/fused/processing_ms,std_msgs/msg/Float32,146.2115020751953
1774010247.872976,/metrics/pcl/fused/detections_count,std_msgs/msg/Int32,75
1774010247.8730927,/metrics/pcl/fused/points_in,std_msgs/msg/Int32,42906
1774010247.8731472,/metrics/pcl/fused/processing_ms,std_msgs/msg/Float32,141.6071014404297
1774010248.1749802,/metrics/pcl/fused/detections_count,std_msgs/msg/Int32,79
1774010248.1750963,/metrics/pcl/fused/points_in,std_msgs/msg/Int32,42864
1774010248.1751587,/metrics/pcl/fused/processing_ms,std_msgs/msg/Float32,140.5408172607422
1774010248.4629455,/metrics/pcl/fused/detections_count,std_msgs/msg/Int32,79
1774010248.463067,/metrics/pcl/fused/points_in,std_msgs/msg/Int32,42817
1774010248.463143,/metrics/pcl/fused/processing_ms,std_msgs/msg/Float32,138.34288024902344
1774010248.7740448,/metrics/pcl/fused/detections_count,std_msgs/msg/Int32,80
1774010248.774167,/metrics/pcl/fused/points_in,std_msgs/msg/Int32,42817
1774010248.7742307,/metrics/pcl/fused/processing_ms,std_msgs/msg/Float32,141.2047576904297
1774010249.0730689,/metrics/pcl/fused/detections_count,std_msgs/msg/Int32,80
1774010249.0731807,/metrics/pcl/fused/points_in,std_msgs/msg/Int32,42772
1774010249.0732412,/metrics/pcl/fused/processing_ms,std_msgs/msg/Float32,139.79307556152344
1774010249.3713214,/metrics/pcl/fused/detections_count,std_msgs/msg/Int32,84
1774010249.371431,/metrics/pcl/fused/points_in,std_msgs/msg/Int32,42904
1774010249.371493,/metrics/pcl/fused/processing_ms,std_msgs/msg/Float32,140.0299530029297
1774010249.6750183,/metrics/pcl/fused/detections_count,std_msgs/msg/Int32,77
1774010249.6751294,/metrics/pcl/fused/points_in,std_msgs/msg/Int32,42672
1774010249.6752026,/metrics/pcl/fused/processing_ms,std_msgs/msg/Float32,142.5069580078125
1774010249.9724607,/metrics/pcl/fused/detections_count,std_msgs/msg/Int32,79
1774010249.97257,/metrics/pcl/fused/points_in,std_msgs/msg/Int32,42887
1774010249.97263,/metrics/pcl/fused/processing_ms,std_msgs/msg/Float32,141.95449829101562
1774010250.2758994,/metrics/pcl/fused/detections_count,std_msgs/msg/Int32,76
1774010250.276011,/metrics/pcl/fused/points_in,std_msgs/msg/Int32,42886
1774010250.276074,/metrics/pcl/fused/processing_ms,std_msgs/msg/Float32,140.8472137451172
1774010250.5738459,/metrics/pcl/fused/detections_count,std_msgs/msg/Int32,72
1774010250.5739832,/metrics/pcl/fused/points_in,std_msgs/msg/Int32,42750
1774010250.5740483,/metrics/pcl/fused/processing_ms,std_msgs/msg/Float32,145.62042236328125
1774010250.8712366,/metrics/pcl/fused/detections_count,std_msgs/msg/Int32,83
1774010250.8713448,/metrics/pcl/fused/points_in,std_msgs/msg/Int32,42819
1774010250.8714068,/metrics/pcl/fused/processing_ms,std_msgs/msg/Float32,141.09793090820312
1774010251.1744747,/metrics/pcl/fused/detections_count,std_msgs/msg/Int32,72
1774010251.1745842,/metrics/pcl/fused/points_in,std_msgs/msg/Int32,42867
1774010251.1746473,/metrics/pcl/fused/processing_ms,std_msgs/msg/Float32,144.55068969726562
1774010251.4740815,/metrics/pcl/fused/detections_count,std_msgs/msg/Int32,83
1774010251.474195,/metrics/pcl/fused/points_in,std_msgs/msg/Int32,42819
1774010251.4742575,/metrics/pcl/fused/processing_ms,std_msgs/msg/Float32,143.9622039794922
1774010251.7804132,/metrics/pcl/fused/detections_count,std_msgs/msg/Int32,82
1774010251.7805233,/metrics/pcl/fused/points_in,std_msgs/msg/Int32,42868
1774010251.780585,/metrics/pcl/fused/processing_ms,std_msgs/msg/Float32,142.52354431152344
1774010252.0702555,/metrics/pcl/fused/detections_count,std_msgs/msg/Int32,74
1774010252.0703568,/metrics/pcl/fused/points_in,std_msgs/msg/Int32,42799
1774010252.0704186,/metrics/pcl/fused/processing_ms,std_msgs/msg/Float32,138.71438598632812
1774010252.3686461,/metrics/pcl/fused/detections_count,std_msgs/msg/Int32,77
1774010252.3687558,/metrics/pcl/fused/points_in,std_msgs/msg/Int32,42777
1774010252.3688164,/metrics/pcl/fused/processing_ms,std_msgs/msg/Float32,140.92276000976562
1774010252.6709816,/metrics/pcl/fused/detections_count,std_msgs/msg/Int32,77
1774010252.6710973,/metrics/pcl/fused/points_in,std_msgs/msg/Int32,42833
1774010252.6711736,/metrics/pcl/fused/processing_ms,std_msgs/msg/Float32,139.53323364257812
1774010252.9781353,/metrics/pcl/fused/detections_count,std_msgs/msg/Int32,75
1774010252.9782507,/metrics/pcl/fused/points_in,std_msgs/msg/Int32,42834
1774010252.9783144,/metrics/pcl/fused/processing_ms,std_msgs/msg/Float32,144.65426635742188
1774010253.2709138,/metrics/pcl/fused/detections_count,std_msgs/msg/Int32,76
1774010253.2710328,/metrics/pcl/fused/points_in,std_msgs/msg/Int32,42726
1774010253.271096,/metrics/pcl/fused/processing_ms,std_msgs/msg/Float32,139.94720458984375
1774010253.5698094,/metrics/pcl/fused/detections_count,std_msgs/msg/Int32,78
1774010253.5699425,/metrics/pcl/fused/points_in,std_msgs/msg/Int32,42781
1774010253.57001,/metrics/pcl/fused/processing_ms,std_msgs/msg/Float32,140.56607055664062
1774010253.870126,/metrics/pcl/fused/detections_count,std_msgs/msg/Int32,78
1774010253.8702357,/metrics/pcl/fused/points_in,std_msgs/msg/Int32,42971
1774010253.8702965,/metrics/pcl/fused/processing_ms,std_msgs/msg/Float32,140.19232177734375
1774010254.172274,/metrics/pcl/fused/detections_count,std_msgs/msg/Int32,76
1774010254.172382,/metrics/pcl/fused/points_in,std_msgs/msg/Int32,42850
1774010254.1724436,/metrics/pcl/fused/processing_ms,std_msgs/msg/Float32,140.41307067871094
1774010254.483115,/metrics/pcl/fused/detections_count,std_msgs/msg/Int32,78
1774010254.4832442,/metrics/pcl/fused/points_in,std_msgs/msg/Int32,42886
1774010254.483318,/metrics/pcl/fused/processing_ms,std_msgs/msg/Float32,151.8930206298828
1774010254.7944944,/metrics/pcl/fused/detections_count,std_msgs/msg/Int32,76
1774010254.7946217,/metrics/pcl/fused/points_in,std_msgs/msg/Int32,42891
1774010254.7946858,/metrics/pcl/fused/processing_ms,std_msgs/msg/Float32,140.32540893554688
1774010255.1112225,/metrics/pcl/fused/detections_count,std_msgs/msg/Int32,82
1774010255.111329,/metrics/pcl/fused/points_in,std_msgs/msg/Int32,42828
1774010255.111393,/metrics/pcl/fused/processing_ms,std_msgs/msg/Float32,145.62860107421875
1774010255.4008117,/metrics/pcl/fused/detections_count,std_msgs/msg/Int32,74
1774010255.4009492,/metrics/pcl/fused/points_in,std_msgs/msg/Int32,42837
1774010255.4010391,/metrics/pcl/fused/processing_ms,std_msgs/msg/Float32,156.1051788330078
1774010255.6825967,/metrics/pcl/fused/detections_count,std_msgs/msg/Int32,79
1774010255.6827083,/metrics/pcl/fused/points_in,std_msgs/msg/Int32,42886
1774010255.6827707,/metrics/pcl/fused/processing_ms,std_msgs/msg/Float32,142.56312561035156
1774010255.9693396,/metrics/pcl/fused/detections_count,std_msgs/msg/Int32,73
1774010255.969468,/metrics/pcl/fused/points_in,std_msgs/msg/Int32,42816
1774010255.9695477,/metrics/pcl/fused/processing_ms,std_msgs/msg/Float32,144.99171447753906
1774010256.2657866,/metrics/pcl/fused/detections_count,std_msgs/msg/Int32,75
1774010256.265912,/metrics/pcl/fused/points_in,std_msgs/msg/Int32,42886
1774010256.2660022,/metrics/pcl/fused/processing_ms,std_msgs/msg/Float32,142.3015899658203
1774010256.5725696,/metrics/pcl/fused/detections_count,std_msgs/msg/Int32,82
1774010256.5727067,/metrics/pcl/fused/points_in,std_msgs/msg/Int32,42839
1774010256.5727835,/metrics/pcl/fused/processing_ms,std_msgs/msg/Float32,144.8010711669922
1774010256.8647208,/metrics/pcl/fused/detections_count,std_msgs/msg/Int32,77
1774010256.8648312,/metrics/pcl/fused/points_in,std_msgs/msg/Int32,42797
1774010256.8649213,/metrics/pcl/fused/processing_ms,std_msgs/msg/Float32,139.55470275878906
1774010257.156328,/metrics/pcl/fused/detections_count,std_msgs/msg/Int32,84
1774010257.1564448,/metrics/pcl/fused/points_in,std_msgs/msg/Int32,42822
1774010257.1565301,/metrics/pcl/fused/processing_ms,std_msgs/msg/Float32,138.92999267578125
1774010257.4635968,/metrics/pcl/fused/detections_count,std_msgs/msg/Int32,75
1774010257.4637043,/metrics/pcl/fused/points_in,std_msgs/msg/Int32,42759
1774010257.4637663,/metrics/pcl/fused/processing_ms,std_msgs/msg/Float32,140.83432006835938
1774010257.762704,/metrics/pcl/fused/detections_count,std_msgs/msg/Int32,83
1774010257.7628176,/metrics/pcl/fused/points_in,std_msgs/msg/Int32,42834
1774010257.762892,/metrics/pcl/fused/processing_ms,std_msgs/msg/Float32,141.80323791503906
1774010258.0592327,/metrics/pcl/fused/detections_count,std_msgs/msg/Int32,71
1774010258.0593584,/metrics/pcl/fused/points_in,std_msgs/msg/Int32,42934
1774010258.0594225,/metrics/pcl/fused/processing_ms,std_msgs/msg/Float32,142.3343963623047
1774010258.357988,/metrics/pcl/fused/detections_count,std_msgs/msg/Int32,77
1774010258.3580933,/metrics/pcl/fused/points_in,std_msgs/msg/Int32,42878
1774010258.3581583,/metrics/pcl/fused/processing_ms,std_msgs/msg/Float32,139.91177368164062
1774010258.6706285,/metrics/pcl/fused/detections_count,std_msgs/msg/Int32,75
1774010258.67075,/metrics/pcl/fused/points_in,std_msgs/msg/Int32,42909
1774010258.6708202,/metrics/pcl/fused/processing_ms,std_msgs/msg/Float32,143.41278076171875
1774010258.9650085,/metrics/pcl/fused/detections_count,std_msgs/msg/Int32,72
1774010258.965125,/metrics/pcl/fused/points_in,std_msgs/msg/Int32,42761
1774010258.965192,/metrics/pcl/fused/processing_ms,std_msgs/msg/Float32,141.99916076660156
1774010259.2620685,/metrics/pcl/fused/detections_count,std_msgs/msg/Int32,74
1774010259.2621808,/metrics/pcl/fused/points_in,std_msgs/msg/Int32,42804
1774010259.2622516,/metrics/pcl/fused/processing_ms,std_msgs/msg/Float32,144.04042053222656
1774010259.5713701,/metrics/pcl/fused/detections_count,std_msgs/msg/Int32,80
1774010259.5714777,/metrics/pcl/fused/points_in,std_msgs/msg/Int32,42740
1774010259.5715392,/metrics/pcl/fused/processing_ms,std_msgs/msg/Float32,145.91439819335938
1774010259.8649685,/metrics/pcl/fused/detections_count,std_msgs/msg/Int32,79
1774010259.865089,/metrics/pcl/fused/points_in,std_msgs/msg/Int32,42677
1774010259.8651543,/metrics/pcl/fused/processing_ms,std_msgs/msg/Float32,145.70382690429688
1774010260.1607246,/metrics/pcl/fused/detections_count,std_msgs/msg/Int32,78
1774010260.1608295,/metrics/pcl/fused/points_in,std_msgs/msg/Int32,42777
1774010260.1609027,/metrics/pcl/fused/processing_ms,std_msgs/msg/Float32,141.48500061035156
1774010260.463522,/metrics/pcl/fused/detections_count,std_msgs/msg/Int32,76
1774010260.4636304,/metrics/pcl/fused/points_in,std_msgs/msg/Int32,42806
1774010260.4636912,/metrics/pcl/fused/processing_ms,std_msgs/msg/Float32,141.0369873046875
1774010260.7709675,/metrics/pcl/fused/detections_count,std_msgs/msg/Int32,76
1774010260.771072,/metrics/pcl/fused/points_in,std_msgs/msg/Int32,42917
1774010260.7711327,/metrics/pcl/fused/processing_ms,std_msgs/msg/Float32,143.58799743652344
1774010261.064331,/metrics/pcl/fused/detections_count,std_msgs/msg/Int32,76
1774010261.0644398,/metrics/pcl/fused/points_in,std_msgs/msg/Int32,42925
1774010261.064516,/metrics/pcl/fused/processing_ms,std_msgs/msg/Float32,140.6305694580078
1774010261.3631392,/metrics/pcl/fused/detections_count,std_msgs/msg/Int32,80
1774010261.3632476,/metrics/pcl/fused/points_in,std_msgs/msg/Int32,42990
1774010261.3633082,/metrics/pcl/fused/processing_ms,std_msgs/msg/Float32,139.04464721679688
1774010261.6714153,/metrics/pcl/fused/detections_count,std_msgs/msg/Int32,80
1774010261.671565,/metrics/pcl/fused/points_in,std_msgs/msg/Int32,42845
1774010261.6716459,/metrics/pcl/fused/processing_ms,std_msgs/msg/Float32,148.63169860839844
1774010261.9763744,/metrics/pcl/fused/detections_count,std_msgs/msg/Int32,79
1774010261.9764822,/metrics/pcl/fused/points_in,std_msgs/msg/Int32,42854
1774010261.9765425,/metrics/pcl/fused/processing_ms,std_msgs/msg/Float32,143.45419311523438
1774010262.2623684,/metrics/pcl/fused/detections_count,std_msgs/msg/Int32,81
1774010262.2624738,/metrics/pcl/fused/points_in,std_msgs/msg/Int32,42842
1774010262.2625344,/metrics/pcl/fused/processing_ms,std_msgs/msg/Float32,139.59425354003906
1774010262.565983,/metrics/pcl/fused/detections_count,std_msgs/msg/Int32,79
1774010262.56614,/metrics/pcl/fused/points_in,std_msgs/msg/Int32,42778
1774010262.5662038,/metrics/pcl/fused/processing_ms,std_msgs/msg/Float32,142.6977996826172
1774010262.8749492,/metrics/pcl/fused/detections_count,std_msgs/msg/Int32,83
1774010262.8750463,/metrics/pcl/fused/points_in,std_msgs/msg/Int32,42933
1774010262.8750982,/metrics/pcl/fused/processing_ms,std_msgs/msg/Float32,137.5557098388672
1774010263.1694937,/metrics/pcl/fused/detections_count,std_msgs/msg/Int32,82
1774010263.1696022,/metrics/pcl/fused/points_in,std_msgs/msg/Int32,42839
1774010263.1696746,/metrics/pcl/fused/processing_ms,std_msgs/msg/Float32,145.22633361816406
1774010263.481757,/metrics/pcl/fused/detections_count,std_msgs/msg/Int32,74
1774010263.4818661,/metrics/pcl/fused/points_in,std_msgs/msg/Int32,42866
1774010263.4819686,/metrics/pcl/fused/processing_ms,std_msgs/msg/Float32,146.11170959472656
1774010263.7836275,/metrics/pcl/fused/detections_count,std_msgs/msg/Int32,75
1774010263.783733,/metrics/pcl/fused/points_in,std_msgs/msg/Int32,42925
1774010263.7838078,/metrics/pcl/fused/processing_ms,std_msgs/msg/Float32,149.1473388671875
1774010264.0722098,/metrics/pcl/fused/detections_count,std_msgs/msg/Int32,81
1774010264.072351,/metrics/pcl/fused/points_in,std_msgs/msg/Int32,42804
1774010264.0724294,/metrics/pcl/fused/processing_ms,std_msgs/msg/Float32,139.86068725585938
1774010264.364269,/metrics/pcl/fused/detections_count,std_msgs/msg/Int32,77
1774010264.3643944,/metrics/pcl/fused/points_in,std_msgs/msg/Int32,42916
1774010264.3644562,/metrics/pcl/fused/processing_ms,std_msgs/msg/Float32,141.0692138671875
1774010264.6652422,/metrics/pcl/fused/detections_count,std_msgs/msg/Int32,77
1774010264.665351,/metrics/pcl/fused/points_in,std_msgs/msg/Int32,42877
1774010264.665413,/metrics/pcl/fused/processing_ms,std_msgs/msg/Float32,140.30189514160156
1774010264.9638963,/metrics/pcl/fused/detections_count,std_msgs/msg/Int32,83
1774010264.9640152,/metrics/pcl/fused/points_in,std_msgs/msg/Int32,42804
1774010264.9640772,/metrics/pcl/fused/processing_ms,std_msgs/msg/Float32,139.80270385742188
1774010265.2660198,/metrics/pcl/fused/detections_count,std_msgs/msg/Int32,81
1774010265.26613,/metrics/pcl/fused/points_in,std_msgs/msg/Int32,42948
1774010265.2661934,/metrics/pcl/fused/processing_ms,std_msgs/msg/Float32,141.35386657714844
1774010265.566668,/metrics/pcl/fused/detections_count,std_msgs/msg/Int32,77
1774010265.5667756,/metrics/pcl/fused/points_in,std_msgs/msg/Int32,42911
1774010265.566838,/metrics/pcl/fused/processing_ms,std_msgs/msg/Float32,140.53085327148438
1774010265.8690267,/metrics/pcl/fused/detections_count,std_msgs/msg/Int32,75
1774010265.8691244,/metrics/pcl/fused/points_in,std_msgs/msg/Int32,42884
1774010265.8691792,/metrics/pcl/fused/processing_ms,std_msgs/msg/Float32,143.17648315429688
1774010266.17202,/metrics/pcl/fused/detections_count,std_msgs/msg/Int32,79
1774010266.172121,/metrics/pcl/fused/points_in,std_msgs/msg/Int32,42939
1774010266.1721737,/metrics/pcl/fused/processing_ms,std_msgs/msg/Float32,139.90582275390625
1774010266.4674294,/metrics/pcl/fused/detections_count,std_msgs/msg/Int32,80
1774010266.4675379,/metrics/pcl/fused/points_in,std_msgs/msg/Int32,42885
1774010266.4675992,/metrics/pcl/fused/processing_ms,std_msgs/msg/Float32,138.39512634277344
1774010266.7655995,/metrics/pcl/fused/detections_count,std_msgs/msg/Int32,80
1774010266.765707,/metrics/pcl/fused/points_in,std_msgs/msg/Int32,42890
1774010266.7657657,/metrics/pcl/fused/processing_ms,std_msgs/msg/Float32,140.65304565429688
1774010267.0712624,/metrics/pcl/fused/detections_count,std_msgs/msg/Int32,85
1774010267.0713751,/metrics/pcl/fused/points_in,std_msgs/msg/Int32,42898
1774010267.0714376,/metrics/pcl/fused/processing_ms,std_msgs/msg/Float32,141.49444580078125
1774010267.3688295,/metrics/pcl/fused/detections_count,std_msgs/msg/Int32,79
1774010267.3689582,/metrics/pcl/fused/points_in,std_msgs/msg/Int32,42908
1774010267.3690379,/metrics/pcl/fused/processing_ms,std_msgs/msg/Float32,140.4326934814453
1774010267.6683455,/metrics/pcl/fused/detections_count,std_msgs/msg/Int32,86
1774010267.6684656,/metrics/pcl/fused/points_in,std_msgs/msg/Int32,42929
1774010267.668528,/metrics/pcl/fused/processing_ms,std_msgs/msg/Float32,141.1007080078125
1774010267.9677012,/metrics/pcl/fused/detections_count,std_msgs/msg/Int32,76
1774010267.9678109,/metrics/pcl/fused/points_in,std_msgs/msg/Int32,42854
1774010267.9678822,/metrics/pcl/fused/processing_ms,std_msgs/msg/Float32,138.7078857421875
1774010268.2697022,/metrics/pcl/fused/detections_count,std_msgs/msg/Int32,81
1774010268.2697995,/metrics/pcl/fused/points_in,std_msgs/msg/Int32,42883
1774010268.2698503,/metrics/pcl/fused/processing_ms,std_msgs/msg/Float32,138.47183227539062
1774010268.576302,/metrics/pcl/fused/detections_count,std_msgs/msg/Int32,74
1774010268.5764115,/metrics/pcl/fused/points_in,std_msgs/msg/Int32,42885
1774010268.5764728,/metrics/pcl/fused/processing_ms,std_msgs/msg/Float32,142.6886444091797
1774010268.8719792,/metrics/pcl/fused/detections_count,std_msgs/msg/Int32,77
1774010268.872098,/metrics/pcl/fused/points_in,std_msgs/msg/Int32,42832
1774010268.8721597,/metrics/pcl/fused/processing_ms,std_msgs/msg/Float32,142.1251678466797
1774010269.170995,/metrics/pcl/fused/detections_count,std_msgs/msg/Int32,82
1774010269.1711202,/metrics/pcl/fused/points_in,std_msgs/msg/Int32,42807
1774010269.1711795,/metrics/pcl/fused/processing_ms,std_msgs/msg/Float32,141.10684204101562
1774010269.481767,/metrics/pcl/fused/detections_count,std_msgs/msg/Int32,76
1774010269.4818957,/metrics/pcl/fused/points_in,std_msgs/msg/Int32,42928
1774010269.481975,/metrics/pcl/fused/processing_ms,std_msgs/msg/Float32,140.2032012939453
1774010269.7642877,/metrics/pcl/fused/detections_count,std_msgs/msg/Int32,76
1774010269.764408,/metrics/pcl/fused/points_in,std_msgs/msg/Int32,42919
1774010269.76447,/metrics/pcl/fused/processing_ms,std_msgs/msg/Float32,137.94668579101562
1774010270.0625255,/metrics/pcl/fused/detections_count,std_msgs/msg/Int32,82
1774010270.0626469,/metrics/pcl/fused/points_in,std_msgs/msg/Int32,42889
1774010270.0627115,/metrics/pcl/fused/processing_ms,std_msgs/msg/Float32,139.51806640625
1774010270.365241,/metrics/pcl/fused/detections_count,std_msgs/msg/Int32,79
1774010270.3653488,/metrics/pcl/fused/points_in,std_msgs/msg/Int32,42842
1774010270.3654106,/metrics/pcl/fused/processing_ms,std_msgs/msg/Float32,139.9267578125
1774010270.713855,/metrics/pcl/fused/detections_count,std_msgs/msg/Int32,78
1774010270.7140048,/metrics/pcl/fused/points_in,std_msgs/msg/Int32,42882
1774010270.7140932,/metrics/pcl/fused/processing_ms,std_msgs/msg/Float32,171.26065063476562
1774010271.0253708,/metrics/pcl/fused/detections_count,std_msgs/msg/Int32,81
1774010271.0254836,/metrics/pcl/fused/points_in,std_msgs/msg/Int32,42798
1774010271.0255473,/metrics/pcl/fused/processing_ms,std_msgs/msg/Float32,142.716064453125
1774010271.2761672,/metrics/pcl/fused/detections_count,std_msgs/msg/Int32,77
1774010271.2762754,/metrics/pcl/fused/points_in,std_msgs/msg/Int32,42872
1774010271.276344,/metrics/pcl/fused/processing_ms,std_msgs/msg/Float32,147.4404296875
1774010271.5765154,/metrics/pcl/fused/detections_count,std_msgs/msg/Int32,76
1774010271.576661,/metrics/pcl/fused/points_in,std_msgs/msg/Int32,42943
1774010271.576748,/metrics/pcl/fused/processing_ms,std_msgs/msg/Float32,141.05514526367188
1774010271.868058,/metrics/pcl/fused/detections_count,std_msgs/msg/Int32,84
1774010271.8681676,/metrics/pcl/fused/points_in,std_msgs/msg/Int32,42837
1774010271.8682296,/metrics/pcl/fused/processing_ms,std_msgs/msg/Float32,140.42544555664062
1774010272.1787958,/metrics/pcl/fused/detections_count,std_msgs/msg/Int32,81
1774010272.1789412,/metrics/pcl/fused/points_in,std_msgs/msg/Int32,42895
1774010272.1790175,/metrics/pcl/fused/processing_ms,std_msgs/msg/Float32,149.11927795410156
1774010272.4798634,/metrics/pcl/fused/detections_count,std_msgs/msg/Int32,76
1774010272.4800427,/metrics/pcl/fused/points_in,std_msgs/msg/Int32,42975
1774010272.4801114,/metrics/pcl/fused/processing_ms,std_msgs/msg/Float32,139.822021484375
1774010272.7702782,/metrics/pcl/fused/detections_count,std_msgs/msg/Int32,75
1774010272.7703872,/metrics/pcl/fused/points_in,std_msgs/msg/Int32,42958
1774010272.77045,/metrics/pcl/fused/processing_ms,std_msgs/msg/Float32,142.33106994628906
1774010273.0685987,/metrics/pcl/fused/detections_count,std_msgs/msg/Int32,74
1774010273.068707,/metrics/pcl/fused/points_in,std_msgs/msg/Int32,42898
1774010273.0687687,/metrics/pcl/fused/processing_ms,std_msgs/msg/Float32,137.9852294921875
1774010273.3733199,/metrics/pcl/fused/detections_count,std_msgs/msg/Int32,78
1774010273.3734348,/metrics/pcl/fused/points_in,std_msgs/msg/Int32,42957
1774010273.3734987,/metrics/pcl/fused/processing_ms,std_msgs/msg/Float32,140.73526000976562
1774010273.6724472,/metrics/pcl/fused/detections_count,std_msgs/msg/Int32,75
1774010273.6725588,/metrics/pcl/fused/points_in,std_msgs/msg/Int32,42897
1774010273.672621,/metrics/pcl/fused/processing_ms,std_msgs/msg/Float32,140.20864868164062
1774010273.972179,/metrics/pcl/fused/detections_count,std_msgs/msg/Int32,78
1774010273.9723034,/metrics/pcl/fused/points_in,std_msgs/msg/Int32,42802
1774010273.9723735,/metrics/pcl/fused/processing_ms,std_msgs/msg/Float32,142.46824645996094
1774010274.2637644,/metrics/pcl/fused/detections_count,std_msgs/msg/Int32,77
1774010274.263887,/metrics/pcl/fused/points_in,std_msgs/msg/Int32,42879
1774010274.2639632,/metrics/pcl/fused/processing_ms,std_msgs/msg/Float32,139.4427032470703
1774010274.5733657,/metrics/pcl/fused/detections_count,std_msgs/msg/Int32,83
1774010274.5735273,/metrics/pcl/fused/points_in,std_msgs/msg/Int32,43013
1774010274.57359,/metrics/pcl/fused/processing_ms,std_msgs/msg/Float32,147.4061279296875
1774010274.8819675,/metrics/pcl/fused/detections_count,std_msgs/msg/Int32,77
1774010274.8820772,/metrics/pcl/fused/points_in,std_msgs/msg/Int32,42968
1774010274.8821366,/metrics/pcl/fused/processing_ms,std_msgs/msg/Float32,142.71331787109375
1774010275.1700418,/metrics/pcl/fused/detections_count,std_msgs/msg/Int32,83
1774010275.1701477,/metrics/pcl/fused/points_in,std_msgs/msg/Int32,43135
1774010275.1702077,/metrics/pcl/fused/processing_ms,std_msgs/msg/Float32,143.7312469482422
1774010275.4655466,/metrics/pcl/fused/detections_count,std_msgs/msg/Int32,76
1774010275.4656549,/metrics/pcl/fused/points_in,std_msgs/msg/Int32,43050
1774010275.4657164,/metrics/pcl/fused/processing_ms,std_msgs/msg/Float32,139.41220092773438
1774010275.7683268,/metrics/pcl/fused/detections_count,std_msgs/msg/Int32,75
1774010275.7684338,/metrics/pcl/fused/points_in,std_msgs/msg/Int32,42917
1774010275.7685068,/metrics/pcl/fused/processing_ms,std_msgs/msg/Float32,142.55528259277344
1774010276.0759225,/metrics/pcl/fused/detections_count,std_msgs/msg/Int32,72
1774010276.0760305,/metrics/pcl/fused/points_in,std_msgs/msg/Int32,42789
1774010276.0760913,/metrics/pcl/fused/processing_ms,std_msgs/msg/Float32,140.949462890625
1774010276.3695168,/metrics/pcl/fused/detections_count,std_msgs/msg/Int32,83
1774010276.3696263,/metrics/pcl/fused/points_in,std_msgs/msg/Int32,42867
1774010276.3696887,/metrics/pcl/fused/processing_ms,std_msgs/msg/Float32,138.96119689941406
1774010276.6691391,/metrics/pcl/fused/detections_count,std_msgs/msg/Int32,79
1774010276.6692455,/metrics/pcl/fused/points_in,std_msgs/msg/Int32,42972
1774010276.6693065,/metrics/pcl/fused/processing_ms,std_msgs/msg/Float32,141.52920532226562
1774010276.971541,/metrics/pcl/fused/detections_count,std_msgs/msg/Int32,78
1774010276.971651,/metrics/pcl/fused/points_in,std_msgs/msg/Int32,42938
1774010276.9717133,/metrics/pcl/fused/processing_ms,std_msgs/msg/Float32,141.41578674316406
1774010277.2755985,/metrics/pcl/fused/detections_count,std_msgs/msg/Int32,76
1774010277.2756982,/metrics/pcl/fused/points_in,std_msgs/msg/Int32,42874
1774010277.27575,/metrics/pcl/fused/processing_ms,std_msgs/msg/Float32,143.04568481445312
1774010277.5766451,/metrics/pcl/fused/detections_count,std_msgs/msg/Int32,74
1774010277.5767574,/metrics/pcl/fused/points_in,std_msgs/msg/Int32,42858
1774010277.5768363,/metrics/pcl/fused/processing_ms,std_msgs/msg/Float32,142.47598266601562
1774010277.8755503,/metrics/pcl/fused/detections_count,std_msgs/msg/Int32,79
1774010277.8756723,/metrics/pcl/fused/points_in,std_msgs/msg/Int32,42925
1774010277.8757286,/metrics/pcl/fused/processing_ms,std_msgs/msg/Float32,140.9994659423828
1774010278.1787884,/metrics/pcl/fused/detections_count,std_msgs/msg/Int32,77
1774010278.1789205,/metrics/pcl/fused/points_in,std_msgs/msg/Int32,42786
1774010278.1789877,/metrics/pcl/fused/processing_ms,std_msgs/msg/Float32,141.6735382080078
1774010278.4874701,/metrics/pcl/fused/detections_count,std_msgs/msg/Int32,80
1774010278.4875817,/metrics/pcl/fused/points_in,std_msgs/msg/Int32,42902
1774010278.4876444,/metrics/pcl/fused/processing_ms,std_msgs/msg/Float32,139.76858520507812
1774010278.7820346,/metrics/pcl/fused/detections_count,std_msgs/msg/Int32,77
1774010278.7821445,/metrics/pcl/fused/points_in,std_msgs/msg/Int32,42893
1774010278.7821972,/metrics/pcl/fused/processing_ms,std_msgs/msg/Float32,143.39669799804688
1774010279.0788167,/metrics/pcl/fused/detections_count,std_msgs/msg/Int32,74
1774010279.078948,/metrics/pcl/fused/points_in,std_msgs/msg/Int32,42847
1774010279.0790138,/metrics/pcl/fused/processing_ms,std_msgs/msg/Float32,140.8350372314453
1774010279.3701572,/metrics/pcl/fused/detections_count,std_msgs/msg/Int32,79
1774010279.370265,/metrics/pcl/fused/points_in,std_msgs/msg/Int32,42779
1774010279.3703272,/metrics/pcl/fused/processing_ms,std_msgs/msg/Float32,138.24783325195312
1774010279.6745734,/metrics/pcl/fused/detections_count,std_msgs/msg/Int32,79
1774010279.6746836,/metrics/pcl/fused/points_in,std_msgs/msg/Int32,42824
1774010279.6747448,/metrics/pcl/fused/processing_ms,std_msgs/msg/Float32,139.20855712890625
1774010279.9598017,/metrics/pcl/fused/detections_count,std_msgs/msg/Int32,78
1774010279.9599366,/metrics/pcl/fused/points_in,std_msgs/msg/Int32,42840
1774010279.9600194,/metrics/pcl/fused/processing_ms,std_msgs/msg/Float32,138.3988800048828
1774010280.2650542,/metrics/pcl/fused/detections_count,std_msgs/msg/Int32,76
1774010280.2652,/metrics/pcl/fused/points_in,std_msgs/msg/Int32,42875
1774010280.2652926,/metrics/pcl/fused/processing_ms,std_msgs/msg/Float32,140.2218475341797
1774010280.563253,/metrics/pcl/fused/detections_count,std_msgs/msg/Int32,83
1774010280.5633795,/metrics/pcl/fused/points_in,std_msgs/msg/Int32,42947
1774010280.5634463,/metrics/pcl/fused/processing_ms,std_msgs/msg/Float32,140.18890380859375
1774010280.8687594,/metrics/pcl/fused/detections_count,std_msgs/msg/Int32,79
1774010280.868868,/metrics/pcl/fused/points_in,std_msgs/msg/Int32,42848
1774010280.868959,/metrics/pcl/fused/processing_ms,std_msgs/msg/Float32,145.17950439453125
1774010281.1663969,/metrics/pcl/fused/detections_count,std_msgs/msg/Int32,76
1774010281.1665082,/metrics/pcl/fused/points_in,std_msgs/msg/Int32,42879
1774010281.166571,/metrics/pcl/fused/processing_ms,std_msgs/msg/Float32,139.44256591796875
1774010281.4607673,/metrics/pcl/fused/detections_count,std_msgs/msg/Int32,81
1774010281.4608924,/metrics/pcl/fused/points_in,std_msgs/msg/Int32,42911
1774010281.46097,/metrics/pcl/fused/processing_ms,std_msgs/msg/Float32,139.72862243652344
1774010281.762694,/metrics/pcl/fused/detections_count,std_msgs/msg/Int32,78
1774010281.7628005,/metrics/pcl/fused/points_in,std_msgs/msg/Int32,42979
1774010281.7628617,/metrics/pcl/fused/processing_ms,std_msgs/msg/Float32,140.38201904296875
1774010282.061984,/metrics/pcl/fused/detections_count,std_msgs/msg/Int32,76
1774010282.0620935,/metrics/pcl/fused/points_in,std_msgs/msg/Int32,42885
1774010282.062169,/metrics/pcl/fused/processing_ms,std_msgs/msg/Float32,138.1561737060547
1774010282.3579597,/metrics/pcl/fused/detections_count,std_msgs/msg/Int32,77
1774010282.3580668,/metrics/pcl/fused/points_in,std_msgs/msg/Int32,42908
1774010282.3581285,/metrics/pcl/fused/processing_ms,std_msgs/msg/Float32,138.00497436523438
1774010282.6617796,/metrics/pcl/fused/detections_count,std_msgs/msg/Int32,81
1774010282.661894,/metrics/pcl/fused/points_in,std_msgs/msg/Int32,43082
1774010282.6619678,/metrics/pcl/fused/processing_ms,std_msgs/msg/Float32,139.7470245361328
1774010282.9546864,/metrics/pcl/fused/detections_count,std_msgs/msg/Int32,83
1774010282.9547944,/metrics/pcl/fused/points_in,std_msgs/msg/Int32,41815
1774010282.9548566,/metrics/pcl/fused/processing_ms,std_msgs/msg/Float32,133.02040100097656
1774010283.2519796,/metrics/pcl/fused/detections_count,std_msgs/msg/Int32,79
1774010283.252096,/metrics/pcl/fused/points_in,std_msgs/msg/Int32,41864
1774010283.2521687,/metrics/pcl/fused/processing_ms,std_msgs/msg/Float32,132.26077270507812
1774010283.5547404,/metrics/pcl/fused/detections_count,std_msgs/msg/Int32,75
1774010283.5548408,/metrics/pcl/fused/points_in,std_msgs/msg/Int32,41760
1774010283.5549142,/metrics/pcl/fused/processing_ms,std_msgs/msg/Float32,134.8006134033203
1774010283.8518925,/metrics/pcl/fused/detections_count,std_msgs/msg/Int32,85
1774010283.8520076,/metrics/pcl/fused/points_in,std_msgs/msg/Int32,41613
1774010283.8520694,/metrics/pcl/fused/processing_ms,std_msgs/msg/Float32,131.0574188232422
1774010284.15386,/metrics/pcl/fused/detections_count,std_msgs/msg/Int32,79
1774010284.153984,/metrics/pcl/fused/points_in,std_msgs/msg/Int32,41741
1774010284.1540585,/metrics/pcl/fused/processing_ms,std_msgs/msg/Float32,133.5726776123047
1774010284.4546952,/metrics/pcl/fused/detections_count,std_msgs/msg/Int32,77
1774010284.4548032,/metrics/pcl/fused/points_in,std_msgs/msg/Int32,41522
1774010284.454865,/metrics/pcl/fused/processing_ms,std_msgs/msg/Float32,133.30548095703125
1774010284.7542565,/metrics/pcl/fused/detections_count,std_msgs/msg/Int32,79
1774010284.7543733,/metrics/pcl/fused/points_in,std_msgs/msg/Int32,41458
1774010284.7544389,/metrics/pcl/fused/processing_ms,std_msgs/msg/Float32,133.28591918945312
1774010285.0643308,/metrics/pcl/fused/detections_count,std_msgs/msg/Int32,80
1774010285.0644433,/metrics/pcl/fused/points_in,std_msgs/msg/Int32,41404
1774010285.0645075,/metrics/pcl/fused/processing_ms,std_msgs/msg/Float32,136.68032836914062
1774010285.3604627,/metrics/pcl/fused/detections_count,std_msgs/msg/Int32,83
1774010285.3605754,/metrics/pcl/fused/points_in,std_msgs/msg/Int32,41410
1774010285.36064,/metrics/pcl/fused/processing_ms,std_msgs/msg/Float32,134.4696044921875
1774010285.6564171,/metrics/pcl/fused/detections_count,std_msgs/msg/Int32,78
1774010285.656526,/metrics/pcl/fused/points_in,std_msgs/msg/Int32,41319
1774010285.6565886,/metrics/pcl/fused/processing_ms,std_msgs/msg/Float32,133.6918182373047
1774010285.9569063,/metrics/pcl/fused/detections_count,std_msgs/msg/Int32,79
1774010285.9570003,/metrics/pcl/fused/points_in,std_msgs/msg/Int32,41302
1774010285.9570522,/metrics/pcl/fused/processing_ms,std_msgs/msg/Float32,133.6467742919922
1774010286.2526867,/metrics/pcl/fused/detections_count,std_msgs/msg/Int32,83
1774010286.2528005,/metrics/pcl/fused/points_in,std_msgs/msg/Int32,41440
1774010286.2528863,/metrics/pcl/fused/processing_ms,std_msgs/msg/Float32,132.80105590820312
1774010286.5594933,/metrics/pcl/fused/detections_count,std_msgs/msg/Int32,80
1774010286.559602,/metrics/pcl/fused/points_in,std_msgs/msg/Int32,41414
1774010286.5596657,/metrics/pcl/fused/processing_ms,std_msgs/msg/Float32,134.9307403564453
1774010286.856949,/metrics/pcl/fused/detections_count,std_msgs/msg/Int32,80
1774010286.8570726,/metrics/pcl/fused/points_in,std_msgs/msg/Int32,41293
1774010286.8571389,/metrics/pcl/fused/processing_ms,std_msgs/msg/Float32,132.38418579101562
1774010287.156369,/metrics/pcl/fused/detections_count,std_msgs/msg/Int32,79
1774010287.1564803,/metrics/pcl/fused/points_in,std_msgs/msg/Int32,41269
1774010287.1565456,/metrics/pcl/fused/processing_ms,std_msgs/msg/Float32,131.91519165039062
1774010287.4566555,/metrics/pcl/fused/detections_count,std_msgs/msg/Int32,74
1774010287.4567664,/metrics/pcl/fused/points_in,std_msgs/msg/Int32,41150
1774010287.4568303,/metrics/pcl/fused/processing_ms,std_msgs/msg/Float32,131.9015350341797
1774010287.7533176,/metrics/pcl/fused/detections_count,std_msgs/msg/Int32,83
1774010287.753429,/metrics/pcl/fused/points_in,std_msgs/msg/Int32,41068
1774010287.753501,/metrics/pcl/fused/processing_ms,std_msgs/msg/Float32,130.8107147216797
1774010288.0554314,/metrics/pcl/fused/detections_count,std_msgs/msg/Int32,81
1774010288.0555356,/metrics/pcl/fused/points_in,std_msgs/msg/Int32,41112
1774010288.0555973,/metrics/pcl/fused/processing_ms,std_msgs/msg/Float32,130.44375610351562
1774010288.3547869,/metrics/pcl/fused/detections_count,std_msgs/msg/Int32,81
1774010288.354908,/metrics/pcl/fused/points_in,std_msgs/msg/Int32,41049
1774010288.354997,/metrics/pcl/fused/processing_ms,std_msgs/msg/Float32,129.6521453857422
1774010288.655151,/metrics/pcl/fused/detections_count,std_msgs/msg/Int32,80
1774010288.655274,/metrics/pcl/fused/points_in,std_msgs/msg/Int32,40835
1774010288.6553593,/metrics/pcl/fused/processing_ms,std_msgs/msg/Float32,129.21209716796875
1774010288.9555593,/metrics/pcl/fused/detections_count,std_msgs/msg/Int32,80
1774010288.9556704,/metrics/pcl/fused/points_in,std_msgs/msg/Int32,40935
1774010288.9557486,/metrics/pcl/fused/processing_ms,std_msgs/msg/Float32,131.18438720703125
1774010289.2563176,/metrics/pcl/fused/detections_count,std_msgs/msg/Int32,85
1774010289.2564282,/metrics/pcl/fused/points_in,std_msgs/msg/Int32,41027
1774010289.2564902,/metrics/pcl/fused/processing_ms,std_msgs/msg/Float32,130.7093963623047
1774010289.5575645,/metrics/pcl/fused/detections_count,std_msgs/msg/Int32,80
1774010289.557671,/metrics/pcl/fused/points_in,std_msgs/msg/Int32,40923
1774010289.5577312,/metrics/pcl/fused/processing_ms,std_msgs/msg/Float32,128.6595916748047
1774010289.857315,/metrics/pcl/fused/detections_count,std_msgs/msg/Int32,83
1774010289.85743,/metrics/pcl/fused/points_in,std_msgs/msg/Int32,40886
1774010289.8574946,/metrics/pcl/fused/processing_ms,std_msgs/msg/Float32,131.5495147705078
1774010290.160534,/metrics/pcl/fused/detections_count,std_msgs/msg/Int32,75
1774010290.1606755,/metrics/pcl/fused/points_in,std_msgs/msg/Int32,40963
1774010290.16074,/metrics/pcl/fused/processing_ms,std_msgs/msg/Float32,131.87033081054688
1774010290.4559593,/metrics/pcl/fused/detections_count,std_msgs/msg/Int32,79
1774010290.4560723,/metrics/pcl/fused/points_in,std_msgs/msg/Int32,41041
1774010290.4561486,/metrics/pcl/fused/processing_ms,std_msgs/msg/Float32,132.08616638183594
1774010290.7629592,/metrics/pcl/fused/detections_count,std_msgs/msg/Int32,80
1774010290.7630696,/metrics/pcl/fused/points_in,std_msgs/msg/Int32,40963
1774010290.7631338,/metrics/pcl/fused/processing_ms,std_msgs/msg/Float32,133.45040893554688
1774010291.068465,/metrics/pcl/fused/detections_count,std_msgs/msg/Int32,81
1774010291.0685647,/metrics/pcl/fused/points_in,std_msgs/msg/Int32,41162
1774010291.0686202,/metrics/pcl/fused/processing_ms,std_msgs/msg/Float32,140.1865997314453
1774010291.372844,/metrics/pcl/fused/detections_count,std_msgs/msg/Int32,78
1774010291.372964,/metrics/pcl/fused/points_in,std_msgs/msg/Int32,41131
1774010291.373027,/metrics/pcl/fused/processing_ms,std_msgs/msg/Float32,133.635498046875
1774010291.65531,/metrics/pcl/fused/detections_count,std_msgs/msg/Int32,81
1774010291.655411,/metrics/pcl/fused/points_in,std_msgs/msg/Int32,41627
1774010291.6554723,/metrics/pcl/fused/processing_ms,std_msgs/msg/Float32,132.53103637695312
1774010291.9658215,/metrics/pcl/fused/detections_count,std_msgs/msg/Int32,76
1774010291.9659414,/metrics/pcl/fused/points_in,std_msgs/msg/Int32,42198
1774010291.9660141,/metrics/pcl/fused/processing_ms,std_msgs/msg/Float32,138.21563720703125
1774010292.2725763,/metrics/pcl/fused/detections_count,std_msgs/msg/Int32,81
1774010292.27271,/metrics/pcl/fused/points_in,std_msgs/msg/Int32,42689
1774010292.2727716,/metrics/pcl/fused/processing_ms,std_msgs/msg/Float32,142.79000854492188
1774010292.5649645,/metrics/pcl/fused/detections_count,std_msgs/msg/Int32,78
1774010292.5650804,/metrics/pcl/fused/points_in,std_msgs/msg/Int32,42816
1774010292.565153,/metrics/pcl/fused/processing_ms,std_msgs/msg/Float32,139.23727416992188
1774010292.873789,/metrics/pcl/fused/detections_count,std_msgs/msg/Int32,87
1774010292.8739145,/metrics/pcl/fused/points_in,std_msgs/msg/Int32,42832
1774010292.8739896,/metrics/pcl/fused/processing_ms,std_msgs/msg/Float32,138.06088256835938
1774010293.1683655,/metrics/pcl/fused/detections_count,std_msgs/msg/Int32,81
1774010293.1684978,/metrics/pcl/fused/points_in,std_msgs/msg/Int32,42795
1774010293.168559,/metrics/pcl/fused/processing_ms,std_msgs/msg/Float32,138.98570251464844
1774010293.472067,/metrics/pcl/fused/detections_count,std_msgs/msg/Int32,77
1774010293.4721613,/metrics/pcl/fused/points_in,std_msgs/msg/Int32,42898
1774010293.4722123,/metrics/pcl/fused/processing_ms,std_msgs/msg/Float32,138.31842041015625
1774010293.7712595,/metrics/pcl/fused/detections_count,std_msgs/msg/Int32,83
1774010293.7713652,/metrics/pcl/fused/points_in,std_msgs/msg/Int32,42924
1774010293.7714274,/metrics/pcl/fused/processing_ms,std_msgs/msg/Float32,139.64158630371094
1774010294.0776,/metrics/pcl/fused/detections_count,std_msgs/msg/Int32,84
1774010294.0777135,/metrics/pcl/fused/points_in,std_msgs/msg/Int32,42976
1774010294.0777917,/metrics/pcl/fused/processing_ms,std_msgs/msg/Float32,143.15550231933594
1774010294.3768046,/metrics/pcl/fused/detections_count,std_msgs/msg/Int32,74
1774010294.3769314,/metrics/pcl/fused/points_in,std_msgs/msg/Int32,42804
1774010294.3769984,/metrics/pcl/fused/processing_ms,std_msgs/msg/Float32,141.71817016601562
1774010294.6696708,/metrics/pcl/fused/detections_count,std_msgs/msg/Int32,77
1774010294.6697836,/metrics/pcl/fused/points_in,std_msgs/msg/Int32,42931
1774010294.669859,/metrics/pcl/fused/processing_ms,std_msgs/msg/Float32,140.8822479248047
1774010294.9721467,/metrics/pcl/fused/detections_count,std_msgs/msg/Int32,81
1774010294.972259,/metrics/pcl/fused/points_in,std_msgs/msg/Int32,42796
1774010294.9723208,/metrics/pcl/fused/processing_ms,std_msgs/msg/Float32,141.3316192626953
1774010295.2776806,/metrics/pcl/fused/detections_count,std_msgs/msg/Int32,79
1774010295.277792,/metrics/pcl/fused/points_in,std_msgs/msg/Int32,42964
1774010295.2778654,/metrics/pcl/fused/processing_ms,std_msgs/msg/Float32,139.39639282226562
1774010295.568675,/metrics/pcl/fused/detections_count,std_msgs/msg/Int32,81
1774010295.56879,/metrics/pcl/fused/points_in,std_msgs/msg/Int32,42912
1774010295.5688531,/metrics/pcl/fused/processing_ms,std_msgs/msg/Float32,137.39515686035156
1774010295.8751857,/metrics/pcl/fused/detections_count,std_msgs/msg/Int32,78
1774010295.8753858,/metrics/pcl/fused/points_in,std_msgs/msg/Int32,42841
1774010295.8754802,/metrics/pcl/fused/processing_ms,std_msgs/msg/Float32,144.94308471679688
1774010296.2322595,/metrics/pcl/fused/detections_count,std_msgs/msg/Int32,77
1774010296.2323987,/metrics/pcl/fused/processing_ms,std_msgs/msg/Float32,161.9806671142578
1774010296.2327056,/metrics/pcl/fused/points_in,std_msgs/msg/Int32,42851
1774010296.5010574,/metrics/pcl/fused/detections_count,std_msgs/msg/Int32,79
1774010296.5011702,/metrics/pcl/fused/points_in,std_msgs/msg/Int32,42887
1774010296.5012324,/metrics/pcl/fused/processing_ms,std_msgs/msg/Float32,146.2947540283203
1774010296.7795596,/metrics/pcl/fused/detections_count,std_msgs/msg/Int32,79
1774010296.779696,/metrics/pcl/fused/points_in,std_msgs/msg/Int32,42923
1774010296.7797596,/metrics/pcl/fused/processing_ms,std_msgs/msg/Float32,145.52525329589844
1774010297.084659,/metrics/pcl/fused/detections_count,std_msgs/msg/Int32,79
1774010297.08477,/metrics/pcl/fused/points_in,std_msgs/msg/Int32,42990
1774010297.0848312,/metrics/pcl/fused/processing_ms,std_msgs/msg/Float32,142.24949645996094
1774010297.38236,/metrics/pcl/fused/detections_count,std_msgs/msg/Int32,74
1774010297.3824708,/metrics/pcl/fused/points_in,std_msgs/msg/Int32,42936
1774010297.3825328,/metrics/pcl/fused/processing_ms,std_msgs/msg/Float32,140.9258270263672
1774010297.6681526,/metrics/pcl/fused/detections_count,std_msgs/msg/Int32,81
1774010297.6682596,/metrics/pcl/fused/points_in,std_msgs/msg/Int32,42857
1774010297.668323,/metrics/pcl/fused/processing_ms,std_msgs/msg/Float32,138.79847717285156
1774010297.9720042,/metrics/pcl/fused/detections_count,std_msgs/msg/Int32,77
1774010297.9721358,/metrics/pcl/fused/points_in,std_msgs/msg/Int32,42921
1774010297.9722004,/metrics/pcl/fused/processing_ms,std_msgs/msg/Float32,139.2085723876953
1774010298.2747855,/metrics/pcl/fused/detections_count,std_msgs/msg/Int32,79
1774010298.2749212,/metrics/pcl/fused/points_in,std_msgs/msg/Int32,42822
1774010298.2749891,/metrics/pcl/fused/processing_ms,std_msgs/msg/Float32,143.97872924804688
1774010298.5719035,/metrics/pcl/fused/detections_count,std_msgs/msg/Int32,81
1774010298.572036,/metrics/pcl/fused/points_in,std_msgs/msg/Int32,42873
1774010298.572111,/metrics/pcl/fused/processing_ms,std_msgs/msg/Float32,141.18800354003906
1774010298.885629,/metrics/pcl/fused/detections_count,std_msgs/msg/Int32,79
1774010298.885755,/metrics/pcl/fused/points_in,std_msgs/msg/Int32,42792
1774010298.8858528,/metrics/pcl/fused/processing_ms,std_msgs/msg/Float32,145.77944946289062
1774010299.1804152,/metrics/pcl/fused/detections_count,std_msgs/msg/Int32,78
1774010299.180546,/metrics/pcl/fused/points_in,std_msgs/msg/Int32,42930
1774010299.1806178,/metrics/pcl/fused/processing_ms,std_msgs/msg/Float32,141.08273315429688
1774010299.4692767,/metrics/pcl/fused/detections_count,std_msgs/msg/Int32,76
1774010299.4693887,/metrics/pcl/fused/points_in,std_msgs/msg/Int32,42749
1774010299.469459,/metrics/pcl/fused/processing_ms,std_msgs/msg/Float32,140.74996948242188
1774010299.771707,/metrics/pcl/fused/detections_count,std_msgs/msg/Int32,72
1774010299.7718246,/metrics/pcl/fused/points_in,std_msgs/msg/Int32,42796
1774010299.7719634,/metrics/pcl/fused/processing_ms,std_msgs/msg/Float32,141.20599365234375
1774010300.0690162,/metrics/pcl/fused/detections_count,std_msgs/msg/Int32,79
1774010300.0691125,/metrics/pcl/fused/points_in,std_msgs/msg/Int32,42826
1774010300.0691626,/metrics/pcl/fused/processing_ms,std_msgs/msg/Float32,140.66749572753906
1774010300.3659916,/metrics/pcl/fused/detections_count,std_msgs/msg/Int32,80
1774010300.3661036,/metrics/pcl/fused/points_in,std_msgs/msg/Int32,42804
1774010300.3661666,/metrics/pcl/fused/processing_ms,std_msgs/msg/Float32,137.0414581298828
1774010300.6749318,/metrics/pcl/fused/detections_count,std_msgs/msg/Int32,72
1774010300.6750464,/metrics/pcl/fused/points_in,std_msgs/msg/Int32,42860
1774010300.6751099,/metrics/pcl/fused/processing_ms,std_msgs/msg/Float32,140.77210998535156
1774010300.9761074,/metrics/pcl/fused/detections_count,std_msgs/msg/Int32,76
1774010300.97624,/metrics/pcl/fused/points_in,std_msgs/msg/Int32,42763
1774010300.9763296,/metrics/pcl/fused/processing_ms,std_msgs/msg/Float32,141.04945373535156
1774010301.2748084,/metrics/pcl/fused/detections_count,std_msgs/msg/Int32,80
1774010301.2749445,/metrics/pcl/fused/points_in,std_msgs/msg/Int32,42756
1774010301.2750015,/metrics/pcl/fused/processing_ms,std_msgs/msg/Float32,141.24142456054688
1774010301.5718372,/metrics/pcl/fused/detections_count,std_msgs/msg/Int32,79
1774010301.5719633,/metrics/pcl/fused/points_in,std_msgs/msg/Int32,42690
1774010301.5720284,/metrics/pcl/fused/processing_ms,std_msgs/msg/Float32,136.5524444580078
1774010301.8709161,/metrics/pcl/fused/detections_count,std_msgs/msg/Int32,82
1774010301.8711114,/metrics/pcl/fused/points_in,std_msgs/msg/Int32,42716
1774010301.8711975,/metrics/pcl/fused/processing_ms,std_msgs/msg/Float32,140.22279357910156
1774010302.191995,/metrics/pcl/fused/detections_count,std_msgs/msg/Int32,83
1774010302.1921294,/metrics/pcl/fused/points_in,std_msgs/msg/Int32,42641
1774010302.1922045,/metrics/pcl/fused/processing_ms,std_msgs/msg/Float32,150.5603485107422
1774010302.4889286,/metrics/pcl/fused/detections_count,std_msgs/msg/Int32,74
1774010302.4890556,/metrics/pcl/fused/points_in,std_msgs/msg/Int32,42520
1774010302.4891195,/metrics/pcl/fused/processing_ms,std_msgs/msg/Float32,142.23275756835938
1774010302.7791426,/metrics/pcl/fused/detections_count,std_msgs/msg/Int32,80
1774010302.7792518,/metrics/pcl/fused/points_in,std_msgs/msg/Int32,42504
1774010302.7793145,/metrics/pcl/fused/processing_ms,std_msgs/msg/Float32,139.51185607910156
1774010303.072414,/metrics/pcl/fused/detections_count,std_msgs/msg/Int32,86
1774010303.0725253,/metrics/pcl/fused/points_in,std_msgs/msg/Int32,42476
1774010303.0726025,/metrics/pcl/fused/processing_ms,std_msgs/msg/Float32,136.1482391357422
1774010303.4628603,/metrics/pcl/fused/detections_count,std_msgs/msg/Int32,87
1774010303.4629846,/metrics/pcl/fused/points_in,std_msgs/msg/Int32,54169
1774010303.4630458,/metrics/pcl/fused/processing_ms,std_msgs/msg/Float32,211.11114501953125
1774010303.7689369,/metrics/pcl/fused/detections_count,std_msgs/msg/Int32,83
1774010303.769036,/metrics/pcl/fused/points_in,std_msgs/msg/Int32,54319
1774010303.7690883,/metrics/pcl/fused/processing_ms,std_msgs/msg/Float32,217.97227478027344
1774010304.0612972,/metrics/pcl/fused/detections_count,std_msgs/msg/Int32,78
1774010304.0614123,/metrics/pcl/fused/points_in,std_msgs/msg/Int32,54239
1774010304.0614748,/metrics/pcl/fused/processing_ms,std_msgs/msg/Float32,217.51321411132812
1774010304.3365319,/metrics/pcl/fused/detections_count,std_msgs/msg/Int32,85
1774010304.3366723,/metrics/pcl/fused/points_in,std_msgs/msg/Int32,54046
1774010304.3367944,/metrics/pcl/fused/processing_ms,std_msgs/msg/Float32,208.57669067382812
1774010304.6351635,/metrics/pcl/fused/detections_count,std_msgs/msg/Int32,82
1774010304.6352813,/metrics/pcl/fused/points_in,std_msgs/msg/Int32,54073
1774010304.6353536,/metrics/pcl/fused/processing_ms,std_msgs/msg/Float32,209.13182067871094
1774010304.9334264,/metrics/pcl/fused/detections_count,std_msgs/msg/Int32,79
1774010304.9335215,/metrics/pcl/fused/points_in,std_msgs/msg/Int32,54081
1774010304.933582,/metrics/pcl/fused/processing_ms,std_msgs/msg/Float32,209.9536590576172
1774010305.2285235,/metrics/pcl/fused/detections_count,std_msgs/msg/Int32,88
1774010305.228634,/metrics/pcl/fused/points_in,std_msgs/msg/Int32,53929
1774010305.2286878,/metrics/pcl/fused/processing_ms,std_msgs/msg/Float32,209.52076721191406
1774010305.532164,/metrics/pcl/fused/detections_count,std_msgs/msg/Int32,81
1774010305.5322814,/metrics/pcl/fused/processing_ms,std_msgs/msg/Float32,208.40335083007812
1774010305.5325043,/metrics/pcl/fused/points_in,std_msgs/msg/Int32,52880
1774010305.8310676,/metrics/pcl/fused/detections_count,std_msgs/msg/Int32,81
1774010305.8312142,/metrics/pcl/fused/points_in,std_msgs/msg/Int32,52689
1774010305.8313065,/metrics/pcl/fused/processing_ms,std_msgs/msg/Float32,207.8817901611328
1774010306.149981,/metrics/pcl/fused/detections_count,std_msgs/msg/Int32,82
1774010306.150097,/metrics/pcl/fused/points_in,std_msgs/msg/Int32,52842
1774010306.150163,/metrics/pcl/fused/processing_ms,std_msgs/msg/Float32,225.0552978515625
1774010306.4505181,/metrics/pcl/fused/detections_count,std_msgs/msg/Int32,78
1774010306.4506445,/metrics/pcl/fused/points_in,std_msgs/msg/Int32,53097
1774010306.4507136,/metrics/pcl/fused/processing_ms,std_msgs/msg/Float32,219.27651977539062
1774010306.7358913,/metrics/pcl/fused/detections_count,std_msgs/msg/Int32,81
1774010306.7360053,/metrics/pcl/fused/points_in,std_msgs/msg/Int32,53601
1774010306.7360837,/metrics/pcl/fused/processing_ms,std_msgs/msg/Float32,212.90365600585938
1774010307.0301971,/metrics/pcl/fused/detections_count,std_msgs/msg/Int32,81
1774010307.0303333,/metrics/pcl/fused/points_in,std_msgs/msg/Int32,52804
1774010307.0304015,/metrics/pcl/fused/processing_ms,std_msgs/msg/Float32,208.9512176513672
1774010307.3329556,/metrics/pcl/fused/detections_count,std_msgs/msg/Int32,78
1774010307.3330925,/metrics/pcl/fused/points_in,std_msgs/msg/Int32,52662
1774010307.3331583,/metrics/pcl/fused/processing_ms,std_msgs/msg/Float32,207.1760711669922
1774010307.6308322,/metrics/pcl/fused/detections_count,std_msgs/msg/Int32,85
1774010307.6309948,/metrics/pcl/fused/points_in,std_msgs/msg/Int32,51809
1774010307.6310635,/metrics/pcl/fused/processing_ms,std_msgs/msg/Float32,207.85260009765625
1774010307.9335196,/metrics/pcl/fused/detections_count,std_msgs/msg/Int32,78
1774010307.9336395,/metrics/pcl/fused/points_in,std_msgs/msg/Int32,51432
1774010307.9337118,/metrics/pcl/fused/processing_ms,std_msgs/msg/Float32,203.94735717773438
1774010308.2277,/metrics/pcl/fused/detections_count,std_msgs/msg/Int32,80
1774010308.2278516,/metrics/pcl/fused/points_in,std_msgs/msg/Int32,51400
1774010308.2279425,/metrics/pcl/fused/processing_ms,std_msgs/msg/Float32,206.2949676513672
1774010308.5298302,/metrics/pcl/fused/detections_count,std_msgs/msg/Int32,81
1774010308.529963,/metrics/pcl/fused/points_in,std_msgs/msg/Int32,52894
1774010308.5300333,/metrics/pcl/fused/processing_ms,std_msgs/msg/Float32,205.65223693847656
1774010308.833098,/metrics/pcl/fused/detections_count,std_msgs/msg/Int32,84
1774010308.833395,/metrics/pcl/fused/points_in,std_msgs/msg/Int32,53418
1774010308.8334785,/metrics/pcl/fused/processing_ms,std_msgs/msg/Float32,211.55810546875
1774010309.1381855,/metrics/pcl/fused/detections_count,std_msgs/msg/Int32,80
1774010309.1383336,/metrics/pcl/fused/points_in,std_msgs/msg/Int32,53654
1774010309.138404,/metrics/pcl/fused/processing_ms,std_msgs/msg/Float32,215.0623016357422
1774010309.436046,/metrics/pcl/fused/detections_count,std_msgs/msg/Int32,78
1774010309.4361608,/metrics/pcl/fused/points_in,std_msgs/msg/Int32,53605
1774010309.4362514,/metrics/pcl/fused/processing_ms,std_msgs/msg/Float32,209.7792205810547
1774010309.7368622,/metrics/pcl/fused/detections_count,std_msgs/msg/Int32,83
1774010309.7370193,/metrics/pcl/fused/points_in,std_msgs/msg/Int32,53881
1774010309.7370827,/metrics/pcl/fused/processing_ms,std_msgs/msg/Float32,211.16259765625
1774010310.0442753,/metrics/pcl/fused/detections_count,std_msgs/msg/Int32,86
1774010310.0444047,/metrics/pcl/fused/points_in,std_msgs/msg/Int32,54037
1774010310.0444677,/metrics/pcl/fused/processing_ms,std_msgs/msg/Float32,213.88113403320312
1774010310.3429275,/metrics/pcl/fused/detections_count,std_msgs/msg/Int32,82
1774010310.343121,/metrics/pcl/fused/points_in,std_msgs/msg/Int32,54170
1774010310.343244,/metrics/pcl/fused/processing_ms,std_msgs/msg/Float32,211.5888671875
1774010310.6507938,/metrics/pcl/fused/detections_count,std_msgs/msg/Int32,77
1774010310.6509438,/metrics/pcl/fused/points_in,std_msgs/msg/Int32,54252
1774010310.6510193,/metrics/pcl/fused/processing_ms,std_msgs/msg/Float32,216.5301971435547
1774010310.9516695,/metrics/pcl/fused/detections_count,std_msgs/msg/Int32,79
1774010310.9517827,/metrics/pcl/fused/points_in,std_msgs/msg/Int32,54279
1774010310.9518569,/metrics/pcl/fused/processing_ms,std_msgs/msg/Float32,219.20297241210938
1774010311.2576268,/metrics/pcl/fused/detections_count,std_msgs/msg/Int32,77
1774010311.2577345,/metrics/pcl/fused/points_in,std_msgs/msg/Int32,54557
1774010311.2577953,/metrics/pcl/fused/processing_ms,std_msgs/msg/Float32,216.82557678222656
1774010311.5533762,/metrics/pcl/fused/detections_count,std_msgs/msg/Int32,83
1774010311.5534918,/metrics/pcl/fused/points_in,std_msgs/msg/Int32,54584
1774010311.5535684,/metrics/pcl/fused/processing_ms,std_msgs/msg/Float32,221.5540771484375
1774010311.8553922,/metrics/pcl/fused/detections_count,std_msgs/msg/Int32,79
1774010311.855513,/metrics/pcl/fused/points_in,std_msgs/msg/Int32,54631
1774010311.8555741,/metrics/pcl/fused/processing_ms,std_msgs/msg/Float32,213.72923278808594
1774010312.1522112,/metrics/pcl/fused/detections_count,std_msgs/msg/Int32,81
1774010312.1523216,/metrics/pcl/fused/points_in,std_msgs/msg/Int32,54709
1774010312.1523838,/metrics/pcl/fused/processing_ms,std_msgs/msg/Float32,213.9213104248047
1774010312.443112,/metrics/pcl/fused/detections_count,std_msgs/msg/Int32,85
1774010312.443228,/metrics/pcl/fused/points_in,std_msgs/msg/Int32,54647
1774010312.4432979,/metrics/pcl/fused/processing_ms,std_msgs/msg/Float32,213.1106719970703
1774010312.7372885,/metrics/pcl/fused/detections_count,std_msgs/msg/Int32,86
1774010312.7374063,/metrics/pcl/fused/points_in,std_msgs/msg/Int32,54511
1774010312.7374735,/metrics/pcl/fused/processing_ms,std_msgs/msg/Float32,208.9999542236328
1774010313.0450284,/metrics/pcl/fused/detections_count,std_msgs/msg/Int32,78
1774010313.0451715,/metrics/pcl/fused/points_in,std_msgs/msg/Int32,54569
1774010313.0452633,/metrics/pcl/fused/processing_ms,std_msgs/msg/Float32,211.54898071289062
1774010313.3569355,/metrics/pcl/fused/detections_count,std_msgs/msg/Int32,87
1774010313.3570764,/metrics/pcl/fused/points_in,std_msgs/msg/Int32,54635
1774010313.357172,/metrics/pcl/fused/processing_ms,std_msgs/msg/Float32,218.97044372558594
1774010313.6743498,/metrics/pcl/fused/detections_count,std_msgs/msg/Int32,82
1774010313.6744747,/metrics/pcl/fused/points_in,std_msgs/msg/Int32,54702
1774010313.6745563,/metrics/pcl/fused/processing_ms,std_msgs/msg/Float32,234.6895751953125
1774010313.968036,/metrics/pcl/fused/detections_count,std_msgs/msg/Int32,76
1774010313.9681659,/metrics/pcl/fused/points_in,std_msgs/msg/Int32,54600
1774010313.9682317,/metrics/pcl/fused/processing_ms,std_msgs/msg/Float32,216.009033203125
1774010314.2499502,/metrics/pcl/fused/detections_count,std_msgs/msg/Int32,81
1774010314.2500598,/metrics/pcl/fused/points_in,std_msgs/msg/Int32,54569
1774010314.2501369,/metrics/pcl/fused/processing_ms,std_msgs/msg/Float32,212.37179565429688
1774010314.551754,/metrics/pcl/fused/detections_count,std_msgs/msg/Int32,82
1774010314.5518632,/metrics/pcl/fused/points_in,std_msgs/msg/Int32,54580
1774010314.551955,/metrics/pcl/fused/processing_ms,std_msgs/msg/Float32,214.03521728515625
1774010314.8575206,/metrics/pcl/fused/detections_count,std_msgs/msg/Int32,76
1774010314.857631,/metrics/pcl/fused/points_in,std_msgs/msg/Int32,54532
1774010314.8576944,/metrics/pcl/fused/processing_ms,std_msgs/msg/Float32,221.42247009277344
1774010315.0829842,/metrics/pcl/fused/detections_count,std_msgs/msg/Int32,77
1774010315.083093,/metrics/pcl/fused/points_in,std_msgs/msg/Int32,42913
1774010315.0831542,/metrics/pcl/fused/processing_ms,std_msgs/msg/Float32,146.9600067138672
1774010315.3676853,/metrics/pcl/fused/detections_count,std_msgs/msg/Int32,84
1774010315.3677962,/metrics/pcl/fused/points_in,std_msgs/msg/Int32,42799
1774010315.3678575,/metrics/pcl/fused/processing_ms,std_msgs/msg/Float32,137.49107360839844
1774010315.6675541,/metrics/pcl/fused/detections_count,std_msgs/msg/Int32,77
1774010315.6676643,/metrics/pcl/fused/points_in,std_msgs/msg/Int32,42738
1774010315.6677268,/metrics/pcl/fused/processing_ms,std_msgs/msg/Float32,139.8328094482422
1774010315.970089,/metrics/pcl/fused/detections_count,std_msgs/msg/Int32,77
1774010315.97022,/metrics/pcl/fused/points_in,std_msgs/msg/Int32,42855
1774010315.9702964,/metrics/pcl/fused/processing_ms,std_msgs/msg/Float32,140.89727783203125
1774010316.269993,/metrics/pcl/fused/detections_count,std_msgs/msg/Int32,73
1774010316.2701209,/metrics/pcl/fused/points_in,std_msgs/msg/Int32,42895
1774010316.2701874,/metrics/pcl/fused/processing_ms,std_msgs/msg/Float32,142.06500244140625
1774010316.571553,/metrics/pcl/fused/detections_count,std_msgs/msg/Int32,74
1774010316.5716615,/metrics/pcl/fused/points_in,std_msgs/msg/Int32,42847
1774010316.5717227,/metrics/pcl/fused/processing_ms,std_msgs/msg/Float32,139.66311645507812
1774010316.8686476,/metrics/pcl/fused/detections_count,std_msgs/msg/Int32,81
1774010316.8687563,/metrics/pcl/fused/points_in,std_msgs/msg/Int32,42900
1774010316.868822,/metrics/pcl/fused/processing_ms,std_msgs/msg/Float32,141.93899536132812
1774010317.174646,/metrics/pcl/fused/detections_count,std_msgs/msg/Int32,81
1774010317.1747568,/metrics/pcl/fused/points_in,std_msgs/msg/Int32,42850
1774010317.1748178,/metrics/pcl/fused/processing_ms,std_msgs/msg/Float32,142.20364379882812
1774010317.4675188,/metrics/pcl/fused/detections_count,std_msgs/msg/Int32,76
1774010317.4676285,/metrics/pcl/fused/points_in,std_msgs/msg/Int32,42881
1774010317.467695,/metrics/pcl/fused/processing_ms,std_msgs/msg/Float32,142.47116088867188
1774010317.7759545,/metrics/pcl/fused/detections_count,std_msgs/msg/Int32,81
1774010317.7760696,/metrics/pcl/fused/points_in,std_msgs/msg/Int32,42813
1774010317.776136,/metrics/pcl/fused/processing_ms,std_msgs/msg/Float32,144.78565979003906
1774010318.0634398,/metrics/pcl/fused/detections_count,std_msgs/msg/Int32,79
1774010318.063583,/metrics/pcl/fused/points_in,std_msgs/msg/Int32,42905
1774010318.0636647,/metrics/pcl/fused/processing_ms,std_msgs/msg/Float32,138.52383422851562
1774010318.3657603,/metrics/pcl/fused/detections_count,std_msgs/msg/Int32,81
1774010318.365866,/metrics/pcl/fused/points_in,std_msgs/msg/Int32,42960
1774010318.3659532,/metrics/pcl/fused/processing_ms,std_msgs/msg/Float32,140.6925811767578
1774010318.6664429,/metrics/pcl/fused/detections_count,std_msgs/msg/Int32,73
1774010318.6665518,/metrics/pcl/fused/points_in,std_msgs/msg/Int32,42757
1774010318.6666155,/metrics/pcl/fused/processing_ms,std_msgs/msg/Float32,140.58853149414062
1774010318.964485,/metrics/pcl/fused/detections_count,std_msgs/msg/Int32,77
1774010318.9645946,/metrics/pcl/fused/points_in,std_msgs/msg/Int32,42820
1774010318.9646556,/metrics/pcl/fused/processing_ms,std_msgs/msg/Float32,138.83091735839844
1774010319.2679694,/metrics/pcl/fused/detections_count,std_msgs/msg/Int32,78
1774010319.2680807,/metrics/pcl/fused/points_in,std_msgs/msg/Int32,42912
1774010319.2681723,/metrics/pcl/fused/processing_ms,std_msgs/msg/Float32,141.49774169921875
1774010319.5668788,/metrics/pcl/fused/detections_count,std_msgs/msg/Int32,81
1774010319.567014,/metrics/pcl/fused/points_in,std_msgs/msg/Int32,42964
1774010319.567094,/metrics/pcl/fused/processing_ms,std_msgs/msg/Float32,140.11561584472656
1774010319.8730385,/metrics/pcl/fused/detections_count,std_msgs/msg/Int32,73
1774010319.873153,/metrics/pcl/fused/points_in,std_msgs/msg/Int32,42793
1774010319.8732204,/metrics/pcl/fused/processing_ms,std_msgs/msg/Float32,140.85330200195312
1774010320.1686006,/metrics/pcl/fused/detections_count,std_msgs/msg/Int32,81
1774010320.1687205,/metrics/pcl/fused/points_in,std_msgs/msg/Int32,42870
1774010320.1687875,/metrics/pcl/fused/processing_ms,std_msgs/msg/Float32,139.736572265625
1774010320.477498,/metrics/pcl/fused/detections_count,std_msgs/msg/Int32,77
1774010320.4776113,/metrics/pcl/fused/points_in,std_msgs/msg/Int32,42885
1774010320.4776785,/metrics/pcl/fused/processing_ms,std_msgs/msg/Float32,143.9905548095703
1774010320.7641737,/metrics/pcl/fused/detections_count,std_msgs/msg/Int32,76
1774010320.7642841,/metrics/pcl/fused/points_in,std_msgs/msg/Int32,42793
1774010320.7643504,/metrics/pcl/fused/processing_ms,std_msgs/msg/Float32,139.3649139404297
1774010321.066806,/metrics/pcl/fused/detections_count,std_msgs/msg/Int32,77
1774010321.066921,/metrics/pcl/fused/points_in,std_msgs/msg/Int32,42878
1774010321.0669796,/metrics/pcl/fused/processing_ms,std_msgs/msg/Float32,141.3429412841797
1774010321.366067,/metrics/pcl/fused/detections_count,std_msgs/msg/Int32,82
1774010321.3661788,/metrics/pcl/fused/points_in,std_msgs/msg/Int32,42735
1774010321.3662448,/metrics/pcl/fused/processing_ms,std_msgs/msg/Float32,140.5054473876953
1774010321.665605,/metrics/pcl/fused/detections_count,std_msgs/msg/Int32,77
1774010321.6657128,/metrics/pcl/fused/points_in,std_msgs/msg/Int32,42882
1774010321.6657794,/metrics/pcl/fused/processing_ms,std_msgs/msg/Float32,140.20668029785156
1774010321.9650831,/metrics/pcl/fused/detections_count,std_msgs/msg/Int32,75
1774010321.9651878,/metrics/pcl/fused/points_in,std_msgs/msg/Int32,42931
1774010321.9652524,/metrics/pcl/fused/processing_ms,std_msgs/msg/Float32,139.19761657714844
1774010322.2650774,/metrics/pcl/fused/detections_count,std_msgs/msg/Int32,79
1774010322.2651892,/metrics/pcl/fused/points_in,std_msgs/msg/Int32,42950
1774010322.2652528,/metrics/pcl/fused/processing_ms,std_msgs/msg/Float32,140.2324981689453
1774010322.566915,/metrics/pcl/fused/detections_count,std_msgs/msg/Int32,82
1774010322.5670228,/metrics/pcl/fused/points_in,std_msgs/msg/Int32,42888
1774010322.567087,/metrics/pcl/fused/processing_ms,std_msgs/msg/Float32,141.0478973388672
1774010322.861264,/metrics/pcl/fused/detections_count,std_msgs/msg/Int32,79
1774010322.8613725,/metrics/pcl/fused/points_in,std_msgs/msg/Int32,42891
1774010322.861437,/metrics/pcl/fused/processing_ms,std_msgs/msg/Float32,136.21484375
1774010323.1656907,/metrics/pcl/fused/detections_count,std_msgs/msg/Int32,80
1774010323.165802,/metrics/pcl/fused/points_in,std_msgs/msg/Int32,42869
1774010323.1658666,/metrics/pcl/fused/processing_ms,std_msgs/msg/Float32,139.60012817382812
1774010323.4647675,/metrics/pcl/fused/detections_count,std_msgs/msg/Int32,76
1774010323.464888,/metrics/pcl/fused/points_in,std_msgs/msg/Int32,42740
1774010323.4649565,/metrics/pcl/fused/processing_ms,std_msgs/msg/Float32,138.6632537841797
1774010323.7649014,/metrics/pcl/fused/detections_count,std_msgs/msg/Int32,80
1774010323.7650263,/metrics/pcl/fused/points_in,std_msgs/msg/Int32,42791
1774010323.7650914,/metrics/pcl/fused/processing_ms,std_msgs/msg/Float32,137.48309326171875
1774010324.0682104,/metrics/pcl/fused/detections_count,std_msgs/msg/Int32,81
1774010324.0683208,/metrics/pcl/fused/points_in,std_msgs/msg/Int32,42890
1774010324.0683858,/metrics/pcl/fused/processing_ms,std_msgs/msg/Float32,141.45314025878906
1774010324.365448,/metrics/pcl/fused/detections_count,std_msgs/msg/Int32,74
1774010324.365577,/metrics/pcl/fused/points_in,std_msgs/msg/Int32,42840
1774010324.3656423,/metrics/pcl/fused/processing_ms,std_msgs/msg/Float32,138.24363708496094
1774010324.6657891,/metrics/pcl/fused/detections_count,std_msgs/msg/Int32,77
1774010324.665909,/metrics/pcl/fused/points_in,std_msgs/msg/Int32,42849
1774010324.6659815,/metrics/pcl/fused/processing_ms,std_msgs/msg/Float32,139.2100067138672
1774010324.971854,/metrics/pcl/fused/detections_count,std_msgs/msg/Int32,74
1774010324.9720075,/metrics/pcl/fused/points_in,std_msgs/msg/Int32,42810
1774010324.9720657,/metrics/pcl/fused/processing_ms,std_msgs/msg/Float32,142.8547821044922
1774010325.2731912,/metrics/pcl/fused/detections_count,std_msgs/msg/Int32,75
1774010325.2733097,/metrics/pcl/fused/points_in,std_msgs/msg/Int32,42918
1774010325.2733812,/metrics/pcl/fused/processing_ms,std_msgs/msg/Float32,141.4304656982422
1774010325.5781372,/metrics/pcl/fused/detections_count,std_msgs/msg/Int32,75
1774010325.5782564,/metrics/pcl/fused/points_in,std_msgs/msg/Int32,42894
1774010325.578327,/metrics/pcl/fused/processing_ms,std_msgs/msg/Float32,141.48513793945312
1774010325.8713565,/metrics/pcl/fused/detections_count,std_msgs/msg/Int32,75
1774010325.8715143,/metrics/pcl/fused/points_in,std_msgs/msg/Int32,42916
1774010325.8716104,/metrics/pcl/fused/processing_ms,std_msgs/msg/Float32,138.6265411376953
1774010326.1703472,/metrics/pcl/fused/detections_count,std_msgs/msg/Int32,75
1774010326.170463,/metrics/pcl/fused/points_in,std_msgs/msg/Int32,42848
1774010326.1705287,/metrics/pcl/fused/processing_ms,std_msgs/msg/Float32,138.45046997070312
1774010326.4737203,/metrics/pcl/fused/detections_count,std_msgs/msg/Int32,72
1774010326.4738352,/metrics/pcl/fused/points_in,std_msgs/msg/Int32,42886
1774010326.4739416,/metrics/pcl/fused/processing_ms,std_msgs/msg/Float32,139.98483276367188
1774010326.7769508,/metrics/pcl/fused/detections_count,std_msgs/msg/Int32,78
1774010326.7770674,/metrics/pcl/fused/points_in,std_msgs/msg/Int32,42813
1774010326.777133,/metrics/pcl/fused/processing_ms,std_msgs/msg/Float32,141.59275817871094
1774010327.0780377,/metrics/pcl/fused/detections_count,std_msgs/msg/Int32,75
1774010327.0781276,/metrics/pcl/fused/points_in,std_msgs/msg/Int32,42836
1774010327.0781806,/metrics/pcl/fused/processing_ms,std_msgs/msg/Float32,140.43984985351562
1774010327.3739135,/metrics/pcl/fused/detections_count,std_msgs/msg/Int32,75
1774010327.3740337,/metrics/pcl/fused/points_in,std_msgs/msg/Int32,42805
1774010327.3740993,/metrics/pcl/fused/processing_ms,std_msgs/msg/Float32,140.7611083984375
1774010327.6704128,/metrics/pcl/fused/detections_count,std_msgs/msg/Int32,79
1774010327.670528,/metrics/pcl/fused/points_in,std_msgs/msg/Int32,42949
1774010327.6705933,/metrics/pcl/fused/processing_ms,std_msgs/msg/Float32,138.92071533203125
1774010327.978217,/metrics/pcl/fused/detections_count,std_msgs/msg/Int32,76
1774010327.9783132,/metrics/pcl/fused/points_in,std_msgs/msg/Int32,42892
1774010327.978366,/metrics/pcl/fused/processing_ms,std_msgs/msg/Float32,138.58053588867188
1774010328.2660954,/metrics/pcl/fused/detections_count,std_msgs/msg/Int32,81
1774010328.2662022,/metrics/pcl/fused/points_in,std_msgs/msg/Int32,42787
1774010328.2662668,/metrics/pcl/fused/processing_ms,std_msgs/msg/Float32,141.47268676757812
1774010328.5677874,/metrics/pcl/fused/detections_count,std_msgs/msg/Int32,76
1774010328.5679123,/metrics/pcl/fused/points_in,std_msgs/msg/Int32,42901
1774010328.568008,/metrics/pcl/fused/processing_ms,std_msgs/msg/Float32,145.78868103027344
1774010328.8602927,/metrics/pcl/fused/detections_count,std_msgs/msg/Int32,75
1774010328.8603966,/metrics/pcl/fused/points_in,std_msgs/msg/Int32,42844
1774010328.8604567,/metrics/pcl/fused/processing_ms,std_msgs/msg/Float32,140.93434143066406
1774010329.1558013,/metrics/pcl/fused/detections_count,std_msgs/msg/Int32,81
1774010329.1559207,/metrics/pcl/fused/points_in,std_msgs/msg/Int32,42802
1774010329.1559858,/metrics/pcl/fused/processing_ms,std_msgs/msg/Float32,135.63250732421875
1774010329.460667,/metrics/pcl/fused/detections_count,std_msgs/msg/Int32,75
1774010329.460793,/metrics/pcl/fused/points_in,std_msgs/msg/Int32,42827
1774010329.460859,/metrics/pcl/fused/processing_ms,std_msgs/msg/Float32,140.65826416015625
1774010329.7656732,/metrics/pcl/fused/detections_count,std_msgs/msg/Int32,78
1774010329.7657933,/metrics/pcl/fused/points_in,std_msgs/msg/Int32,42885
1774010329.765855,/metrics/pcl/fused/processing_ms,std_msgs/msg/Float32,141.93106079101562
1774010330.0667038,/metrics/pcl/fused/detections_count,std_msgs/msg/Int32,82
1774010330.0668042,/metrics/pcl/fused/points_in,std_msgs/msg/Int32,42915
1774010330.0668564,/metrics/pcl/fused/processing_ms,std_msgs/msg/Float32,141.62615966796875
1774010330.360735,/metrics/pcl/fused/detections_count,std_msgs/msg/Int32,79
1774010330.3608422,/metrics/pcl/fused/points_in,std_msgs/msg/Int32,42883
1774010330.3609247,/metrics/pcl/fused/processing_ms,std_msgs/msg/Float32,141.2818603515625
1774010330.6605575,/metrics/pcl/fused/detections_count,std_msgs/msg/Int32,79
1774010330.6606553,/metrics/pcl/fused/points_in,std_msgs/msg/Int32,42893
1774010330.6607125,/metrics/pcl/fused/processing_ms,std_msgs/msg/Float32,141.9256591796875
1774010330.9730465,/metrics/pcl/fused/detections_count,std_msgs/msg/Int32,77
1774010330.9731562,/metrics/pcl/fused/points_in,std_msgs/msg/Int32,42930
1774010330.973218,/metrics/pcl/fused/processing_ms,std_msgs/msg/Float32,141.71902465820312
1774010331.2630014,/metrics/pcl/fused/detections_count,std_msgs/msg/Int32,73
1774010331.2631092,/metrics/pcl/fused/points_in,std_msgs/msg/Int32,42940
1774010331.263171,/metrics/pcl/fused/processing_ms,std_msgs/msg/Float32,139.26663208007812
1774010331.5659356,/metrics/pcl/fused/detections_count,std_msgs/msg/Int32,82
1774010331.5660567,/metrics/pcl/fused/points_in,std_msgs/msg/Int32,42859
1774010331.5661364,/metrics/pcl/fused/processing_ms,std_msgs/msg/Float32,142.23873901367188
1774010331.8670816,/metrics/pcl/fused/detections_count,std_msgs/msg/Int32,74
1774010331.8671894,/metrics/pcl/fused/points_in,std_msgs/msg/Int32,42844
1774010331.8672514,/metrics/pcl/fused/processing_ms,std_msgs/msg/Float32,140.19544982910156
1774010332.1659174,/metrics/pcl/fused/detections_count,std_msgs/msg/Int32,86
1774010332.1660302,/metrics/pcl/fused/points_in,std_msgs/msg/Int32,42827
1774010332.1660914,/metrics/pcl/fused/processing_ms,std_msgs/msg/Float32,141.70811462402344
1774010332.4621193,/metrics/pcl/fused/detections_count,std_msgs/msg/Int32,75
1774010332.4622355,/metrics/pcl/fused/processing_ms,std_msgs/msg/Float32,140.3242950439453
1774010332.462466,/metrics/pcl/fused/points_in,std_msgs/msg/Int32,42847
1774010332.7695494,/metrics/pcl/fused/detections_count,std_msgs/msg/Int32,76
1774010332.7696617,/metrics/pcl/fused/points_in,std_msgs/msg/Int32,42876
1774010332.7697353,/metrics/pcl/fused/processing_ms,std_msgs/msg/Float32,144.12501525878906
1774010333.063142,/metrics/pcl/fused/detections_count,std_msgs/msg/Int32,77
1774010333.0632515,/metrics/pcl/fused/points_in,std_msgs/msg/Int32,42844
1774010333.0633268,/metrics/pcl/fused/processing_ms,std_msgs/msg/Float32,137.1387481689453
1774010333.3560486,/metrics/pcl/fused/detections_count,std_msgs/msg/Int32,76
1774010333.3561447,/metrics/pcl/fused/points_in,std_msgs/msg/Int32,42686
1774010333.356196,/metrics/pcl/fused/processing_ms,std_msgs/msg/Float32,137.7903594970703
1774010333.660386,/metrics/pcl/fused/detections_count,std_msgs/msg/Int32,77
1774010333.660504,/metrics/pcl/fused/points_in,std_msgs/msg/Int32,42834
1774010333.6605744,/metrics/pcl/fused/processing_ms,std_msgs/msg/Float32,140.8295440673828
1774010333.960169,/metrics/pcl/fused/detections_count,std_msgs/msg/Int32,76
1774010333.9602637,/metrics/pcl/fused/points_in,std_msgs/msg/Int32,42763
1774010333.9603136,/metrics/pcl/fused/processing_ms,std_msgs/msg/Float32,138.34254455566406
1774010334.2706082,/metrics/pcl/fused/detections_count,std_msgs/msg/Int32,78
1774010334.2707157,/metrics/pcl/fused/points_in,std_msgs/msg/Int32,42806
1774010334.2707772,/metrics/pcl/fused/processing_ms,std_msgs/msg/Float32,147.1680450439453
1774010334.5655022,/metrics/pcl/fused/detections_count,std_msgs/msg/Int32,74
1774010334.5656168,/metrics/pcl/fused/points_in,std_msgs/msg/Int32,42827
1774010334.5656793,/metrics/pcl/fused/processing_ms,std_msgs/msg/Float32,140.30328369140625
1774010334.8607628,/metrics/pcl/fused/detections_count,std_msgs/msg/Int32,79
1774010334.8608603,/metrics/pcl/fused/points_in,std_msgs/msg/Int32,42927
1774010334.8609288,/metrics/pcl/fused/processing_ms,std_msgs/msg/Float32,139.7797393798828
1774010335.162217,/metrics/pcl/fused/detections_count,std_msgs/msg/Int32,79
1774010335.1623204,/metrics/pcl/fused/points_in,std_msgs/msg/Int32,42962
1774010335.1623719,/metrics/pcl/fused/processing_ms,std_msgs/msg/Float32,138.84959411621094
1774010335.46076,/metrics/pcl/fused/detections_count,std_msgs/msg/Int32,81
1774010335.460855,/metrics/pcl/fused/points_in,std_msgs/msg/Int32,42935
1774010335.4609196,/metrics/pcl/fused/processing_ms,std_msgs/msg/Float32,139.37789916992188
1774010335.7573326,/metrics/pcl/fused/detections_count,std_msgs/msg/Int32,78
1774010335.7574217,/metrics/pcl/fused/points_in,std_msgs/msg/Int32,42875
1774010335.7574728,/metrics/pcl/fused/processing_ms,std_msgs/msg/Float32,137.68234252929688
1774010336.0581112,/metrics/pcl/fused/detections_count,std_msgs/msg/Int32,76
1774010336.058218,/metrics/pcl/fused/points_in,std_msgs/msg/Int32,42920
1774010336.0582798,/metrics/pcl/fused/processing_ms,std_msgs/msg/Float32,137.0083465576172
1774010336.3670056,/metrics/pcl/fused/detections_count,std_msgs/msg/Int32,76
1774010336.3671298,/metrics/pcl/fused/points_in,std_msgs/msg/Int32,42940
1774010336.3671918,/metrics/pcl/fused/processing_ms,std_msgs/msg/Float32,140.728515625
1774010336.6745753,/metrics/pcl/fused/detections_count,std_msgs/msg/Int32,79
1774010336.674683,/metrics/pcl/fused/points_in,std_msgs/msg/Int32,42875
1774010336.6747444,/metrics/pcl/fused/processing_ms,std_msgs/msg/Float32,143.2667694091797
1774010336.9677384,/metrics/pcl/fused/detections_count,std_msgs/msg/Int32,81
1774010336.9678435,/metrics/pcl/fused/points_in,std_msgs/msg/Int32,42884
1774010336.9679163,/metrics/pcl/fused/processing_ms,std_msgs/msg/Float32,137.98880004882812
1774010337.266961,/metrics/pcl/fused/detections_count,std_msgs/msg/Int32,77
1774010337.2670743,/metrics/pcl/fused/points_in,std_msgs/msg/Int32,42818
1774010337.267136,/metrics/pcl/fused/processing_ms,std_msgs/msg/Float32,141.09878540039062
1774010337.5674956,/metrics/pcl/fused/detections_count,std_msgs/msg/Int32,80
1774010337.5675902,/metrics/pcl/fused/points_in,std_msgs/msg/Int32,42796
1774010337.5676441,/metrics/pcl/fused/processing_ms,std_msgs/msg/Float32,141.68505859375
1774010337.868929,/metrics/pcl/fused/detections_count,std_msgs/msg/Int32,78
1774010337.8690376,/metrics/pcl/fused/points_in,std_msgs/msg/Int32,42903
1774010337.8691003,/metrics/pcl/fused/processing_ms,std_msgs/msg/Float32,139.72549438476562
1774010338.1647463,/metrics/pcl/fused/detections_count,std_msgs/msg/Int32,77
1774010338.1648626,/metrics/pcl/fused/points_in,std_msgs/msg/Int32,42792
1774010338.1688328,/metrics/pcl/fused/processing_ms,std_msgs/msg/Float32,140.46823120117188
1774010338.4650898,/metrics/pcl/fused/detections_count,std_msgs/msg/Int32,80
1774010338.4652085,/metrics/pcl/fused/points_in,std_msgs/msg/Int32,42843
1774010338.465269,/metrics/pcl/fused/processing_ms,std_msgs/msg/Float32,139.88331604003906
1774010338.7689953,/metrics/pcl/fused/detections_count,std_msgs/msg/Int32,82
1774010338.7691033,/metrics/pcl/fused/points_in,std_msgs/msg/Int32,42753
1774010338.7691686,/metrics/pcl/fused/processing_ms,std_msgs/msg/Float32,142.288818359375
1774010339.0712304,/metrics/pcl/fused/detections_count,std_msgs/msg/Int32,80
1774010339.0713577,/metrics/pcl/fused/points_in,std_msgs/msg/Int32,42905
1774010339.0714486,/metrics/pcl/fused/processing_ms,std_msgs/msg/Float32,141.76004028320312
1774010339.3663418,/metrics/pcl/fused/detections_count,std_msgs/msg/Int32,74
1774010339.3664515,/metrics/pcl/fused/points_in,std_msgs/msg/Int32,42849
1774010339.366524,/metrics/pcl/fused/processing_ms,std_msgs/msg/Float32,140.79443359375
1774010339.677614,/metrics/pcl/fused/detections_count,std_msgs/msg/Int32,77
1774010339.6777406,/metrics/pcl/fused/points_in,std_msgs/msg/Int32,42827
1774010339.6777976,/metrics/pcl/fused/processing_ms,std_msgs/msg/Float32,143.88587951660156
1774010339.9752011,/metrics/pcl/fused/detections_count,std_msgs/msg/Int32,76
1774010339.975315,/metrics/pcl/fused/points_in,std_msgs/msg/Int32,42788
1774010339.9753892,/metrics/pcl/fused/processing_ms,std_msgs/msg/Float32,142.52459716796875
1774010340.2775393,/metrics/pcl/fused/detections_count,std_msgs/msg/Int32,72
1774010340.2776484,/metrics/pcl/fused/points_in,std_msgs/msg/Int32,42899
1774010340.2777107,/metrics/pcl/fused/processing_ms,std_msgs/msg/Float32,146.50669860839844
1774010340.5732687,/metrics/pcl/fused/detections_count,std_msgs/msg/Int32,75
1774010340.573383,/metrics/pcl/fused/points_in,std_msgs/msg/Int32,42856
1774010340.5734453,/metrics/pcl/fused/processing_ms,std_msgs/msg/Float32,144.75082397460938
1774010340.8763313,/metrics/pcl/fused/detections_count,std_msgs/msg/Int32,79
1774010340.876441,/metrics/pcl/fused/points_in,std_msgs/msg/Int32,42823
1774010340.8765025,/metrics/pcl/fused/processing_ms,std_msgs/msg/Float32,139.310546875
1774010341.166653,/metrics/pcl/fused/detections_count,std_msgs/msg/Int32,83
1774010341.166777,/metrics/pcl/fused/points_in,std_msgs/msg/Int32,42844
1774010341.1668482,/metrics/pcl/fused/processing_ms,std_msgs/msg/Float32,139.62374877929688
1774010341.4741187,/metrics/pcl/fused/detections_count,std_msgs/msg/Int32,79
1774010341.4742277,/metrics/pcl/fused/points_in,std_msgs/msg/Int32,42870
1774010341.4742906,/metrics/pcl/fused/processing_ms,std_msgs/msg/Float32,142.88491821289062
1774010341.774219,/metrics/pcl/fused/detections_count,std_msgs/msg/Int32,79
1774010341.7743442,/metrics/pcl/fused/points_in,std_msgs/msg/Int32,42876
1774010341.7744074,/metrics/pcl/fused/processing_ms,std_msgs/msg/Float32,141.17335510253906
1774010342.0690663,/metrics/pcl/fused/detections_count,std_msgs/msg/Int32,73
1774010342.0691748,/metrics/pcl/fused/points_in,std_msgs/msg/Int32,42876
1774010342.0692382,/metrics/pcl/fused/processing_ms,std_msgs/msg/Float32,142.5103302001953
1774010342.3689375,/metrics/pcl/fused/detections_count,std_msgs/msg/Int32,81
1774010342.369045,/metrics/pcl/fused/points_in,std_msgs/msg/Int32,42870
1774010342.3691056,/metrics/pcl/fused/processing_ms,std_msgs/msg/Float32,140.39117431640625
1774010342.681295,/metrics/pcl/fused/detections_count,std_msgs/msg/Int32,76
1774010342.6814032,/metrics/pcl/fused/points_in,std_msgs/msg/Int32,42826
1774010342.681464,/metrics/pcl/fused/processing_ms,std_msgs/msg/Float32,143.77163696289062
1774010342.9727502,/metrics/pcl/fused/detections_count,std_msgs/msg/Int32,75
1774010342.9728682,/metrics/pcl/fused/points_in,std_msgs/msg/Int32,42749
1774010342.9729671,/metrics/pcl/fused/processing_ms,std_msgs/msg/Float32,145.04490661621094
1774010343.2712615,/metrics/pcl/fused/detections_count,std_msgs/msg/Int32,82
1774010343.2713842,/metrics/pcl/fused/points_in,std_msgs/msg/Int32,42888
1774010343.271467,/metrics/pcl/fused/processing_ms,std_msgs/msg/Float32,138.57484436035156
1774010343.5719833,/metrics/pcl/fused/detections_count,std_msgs/msg/Int32,80
1774010343.5720887,/metrics/pcl/fused/points_in,std_msgs/msg/Int32,42881
1774010343.5721505,/metrics/pcl/fused/processing_ms,std_msgs/msg/Float32,140.84202575683594
1774010343.869696,/metrics/pcl/fused/detections_count,std_msgs/msg/Int32,75
1774010343.8698044,/metrics/pcl/fused/points_in,std_msgs/msg/Int32,42845
1774010343.8698676,/metrics/pcl/fused/processing_ms,std_msgs/msg/Float32,138.99395751953125
1774010344.170162,/metrics/pcl/fused/detections_count,std_msgs/msg/Int32,80
1774010344.1702704,/metrics/pcl/fused/points_in,std_msgs/msg/Int32,42861
1774010344.1703324,/metrics/pcl/fused/processing_ms,std_msgs/msg/Float32,139.57838439941406
1774010344.4677448,/metrics/pcl/fused/detections_count,std_msgs/msg/Int32,77
1774010344.4678555,/metrics/pcl/fused/points_in,std_msgs/msg/Int32,42827
1774010344.4679525,/metrics/pcl/fused/processing_ms,std_msgs/msg/Float32,138.30270385742188
1774010344.7660093,/metrics/pcl/fused/detections_count,std_msgs/msg/Int32,76
1774010344.7661192,/metrics/pcl/fused/points_in,std_msgs/msg/Int32,42815
1774010344.7661808,/metrics/pcl/fused/processing_ms,std_msgs/msg/Float32,137.9154815673828
1774010345.066926,/metrics/pcl/fused/detections_count,std_msgs/msg/Int32,85
1774010345.0670333,/metrics/pcl/fused/points_in,std_msgs/msg/Int32,42686
1774010345.0670953,/metrics/pcl/fused/processing_ms,std_msgs/msg/Float32,137.7720184326172
1774010345.3700612,/metrics/pcl/fused/detections_count,std_msgs/msg/Int32,77
1774010345.3701794,/metrics/pcl/fused/points_in,std_msgs/msg/Int32,42784
1774010345.3702533,/metrics/pcl/fused/processing_ms,std_msgs/msg/Float32,140.9532470703125
1774010345.6684382,/metrics/pcl/fused/detections_count,std_msgs/msg/Int32,81
1774010345.668564,/metrics/pcl/fused/points_in,std_msgs/msg/Int32,42840
1774010345.6686249,/metrics/pcl/fused/processing_ms,std_msgs/msg/Float32,138.89613342285156
1774010345.9720142,/metrics/pcl/fused/detections_count,std_msgs/msg/Int32,78
1774010345.9721248,/metrics/pcl/fused/points_in,std_msgs/msg/Int32,42841
1774010345.9721942,/metrics/pcl/fused/processing_ms,std_msgs/msg/Float32,141.51495361328125
1774010346.273467,/metrics/pcl/fused/detections_count,std_msgs/msg/Int32,76
1774010346.273577,/metrics/pcl/fused/points_in,std_msgs/msg/Int32,42922
1774010346.2736402,/metrics/pcl/fused/processing_ms,std_msgs/msg/Float32,139.98989868164062
1774010346.5750482,/metrics/pcl/fused/detections_count,std_msgs/msg/Int32,84
1774010346.575174,/metrics/pcl/fused/points_in,std_msgs/msg/Int32,42779
1774010346.5752525,/metrics/pcl/fused/processing_ms,std_msgs/msg/Float32,141.47344970703125
1774010346.869671,/metrics/pcl/fused/detections_count,std_msgs/msg/Int32,79
1774010346.8697793,/metrics/pcl/fused/points_in,std_msgs/msg/Int32,42869
1774010346.8698423,/metrics/pcl/fused/processing_ms,std_msgs/msg/Float32,137.79014587402344
1774010347.170693,/metrics/pcl/fused/detections_count,std_msgs/msg/Int32,77
1774010347.170826,/metrics/pcl/fused/points_in,std_msgs/msg/Int32,42861
1774010347.1709397,/metrics/pcl/fused/processing_ms,std_msgs/msg/Float32,139.23431396484375
1774010347.4686434,/metrics/pcl/fused/detections_count,std_msgs/msg/Int32,81
1774010347.4687688,/metrics/pcl/fused/points_in,std_msgs/msg/Int32,42824
1774010347.468844,/metrics/pcl/fused/processing_ms,std_msgs/msg/Float32,136.5500946044922
1774010347.7678154,/metrics/pcl/fused/detections_count,std_msgs/msg/Int32,82
1774010347.7679503,/metrics/pcl/fused/points_in,std_msgs/msg/Int32,42897
1774010347.7680163,/metrics/pcl/fused/processing_ms,std_msgs/msg/Float32,138.5734100341797
1774010348.0686107,/metrics/pcl/fused/detections_count,std_msgs/msg/Int32,75
1774010348.0687196,/metrics/pcl/fused/points_in,std_msgs/msg/Int32,42848
1774010348.0687811,/metrics/pcl/fused/processing_ms,std_msgs/msg/Float32,138.8923797607422
1774010348.3659465,/metrics/pcl/fused/detections_count,std_msgs/msg/Int32,84
1774010348.3660595,/metrics/pcl/fused/points_in,std_msgs/msg/Int32,42853
1774010348.3661222,/metrics/pcl/fused/processing_ms,std_msgs/msg/Float32,136.144287109375
1774010348.670344,/metrics/pcl/fused/detections_count,std_msgs/msg/Int32,81
1774010348.6704552,/metrics/pcl/fused/points_in,std_msgs/msg/Int32,42838
1774010348.67052,/metrics/pcl/fused/processing_ms,std_msgs/msg/Float32,137.66619873046875
1774010348.9691367,/metrics/pcl/fused/detections_count,std_msgs/msg/Int32,79
1774010348.9692314,/metrics/pcl/fused/points_in,std_msgs/msg/Int32,42800
1774010348.9692822,/metrics/pcl/fused/processing_ms,std_msgs/msg/Float32,138.91033935546875
1774010349.274813,/metrics/pcl/fused/detections_count,std_msgs/msg/Int32,79
1774010349.274958,/metrics/pcl/fused/points_in,std_msgs/msg/Int32,42834
1774010349.2750258,/metrics/pcl/fused/processing_ms,std_msgs/msg/Float32,137.49630737304688
1774010349.5677447,/metrics/pcl/fused/detections_count,std_msgs/msg/Int32,73
1774010349.5678596,/metrics/pcl/fused/points_in,std_msgs/msg/Int32,42803
1774010349.5679388,/metrics/pcl/fused/processing_ms,std_msgs/msg/Float32,138.56849670410156
1774010349.8714066,/metrics/pcl/fused/detections_count,std_msgs/msg/Int32,77
1774010349.8715374,/metrics/pcl/fused/points_in,std_msgs/msg/Int32,42782
1774010349.871615,/metrics/pcl/fused/processing_ms,std_msgs/msg/Float32,139.02572631835938
1774010350.1659575,/metrics/pcl/fused/detections_count,std_msgs/msg/Int32,73
1774010350.1660695,/metrics/pcl/fused/points_in,std_msgs/msg/Int32,42768
1774010350.1661348,/metrics/pcl/fused/processing_ms,std_msgs/msg/Float32,137.2942657470703
1774010350.46937,/metrics/pcl/fused/detections_count,std_msgs/msg/Int32,77
1774010350.469479,/metrics/pcl/fused/points_in,std_msgs/msg/Int32,42887
1774010350.469543,/metrics/pcl/fused/processing_ms,std_msgs/msg/Float32,138.12210083007812
1774010350.7682667,/metrics/pcl/fused/detections_count,std_msgs/msg/Int32,80
1774010350.7683797,/metrics/pcl/fused/points_in,std_msgs/msg/Int32,42815
1774010350.7684338,/metrics/pcl/fused/processing_ms,std_msgs/msg/Float32,137.5001220703125
1774010351.0699415,/metrics/pcl/fused/detections_count,std_msgs/msg/Int32,76
1774010351.0700495,/metrics/pcl/fused/points_in,std_msgs/msg/Int32,42897
1774010351.0701132,/metrics/pcl/fused/processing_ms,std_msgs/msg/Float32,137.97665405273438
1774010351.3668945,/metrics/pcl/fused/detections_count,std_msgs/msg/Int32,77
1774010351.3670056,/metrics/pcl/fused/points_in,std_msgs/msg/Int32,42914
1774010351.3670697,/metrics/pcl/fused/processing_ms,std_msgs/msg/Float32,137.81468200683594
1774010351.677561,/metrics/pcl/fused/detections_count,std_msgs/msg/Int32,79
1774010351.6776762,/metrics/pcl/fused/points_in,std_msgs/msg/Int32,42782
1774010351.6777403,/metrics/pcl/fused/processing_ms,std_msgs/msg/Float32,144.74180603027344
1774010351.9738238,/metrics/pcl/fused/detections_count,std_msgs/msg/Int32,73
1774010351.9739444,/metrics/pcl/fused/points_in,std_msgs/msg/Int32,42873
1774010351.9740105,/metrics/pcl/fused/processing_ms,std_msgs/msg/Float32,139.05931091308594
1774010352.271441,/metrics/pcl/fused/detections_count,std_msgs/msg/Int32,75
1774010352.27159,/metrics/pcl/fused/points_in,std_msgs/msg/Int32,42954
1774010352.2716832,/metrics/pcl/fused/processing_ms,std_msgs/msg/Float32,138.61517333984375
1774010352.558358,/metrics/pcl/fused/detections_count,std_msgs/msg/Int32,77
1774010352.5584502,/metrics/pcl/fused/points_in,std_msgs/msg/Int32,42831
1774010352.5585098,/metrics/pcl/fused/processing_ms,std_msgs/msg/Float32,137.26077270507812
1774010352.8578908,/metrics/pcl/fused/detections_count,std_msgs/msg/Int32,69
1774010352.858006,/metrics/pcl/fused/points_in,std_msgs/msg/Int32,42941
1774010352.8580713,/metrics/pcl/fused/processing_ms,std_msgs/msg/Float32,139.07272338867188
1774010353.1553771,/metrics/pcl/fused/detections_count,std_msgs/msg/Int32,73
1774010353.1554863,/metrics/pcl/fused/points_in,std_msgs/msg/Int32,42784
1774010353.1555502,/metrics/pcl/fused/processing_ms,std_msgs/msg/Float32,137.2249298095703
1774010353.4556603,/metrics/pcl/fused/detections_count,std_msgs/msg/Int32,75
1774010353.4557946,/metrics/pcl/fused/points_in,std_msgs/msg/Int32,42880
1774010353.4598477,/metrics/pcl/fused/processing_ms,std_msgs/msg/Float32,138.09254455566406
1774010354.0540082,/metrics/pcl/fused/detections_count,std_msgs/msg/Int32,75
1774010354.0541377,/metrics/pcl/fused/points_in,std_msgs/msg/Int32,42845
1774010354.054224,/metrics/pcl/fused/processing_ms,std_msgs/msg/Float32,139.09429931640625
1774010354.3584263,/metrics/pcl/fused/detections_count,std_msgs/msg/Int32,82
1774010354.3585339,/metrics/pcl/fused/points_in,std_msgs/msg/Int32,42750
1774010354.3585985,/metrics/pcl/fused/processing_ms,std_msgs/msg/Float32,140.08763122558594
1774010354.6564054,/metrics/pcl/fused/detections_count,std_msgs/msg/Int32,78
1774010354.6565025,/metrics/pcl/fused/points_in,std_msgs/msg/Int32,42835
1774010354.656558,/metrics/pcl/fused/processing_ms,std_msgs/msg/Float32,139.42788696289062
1774010354.9546463,/metrics/pcl/fused/detections_count,std_msgs/msg/Int32,76
1774010354.9547539,/metrics/pcl/fused/points_in,std_msgs/msg/Int32,42784
1774010354.954806,/metrics/pcl/fused/processing_ms,std_msgs/msg/Float32,138.0729217529297
1774010355.2575836,/metrics/pcl/fused/detections_count,std_msgs/msg/Int32,80
1774010355.25769,/metrics/pcl/fused/points_in,std_msgs/msg/Int32,42846
1774010355.2577496,/metrics/pcl/fused/processing_ms,std_msgs/msg/Float32,140.64059448242188
1774010355.5627797,/metrics/pcl/fused/detections_count,std_msgs/msg/Int32,74
1774010355.5629025,/metrics/pcl/fused/points_in,std_msgs/msg/Int32,42696
1774010355.562982,/metrics/pcl/fused/processing_ms,std_msgs/msg/Float32,139.3856658935547
1774010355.859252,/metrics/pcl/fused/detections_count,std_msgs/msg/Int32,76
1774010355.8593662,/metrics/pcl/fused/points_in,std_msgs/msg/Int32,42822
1774010355.8594267,/metrics/pcl/fused/processing_ms,std_msgs/msg/Float32,139.23980712890625
1774010356.16236,/metrics/pcl/fused/detections_count,std_msgs/msg/Int32,78
1774010356.162471,/metrics/pcl/fused/points_in,std_msgs/msg/Int32,42782
1774010356.162546,/metrics/pcl/fused/processing_ms,std_msgs/msg/Float32,141.26084899902344
1774010356.4601803,/metrics/pcl/fused/detections_count,std_msgs/msg/Int32,78
1774010356.4602807,/metrics/pcl/fused/points_in,std_msgs/msg/Int32,42847
1774010356.4603407,/metrics/pcl/fused/processing_ms,std_msgs/msg/Float32,141.9976043701172
1774010356.757074,/metrics/pcl/fused/detections_count,std_msgs/msg/Int32,76
1774010356.7571816,/metrics/pcl/fused/points_in,std_msgs/msg/Int32,42831
1774010356.7572443,/metrics/pcl/fused/processing_ms,std_msgs/msg/Float32,138.30572509765625
1774010357.0590498,/metrics/pcl/fused/detections_count,std_msgs/msg/Int32,76
1774010357.059158,/metrics/pcl/fused/points_in,std_msgs/msg/Int32,42751
1774010357.0592194,/metrics/pcl/fused/processing_ms,std_msgs/msg/Float32,140.29603576660156
1774010357.3557732,/metrics/pcl/fused/detections_count,std_msgs/msg/Int32,79
1774010357.355893,/metrics/pcl/fused/points_in,std_msgs/msg/Int32,42831
1774010357.3559647,/metrics/pcl/fused/processing_ms,std_msgs/msg/Float32,137.07113647460938
1774010357.6666503,/metrics/pcl/fused/detections_count,std_msgs/msg/Int32,78
1774010357.666758,/metrics/pcl/fused/points_in,std_msgs/msg/Int32,42972
1774010357.6668198,/metrics/pcl/fused/processing_ms,std_msgs/msg/Float32,143.58209228515625
1774010357.9591687,/metrics/pcl/fused/detections_count,std_msgs/msg/Int32,77
1774010357.9592772,/metrics/pcl/fused/points_in,std_msgs/msg/Int32,42853
1774010357.9593375,/metrics/pcl/fused/processing_ms,std_msgs/msg/Float32,138.1018524169922
1774010358.2563293,/metrics/pcl/fused/detections_count,std_msgs/msg/Int32,76
1774010358.256446,/metrics/pcl/fused/points_in,std_msgs/msg/Int32,42850
1774010358.256511,/metrics/pcl/fused/processing_ms,std_msgs/msg/Float32,137.9865264892578
1774010358.5575335,/metrics/pcl/fused/detections_count,std_msgs/msg/Int32,79
1774010358.557656,/metrics/pcl/fused/points_in,std_msgs/msg/Int32,42772
1774010358.557731,/metrics/pcl/fused/processing_ms,std_msgs/msg/Float32,138.3802490234375
1774010358.859591,/metrics/pcl/fused/detections_count,std_msgs/msg/Int32,80
1774010358.8596957,/metrics/pcl/fused/points_in,std_msgs/msg/Int32,42915
1774010358.8597555,/metrics/pcl/fused/processing_ms,std_msgs/msg/Float32,138.45909118652344
1774010359.1601222,/metrics/pcl/fused/detections_count,std_msgs/msg/Int32,77
1774010359.1602309,/metrics/pcl/fused/points_in,std_msgs/msg/Int32,42848
1774010359.160291,/metrics/pcl/fused/processing_ms,std_msgs/msg/Float32,139.31602478027344
1774010359.4583972,/metrics/pcl/fused/detections_count,std_msgs/msg/Int32,81
1774010359.4585016,/metrics/pcl/fused/points_in,std_msgs/msg/Int32,42750
1774010359.4585624,/metrics/pcl/fused/processing_ms,std_msgs/msg/Float32,137.04666137695312
1774010359.7613373,/metrics/pcl/fused/detections_count,std_msgs/msg/Int32,76
1774010359.7614565,/metrics/pcl/fused/points_in,std_msgs/msg/Int32,42903
1774010359.7615192,/metrics/pcl/fused/processing_ms,std_msgs/msg/Float32,140.05908203125
1774010360.0617754,/metrics/pcl/fused/detections_count,std_msgs/msg/Int32,76
1774010360.061894,/metrics/pcl/fused/points_in,std_msgs/msg/Int32,42916
1774010360.0619712,/metrics/pcl/fused/processing_ms,std_msgs/msg/Float32,138.1115264892578
1774010360.3630502,/metrics/pcl/fused/detections_count,std_msgs/msg/Int32,75
1774010360.3631616,/metrics/pcl/fused/points_in,std_msgs/msg/Int32,42957
1774010360.3632233,/metrics/pcl/fused/processing_ms,std_msgs/msg/Float32,139.1664581298828
1774010360.6635132,/metrics/pcl/fused/detections_count,std_msgs/msg/Int32,79
1774010360.6636176,/metrics/pcl/fused/points_in,std_msgs/msg/Int32,42854
1774010360.6636796,/metrics/pcl/fused/processing_ms,std_msgs/msg/Float32,138.2078094482422
1774010360.9612434,/metrics/pcl/fused/detections_count,std_msgs/msg/Int32,77
1774010360.9613533,/metrics/pcl/fused/points_in,std_msgs/msg/Int32,42866
1774010360.9614146,/metrics/pcl/fused/processing_ms,std_msgs/msg/Float32,139.5500946044922
1774010361.2622936,/metrics/pcl/fused/detections_count,std_msgs/msg/Int32,77
1774010361.262402,/metrics/pcl/fused/points_in,std_msgs/msg/Int32,42871
1774010361.2624648,/metrics/pcl/fused/processing_ms,std_msgs/msg/Float32,139.42852783203125
1774010361.5634682,/metrics/pcl/fused/detections_count,std_msgs/msg/Int32,77
1774010361.5635762,/metrics/pcl/fused/points_in,std_msgs/msg/Int32,42893
1774010361.5636382,/metrics/pcl/fused/processing_ms,std_msgs/msg/Float32,139.85647583007812
1774010361.8623126,/metrics/pcl/fused/detections_count,std_msgs/msg/Int32,75
1774010361.8624203,/metrics/pcl/fused/points_in,std_msgs/msg/Int32,42929
1774010361.862481,/metrics/pcl/fused/processing_ms,std_msgs/msg/Float32,136.5693359375
1774010362.163234,/metrics/pcl/fused/detections_count,std_msgs/msg/Int32,81
1774010362.1633499,/metrics/pcl/fused/points_in,std_msgs/msg/Int32,42914
1774010362.163413,/metrics/pcl/fused/processing_ms,std_msgs/msg/Float32,136.47743225097656
1774010362.4656684,/metrics/pcl/fused/detections_count,std_msgs/msg/Int32,77
1774010362.4657848,/metrics/pcl/fused/points_in,std_msgs/msg/Int32,42988
1774010362.4658465,/metrics/pcl/fused/processing_ms,std_msgs/msg/Float32,138.23965454101562
1774010362.762283,/metrics/pcl/fused/detections_count,std_msgs/msg/Int32,76
1774010362.7623863,/metrics/pcl/fused/points_in,std_msgs/msg/Int32,42832
1774010362.7624474,/metrics/pcl/fused/processing_ms,std_msgs/msg/Float32,137.27395629882812
1774010363.0695014,/metrics/pcl/fused/detections_count,std_msgs/msg/Int32,79
1774010363.0696094,/metrics/pcl/fused/points_in,std_msgs/msg/Int32,42800
1774010363.0696738,/metrics/pcl/fused/processing_ms,std_msgs/msg/Float32,141.46493530273438
1774010363.360072,/metrics/pcl/fused/detections_count,std_msgs/msg/Int32,81
1774010363.3601787,/metrics/pcl/fused/points_in,std_msgs/msg/Int32,42812
1774010363.3602405,/metrics/pcl/fused/processing_ms,std_msgs/msg/Float32,137.2818603515625
1774010363.66455,/metrics/pcl/fused/detections_count,std_msgs/msg/Int32,78
1774010363.6646714,/metrics/pcl/fused/points_in,std_msgs/msg/Int32,42849
1774010363.6647544,/metrics/pcl/fused/processing_ms,std_msgs/msg/Float32,140.23170471191406
1774010363.9623811,/metrics/pcl/fused/detections_count,std_msgs/msg/Int32,78
1774010363.9624898,/metrics/pcl/fused/points_in,std_msgs/msg/Int32,42939
1774010363.9625518,/metrics/pcl/fused/processing_ms,std_msgs/msg/Float32,139.1162872314453
1774010364.2630906,/metrics/pcl/fused/detections_count,std_msgs/msg/Int32,76
1774010364.263198,/metrics/pcl/fused/points_in,std_msgs/msg/Int32,42827
1774010364.2632606,/metrics/pcl/fused/processing_ms,std_msgs/msg/Float32,139.00274658203125
1774010364.560933,/metrics/pcl/fused/detections_count,std_msgs/msg/Int32,83
1774010364.5610495,/metrics/pcl/fused/points_in,std_msgs/msg/Int32,42788
1774010364.5611198,/metrics/pcl/fused/processing_ms,std_msgs/msg/Float32,138.0796661376953
1774010364.8656535,/metrics/pcl/fused/detections_count,std_msgs/msg/Int32,72
1774010364.8657603,/metrics/pcl/fused/points_in,std_msgs/msg/Int32,42739
1774010364.8658204,/metrics/pcl/fused/processing_ms,std_msgs/msg/Float32,141.3518524169922
1774010365.1644564,/metrics/pcl/fused/detections_count,std_msgs/msg/Int32,80
1774010365.1645656,/metrics/pcl/fused/points_in,std_msgs/msg/Int32,42795
1774010365.1646276,/metrics/pcl/fused/processing_ms,std_msgs/msg/Float32,139.7476043701172
1774010365.4615552,/metrics/pcl/fused/detections_count,std_msgs/msg/Int32,77
1774010365.4616625,/metrics/pcl/fused/points_in,std_msgs/msg/Int32,42872
1774010365.461725,/metrics/pcl/fused/processing_ms,std_msgs/msg/Float32,137.62948608398438
1774010365.7636137,/metrics/pcl/fused/detections_count,std_msgs/msg/Int32,77
1774010365.7637239,/metrics/pcl/fused/points_in,std_msgs/msg/Int32,42812
1774010365.7637858,/metrics/pcl/fused/processing_ms,std_msgs/msg/Float32,138.77239990234375
1774010366.064282,/metrics/pcl/fused/detections_count,std_msgs/msg/Int32,78
1774010366.0643907,/metrics/pcl/fused/points_in,std_msgs/msg/Int32,42837
1774010366.064454,/metrics/pcl/fused/processing_ms,std_msgs/msg/Float32,138.07162475585938
1774010366.3639739,/metrics/pcl/fused/detections_count,std_msgs/msg/Int32,77
1774010366.3640816,/metrics/pcl/fused/points_in,std_msgs/msg/Int32,42905
1774010366.3641422,/metrics/pcl/fused/processing_ms,std_msgs/msg/Float32,141.19955444335938
1774010366.6695035,/metrics/pcl/fused/detections_count,std_msgs/msg/Int32,76
1774010366.6696172,/metrics/pcl/fused/points_in,std_msgs/msg/Int32,42939
1774010366.6696773,/metrics/pcl/fused/processing_ms,std_msgs/msg/Float32,140.9459686279297
1774010366.969075,/metrics/pcl/fused/detections_count,std_msgs/msg/Int32,77
1774010366.9691815,/metrics/pcl/fused/points_in,std_msgs/msg/Int32,42894
1774010366.9692426,/metrics/pcl/fused/processing_ms,std_msgs/msg/Float32,141.1565704345703
1774010367.2657237,/metrics/pcl/fused/detections_count,std_msgs/msg/Int32,79
1774010367.2658415,/metrics/pcl/fused/points_in,std_msgs/msg/Int32,42919
1774010367.2659144,/metrics/pcl/fused/processing_ms,std_msgs/msg/Float32,139.76805114746094
1774010367.5651088,/metrics/pcl/fused/detections_count,std_msgs/msg/Int32,83
1774010367.5652132,/metrics/pcl/fused/points_in,std_msgs/msg/Int32,42802
1774010367.565274,/metrics/pcl/fused/processing_ms,std_msgs/msg/Float32,137.701416015625
1774010367.863539,/metrics/pcl/fused/detections_count,std_msgs/msg/Int32,75
1774010367.8636448,/metrics/pcl/fused/points_in,std_msgs/msg/Int32,42920
1774010367.863706,/metrics/pcl/fused/processing_ms,std_msgs/msg/Float32,139.77098083496094
1774010368.1651971,/metrics/pcl/fused/detections_count,std_msgs/msg/Int32,77
1774010368.1653,/metrics/pcl/fused/points_in,std_msgs/msg/Int32,42823
1774010368.165361,/metrics/pcl/fused/processing_ms,std_msgs/msg/Float32,139.92103576660156
1774010368.4667659,/metrics/pcl/fused/detections_count,std_msgs/msg/Int32,77
1774010368.4669163,/metrics/pcl/fused/points_in,std_msgs/msg/Int32,42871
1774010368.467,/metrics/pcl/fused/processing_ms,std_msgs/msg/Float32,140.02203369140625
1774010368.7720137,/metrics/pcl/fused/detections_count,std_msgs/msg/Int32,77
1774010368.7721236,/metrics/pcl/fused/points_in,std_msgs/msg/Int32,42823
1774010368.7721994,/metrics/pcl/fused/processing_ms,std_msgs/msg/Float32,140.51885986328125
1774010369.069516,/metrics/pcl/fused/detections_count,std_msgs/msg/Int32,78
1774010369.0696375,/metrics/pcl/fused/points_in,std_msgs/msg/Int32,42814
1774010369.0696993,/metrics/pcl/fused/processing_ms,std_msgs/msg/Float32,137.9833984375
1774010369.3658621,/metrics/pcl/fused/detections_count,std_msgs/msg/Int32,77
1774010369.3659916,/metrics/pcl/fused/points_in,std_msgs/msg/Int32,42869
1774010369.366054,/metrics/pcl/fused/processing_ms,std_msgs/msg/Float32,140.628173828125
1774010369.665217,/metrics/pcl/fused/detections_count,std_msgs/msg/Int32,82
1774010369.665324,/metrics/pcl/fused/points_in,std_msgs/msg/Int32,43016
1774010369.6653845,/metrics/pcl/fused/processing_ms,std_msgs/msg/Float32,137.95941162109375
1774010369.966163,/metrics/pcl/fused/detections_count,std_msgs/msg/Int32,79
1774010369.9662766,/metrics/pcl/fused/points_in,std_msgs/msg/Int32,42860
1774010369.9663527,/metrics/pcl/fused/processing_ms,std_msgs/msg/Float32,138.18275451660156
1774010370.2670174,/metrics/pcl/fused/detections_count,std_msgs/msg/Int32,76
1774010370.2671232,/metrics/pcl/fused/points_in,std_msgs/msg/Int32,42835
1774010370.267185,/metrics/pcl/fused/processing_ms,std_msgs/msg/Float32,139.65994262695312
1774010370.5699322,/metrics/pcl/fused/detections_count,std_msgs/msg/Int32,81
1774010370.570041,/metrics/pcl/fused/points_in,std_msgs/msg/Int32,42712
1774010370.570104,/metrics/pcl/fused/processing_ms,std_msgs/msg/Float32,137.33688354492188
1774010370.8689828,/metrics/pcl/fused/detections_count,std_msgs/msg/Int32,80
1774010370.8690982,/metrics/pcl/fused/points_in,std_msgs/msg/Int32,42659
1774010370.8691587,/metrics/pcl/fused/processing_ms,std_msgs/msg/Float32,138.10232543945312
1774010371.167197,/metrics/pcl/fused/detections_count,std_msgs/msg/Int32,84
1774010371.167306,/metrics/pcl/fused/points_in,std_msgs/msg/Int32,42779
1774010371.1673675,/metrics/pcl/fused/processing_ms,std_msgs/msg/Float32,136.69662475585938
1774010371.4677668,/metrics/pcl/fused/detections_count,std_msgs/msg/Int32,80
1774010371.4678848,/metrics/pcl/fused/points_in,std_msgs/msg/Int32,42878
1774010371.4679518,/metrics/pcl/fused/processing_ms,std_msgs/msg/Float32,137.9795684814453
1774010371.7729206,/metrics/pcl/fused/detections_count,std_msgs/msg/Int32,75
1774010371.7730453,/metrics/pcl/fused/points_in,std_msgs/msg/Int32,42786
1774010371.7731075,/metrics/pcl/fused/processing_ms,std_msgs/msg/Float32,138.69886779785156
1774010372.0688627,/metrics/pcl/fused/detections_count,std_msgs/msg/Int32,78
1774010372.0689952,/metrics/pcl/fused/points_in,std_msgs/msg/Int32,42846
1774010372.069075,/metrics/pcl/fused/processing_ms,std_msgs/msg/Float32,138.84596252441406
1774010372.3727844,/metrics/pcl/fused/detections_count,std_msgs/msg/Int32,81
1774010372.3729029,/metrics/pcl/fused/points_in,std_msgs/msg/Int32,42815
1774010372.3729722,/metrics/pcl/fused/processing_ms,std_msgs/msg/Float32,138.58457946777344
1774010372.667598,/metrics/pcl/fused/detections_count,std_msgs/msg/Int32,80
1774010372.6677053,/metrics/pcl/fused/points_in,std_msgs/msg/Int32,42793
1774010372.667767,/metrics/pcl/fused/processing_ms,std_msgs/msg/Float32,139.025390625
1774010372.9706943,/metrics/pcl/fused/detections_count,std_msgs/msg/Int32,80
1774010372.9707994,/metrics/pcl/fused/points_in,std_msgs/msg/Int32,42745
1774010372.970885,/metrics/pcl/fused/processing_ms,std_msgs/msg/Float32,138.8166961669922
1774010373.2694335,/metrics/pcl/fused/detections_count,std_msgs/msg/Int32,76
1774010373.2695642,/metrics/pcl/fused/points_in,std_msgs/msg/Int32,42740
1774010373.2696245,/metrics/pcl/fused/processing_ms,std_msgs/msg/Float32,139.78453063964844
1774010373.571717,/metrics/pcl/fused/detections_count,std_msgs/msg/Int32,87
1774010373.5718179,/metrics/pcl/fused/points_in,std_msgs/msg/Int32,42851
1774010373.57189,/metrics/pcl/fused/processing_ms,std_msgs/msg/Float32,139.23403930664062
1774010373.868348,/metrics/pcl/fused/detections_count,std_msgs/msg/Int32,81
1774010373.8684552,/metrics/pcl/fused/points_in,std_msgs/msg/Int32,42833
1774010373.8685172,/metrics/pcl/fused/processing_ms,std_msgs/msg/Float32,137.74609375
1774010374.1647272,/metrics/pcl/fused/detections_count,std_msgs/msg/Int32,82
1774010374.164838,/metrics/pcl/fused/points_in,std_msgs/msg/Int32,42792
1774010374.1649125,/metrics/pcl/fused/processing_ms,std_msgs/msg/Float32,136.45950317382812
1774010374.469553,/metrics/pcl/fused/detections_count,std_msgs/msg/Int32,81
1774010374.4696596,/metrics/pcl/fused/points_in,std_msgs/msg/Int32,42818
1774010374.4697204,/metrics/pcl/fused/processing_ms,std_msgs/msg/Float32,138.45245361328125
1774010374.7678342,/metrics/pcl/fused/detections_count,std_msgs/msg/Int32,76
1774010374.7679622,/metrics/pcl/fused/points_in,std_msgs/msg/Int32,42784
1774010374.768028,/metrics/pcl/fused/processing_ms,std_msgs/msg/Float32,138.3007354736328
1774010375.0687494,/metrics/pcl/fused/detections_count,std_msgs/msg/Int32,78
1774010375.068862,/metrics/pcl/fused/points_in,std_msgs/msg/Int32,42815
1774010375.0689642,/metrics/pcl/fused/processing_ms,std_msgs/msg/Float32,137.94337463378906
1774010375.368399,/metrics/pcl/fused/detections_count,std_msgs/msg/Int32,77
1774010375.3685153,/metrics/pcl/fused/points_in,std_msgs/msg/Int32,42811
1774010375.368577,/metrics/pcl/fused/processing_ms,std_msgs/msg/Float32,137.13726806640625
1774010375.6702917,/metrics/pcl/fused/detections_count,std_msgs/msg/Int32,82
1774010375.670397,/metrics/pcl/fused/points_in,std_msgs/msg/Int32,42831
1774010375.670458,/metrics/pcl/fused/processing_ms,std_msgs/msg/Float32,136.51913452148438
1774010375.9745283,/metrics/pcl/fused/detections_count,std_msgs/msg/Int32,81
1774010375.9746375,/metrics/pcl/fused/points_in,std_msgs/msg/Int32,42836
1774010375.974699,/metrics/pcl/fused/processing_ms,std_msgs/msg/Float32,137.80934143066406
1774010376.2712557,/metrics/pcl/fused/detections_count,std_msgs/msg/Int32,78
1774010376.271369,/metrics/pcl/fused/points_in,std_msgs/msg/Int32,42794
1774010376.2714467,/metrics/pcl/fused/processing_ms,std_msgs/msg/Float32,139.72430419921875
1774010376.5699322,/metrics/pcl/fused/detections_count,std_msgs/msg/Int32,78
1774010376.5700467,/metrics/pcl/fused/points_in,std_msgs/msg/Int32,42861
1774010376.5701106,/metrics/pcl/fused/processing_ms,std_msgs/msg/Float32,137.64358520507812
1774010376.865665,/metrics/pcl/fused/detections_count,std_msgs/msg/Int32,79
1774010376.8657598,/metrics/pcl/fused/points_in,std_msgs/msg/Int32,42807
1774010376.8658113,/metrics/pcl/fused/processing_ms,std_msgs/msg/Float32,139.33447265625
1774010377.1621506,/metrics/pcl/fused/detections_count,std_msgs/msg/Int32,73
1774010377.1622663,/metrics/pcl/fused/points_in,std_msgs/msg/Int32,42899
1774010377.1623409,/metrics/pcl/fused/processing_ms,std_msgs/msg/Float32,141.9571533203125
1774010377.4578323,/metrics/pcl/fused/detections_count,std_msgs/msg/Int32,75
1774010377.457966,/metrics/pcl/fused/points_in,std_msgs/msg/Int32,42882
1774010377.4580233,/metrics/pcl/fused/processing_ms,std_msgs/msg/Float32,139.3056182861328
1774010377.7529159,/metrics/pcl/fused/detections_count,std_msgs/msg/Int32,77
1774010377.7530437,/metrics/pcl/fused/points_in,std_msgs/msg/Int32,42811
1774010377.7531147,/metrics/pcl/fused/processing_ms,std_msgs/msg/Float32,139.1416015625
1774010378.0555518,/metrics/pcl/fused/detections_count,std_msgs/msg/Int32,72
1774010378.0556607,/metrics/pcl/fused/points_in,std_msgs/msg/Int32,42900
1774010378.055722,/metrics/pcl/fused/processing_ms,std_msgs/msg/Float32,137.18780517578125
1774010378.358315,/metrics/pcl/fused/detections_count,std_msgs/msg/Int32,81
1774010378.358424,/metrics/pcl/fused/points_in,std_msgs/msg/Int32,42865
1774010378.3584852,/metrics/pcl/fused/processing_ms,std_msgs/msg/Float32,137.7574920654297
1774010378.6614635,/metrics/pcl/fused/detections_count,std_msgs/msg/Int32,72
1774010378.6615696,/metrics/pcl/fused/points_in,std_msgs/msg/Int32,42821
1774010378.66163,/metrics/pcl/fused/processing_ms,std_msgs/msg/Float32,142.42149353027344
1774010378.960032,/metrics/pcl/fused/detections_count,std_msgs/msg/Int32,78
1774010378.9601593,/metrics/pcl/fused/points_in,std_msgs/msg/Int32,42777
1774010378.960237,/metrics/pcl/fused/processing_ms,std_msgs/msg/Float32,142.14556884765625
1774010379.2695138,/metrics/pcl/fused/detections_count,std_msgs/msg/Int32,77
1774010379.2696311,/metrics/pcl/fused/points_in,std_msgs/msg/Int32,42889
1774010379.2697058,/metrics/pcl/fused/processing_ms,std_msgs/msg/Float32,145.19937133789062
1774010379.558497,/metrics/pcl/fused/detections_count,std_msgs/msg/Int32,76
1774010379.5586042,/metrics/pcl/fused/points_in,std_msgs/msg/Int32,42858
1774010379.5586662,/metrics/pcl/fused/processing_ms,std_msgs/msg/Float32,139.36424255371094
1774010379.858352,/metrics/pcl/fused/detections_count,std_msgs/msg/Int32,77
1774010379.8584688,/metrics/pcl/fused/points_in,std_msgs/msg/Int32,42723
1774010379.8585331,/metrics/pcl/fused/processing_ms,std_msgs/msg/Float32,138.88113403320312
1774010380.1566224,/metrics/pcl/fused/detections_count,std_msgs/msg/Int32,78
1774010380.1567416,/metrics/pcl/fused/points_in,std_msgs/msg/Int32,42886
1774010380.1568027,/metrics/pcl/fused/processing_ms,std_msgs/msg/Float32,140.36277770996094
1774010380.4567063,/metrics/pcl/fused/detections_count,std_msgs/msg/Int32,76
1774010380.4568133,/metrics/pcl/fused/points_in,std_msgs/msg/Int32,42832
1774010380.4568858,/metrics/pcl/fused/processing_ms,std_msgs/msg/Float32,137.84767150878906
1774010380.7570212,/metrics/pcl/fused/detections_count,std_msgs/msg/Int32,81
1774010380.757133,/metrics/pcl/fused/points_in,std_msgs/msg/Int32,42805
1774010380.7571962,/metrics/pcl/fused/processing_ms,std_msgs/msg/Float32,138.44737243652344
1774010381.0583377,/metrics/pcl/fused/detections_count,std_msgs/msg/Int32,74
1774010381.0584505,/metrics/pcl/fused/points_in,std_msgs/msg/Int32,42808
1774010381.0585153,/metrics/pcl/fused/processing_ms,std_msgs/msg/Float32,138.20599365234375
1774010381.3562312,/metrics/pcl/fused/detections_count,std_msgs/msg/Int32,80
1774010381.356344,/metrics/pcl/fused/points_in,std_msgs/msg/Int32,42833
1774010381.3564224,/metrics/pcl/fused/processing_ms,std_msgs/msg/Float32,137.4298553466797
1774010381.6607258,/metrics/pcl/fused/detections_count,std_msgs/msg/Int32,74
1774010381.660831,/metrics/pcl/fused/points_in,std_msgs/msg/Int32,42792
1774010381.660908,/metrics/pcl/fused/processing_ms,std_msgs/msg/Float32,141.06228637695312
1774010381.9612324,/metrics/pcl/fused/detections_count,std_msgs/msg/Int32,78
1774010381.9613404,/metrics/pcl/fused/points_in,std_msgs/msg/Int32,42731
1774010381.9614043,/metrics/pcl/fused/processing_ms,std_msgs/msg/Float32,141.0397491455078
1774010382.2587874,/metrics/pcl/fused/detections_count,std_msgs/msg/Int32,76
1774010382.2589245,/metrics/pcl/fused/points_in,std_msgs/msg/Int32,42766
1774010382.258993,/metrics/pcl/fused/processing_ms,std_msgs/msg/Float32,139.13624572753906
1774010382.5650403,/metrics/pcl/fused/detections_count,std_msgs/msg/Int32,77
1774010382.5651453,/metrics/pcl/fused/points_in,std_msgs/msg/Int32,42980
1774010382.5652087,/metrics/pcl/fused/processing_ms,std_msgs/msg/Float32,142.0343475341797
1774010382.865055,/metrics/pcl/fused/detections_count,std_msgs/msg/Int32,78
1774010382.865203,/metrics/pcl/fused/points_in,std_msgs/msg/Int32,42727
1774010382.865264,/metrics/pcl/fused/processing_ms,std_msgs/msg/Float32,141.61257934570312
1774010383.1641555,/metrics/pcl/fused/detections_count,std_msgs/msg/Int32,77
1774010383.1642647,/metrics/pcl/fused/points_in,std_msgs/msg/Int32,42738
1774010383.1643298,/metrics/pcl/fused/processing_ms,std_msgs/msg/Float32,140.78041076660156
1774010383.4671612,/metrics/pcl/fused/detections_count,std_msgs/msg/Int32,79
1774010383.467275,/metrics/pcl/fused/points_in,std_msgs/msg/Int32,42644
1774010383.4673371,/metrics/pcl/fused/processing_ms,std_msgs/msg/Float32,142.94827270507812
1774010383.7671702,/metrics/pcl/fused/detections_count,std_msgs/msg/Int32,76
1774010383.7672741,/metrics/pcl/fused/points_in,std_msgs/msg/Int32,42869
1774010383.7673392,/metrics/pcl/fused/processing_ms,std_msgs/msg/Float32,142.86972045898438
1774010384.0587828,/metrics/pcl/fused/detections_count,std_msgs/msg/Int32,81
1774010384.0589056,/metrics/pcl/fused/points_in,std_msgs/msg/Int32,42778
1774010384.058991,/metrics/pcl/fused/processing_ms,std_msgs/msg/Float32,139.04283142089844
1774010384.3608809,/metrics/pcl/fused/detections_count,std_msgs/msg/Int32,76
1774010384.3609922,/metrics/pcl/fused/points_in,std_msgs/msg/Int32,42787
1774010384.3610563,/metrics/pcl/fused/processing_ms,std_msgs/msg/Float32,139.45413208007812
1774010384.6674423,/metrics/pcl/fused/detections_count,std_msgs/msg/Int32,76
1774010384.667553,/metrics/pcl/fused/points_in,std_msgs/msg/Int32,42758
1774010384.6676168,/metrics/pcl/fused/processing_ms,std_msgs/msg/Float32,144.19467163085938
1774010384.9660478,/metrics/pcl/fused/detections_count,std_msgs/msg/Int32,78
1774010384.9661536,/metrics/pcl/fused/points_in,std_msgs/msg/Int32,42800
1774010384.9662178,/metrics/pcl/fused/processing_ms,std_msgs/msg/Float32,139.45440673828125
1774010385.2627623,/metrics/pcl/fused/detections_count,std_msgs/msg/Int32,82
1774010385.2628868,/metrics/pcl/fused/points_in,std_msgs/msg/Int32,42886
1774010385.2629666,/metrics/pcl/fused/processing_ms,std_msgs/msg/Float32,138.49069213867188
1774010385.557397,/metrics/pcl/fused/detections_count,std_msgs/msg/Int32,79
1774010385.5575154,/metrics/pcl/fused/points_in,std_msgs/msg/Int32,42848
1774010385.5575805,/metrics/pcl/fused/processing_ms,std_msgs/msg/Float32,135.30560302734375
1774010385.8632355,/metrics/pcl/fused/detections_count,std_msgs/msg/Int32,82
1774010385.863343,/metrics/pcl/fused/points_in,std_msgs/msg/Int32,42916
1774010385.8634052,/metrics/pcl/fused/processing_ms,std_msgs/msg/Float32,137.43516540527344
1774010386.1595662,/metrics/pcl/fused/detections_count,std_msgs/msg/Int32,77
1774010386.159674,/metrics/pcl/fused/points_in,std_msgs/msg/Int32,42745
1774010386.1597362,/metrics/pcl/fused/processing_ms,std_msgs/msg/Float32,137.77101135253906
1774010386.46985,/metrics/pcl/fused/detections_count,std_msgs/msg/Int32,80
1774010386.469989,/metrics/pcl/fused/points_in,std_msgs/msg/Int32,42859
1774010386.4700537,/metrics/pcl/fused/processing_ms,std_msgs/msg/Float32,138.27354431152344
1774010386.766157,/metrics/pcl/fused/detections_count,std_msgs/msg/Int32,80
1774010386.766266,/metrics/pcl/fused/points_in,std_msgs/msg/Int32,42732
1774010386.7663279,/metrics/pcl/fused/processing_ms,std_msgs/msg/Float32,136.6449737548828
1774010387.0693219,/metrics/pcl/fused/detections_count,std_msgs/msg/Int32,79
1774010387.0694299,/metrics/pcl/fused/points_in,std_msgs/msg/Int32,42885
1774010387.0694916,/metrics/pcl/fused/processing_ms,std_msgs/msg/Float32,139.05703735351562
1774010387.368618,/metrics/pcl/fused/detections_count,std_msgs/msg/Int32,75
1774010387.3687263,/metrics/pcl/fused/points_in,std_msgs/msg/Int32,42683
1774010387.3687885,/metrics/pcl/fused/processing_ms,std_msgs/msg/Float32,139.2466583251953
1774010387.674122,/metrics/pcl/fused/detections_count,std_msgs/msg/Int32,80
1774010387.6742563,/metrics/pcl/fused/points_in,std_msgs/msg/Int32,42866
1774010387.6743324,/metrics/pcl/fused/processing_ms,std_msgs/msg/Float32,141.7431640625
1774010387.9752343,/metrics/pcl/fused/detections_count,std_msgs/msg/Int32,72
1774010387.9753637,/metrics/pcl/fused/points_in,std_msgs/msg/Int32,42893
1774010387.9754252,/metrics/pcl/fused/processing_ms,std_msgs/msg/Float32,140.28536987304688
1774010388.2761261,/metrics/pcl/fused/detections_count,std_msgs/msg/Int32,75
1774010388.2762547,/metrics/pcl/fused/points_in,std_msgs/msg/Int32,42721
1774010388.2763174,/metrics/pcl/fused/processing_ms,std_msgs/msg/Float32,139.52354431152344
1774010388.5776248,/metrics/pcl/fused/detections_count,std_msgs/msg/Int32,76
1774010388.577734,/metrics/pcl/fused/points_in,std_msgs/msg/Int32,42875
1774010388.577797,/metrics/pcl/fused/processing_ms,std_msgs/msg/Float32,141.6373748779297
1774010388.8685412,/metrics/pcl/fused/detections_count,std_msgs/msg/Int32,79
1774010388.8686502,/metrics/pcl/fused/points_in,std_msgs/msg/Int32,42789
1774010388.868712,/metrics/pcl/fused/processing_ms,std_msgs/msg/Float32,141.35231018066406
1774010389.1654532,/metrics/pcl/fused/detections_count,std_msgs/msg/Int32,74
1774010389.1655622,/metrics/pcl/fused/points_in,std_msgs/msg/Int32,42843
1774010389.1656244,/metrics/pcl/fused/processing_ms,std_msgs/msg/Float32,139.18966674804688
1774010389.4672587,/metrics/pcl/fused/detections_count,std_msgs/msg/Int32,72
1774010389.4673645,/metrics/pcl/fused/points_in,std_msgs/msg/Int32,42803
1774010389.4674404,/metrics/pcl/fused/processing_ms,std_msgs/msg/Float32,142.3897705078125
1774010389.7703536,/metrics/pcl/fused/detections_count,std_msgs/msg/Int32,77
1774010389.7704668,/metrics/pcl/fused/points_in,std_msgs/msg/Int32,42905
1774010389.7705305,/metrics/pcl/fused/processing_ms,std_msgs/msg/Float32,140.7919464111328
1774010390.0744898,/metrics/pcl/fused/detections_count,std_msgs/msg/Int32,77
1774010390.0745964,/metrics/pcl/fused/points_in,std_msgs/msg/Int32,42870
1774010390.0746589,/metrics/pcl/fused/processing_ms,std_msgs/msg/Float32,141.39938354492188
1774010390.3692846,/metrics/pcl/fused/detections_count,std_msgs/msg/Int32,76
1774010390.3693929,/metrics/pcl/fused/points_in,std_msgs/msg/Int32,42763
1774010390.369453,/metrics/pcl/fused/processing_ms,std_msgs/msg/Float32,136.87710571289062
1774010390.6662505,/metrics/pcl/fused/detections_count,std_msgs/msg/Int32,75
1774010390.6663563,/metrics/pcl/fused/points_in,std_msgs/msg/Int32,42780
1774010390.6664171,/metrics/pcl/fused/processing_ms,std_msgs/msg/Float32,137.80589294433594
1774010390.962888,/metrics/pcl/fused/detections_count,std_msgs/msg/Int32,74
1774010390.9630141,/metrics/pcl/fused/points_in,std_msgs/msg/Int32,42767
1774010390.9630785,/metrics/pcl/fused/processing_ms,std_msgs/msg/Float32,137.412353515625
1774010391.262969,/metrics/pcl/fused/detections_count,std_msgs/msg/Int32,84
1774010391.263058,/metrics/pcl/fused/points_in,std_msgs/msg/Int32,42719
1774010391.2631078,/metrics/pcl/fused/processing_ms,std_msgs/msg/Float32,136.51402282714844
1774010391.5683527,/metrics/pcl/fused/detections_count,std_msgs/msg/Int32,77
1774010391.568472,/metrics/pcl/fused/points_in,std_msgs/msg/Int32,42841
1774010391.5685346,/metrics/pcl/fused/processing_ms,std_msgs/msg/Float32,138.68875122070312
1774010391.870959,/metrics/pcl/fused/detections_count,std_msgs/msg/Int32,79
1774010391.8710558,/metrics/pcl/fused/points_in,std_msgs/msg/Int32,42684
1774010391.8711083,/metrics/pcl/fused/processing_ms,std_msgs/msg/Float32,141.41172790527344
1774010392.172958,/metrics/pcl/fused/detections_count,std_msgs/msg/Int32,78
1774010392.1730669,/metrics/pcl/fused/points_in,std_msgs/msg/Int32,42879
1774010392.1731296,/metrics/pcl/fused/processing_ms,std_msgs/msg/Float32,139.7815704345703
1774010392.7679732,/metrics/pcl/fused/detections_count,std_msgs/msg/Int32,74
1774010392.7680838,/metrics/pcl/fused/points_in,std_msgs/msg/Int32,42792
1774010392.7681594,/metrics/pcl/fused/processing_ms,std_msgs/msg/Float32,139.6892547607422
1774010393.06473,/metrics/pcl/fused/detections_count,std_msgs/msg/Int32,75
1774010393.0648415,/metrics/pcl/fused/points_in,std_msgs/msg/Int32,42921
1774010393.0649283,/metrics/pcl/fused/processing_ms,std_msgs/msg/Float32,138.53346252441406
1774010393.366007,/metrics/pcl/fused/detections_count,std_msgs/msg/Int32,71
1774010393.3661158,/metrics/pcl/fused/points_in,std_msgs/msg/Int32,42843
1774010393.366177,/metrics/pcl/fused/processing_ms,std_msgs/msg/Float32,137.4987335205078
1774010393.6660395,/metrics/pcl/fused/detections_count,std_msgs/msg/Int32,76
1774010393.6661472,/metrics/pcl/fused/points_in,std_msgs/msg/Int32,42760
1774010393.6662087,/metrics/pcl/fused/processing_ms,std_msgs/msg/Float32,139.28672790527344
1774010393.9644115,/metrics/pcl/fused/detections_count,std_msgs/msg/Int32,81
1774010393.9645288,/metrics/pcl/fused/points_in,std_msgs/msg/Int32,42727
1774010393.964604,/metrics/pcl/fused/processing_ms,std_msgs/msg/Float32,137.1744842529297
1774010394.280584,/metrics/pcl/fused/detections_count,std_msgs/msg/Int32,76
1774010394.2806938,/metrics/pcl/fused/points_in,std_msgs/msg/Int32,42947
1774010394.2807565,/metrics/pcl/fused/processing_ms,std_msgs/msg/Float32,148.45712280273438
1774010394.5647116,/metrics/pcl/fused/detections_count,std_msgs/msg/Int32,81
1774010394.5648062,/metrics/pcl/fused/points_in,std_msgs/msg/Int32,42917
1774010394.5648942,/metrics/pcl/fused/processing_ms,std_msgs/msg/Float32,138.1931610107422
1774010394.8659897,/metrics/pcl/fused/detections_count,std_msgs/msg/Int32,75
1774010394.8661087,/metrics/pcl/fused/points_in,std_msgs/msg/Int32,42899
1774010394.8661714,/metrics/pcl/fused/processing_ms,std_msgs/msg/Float32,139.75343322753906
1774010395.1752946,/metrics/pcl/fused/detections_count,std_msgs/msg/Int32,79
1774010395.1754034,/metrics/pcl/fused/points_in,std_msgs/msg/Int32,42902
1774010395.175465,/metrics/pcl/fused/processing_ms,std_msgs/msg/Float32,142.3507537841797
1774010395.4705966,/metrics/pcl/fused/detections_count,std_msgs/msg/Int32,74
1774010395.4707336,/metrics/pcl/fused/points_in,std_msgs/msg/Int32,42870
1774010395.4708354,/metrics/pcl/fused/processing_ms,std_msgs/msg/Float32,140.30609130859375
1774010395.7656903,/metrics/pcl/fused/detections_count,std_msgs/msg/Int32,77
1774010395.765804,/metrics/pcl/fused/points_in,std_msgs/msg/Int32,42816
1774010395.765867,/metrics/pcl/fused/processing_ms,std_msgs/msg/Float32,136.82894897460938
1774010396.0725346,/metrics/pcl/fused/detections_count,std_msgs/msg/Int32,77
1774010396.0726438,/metrics/pcl/fused/points_in,std_msgs/msg/Int32,42814
1774010396.0727205,/metrics/pcl/fused/processing_ms,std_msgs/msg/Float32,143.3712921142578
1774010396.3667302,/metrics/pcl/fused/detections_count,std_msgs/msg/Int32,76
1774010396.3668406,/metrics/pcl/fused/points_in,std_msgs/msg/Int32,42715
1774010396.366914,/metrics/pcl/fused/processing_ms,std_msgs/msg/Float32,140.80799865722656
1774010396.6615508,/metrics/pcl/fused/detections_count,std_msgs/msg/Int32,81
1774010396.6616516,/metrics/pcl/fused/points_in,std_msgs/msg/Int32,42447
1774010396.6617131,/metrics/pcl/fused/processing_ms,std_msgs/msg/Float32,135.4473419189453
1774010396.9546857,/metrics/pcl/fused/detections_count,std_msgs/msg/Int32,82
1774010396.9547923,/metrics/pcl/fused/points_in,std_msgs/msg/Int32,41563
1774010396.9548542,/metrics/pcl/fused/processing_ms,std_msgs/msg/Float32,130.25057983398438
1774010397.2559404,/metrics/pcl/fused/detections_count,std_msgs/msg/Int32,80
1774010397.256049,/metrics/pcl/fused/points_in,std_msgs/msg/Int32,41069
1774010397.2561102,/metrics/pcl/fused/processing_ms,std_msgs/msg/Float32,130.0873565673828
1774010397.5584073,/metrics/pcl/fused/detections_count,std_msgs/msg/Int32,80
1774010397.5585127,/metrics/pcl/fused/points_in,std_msgs/msg/Int32,41075
1774010397.558575,/metrics/pcl/fused/processing_ms,std_msgs/msg/Float32,129.90109252929688
1774010397.8601596,/metrics/pcl/fused/detections_count,std_msgs/msg/Int32,81
1774010397.8602679,/metrics/pcl/fused/points_in,std_msgs/msg/Int32,41137
1774010397.8603292,/metrics/pcl/fused/processing_ms,std_msgs/msg/Float32,129.144287109375
1774010398.159009,/metrics/pcl/fused/detections_count,std_msgs/msg/Int32,80
1774010398.159156,/metrics/pcl/fused/points_in,std_msgs/msg/Int32,40956
1774010398.1592464,/metrics/pcl/fused/processing_ms,std_msgs/msg/Float32,128.93832397460938
1774010398.4717896,/metrics/pcl/fused/detections_count,std_msgs/msg/Int32,77
1774010398.4719286,/metrics/pcl/fused/points_in,std_msgs/msg/Int32,40990
1774010398.471995,/metrics/pcl/fused/processing_ms,std_msgs/msg/Float32,133.63978576660156
1774010398.769683,/metrics/pcl/fused/detections_count,std_msgs/msg/Int32,75
1774010398.7697823,/metrics/pcl/fused/points_in,std_msgs/msg/Int32,41012
1774010398.769834,/metrics/pcl/fused/processing_ms,std_msgs/msg/Float32,133.65248107910156
1774010399.0649526,/metrics/pcl/fused/detections_count,std_msgs/msg/Int32,82
1774010399.0650616,/metrics/pcl/fused/points_in,std_msgs/msg/Int32,41024
1774010399.0651228,/metrics/pcl/fused/processing_ms,std_msgs/msg/Float32,131.33570861816406
1774010399.3641655,/metrics/pcl/fused/detections_count,std_msgs/msg/Int32,80
1774010399.3642764,/metrics/pcl/fused/points_in,std_msgs/msg/Int32,40956
1774010399.3643737,/metrics/pcl/fused/processing_ms,std_msgs/msg/Float32,130.1326904296875
1774010399.6649997,/metrics/pcl/fused/detections_count,std_msgs/msg/Int32,83
1774010399.6651175,/metrics/pcl/fused/points_in,std_msgs/msg/Int32,40909
1774010399.665178,/metrics/pcl/fused/processing_ms,std_msgs/msg/Float32,131.08120727539062
1774010399.9645128,/metrics/pcl/fused/detections_count,std_msgs/msg/Int32,85
1774010399.9646223,/metrics/pcl/fused/points_in,std_msgs/msg/Int32,40702
1774010399.964684,/metrics/pcl/fused/processing_ms,std_msgs/msg/Float32,129.19143676757812
1774010400.2656813,/metrics/pcl/fused/detections_count,std_msgs/msg/Int32,80
1774010400.2657986,/metrics/pcl/fused/points_in,std_msgs/msg/Int32,40809
1774010400.2658865,/metrics/pcl/fused/processing_ms,std_msgs/msg/Float32,129.5905303955078
1774010400.5701685,/metrics/pcl/fused/detections_count,std_msgs/msg/Int32,81
1774010400.570278,/metrics/pcl/fused/points_in,std_msgs/msg/Int32,41108
1774010400.5703537,/metrics/pcl/fused/processing_ms,std_msgs/msg/Float32,130.8706817626953
1774010400.8686283,/metrics/pcl/fused/detections_count,std_msgs/msg/Int32,80
1774010400.8687358,/metrics/pcl/fused/points_in,std_msgs/msg/Int32,41388
1774010400.8687978,/metrics/pcl/fused/processing_ms,std_msgs/msg/Float32,131.6693115234375
1774010401.1551073,/metrics/pcl/fused/detections_count,std_msgs/msg/Int32,84
1774010401.155216,/metrics/pcl/fused/points_in,std_msgs/msg/Int32,41342
1774010401.1552777,/metrics/pcl/fused/processing_ms,std_msgs/msg/Float32,130.9031219482422
1774010401.4520338,/metrics/pcl/fused/detections_count,std_msgs/msg/Int32,87
1774010401.4521327,/metrics/pcl/fused/points_in,std_msgs/msg/Int32,41187
1774010401.4521828,/metrics/pcl/fused/processing_ms,std_msgs/msg/Float32,131.40411376953125
1774010401.7474942,/metrics/pcl/fused/detections_count,std_msgs/msg/Int32,82
1774010401.7476168,/metrics/pcl/fused/points_in,std_msgs/msg/Int32,40892
1774010401.747675,/metrics/pcl/fused/processing_ms,std_msgs/msg/Float32,128.09237670898438
1774010402.048815,/metrics/pcl/fused/detections_count,std_msgs/msg/Int32,80
1774010402.048953,/metrics/pcl/fused/points_in,std_msgs/msg/Int32,40960
1774010402.0490198,/metrics/pcl/fused/processing_ms,std_msgs/msg/Float32,130.09352111816406
1774010402.348325,/metrics/pcl/fused/detections_count,std_msgs/msg/Int32,82
1774010402.3484387,/metrics/pcl/fused/points_in,std_msgs/msg/Int32,40897
1774010402.348501,/metrics/pcl/fused/processing_ms,std_msgs/msg/Float32,129.52484130859375
1774010402.6514685,/metrics/pcl/fused/detections_count,std_msgs/msg/Int32,74
1774010402.6515808,/metrics/pcl/fused/points_in,std_msgs/msg/Int32,40979
1774010402.6516426,/metrics/pcl/fused/processing_ms,std_msgs/msg/Float32,129.9875946044922
1774010402.9473217,/metrics/pcl/fused/detections_count,std_msgs/msg/Int32,82
1774010402.9474344,/metrics/pcl/fused/points_in,std_msgs/msg/Int32,40927
1774010402.9475005,/metrics/pcl/fused/processing_ms,std_msgs/msg/Float32,129.15406799316406
1774010403.2515237,/metrics/pcl/fused/detections_count,std_msgs/msg/Int32,77
1774010403.2516441,/metrics/pcl/fused/points_in,std_msgs/msg/Int32,41029
1774010403.2517233,/metrics/pcl/fused/processing_ms,std_msgs/msg/Float32,130.1591033935547
1774010403.5595105,/metrics/pcl/fused/detections_count,std_msgs/msg/Int32,79
1774010403.5596237,/metrics/pcl/fused/points_in,std_msgs/msg/Int32,41463
1774010403.5596855,/metrics/pcl/fused/processing_ms,std_msgs/msg/Float32,134.02806091308594
1774010403.8605943,/metrics/pcl/fused/detections_count,std_msgs/msg/Int32,77
1774010403.8607035,/metrics/pcl/fused/points_in,std_msgs/msg/Int32,41380
1774010403.8607652,/metrics/pcl/fused/processing_ms,std_msgs/msg/Float32,135.45033264160156
1774010404.1613228,/metrics/pcl/fused/detections_count,std_msgs/msg/Int32,76
1774010404.1614304,/metrics/pcl/fused/points_in,std_msgs/msg/Int32,41967
1774010404.1614919,/metrics/pcl/fused/processing_ms,std_msgs/msg/Float32,138.73934936523438
1774010404.460038,/metrics/pcl/fused/detections_count,std_msgs/msg/Int32,77
1774010404.460144,/metrics/pcl/fused/points_in,std_msgs/msg/Int32,42728
1774010404.4602122,/metrics/pcl/fused/processing_ms,std_msgs/msg/Float32,139.19210815429688
1774010404.7610323,/metrics/pcl/fused/detections_count,std_msgs/msg/Int32,75
1774010404.7611418,/metrics/pcl/fused/points_in,std_msgs/msg/Int32,42775
1774010404.761204,/metrics/pcl/fused/processing_ms,std_msgs/msg/Float32,139.31442260742188
1774010405.0574267,/metrics/pcl/fused/detections_count,std_msgs/msg/Int32,78
1774010405.057531,/metrics/pcl/fused/points_in,std_msgs/msg/Int32,42709
1774010405.0575926,/metrics/pcl/fused/processing_ms,std_msgs/msg/Float32,138.71429443359375
1774010405.3548608,/metrics/pcl/fused/detections_count,std_msgs/msg/Int32,76
1774010405.3550174,/metrics/pcl/fused/points_in,std_msgs/msg/Int32,42809
1774010405.3550754,/metrics/pcl/fused/processing_ms,std_msgs/msg/Float32,137.2760772705078
1774010405.6559827,/metrics/pcl/fused/detections_count,std_msgs/msg/Int32,75
1774010405.656118,/metrics/pcl/fused/points_in,std_msgs/msg/Int32,42752
1774010405.65618,/metrics/pcl/fused/processing_ms,std_msgs/msg/Float32,139.108642578125
1774010405.9591286,/metrics/pcl/fused/detections_count,std_msgs/msg/Int32,79
1774010405.9592354,/metrics/pcl/fused/points_in,std_msgs/msg/Int32,42391
1774010405.959295,/metrics/pcl/fused/processing_ms,std_msgs/msg/Float32,138.5449981689453
1774010406.2536662,/metrics/pcl/fused/detections_count,std_msgs/msg/Int32,75
1774010406.2537935,/metrics/pcl/fused/points_in,std_msgs/msg/Int32,42526
1774010406.2538543,/metrics/pcl/fused/processing_ms,std_msgs/msg/Float32,136.18634033203125
1774010406.5585136,/metrics/pcl/fused/detections_count,std_msgs/msg/Int32,83
1774010406.558632,/metrics/pcl/fused/points_in,std_msgs/msg/Int32,42619
1774010406.5586932,/metrics/pcl/fused/processing_ms,std_msgs/msg/Float32,137.49038696289062
1774010406.859748,/metrics/pcl/fused/detections_count,std_msgs/msg/Int32,72
1774010406.8598566,/metrics/pcl/fused/points_in,std_msgs/msg/Int32,42794
1774010406.8599355,/metrics/pcl/fused/processing_ms,std_msgs/msg/Float32,137.43019104003906
1774010407.1560729,/metrics/pcl/fused/detections_count,std_msgs/msg/Int32,77
1774010407.1561801,/metrics/pcl/fused/points_in,std_msgs/msg/Int32,42710
1774010407.156241,/metrics/pcl/fused/processing_ms,std_msgs/msg/Float32,138.71060180664062
1774010407.456613,/metrics/pcl/fused/detections_count,std_msgs/msg/Int32,78
1774010407.456721,/metrics/pcl/fused/points_in,std_msgs/msg/Int32,42774
1774010407.456782,/metrics/pcl/fused/processing_ms,std_msgs/msg/Float32,137.7177276611328
1774010407.7613215,/metrics/pcl/fused/detections_count,std_msgs/msg/Int32,74
1774010407.7614212,/metrics/pcl/fused/points_in,std_msgs/msg/Int32,42774
1774010407.76148,/metrics/pcl/fused/processing_ms,std_msgs/msg/Float32,139.12649536132812
1774010408.0631514,/metrics/pcl/fused/detections_count,std_msgs/msg/Int32,76
1774010408.063258,/metrics/pcl/fused/points_in,std_msgs/msg/Int32,42779
1774010408.0633187,/metrics/pcl/fused/processing_ms,std_msgs/msg/Float32,137.08433532714844
1774010408.3603888,/metrics/pcl/fused/detections_count,std_msgs/msg/Int32,77
1774010408.3604996,/metrics/pcl/fused/points_in,std_msgs/msg/Int32,42771
1774010408.3605742,/metrics/pcl/fused/processing_ms,std_msgs/msg/Float32,139.3762664794922
1774010408.6592,/metrics/pcl/fused/detections_count,std_msgs/msg/Int32,84
1774010408.6593285,/metrics/pcl/fused/points_in,std_msgs/msg/Int32,42803
1774010408.659392,/metrics/pcl/fused/processing_ms,std_msgs/msg/Float32,139.0173797607422
1774010408.960276,/metrics/pcl/fused/detections_count,std_msgs/msg/Int32,73
1774010408.9603837,/metrics/pcl/fused/points_in,std_msgs/msg/Int32,42837
1774010408.9604437,/metrics/pcl/fused/processing_ms,std_msgs/msg/Float32,139.78414916992188
1774010409.2636564,/metrics/pcl/fused/detections_count,std_msgs/msg/Int32,75
1774010409.2638638,/metrics/pcl/fused/processing_ms,std_msgs/msg/Float32,142.3098602294922
1774010409.2643359,/metrics/pcl/fused/points_in,std_msgs/msg/Int32,42785
1774010409.564085,/metrics/pcl/fused/detections_count,std_msgs/msg/Int32,75
1774010409.5641935,/metrics/pcl/fused/points_in,std_msgs/msg/Int32,42739
1774010409.564255,/metrics/pcl/fused/processing_ms,std_msgs/msg/Float32,138.49172973632812
1774010409.8574727,/metrics/pcl/fused/detections_count,std_msgs/msg/Int32,73
1774010409.8575795,/metrics/pcl/fused/points_in,std_msgs/msg/Int32,42832
1774010409.857641,/metrics/pcl/fused/processing_ms,std_msgs/msg/Float32,136.8800048828125
1774010410.1564841,/metrics/pcl/fused/detections_count,std_msgs/msg/Int32,78
1774010410.1565936,/metrics/pcl/fused/points_in,std_msgs/msg/Int32,42267
1774010410.1566541,/metrics/pcl/fused/processing_ms,std_msgs/msg/Float32,136.72238159179688
1774010410.4568372,/metrics/pcl/fused/detections_count,std_msgs/msg/Int32,78
1774010410.456963,/metrics/pcl/fused/points_in,std_msgs/msg/Int32,42252
1774010410.4570253,/metrics/pcl/fused/processing_ms,std_msgs/msg/Float32,135.44821166992188
1774010410.7568607,/metrics/pcl/fused/detections_count,std_msgs/msg/Int32,73
1774010410.7569911,/metrics/pcl/fused/points_in,std_msgs/msg/Int32,41904
1774010410.7570536,/metrics/pcl/fused/processing_ms,std_msgs/msg/Float32,136.61048889160156
1774010411.0567598,/metrics/pcl/fused/detections_count,std_msgs/msg/Int32,70
1774010411.0569108,/metrics/pcl/fused/points_in,std_msgs/msg/Int32,41976
1774010411.0570045,/metrics/pcl/fused/processing_ms,std_msgs/msg/Float32,135.49981689453125
1774010411.3501563,/metrics/pcl/fused/detections_count,std_msgs/msg/Int32,69
1774010411.3502657,/metrics/pcl/fused/points_in,std_msgs/msg/Int32,40713
1774010411.3503282,/metrics/pcl/fused/processing_ms,std_msgs/msg/Float32,129.4016571044922
1774010411.6442227,/metrics/pcl/fused/detections_count,std_msgs/msg/Int32,76
1774010411.6443381,/metrics/pcl/fused/points_in,std_msgs/msg/Int32,40268
1774010411.6444025,/metrics/pcl/fused/processing_ms,std_msgs/msg/Float32,123.75652313232422
1774010411.963659,/metrics/pcl/fused/detections_count,std_msgs/msg/Int32,76
1774010411.963767,/metrics/pcl/fused/points_in,std_msgs/msg/Int32,42269
1774010411.9638312,/metrics/pcl/fused/processing_ms,std_msgs/msg/Float32,135.69442749023438
1774010412.2590153,/metrics/pcl/fused/detections_count,std_msgs/msg/Int32,80
1774010412.2591276,/metrics/pcl/fused/points_in,std_msgs/msg/Int32,42384
1774010412.259192,/metrics/pcl/fused/processing_ms,std_msgs/msg/Float32,135.53965759277344
1774010412.5629978,/metrics/pcl/fused/detections_count,std_msgs/msg/Int32,75
1774010412.5631151,/metrics/pcl/fused/points_in,std_msgs/msg/Int32,42455
1774010412.5631819,/metrics/pcl/fused/processing_ms,std_msgs/msg/Float32,139.9394073486328
1774010412.8597336,/metrics/pcl/fused/detections_count,std_msgs/msg/Int32,75
1774010412.8598518,/metrics/pcl/fused/points_in,std_msgs/msg/Int32,42436
1774010412.859944,/metrics/pcl/fused/processing_ms,std_msgs/msg/Float32,137.46417236328125
1774010413.1600304,/metrics/pcl/fused/detections_count,std_msgs/msg/Int32,73
1774010413.1601357,/metrics/pcl/fused/points_in,std_msgs/msg/Int32,42333
1774010413.1601992,/metrics/pcl/fused/processing_ms,std_msgs/msg/Float32,134.14768981933594
1774010413.4600518,/metrics/pcl/fused/detections_count,std_msgs/msg/Int32,80
1774010413.4601805,/metrics/pcl/fused/points_in,std_msgs/msg/Int32,42657
1774010413.4602633,/metrics/pcl/fused/processing_ms,std_msgs/msg/Float32,136.51361083984375
1774010413.762539,/metrics/pcl/fused/detections_count,std_msgs/msg/Int32,76
1774010413.762644,/metrics/pcl/fused/points_in,std_msgs/msg/Int32,42659
1774010413.7627077,/metrics/pcl/fused/processing_ms,std_msgs/msg/Float32,138.61056518554688
1774010414.0614629,/metrics/pcl/fused/detections_count,std_msgs/msg/Int32,73
1774010414.0615585,/metrics/pcl/fused/points_in,std_msgs/msg/Int32,42556
1774010414.0616107,/metrics/pcl/fused/processing_ms,std_msgs/msg/Float32,137.8466796875
1774010414.3620293,/metrics/pcl/fused/detections_count,std_msgs/msg/Int32,76
1774010414.3621407,/metrics/pcl/fused/points_in,std_msgs/msg/Int32,42629
1774010414.3661926,/metrics/pcl/fused/processing_ms,std_msgs/msg/Float32,135.48220825195312
1774010414.6707149,/metrics/pcl/fused/detections_count,std_msgs/msg/Int32,75
1774010414.670829,/metrics/pcl/fused/points_in,std_msgs/msg/Int32,42573
1774010414.6709235,/metrics/pcl/fused/processing_ms,std_msgs/msg/Float32,142.84336853027344
1774010414.9596083,/metrics/pcl/fused/detections_count,std_msgs/msg/Int32,73
1774010414.9597726,/metrics/pcl/fused/points_in,std_msgs/msg/Int32,42563
1774010414.959894,/metrics/pcl/fused/processing_ms,std_msgs/msg/Float32,136.2299346923828
1774010415.2643023,/metrics/pcl/fused/detections_count,std_msgs/msg/Int32,73
1774010415.2644114,/metrics/pcl/fused/points_in,std_msgs/msg/Int32,42547
1774010415.264474,/metrics/pcl/fused/processing_ms,std_msgs/msg/Float32,136.58316040039062
1774010415.5594132,/metrics/pcl/fused/detections_count,std_msgs/msg/Int32,74
1774010415.559525,/metrics/pcl/fused/points_in,std_msgs/msg/Int32,42357
1774010415.5595894,/metrics/pcl/fused/processing_ms,std_msgs/msg/Float32,133.3785858154297
1774010415.862158,/metrics/pcl/fused/detections_count,std_msgs/msg/Int32,73
1774010415.8622663,/metrics/pcl/fused/points_in,std_msgs/msg/Int32,42027
1774010415.8623283,/metrics/pcl/fused/processing_ms,std_msgs/msg/Float32,132.99525451660156
1774010416.1600814,/metrics/pcl/fused/detections_count,std_msgs/msg/Int32,78
1774010416.1601884,/metrics/pcl/fused/points_in,std_msgs/msg/Int32,42174
1774010416.1602592,/metrics/pcl/fused/processing_ms,std_msgs/msg/Float32,134.05621337890625
1774010416.461493,/metrics/pcl/fused/detections_count,std_msgs/msg/Int32,78
1774010416.4616055,/metrics/pcl/fused/points_in,std_msgs/msg/Int32,42216
1774010416.4616683,/metrics/pcl/fused/processing_ms,std_msgs/msg/Float32,133.7348175048828
1774010416.7615476,/metrics/pcl/fused/detections_count,std_msgs/msg/Int32,77
1774010416.7616558,/metrics/pcl/fused/points_in,std_msgs/msg/Int32,42260
1774010416.7617176,/metrics/pcl/fused/processing_ms,std_msgs/msg/Float32,135.53805541992188
1774010417.0623617,/metrics/pcl/fused/detections_count,std_msgs/msg/Int32,81
1774010417.062472,/metrics/pcl/fused/points_in,std_msgs/msg/Int32,42184
1774010417.0625489,/metrics/pcl/fused/processing_ms,std_msgs/msg/Float32,134.2974395751953
1774010417.3626287,/metrics/pcl/fused/detections_count,std_msgs/msg/Int32,75
1774010417.3627312,/metrics/pcl/fused/points_in,std_msgs/msg/Int32,42121
1774010417.362784,/metrics/pcl/fused/processing_ms,std_msgs/msg/Float32,135.2203369140625
1774010417.6622784,/metrics/pcl/fused/detections_count,std_msgs/msg/Int32,81
1774010417.662388,/metrics/pcl/fused/points_in,std_msgs/msg/Int32,41921
1774010417.662449,/metrics/pcl/fused/processing_ms,std_msgs/msg/Float32,133.33193969726562
1774010417.9662223,/metrics/pcl/fused/detections_count,std_msgs/msg/Int32,73
1774010417.9663358,/metrics/pcl/fused/points_in,std_msgs/msg/Int32,41883
1774010417.9663978,/metrics/pcl/fused/processing_ms,std_msgs/msg/Float32,133.85791015625
1774010418.2551942,/metrics/pcl/fused/detections_count,std_msgs/msg/Int32,70
1774010418.255305,/metrics/pcl/fused/points_in,std_msgs/msg/Int32,41702
1774010418.2553678,/metrics/pcl/fused/processing_ms,std_msgs/msg/Float32,132.56814575195312
1774010418.557816,/metrics/pcl/fused/detections_count,std_msgs/msg/Int32,78
1774010418.5579598,/metrics/pcl/fused/points_in,std_msgs/msg/Int32,41646
1774010418.558025,/metrics/pcl/fused/processing_ms,std_msgs/msg/Float32,133.00384521484375
1774010418.8592968,/metrics/pcl/fused/detections_count,std_msgs/msg/Int32,73
1774010418.8594048,/metrics/pcl/fused/points_in,std_msgs/msg/Int32,41861
1774010418.859467,/metrics/pcl/fused/processing_ms,std_msgs/msg/Float32,134.23388671875
1774010419.1615045,/metrics/pcl/fused/detections_count,std_msgs/msg/Int32,78
1774010419.1616182,/metrics/pcl/fused/points_in,std_msgs/msg/Int32,42309
1774010419.1616955,/metrics/pcl/fused/processing_ms,std_msgs/msg/Float32,135.70448303222656
1774010419.467054,/metrics/pcl/fused/detections_count,std_msgs/msg/Int32,79
1774010419.4671638,/metrics/pcl/fused/points_in,std_msgs/msg/Int32,42809
1774010419.4672403,/metrics/pcl/fused/processing_ms,std_msgs/msg/Float32,138.75315856933594
1774010419.764693,/metrics/pcl/fused/detections_count,std_msgs/msg/Int32,80
1774010419.7648005,/metrics/pcl/fused/points_in,std_msgs/msg/Int32,42776
1774010419.7648625,/metrics/pcl/fused/processing_ms,std_msgs/msg/Float32,138.9690704345703
1774010420.0651903,/metrics/pcl/fused/detections_count,std_msgs/msg/Int32,80
1774010420.0652971,/metrics/pcl/fused/points_in,std_msgs/msg/Int32,42614
1774010420.0653596,/metrics/pcl/fused/processing_ms,std_msgs/msg/Float32,137.57603454589844
1774010420.3647087,/metrics/pcl/fused/detections_count,std_msgs/msg/Int32,78
1774010420.3648145,/metrics/pcl/fused/points_in,std_msgs/msg/Int32,42799
1774010420.3649218,/metrics/pcl/fused/processing_ms,std_msgs/msg/Float32,138.64431762695312
1774010420.6688673,/metrics/pcl/fused/detections_count,std_msgs/msg/Int32,76
1774010420.669,/metrics/pcl/fused/points_in,std_msgs/msg/Int32,42815
1774010420.669062,/metrics/pcl/fused/processing_ms,std_msgs/msg/Float32,139.07730102539062
1774010420.9773972,/metrics/pcl/fused/detections_count,std_msgs/msg/Int32,77
1774010420.9775126,/metrics/pcl/fused/points_in,std_msgs/msg/Int32,42784
1774010420.9775758,/metrics/pcl/fused/processing_ms,std_msgs/msg/Float32,142.1260223388672
1774010421.2670789,/metrics/pcl/fused/detections_count,std_msgs/msg/Int32,80
1774010421.2671897,/metrics/pcl/fused/points_in,std_msgs/msg/Int32,42815
1774010421.267266,/metrics/pcl/fused/processing_ms,std_msgs/msg/Float32,139.3883514404297
1774010421.5755193,/metrics/pcl/fused/detections_count,std_msgs/msg/Int32,83
1774010421.5756364,/metrics/pcl/fused/points_in,std_msgs/msg/Int32,42703
1774010421.5756996,/metrics/pcl/fused/processing_ms,std_msgs/msg/Float32,145.53016662597656
1774010421.8767114,/metrics/pcl/fused/detections_count,std_msgs/msg/Int32,78
1774010421.8768318,/metrics/pcl/fused/points_in,std_msgs/msg/Int32,42797
1774010421.8769066,/metrics/pcl/fused/processing_ms,std_msgs/msg/Float32,143.20089721679688
1774010422.174365,/metrics/pcl/fused/detections_count,std_msgs/msg/Int32,82
1774010422.174484,/metrics/pcl/fused/points_in,std_msgs/msg/Int32,42735
1774010422.1745448,/metrics/pcl/fused/processing_ms,std_msgs/msg/Float32,142.05661010742188
1774010422.4802125,/metrics/pcl/fused/detections_count,std_msgs/msg/Int32,74
1774010422.480314,/metrics/pcl/fused/points_in,std_msgs/msg/Int32,42967
1774010422.480369,/metrics/pcl/fused/processing_ms,std_msgs/msg/Float32,146.75657653808594
1774010422.784608,/metrics/pcl/fused/detections_count,std_msgs/msg/Int32,77
1774010422.7847176,/metrics/pcl/fused/points_in,std_msgs/msg/Int32,42824
1774010422.784779,/metrics/pcl/fused/processing_ms,std_msgs/msg/Float32,141.18655395507812
1774010423.0748336,/metrics/pcl/fused/detections_count,std_msgs/msg/Int32,76
1774010423.074957,/metrics/pcl/fused/points_in,std_msgs/msg/Int32,42905
1774010423.075017,/metrics/pcl/fused/processing_ms,std_msgs/msg/Float32,142.24806213378906
1774010423.3840668,/metrics/pcl/fused/detections_count,std_msgs/msg/Int32,75
1774010423.3841906,/metrics/pcl/fused/points_in,std_msgs/msg/Int32,42884
1774010423.3842797,/metrics/pcl/fused/processing_ms,std_msgs/msg/Float32,142.25657653808594
1774010423.673831,/metrics/pcl/fused/detections_count,std_msgs/msg/Int32,83
1774010423.673966,/metrics/pcl/fused/points_in,std_msgs/msg/Int32,42842
1774010423.6740322,/metrics/pcl/fused/processing_ms,std_msgs/msg/Float32,139.11476135253906
1774010423.986628,/metrics/pcl/fused/detections_count,std_msgs/msg/Int32,80
1774010423.986748,/metrics/pcl/fused/points_in,std_msgs/msg/Int32,42785
1774010423.9868124,/metrics/pcl/fused/processing_ms,std_msgs/msg/Float32,146.45736694335938
1774010424.2832975,/metrics/pcl/fused/detections_count,std_msgs/msg/Int32,73
1774010424.2834017,/metrics/pcl/fused/points_in,std_msgs/msg/Int32,42893
1774010424.2834542,/metrics/pcl/fused/processing_ms,std_msgs/msg/Float32,141.62738037109375
1774010424.5760727,/metrics/pcl/fused/detections_count,std_msgs/msg/Int32,78
1774010424.5761893,/metrics/pcl/fused/points_in,std_msgs/msg/Int32,42879
1774010424.5762694,/metrics/pcl/fused/processing_ms,std_msgs/msg/Float32,141.695556640625
1774010424.8784842,/metrics/pcl/fused/detections_count,std_msgs/msg/Int32,75
1774010424.8785968,/metrics/pcl/fused/points_in,std_msgs/msg/Int32,42774
1774010424.8786604,/metrics/pcl/fused/processing_ms,std_msgs/msg/Float32,140.31307983398438
1774010425.1820743,/metrics/pcl/fused/detections_count,std_msgs/msg/Int32,82
1774010425.182183,/metrics/pcl/fused/points_in,std_msgs/msg/Int32,42870
1774010425.1822443,/metrics/pcl/fused/processing_ms,std_msgs/msg/Float32,140.3084259033203
1774010425.464812,/metrics/pcl/fused/detections_count,std_msgs/msg/Int32,76
1774010425.4649549,/metrics/pcl/fused/points_in,std_msgs/msg/Int32,42857
1774010425.4650445,/metrics/pcl/fused/processing_ms,std_msgs/msg/Float32,140.4983673095703
1774010425.766391,/metrics/pcl/fused/detections_count,std_msgs/msg/Int32,80
1774010425.766498,/metrics/pcl/fused/points_in,std_msgs/msg/Int32,42933
1774010425.7665725,/metrics/pcl/fused/processing_ms,std_msgs/msg/Float32,140.25746154785156
1774010426.0587878,/metrics/pcl/fused/detections_count,std_msgs/msg/Int32,78
1774010426.0589232,/metrics/pcl/fused/points_in,std_msgs/msg/Int32,42925
1774010426.059003,/metrics/pcl/fused/processing_ms,std_msgs/msg/Float32,137.32566833496094
1774010426.3595643,/metrics/pcl/fused/detections_count,std_msgs/msg/Int32,81
1774010426.3596723,/metrics/pcl/fused/points_in,std_msgs/msg/Int32,42871
1774010426.3597333,/metrics/pcl/fused/processing_ms,std_msgs/msg/Float32,137.23204040527344
1774010426.6541755,/metrics/pcl/fused/detections_count,std_msgs/msg/Int32,80
1774010426.6542954,/metrics/pcl/fused/points_in,std_msgs/msg/Int32,42879
1774010426.6543658,/metrics/pcl/fused/processing_ms,std_msgs/msg/Float32,138.05615234375
1774010426.9593291,/metrics/pcl/fused/detections_count,std_msgs/msg/Int32,75
1774010426.959448,/metrics/pcl/fused/points_in,std_msgs/msg/Int32,42875
1774010426.9595184,/metrics/pcl/fused/processing_ms,std_msgs/msg/Float32,138.20333862304688
1774010427.2599525,/metrics/pcl/fused/detections_count,std_msgs/msg/Int32,80
1774010427.260073,/metrics/pcl/fused/points_in,std_msgs/msg/Int32,42910
1774010427.2601442,/metrics/pcl/fused/processing_ms,std_msgs/msg/Float32,138.55990600585938
1774010427.5587127,/metrics/pcl/fused/detections_count,std_msgs/msg/Int32,81
1774010427.5588493,/metrics/pcl/fused/points_in,std_msgs/msg/Int32,42947
1774010427.558964,/metrics/pcl/fused/processing_ms,std_msgs/msg/Float32,139.0167999267578
1774010427.868699,/metrics/pcl/fused/detections_count,std_msgs/msg/Int32,80
1774010427.8688066,/metrics/pcl/fused/points_in,std_msgs/msg/Int32,42937
1774010427.868867,/metrics/pcl/fused/processing_ms,std_msgs/msg/Float32,144.3563995361328
1774010428.1585999,/metrics/pcl/fused/detections_count,std_msgs/msg/Int32,79
1774010428.1587038,/metrics/pcl/fused/points_in,std_msgs/msg/Int32,42892
1774010428.1587653,/metrics/pcl/fused/processing_ms,std_msgs/msg/Float32,139.305908203125
1774010428.4549744,/metrics/pcl/fused/detections_count,std_msgs/msg/Int32,80
1774010428.45508,/metrics/pcl/fused/points_in,std_msgs/msg/Int32,42829
1774010428.4551404,/metrics/pcl/fused/processing_ms,std_msgs/msg/Float32,136.61941528320312
1774010428.7568314,/metrics/pcl/fused/detections_count,std_msgs/msg/Int32,81
1774010428.7569692,/metrics/pcl/fused/points_in,std_msgs/msg/Int32,42935
1774010428.757043,/metrics/pcl/fused/processing_ms,std_msgs/msg/Float32,137.12754821777344
1774010429.0592492,/metrics/pcl/fused/detections_count,std_msgs/msg/Int32,78
1774010429.0593653,/metrics/pcl/fused/points_in,std_msgs/msg/Int32,42845
1774010429.0594285,/metrics/pcl/fused/processing_ms,std_msgs/msg/Float32,140.40611267089844
1774010429.358187,/metrics/pcl/fused/detections_count,std_msgs/msg/Int32,82
1774010429.358297,/metrics/pcl/fused/points_in,std_msgs/msg/Int32,42860
1774010429.3583574,/metrics/pcl/fused/processing_ms,std_msgs/msg/Float32,138.23788452148438
1774010429.663061,/metrics/pcl/fused/detections_count,std_msgs/msg/Int32,81
1774010429.6631777,/metrics/pcl/fused/points_in,std_msgs/msg/Int32,42913
1774010429.6632566,/metrics/pcl/fused/processing_ms,std_msgs/msg/Float32,142.466064453125
1774010429.9675136,/metrics/pcl/fused/detections_count,std_msgs/msg/Int32,74
1774010429.9676645,/metrics/pcl/fused/points_in,std_msgs/msg/Int32,42829
1774010429.967756,/metrics/pcl/fused/processing_ms,std_msgs/msg/Float32,139.47808837890625
1774010430.2691584,/metrics/pcl/fused/detections_count,std_msgs/msg/Int32,78
1774010430.2692697,/metrics/pcl/fused/points_in,std_msgs/msg/Int32,42864
1774010430.269332,/metrics/pcl/fused/processing_ms,std_msgs/msg/Float32,142.31869506835938
1774010430.5641031,/metrics/pcl/fused/detections_count,std_msgs/msg/Int32,75
1774010430.5642102,/metrics/pcl/fused/points_in,std_msgs/msg/Int32,42854
1774010430.5642717,/metrics/pcl/fused/processing_ms,std_msgs/msg/Float32,139.65533447265625
1774010430.8655574,/metrics/pcl/fused/detections_count,std_msgs/msg/Int32,69
1774010430.8656807,/metrics/pcl/fused/points_in,std_msgs/msg/Int32,42722
1774010430.8657446,/metrics/pcl/fused/processing_ms,std_msgs/msg/Float32,136.96267700195312
1774010431.1632535,/metrics/pcl/fused/detections_count,std_msgs/msg/Int32,81
1774010431.163358,/metrics/pcl/fused/points_in,std_msgs/msg/Int32,42820
1774010431.1634183,/metrics/pcl/fused/processing_ms,std_msgs/msg/Float32,137.62892150878906
1774010431.4613206,/metrics/pcl/fused/detections_count,std_msgs/msg/Int32,76
1774010431.4614294,/metrics/pcl/fused/points_in,std_msgs/msg/Int32,42701
1774010431.4614909,/metrics/pcl/fused/processing_ms,std_msgs/msg/Float32,135.4068603515625
1774010431.760816,/metrics/pcl/fused/detections_count,std_msgs/msg/Int32,80
1774010431.760959,/metrics/pcl/fused/points_in,std_msgs/msg/Int32,42733
1774010431.7610543,/metrics/pcl/fused/processing_ms,std_msgs/msg/Float32,137.86807250976562
1774010432.0721352,/metrics/pcl/fused/detections_count,std_msgs/msg/Int32,80
1774010432.072246,/metrics/pcl/fused/points_in,std_msgs/msg/Int32,42722
1774010432.072307,/metrics/pcl/fused/processing_ms,std_msgs/msg/Float32,144.87161254882812
1774010432.370439,/metrics/pcl/fused/detections_count,std_msgs/msg/Int32,78
1774010432.370553,/metrics/pcl/fused/points_in,std_msgs/msg/Int32,42825
1774010432.370614,/metrics/pcl/fused/processing_ms,std_msgs/msg/Float32,139.00575256347656
1774010432.6621745,/metrics/pcl/fused/detections_count,std_msgs/msg/Int32,75
1774010432.662281,/metrics/pcl/fused/points_in,std_msgs/msg/Int32,42820
1774010432.6623423,/metrics/pcl/fused/processing_ms,std_msgs/msg/Float32,139.3101348876953
1774010432.9642112,/metrics/pcl/fused/detections_count,std_msgs/msg/Int32,82
1774010432.964319,/metrics/pcl/fused/points_in,std_msgs/msg/Int32,42904
1774010432.9643805,/metrics/pcl/fused/processing_ms,std_msgs/msg/Float32,138.14695739746094
1774010433.2629197,/metrics/pcl/fused/detections_count,std_msgs/msg/Int32,81
1774010433.2630272,/metrics/pcl/fused/points_in,std_msgs/msg/Int32,42772
1774010433.2630932,/metrics/pcl/fused/processing_ms,std_msgs/msg/Float32,137.93919372558594
1774010433.561215,/metrics/pcl/fused/detections_count,std_msgs/msg/Int32,77
1774010433.5613203,/metrics/pcl/fused/points_in,std_msgs/msg/Int32,42882
1774010433.5613813,/metrics/pcl/fused/processing_ms,std_msgs/msg/Float32,137.47911071777344
1774010433.863651,/metrics/pcl/fused/detections_count,std_msgs/msg/Int32,75
1774010433.8637667,/metrics/pcl/fused/points_in,std_msgs/msg/Int32,42795
1774010433.8638284,/metrics/pcl/fused/processing_ms,std_msgs/msg/Float32,139.62646484375
1774010434.1731493,/metrics/pcl/fused/detections_count,std_msgs/msg/Int32,78
1774010434.1733217,/metrics/pcl/fused/points_in,std_msgs/msg/Int32,42815
1774010434.1734421,/metrics/pcl/fused/processing_ms,std_msgs/msg/Float32,143.30184936523438
1774010434.4703345,/metrics/pcl/fused/detections_count,std_msgs/msg/Int32,77
1774010434.4704418,/metrics/pcl/fused/points_in,std_msgs/msg/Int32,42862
1774010434.4705036,/metrics/pcl/fused/processing_ms,std_msgs/msg/Float32,142.24929809570312
1774010434.770202,/metrics/pcl/fused/detections_count,std_msgs/msg/Int32,80
1774010434.7703154,/metrics/pcl/fused/points_in,std_msgs/msg/Int32,42862
1774010434.770379,/metrics/pcl/fused/processing_ms,std_msgs/msg/Float32,142.13336181640625
1774010435.0618856,/metrics/pcl/fused/detections_count,std_msgs/msg/Int32,80
1774010435.0620139,/metrics/pcl/fused/points_in,std_msgs/msg/Int32,42917
1774010435.062075,/metrics/pcl/fused/processing_ms,std_msgs/msg/Float32,140.0115203857422
1774010435.36044,/metrics/pcl/fused/detections_count,std_msgs/msg/Int32,73
1774010435.3605676,/metrics/pcl/fused/points_in,std_msgs/msg/Int32,42725
1774010435.3606312,/metrics/pcl/fused/processing_ms,std_msgs/msg/Float32,138.0977020263672
1774010435.6638484,/metrics/pcl/fused/detections_count,std_msgs/msg/Int32,80
1774010435.664029,/metrics/pcl/fused/points_in,std_msgs/msg/Int32,42791
1774010435.6641037,/metrics/pcl/fused/processing_ms,std_msgs/msg/Float32,138.9568634033203
1774010435.9631774,/metrics/pcl/fused/detections_count,std_msgs/msg/Int32,74
1774010435.9633064,/metrics/pcl/fused/points_in,std_msgs/msg/Int32,42816
1774010435.9633834,/metrics/pcl/fused/processing_ms,std_msgs/msg/Float32,138.40591430664062
1774010436.2645867,/metrics/pcl/fused/detections_count,std_msgs/msg/Int32,75
1774010436.264692,/metrics/pcl/fused/points_in,std_msgs/msg/Int32,42784
1774010436.2647536,/metrics/pcl/fused/processing_ms,std_msgs/msg/Float32,137.9150848388672
1774010436.5640194,/metrics/pcl/fused/detections_count,std_msgs/msg/Int32,74
1774010436.564135,/metrics/pcl/fused/points_in,std_msgs/msg/Int32,42856
1774010436.564267,/metrics/pcl/fused/processing_ms,std_msgs/msg/Float32,139.1138916015625
1774010436.8646894,/metrics/pcl/fused/detections_count,std_msgs/msg/Int32,79
1774010436.8647933,/metrics/pcl/fused/points_in,std_msgs/msg/Int32,42923
1774010436.864855,/metrics/pcl/fused/processing_ms,std_msgs/msg/Float32,140.3663787841797
1774010437.1675296,/metrics/pcl/fused/detections_count,std_msgs/msg/Int32,79
1774010437.1676433,/metrics/pcl/fused/points_in,std_msgs/msg/Int32,42751
1774010437.1677067,/metrics/pcl/fused/processing_ms,std_msgs/msg/Float32,139.16229248046875
1774010437.465445,/metrics/pcl/fused/detections_count,std_msgs/msg/Int32,83
1774010437.4655385,/metrics/pcl/fused/points_in,std_msgs/msg/Int32,42754
1774010437.4655912,/metrics/pcl/fused/processing_ms,std_msgs/msg/Float32,139.7947998046875
1774010437.763141,/metrics/pcl/fused/detections_count,std_msgs/msg/Int32,78
1774010437.7632513,/metrics/pcl/fused/points_in,std_msgs/msg/Int32,42410
1774010437.7633305,/metrics/pcl/fused/processing_ms,std_msgs/msg/Float32,138.00198364257812
1774010438.0611484,/metrics/pcl/fused/detections_count,std_msgs/msg/Int32,77
1774010438.0612628,/metrics/pcl/fused/points_in,std_msgs/msg/Int32,42282
1774010438.061326,/metrics/pcl/fused/processing_ms,std_msgs/msg/Float32,136.94371032714844
1774010438.363965,/metrics/pcl/fused/detections_count,std_msgs/msg/Int32,73
1774010438.3640747,/metrics/pcl/fused/points_in,std_msgs/msg/Int32,42668
1774010438.3641362,/metrics/pcl/fused/processing_ms,std_msgs/msg/Float32,139.18051147460938
1774010438.666346,/metrics/pcl/fused/detections_count,std_msgs/msg/Int32,77
1774010438.6664546,/metrics/pcl/fused/points_in,std_msgs/msg/Int32,42775
1774010438.666516,/metrics/pcl/fused/processing_ms,std_msgs/msg/Float32,139.6040802001953
1774010438.9652793,/metrics/pcl/fused/detections_count,std_msgs/msg/Int32,78
1774010438.9653978,/metrics/pcl/fused/points_in,std_msgs/msg/Int32,42874
1774010438.9654605,/metrics/pcl/fused/processing_ms,std_msgs/msg/Float32,140.06155395507812
1774010439.2697704,/metrics/pcl/fused/detections_count,std_msgs/msg/Int32,77
1774010439.2698958,/metrics/pcl/fused/points_in,std_msgs/msg/Int32,42786
1774010439.2699788,/metrics/pcl/fused/processing_ms,std_msgs/msg/Float32,143.28689575195312
1774010439.5756166,/metrics/pcl/fused/detections_count,std_msgs/msg/Int32,79
1774010439.5757308,/metrics/pcl/fused/points_in,std_msgs/msg/Int32,42853
1774010439.5757957,/metrics/pcl/fused/processing_ms,std_msgs/msg/Float32,144.35870361328125
1774010439.8670564,/metrics/pcl/fused/detections_count,std_msgs/msg/Int32,75
1774010439.8671718,/metrics/pcl/fused/points_in,std_msgs/msg/Int32,42766
1774010439.8672364,/metrics/pcl/fused/processing_ms,std_msgs/msg/Float32,139.64659118652344
1774010440.1664896,/metrics/pcl/fused/detections_count,std_msgs/msg/Int32,71
1774010440.1665845,/metrics/pcl/fused/points_in,std_msgs/msg/Int32,42859
1774010440.166638,/metrics/pcl/fused/processing_ms,std_msgs/msg/Float32,140.4791717529297
1774010440.4629743,/metrics/pcl/fused/detections_count,std_msgs/msg/Int32,85
1774010440.4630878,/metrics/pcl/fused/points_in,std_msgs/msg/Int32,42801
1774010440.4631658,/metrics/pcl/fused/processing_ms,std_msgs/msg/Float32,138.88487243652344
1774010440.7635546,/metrics/pcl/fused/detections_count,std_msgs/msg/Int32,79
1774010440.7636652,/metrics/pcl/fused/points_in,std_msgs/msg/Int32,42829
1774010440.7637296,/metrics/pcl/fused/processing_ms,std_msgs/msg/Float32,139.9071807861328
1774010441.0665529,/metrics/pcl/fused/detections_count,std_msgs/msg/Int32,74
1774010441.0666618,/metrics/pcl/fused/points_in,std_msgs/msg/Int32,42835
1774010441.066725,/metrics/pcl/fused/processing_ms,std_msgs/msg/Float32,139.9488983154297
1774010441.3746614,/metrics/pcl/fused/detections_count,std_msgs/msg/Int32,76
1774010441.37477,/metrics/pcl/fused/points_in,std_msgs/msg/Int32,42862
1774010441.3748317,/metrics/pcl/fused/processing_ms,std_msgs/msg/Float32,142.84146118164062
1774010441.6745918,/metrics/pcl/fused/detections_count,std_msgs/msg/Int32,75
1774010441.6746986,/metrics/pcl/fused/points_in,std_msgs/msg/Int32,42834
1774010441.6747591,/metrics/pcl/fused/processing_ms,std_msgs/msg/Float32,140.67201232910156
1774010441.9744174,/metrics/pcl/fused/detections_count,std_msgs/msg/Int32,77
1774010441.9745338,/metrics/pcl/fused/points_in,std_msgs/msg/Int32,42801
1774010441.9746144,/metrics/pcl/fused/processing_ms,std_msgs/msg/Float32,141.39739990234375
1774010442.2693608,/metrics/pcl/fused/detections_count,std_msgs/msg/Int32,71
1774010442.2694738,/metrics/pcl/fused/points_in,std_msgs/msg/Int32,42694
1774010442.2695503,/metrics/pcl/fused/processing_ms,std_msgs/msg/Float32,141.5081329345703
1774010442.5734458,/metrics/pcl/fused/detections_count,std_msgs/msg/Int32,82
1774010442.573574,/metrics/pcl/fused/points_in,std_msgs/msg/Int32,42518
1774010442.5736666,/metrics/pcl/fused/processing_ms,std_msgs/msg/Float32,139.06069946289062
1774010442.8663325,/metrics/pcl/fused/detections_count,std_msgs/msg/Int32,81
1774010442.866434,/metrics/pcl/fused/points_in,std_msgs/msg/Int32,42444
1774010442.866488,/metrics/pcl/fused/processing_ms,std_msgs/msg/Float32,138.4800567626953
1774010443.1667967,/metrics/pcl/fused/detections_count,std_msgs/msg/Int32,80
1774010443.1669233,/metrics/pcl/fused/points_in,std_msgs/msg/Int32,42364
1774010443.1669905,/metrics/pcl/fused/processing_ms,std_msgs/msg/Float32,137.57850646972656
1774010443.4685638,/metrics/pcl/fused/detections_count,std_msgs/msg/Int32,83
1774010443.468672,/metrics/pcl/fused/points_in,std_msgs/msg/Int32,42186
1774010443.4687352,/metrics/pcl/fused/processing_ms,std_msgs/msg/Float32,139.13397216796875
1774010443.776,/metrics/pcl/fused/detections_count,std_msgs/msg/Int32,72
1774010443.776113,/metrics/pcl/fused/points_in,std_msgs/msg/Int32,42024
1774010443.7761776,/metrics/pcl/fused/processing_ms,std_msgs/msg/Float32,140.68873596191406
1774010444.0698504,/metrics/pcl/fused/detections_count,std_msgs/msg/Int32,80
1774010444.0699737,/metrics/pcl/fused/points_in,std_msgs/msg/Int32,41961
1774010444.0700397,/metrics/pcl/fused/processing_ms,std_msgs/msg/Float32,134.92677307128906
1774010444.3654473,/metrics/pcl/fused/detections_count,std_msgs/msg/Int32,75
1774010444.3655646,/metrics/pcl/fused/points_in,std_msgs/msg/Int32,41478
1774010444.3656433,/metrics/pcl/fused/processing_ms,std_msgs/msg/Float32,131.54733276367188
1774010444.6600354,/metrics/pcl/fused/detections_count,std_msgs/msg/Int32,75
1774010444.6601472,/metrics/pcl/fused/points_in,std_msgs/msg/Int32,40894
1774010444.6602318,/metrics/pcl/fused/processing_ms,std_msgs/msg/Float32,129.16685485839844
1774010444.965964,/metrics/pcl/fused/detections_count,std_msgs/msg/Int32,84
1774010444.966073,/metrics/pcl/fused/points_in,std_msgs/msg/Int32,41072
1774010444.9661357,/metrics/pcl/fused/processing_ms,std_msgs/msg/Float32,132.18753051757812
1774010445.2648087,/metrics/pcl/fused/detections_count,std_msgs/msg/Int32,81
1774010445.2649474,/metrics/pcl/fused/points_in,std_msgs/msg/Int32,40916
1774010445.2650142,/metrics/pcl/fused/processing_ms,std_msgs/msg/Float32,131.448486328125
1774010445.5624423,/metrics/pcl/fused/detections_count,std_msgs/msg/Int32,76
1774010445.562552,/metrics/pcl/fused/points_in,std_msgs/msg/Int32,39916
1774010445.562617,/metrics/pcl/fused/processing_ms,std_msgs/msg/Float32,128.43197631835938
1774010445.8657508,/metrics/pcl/fused/detections_count,std_msgs/msg/Int32,76
1774010445.86586,/metrics/pcl/fused/points_in,std_msgs/msg/Int32,39857
1774010445.8659441,/metrics/pcl/fused/processing_ms,std_msgs/msg/Float32,130.24981689453125
1774010446.165886,/metrics/pcl/fused/detections_count,std_msgs/msg/Int32,69
1774010446.1660058,/metrics/pcl/fused/points_in,std_msgs/msg/Int32,40973
1774010446.1660666,/metrics/pcl/fused/processing_ms,std_msgs/msg/Float32,135.74876403808594
1774010446.476973,/metrics/pcl/fused/detections_count,std_msgs/msg/Int32,76
1774010446.4770913,/metrics/pcl/fused/points_in,std_msgs/msg/Int32,41537
1774010446.4771538,/metrics/pcl/fused/processing_ms,std_msgs/msg/Float32,141.37937927246094
1774010446.7684464,/metrics/pcl/fused/detections_count,std_msgs/msg/Int32,78
1774010446.768549,/metrics/pcl/fused/points_in,std_msgs/msg/Int32,41191
1774010446.7686045,/metrics/pcl/fused/processing_ms,std_msgs/msg/Float32,135.0581512451172
1774010447.0648444,/metrics/pcl/fused/detections_count,std_msgs/msg/Int32,74
1774010447.0649936,/metrics/pcl/fused/points_in,std_msgs/msg/Int32,40896
1774010447.0650637,/metrics/pcl/fused/processing_ms,std_msgs/msg/Float32,128.93692016601562
1774010447.3647342,/metrics/pcl/fused/detections_count,std_msgs/msg/Int32,78
1774010447.364842,/metrics/pcl/fused/points_in,std_msgs/msg/Int32,41267
1774010447.364915,/metrics/pcl/fused/processing_ms,std_msgs/msg/Float32,133.48046875
1774010447.6655548,/metrics/pcl/fused/detections_count,std_msgs/msg/Int32,80
1774010447.6656668,/metrics/pcl/fused/points_in,std_msgs/msg/Int32,42081
1774010447.6657293,/metrics/pcl/fused/processing_ms,std_msgs/msg/Float32,135.08895874023438
1774010447.9745882,/metrics/pcl/fused/detections_count,std_msgs/msg/Int32,80
1774010447.9746845,/metrics/pcl/fused/points_in,std_msgs/msg/Int32,41959
1774010447.9747381,/metrics/pcl/fused/processing_ms,std_msgs/msg/Float32,135.30563354492188
1774010448.2639885,/metrics/pcl/fused/detections_count,std_msgs/msg/Int32,81
1774010448.2640831,/metrics/pcl/fused/points_in,std_msgs/msg/Int32,42018
1774010448.264135,/metrics/pcl/fused/processing_ms,std_msgs/msg/Float32,130.81629943847656
1774010448.5644093,/metrics/pcl/fused/detections_count,std_msgs/msg/Int32,81
1774010448.5645206,/metrics/pcl/fused/points_in,std_msgs/msg/Int32,42142
1774010448.5645819,/metrics/pcl/fused/processing_ms,std_msgs/msg/Float32,132.05982971191406
1774010448.8726037,/metrics/pcl/fused/detections_count,std_msgs/msg/Int32,79
1774010448.8727152,/metrics/pcl/fused/points_in,std_msgs/msg/Int32,42356
1774010448.8727803,/metrics/pcl/fused/processing_ms,std_msgs/msg/Float32,135.6634979248047
1774010449.1782544,/metrics/pcl/fused/detections_count,std_msgs/msg/Int32,79
1774010449.178369,/metrics/pcl/fused/points_in,std_msgs/msg/Int32,42367
1774010449.1784315,/metrics/pcl/fused/processing_ms,std_msgs/msg/Float32,134.08323669433594
1774010449.4747682,/metrics/pcl/fused/detections_count,std_msgs/msg/Int32,77
1774010449.4748895,/metrics/pcl/fused/points_in,std_msgs/msg/Int32,42738
1774010449.4749608,/metrics/pcl/fused/processing_ms,std_msgs/msg/Float32,140.6628875732422
1774010449.7579246,/metrics/pcl/fused/detections_count,std_msgs/msg/Int32,85
1774010449.7580655,/metrics/pcl/fused/points_in,std_msgs/msg/Int32,42781
1774010449.7581317,/metrics/pcl/fused/processing_ms,std_msgs/msg/Float32,138.95301818847656
1774010450.0578275,/metrics/pcl/fused/detections_count,std_msgs/msg/Int32,76
1774010450.057957,/metrics/pcl/fused/points_in,std_msgs/msg/Int32,42914
1774010450.0580232,/metrics/pcl/fused/processing_ms,std_msgs/msg/Float32,139.95245361328125
1774010450.3531444,/metrics/pcl/fused/detections_count,std_msgs/msg/Int32,81
1774010450.3532498,/metrics/pcl/fused/points_in,std_msgs/msg/Int32,42844
1774010450.3533015,/metrics/pcl/fused/processing_ms,std_msgs/msg/Float32,138.5634002685547
1774010450.6643145,/metrics/pcl/fused/detections_count,std_msgs/msg/Int32,78
1774010450.6644115,/metrics/pcl/fused/points_in,std_msgs/msg/Int32,42868
1774010450.6644642,/metrics/pcl/fused/processing_ms,std_msgs/msg/Float32,140.88623046875
1774010450.9668963,/metrics/pcl/fused/detections_count,std_msgs/msg/Int32,73
1774010450.96702,/metrics/pcl/fused/points_in,std_msgs/msg/Int32,42974
1774010450.9671113,/metrics/pcl/fused/processing_ms,std_msgs/msg/Float32,141.0869903564453
1774010451.2676523,/metrics/pcl/fused/detections_count,std_msgs/msg/Int32,71
1774010451.267774,/metrics/pcl/fused/points_in,std_msgs/msg/Int32,42829
1774010451.2678502,/metrics/pcl/fused/processing_ms,std_msgs/msg/Float32,141.0003204345703
1774010451.5623,/metrics/pcl/fused/detections_count,std_msgs/msg/Int32,86
1774010451.562406,/metrics/pcl/fused/points_in,std_msgs/msg/Int32,42750
1774010451.562468,/metrics/pcl/fused/processing_ms,std_msgs/msg/Float32,137.11550903320312
1774010451.856344,/metrics/pcl/fused/detections_count,std_msgs/msg/Int32,80
1774010451.856455,/metrics/pcl/fused/points_in,std_msgs/msg/Int32,42881
1774010451.8565166,/metrics/pcl/fused/processing_ms,std_msgs/msg/Float32,135.78184509277344
1774010452.1573372,/metrics/pcl/fused/detections_count,std_msgs/msg/Int32,78
1774010452.1574464,/metrics/pcl/fused/points_in,std_msgs/msg/Int32,42628
1774010452.15751,/metrics/pcl/fused/processing_ms,std_msgs/msg/Float32,136.84278869628906
1774010452.4562173,/metrics/pcl/fused/detections_count,std_msgs/msg/Int32,81
1774010452.456328,/metrics/pcl/fused/points_in,std_msgs/msg/Int32,42818
1774010452.456391,/metrics/pcl/fused/processing_ms,std_msgs/msg/Float32,138.1349334716797
1774010452.7579288,/metrics/pcl/fused/detections_count,std_msgs/msg/Int32,77
1774010452.758046,/metrics/pcl/fused/points_in,std_msgs/msg/Int32,42729
1774010452.7581074,/metrics/pcl/fused/processing_ms,std_msgs/msg/Float32,139.6658172607422
1774010453.0636852,/metrics/pcl/fused/detections_count,std_msgs/msg/Int32,84
1774010453.0637946,/metrics/pcl/fused/points_in,std_msgs/msg/Int32,42747
1774010453.063857,/metrics/pcl/fused/processing_ms,std_msgs/msg/Float32,143.15109252929688
1774010453.3612645,/metrics/pcl/fused/detections_count,std_msgs/msg/Int32,79
1774010453.3613753,/metrics/pcl/fused/points_in,std_msgs/msg/Int32,42827
1774010453.3614306,/metrics/pcl/fused/processing_ms,std_msgs/msg/Float32,140.99522399902344
1774010453.6680057,/metrics/pcl/fused/detections_count,std_msgs/msg/Int32,79
1774010453.6681018,/metrics/pcl/fused/points_in,std_msgs/msg/Int32,42822
1774010453.6681535,/metrics/pcl/fused/processing_ms,std_msgs/msg/Float32,142.98008728027344
1774010453.970244,/metrics/pcl/fused/detections_count,std_msgs/msg/Int32,77
1774010453.9703577,/metrics/pcl/fused/points_in,std_msgs/msg/Int32,42885
1774010453.9704227,/metrics/pcl/fused/processing_ms,std_msgs/msg/Float32,148.9412384033203
1774010454.264006,/metrics/pcl/fused/detections_count,std_msgs/msg/Int32,79
1774010454.2641175,/metrics/pcl/fused/points_in,std_msgs/msg/Int32,42782
1774010454.2641797,/metrics/pcl/fused/processing_ms,std_msgs/msg/Float32,140.63241577148438
1774010454.5637739,/metrics/pcl/fused/detections_count,std_msgs/msg/Int32,78
1774010454.5638945,/metrics/pcl/fused/points_in,std_msgs/msg/Int32,42718
1774010454.5639768,/metrics/pcl/fused/processing_ms,std_msgs/msg/Float32,139.9328155517578
1774010454.8633695,/metrics/pcl/fused/detections_count,std_msgs/msg/Int32,75
1774010454.8634865,/metrics/pcl/fused/points_in,std_msgs/msg/Int32,42751
1774010454.8635497,/metrics/pcl/fused/processing_ms,std_msgs/msg/Float32,139.7738037109375
1774010455.1647594,/metrics/pcl/fused/detections_count,std_msgs/msg/Int32,76
1774010455.164897,/metrics/pcl/fused/points_in,std_msgs/msg/Int32,42790
1774010455.165019,/metrics/pcl/fused/processing_ms,std_msgs/msg/Float32,142.36367797851562
1774010455.462045,/metrics/pcl/fused/detections_count,std_msgs/msg/Int32,80
1774010455.4621418,/metrics/pcl/fused/points_in,std_msgs/msg/Int32,42899
1774010455.4621923,/metrics/pcl/fused/processing_ms,std_msgs/msg/Float32,138.71624755859375
1774010455.7618299,/metrics/pcl/fused/detections_count,std_msgs/msg/Int32,85
1774010455.7619674,/metrics/pcl/fused/points_in,std_msgs/msg/Int32,42869
1774010455.7620342,/metrics/pcl/fused/processing_ms,std_msgs/msg/Float32,139.33631896972656
1774010456.0633354,/metrics/pcl/fused/detections_count,std_msgs/msg/Int32,83
1774010456.063444,/metrics/pcl/fused/points_in,std_msgs/msg/Int32,42812
1774010456.0635195,/metrics/pcl/fused/processing_ms,std_msgs/msg/Float32,139.94955444335938
1774010456.367953,/metrics/pcl/fused/detections_count,std_msgs/msg/Int32,76
1774010456.3680744,/metrics/pcl/fused/points_in,std_msgs/msg/Int32,42812
1774010456.3681545,/metrics/pcl/fused/processing_ms,std_msgs/msg/Float32,142.3862762451172
1774010456.6670952,/metrics/pcl/fused/detections_count,std_msgs/msg/Int32,76
1774010456.6672013,/metrics/pcl/fused/points_in,std_msgs/msg/Int32,42831
1774010456.6672642,/metrics/pcl/fused/processing_ms,std_msgs/msg/Float32,142.1477813720703
1774010456.9636095,/metrics/pcl/fused/detections_count,std_msgs/msg/Int32,81
1774010456.9637246,/metrics/pcl/fused/points_in,std_msgs/msg/Int32,42794
1774010456.963786,/metrics/pcl/fused/processing_ms,std_msgs/msg/Float32,140.026611328125
1774010457.2699943,/metrics/pcl/fused/detections_count,std_msgs/msg/Int32,80
1774010457.270109,/metrics/pcl/fused/points_in,std_msgs/msg/Int32,42752
1774010457.270174,/metrics/pcl/fused/processing_ms,std_msgs/msg/Float32,142.30506896972656
1774010457.5640495,/metrics/pcl/fused/detections_count,std_msgs/msg/Int32,77
1774010457.564161,/metrics/pcl/fused/points_in,std_msgs/msg/Int32,42863
1774010457.5642245,/metrics/pcl/fused/processing_ms,std_msgs/msg/Float32,141.0761260986328
1774010457.8606348,/metrics/pcl/fused/detections_count,std_msgs/msg/Int32,81
1774010457.8607502,/metrics/pcl/fused/points_in,std_msgs/msg/Int32,42710
1774010457.8608282,/metrics/pcl/fused/processing_ms,std_msgs/msg/Float32,139.8671417236328
1774010458.1598122,/metrics/pcl/fused/detections_count,std_msgs/msg/Int32,80
1774010458.1599863,/metrics/pcl/fused/points_in,std_msgs/msg/Int32,42652
1774010458.1600592,/metrics/pcl/fused/processing_ms,std_msgs/msg/Float32,139.66004943847656
1774010458.4696507,/metrics/pcl/fused/detections_count,std_msgs/msg/Int32,78
1774010458.4697602,/metrics/pcl/fused/points_in,std_msgs/msg/Int32,42896
1774010458.4698222,/metrics/pcl/fused/processing_ms,std_msgs/msg/Float32,145.17567443847656
1774010458.7688656,/metrics/pcl/fused/detections_count,std_msgs/msg/Int32,81
1774010458.7690492,/metrics/pcl/fused/points_in,std_msgs/msg/Int32,42867
1774010458.7691212,/metrics/pcl/fused/processing_ms,std_msgs/msg/Float32,140.63172912597656
1774010459.0611556,/metrics/pcl/fused/detections_count,std_msgs/msg/Int32,75
1774010459.0612657,/metrics/pcl/fused/points_in,std_msgs/msg/Int32,42801
1774010459.0613275,/metrics/pcl/fused/processing_ms,std_msgs/msg/Float32,141.16697692871094
1774010459.3634114,/metrics/pcl/fused/detections_count,std_msgs/msg/Int32,78
1774010459.3635147,/metrics/pcl/fused/points_in,std_msgs/msg/Int32,42675
1774010459.3635774,/metrics/pcl/fused/processing_ms,std_msgs/msg/Float32,137.64703369140625
1774010459.6644707,/metrics/pcl/fused/detections_count,std_msgs/msg/Int32,77
1774010459.664578,/metrics/pcl/fused/points_in,std_msgs/msg/Int32,42740
1774010459.664631,/metrics/pcl/fused/processing_ms,std_msgs/msg/Float32,138.4598846435547
1774010459.9641688,/metrics/pcl/fused/detections_count,std_msgs/msg/Int32,79
1774010459.96427,/metrics/pcl/fused/points_in,std_msgs/msg/Int32,42868
1774010459.964332,/metrics/pcl/fused/processing_ms,std_msgs/msg/Float32,138.39747619628906
1774010460.267634,/metrics/pcl/fused/detections_count,std_msgs/msg/Int32,73
1774010460.2677562,/metrics/pcl/fused/points_in,std_msgs/msg/Int32,42842
1774010460.2678185,/metrics/pcl/fused/processing_ms,std_msgs/msg/Float32,140.96258544921875
1774010460.5636096,/metrics/pcl/fused/detections_count,std_msgs/msg/Int32,80
1774010460.5637283,/metrics/pcl/fused/points_in,std_msgs/msg/Int32,42780
1774010460.5637925,/metrics/pcl/fused/processing_ms,std_msgs/msg/Float32,138.89285278320312
1774010460.872547,/metrics/pcl/fused/detections_count,std_msgs/msg/Int32,76
1774010460.872656,/metrics/pcl/fused/points_in,std_msgs/msg/Int32,42637
1774010460.872718,/metrics/pcl/fused/processing_ms,std_msgs/msg/Float32,142.5619659423828
1774010461.163943,/metrics/pcl/fused/detections_count,std_msgs/msg/Int32,80
1774010461.1640644,/metrics/pcl/fused/points_in,std_msgs/msg/Int32,42765
1774010461.1641402,/metrics/pcl/fused/processing_ms,std_msgs/msg/Float32,136.82919311523438
1774010461.4679856,/metrics/pcl/fused/detections_count,std_msgs/msg/Int32,82
1774010461.468095,/metrics/pcl/fused/points_in,std_msgs/msg/Int32,42728
1774010461.4681585,/metrics/pcl/fused/processing_ms,std_msgs/msg/Float32,138.81332397460938
1774010461.7656946,/metrics/pcl/fused/detections_count,std_msgs/msg/Int32,81
1774010461.7658014,/metrics/pcl/fused/points_in,std_msgs/msg/Int32,42737
1774010461.7658634,/metrics/pcl/fused/processing_ms,std_msgs/msg/Float32,138.34288024902344
1774010462.0691578,/metrics/pcl/fused/detections_count,std_msgs/msg/Int32,76
1774010462.0692668,/metrics/pcl/fused/points_in,std_msgs/msg/Int32,42944
1774010462.0693283,/metrics/pcl/fused/processing_ms,std_msgs/msg/Float32,139.6832733154297
1774010462.3702002,/metrics/pcl/fused/detections_count,std_msgs/msg/Int32,82
1774010462.3703105,/metrics/pcl/fused/points_in,std_msgs/msg/Int32,42802
1774010462.3703744,/metrics/pcl/fused/processing_ms,std_msgs/msg/Float32,143.54904174804688
1774010462.6691775,/metrics/pcl/fused/detections_count,std_msgs/msg/Int32,80
1774010462.6692877,/metrics/pcl/fused/points_in,std_msgs/msg/Int32,42914
1774010462.66935,/metrics/pcl/fused/processing_ms,std_msgs/msg/Float32,141.41384887695312
1774010462.9661014,/metrics/pcl/fused/detections_count,std_msgs/msg/Int32,76
1774010462.9662228,/metrics/pcl/fused/points_in,std_msgs/msg/Int32,42754
1774010462.9662986,/metrics/pcl/fused/processing_ms,std_msgs/msg/Float32,140.49359130859375
1774010463.2722628,/metrics/pcl/fused/detections_count,std_msgs/msg/Int32,78
1774010463.2723892,/metrics/pcl/fused/points_in,std_msgs/msg/Int32,42953
1774010463.2724736,/metrics/pcl/fused/processing_ms,std_msgs/msg/Float32,143.97512817382812
1774010463.568704,/metrics/pcl/fused/detections_count,std_msgs/msg/Int32,77
1774010463.5688343,/metrics/pcl/fused/points_in,std_msgs/msg/Int32,42856
1774010463.5689225,/metrics/pcl/fused/processing_ms,std_msgs/msg/Float32,139.5457763671875
1774010463.8668168,/metrics/pcl/fused/detections_count,std_msgs/msg/Int32,79
1774010463.8669548,/metrics/pcl/fused/points_in,std_msgs/msg/Int32,42874
1774010463.8670309,/metrics/pcl/fused/processing_ms,std_msgs/msg/Float32,140.90225219726562
1774010464.1689928,/metrics/pcl/fused/detections_count,std_msgs/msg/Int32,74
1774010464.1691122,/metrics/pcl/fused/points_in,std_msgs/msg/Int32,42767
1774010464.1691732,/metrics/pcl/fused/processing_ms,std_msgs/msg/Float32,139.1103515625
1774010464.466846,/metrics/pcl/fused/detections_count,std_msgs/msg/Int32,79
1774010464.466976,/metrics/pcl/fused/points_in,std_msgs/msg/Int32,42575
1774010464.4670367,/metrics/pcl/fused/processing_ms,std_msgs/msg/Float32,140.29844665527344
1774010464.763974,/metrics/pcl/fused/detections_count,std_msgs/msg/Int32,80
1774010464.764082,/metrics/pcl/fused/points_in,std_msgs/msg/Int32,42622
1774010464.7641444,/metrics/pcl/fused/processing_ms,std_msgs/msg/Float32,137.78280639648438
1774010465.0680435,/metrics/pcl/fused/detections_count,std_msgs/msg/Int32,71
1774010465.0681515,/metrics/pcl/fused/points_in,std_msgs/msg/Int32,42614
1774010465.068215,/metrics/pcl/fused/processing_ms,std_msgs/msg/Float32,139.9479522705078
1774010465.3640013,/metrics/pcl/fused/detections_count,std_msgs/msg/Int32,82
1774010465.364122,/metrics/pcl/fused/points_in,std_msgs/msg/Int32,42730
1774010465.3641949,/metrics/pcl/fused/processing_ms,std_msgs/msg/Float32,137.60520935058594
1774010465.6665342,/metrics/pcl/fused/detections_count,std_msgs/msg/Int32,77
1774010465.6666398,/metrics/pcl/fused/points_in,std_msgs/msg/Int32,42738
1774010465.6667013,/metrics/pcl/fused/processing_ms,std_msgs/msg/Float32,139.7579803466797
1774010465.967912,/metrics/pcl/fused/detections_count,std_msgs/msg/Int32,82
1774010465.9680338,/metrics/pcl/fused/points_in,std_msgs/msg/Int32,42940
1774010465.9680982,/metrics/pcl/fused/processing_ms,std_msgs/msg/Float32,139.35316467285156
1774010466.2670858,/metrics/pcl/fused/detections_count,std_msgs/msg/Int32,81
1774010466.2671938,/metrics/pcl/fused/points_in,std_msgs/msg/Int32,42752
1774010466.2672553,/metrics/pcl/fused/processing_ms,std_msgs/msg/Float32,139.62112426757812
1774010466.569757,/metrics/pcl/fused/detections_count,std_msgs/msg/Int32,74
1774010466.5698645,/metrics/pcl/fused/points_in,std_msgs/msg/Int32,42713
1774010466.569942,/metrics/pcl/fused/processing_ms,std_msgs/msg/Float32,138.90049743652344
1774010466.8680654,/metrics/pcl/fused/detections_count,std_msgs/msg/Int32,77
1774010466.8681748,/metrics/pcl/fused/points_in,std_msgs/msg/Int32,42816
1774010466.8682365,/metrics/pcl/fused/processing_ms,std_msgs/msg/Float32,140.14324951171875
1774010467.1700335,/metrics/pcl/fused/detections_count,std_msgs/msg/Int32,80
1774010467.170144,/metrics/pcl/fused/points_in,std_msgs/msg/Int32,42791
1774010467.170206,/metrics/pcl/fused/processing_ms,std_msgs/msg/Float32,139.64796447753906
1774010467.4694896,/metrics/pcl/fused/detections_count,std_msgs/msg/Int32,76
1774010467.4695961,/metrics/pcl/fused/points_in,std_msgs/msg/Int32,42882
1774010467.4696708,/metrics/pcl/fused/processing_ms,std_msgs/msg/Float32,138.5762176513672
1774010467.774946,/metrics/pcl/fused/detections_count,std_msgs/msg/Int32,81
1774010467.775053,/metrics/pcl/fused/points_in,std_msgs/msg/Int32,42821
1774010467.7751155,/metrics/pcl/fused/processing_ms,std_msgs/msg/Float32,141.09445190429688
1774010468.074248,/metrics/pcl/fused/detections_count,std_msgs/msg/Int32,74
1774010468.0743556,/metrics/pcl/fused/points_in,std_msgs/msg/Int32,42761
1774010468.074431,/metrics/pcl/fused/processing_ms,std_msgs/msg/Float32,143.71688842773438
1774010468.3760612,/metrics/pcl/fused/detections_count,std_msgs/msg/Int32,83
1774010468.3761733,/metrics/pcl/fused/points_in,std_msgs/msg/Int32,42745
1774010468.376236,/metrics/pcl/fused/processing_ms,std_msgs/msg/Float32,143.0186767578125
1774010468.6713245,/metrics/pcl/fused/detections_count,std_msgs/msg/Int32,79
1774010468.6714797,/metrics/pcl/fused/points_in,std_msgs/msg/Int32,42888
1774010468.6716228,/metrics/pcl/fused/processing_ms,std_msgs/msg/Float32,140.4995880126953
1774010468.9743268,/metrics/pcl/fused/detections_count,std_msgs/msg/Int32,80
1774010468.974438,/metrics/pcl/fused/points_in,std_msgs/msg/Int32,42809
1774010468.9745007,/metrics/pcl/fused/processing_ms,std_msgs/msg/Float32,138.91766357421875
1774010469.2703066,/metrics/pcl/fused/detections_count,std_msgs/msg/Int32,79
1774010469.27042,/metrics/pcl/fused/points_in,std_msgs/msg/Int32,42761
1774010469.2704816,/metrics/pcl/fused/processing_ms,std_msgs/msg/Float32,138.2463836669922
1774010469.5712473,/metrics/pcl/fused/detections_count,std_msgs/msg/Int32,77
1774010469.571368,/metrics/pcl/fused/points_in,std_msgs/msg/Int32,42723
1774010469.5714307,/metrics/pcl/fused/processing_ms,std_msgs/msg/Float32,138.93869018554688
1774010469.8732245,/metrics/pcl/fused/detections_count,std_msgs/msg/Int32,73
1774010469.873339,/metrics/pcl/fused/points_in,std_msgs/msg/Int32,42790
1774010469.8734002,/metrics/pcl/fused/processing_ms,std_msgs/msg/Float32,140.4711456298828
1774010470.1737401,/metrics/pcl/fused/detections_count,std_msgs/msg/Int32,81
1774010470.1738496,/metrics/pcl/fused/points_in,std_msgs/msg/Int32,42861
1774010470.1739337,/metrics/pcl/fused/processing_ms,std_msgs/msg/Float32,142.06361389160156
1774010470.4701765,/metrics/pcl/fused/detections_count,std_msgs/msg/Int32,81
1774010470.4702878,/metrics/pcl/fused/points_in,std_msgs/msg/Int32,42781
1774010470.4703496,/metrics/pcl/fused/processing_ms,std_msgs/msg/Float32,138.14317321777344
1774010470.7730734,/metrics/pcl/fused/detections_count,std_msgs/msg/Int32,72
1774010470.7731826,/metrics/pcl/fused/points_in,std_msgs/msg/Int32,42880
1774010470.773246,/metrics/pcl/fused/processing_ms,std_msgs/msg/Float32,138.82843017578125
1774010471.0719807,/metrics/pcl/fused/detections_count,std_msgs/msg/Int32,81
1774010471.0721042,/metrics/pcl/fused/points_in,std_msgs/msg/Int32,42771
1774010471.0721667,/metrics/pcl/fused/processing_ms,std_msgs/msg/Float32,138.6377716064453
1774010471.374466,/metrics/pcl/fused/detections_count,std_msgs/msg/Int32,78
1774010471.3745904,/metrics/pcl/fused/points_in,std_msgs/msg/Int32,42806
1774010471.374652,/metrics/pcl/fused/processing_ms,std_msgs/msg/Float32,138.94180297851562
1774010471.6690633,/metrics/pcl/fused/detections_count,std_msgs/msg/Int32,74
1774010471.6692002,/metrics/pcl/fused/points_in,std_msgs/msg/Int32,42951
1774010471.6692786,/metrics/pcl/fused/processing_ms,std_msgs/msg/Float32,137.9697265625
1774010471.9757068,/metrics/pcl/fused/detections_count,std_msgs/msg/Int32,75
1774010471.9758158,/metrics/pcl/fused/points_in,std_msgs/msg/Int32,42956
1774010471.9758878,/metrics/pcl/fused/processing_ms,std_msgs/msg/Float32,140.0875244140625
1774010472.2721958,/metrics/pcl/fused/detections_count,std_msgs/msg/Int32,81
1774010472.2723193,/metrics/pcl/fused/points_in,std_msgs/msg/Int32,42956
1774010472.2723868,/metrics/pcl/fused/processing_ms,std_msgs/msg/Float32,138.52879333496094
1774010472.574147,/metrics/pcl/fused/detections_count,std_msgs/msg/Int32,79
1774010472.5742564,/metrics/pcl/fused/points_in,std_msgs/msg/Int32,42852
1774010472.5743184,/metrics/pcl/fused/processing_ms,std_msgs/msg/Float32,139.9532470703125
1774010472.87379,/metrics/pcl/fused/detections_count,std_msgs/msg/Int32,82
1774010472.87391,/metrics/pcl/fused/points_in,std_msgs/msg/Int32,42914
1774010472.8739784,/metrics/pcl/fused/processing_ms,std_msgs/msg/Float32,139.8975830078125
1774010473.1747186,/metrics/pcl/fused/detections_count,std_msgs/msg/Int32,81
1774010473.1748283,/metrics/pcl/fused/points_in,std_msgs/msg/Int32,42811
1774010473.1749127,/metrics/pcl/fused/processing_ms,std_msgs/msg/Float32,140.17510986328125
1774010473.4749343,/metrics/pcl/fused/detections_count,std_msgs/msg/Int32,84
1774010473.4750476,/metrics/pcl/fused/processing_ms,std_msgs/msg/Float32,139.53965759277344
1774010473.4752822,/metrics/pcl/fused/points_in,std_msgs/msg/Int32,42804
1774010473.784062,/metrics/pcl/fused/detections_count,std_msgs/msg/Int32,82
1774010473.7841887,/metrics/pcl/fused/points_in,std_msgs/msg/Int32,42773
1774010473.7882233,/metrics/pcl/fused/processing_ms,std_msgs/msg/Float32,144.5376739501953
1774010474.064972,/metrics/pcl/fused/detections_count,std_msgs/msg/Int32,80
1774010474.0650966,/metrics/pcl/fused/points_in,std_msgs/msg/Int32,42806
1774010474.0651612,/metrics/pcl/fused/processing_ms,std_msgs/msg/Float32,139.23255920410156
1774010474.365982,/metrics/pcl/fused/detections_count,std_msgs/msg/Int32,74
1774010474.3660958,/metrics/pcl/fused/points_in,std_msgs/msg/Int32,42733
1774010474.3661697,/metrics/pcl/fused/processing_ms,std_msgs/msg/Float32,140.1761474609375
1774010474.6654696,/metrics/pcl/fused/detections_count,std_msgs/msg/Int32,76
1774010474.6655822,/metrics/pcl/fused/points_in,std_msgs/msg/Int32,42703
1774010474.665647,/metrics/pcl/fused/processing_ms,std_msgs/msg/Float32,140.86456298828125
1774010474.9616797,/metrics/pcl/fused/detections_count,std_msgs/msg/Int32,79
1774010474.961796,/metrics/pcl/fused/points_in,std_msgs/msg/Int32,42695
1774010474.9618626,/metrics/pcl/fused/processing_ms,std_msgs/msg/Float32,139.11346435546875
1774010475.2652462,/metrics/pcl/fused/detections_count,std_msgs/msg/Int32,81
1774010475.2653568,/metrics/pcl/fused/points_in,std_msgs/msg/Int32,42818
1774010475.2654214,/metrics/pcl/fused/processing_ms,std_msgs/msg/Float32,141.2537078857422
1774010475.5616229,/metrics/pcl/fused/detections_count,std_msgs/msg/Int32,80
1774010475.5617192,/metrics/pcl/fused/points_in,std_msgs/msg/Int32,42797
1774010475.5617728,/metrics/pcl/fused/processing_ms,std_msgs/msg/Float32,140.261474609375
1774010475.8620524,/metrics/pcl/fused/detections_count,std_msgs/msg/Int32,79
1774010475.8621786,/metrics/pcl/fused/points_in,std_msgs/msg/Int32,42856
1774010475.8622677,/metrics/pcl/fused/processing_ms,std_msgs/msg/Float32,141.34420776367188
1774010476.1665218,/metrics/pcl/fused/detections_count,std_msgs/msg/Int32,83
1774010476.1666374,/metrics/pcl/fused/points_in,std_msgs/msg/Int32,42728
1774010476.1667285,/metrics/pcl/fused/processing_ms,std_msgs/msg/Float32,139.6940155029297
1774010476.4657116,/metrics/pcl/fused/detections_count,std_msgs/msg/Int32,74
1774010476.465835,/metrics/pcl/fused/points_in,std_msgs/msg/Int32,42854
1774010476.4659553,/metrics/pcl/fused/processing_ms,std_msgs/msg/Float32,143.2021484375
1774010476.761765,/metrics/pcl/fused/detections_count,std_msgs/msg/Int32,78
1774010476.761894,/metrics/pcl/fused/points_in,std_msgs/msg/Int32,42765
1774010476.7619832,/metrics/pcl/fused/processing_ms,std_msgs/msg/Float32,141.70948791503906
1774010477.0625,/metrics/pcl/fused/detections_count,std_msgs/msg/Int32,84
1774010477.0626178,/metrics/pcl/fused/points_in,std_msgs/msg/Int32,42841
1774010477.0627062,/metrics/pcl/fused/processing_ms,std_msgs/msg/Float32,140.827392578125
1774010477.3677177,/metrics/pcl/fused/detections_count,std_msgs/msg/Int32,75
1774010477.3678882,/metrics/pcl/fused/points_in,std_msgs/msg/Int32,42930
1774010477.3679893,/metrics/pcl/fused/processing_ms,std_msgs/msg/Float32,143.9688720703125
1774010477.6649258,/metrics/pcl/fused/detections_count,std_msgs/msg/Int32,81
1774010477.6650584,/metrics/pcl/fused/points_in,std_msgs/msg/Int32,42806
1774010477.6651208,/metrics/pcl/fused/processing_ms,std_msgs/msg/Float32,141.39410400390625
1774010477.9694743,/metrics/pcl/fused/detections_count,std_msgs/msg/Int32,81
1774010477.9695897,/metrics/pcl/fused/points_in,std_msgs/msg/Int32,42906
1774010477.9696507,/metrics/pcl/fused/processing_ms,std_msgs/msg/Float32,147.29396057128906
1774010478.2691326,/metrics/pcl/fused/detections_count,std_msgs/msg/Int32,77
1774010478.2692447,/metrics/pcl/fused/points_in,std_msgs/msg/Int32,42864
1774010478.2693102,/metrics/pcl/fused/processing_ms,std_msgs/msg/Float32,138.883544921875
1774010478.5602446,/metrics/pcl/fused/detections_count,std_msgs/msg/Int32,76
1774010478.5603545,/metrics/pcl/fused/points_in,std_msgs/msg/Int32,42761
1774010478.5604165,/metrics/pcl/fused/processing_ms,std_msgs/msg/Float32,138.07781982421875
1774010478.867508,/metrics/pcl/fused/detections_count,std_msgs/msg/Int32,76
1774010478.8676288,/metrics/pcl/fused/points_in,std_msgs/msg/Int32,42847
1774010478.8676908,/metrics/pcl/fused/processing_ms,std_msgs/msg/Float32,142.2117919921875
1774010479.163291,/metrics/pcl/fused/detections_count,std_msgs/msg/Int32,76
1774010479.1634054,/metrics/pcl/fused/points_in,std_msgs/msg/Int32,42954
1774010479.1634805,/metrics/pcl/fused/processing_ms,std_msgs/msg/Float32,139.02072143554688
1774010479.461793,/metrics/pcl/fused/detections_count,std_msgs/msg/Int32,79
1774010479.461902,/metrics/pcl/fused/points_in,std_msgs/msg/Int32,42832
1774010479.4619563,/metrics/pcl/fused/processing_ms,std_msgs/msg/Float32,137.8519287109375
1774010479.7616167,/metrics/pcl/fused/detections_count,std_msgs/msg/Int32,77
1774010479.7617354,/metrics/pcl/fused/points_in,std_msgs/msg/Int32,42729
1774010479.7617993,/metrics/pcl/fused/processing_ms,std_msgs/msg/Float32,138.2742919921875
1774010480.0664895,/metrics/pcl/fused/detections_count,std_msgs/msg/Int32,78
1774010480.0666008,/metrics/pcl/fused/points_in,std_msgs/msg/Int32,42907
1774010480.0666792,/metrics/pcl/fused/processing_ms,std_msgs/msg/Float32,141.33480834960938
1774010480.3682911,/metrics/pcl/fused/detections_count,std_msgs/msg/Int32,82
1774010480.368431,/metrics/pcl/fused/points_in,std_msgs/msg/Int32,42845
1774010480.3684974,/metrics/pcl/fused/processing_ms,std_msgs/msg/Float32,139.99102783203125
1774010480.6663332,/metrics/pcl/fused/detections_count,std_msgs/msg/Int32,81
1774010480.6664386,/metrics/pcl/fused/points_in,std_msgs/msg/Int32,42840
1774010480.666503,/metrics/pcl/fused/processing_ms,std_msgs/msg/Float32,139.6687774658203
1774010480.9655604,/metrics/pcl/fused/detections_count,std_msgs/msg/Int32,81
1774010480.9656556,/metrics/pcl/fused/points_in,std_msgs/msg/Int32,42815
1774010480.9657085,/metrics/pcl/fused/processing_ms,std_msgs/msg/Float32,136.9558563232422
1774010481.2664423,/metrics/pcl/fused/detections_count,std_msgs/msg/Int32,74
1774010481.2665598,/metrics/pcl/fused/points_in,std_msgs/msg/Int32,42824
1774010481.266638,/metrics/pcl/fused/processing_ms,std_msgs/msg/Float32,140.45858764648438
1774010481.5647008,/metrics/pcl/fused/detections_count,std_msgs/msg/Int32,81
1774010481.5648127,/metrics/pcl/fused/points_in,std_msgs/msg/Int32,42819
1774010481.5648851,/metrics/pcl/fused/processing_ms,std_msgs/msg/Float32,139.19415283203125
1774010481.8641276,/metrics/pcl/fused/detections_count,std_msgs/msg/Int32,77
1774010481.8642464,/metrics/pcl/fused/points_in,std_msgs/msg/Int32,42650
1774010481.8643217,/metrics/pcl/fused/processing_ms,std_msgs/msg/Float32,139.12261962890625
1774010482.162616,/metrics/pcl/fused/detections_count,std_msgs/msg/Int32,79
1774010482.162736,/metrics/pcl/fused/points_in,std_msgs/msg/Int32,42636
1774010482.1628137,/metrics/pcl/fused/processing_ms,std_msgs/msg/Float32,138.77439880371094
1774010482.4633186,/metrics/pcl/fused/detections_count,std_msgs/msg/Int32,72
1774010482.4634228,/metrics/pcl/fused/points_in,std_msgs/msg/Int32,42335
1774010482.4634848,/metrics/pcl/fused/processing_ms,std_msgs/msg/Float32,137.10621643066406
1774010482.7622726,/metrics/pcl/fused/detections_count,std_msgs/msg/Int32,74
1774010482.7623785,/metrics/pcl/fused/points_in,std_msgs/msg/Int32,42847
1774010482.76244,/metrics/pcl/fused/processing_ms,std_msgs/msg/Float32,137.7998504638672
1774010483.0641766,/metrics/pcl/fused/detections_count,std_msgs/msg/Int32,74
1774010483.0642889,/metrics/pcl/fused/points_in,std_msgs/msg/Int32,42908
1774010483.064363,/metrics/pcl/fused/processing_ms,std_msgs/msg/Float32,139.2216796875
1774010483.3656297,/metrics/pcl/fused/detections_count,std_msgs/msg/Int32,76
1774010483.3657398,/metrics/pcl/fused/points_in,std_msgs/msg/Int32,42912
1774010483.3658023,/metrics/pcl/fused/processing_ms,std_msgs/msg/Float32,139.2730712890625
1774010483.6648462,/metrics/pcl/fused/detections_count,std_msgs/msg/Int32,73
1774010483.664982,/metrics/pcl/fused/points_in,std_msgs/msg/Int32,42729
1774010483.6650462,/metrics/pcl/fused/processing_ms,std_msgs/msg/Float32,139.17837524414062
1774010483.964861,/metrics/pcl/fused/detections_count,std_msgs/msg/Int32,81
1774010483.964992,/metrics/pcl/fused/points_in,std_msgs/msg/Int32,42850
1774010483.9650552,/metrics/pcl/fused/processing_ms,std_msgs/msg/Float32,139.0951690673828
1774010484.274014,/metrics/pcl/fused/detections_count,std_msgs/msg/Int32,83
1774010484.2741644,/metrics/pcl/fused/points_in,std_msgs/msg/Int32,42797
1774010484.2742584,/metrics/pcl/fused/processing_ms,std_msgs/msg/Float32,145.0453643798828
1774010484.569484,/metrics/pcl/fused/detections_count,std_msgs/msg/Int32,80
1774010484.5696073,/metrics/pcl/fused/points_in,std_msgs/msg/Int32,42870
1774010484.569691,/metrics/pcl/fused/processing_ms,std_msgs/msg/Float32,144.44239807128906
1774010484.876244,/metrics/pcl/fused/detections_count,std_msgs/msg/Int32,78
1774010484.876354,/metrics/pcl/fused/points_in,std_msgs/msg/Int32,42920
1774010484.8764162,/metrics/pcl/fused/processing_ms,std_msgs/msg/Float32,148.43026733398438
1774010485.174731,/metrics/pcl/fused/detections_count,std_msgs/msg/Int32,80
1774010485.1749048,/metrics/pcl/fused/points_in,std_msgs/msg/Int32,42949
1774010485.1750474,/metrics/pcl/fused/processing_ms,std_msgs/msg/Float32,145.47998046875
1774010485.488934,/metrics/pcl/fused/detections_count,std_msgs/msg/Int32,82
1774010485.4890654,/metrics/pcl/fused/points_in,std_msgs/msg/Int32,42942
1774010485.4891508,/metrics/pcl/fused/processing_ms,std_msgs/msg/Float32,150.2028045654297
1774010485.7787035,/metrics/pcl/fused/detections_count,std_msgs/msg/Int32,78
1774010485.7788205,/metrics/pcl/fused/points_in,std_msgs/msg/Int32,42967
1774010485.7788959,/metrics/pcl/fused/processing_ms,std_msgs/msg/Float32,141.64193725585938
1774010486.0790677,/metrics/pcl/fused/detections_count,std_msgs/msg/Int32,80
1774010486.0792203,/metrics/pcl/fused/points_in,std_msgs/msg/Int32,42969
1774010486.0792966,/metrics/pcl/fused/processing_ms,std_msgs/msg/Float32,148.2259063720703
1774010486.3755617,/metrics/pcl/fused/detections_count,std_msgs/msg/Int32,82
1774010486.3756914,/metrics/pcl/fused/points_in,std_msgs/msg/Int32,42885
1774010486.3757687,/metrics/pcl/fused/processing_ms,std_msgs/msg/Float32,142.41629028320312
1774010486.6660705,/metrics/pcl/fused/detections_count,std_msgs/msg/Int32,86
1774010486.6661868,/metrics/pcl/fused/points_in,std_msgs/msg/Int32,42906
1774010486.6662507,/metrics/pcl/fused/processing_ms,std_msgs/msg/Float32,142.94171142578125
1774010486.9756634,/metrics/pcl/fused/detections_count,std_msgs/msg/Int32,75
1774010486.975772,/metrics/pcl/fused/points_in,std_msgs/msg/Int32,42952
1774010486.9758341,/metrics/pcl/fused/processing_ms,std_msgs/msg/Float32,144.95123291015625
1774010487.275479,/metrics/pcl/fused/detections_count,std_msgs/msg/Int32,81
1774010487.2755837,/metrics/pcl/fused/points_in,std_msgs/msg/Int32,42904
1774010487.275646,/metrics/pcl/fused/processing_ms,std_msgs/msg/Float32,142.41949462890625
1774010487.5733876,/metrics/pcl/fused/detections_count,std_msgs/msg/Int32,81
1774010487.573501,/metrics/pcl/fused/points_in,std_msgs/msg/Int32,42885
1774010487.5735662,/metrics/pcl/fused/processing_ms,std_msgs/msg/Float32,144.8907470703125
1774010487.8873138,/metrics/pcl/fused/detections_count,std_msgs/msg/Int32,71
1774010487.8874452,/metrics/pcl/fused/points_in,std_msgs/msg/Int32,42869
1774010487.8875077,/metrics/pcl/fused/processing_ms,std_msgs/msg/Float32,149.65335083007812
1774010488.176709,/metrics/pcl/fused/detections_count,std_msgs/msg/Int32,76
1774010488.1768222,/metrics/pcl/fused/points_in,std_msgs/msg/Int32,42821
1774010488.1769156,/metrics/pcl/fused/processing_ms,std_msgs/msg/Float32,140.99781799316406
1774010488.4732397,/metrics/pcl/fused/detections_count,std_msgs/msg/Int32,72
1774010488.4733484,/metrics/pcl/fused/points_in,std_msgs/msg/Int32,42923
1774010488.4734101,/metrics/pcl/fused/processing_ms,std_msgs/msg/Float32,141.502197265625
1774010488.774087,/metrics/pcl/fused/detections_count,std_msgs/msg/Int32,81
1774010488.7741938,/metrics/pcl/fused/points_in,std_msgs/msg/Int32,42811
1774010488.7742546,/metrics/pcl/fused/processing_ms,std_msgs/msg/Float32,141.59039306640625
1774010489.063941,/metrics/pcl/fused/detections_count,std_msgs/msg/Int32,80
1774010489.0640476,/metrics/pcl/fused/points_in,std_msgs/msg/Int32,42832
1774010489.0641088,/metrics/pcl/fused/processing_ms,std_msgs/msg/Float32,137.176513671875
1774010489.3703053,/metrics/pcl/fused/detections_count,std_msgs/msg/Int32,80
1774010489.370412,/metrics/pcl/fused/points_in,std_msgs/msg/Int32,42797
1774010489.3704748,/metrics/pcl/fused/processing_ms,std_msgs/msg/Float32,141.24136352539062
1774010489.6694362,/metrics/pcl/fused/detections_count,std_msgs/msg/Int32,84
1774010489.669545,/metrics/pcl/fused/points_in,std_msgs/msg/Int32,42915
1774010489.669606,/metrics/pcl/fused/processing_ms,std_msgs/msg/Float32,143.96255493164062
1774010489.9673798,/metrics/pcl/fused/detections_count,std_msgs/msg/Int32,81
1774010489.9675279,/metrics/pcl/fused/points_in,std_msgs/msg/Int32,42911
1774010489.9676082,/metrics/pcl/fused/processing_ms,std_msgs/msg/Float32,141.6306610107422
1774010490.2750053,/metrics/pcl/fused/detections_count,std_msgs/msg/Int32,77
1774010490.2751255,/metrics/pcl/fused/points_in,std_msgs/msg/Int32,42961
1774010490.2751956,/metrics/pcl/fused/processing_ms,std_msgs/msg/Float32,143.8515167236328
1774010490.568622,/metrics/pcl/fused/detections_count,std_msgs/msg/Int32,83
1774010490.5687428,/metrics/pcl/fused/points_in,std_msgs/msg/Int32,42865
1774010490.568826,/metrics/pcl/fused/processing_ms,std_msgs/msg/Float32,139.63238525390625
1774010490.870105,/metrics/pcl/fused/detections_count,std_msgs/msg/Int32,76
1774010490.870197,/metrics/pcl/fused/points_in,std_msgs/msg/Int32,42831
1774010490.8702466,/metrics/pcl/fused/processing_ms,std_msgs/msg/Float32,141.31619262695312
1774010491.1678674,/metrics/pcl/fused/detections_count,std_msgs/msg/Int32,79
1774010491.1680098,/metrics/pcl/fused/points_in,std_msgs/msg/Int32,42867
1774010491.16808,/metrics/pcl/fused/processing_ms,std_msgs/msg/Float32,140.49935913085938
1774010491.4700773,/metrics/pcl/fused/detections_count,std_msgs/msg/Int32,81
1774010491.4701838,/metrics/pcl/fused/points_in,std_msgs/msg/Int32,42827
1774010491.4702353,/metrics/pcl/fused/processing_ms,std_msgs/msg/Float32,139.58558654785156
1774010491.7662454,/metrics/pcl/fused/detections_count,std_msgs/msg/Int32,78
1774010491.7663553,/metrics/pcl/fused/points_in,std_msgs/msg/Int32,42826
1774010491.7664165,/metrics/pcl/fused/processing_ms,std_msgs/msg/Float32,140.50648498535156
1774010492.0673819,/metrics/pcl/fused/detections_count,std_msgs/msg/Int32,85
1774010492.0674949,/metrics/pcl/fused/points_in,std_msgs/msg/Int32,42928
1774010492.0675578,/metrics/pcl/fused/processing_ms,std_msgs/msg/Float32,140.3860321044922
1774010492.3685484,/metrics/pcl/fused/detections_count,std_msgs/msg/Int32,74
1774010492.3686607,/metrics/pcl/fused/points_in,std_msgs/msg/Int32,42908
1774010492.3687232,/metrics/pcl/fused/processing_ms,std_msgs/msg/Float32,139.89907836914062
1774010492.6665874,/metrics/pcl/fused/detections_count,std_msgs/msg/Int32,79
1774010492.666699,/metrics/pcl/fused/points_in,std_msgs/msg/Int32,42856
1774010492.6667604,/metrics/pcl/fused/processing_ms,std_msgs/msg/Float32,140.47483825683594
1774010492.968989,/metrics/pcl/fused/detections_count,std_msgs/msg/Int32,81
1774010492.9690964,/metrics/pcl/fused/points_in,std_msgs/msg/Int32,42830
1774010492.9691582,/metrics/pcl/fused/processing_ms,std_msgs/msg/Float32,140.1162872314453
1774010493.269142,/metrics/pcl/fused/detections_count,std_msgs/msg/Int32,77
1774010493.2692559,/metrics/pcl/fused/points_in,std_msgs/msg/Int32,42868
1774010493.2693195,/metrics/pcl/fused/processing_ms,std_msgs/msg/Float32,141.67518615722656
