stamp_sec,topic,type,value
1774021853.4887671,/metrics/pcl/fused/detections_count,std_msgs/msg/Int32,26
1774021853.488994,/metrics/pcl/fused/points_in,std_msgs/msg/Int32,10077
1774021853.4891944,/metrics/pcl/fused/processing_ms,std_msgs/msg/Float32,52.31528854370117
1774021853.5740242,/metrics/pcl/fused/detections_count,std_msgs/msg/Int32,28
1774021853.5742133,/metrics/pcl/fused/points_in,std_msgs/msg/Int32,10070
1774021853.5743935,/metrics/pcl/fused/processing_ms,std_msgs/msg/Float32,51.6341438293457
1774021853.671662,/metrics/pcl/fused/detections_count,std_msgs/msg/Int32,22
1774021853.6718426,/metrics/pcl/fused/points_in,std_msgs/msg/Int32,10056
1774021853.6719878,/metrics/pcl/fused/processing_ms,std_msgs/msg/Float32,51.15447235107422
1774021853.7716863,/metrics/pcl/fused/detections_count,std_msgs/msg/Int32,23
1774021853.77197,/metrics/pcl/fused/points_in,std_msgs/msg/Int32,10040
1774021853.772372,/metrics/pcl/fused/processing_ms,std_msgs/msg/Float32,51.8701286315918
1774021853.8690746,/metrics/pcl/fused/detections_count,std_msgs/msg/Int32,26
1774021853.869236,/metrics/pcl/fused/points_in,std_msgs/msg/Int32,10090
1774021853.8693619,/metrics/pcl/fused/processing_ms,std_msgs/msg/Float32,51.717620849609375
1774021853.9691596,/metrics/pcl/fused/detections_count,std_msgs/msg/Int32,23
1774021853.969409,/metrics/pcl/fused/points_in,std_msgs/msg/Int32,10103
1774021853.969524,/metrics/pcl/fused/processing_ms,std_msgs/msg/Float32,51.886722564697266
1774021854.0663636,/metrics/pcl/fused/detections_count,std_msgs/msg/Int32,27
1774021854.066627,/metrics/pcl/fused/points_in,std_msgs/msg/Int32,10104
1774021854.0668843,/metrics/pcl/fused/processing_ms,std_msgs/msg/Float32,49.62199783325195
1774021854.167484,/metrics/pcl/fused/detections_count,std_msgs/msg/Int32,26
1774021854.1677594,/metrics/pcl/fused/points_in,std_msgs/msg/Int32,10100
1774021854.1680677,/metrics/pcl/fused/processing_ms,std_msgs/msg/Float32,50.95646667480469
1774021854.270703,/metrics/pcl/fused/detections_count,std_msgs/msg/Int32,25
1774021854.271027,/metrics/pcl/fused/points_in,std_msgs/msg/Int32,10119
1774021854.2713149,/metrics/pcl/fused/processing_ms,std_msgs/msg/Float32,53.00601577758789
1774021854.3665822,/metrics/pcl/fused/detections_count,std_msgs/msg/Int32,28
1774021854.3667705,/metrics/pcl/fused/points_in,std_msgs/msg/Int32,10117
1774021854.3668745,/metrics/pcl/fused/processing_ms,std_msgs/msg/Float32,49.35459899902344
1774021854.4689672,/metrics/pcl/fused/detections_count,std_msgs/msg/Int32,21
1774021854.4691753,/metrics/pcl/fused/points_in,std_msgs/msg/Int32,10108
1774021854.469307,/metrics/pcl/fused/processing_ms,std_msgs/msg/Float32,52.349609375
1774021854.5686634,/metrics/pcl/fused/detections_count,std_msgs/msg/Int32,25
1774021854.5689075,/metrics/pcl/fused/points_in,std_msgs/msg/Int32,10197
1774021854.5690491,/metrics/pcl/fused/processing_ms,std_msgs/msg/Float32,50.65035629272461
1774021854.6682425,/metrics/pcl/fused/detections_count,std_msgs/msg/Int32,26
1774021854.668522,/metrics/pcl/fused/points_in,std_msgs/msg/Int32,10202
1774021854.6686537,/metrics/pcl/fused/processing_ms,std_msgs/msg/Float32,50.1743049621582
1774021854.7673426,/metrics/pcl/fused/detections_count,std_msgs/msg/Int32,30
1774021854.7675853,/metrics/pcl/fused/points_in,std_msgs/msg/Int32,10179
1774021854.7676885,/metrics/pcl/fused/processing_ms,std_msgs/msg/Float32,49.525856018066406
1774021854.8695502,/metrics/pcl/fused/detections_count,std_msgs/msg/Int32,26
1774021854.8697448,/metrics/pcl/fused/points_in,std_msgs/msg/Int32,10192
1774021854.8698506,/metrics/pcl/fused/processing_ms,std_msgs/msg/Float32,51.9146728515625
1774021854.9681618,/metrics/pcl/fused/detections_count,std_msgs/msg/Int32,31
1774021854.9683983,/metrics/pcl/fused/points_in,std_msgs/msg/Int32,10162
1774021854.9685254,/metrics/pcl/fused/processing_ms,std_msgs/msg/Float32,51.448448181152344
1774021855.0877166,/metrics/pcl/fused/detections_count,std_msgs/msg/Int32,31
1774021855.0878975,/metrics/pcl/fused/points_in,std_msgs/msg/Int32,10184
1774021855.0880163,/metrics/pcl/fused/processing_ms,std_msgs/msg/Float32,50.13751220703125
1774021855.1718664,/metrics/pcl/fused/detections_count,std_msgs/msg/Int32,25
1774021855.1721282,/metrics/pcl/fused/points_in,std_msgs/msg/Int32,10183
1774021855.1723938,/metrics/pcl/fused/processing_ms,std_msgs/msg/Float32,53.25043869018555
1774021855.272184,/metrics/pcl/fused/detections_count,std_msgs/msg/Int32,28
1774021855.2724085,/metrics/pcl/fused/points_in,std_msgs/msg/Int32,10130
1774021855.2725837,/metrics/pcl/fused/processing_ms,std_msgs/msg/Float32,53.761962890625
1774021855.4838483,/metrics/pcl/fused/detections_count,std_msgs/msg/Int32,54
1774021855.4839916,/metrics/pcl/fused/points_in,std_msgs/msg/Int32,21088
1774021855.4840882,/metrics/pcl/fused/processing_ms,std_msgs/msg/Float32,129.7811279296875
1774021855.9616528,/metrics/pcl/fused/detections_count,std_msgs/msg/Int32,75
1774021855.961861,/metrics/pcl/fused/points_in,std_msgs/msg/Int32,41403
1774021855.9620063,/metrics/pcl/fused/processing_ms,std_msgs/msg/Float32,279.8400573730469
1774021856.2408943,/metrics/pcl/fused/detections_count,std_msgs/msg/Int32,78
1774021856.2410612,/metrics/pcl/fused/points_in,std_msgs/msg/Int32,41271
1774021856.241191,/metrics/pcl/fused/processing_ms,std_msgs/msg/Float32,277.59149169921875
1774021856.5168295,/metrics/pcl/fused/detections_count,std_msgs/msg/Int32,71
1774021856.5170686,/metrics/pcl/fused/points_in,std_msgs/msg/Int32,41184
1774021856.5171995,/metrics/pcl/fused/processing_ms,std_msgs/msg/Float32,274.7951354980469
1774021856.784394,/metrics/pcl/fused/detections_count,std_msgs/msg/Int32,79
1774021856.7845814,/metrics/pcl/fused/points_in,std_msgs/msg/Int32,41327
1774021856.784676,/metrics/pcl/fused/processing_ms,std_msgs/msg/Float32,266.4478454589844
1774021857.2418597,/metrics/pcl/fused/detections_count,std_msgs/msg/Int32,70
1774021857.24207,/metrics/pcl/fused/points_in,std_msgs/msg/Int32,41308
1774021857.2422056,/metrics/pcl/fused/processing_ms,std_msgs/msg/Float32,274.0857849121094
1774021857.518041,/metrics/pcl/fused/detections_count,std_msgs/msg/Int32,76
1774021857.518239,/metrics/pcl/fused/points_in,std_msgs/msg/Int32,41425
1774021857.5184464,/metrics/pcl/fused/processing_ms,std_msgs/msg/Float32,275.0927734375
1774021857.782365,/metrics/pcl/fused/detections_count,std_msgs/msg/Int32,79
1774021857.7825882,/metrics/pcl/fused/points_in,std_msgs/msg/Int32,41308
1774021857.78273,/metrics/pcl/fused/processing_ms,std_msgs/msg/Float32,263.2062683105469
1774021858.0515578,/metrics/pcl/fused/detections_count,std_msgs/msg/Int32,72
1774021858.0517938,/metrics/pcl/fused/points_in,std_msgs/msg/Int32,41230
1774021858.0519016,/metrics/pcl/fused/processing_ms,std_msgs/msg/Float32,267.9344787597656
1774021858.3164685,/metrics/pcl/fused/detections_count,std_msgs/msg/Int32,74
1774021858.3166497,/metrics/pcl/fused/points_in,std_msgs/msg/Int32,41224
1774021858.3167524,/metrics/pcl/fused/processing_ms,std_msgs/msg/Float32,263.95367431640625
1774021858.587018,/metrics/pcl/fused/detections_count,std_msgs/msg/Int32,77
1774021858.5872047,/metrics/pcl/fused/points_in,std_msgs/msg/Int32,41445
1774021858.5873342,/metrics/pcl/fused/processing_ms,std_msgs/msg/Float32,269.5367126464844
1774021858.8547008,/metrics/pcl/fused/detections_count,std_msgs/msg/Int32,76
1774021858.8549192,/metrics/pcl/fused/points_in,std_msgs/msg/Int32,41371
1774021858.85504,/metrics/pcl/fused/processing_ms,std_msgs/msg/Float32,266.5304260253906
1774021859.124163,/metrics/pcl/fused/detections_count,std_msgs/msg/Int32,79
1774021859.1244397,/metrics/pcl/fused/points_in,std_msgs/msg/Int32,41388
1774021859.124647,/metrics/pcl/fused/processing_ms,std_msgs/msg/Float32,268.2024230957031
1774021859.3961098,/metrics/pcl/fused/detections_count,std_msgs/msg/Int32,73
1774021859.3963153,/metrics/pcl/fused/points_in,std_msgs/msg/Int32,41348
1774021859.3965166,/metrics/pcl/fused/processing_ms,std_msgs/msg/Float32,270.5865783691406
1774021859.6689627,/metrics/pcl/fused/detections_count,std_msgs/msg/Int32,75
1774021859.6691623,/metrics/pcl/fused/points_in,std_msgs/msg/Int32,41251
1774021859.6693363,/metrics/pcl/fused/processing_ms,std_msgs/msg/Float32,271.7380065917969
1774021859.941186,/metrics/pcl/fused/detections_count,std_msgs/msg/Int32,71
1774021859.941493,/metrics/pcl/fused/points_in,std_msgs/msg/Int32,41140
1774021859.9417095,/metrics/pcl/fused/processing_ms,std_msgs/msg/Float32,271.0348205566406
1774021860.21014,/metrics/pcl/fused/detections_count,std_msgs/msg/Int32,78
1774021860.2103436,/metrics/pcl/fused/points_in,std_msgs/msg/Int32,41386
1774021860.2104495,/metrics/pcl/fused/processing_ms,std_msgs/msg/Float32,267.90118408203125
1774021860.4795237,/metrics/pcl/fused/detections_count,std_msgs/msg/Int32,75
1774021860.4797754,/metrics/pcl/fused/points_in,std_msgs/msg/Int32,41323
1774021860.479907,/metrics/pcl/fused/processing_ms,std_msgs/msg/Float32,267.9447937011719
1774021860.7334146,/metrics/pcl/fused/detections_count,std_msgs/msg/Int32,75
1774021860.7335823,/metrics/pcl/fused/points_in,std_msgs/msg/Int32,41303
1774021860.7336867,/metrics/pcl/fused/processing_ms,std_msgs/msg/Float32,253.0441436767578
1774021860.947187,/metrics/pcl/fused/detections_count,std_msgs/msg/Int32,74
1774021860.9473834,/metrics/pcl/fused/points_in,std_msgs/msg/Int32,41327
1774021860.9516401,/metrics/pcl/fused/processing_ms,std_msgs/msg/Float32,212.77227783203125
1774021861.1414955,/metrics/pcl/fused/detections_count,std_msgs/msg/Int32,75
1774021861.141679,/metrics/pcl/fused/points_in,std_msgs/msg/Int32,41521
1774021861.141771,/metrics/pcl/fused/processing_ms,std_msgs/msg/Float32,193.4369354248047
1774021861.3174937,/metrics/pcl/fused/detections_count,std_msgs/msg/Int32,80
1774021861.3176637,/metrics/pcl/fused/points_in,std_msgs/msg/Int32,41371
1774021861.3177395,/metrics/pcl/fused/processing_ms,std_msgs/msg/Float32,175.2156982421875
1774021861.4800687,/metrics/pcl/fused/detections_count,std_msgs/msg/Int32,75
1774021861.4803755,/metrics/pcl/fused/points_in,std_msgs/msg/Int32,41310
1774021861.4805102,/metrics/pcl/fused/processing_ms,std_msgs/msg/Float32,161.70008850097656
1774021861.6292975,/metrics/pcl/fused/detections_count,std_msgs/msg/Int32,72
1774021861.6294456,/metrics/pcl/fused/points_in,std_msgs/msg/Int32,41354
1774021861.6295238,/metrics/pcl/fused/processing_ms,std_msgs/msg/Float32,148.5961151123047
1774021861.7756608,/metrics/pcl/fused/detections_count,std_msgs/msg/Int32,75
1774021861.7758172,/metrics/pcl/fused/points_in,std_msgs/msg/Int32,41286
1774021861.7759101,/metrics/pcl/fused/processing_ms,std_msgs/msg/Float32,145.72996520996094
1774021861.920297,/metrics/pcl/fused/detections_count,std_msgs/msg/Int32,74
1774021861.9204237,/metrics/pcl/fused/points_in,std_msgs/msg/Int32,41226
1774021861.9204872,/metrics/pcl/fused/processing_ms,std_msgs/msg/Float32,143.67709350585938
1774021862.0600126,/metrics/pcl/fused/detections_count,std_msgs/msg/Int32,73
1774021862.0601208,/metrics/pcl/fused/points_in,std_msgs/msg/Int32,41403
1774021862.0601828,/metrics/pcl/fused/processing_ms,std_msgs/msg/Float32,138.9971466064453
1774021862.192673,/metrics/pcl/fused/detections_count,std_msgs/msg/Int32,79
1774021862.1927927,/metrics/pcl/fused/points_in,std_msgs/msg/Int32,41272
1774021862.19286,/metrics/pcl/fused/processing_ms,std_msgs/msg/Float32,132.1145782470703
1774021862.3311443,/metrics/pcl/fused/detections_count,std_msgs/msg/Int32,75
1774021862.3312657,/metrics/pcl/fused/points_in,std_msgs/msg/Int32,41304
1774021862.3313918,/metrics/pcl/fused/processing_ms,std_msgs/msg/Float32,137.87855529785156
1774021862.4703422,/metrics/pcl/fused/detections_count,std_msgs/msg/Int32,74
1774021862.4704514,/metrics/pcl/fused/points_in,std_msgs/msg/Int32,41243
1774021862.4705136,/metrics/pcl/fused/processing_ms,std_msgs/msg/Float32,138.55995178222656
1774021862.6055958,/metrics/pcl/fused/detections_count,std_msgs/msg/Int32,78
1774021862.6057115,/metrics/pcl/fused/points_in,std_msgs/msg/Int32,41279
1774021862.6057653,/metrics/pcl/fused/processing_ms,std_msgs/msg/Float32,134.66885375976562
1774021864.394978,/metrics/pcl/fused/detections_count,std_msgs/msg/Int32,72
1774021864.3951488,/metrics/pcl/fused/points_in,std_msgs/msg/Int32,41407
1774021864.395357,/metrics/pcl/fused/processing_ms,std_msgs/msg/Float32,146.0797576904297
1774021864.6046638,/metrics/pcl/fused/detections_count,std_msgs/msg/Int32,72
1774021864.6047866,/metrics/pcl/fused/points_in,std_msgs/msg/Int32,41232
1774021864.6048787,/metrics/pcl/fused/processing_ms,std_msgs/msg/Float32,154.47474670410156
1774021864.8178127,/metrics/pcl/fused/detections_count,std_msgs/msg/Int32,76
1774021864.8179402,/metrics/pcl/fused/points_in,std_msgs/msg/Int32,41322
1774021864.818016,/metrics/pcl/fused/processing_ms,std_msgs/msg/Float32,168.71762084960938
1774021864.989349,/metrics/pcl/fused/detections_count,std_msgs/msg/Int32,78
1774021864.9894722,/metrics/pcl/fused/points_in,std_msgs/msg/Int32,41265
1774021864.989568,/metrics/pcl/fused/processing_ms,std_msgs/msg/Float32,170.8590545654297
1774021865.16258,/metrics/pcl/fused/detections_count,std_msgs/msg/Int32,79
1774021865.1626954,/metrics/pcl/fused/points_in,std_msgs/msg/Int32,41170
1774021865.1627781,/metrics/pcl/fused/processing_ms,std_msgs/msg/Float32,172.48973083496094
1774021865.5505486,/metrics/pcl/fused/detections_count,std_msgs/msg/Int32,75
1774021865.5507617,/metrics/pcl/fused/points_in,std_msgs/msg/Int32,41206
1774021865.5508678,/metrics/pcl/fused/processing_ms,std_msgs/msg/Float32,192.03086853027344
1774021865.7681725,/metrics/pcl/fused/detections_count,std_msgs/msg/Int32,78
1774021865.76834,/metrics/pcl/fused/points_in,std_msgs/msg/Int32,41284
1774021865.76844,/metrics/pcl/fused/processing_ms,std_msgs/msg/Float32,202.8278045654297
1774021866.160665,/metrics/pcl/fused/detections_count,std_msgs/msg/Int32,77
1774021866.160831,/metrics/pcl/fused/points_in,std_msgs/msg/Int32,41259
1774021866.1609538,/metrics/pcl/fused/processing_ms,std_msgs/msg/Float32,197.7325897216797
1774021866.3632007,/metrics/pcl/fused/detections_count,std_msgs/msg/Int32,77
1774021866.3634152,/metrics/pcl/fused/points_in,std_msgs/msg/Int32,41201
1774021866.3635323,/metrics/pcl/fused/processing_ms,std_msgs/msg/Float32,201.62066650390625
1774021866.5511642,/metrics/pcl/fused/detections_count,std_msgs/msg/Int32,77
1774021866.5513253,/metrics/pcl/fused/points_in,std_msgs/msg/Int32,41142
1774021866.5514224,/metrics/pcl/fused/processing_ms,std_msgs/msg/Float32,187.07095336914062
1774021866.7317545,/metrics/pcl/fused/detections_count,std_msgs/msg/Int32,73
1774021866.731887,/metrics/pcl/fused/points_in,std_msgs/msg/Int32,41134
1774021866.7319677,/metrics/pcl/fused/processing_ms,std_msgs/msg/Float32,179.68577575683594
1774021866.9066055,/metrics/pcl/fused/detections_count,std_msgs/msg/Int32,73
1774021866.9067895,/metrics/pcl/fused/points_in,std_msgs/msg/Int32,41181
1774021866.9069226,/metrics/pcl/fused/processing_ms,std_msgs/msg/Float32,173.90985107421875
1774021867.0747218,/metrics/pcl/fused/detections_count,std_msgs/msg/Int32,75
1774021867.0748658,/metrics/pcl/fused/points_in,std_msgs/msg/Int32,41203
1774021867.0749664,/metrics/pcl/fused/processing_ms,std_msgs/msg/Float32,167.35195922851562
1774021867.2290328,/metrics/pcl/fused/detections_count,std_msgs/msg/Int32,75
1774021867.2291772,/metrics/pcl/fused/points_in,std_msgs/msg/Int32,41365
1774021867.2292902,/metrics/pcl/fused/processing_ms,std_msgs/msg/Float32,153.6660614013672
1774021867.3895943,/metrics/pcl/fused/detections_count,std_msgs/msg/Int32,74
1774021867.389728,/metrics/pcl/fused/points_in,std_msgs/msg/Int32,41163
1774021867.3897972,/metrics/pcl/fused/processing_ms,std_msgs/msg/Float32,159.85073852539062
1774021867.5408597,/metrics/pcl/fused/detections_count,std_msgs/msg/Int32,82
1774021867.5409622,/metrics/pcl/fused/points_in,std_msgs/msg/Int32,41216
1774021867.5410192,/metrics/pcl/fused/processing_ms,std_msgs/msg/Float32,150.46347045898438
1774021867.6772213,/metrics/pcl/fused/detections_count,std_msgs/msg/Int32,81
1774021867.6773546,/metrics/pcl/fused/points_in,std_msgs/msg/Int32,41216
1774021867.677434,/metrics/pcl/fused/processing_ms,std_msgs/msg/Float32,135.804443359375
1774021867.8099658,/metrics/pcl/fused/detections_count,std_msgs/msg/Int32,73
1774021867.8101082,/metrics/pcl/fused/points_in,std_msgs/msg/Int32,41191
1774021867.8101714,/metrics/pcl/fused/processing_ms,std_msgs/msg/Float32,132.12139892578125
1774021867.9438798,/metrics/pcl/fused/detections_count,std_msgs/msg/Int32,74
1774021867.9440095,/metrics/pcl/fused/points_in,std_msgs/msg/Int32,41229
1774021867.9440835,/metrics/pcl/fused/processing_ms,std_msgs/msg/Float32,133.32078552246094
1774021868.0746126,/metrics/pcl/fused/detections_count,std_msgs/msg/Int32,75
1774021868.0747194,/metrics/pcl/fused/points_in,std_msgs/msg/Int32,41296
1774021868.0747728,/metrics/pcl/fused/processing_ms,std_msgs/msg/Float32,130.05123901367188
1774021868.2126594,/metrics/pcl/fused/detections_count,std_msgs/msg/Int32,70
1774021868.212773,/metrics/pcl/fused/points_in,std_msgs/msg/Int32,41241
1774021868.212836,/metrics/pcl/fused/processing_ms,std_msgs/msg/Float32,137.44003295898438
1774021868.3509972,/metrics/pcl/fused/detections_count,std_msgs/msg/Int32,77
1774021868.35111,/metrics/pcl/fused/points_in,std_msgs/msg/Int32,41292
1774021868.3511806,/metrics/pcl/fused/processing_ms,std_msgs/msg/Float32,137.7509307861328
1774021868.5092072,/metrics/pcl/fused/detections_count,std_msgs/msg/Int32,73
1774021868.509387,/metrics/pcl/fused/points_in,std_msgs/msg/Int32,41185
1774021868.5094805,/metrics/pcl/fused/processing_ms,std_msgs/msg/Float32,143.26382446289062
1774021868.6791782,/metrics/pcl/fused/detections_count,std_msgs/msg/Int32,73
1774021868.6793537,/metrics/pcl/fused/points_in,std_msgs/msg/Int32,41291
1774021868.67949,/metrics/pcl/fused/processing_ms,std_msgs/msg/Float32,136.2139129638672
1774021869.8081193,/metrics/pcl/fused/detections_count,std_msgs/msg/Int32,79
1774021869.808243,/metrics/pcl/fused/points_in,std_msgs/msg/Int32,41133
1774021869.8083754,/metrics/pcl/fused/processing_ms,std_msgs/msg/Float32,162.31576538085938
1774021870.0393844,/metrics/pcl/fused/detections_count,std_msgs/msg/Int32,75
1774021870.0395362,/metrics/pcl/fused/points_in,std_msgs/msg/Int32,41197
1774021870.0396256,/metrics/pcl/fused/processing_ms,std_msgs/msg/Float32,187.4752197265625
1774021870.2491388,/metrics/pcl/fused/detections_count,std_msgs/msg/Int32,76
1774021870.249295,/metrics/pcl/fused/points_in,std_msgs/msg/Int32,41197
1774021870.2494047,/metrics/pcl/fused/processing_ms,std_msgs/msg/Float32,208.62738037109375
1774021870.4991798,/metrics/pcl/fused/detections_count,std_msgs/msg/Int32,77
1774021870.4994001,/metrics/pcl/fused/points_in,std_msgs/msg/Int32,41111
1774021870.4995258,/metrics/pcl/fused/processing_ms,std_msgs/msg/Float32,249.09376525878906
1774021871.240367,/metrics/pcl/fused/detections_count,std_msgs/msg/Int32,75
1774021871.2406194,/metrics/pcl/fused/points_in,std_msgs/msg/Int32,40716
1774021871.240801,/metrics/pcl/fused/processing_ms,std_msgs/msg/Float32,263.0124816894531
1774021871.552566,/metrics/pcl/fused/detections_count,std_msgs/msg/Int32,77
1774021871.5527942,/metrics/pcl/fused/points_in,std_msgs/msg/Int32,41013
1774021871.55301,/metrics/pcl/fused/processing_ms,std_msgs/msg/Float32,270.901123046875
1774021871.8147936,/metrics/pcl/fused/detections_count,std_msgs/msg/Int32,71
1774021871.8150096,/metrics/pcl/fused/points_in,std_msgs/msg/Int32,41061
1774021871.815162,/metrics/pcl/fused/processing_ms,std_msgs/msg/Float32,261.012451171875
1774021872.0862167,/metrics/pcl/fused/detections_count,std_msgs/msg/Int32,83
1774021872.086392,/metrics/pcl/fused/points_in,std_msgs/msg/Int32,40922
1774021872.0865438,/metrics/pcl/fused/processing_ms,std_msgs/msg/Float32,270.4789733886719
1774021872.3357496,/metrics/pcl/fused/detections_count,std_msgs/msg/Int32,75
1774021872.3359466,/metrics/pcl/fused/points_in,std_msgs/msg/Int32,40737
1774021872.3360584,/metrics/pcl/fused/processing_ms,std_msgs/msg/Float32,248.1451416015625
1774021872.548383,/metrics/pcl/fused/detections_count,std_msgs/msg/Int32,71
1774021872.5485382,/metrics/pcl/fused/points_in,std_msgs/msg/Int32,40581
1774021872.5486393,/metrics/pcl/fused/processing_ms,std_msgs/msg/Float32,211.6121826171875
1774021872.7366478,/metrics/pcl/fused/detections_count,std_msgs/msg/Int32,69
1774021872.7368095,/metrics/pcl/fused/points_in,std_msgs/msg/Int32,40141
1774021872.736906,/metrics/pcl/fused/processing_ms,std_msgs/msg/Float32,187.06056213378906
1774021872.909688,/metrics/pcl/fused/detections_count,std_msgs/msg/Int32,73
1774021872.909875,/metrics/pcl/fused/points_in,std_msgs/msg/Int32,39645
1774021872.9099698,/metrics/pcl/fused/processing_ms,std_msgs/msg/Float32,171.85888671875
1774021873.0731454,/metrics/pcl/fused/detections_count,std_msgs/msg/Int32,68
1774021873.0732894,/metrics/pcl/fused/points_in,std_msgs/msg/Int32,40012
1774021873.0733864,/metrics/pcl/fused/processing_ms,std_msgs/msg/Float32,162.4408721923828
1774021873.2256658,/metrics/pcl/fused/detections_count,std_msgs/msg/Int32,72
1774021873.2257705,/metrics/pcl/fused/points_in,std_msgs/msg/Int32,40247
1774021873.2258468,/metrics/pcl/fused/processing_ms,std_msgs/msg/Float32,151.81605529785156
1774021873.371602,/metrics/pcl/fused/detections_count,std_msgs/msg/Int32,76
1774021873.3717613,/metrics/pcl/fused/points_in,std_msgs/msg/Int32,40733
1774021873.3718555,/metrics/pcl/fused/processing_ms,std_msgs/msg/Float32,145.1447296142578
1774021873.5094407,/metrics/pcl/fused/detections_count,std_msgs/msg/Int32,76
1774021873.5095952,/metrics/pcl/fused/points_in,std_msgs/msg/Int32,40866
1774021873.5096989,/metrics/pcl/fused/processing_ms,std_msgs/msg/Float32,137.1508331298828
1774021873.7735183,/metrics/pcl/fused/detections_count,std_msgs/msg/Int32,75
1774021873.7736404,/metrics/pcl/fused/points_in,std_msgs/msg/Int32,41386
1774021873.7737079,/metrics/pcl/fused/processing_ms,std_msgs/msg/Float32,131.8628387451172
1774021874.2791286,/metrics/pcl/fused/detections_count,std_msgs/msg/Int32,72
1774021874.279291,/metrics/pcl/fused/points_in,std_msgs/msg/Int32,41253
1774021874.279398,/metrics/pcl/fused/processing_ms,std_msgs/msg/Float32,134.1617889404297
1774021874.4990473,/metrics/pcl/fused/detections_count,std_msgs/msg/Int32,74
1774021874.4991648,/metrics/pcl/fused/points_in,std_msgs/msg/Int32,41326
1774021874.4992266,/metrics/pcl/fused/processing_ms,std_msgs/msg/Float32,149.70684814453125
1774021874.6388938,/metrics/pcl/fused/detections_count,std_msgs/msg/Int32,75
1774021874.6390119,/metrics/pcl/fused/points_in,std_msgs/msg/Int32,41412
1774021874.6390777,/metrics/pcl/fused/processing_ms,std_msgs/msg/Float32,139.00286865234375
1774021875.2110503,/metrics/pcl/fused/detections_count,std_msgs/msg/Int32,73
1774021875.2112455,/metrics/pcl/fused/points_in,std_msgs/msg/Int32,41304
1774021875.211399,/metrics/pcl/fused/processing_ms,std_msgs/msg/Float32,141.70140075683594
1774021875.3500624,/metrics/pcl/fused/detections_count,std_msgs/msg/Int32,70
1774021875.350198,/metrics/pcl/fused/points_in,std_msgs/msg/Int32,41308
1774021875.3502686,/metrics/pcl/fused/processing_ms,std_msgs/msg/Float32,138.31361389160156
1774021875.4853659,/metrics/pcl/fused/detections_count,std_msgs/msg/Int32,72
1774021875.4854968,/metrics/pcl/fused/points_in,std_msgs/msg/Int32,41271
1774021875.4855583,/metrics/pcl/fused/processing_ms,std_msgs/msg/Float32,134.57144165039062
1774021875.688212,/metrics/pcl/fused/detections_count,std_msgs/msg/Int32,82
1774021875.6883607,/metrics/pcl/fused/points_in,std_msgs/msg/Int32,41451
1774021875.6884534,/metrics/pcl/fused/processing_ms,std_msgs/msg/Float32,141.5563201904297
1774021875.822682,/metrics/pcl/fused/detections_count,std_msgs/msg/Int32,77
1774021875.822792,/metrics/pcl/fused/points_in,std_msgs/msg/Int32,41397
1774021875.8228498,/metrics/pcl/fused/processing_ms,std_msgs/msg/Float32,133.89634704589844
1774021875.9677885,/metrics/pcl/fused/detections_count,std_msgs/msg/Int32,75
1774021875.9678836,/metrics/pcl/fused/points_in,std_msgs/msg/Int32,41347
1774021875.967937,/metrics/pcl/fused/processing_ms,std_msgs/msg/Float32,144.45721435546875
1774021876.1084046,/metrics/pcl/fused/detections_count,std_msgs/msg/Int32,72
1774021876.1085742,/metrics/pcl/fused/points_in,std_msgs/msg/Int32,41337
1774021876.1086922,/metrics/pcl/fused/processing_ms,std_msgs/msg/Float32,139.98695373535156
1774021876.2909503,/metrics/pcl/fused/detections_count,std_msgs/msg/Int32,73
1774021876.2910433,/metrics/pcl/fused/points_in,std_msgs/msg/Int32,41268
1774021876.291103,/metrics/pcl/fused/processing_ms,std_msgs/msg/Float32,144.5514373779297
1774021876.4365904,/metrics/pcl/fused/detections_count,std_msgs/msg/Int32,76
1774021876.436726,/metrics/pcl/fused/points_in,std_msgs/msg/Int32,41240
1774021876.436788,/metrics/pcl/fused/processing_ms,std_msgs/msg/Float32,144.895263671875
1774021876.5806897,/metrics/pcl/fused/detections_count,std_msgs/msg/Int32,71
1774021876.5807974,/metrics/pcl/fused/points_in,std_msgs/msg/Int32,41334
1774021876.5808604,/metrics/pcl/fused/processing_ms,std_msgs/msg/Float32,143.45228576660156
1774021876.7203977,/metrics/pcl/fused/detections_count,std_msgs/msg/Int32,75
1774021876.7205248,/metrics/pcl/fused/points_in,std_msgs/msg/Int32,41359
1774021876.7206092,/metrics/pcl/fused/processing_ms,std_msgs/msg/Float32,138.8740692138672
1774021877.0858862,/metrics/pcl/fused/detections_count,std_msgs/msg/Int32,74
1774021877.0860536,/metrics/pcl/fused/points_in,std_msgs/msg/Int32,41286
1774021877.0861528,/metrics/pcl/fused/processing_ms,std_msgs/msg/Float32,136.40745544433594
1774021877.3220754,/metrics/pcl/fused/detections_count,std_msgs/msg/Int32,76
1774021877.322225,/metrics/pcl/fused/points_in,std_msgs/msg/Int32,41271
1774021877.3223326,/metrics/pcl/fused/processing_ms,std_msgs/msg/Float32,151.2549591064453
1774021877.7845078,/metrics/pcl/fused/detections_count,std_msgs/msg/Int32,74
1774021877.784632,/metrics/pcl/fused/points_in,std_msgs/msg/Int32,41129
1774021877.7847223,/metrics/pcl/fused/processing_ms,std_msgs/msg/Float32,138.93125915527344
1774021878.6887507,/metrics/pcl/fused/detections_count,std_msgs/msg/Int32,73
1774021878.688867,/metrics/pcl/fused/points_in,std_msgs/msg/Int32,41392
1774021878.6889336,/metrics/pcl/fused/processing_ms,std_msgs/msg/Float32,141.90536499023438
1774021879.078155,/metrics/pcl/fused/detections_count,std_msgs/msg/Int32,73
1774021879.0782697,/metrics/pcl/fused/points_in,std_msgs/msg/Int32,41305
1774021879.0783627,/metrics/pcl/fused/processing_ms,std_msgs/msg/Float32,133.21731567382812
1774021879.2777555,/metrics/pcl/fused/detections_count,std_msgs/msg/Int32,72
1774021879.2778666,/metrics/pcl/fused/points_in,std_msgs/msg/Int32,41296
1774021879.277931,/metrics/pcl/fused/processing_ms,std_msgs/msg/Float32,134.8731231689453
1774021879.4784005,/metrics/pcl/fused/detections_count,std_msgs/msg/Int32,73
1774021879.4785154,/metrics/pcl/fused/points_in,std_msgs/msg/Int32,41296
1774021879.478582,/metrics/pcl/fused/processing_ms,std_msgs/msg/Float32,135.21304321289062
1774021879.6834047,/metrics/pcl/fused/detections_count,std_msgs/msg/Int32,77
1774021879.6835232,/metrics/pcl/fused/points_in,std_msgs/msg/Int32,41220
1774021879.6836293,/metrics/pcl/fused/processing_ms,std_msgs/msg/Float32,136.39866638183594
1774021880.1901422,/metrics/pcl/fused/detections_count,std_msgs/msg/Int32,70
1774021880.1903393,/metrics/pcl/fused/points_in,std_msgs/msg/Int32,41193
1774021880.190492,/metrics/pcl/fused/processing_ms,std_msgs/msg/Float32,143.8835906982422
1774021880.4029498,/metrics/pcl/fused/detections_count,std_msgs/msg/Int32,77
1774021880.4030745,/metrics/pcl/fused/points_in,std_msgs/msg/Int32,41119
1774021880.4031513,/metrics/pcl/fused/processing_ms,std_msgs/msg/Float32,153.47113037109375
1774021880.716702,/metrics/pcl/fused/detections_count,std_msgs/msg/Int32,75
1774021880.7168505,/metrics/pcl/fused/points_in,std_msgs/msg/Int32,40919
1774021880.7169445,/metrics/pcl/fused/processing_ms,std_msgs/msg/Float32,166.03550720214844
1774021880.9265778,/metrics/pcl/fused/detections_count,std_msgs/msg/Int32,71
1774021880.926767,/metrics/pcl/fused/points_in,std_msgs/msg/Int32,40822
1774021880.9268506,/metrics/pcl/fused/processing_ms,std_msgs/msg/Float32,175.500732421875
1774021881.4831266,/metrics/pcl/fused/detections_count,std_msgs/msg/Int32,75
1774021881.4832935,/metrics/pcl/fused/points_in,std_msgs/msg/Int32,41051
1774021881.4876091,/metrics/pcl/fused/processing_ms,std_msgs/msg/Float32,219.5832977294922
1774021881.9638886,/metrics/pcl/fused/detections_count,std_msgs/msg/Int32,75
1774021881.9641,/metrics/pcl/fused/points_in,std_msgs/msg/Int32,41235
1774021881.9642174,/metrics/pcl/fused/processing_ms,std_msgs/msg/Float32,269.28167724609375
1774021882.2432084,/metrics/pcl/fused/detections_count,std_msgs/msg/Int32,74
1774021882.2434328,/metrics/pcl/fused/points_in,std_msgs/msg/Int32,40828
1774021882.2435694,/metrics/pcl/fused/processing_ms,std_msgs/msg/Float32,264.7323303222656
1774021882.5088286,/metrics/pcl/fused/detections_count,std_msgs/msg/Int32,73
1774021882.5090184,/metrics/pcl/fused/points_in,std_msgs/msg/Int32,40735
1774021882.5091326,/metrics/pcl/fused/processing_ms,std_msgs/msg/Float32,264.3817443847656
1774021882.7695131,/metrics/pcl/fused/detections_count,std_msgs/msg/Int32,74
1774021882.7696679,/metrics/pcl/fused/points_in,std_msgs/msg/Int32,40518
1774021882.769764,/metrics/pcl/fused/processing_ms,std_msgs/msg/Float32,259.5435791015625
1774021883.0319657,/metrics/pcl/fused/detections_count,std_msgs/msg/Int32,73
1774021883.0321696,/metrics/pcl/fused/points_in,std_msgs/msg/Int32,40347
1774021883.0323052,/metrics/pcl/fused/processing_ms,std_msgs/msg/Float32,261.45458984375
1774021883.2924807,/metrics/pcl/fused/detections_count,std_msgs/msg/Int32,71
1774021883.292654,/metrics/pcl/fused/points_in,std_msgs/msg/Int32,40330
1774021883.2927673,/metrics/pcl/fused/processing_ms,std_msgs/msg/Float32,259.4357604980469
1774021883.534735,/metrics/pcl/fused/detections_count,std_msgs/msg/Int32,71
1774021883.534899,/metrics/pcl/fused/points_in,std_msgs/msg/Int32,40350
1774021883.5350277,/metrics/pcl/fused/processing_ms,std_msgs/msg/Float32,241.1973876953125
1774021883.7466693,/metrics/pcl/fused/detections_count,std_msgs/msg/Int32,76
1774021883.7468486,/metrics/pcl/fused/points_in,std_msgs/msg/Int32,40604
1774021883.74696,/metrics/pcl/fused/processing_ms,std_msgs/msg/Float32,211.07467651367188
1774021883.939779,/metrics/pcl/fused/detections_count,std_msgs/msg/Int32,67
1774021883.9399874,/metrics/pcl/fused/points_in,std_msgs/msg/Int32,40734
1774021883.9401248,/metrics/pcl/fused/processing_ms,std_msgs/msg/Float32,192.12782287597656
1774021884.1170142,/metrics/pcl/fused/detections_count,std_msgs/msg/Int32,77
1774021884.1171489,/metrics/pcl/fused/points_in,std_msgs/msg/Int32,40557
1774021884.1172314,/metrics/pcl/fused/processing_ms,std_msgs/msg/Float32,176.46710205078125
1774021884.282265,/metrics/pcl/fused/detections_count,std_msgs/msg/Int32,75
1774021884.2824194,/metrics/pcl/fused/points_in,std_msgs/msg/Int32,40728
1774021884.2825055,/metrics/pcl/fused/processing_ms,std_msgs/msg/Float32,164.60166931152344
1774021884.4351294,/metrics/pcl/fused/detections_count,std_msgs/msg/Int32,76
1774021884.4352524,/metrics/pcl/fused/points_in,std_msgs/msg/Int32,40849
1774021884.4353323,/metrics/pcl/fused/processing_ms,std_msgs/msg/Float32,152.09654235839844
1774021884.579338,/metrics/pcl/fused/detections_count,std_msgs/msg/Int32,73
1774021884.579468,/metrics/pcl/fused/points_in,std_msgs/msg/Int32,40845
1774021884.579551,/metrics/pcl/fused/processing_ms,std_msgs/msg/Float32,143.42965698242188
1774021884.7141287,/metrics/pcl/fused/detections_count,std_msgs/msg/Int32,72
1774021884.7142415,/metrics/pcl/fused/points_in,std_msgs/msg/Int32,40831
1774021884.714331,/metrics/pcl/fused/processing_ms,std_msgs/msg/Float32,134.28172302246094
1774021884.8445697,/metrics/pcl/fused/detections_count,std_msgs/msg/Int32,77
1774021884.8446853,/metrics/pcl/fused/points_in,std_msgs/msg/Int32,41024
1774021884.8447564,/metrics/pcl/fused/processing_ms,std_msgs/msg/Float32,129.76101684570312
1774021884.9753714,/metrics/pcl/fused/detections_count,std_msgs/msg/Int32,77
1774021884.9755437,/metrics/pcl/fused/points_in,std_msgs/msg/Int32,40930
1774021884.9756143,/metrics/pcl/fused/processing_ms,std_msgs/msg/Float32,129.99855041503906
1774021885.104998,/metrics/pcl/fused/detections_count,std_msgs/msg/Int32,74
1774021885.1051111,/metrics/pcl/fused/points_in,std_msgs/msg/Int32,40783
1774021885.1051915,/metrics/pcl/fused/processing_ms,std_msgs/msg/Float32,129.13418579101562
1774021885.4770145,/metrics/pcl/fused/detections_count,std_msgs/msg/Int32,70
1774021885.4771116,/metrics/pcl/fused/points_in,std_msgs/msg/Int32,40887
1774021885.4771628,/metrics/pcl/fused/processing_ms,std_msgs/msg/Float32,132.6005096435547
1774021886.1835685,/metrics/pcl/fused/detections_count,std_msgs/msg/Int32,71
1774021886.183736,/metrics/pcl/fused/points_in,std_msgs/msg/Int32,40831
1774021886.18382,/metrics/pcl/fused/processing_ms,std_msgs/msg/Float32,138.95974731445312
1774021886.6307201,/metrics/pcl/fused/detections_count,std_msgs/msg/Int32,73
1774021886.6308806,/metrics/pcl/fused/points_in,std_msgs/msg/Int32,40932
1774021886.6310344,/metrics/pcl/fused/processing_ms,std_msgs/msg/Float32,174.97596740722656
1774021886.8277807,/metrics/pcl/fused/detections_count,std_msgs/msg/Int32,71
1774021886.8279598,/metrics/pcl/fused/points_in,std_msgs/msg/Int32,40869
1774021886.8280876,/metrics/pcl/fused/processing_ms,std_msgs/msg/Float32,196.21896362304688
1774021887.0609808,/metrics/pcl/fused/detections_count,std_msgs/msg/Int32,69
1774021887.0611842,/metrics/pcl/fused/points_in,std_msgs/msg/Int32,40942
1774021887.06131,/metrics/pcl/fused/processing_ms,std_msgs/msg/Float32,232.250244140625
1774021887.317072,/metrics/pcl/fused/detections_count,std_msgs/msg/Int32,70
1774021887.3172505,/metrics/pcl/fused/points_in,std_msgs/msg/Int32,40940
1774021887.317413,/metrics/pcl/fused/processing_ms,std_msgs/msg/Float32,254.94390869140625
1774021887.5805948,/metrics/pcl/fused/detections_count,std_msgs/msg/Int32,67
1774021887.5808718,/metrics/pcl/fused/points_in,std_msgs/msg/Int32,40924
1774021887.5809922,/metrics/pcl/fused/processing_ms,std_msgs/msg/Float32,262.3709411621094
1774021887.8421743,/metrics/pcl/fused/detections_count,std_msgs/msg/Int32,73
1774021887.8423746,/metrics/pcl/fused/points_in,std_msgs/msg/Int32,40934
1774021887.8425097,/metrics/pcl/fused/processing_ms,std_msgs/msg/Float32,260.47418212890625
1774021888.1033943,/metrics/pcl/fused/detections_count,std_msgs/msg/Int32,69
1774021888.1035943,/metrics/pcl/fused/points_in,std_msgs/msg/Int32,40991
1774021888.1037133,/metrics/pcl/fused/processing_ms,std_msgs/msg/Float32,260.0555725097656
1774021888.3630915,/metrics/pcl/fused/detections_count,std_msgs/msg/Int32,72
1774021888.3633292,/metrics/pcl/fused/points_in,std_msgs/msg/Int32,40796
1774021888.3634877,/metrics/pcl/fused/processing_ms,std_msgs/msg/Float32,258.7088928222656
1774021888.6236615,/metrics/pcl/fused/detections_count,std_msgs/msg/Int32,71
1774021888.6238868,/metrics/pcl/fused/points_in,std_msgs/msg/Int32,40782
1774021888.62401,/metrics/pcl/fused/processing_ms,std_msgs/msg/Float32,259.4100646972656
1774021888.8848875,/metrics/pcl/fused/detections_count,std_msgs/msg/Int32,73
1774021888.8851457,/metrics/pcl/fused/points_in,std_msgs/msg/Int32,40766
1774021888.8853762,/metrics/pcl/fused/processing_ms,std_msgs/msg/Float32,260.0835876464844
1774021889.1497982,/metrics/pcl/fused/detections_count,std_msgs/msg/Int32,73
1774021889.1500707,/metrics/pcl/fused/points_in,std_msgs/msg/Int32,40920
1774021889.150231,/metrics/pcl/fused/processing_ms,std_msgs/msg/Float32,263.849609375
1774021889.3894057,/metrics/pcl/fused/detections_count,std_msgs/msg/Int32,70
1774021889.3896258,/metrics/pcl/fused/points_in,std_msgs/msg/Int32,41304
1774021889.389758,/metrics/pcl/fused/processing_ms,std_msgs/msg/Float32,238.29945373535156
1774021889.5980399,/metrics/pcl/fused/detections_count,std_msgs/msg/Int32,75
1774021889.598171,/metrics/pcl/fused/points_in,std_msgs/msg/Int32,40780
1774021889.5982594,/metrics/pcl/fused/processing_ms,std_msgs/msg/Float32,207.8077850341797
1774021889.7835467,/metrics/pcl/fused/detections_count,std_msgs/msg/Int32,76
1774021889.7836835,/metrics/pcl/fused/points_in,std_msgs/msg/Int32,40766
1774021889.7837665,/metrics/pcl/fused/processing_ms,std_msgs/msg/Float32,184.6488800048828
1774021889.9547887,/metrics/pcl/fused/detections_count,std_msgs/msg/Int32,77
1774021889.9549732,/metrics/pcl/fused/points_in,std_msgs/msg/Int32,40740
1774021889.9550712,/metrics/pcl/fused/processing_ms,std_msgs/msg/Float32,170.16290283203125
1774021890.1130052,/metrics/pcl/fused/detections_count,std_msgs/msg/Int32,77
1774021890.1131296,/metrics/pcl/fused/points_in,std_msgs/msg/Int32,40766
1774021890.1132092,/metrics/pcl/fused/processing_ms,std_msgs/msg/Float32,157.73089599609375
1774021890.2627234,/metrics/pcl/fused/detections_count,std_msgs/msg/Int32,69
1774021890.2628572,/metrics/pcl/fused/points_in,std_msgs/msg/Int32,40928
1774021890.2629275,/metrics/pcl/fused/processing_ms,std_msgs/msg/Float32,149.01416015625
1774021890.4015355,/metrics/pcl/fused/detections_count,std_msgs/msg/Int32,74
1774021890.4016397,/metrics/pcl/fused/points_in,std_msgs/msg/Int32,40763
1774021890.4016943,/metrics/pcl/fused/processing_ms,std_msgs/msg/Float32,138.23886108398438
1774021890.5347207,/metrics/pcl/fused/detections_count,std_msgs/msg/Int32,75
1774021890.5348358,/metrics/pcl/fused/points_in,std_msgs/msg/Int32,40923
1774021890.5349221,/metrics/pcl/fused/processing_ms,std_msgs/msg/Float32,132.55828857421875
1774021890.6646152,/metrics/pcl/fused/detections_count,std_msgs/msg/Int32,71
1774021890.664725,/metrics/pcl/fused/points_in,std_msgs/msg/Int32,40843
1774021890.6647775,/metrics/pcl/fused/processing_ms,std_msgs/msg/Float32,129.30975341796875
1774021890.7921956,/metrics/pcl/fused/detections_count,std_msgs/msg/Int32,74
1774021890.7923245,/metrics/pcl/fused/points_in,std_msgs/msg/Int32,40859
1774021890.7923942,/metrics/pcl/fused/processing_ms,std_msgs/msg/Float32,126.99519348144531
1774021890.922312,/metrics/pcl/fused/detections_count,std_msgs/msg/Int32,75
1774021890.9224255,/metrics/pcl/fused/points_in,std_msgs/msg/Int32,40831
1774021890.9224844,/metrics/pcl/fused/processing_ms,std_msgs/msg/Float32,129.5458984375
1774021891.0525568,/metrics/pcl/fused/detections_count,std_msgs/msg/Int32,74
1774021891.0527182,/metrics/pcl/fused/points_in,std_msgs/msg/Int32,40853
1774021891.0528128,/metrics/pcl/fused/processing_ms,std_msgs/msg/Float32,129.53460693359375
1774021891.183204,/metrics/pcl/fused/detections_count,std_msgs/msg/Int32,74
1774021891.183347,/metrics/pcl/fused/points_in,std_msgs/msg/Int32,40884
1774021891.1834202,/metrics/pcl/fused/processing_ms,std_msgs/msg/Float32,129.9761505126953
1774021891.3135843,/metrics/pcl/fused/detections_count,std_msgs/msg/Int32,71
1774021891.3136842,/metrics/pcl/fused/points_in,std_msgs/msg/Int32,40876
1774021891.3137357,/metrics/pcl/fused/processing_ms,std_msgs/msg/Float32,129.7979736328125
1774021891.4455087,/metrics/pcl/fused/detections_count,std_msgs/msg/Int32,77
1774021891.44564,/metrics/pcl/fused/points_in,std_msgs/msg/Int32,40841
1774021891.4457,/metrics/pcl/fused/processing_ms,std_msgs/msg/Float32,131.2769012451172
1774021891.5746918,/metrics/pcl/fused/detections_count,std_msgs/msg/Int32,73
1774021891.574848,/metrics/pcl/fused/points_in,std_msgs/msg/Int32,40975
1774021891.574915,/metrics/pcl/fused/processing_ms,std_msgs/msg/Float32,128.52659606933594
1774021891.7038426,/metrics/pcl/fused/detections_count,std_msgs/msg/Int32,76
1774021891.703951,/metrics/pcl/fused/points_in,std_msgs/msg/Int32,40948
1774021891.7040126,/metrics/pcl/fused/processing_ms,std_msgs/msg/Float32,128.60317993164062
1774021891.8317804,/metrics/pcl/fused/detections_count,std_msgs/msg/Int32,80
1774021891.83192,/metrics/pcl/fused/points_in,std_msgs/msg/Int32,40832
1774021891.8319805,/metrics/pcl/fused/processing_ms,std_msgs/msg/Float32,127.32604217529297
1774021891.96236,/metrics/pcl/fused/detections_count,std_msgs/msg/Int32,74
1774021891.9625247,/metrics/pcl/fused/points_in,std_msgs/msg/Int32,40754
1774021891.9626293,/metrics/pcl/fused/processing_ms,std_msgs/msg/Float32,129.94288635253906
1774021892.091932,/metrics/pcl/fused/detections_count,std_msgs/msg/Int32,76
1774021892.092039,/metrics/pcl/fused/points_in,std_msgs/msg/Int32,40781
1774021892.0921135,/metrics/pcl/fused/processing_ms,std_msgs/msg/Float32,128.99951171875
1774021892.222125,/metrics/pcl/fused/detections_count,std_msgs/msg/Int32,76
1774021892.222239,/metrics/pcl/fused/points_in,std_msgs/msg/Int32,40789
1774021892.2223303,/metrics/pcl/fused/processing_ms,std_msgs/msg/Float32,129.62680053710938
1774021892.3537438,/metrics/pcl/fused/detections_count,std_msgs/msg/Int32,74
1774021892.3538442,/metrics/pcl/fused/points_in,std_msgs/msg/Int32,40911
1774021892.353912,/metrics/pcl/fused/processing_ms,std_msgs/msg/Float32,131.0514678955078
1774021892.4854658,/metrics/pcl/fused/detections_count,std_msgs/msg/Int32,75
1774021892.4855597,/metrics/pcl/fused/points_in,std_msgs/msg/Int32,40856
1774021892.4856124,/metrics/pcl/fused/processing_ms,std_msgs/msg/Float32,131.10079956054688
1774021892.6147325,/metrics/pcl/fused/detections_count,std_msgs/msg/Int32,74
1774021892.6148424,/metrics/pcl/fused/points_in,std_msgs/msg/Int32,40711
1774021892.6149213,/metrics/pcl/fused/processing_ms,std_msgs/msg/Float32,128.69558715820312
1774021892.740645,/metrics/pcl/fused/detections_count,std_msgs/msg/Int32,72
1774021892.7408068,/metrics/pcl/fused/points_in,std_msgs/msg/Int32,40765
1774021892.7408829,/metrics/pcl/fused/processing_ms,std_msgs/msg/Float32,125.22608947753906
1774021892.870399,/metrics/pcl/fused/detections_count,std_msgs/msg/Int32,71
1774021892.8705122,/metrics/pcl/fused/points_in,std_msgs/msg/Int32,41017
1774021892.8705742,/metrics/pcl/fused/processing_ms,std_msgs/msg/Float32,129.14804077148438
1774021892.9989674,/metrics/pcl/fused/detections_count,std_msgs/msg/Int32,70
1774021892.9990797,/metrics/pcl/fused/points_in,std_msgs/msg/Int32,40765
1774021892.999145,/metrics/pcl/fused/processing_ms,std_msgs/msg/Float32,128.0185089111328
1774021893.1269855,/metrics/pcl/fused/detections_count,std_msgs/msg/Int32,68
1774021893.1271126,/metrics/pcl/fused/points_in,std_msgs/msg/Int32,40386
1774021893.1272042,/metrics/pcl/fused/processing_ms,std_msgs/msg/Float32,127.39157104492188
1774021893.2566442,/metrics/pcl/fused/detections_count,std_msgs/msg/Int32,71
1774021893.2567363,/metrics/pcl/fused/points_in,std_msgs/msg/Int32,40265
1774021893.256798,/metrics/pcl/fused/processing_ms,std_msgs/msg/Float32,129.06436157226562
1774021893.3847558,/metrics/pcl/fused/detections_count,std_msgs/msg/Int32,73
1774021893.3848772,/metrics/pcl/fused/points_in,std_msgs/msg/Int32,40225
1774021893.384995,/metrics/pcl/fused/processing_ms,std_msgs/msg/Float32,127.46202087402344
1774021893.513242,/metrics/pcl/fused/detections_count,std_msgs/msg/Int32,74
1774021893.513372,/metrics/pcl/fused/points_in,std_msgs/msg/Int32,40364
1774021893.5134282,/metrics/pcl/fused/processing_ms,std_msgs/msg/Float32,127.9122314453125
1774021893.641879,/metrics/pcl/fused/detections_count,std_msgs/msg/Int32,75
1774021893.642057,/metrics/pcl/fused/points_in,std_msgs/msg/Int32,40446
1774021893.642169,/metrics/pcl/fused/processing_ms,std_msgs/msg/Float32,128.02328491210938
1774021893.7687397,/metrics/pcl/fused/detections_count,std_msgs/msg/Int32,74
1774021893.7689102,/metrics/pcl/fused/points_in,std_msgs/msg/Int32,40358
1774021893.768977,/metrics/pcl/fused/processing_ms,std_msgs/msg/Float32,125.76655578613281
1774021893.8960521,/metrics/pcl/fused/detections_count,std_msgs/msg/Int32,76
1774021893.8961954,/metrics/pcl/fused/points_in,std_msgs/msg/Int32,40257
1774021893.9004002,/metrics/pcl/fused/processing_ms,std_msgs/msg/Float32,127.27951049804688
1774021894.025643,/metrics/pcl/fused/detections_count,std_msgs/msg/Int32,71
1774021894.0257797,/metrics/pcl/fused/points_in,std_msgs/msg/Int32,40277
1774021894.025856,/metrics/pcl/fused/processing_ms,std_msgs/msg/Float32,128.90338134765625
1774021894.172652,/metrics/pcl/fused/detections_count,std_msgs/msg/Int32,69
1774021894.1727731,/metrics/pcl/fused/points_in,std_msgs/msg/Int32,39946
1774021894.1728432,/metrics/pcl/fused/processing_ms,std_msgs/msg/Float32,127.08971405029297
1774021894.30258,/metrics/pcl/fused/detections_count,std_msgs/msg/Int32,73
1774021894.3026905,/metrics/pcl/fused/points_in,std_msgs/msg/Int32,40064
1774021894.302757,/metrics/pcl/fused/processing_ms,std_msgs/msg/Float32,129.40817260742188
1774021894.4331524,/metrics/pcl/fused/detections_count,std_msgs/msg/Int32,71
1774021894.4332826,/metrics/pcl/fused/points_in,std_msgs/msg/Int32,39986
1774021894.433359,/metrics/pcl/fused/processing_ms,std_msgs/msg/Float32,130.01348876953125
1774021894.5630116,/metrics/pcl/fused/detections_count,std_msgs/msg/Int32,70
1774021894.563118,/metrics/pcl/fused/points_in,std_msgs/msg/Int32,39963
1774021894.5631819,/metrics/pcl/fused/processing_ms,std_msgs/msg/Float32,129.21426391601562
1774021894.7647016,/metrics/pcl/fused/detections_count,std_msgs/msg/Int32,70
1774021894.7648158,/metrics/pcl/fused/points_in,std_msgs/msg/Int32,39956
1774021894.7648807,/metrics/pcl/fused/processing_ms,std_msgs/msg/Float32,124.10676574707031
1774021895.2751427,/metrics/pcl/fused/detections_count,std_msgs/msg/Int32,77
1774021895.2752519,/metrics/pcl/fused/points_in,std_msgs/msg/Int32,40007
1774021895.2753341,/metrics/pcl/fused/processing_ms,std_msgs/msg/Float32,130.72679138183594
1774021895.4052494,/metrics/pcl/fused/detections_count,std_msgs/msg/Int32,76
1774021895.4053648,/metrics/pcl/fused/points_in,std_msgs/msg/Int32,39986
1774021895.405427,/metrics/pcl/fused/processing_ms,std_msgs/msg/Float32,129.52487182617188
1774021895.5354471,/metrics/pcl/fused/detections_count,std_msgs/msg/Int32,71
1774021895.5355768,/metrics/pcl/fused/points_in,std_msgs/msg/Int32,40023
1774021895.535647,/metrics/pcl/fused/processing_ms,std_msgs/msg/Float32,129.57861328125
1774021895.6654258,/metrics/pcl/fused/detections_count,std_msgs/msg/Int32,69
1774021895.6655364,/metrics/pcl/fused/points_in,std_msgs/msg/Int32,40036
1774021895.6655984,/metrics/pcl/fused/processing_ms,std_msgs/msg/Float32,129.3968505859375
1774021896.0723755,/metrics/pcl/fused/detections_count,std_msgs/msg/Int32,73
1774021896.0724857,/metrics/pcl/fused/points_in,std_msgs/msg/Int32,40066
1774021896.0725589,/metrics/pcl/fused/processing_ms,std_msgs/msg/Float32,129.3082733154297
1774021896.2032332,/metrics/pcl/fused/detections_count,std_msgs/msg/Int32,74
1774021896.2033591,/metrics/pcl/fused/points_in,std_msgs/msg/Int32,40073
1774021896.2034342,/metrics/pcl/fused/processing_ms,std_msgs/msg/Float32,130.25387573242188
1774021896.3350089,/metrics/pcl/fused/detections_count,std_msgs/msg/Int32,72
1774021896.335156,/metrics/pcl/fused/points_in,std_msgs/msg/Int32,40108
1774021896.335235,/metrics/pcl/fused/processing_ms,std_msgs/msg/Float32,131.11404418945312
1774021896.9989243,/metrics/pcl/fused/detections_count,std_msgs/msg/Int32,76
1774021896.999081,/metrics/pcl/fused/points_in,std_msgs/msg/Int32,40879
1774021896.9991643,/metrics/pcl/fused/processing_ms,std_msgs/msg/Float32,152.27322387695312
1774021897.3449557,/metrics/pcl/fused/detections_count,std_msgs/msg/Int32,77
1774021897.3451238,/metrics/pcl/fused/points_in,std_msgs/msg/Int32,41286
1774021897.3452358,/metrics/pcl/fused/processing_ms,std_msgs/msg/Float32,187.33323669433594
1774021897.5606828,/metrics/pcl/fused/detections_count,std_msgs/msg/Int32,77
1774021897.5608435,/metrics/pcl/fused/points_in,std_msgs/msg/Int32,41232
1774021897.5609887,/metrics/pcl/fused/processing_ms,std_msgs/msg/Float32,214.66224670410156
1774021897.818916,/metrics/pcl/fused/detections_count,std_msgs/msg/Int32,72
1774021897.8191688,/metrics/pcl/fused/points_in,std_msgs/msg/Int32,41325
1774021897.8193696,/metrics/pcl/fused/processing_ms,std_msgs/msg/Float32,257.1033630371094
1774021898.0860457,/metrics/pcl/fused/detections_count,std_msgs/msg/Int32,74
1774021898.0862184,/metrics/pcl/fused/processing_ms,std_msgs/msg/Float32,266.095703125
1774021898.0865881,/metrics/pcl/fused/points_in,std_msgs/msg/Int32,41229
1774021898.3531017,/metrics/pcl/fused/detections_count,std_msgs/msg/Int32,74
1774021898.3533194,/metrics/pcl/fused/points_in,std_msgs/msg/Int32,41147
1774021898.3534775,/metrics/pcl/fused/processing_ms,std_msgs/msg/Float32,265.9536437988281
1774021898.6181965,/metrics/pcl/fused/detections_count,std_msgs/msg/Int32,75
1774021898.6184626,/metrics/pcl/fused/points_in,std_msgs/msg/Int32,41230
1774021898.618587,/metrics/pcl/fused/processing_ms,std_msgs/msg/Float32,263.9958801269531
1774021898.8841524,/metrics/pcl/fused/detections_count,std_msgs/msg/Int32,78
1774021898.8843763,/metrics/pcl/fused/points_in,std_msgs/msg/Int32,41216
1774021898.8845046,/metrics/pcl/fused/processing_ms,std_msgs/msg/Float32,264.92694091796875
1774021899.1477962,/metrics/pcl/fused/detections_count,std_msgs/msg/Int32,70
1774021899.147977,/metrics/pcl/fused/points_in,std_msgs/msg/Int32,41213
1774021899.1481252,/metrics/pcl/fused/processing_ms,std_msgs/msg/Float32,262.6325378417969
1774021899.4180152,/metrics/pcl/fused/detections_count,std_msgs/msg/Int32,71
1774021899.4182293,/metrics/pcl/fused/points_in,std_msgs/msg/Int32,41079
1774021899.4183764,/metrics/pcl/fused/processing_ms,std_msgs/msg/Float32,268.9384460449219
1774021899.6805344,/metrics/pcl/fused/detections_count,std_msgs/msg/Int32,76
1774021899.680761,/metrics/pcl/fused/points_in,std_msgs/msg/Int32,41154
1774021899.6809223,/metrics/pcl/fused/processing_ms,std_msgs/msg/Float32,261.2763366699219
1774021899.9438086,/metrics/pcl/fused/detections_count,std_msgs/msg/Int32,71
1774021899.9439929,/metrics/pcl/fused/points_in,std_msgs/msg/Int32,41272
1774021899.9441369,/metrics/pcl/fused/processing_ms,std_msgs/msg/Float32,262.3568115234375
1774021900.1804614,/metrics/pcl/fused/detections_count,std_msgs/msg/Int32,74
1774021900.1806214,/metrics/pcl/fused/points_in,std_msgs/msg/Int32,41393
1774021900.1807353,/metrics/pcl/fused/processing_ms,std_msgs/msg/Float32,235.67202758789062
1774021900.4080172,/metrics/pcl/fused/detections_count,std_msgs/msg/Int32,77
1774021900.408215,/metrics/pcl/fused/points_in,std_msgs/msg/Int32,41424
1774021900.408354,/metrics/pcl/fused/processing_ms,std_msgs/msg/Float32,226.42276000976562
1774021900.609675,/metrics/pcl/fused/detections_count,std_msgs/msg/Int32,76
1774021900.609836,/metrics/pcl/fused/points_in,std_msgs/msg/Int32,41338
1774021900.6099484,/metrics/pcl/fused/processing_ms,std_msgs/msg/Float32,200.79916381835938
1774021900.7850683,/metrics/pcl/fused/detections_count,std_msgs/msg/Int32,71
1774021900.7852352,/metrics/pcl/fused/points_in,std_msgs/msg/Int32,41261
1774021900.7853203,/metrics/pcl/fused/processing_ms,std_msgs/msg/Float32,174.3677215576172
1774021900.9399006,/metrics/pcl/fused/detections_count,std_msgs/msg/Int32,75
1774021900.9400666,/metrics/pcl/fused/points_in,std_msgs/msg/Int32,41122
1774021900.9401898,/metrics/pcl/fused/processing_ms,std_msgs/msg/Float32,154.364013671875
1774021901.0843651,/metrics/pcl/fused/detections_count,std_msgs/msg/Int32,71
1774021901.0844843,/metrics/pcl/fused/points_in,std_msgs/msg/Int32,41041
1774021901.0845606,/metrics/pcl/fused/processing_ms,std_msgs/msg/Float32,143.74172973632812
1774021901.223478,/metrics/pcl/fused/detections_count,std_msgs/msg/Int32,77
1774021901.2235901,/metrics/pcl/fused/points_in,std_msgs/msg/Int32,41075
1774021901.2236629,/metrics/pcl/fused/processing_ms,std_msgs/msg/Float32,138.47280883789062
1774021901.3595152,/metrics/pcl/fused/detections_count,std_msgs/msg/Int32,76
1774021901.3596544,/metrics/pcl/fused/points_in,std_msgs/msg/Int32,41087
1774021901.3597217,/metrics/pcl/fused/processing_ms,std_msgs/msg/Float32,135.4844512939453
1774021901.4900155,/metrics/pcl/fused/detections_count,std_msgs/msg/Int32,80
1774021901.4902012,/metrics/pcl/fused/points_in,std_msgs/msg/Int32,41076
1774021901.4903326,/metrics/pcl/fused/processing_ms,std_msgs/msg/Float32,129.81553649902344
1774021901.623083,/metrics/pcl/fused/detections_count,std_msgs/msg/Int32,76
1774021901.623203,/metrics/pcl/fused/points_in,std_msgs/msg/Int32,41070
1774021901.6232643,/metrics/pcl/fused/processing_ms,std_msgs/msg/Float32,132.45687866210938
1774021901.7536488,/metrics/pcl/fused/detections_count,std_msgs/msg/Int32,74
1774021901.7537534,/metrics/pcl/fused/points_in,std_msgs/msg/Int32,41097
1774021901.7538233,/metrics/pcl/fused/processing_ms,std_msgs/msg/Float32,130.0383758544922
1774021901.883512,/metrics/pcl/fused/detections_count,std_msgs/msg/Int32,75
1774021901.8836162,/metrics/pcl/fused/points_in,std_msgs/msg/Int32,41112
1774021901.8836803,/metrics/pcl/fused/processing_ms,std_msgs/msg/Float32,129.21641540527344
1774021902.3746688,/metrics/pcl/fused/detections_count,std_msgs/msg/Int32,73
1774021902.3747804,/metrics/pcl/fused/points_in,std_msgs/msg/Int32,41182
1774021902.3748438,/metrics/pcl/fused/processing_ms,std_msgs/msg/Float32,132.3876953125
1774021902.506016,/metrics/pcl/fused/detections_count,std_msgs/msg/Int32,76
1774021902.5061367,/metrics/pcl/fused/points_in,std_msgs/msg/Int32,41149
1774021902.5062304,/metrics/pcl/fused/processing_ms,std_msgs/msg/Float32,130.80996704101562
1774021902.6386986,/metrics/pcl/fused/detections_count,std_msgs/msg/Int32,77
1774021902.6388495,/metrics/pcl/fused/points_in,std_msgs/msg/Int32,41137
1774021902.6389394,/metrics/pcl/fused/processing_ms,std_msgs/msg/Float32,132.0600128173828
1774021903.8869593,/metrics/pcl/fused/detections_count,std_msgs/msg/Int32,70
1774021903.8871655,/metrics/pcl/fused/points_in,std_msgs/msg/Int32,41043
1774021903.8873405,/metrics/pcl/fused/processing_ms,std_msgs/msg/Float32,228.54849243164062
1774021904.2693062,/metrics/pcl/fused/detections_count,std_msgs/msg/Int32,74
1774021904.2696044,/metrics/pcl/fused/points_in,std_msgs/msg/Int32,41014
1774021904.2697785,/metrics/pcl/fused/processing_ms,std_msgs/msg/Float32,267.36724853515625
1774021904.5297189,/metrics/pcl/fused/detections_count,std_msgs/msg/Int32,75
1774021904.529947,/metrics/pcl/fused/points_in,std_msgs/msg/Int32,41066
1774021904.5300982,/metrics/pcl/fused/processing_ms,std_msgs/msg/Float32,259.5152282714844
1774021904.7963321,/metrics/pcl/fused/detections_count,std_msgs/msg/Int32,78
1774021904.796543,/metrics/pcl/fused/points_in,std_msgs/msg/Int32,41052
1774021904.796652,/metrics/pcl/fused/processing_ms,std_msgs/msg/Float32,265.46484375
1774021905.0641298,/metrics/pcl/fused/detections_count,std_msgs/msg/Int32,72
1774021905.0643697,/metrics/pcl/fused/points_in,std_msgs/msg/Int32,41225
1774021905.0645134,/metrics/pcl/fused/processing_ms,std_msgs/msg/Float32,266.61749267578125
1774021905.3410463,/metrics/pcl/fused/detections_count,std_msgs/msg/Int32,75
1774021905.3412368,/metrics/pcl/fused/points_in,std_msgs/msg/Int32,41509
1774021905.3413997,/metrics/pcl/fused/processing_ms,std_msgs/msg/Float32,276.0089111328125
1774021905.6263814,/metrics/pcl/fused/detections_count,std_msgs/msg/Int32,70
1774021905.626546,/metrics/pcl/fused/points_in,std_msgs/msg/Int32,41567
1774021905.626722,/metrics/pcl/fused/processing_ms,std_msgs/msg/Float32,283.9176025390625
1774021905.903425,/metrics/pcl/fused/detections_count,std_msgs/msg/Int32,72
1774021905.9035864,/metrics/pcl/fused/points_in,std_msgs/msg/Int32,41418
1774021905.9037035,/metrics/pcl/fused/processing_ms,std_msgs/msg/Float32,275.2967224121094
1774021906.172836,/metrics/pcl/fused/detections_count,std_msgs/msg/Int32,71
1774021906.1730244,/metrics/pcl/fused/points_in,std_msgs/msg/Int32,41440
1774021906.1731193,/metrics/pcl/fused/processing_ms,std_msgs/msg/Float32,267.8092041015625
1774021906.440481,/metrics/pcl/fused/detections_count,std_msgs/msg/Int32,77
1774021906.4406455,/metrics/pcl/fused/points_in,std_msgs/msg/Int32,41336
1774021906.4407508,/metrics/pcl/fused/processing_ms,std_msgs/msg/Float32,266.3171691894531
1774021906.7072544,/metrics/pcl/fused/detections_count,std_msgs/msg/Int32,70
1774021906.707482,/metrics/pcl/fused/points_in,std_msgs/msg/Int32,41389
1774021906.7076244,/metrics/pcl/fused/processing_ms,std_msgs/msg/Float32,265.3364562988281
1774021906.9746294,/metrics/pcl/fused/detections_count,std_msgs/msg/Int32,74
1774021906.9748302,/metrics/pcl/fused/processing_ms,std_msgs/msg/Float32,265.922119140625
1774021906.9752123,/metrics/pcl/fused/points_in,std_msgs/msg/Int32,41334
1774021907.2303722,/metrics/pcl/fused/detections_count,std_msgs/msg/Int32,75
1774021907.2305892,/metrics/pcl/fused/points_in,std_msgs/msg/Int32,41451
1774021907.2307124,/metrics/pcl/fused/processing_ms,std_msgs/msg/Float32,254.4644317626953
1774021907.4443526,/metrics/pcl/fused/detections_count,std_msgs/msg/Int32,75
1774021907.4445517,/metrics/pcl/fused/points_in,std_msgs/msg/Int32,41401
1774021907.4446871,/metrics/pcl/fused/processing_ms,std_msgs/msg/Float32,212.72137451171875
1774021907.6370888,/metrics/pcl/fused/detections_count,std_msgs/msg/Int32,78
1774021907.637258,/metrics/pcl/fused/points_in,std_msgs/msg/Int32,41286
1774021907.63744,/metrics/pcl/fused/processing_ms,std_msgs/msg/Float32,191.69422912597656
1774021907.815155,/metrics/pcl/fused/detections_count,std_msgs/msg/Int32,69
1774021907.815344,/metrics/pcl/fused/points_in,std_msgs/msg/Int32,41279
1774021907.8154678,/metrics/pcl/fused/processing_ms,std_msgs/msg/Float32,177.1165771484375
1774021907.978819,/metrics/pcl/fused/detections_count,std_msgs/msg/Int32,72
1774021907.9789767,/metrics/pcl/fused/points_in,std_msgs/msg/Int32,41359
1774021907.9790986,/metrics/pcl/fused/processing_ms,std_msgs/msg/Float32,162.94851684570312
1774021908.1348538,/metrics/pcl/fused/detections_count,std_msgs/msg/Int32,79
1774021908.1350057,/metrics/pcl/fused/points_in,std_msgs/msg/Int32,41283
1774021908.1351235,/metrics/pcl/fused/processing_ms,std_msgs/msg/Float32,154.91529846191406
1774021908.4001894,/metrics/pcl/fused/detections_count,std_msgs/msg/Int32,75
1774021908.4003105,/metrics/pcl/fused/points_in,std_msgs/msg/Int32,41401
1774021908.400395,/metrics/pcl/fused/processing_ms,std_msgs/msg/Float32,133.8019256591797
1774021908.5398479,/metrics/pcl/fused/detections_count,std_msgs/msg/Int32,73
1774021908.5399976,/metrics/pcl/fused/points_in,std_msgs/msg/Int32,41207
1774021908.5400932,/metrics/pcl/fused/processing_ms,std_msgs/msg/Float32,138.8666229248047
1774021908.6821284,/metrics/pcl/fused/detections_count,std_msgs/msg/Int32,74
1774021908.6822367,/metrics/pcl/fused/points_in,std_msgs/msg/Int32,41332
1774021908.68231,/metrics/pcl/fused/processing_ms,std_msgs/msg/Float32,141.6905059814453
1774021908.8264992,/metrics/pcl/fused/detections_count,std_msgs/msg/Int32,71
1774021908.8266494,/metrics/pcl/fused/points_in,std_msgs/msg/Int32,41256
1774021908.8267405,/metrics/pcl/fused/processing_ms,std_msgs/msg/Float32,143.53065490722656
1774021908.974146,/metrics/pcl/fused/detections_count,std_msgs/msg/Int32,74
1774021908.974261,/metrics/pcl/fused/points_in,std_msgs/msg/Int32,41327
1774021908.9744153,/metrics/pcl/fused/processing_ms,std_msgs/msg/Float32,147.06834411621094
1774021909.781857,/metrics/pcl/fused/detections_count,std_msgs/msg/Int32,77
1774021909.781967,/metrics/pcl/fused/points_in,std_msgs/msg/Int32,41145
1774021909.7820296,/metrics/pcl/fused/processing_ms,std_msgs/msg/Float32,135.19723510742188
1774021910.2023017,/metrics/pcl/fused/detections_count,std_msgs/msg/Int32,75
1774021910.2024212,/metrics/pcl/fused/points_in,std_msgs/msg/Int32,41041
1774021910.2024944,/metrics/pcl/fused/processing_ms,std_msgs/msg/Float32,151.45465087890625
1774021910.4176998,/metrics/pcl/fused/detections_count,std_msgs/msg/Int32,74
1774021910.4178333,/metrics/pcl/fused/points_in,std_msgs/msg/Int32,41081
1774021910.4178975,/metrics/pcl/fused/processing_ms,std_msgs/msg/Float32,161.3806915283203
1774021910.6043005,/metrics/pcl/fused/detections_count,std_msgs/msg/Int32,71
1774021910.604478,/metrics/pcl/fused/points_in,std_msgs/msg/Int32,41093
1774021910.6045878,/metrics/pcl/fused/processing_ms,std_msgs/msg/Float32,185.74485778808594
1774021911.0748706,/metrics/pcl/fused/detections_count,std_msgs/msg/Int32,80
1774021911.075048,/metrics/pcl/fused/points_in,std_msgs/msg/Int32,41072
1774021911.0751534,/metrics/pcl/fused/processing_ms,std_msgs/msg/Float32,215.8019256591797
1774021911.43859,/metrics/pcl/fused/detections_count,std_msgs/msg/Int32,76
1774021911.4388082,/metrics/pcl/fused/points_in,std_msgs/msg/Int32,41147
1774021911.4389148,/metrics/pcl/fused/processing_ms,std_msgs/msg/Float32,261.3678283691406
1774021911.70084,/metrics/pcl/fused/detections_count,std_msgs/msg/Int32,78
1774021911.7011366,/metrics/pcl/fused/points_in,std_msgs/msg/Int32,41090
1774021911.7013776,/metrics/pcl/fused/processing_ms,std_msgs/msg/Float32,261.0367431640625
1774021912.3653183,/metrics/pcl/fused/detections_count,std_msgs/msg/Int32,76
1774021912.3655736,/metrics/pcl/fused/points_in,std_msgs/msg/Int32,41166
1774021912.365713,/metrics/pcl/fused/processing_ms,std_msgs/msg/Float32,281.9718017578125
1774021912.6437716,/metrics/pcl/fused/detections_count,std_msgs/msg/Int32,77
1774021912.6439877,/metrics/pcl/fused/points_in,std_msgs/msg/Int32,41254
1774021912.6441686,/metrics/pcl/fused/processing_ms,std_msgs/msg/Float32,277.43951416015625
1774021912.915717,/metrics/pcl/fused/detections_count,std_msgs/msg/Int32,74
1774021912.9159627,/metrics/pcl/fused/points_in,std_msgs/msg/Int32,41206
1774021912.916093,/metrics/pcl/fused/processing_ms,std_msgs/msg/Float32,270.7735290527344
1774021913.1809306,/metrics/pcl/fused/detections_count,std_msgs/msg/Int32,73
1774021913.181127,/metrics/pcl/fused/points_in,std_msgs/msg/Int32,41260
1774021913.1812859,/metrics/pcl/fused/processing_ms,std_msgs/msg/Float32,264.268798828125
1774021913.4095838,/metrics/pcl/fused/detections_count,std_msgs/msg/Int32,77
1774021913.4097462,/metrics/pcl/fused/points_in,std_msgs/msg/Int32,41221
1774021913.4098442,/metrics/pcl/fused/processing_ms,std_msgs/msg/Float32,227.66705322265625
1774021913.6157854,/metrics/pcl/fused/detections_count,std_msgs/msg/Int32,77
1774021913.6159294,/metrics/pcl/fused/points_in,std_msgs/msg/Int32,41210
1774021913.6160195,/metrics/pcl/fused/processing_ms,std_msgs/msg/Float32,205.409912109375
1774021913.807,/metrics/pcl/fused/detections_count,std_msgs/msg/Int32,81
1774021913.8071544,/metrics/pcl/fused/points_in,std_msgs/msg/Int32,41219
1774021913.807268,/metrics/pcl/fused/processing_ms,std_msgs/msg/Float32,190.40261840820312
1774021913.9815993,/metrics/pcl/fused/detections_count,std_msgs/msg/Int32,74
1774021913.981752,/metrics/pcl/fused/points_in,std_msgs/msg/Int32,41283
1774021913.9818575,/metrics/pcl/fused/processing_ms,std_msgs/msg/Float32,173.7994384765625
1774021914.1458225,/metrics/pcl/fused/detections_count,std_msgs/msg/Int32,73
1774021914.1459923,/metrics/pcl/fused/points_in,std_msgs/msg/Int32,41236
1774021914.1460962,/metrics/pcl/fused/processing_ms,std_msgs/msg/Float32,163.55197143554688
1774021914.2979898,/metrics/pcl/fused/detections_count,std_msgs/msg/Int32,75
1774021914.2981586,/metrics/pcl/fused/points_in,std_msgs/msg/Int32,41239
1774021914.2983267,/metrics/pcl/fused/processing_ms,std_msgs/msg/Float32,151.46153259277344
1774021914.4414415,/metrics/pcl/fused/detections_count,std_msgs/msg/Int32,75
1774021914.4415777,/metrics/pcl/fused/points_in,std_msgs/msg/Int32,41246
1774021914.441681,/metrics/pcl/fused/processing_ms,std_msgs/msg/Float32,142.84669494628906
1774021914.5759404,/metrics/pcl/fused/detections_count,std_msgs/msg/Int32,70
1774021914.5761073,/metrics/pcl/fused/points_in,std_msgs/msg/Int32,41160
1774021914.5762217,/metrics/pcl/fused/processing_ms,std_msgs/msg/Float32,133.77944946289062
1774021914.7057045,/metrics/pcl/fused/detections_count,std_msgs/msg/Int32,72
1774021914.70581,/metrics/pcl/fused/points_in,std_msgs/msg/Int32,41156
1774021914.705873,/metrics/pcl/fused/processing_ms,std_msgs/msg/Float32,129.2581787109375
1774021916.345711,/metrics/pcl/fused/detections_count,std_msgs/msg/Int32,69
1774021916.345948,/metrics/pcl/fused/points_in,std_msgs/msg/Int32,41133
1774021916.3461657,/metrics/pcl/fused/processing_ms,std_msgs/msg/Float32,270.33544921875
1774021917.1513944,/metrics/pcl/fused/detections_count,std_msgs/msg/Int32,75
1774021917.1515863,/metrics/pcl/fused/points_in,std_msgs/msg/Int32,41270
1774021917.1517155,/metrics/pcl/fused/processing_ms,std_msgs/msg/Float32,267.2214050292969
1774021917.4159062,/metrics/pcl/fused/detections_count,std_msgs/msg/Int32,72
1774021917.4161348,/metrics/pcl/fused/points_in,std_msgs/msg/Int32,41206
1774021917.4162703,/metrics/pcl/fused/processing_ms,std_msgs/msg/Float32,263.0296325683594
1774021917.6818092,/metrics/pcl/fused/detections_count,std_msgs/msg/Int32,75
1774021917.6820447,/metrics/pcl/fused/points_in,std_msgs/msg/Int32,41108
1774021917.6822085,/metrics/pcl/fused/processing_ms,std_msgs/msg/Float32,264.7790832519531
1774021917.965854,/metrics/pcl/fused/detections_count,std_msgs/msg/Int32,72
1774021917.9661322,/metrics/pcl/fused/points_in,std_msgs/msg/Int32,41190
1774021917.9663062,/metrics/pcl/fused/processing_ms,std_msgs/msg/Float32,283.005126953125
1774021918.2418866,/metrics/pcl/fused/detections_count,std_msgs/msg/Int32,77
1774021918.2422178,/metrics/pcl/fused/points_in,std_msgs/msg/Int32,41171
1774021918.2463737,/metrics/pcl/fused/processing_ms,std_msgs/msg/Float32,274.9046325683594
1774021918.5193138,/metrics/pcl/fused/detections_count,std_msgs/msg/Int32,73
1774021918.5195215,/metrics/pcl/fused/points_in,std_msgs/msg/Int32,41180
1774021918.5196397,/metrics/pcl/fused/processing_ms,std_msgs/msg/Float32,276.25335693359375
1774021918.790762,/metrics/pcl/fused/detections_count,std_msgs/msg/Int32,75
1774021918.7909384,/metrics/pcl/fused/points_in,std_msgs/msg/Int32,41134
1774021918.7910535,/metrics/pcl/fused/processing_ms,std_msgs/msg/Float32,270.42840576171875
1774021919.0695925,/metrics/pcl/fused/detections_count,std_msgs/msg/Int32,79
1774021919.0698109,/metrics/pcl/fused/points_in,std_msgs/msg/Int32,41237
1774021919.0699525,/metrics/pcl/fused/processing_ms,std_msgs/msg/Float32,277.7257385253906
1774021919.3401802,/metrics/pcl/fused/detections_count,std_msgs/msg/Int32,74
1774021919.3404162,/metrics/pcl/fused/points_in,std_msgs/msg/Int32,41158
1774021919.3405674,/metrics/pcl/fused/processing_ms,std_msgs/msg/Float32,269.4726257324219
1774021919.6212003,/metrics/pcl/fused/detections_count,std_msgs/msg/Int32,76
1774021919.6214638,/metrics/pcl/fused/points_in,std_msgs/msg/Int32,41121
1774021919.6216369,/metrics/pcl/fused/processing_ms,std_msgs/msg/Float32,279.5343933105469
1774021919.8884401,/metrics/pcl/fused/detections_count,std_msgs/msg/Int32,72
1774021919.8886673,/metrics/pcl/fused/points_in,std_msgs/msg/Int32,41108
1774021919.8887606,/metrics/pcl/fused/processing_ms,std_msgs/msg/Float32,266.1119384765625
1774021920.1268973,/metrics/pcl/fused/detections_count,std_msgs/msg/Int32,73
1774021920.1270869,/metrics/pcl/fused/points_in,std_msgs/msg/Int32,41180
1774021920.1272218,/metrics/pcl/fused/processing_ms,std_msgs/msg/Float32,237.52613830566406
1774021920.3314586,/metrics/pcl/fused/detections_count,std_msgs/msg/Int32,79
1774021920.331635,/metrics/pcl/fused/points_in,std_msgs/msg/Int32,41118
1774021920.3317556,/metrics/pcl/fused/processing_ms,std_msgs/msg/Float32,203.68406677246094
1774021920.5172427,/metrics/pcl/fused/detections_count,std_msgs/msg/Int32,75
1774021920.5174172,/metrics/pcl/fused/points_in,std_msgs/msg/Int32,40958
1774021920.5175307,/metrics/pcl/fused/processing_ms,std_msgs/msg/Float32,184.83322143554688
1774021920.6904552,/metrics/pcl/fused/detections_count,std_msgs/msg/Int32,73
1774021920.6906512,/metrics/pcl/fused/points_in,std_msgs/msg/Int32,40871
1774021920.6907623,/metrics/pcl/fused/processing_ms,std_msgs/msg/Float32,172.2513427734375
1774021920.8461866,/metrics/pcl/fused/detections_count,std_msgs/msg/Int32,76
1774021920.846407,/metrics/pcl/fused/points_in,std_msgs/msg/Int32,40784
1774021920.8465421,/metrics/pcl/fused/processing_ms,std_msgs/msg/Float32,155.0623016357422
1774021920.9892454,/metrics/pcl/fused/detections_count,std_msgs/msg/Int32,73
1774021920.9893878,/metrics/pcl/fused/points_in,std_msgs/msg/Int32,40657
1774021920.9894545,/metrics/pcl/fused/processing_ms,std_msgs/msg/Float32,142.27122497558594
1774021921.126413,/metrics/pcl/fused/detections_count,std_msgs/msg/Int32,72
1774021921.1265295,/metrics/pcl/fused/points_in,std_msgs/msg/Int32,40749
1774021921.126611,/metrics/pcl/fused/processing_ms,std_msgs/msg/Float32,136.4901123046875
1774021921.2681324,/metrics/pcl/fused/detections_count,std_msgs/msg/Int32,75
1774021921.268258,/metrics/pcl/fused/points_in,std_msgs/msg/Int32,40716
1774021921.268369,/metrics/pcl/fused/processing_ms,std_msgs/msg/Float32,141.0299072265625
1774021921.415639,/metrics/pcl/fused/detections_count,std_msgs/msg/Int32,75
1774021921.4157698,/metrics/pcl/fused/points_in,std_msgs/msg/Int32,40573
1774021921.415857,/metrics/pcl/fused/processing_ms,std_msgs/msg/Float32,146.8267059326172
1774021921.5605755,/metrics/pcl/fused/detections_count,std_msgs/msg/Int32,71
1774021921.560686,/metrics/pcl/fused/points_in,std_msgs/msg/Int32,40526
1774021921.5607493,/metrics/pcl/fused/processing_ms,std_msgs/msg/Float32,144.0040283203125
1774021921.6986136,/metrics/pcl/fused/detections_count,std_msgs/msg/Int32,70
1774021921.698737,/metrics/pcl/fused/points_in,std_msgs/msg/Int32,40199
1774021921.6988003,/metrics/pcl/fused/processing_ms,std_msgs/msg/Float32,137.4823760986328
1774021921.8360667,/metrics/pcl/fused/detections_count,std_msgs/msg/Int32,70
1774021921.836233,/metrics/pcl/fused/points_in,std_msgs/msg/Int32,40189
1774021921.836356,/metrics/pcl/fused/processing_ms,std_msgs/msg/Float32,136.75994873046875
1774021921.9749262,/metrics/pcl/fused/detections_count,std_msgs/msg/Int32,74
1774021921.9750454,/metrics/pcl/fused/points_in,std_msgs/msg/Int32,40082
1774021921.9751089,/metrics/pcl/fused/processing_ms,std_msgs/msg/Float32,137.93971252441406
1774021922.1226995,/metrics/pcl/fused/detections_count,std_msgs/msg/Int32,69
1774021922.1228528,/metrics/pcl/fused/points_in,std_msgs/msg/Int32,40262
1774021922.122946,/metrics/pcl/fused/processing_ms,std_msgs/msg/Float32,147.1429901123047
1774021922.3739882,/metrics/pcl/fused/detections_count,std_msgs/msg/Int32,71
1774021922.3740993,/metrics/pcl/fused/points_in,std_msgs/msg/Int32,39789
1774021922.3741603,/metrics/pcl/fused/processing_ms,std_msgs/msg/Float32,127.59539794921875
1774021922.5011947,/metrics/pcl/fused/detections_count,std_msgs/msg/Int32,70
1774021922.501437,/metrics/pcl/fused/points_in,std_msgs/msg/Int32,39615
1774021922.5015483,/metrics/pcl/fused/processing_ms,std_msgs/msg/Float32,126.5460205078125
1774021922.625478,/metrics/pcl/fused/detections_count,std_msgs/msg/Int32,72
1774021922.6256287,/metrics/pcl/fused/points_in,std_msgs/msg/Int32,39575
1774021922.6257079,/metrics/pcl/fused/processing_ms,std_msgs/msg/Float32,123.16478729248047
1774021922.7476513,/metrics/pcl/fused/detections_count,std_msgs/msg/Int32,76
1774021922.7477593,/metrics/pcl/fused/points_in,std_msgs/msg/Int32,39531
1774021922.7478218,/metrics/pcl/fused/processing_ms,std_msgs/msg/Float32,122.16175842285156
1774021922.869531,/metrics/pcl/fused/detections_count,std_msgs/msg/Int32,70
1774021922.869671,/metrics/pcl/fused/points_in,std_msgs/msg/Int32,39321
1774021922.8697422,/metrics/pcl/fused/processing_ms,std_msgs/msg/Float32,121.16153717041016
1774021922.9995205,/metrics/pcl/fused/detections_count,std_msgs/msg/Int32,71
1774021922.9996948,/metrics/pcl/fused/points_in,std_msgs/msg/Int32,39370
1774021922.999772,/metrics/pcl/fused/processing_ms,std_msgs/msg/Float32,129.2608642578125
1774021923.129976,/metrics/pcl/fused/detections_count,std_msgs/msg/Int32,69
1774021923.130102,/metrics/pcl/fused/points_in,std_msgs/msg/Int32,39398
1774021923.1301699,/metrics/pcl/fused/processing_ms,std_msgs/msg/Float32,129.63729858398438
1774021923.2613256,/metrics/pcl/fused/detections_count,std_msgs/msg/Int32,71
1774021923.261447,/metrics/pcl/fused/points_in,std_msgs/msg/Int32,39372
1774021923.2615106,/metrics/pcl/fused/processing_ms,std_msgs/msg/Float32,130.57249450683594
1774021923.3888059,/metrics/pcl/fused/detections_count,std_msgs/msg/Int32,71
1774021923.3889287,/metrics/pcl/fused/points_in,std_msgs/msg/Int32,39377
1774021923.3889923,/metrics/pcl/fused/processing_ms,std_msgs/msg/Float32,126.67603302001953
1774021923.5145779,/metrics/pcl/fused/detections_count,std_msgs/msg/Int32,69
1774021923.514686,/metrics/pcl/fused/points_in,std_msgs/msg/Int32,39558
1774021923.5147417,/metrics/pcl/fused/processing_ms,std_msgs/msg/Float32,125.03218841552734
1774021923.6411996,/metrics/pcl/fused/detections_count,std_msgs/msg/Int32,68
1774021923.641348,/metrics/pcl/fused/points_in,std_msgs/msg/Int32,39521
1774021923.641426,/metrics/pcl/fused/processing_ms,std_msgs/msg/Float32,125.7613525390625
1774021923.7657075,/metrics/pcl/fused/detections_count,std_msgs/msg/Int32,75
1774021923.7658162,/metrics/pcl/fused/points_in,std_msgs/msg/Int32,39765
1774021923.7658794,/metrics/pcl/fused/processing_ms,std_msgs/msg/Float32,123.98760986328125
1774021923.8920805,/metrics/pcl/fused/detections_count,std_msgs/msg/Int32,73
1774021923.892189,/metrics/pcl/fused/points_in,std_msgs/msg/Int32,39985
1774021923.892253,/metrics/pcl/fused/processing_ms,std_msgs/msg/Float32,125.78826904296875
1774021924.0184026,/metrics/pcl/fused/detections_count,std_msgs/msg/Int32,71
1774021924.0185518,/metrics/pcl/fused/points_in,std_msgs/msg/Int32,39879
1774021924.0186617,/metrics/pcl/fused/processing_ms,std_msgs/msg/Float32,125.68568420410156
1774021924.1482394,/metrics/pcl/fused/detections_count,std_msgs/msg/Int32,72
1774021924.1484005,/metrics/pcl/fused/points_in,std_msgs/msg/Int32,39944
1774021924.14847,/metrics/pcl/fused/processing_ms,std_msgs/msg/Float32,129.26307678222656
1774021924.2773998,/metrics/pcl/fused/detections_count,std_msgs/msg/Int32,75
1774021924.277542,/metrics/pcl/fused/points_in,std_msgs/msg/Int32,40049
1774021924.2776318,/metrics/pcl/fused/processing_ms,std_msgs/msg/Float32,128.52696228027344
1774021924.4052896,/metrics/pcl/fused/detections_count,std_msgs/msg/Int32,68
1774021924.4054022,/metrics/pcl/fused/points_in,std_msgs/msg/Int32,39866
1774021924.405459,/metrics/pcl/fused/processing_ms,std_msgs/msg/Float32,127.26852416992188
1774021924.5340302,/metrics/pcl/fused/detections_count,std_msgs/msg/Int32,68
1774021924.5341535,/metrics/pcl/fused/points_in,std_msgs/msg/Int32,40055
1774021924.5342095,/metrics/pcl/fused/processing_ms,std_msgs/msg/Float32,128.22821044921875
1774021924.662155,/metrics/pcl/fused/detections_count,std_msgs/msg/Int32,77
1774021924.6622486,/metrics/pcl/fused/points_in,std_msgs/msg/Int32,40065
1774021924.6623213,/metrics/pcl/fused/processing_ms,std_msgs/msg/Float32,127.52181243896484
1774021924.7888627,/metrics/pcl/fused/detections_count,std_msgs/msg/Int32,69
1774021924.7889931,/metrics/pcl/fused/points_in,std_msgs/msg/Int32,40167
1774021924.7890527,/metrics/pcl/fused/processing_ms,std_msgs/msg/Float32,126.01167297363281
1774021924.9175456,/metrics/pcl/fused/detections_count,std_msgs/msg/Int32,70
1774021924.9176698,/metrics/pcl/fused/points_in,std_msgs/msg/Int32,40200
1774021924.9177277,/metrics/pcl/fused/processing_ms,std_msgs/msg/Float32,128.0786590576172
1774021925.04982,/metrics/pcl/fused/detections_count,std_msgs/msg/Int32,71
1774021925.0499742,/metrics/pcl/fused/points_in,std_msgs/msg/Int32,40168
1774021925.050055,/metrics/pcl/fused/processing_ms,std_msgs/msg/Float32,131.64138793945312
1774021925.1790984,/metrics/pcl/fused/detections_count,std_msgs/msg/Int32,74
1774021925.1792054,/metrics/pcl/fused/points_in,std_msgs/msg/Int32,40466
1774021925.179267,/metrics/pcl/fused/processing_ms,std_msgs/msg/Float32,128.63002014160156
1774021925.3063083,/metrics/pcl/fused/detections_count,std_msgs/msg/Int32,67
1774021925.3064709,/metrics/pcl/fused/points_in,std_msgs/msg/Int32,40428
1774021925.3065603,/metrics/pcl/fused/processing_ms,std_msgs/msg/Float32,126.55587768554688
1774021925.5748959,/metrics/pcl/fused/detections_count,std_msgs/msg/Int32,74
1774021925.5750003,/metrics/pcl/fused/points_in,std_msgs/msg/Int32,40188
1774021925.5750644,/metrics/pcl/fused/processing_ms,std_msgs/msg/Float32,128.41500854492188
1774021925.7022882,/metrics/pcl/fused/detections_count,std_msgs/msg/Int32,73
1774021925.702405,/metrics/pcl/fused/points_in,std_msgs/msg/Int32,40236
1774021925.7024727,/metrics/pcl/fused/processing_ms,std_msgs/msg/Float32,126.76695251464844
1774021926.2747757,/metrics/pcl/fused/detections_count,std_msgs/msg/Int32,72
1774021926.2748713,/metrics/pcl/fused/points_in,std_msgs/msg/Int32,40563
1774021926.2749255,/metrics/pcl/fused/processing_ms,std_msgs/msg/Float32,130.54464721679688
1774021926.4823008,/metrics/pcl/fused/detections_count,std_msgs/msg/Int32,75
1774021926.4825113,/metrics/pcl/fused/points_in,std_msgs/msg/Int32,40586
1774021926.4826322,/metrics/pcl/fused/processing_ms,std_msgs/msg/Float32,133.53231811523438
1774021926.6130514,/metrics/pcl/fused/detections_count,std_msgs/msg/Int32,71
1774021926.6131623,/metrics/pcl/fused/points_in,std_msgs/msg/Int32,40581
1774021926.6132512,/metrics/pcl/fused/processing_ms,std_msgs/msg/Float32,129.97451782226562
1774021926.8698552,/metrics/pcl/fused/detections_count,std_msgs/msg/Int32,74
1774021926.8699884,/metrics/pcl/fused/points_in,std_msgs/msg/Int32,40414
1774021926.870076,/metrics/pcl/fused/processing_ms,std_msgs/msg/Float32,129.5325164794922
1774021927.0832436,/metrics/pcl/fused/detections_count,std_msgs/msg/Int32,72
1774021927.0833704,/metrics/pcl/fused/points_in,std_msgs/msg/Int32,40794
1774021927.0834324,/metrics/pcl/fused/processing_ms,std_msgs/msg/Float32,135.2554473876953
1774021927.4802918,/metrics/pcl/fused/detections_count,std_msgs/msg/Int32,71
1774021927.4804366,/metrics/pcl/fused/points_in,std_msgs/msg/Int32,41220
1774021927.4805028,/metrics/pcl/fused/processing_ms,std_msgs/msg/Float32,133.89361572265625
1774021928.1048143,/metrics/pcl/fused/detections_count,std_msgs/msg/Int32,73
1774021928.1049862,/metrics/pcl/fused/points_in,std_msgs/msg/Int32,41461
1774021928.1050608,/metrics/pcl/fused/processing_ms,std_msgs/msg/Float32,155.3291473388672
1774021928.337734,/metrics/pcl/fused/detections_count,std_msgs/msg/Int32,74
1774021928.3378553,/metrics/pcl/fused/points_in,std_msgs/msg/Int32,41575
1774021928.3379266,/metrics/pcl/fused/processing_ms,std_msgs/msg/Float32,177.9368438720703
1774021928.5322196,/metrics/pcl/fused/detections_count,std_msgs/msg/Int32,72
1774021928.5324037,/metrics/pcl/fused/points_in,std_msgs/msg/Int32,41536
1774021928.5324883,/metrics/pcl/fused/processing_ms,std_msgs/msg/Float32,193.46116638183594
1774021928.7798097,/metrics/pcl/fused/detections_count,std_msgs/msg/Int32,75
1774021928.7799692,/metrics/pcl/fused/points_in,std_msgs/msg/Int32,41492
1774021928.7800689,/metrics/pcl/fused/processing_ms,std_msgs/msg/Float32,212.96224975585938
1774021929.357136,/metrics/pcl/fused/detections_count,std_msgs/msg/Int32,71
1774021929.3574066,/metrics/pcl/fused/points_in,std_msgs/msg/Int32,41618
1774021929.3575318,/metrics/pcl/fused/processing_ms,std_msgs/msg/Float32,275.47943115234375
1774021929.6358306,/metrics/pcl/fused/detections_count,std_msgs/msg/Int32,71
1774021929.6359956,/metrics/pcl/fused/points_in,std_msgs/msg/Int32,41430
1774021929.6360974,/metrics/pcl/fused/processing_ms,std_msgs/msg/Float32,277.34527587890625
1774021929.9091148,/metrics/pcl/fused/detections_count,std_msgs/msg/Int32,73
1774021929.909392,/metrics/pcl/fused/points_in,std_msgs/msg/Int32,41524
1774021929.9095428,/metrics/pcl/fused/processing_ms,std_msgs/msg/Float32,272.1120300292969
1774021930.1868129,/metrics/pcl/fused/detections_count,std_msgs/msg/Int32,70
1774021930.1870728,/metrics/pcl/fused/points_in,std_msgs/msg/Int32,41381
1774021930.187191,/metrics/pcl/fused/processing_ms,std_msgs/msg/Float32,276.54315185546875
1774021930.4661984,/metrics/pcl/fused/detections_count,std_msgs/msg/Int32,73
1774021930.4664137,/metrics/pcl/fused/points_in,std_msgs/msg/Int32,41328
1774021930.4665725,/metrics/pcl/fused/processing_ms,std_msgs/msg/Float32,277.888671875
1774021930.7359822,/metrics/pcl/fused/detections_count,std_msgs/msg/Int32,71
1774021930.736153,/metrics/pcl/fused/points_in,std_msgs/msg/Int32,41315
1774021930.7362578,/metrics/pcl/fused/processing_ms,std_msgs/msg/Float32,268.6427001953125
1774021930.989493,/metrics/pcl/fused/detections_count,std_msgs/msg/Int32,77
1774021930.989633,/metrics/pcl/fused/points_in,std_msgs/msg/Int32,41463
1774021930.989717,/metrics/pcl/fused/processing_ms,std_msgs/msg/Float32,252.39462280273438
1774021931.2122633,/metrics/pcl/fused/detections_count,std_msgs/msg/Int32,74
1774021931.2124405,/metrics/pcl/fused/points_in,std_msgs/msg/Int32,41433
1774021931.2125342,/metrics/pcl/fused/processing_ms,std_msgs/msg/Float32,221.77256774902344
1774021931.4093618,/metrics/pcl/fused/detections_count,std_msgs/msg/Int32,74
1774021931.4095027,/metrics/pcl/fused/points_in,std_msgs/msg/Int32,41425
1774021931.4096057,/metrics/pcl/fused/processing_ms,std_msgs/msg/Float32,196.2527313232422
1774021931.5913093,/metrics/pcl/fused/detections_count,std_msgs/msg/Int32,72
1774021931.5915587,/metrics/pcl/fused/points_in,std_msgs/msg/Int32,41437
1774021931.5916526,/metrics/pcl/fused/processing_ms,std_msgs/msg/Float32,180.85276794433594
1774021931.7611659,/metrics/pcl/fused/detections_count,std_msgs/msg/Int32,72
1774021931.7613113,/metrics/pcl/fused/points_in,std_msgs/msg/Int32,41334
1774021931.761385,/metrics/pcl/fused/processing_ms,std_msgs/msg/Float32,169.20333862304688
1774021931.9176495,/metrics/pcl/fused/detections_count,std_msgs/msg/Int32,75
1774021931.9177728,/metrics/pcl/fused/points_in,std_msgs/msg/Int32,41388
1774021931.917845,/metrics/pcl/fused/processing_ms,std_msgs/msg/Float32,155.75267028808594
1774021932.0634036,/metrics/pcl/fused/detections_count,std_msgs/msg/Int32,73
1774021932.0635505,/metrics/pcl/fused/points_in,std_msgs/msg/Int32,41282
1774021932.0636075,/metrics/pcl/fused/processing_ms,std_msgs/msg/Float32,145.135498046875
1774021932.204211,/metrics/pcl/fused/detections_count,std_msgs/msg/Int32,77
1774021932.2043395,/metrics/pcl/fused/points_in,std_msgs/msg/Int32,41413
1774021932.2044213,/metrics/pcl/fused/processing_ms,std_msgs/msg/Float32,140.19236755371094
1774021932.3418322,/metrics/pcl/fused/detections_count,std_msgs/msg/Int32,75
1774021932.3419912,/metrics/pcl/fused/points_in,std_msgs/msg/Int32,41466
1774021932.3420796,/metrics/pcl/fused/processing_ms,std_msgs/msg/Float32,136.86322021484375
1774021932.4769661,/metrics/pcl/fused/detections_count,std_msgs/msg/Int32,76
1774021932.4770758,/metrics/pcl/fused/points_in,std_msgs/msg/Int32,41369
1774021932.4771392,/metrics/pcl/fused/processing_ms,std_msgs/msg/Float32,134.51502990722656
1774021932.6186888,/metrics/pcl/fused/detections_count,std_msgs/msg/Int32,74
1774021932.618796,/metrics/pcl/fused/points_in,std_msgs/msg/Int32,41390
1774021932.6188695,/metrics/pcl/fused/processing_ms,std_msgs/msg/Float32,141.1553192138672
1774021932.7939942,/metrics/pcl/fused/detections_count,std_msgs/msg/Int32,79
1774021932.7941384,/metrics/pcl/fused/points_in,std_msgs/msg/Int32,41381
1774021932.7942197,/metrics/pcl/fused/processing_ms,std_msgs/msg/Float32,144.546875
1774021932.9419212,/metrics/pcl/fused/detections_count,std_msgs/msg/Int32,75
1774021932.942065,/metrics/pcl/fused/points_in,std_msgs/msg/Int32,41330
1774021932.9421415,/metrics/pcl/fused/processing_ms,std_msgs/msg/Float32,147.05557250976562
1774021933.4933991,/metrics/pcl/fused/detections_count,std_msgs/msg/Int32,71
1774021933.4935496,/metrics/pcl/fused/points_in,std_msgs/msg/Int32,41465
1774021933.4936242,/metrics/pcl/fused/processing_ms,std_msgs/msg/Float32,144.9999542236328
1774021933.641934,/metrics/pcl/fused/detections_count,std_msgs/msg/Int32,71
1774021933.6421013,/metrics/pcl/fused/points_in,std_msgs/msg/Int32,41394
1774021933.6422222,/metrics/pcl/fused/processing_ms,std_msgs/msg/Float32,147.9805908203125
1774021933.782895,/metrics/pcl/fused/detections_count,std_msgs/msg/Int32,74
1774021933.7830207,/metrics/pcl/fused/points_in,std_msgs/msg/Int32,41432
1774021933.7830856,/metrics/pcl/fused/processing_ms,std_msgs/msg/Float32,140.40579223632812
1774021934.5859582,/metrics/pcl/fused/detections_count,std_msgs/msg/Int32,73
1774021934.5861104,/metrics/pcl/fused/points_in,std_msgs/msg/Int32,40681
1774021934.5862157,/metrics/pcl/fused/processing_ms,std_msgs/msg/Float32,136.23582458496094
1774021934.7241144,/metrics/pcl/fused/detections_count,std_msgs/msg/Int32,71
1774021934.7242515,/metrics/pcl/fused/points_in,std_msgs/msg/Int32,40681
1774021934.72436,/metrics/pcl/fused/processing_ms,std_msgs/msg/Float32,137.5122833251953
1774021935.0103135,/metrics/pcl/fused/detections_count,std_msgs/msg/Int32,73
1774021935.010445,/metrics/pcl/fused/points_in,std_msgs/msg/Int32,40942
1774021935.0105166,/metrics/pcl/fused/processing_ms,std_msgs/msg/Float32,140.1540069580078
1774021935.3887048,/metrics/pcl/fused/detections_count,std_msgs/msg/Int32,74
1774021935.3888335,/metrics/pcl/fused/points_in,std_msgs/msg/Int32,41039
1774021935.3888972,/metrics/pcl/fused/processing_ms,std_msgs/msg/Float32,142.7164764404297
1774021936.1930764,/metrics/pcl/fused/detections_count,std_msgs/msg/Int32,71
1774021936.1931922,/metrics/pcl/fused/points_in,std_msgs/msg/Int32,41074
1774021936.1932542,/metrics/pcl/fused/processing_ms,std_msgs/msg/Float32,140.40853881835938
1774021936.34283,/metrics/pcl/fused/detections_count,std_msgs/msg/Int32,72
1774021936.3429663,/metrics/pcl/fused/points_in,std_msgs/msg/Int32,41064
1774021936.3430636,/metrics/pcl/fused/processing_ms,std_msgs/msg/Float32,149.15916442871094
1774021936.7019837,/metrics/pcl/fused/detections_count,std_msgs/msg/Int32,74
1774021936.7021093,/metrics/pcl/fused/points_in,std_msgs/msg/Int32,41119
1774021936.702172,/metrics/pcl/fused/processing_ms,std_msgs/msg/Float32,147.7189483642578
1774021936.9883347,/metrics/pcl/fused/detections_count,std_msgs/msg/Int32,73
1774021936.9885383,/metrics/pcl/fused/points_in,std_msgs/msg/Int32,41010
1774021936.988639,/metrics/pcl/fused/processing_ms,std_msgs/msg/Float32,138.58985900878906
1774021937.6255088,/metrics/pcl/fused/detections_count,std_msgs/msg/Int32,75
1774021937.6256256,/metrics/pcl/fused/points_in,std_msgs/msg/Int32,41133
1774021937.6256917,/metrics/pcl/fused/processing_ms,std_msgs/msg/Float32,158.59622192382812
1774021937.7610846,/metrics/pcl/fused/detections_count,std_msgs/msg/Int32,73
1774021937.7614243,/metrics/pcl/fused/points_in,std_msgs/msg/Int32,41111
1774021937.7616236,/metrics/pcl/fused/processing_ms,std_msgs/msg/Float32,134.84706115722656
1774021937.8973436,/metrics/pcl/fused/detections_count,std_msgs/msg/Int32,72
1774021937.8975086,/metrics/pcl/fused/points_in,std_msgs/msg/Int32,41046
1774021937.897614,/metrics/pcl/fused/processing_ms,std_msgs/msg/Float32,135.4641571044922
1774021938.601601,/metrics/pcl/fused/detections_count,std_msgs/msg/Int32,73
1774021938.6017172,/metrics/pcl/fused/points_in,std_msgs/msg/Int32,41010
1774021938.601785,/metrics/pcl/fused/processing_ms,std_msgs/msg/Float32,140.6265106201172
1774021939.193393,/metrics/pcl/fused/detections_count,std_msgs/msg/Int32,70
1774021939.1935441,/metrics/pcl/fused/points_in,std_msgs/msg/Int32,41144
1774021939.1936224,/metrics/pcl/fused/processing_ms,std_msgs/msg/Float32,139.6457061767578
1774021939.340685,/metrics/pcl/fused/detections_count,std_msgs/msg/Int32,72
1774021939.340839,/metrics/pcl/fused/points_in,std_msgs/msg/Int32,41154
1774021939.3409584,/metrics/pcl/fused/processing_ms,std_msgs/msg/Float32,146.5882110595703
1774021939.888624,/metrics/pcl/fused/detections_count,std_msgs/msg/Int32,72
1774021939.8887627,/metrics/pcl/fused/points_in,std_msgs/msg/Int32,41170
1774021939.8888364,/metrics/pcl/fused/processing_ms,std_msgs/msg/Float32,143.60110473632812
1774021940.1795952,/metrics/pcl/fused/detections_count,std_msgs/msg/Int32,76
1774021940.1797063,/metrics/pcl/fused/points_in,std_msgs/msg/Int32,41027
1774021940.1797721,/metrics/pcl/fused/processing_ms,std_msgs/msg/Float32,132.75428771972656
1774021940.4818263,/metrics/pcl/fused/detections_count,std_msgs/msg/Int32,78
1774021940.4819605,/metrics/pcl/fused/points_in,std_msgs/msg/Int32,41164
1774021940.4820495,/metrics/pcl/fused/processing_ms,std_msgs/msg/Float32,136.10165405273438
1774021941.1007485,/metrics/pcl/fused/detections_count,std_msgs/msg/Int32,73
1774021941.1008947,/metrics/pcl/fused/points_in,std_msgs/msg/Int32,41072
1774021941.1010191,/metrics/pcl/fused/processing_ms,std_msgs/msg/Float32,149.3208465576172
1774021941.2418494,/metrics/pcl/fused/detections_count,std_msgs/msg/Int32,75
1774021941.2419987,/metrics/pcl/fused/points_in,std_msgs/msg/Int32,41150
1774021941.2420902,/metrics/pcl/fused/processing_ms,std_msgs/msg/Float32,140.41004943847656
1774021941.7920382,/metrics/pcl/fused/detections_count,std_msgs/msg/Int32,73
1774021941.7921505,/metrics/pcl/fused/points_in,std_msgs/msg/Int32,41125
1774021941.7922163,/metrics/pcl/fused/processing_ms,std_msgs/msg/Float32,148.27182006835938
1774021941.9819243,/metrics/pcl/fused/detections_count,std_msgs/msg/Int32,75
1774021941.982055,/metrics/pcl/fused/points_in,std_msgs/msg/Int32,41181
1774021941.9821205,/metrics/pcl/fused/processing_ms,std_msgs/msg/Float32,136.1342010498047
1774021942.1829324,/metrics/pcl/fused/detections_count,std_msgs/msg/Int32,74
1774021942.1830654,/metrics/pcl/fused/points_in,std_msgs/msg/Int32,41107
1774021942.1831355,/metrics/pcl/fused/processing_ms,std_msgs/msg/Float32,134.90020751953125
1774021942.3822465,/metrics/pcl/fused/detections_count,std_msgs/msg/Int32,73
1774021942.3823688,/metrics/pcl/fused/points_in,std_msgs/msg/Int32,41205
1774021942.3824234,/metrics/pcl/fused/processing_ms,std_msgs/msg/Float32,135.38296508789062
1774021942.5187142,/metrics/pcl/fused/detections_count,std_msgs/msg/Int32,77
1774021942.5188553,/metrics/pcl/fused/points_in,std_msgs/msg/Int32,41144
1774021942.5189397,/metrics/pcl/fused/processing_ms,std_msgs/msg/Float32,135.86373901367188
1774021942.9774868,/metrics/pcl/fused/detections_count,std_msgs/msg/Int32,73
1774021942.977606,/metrics/pcl/fused/points_in,std_msgs/msg/Int32,41052
1774021942.9776607,/metrics/pcl/fused/processing_ms,std_msgs/msg/Float32,134.2353973388672
1774021943.5894005,/metrics/pcl/fused/detections_count,std_msgs/msg/Int32,77
1774021943.5895202,/metrics/pcl/fused/points_in,std_msgs/msg/Int32,41188
1774021943.5895896,/metrics/pcl/fused/processing_ms,std_msgs/msg/Float32,141.36326599121094
1774021943.9928606,/metrics/pcl/fused/detections_count,std_msgs/msg/Int32,77
1774021943.9929595,/metrics/pcl/fused/points_in,std_msgs/msg/Int32,41141
1774021943.9930246,/metrics/pcl/fused/processing_ms,std_msgs/msg/Float32,145.85418701171875
1774021944.1804094,/metrics/pcl/fused/detections_count,std_msgs/msg/Int32,75
1774021944.1805205,/metrics/pcl/fused/points_in,std_msgs/msg/Int32,41076
1774021944.180596,/metrics/pcl/fused/processing_ms,std_msgs/msg/Float32,135.10972595214844
1774021944.6802576,/metrics/pcl/fused/detections_count,std_msgs/msg/Int32,77
1774021944.6804478,/metrics/pcl/fused/points_in,std_msgs/msg/Int32,41194
1774021944.6805363,/metrics/pcl/fused/processing_ms,std_msgs/msg/Float32,133.4726104736328
1774021944.8128328,/metrics/pcl/fused/detections_count,std_msgs/msg/Int32,73
1774021944.8129294,/metrics/pcl/fused/points_in,std_msgs/msg/Int32,41099
1774021944.8129816,/metrics/pcl/fused/processing_ms,std_msgs/msg/Float32,132.51206970214844
1774021944.9821992,/metrics/pcl/fused/detections_count,std_msgs/msg/Int32,80
1774021944.9823415,/metrics/pcl/fused/points_in,std_msgs/msg/Int32,41052
1774021944.9824243,/metrics/pcl/fused/processing_ms,std_msgs/msg/Float32,136.8993682861328
1774021945.1814692,/metrics/pcl/fused/detections_count,std_msgs/msg/Int32,71
1774021945.181573,/metrics/pcl/fused/points_in,std_msgs/msg/Int32,41096
1774021945.1816356,/metrics/pcl/fused/processing_ms,std_msgs/msg/Float32,136.07456970214844
1774021945.3812332,/metrics/pcl/fused/detections_count,std_msgs/msg/Int32,74
1774021945.3813567,/metrics/pcl/fused/points_in,std_msgs/msg/Int32,41016
1774021945.3814251,/metrics/pcl/fused/processing_ms,std_msgs/msg/Float32,133.0772247314453
1774021945.5845218,/metrics/pcl/fused/detections_count,std_msgs/msg/Int32,72
1774021945.5846403,/metrics/pcl/fused/points_in,std_msgs/msg/Int32,41139
1774021945.5847073,/metrics/pcl/fused/processing_ms,std_msgs/msg/Float32,133.9053955078125
1774021946.0940263,/metrics/pcl/fused/detections_count,std_msgs/msg/Int32,76
1774021946.0941517,/metrics/pcl/fused/points_in,std_msgs/msg/Int32,41019
1774021946.094242,/metrics/pcl/fused/processing_ms,std_msgs/msg/Float32,146.5522003173828
1774021946.3915663,/metrics/pcl/fused/detections_count,std_msgs/msg/Int32,76
1774021946.3916938,/metrics/pcl/fused/points_in,std_msgs/msg/Int32,41174
1774021946.3917725,/metrics/pcl/fused/processing_ms,std_msgs/msg/Float32,143.4031982421875
1774021946.5974445,/metrics/pcl/fused/detections_count,std_msgs/msg/Int32,78
1774021946.597567,/metrics/pcl/fused/points_in,std_msgs/msg/Int32,41102
1774021946.5976417,/metrics/pcl/fused/processing_ms,std_msgs/msg/Float32,148.43284606933594
1774021946.765213,/metrics/pcl/fused/detections_count,std_msgs/msg/Int32,74
1774021946.7653778,/metrics/pcl/fused/points_in,std_msgs/msg/Int32,41233
1774021946.765461,/metrics/pcl/fused/processing_ms,std_msgs/msg/Float32,167.20120239257812
1774021946.9323967,/metrics/pcl/fused/detections_count,std_msgs/msg/Int32,77
1774021946.9325206,/metrics/pcl/fused/points_in,std_msgs/msg/Int32,41074
1774021946.9325871,/metrics/pcl/fused/processing_ms,std_msgs/msg/Float32,166.35777282714844
1774021947.1104643,/metrics/pcl/fused/detections_count,std_msgs/msg/Int32,72
1774021947.1105907,/metrics/pcl/fused/points_in,std_msgs/msg/Int32,41043
1774021947.1106634,/metrics/pcl/fused/processing_ms,std_msgs/msg/Float32,177.46510314941406
1774021947.2709835,/metrics/pcl/fused/detections_count,std_msgs/msg/Int32,75
1774021947.2710896,/metrics/pcl/fused/points_in,std_msgs/msg/Int32,41135
1774021947.2711613,/metrics/pcl/fused/processing_ms,std_msgs/msg/Float32,159.76344299316406
1774021947.4371912,/metrics/pcl/fused/detections_count,std_msgs/msg/Int32,76
1774021947.4373603,/metrics/pcl/fused/points_in,std_msgs/msg/Int32,41122
1774021947.437448,/metrics/pcl/fused/processing_ms,std_msgs/msg/Float32,165.0224609375
1774021947.5898788,/metrics/pcl/fused/detections_count,std_msgs/msg/Int32,69
1774021947.59,/metrics/pcl/fused/points_in,std_msgs/msg/Int32,41065
1774021947.5900695,/metrics/pcl/fused/processing_ms,std_msgs/msg/Float32,152.0983428955078
1774021947.742455,/metrics/pcl/fused/detections_count,std_msgs/msg/Int32,82
1774021947.7425892,/metrics/pcl/fused/points_in,std_msgs/msg/Int32,41135
1774021947.742663,/metrics/pcl/fused/processing_ms,std_msgs/msg/Float32,151.9619598388672
1774021947.8908408,/metrics/pcl/fused/detections_count,std_msgs/msg/Int32,73
1774021947.8909607,/metrics/pcl/fused/points_in,std_msgs/msg/Int32,41248
1774021947.8910272,/metrics/pcl/fused/processing_ms,std_msgs/msg/Float32,147.76654052734375
1774021948.0361505,/metrics/pcl/fused/detections_count,std_msgs/msg/Int32,70
1774021948.0363092,/metrics/pcl/fused/points_in,std_msgs/msg/Int32,41065
1774021948.0364087,/metrics/pcl/fused/processing_ms,std_msgs/msg/Float32,144.63150024414062
1774021948.1758366,/metrics/pcl/fused/detections_count,std_msgs/msg/Int32,72
1774021948.1759644,/metrics/pcl/fused/points_in,std_msgs/msg/Int32,41156
1774021948.17603,/metrics/pcl/fused/processing_ms,std_msgs/msg/Float32,139.07762145996094
1774021948.3111796,/metrics/pcl/fused/detections_count,std_msgs/msg/Int32,71
1774021948.3113542,/metrics/pcl/fused/points_in,std_msgs/msg/Int32,41102
1774021948.3114629,/metrics/pcl/fused/processing_ms,std_msgs/msg/Float32,134.49717712402344
1774021948.4526012,/metrics/pcl/fused/detections_count,std_msgs/msg/Int32,72
1774021948.452721,/metrics/pcl/fused/points_in,std_msgs/msg/Int32,41244
1774021948.452785,/metrics/pcl/fused/processing_ms,std_msgs/msg/Float32,140.70986938476562
1774021948.5889852,/metrics/pcl/fused/detections_count,std_msgs/msg/Int32,74
1774021948.5891285,/metrics/pcl/fused/points_in,std_msgs/msg/Int32,41200
1774021948.5892007,/metrics/pcl/fused/processing_ms,std_msgs/msg/Float32,135.73216247558594
1774021948.7238488,/metrics/pcl/fused/detections_count,std_msgs/msg/Int32,78
1774021948.7239568,/metrics/pcl/fused/points_in,std_msgs/msg/Int32,41231
1774021948.724019,/metrics/pcl/fused/processing_ms,std_msgs/msg/Float32,134.2900848388672
1774021948.8611326,/metrics/pcl/fused/detections_count,std_msgs/msg/Int32,75
1774021948.8612409,/metrics/pcl/fused/points_in,std_msgs/msg/Int32,41225
1774021948.8613327,/metrics/pcl/fused/processing_ms,std_msgs/msg/Float32,136.7341766357422
1774021948.9970376,/metrics/pcl/fused/detections_count,std_msgs/msg/Int32,76
1774021948.9971616,/metrics/pcl/fused/points_in,std_msgs/msg/Int32,41190
1774021948.9972456,/metrics/pcl/fused/processing_ms,std_msgs/msg/Float32,135.20997619628906
1774021949.1357355,/metrics/pcl/fused/detections_count,std_msgs/msg/Int32,66
1774021949.1359227,/metrics/pcl/fused/points_in,std_msgs/msg/Int32,41190
1774021949.136032,/metrics/pcl/fused/processing_ms,std_msgs/msg/Float32,137.98304748535156
1774021949.3865674,/metrics/pcl/fused/detections_count,std_msgs/msg/Int32,78
1774021949.386726,/metrics/pcl/fused/points_in,std_msgs/msg/Int32,41268
1774021949.386802,/metrics/pcl/fused/processing_ms,std_msgs/msg/Float32,136.45965576171875
1774021949.6871898,/metrics/pcl/fused/detections_count,std_msgs/msg/Int32,74
1774021949.6873467,/metrics/pcl/fused/points_in,std_msgs/msg/Int32,41260
1774021949.687437,/metrics/pcl/fused/processing_ms,std_msgs/msg/Float32,137.6748046875
1774021950.3840995,/metrics/pcl/fused/detections_count,std_msgs/msg/Int32,74
1774021950.3842487,/metrics/pcl/fused/points_in,std_msgs/msg/Int32,41232
1774021950.384368,/metrics/pcl/fused/processing_ms,std_msgs/msg/Float32,134.29905700683594
1774021950.5203419,/metrics/pcl/fused/detections_count,std_msgs/msg/Int32,75
1774021950.520481,/metrics/pcl/fused/points_in,std_msgs/msg/Int32,41092
1774021950.520555,/metrics/pcl/fused/processing_ms,std_msgs/msg/Float32,135.41273498535156
1774021950.7765017,/metrics/pcl/fused/detections_count,std_msgs/msg/Int32,74
1774021950.776614,/metrics/pcl/fused/points_in,std_msgs/msg/Int32,41072
1774021950.7766874,/metrics/pcl/fused/processing_ms,std_msgs/msg/Float32,134.4916229248047
1774021951.2038648,/metrics/pcl/fused/detections_count,std_msgs/msg/Int32,70
1774021951.2040389,/metrics/pcl/fused/points_in,std_msgs/msg/Int32,41134
1774021951.2041981,/metrics/pcl/fused/processing_ms,std_msgs/msg/Float32,150.15086364746094
1774021951.4074645,/metrics/pcl/fused/detections_count,std_msgs/msg/Int32,73
1774021951.4075963,/metrics/pcl/fused/points_in,std_msgs/msg/Int32,41091
1774021951.4076772,/metrics/pcl/fused/processing_ms,std_msgs/msg/Float32,156.4404754638672
1774021951.731456,/metrics/pcl/fused/detections_count,std_msgs/msg/Int32,78
1774021951.7315836,/metrics/pcl/fused/points_in,std_msgs/msg/Int32,41176
1774021951.7316606,/metrics/pcl/fused/processing_ms,std_msgs/msg/Float32,171.2729949951172
1774021951.9390552,/metrics/pcl/fused/detections_count,std_msgs/msg/Int32,74
1774021951.9392073,/metrics/pcl/fused/points_in,std_msgs/msg/Int32,41146
1774021951.939294,/metrics/pcl/fused/processing_ms,std_msgs/msg/Float32,178.69654846191406
1774021952.1474195,/metrics/pcl/fused/detections_count,std_msgs/msg/Int32,75
1774021952.1475682,/metrics/pcl/fused/points_in,std_msgs/msg/Int32,41250
1774021952.1476638,/metrics/pcl/fused/processing_ms,std_msgs/msg/Float32,185.75411987304688
1774021952.3313067,/metrics/pcl/fused/detections_count,std_msgs/msg/Int32,75
1774021952.3315363,/metrics/pcl/fused/points_in,std_msgs/msg/Int32,41242
1774021952.3316855,/metrics/pcl/fused/processing_ms,std_msgs/msg/Float32,182.93728637695312
1774021952.514514,/metrics/pcl/fused/detections_count,std_msgs/msg/Int32,71
1774021952.5147014,/metrics/pcl/fused/points_in,std_msgs/msg/Int32,41135
1774021952.5148015,/metrics/pcl/fused/processing_ms,std_msgs/msg/Float32,182.502685546875
1774021952.6929226,/metrics/pcl/fused/detections_count,std_msgs/msg/Int32,73
1774021952.693102,/metrics/pcl/fused/points_in,std_msgs/msg/Int32,41123
1774021952.6932318,/metrics/pcl/fused/processing_ms,std_msgs/msg/Float32,177.36907958984375
1774021952.8640738,/metrics/pcl/fused/detections_count,std_msgs/msg/Int32,77
1774021952.8642704,/metrics/pcl/fused/points_in,std_msgs/msg/Int32,41085
1774021952.8645058,/metrics/pcl/fused/processing_ms,std_msgs/msg/Float32,170.50936889648438
1774021953.3344247,/metrics/pcl/fused/detections_count,std_msgs/msg/Int32,71
1774021953.3345835,/metrics/pcl/fused/points_in,std_msgs/msg/Int32,41226
1774021953.3346872,/metrics/pcl/fused/processing_ms,std_msgs/msg/Float32,177.85867309570312
1774021953.5057697,/metrics/pcl/fused/detections_count,std_msgs/msg/Int32,79
1774021953.5059164,/metrics/pcl/fused/points_in,std_msgs/msg/Int32,41143
1774021953.506013,/metrics/pcl/fused/processing_ms,std_msgs/msg/Float32,170.67221069335938
1774021953.6716335,/metrics/pcl/fused/detections_count,std_msgs/msg/Int32,79
1774021953.6717553,/metrics/pcl/fused/points_in,std_msgs/msg/Int32,41346
1774021953.6718304,/metrics/pcl/fused/processing_ms,std_msgs/msg/Float32,165.10809326171875
1774021953.831979,/metrics/pcl/fused/detections_count,std_msgs/msg/Int32,73
1774021953.8321958,/metrics/pcl/fused/points_in,std_msgs/msg/Int32,41117
1774021953.8323143,/metrics/pcl/fused/processing_ms,std_msgs/msg/Float32,159.42953491210938
1774021954.1119194,/metrics/pcl/fused/detections_count,std_msgs/msg/Int32,75
1774021954.1120486,/metrics/pcl/fused/points_in,std_msgs/msg/Int32,41209
1774021954.1121304,/metrics/pcl/fused/processing_ms,std_msgs/msg/Float32,159.27635192871094
1774021954.269073,/metrics/pcl/fused/detections_count,std_msgs/msg/Int32,76
1774021954.269239,/metrics/pcl/fused/points_in,std_msgs/msg/Int32,41142
1774021954.2693822,/metrics/pcl/fused/processing_ms,std_msgs/msg/Float32,156.4427947998047
1774021954.4175966,/metrics/pcl/fused/detections_count,std_msgs/msg/Int32,74
1774021954.417736,/metrics/pcl/fused/points_in,std_msgs/msg/Int32,41275
1774021954.4178283,/metrics/pcl/fused/processing_ms,std_msgs/msg/Float32,147.77194213867188
1774021954.5637023,/metrics/pcl/fused/detections_count,std_msgs/msg/Int32,78
1774021954.5638525,/metrics/pcl/fused/points_in,std_msgs/msg/Int32,41210
1774021954.563944,/metrics/pcl/fused/processing_ms,std_msgs/msg/Float32,145.50070190429688
1774021955.0062242,/metrics/pcl/fused/detections_count,std_msgs/msg/Int32,75
1774021955.0063946,/metrics/pcl/fused/points_in,std_msgs/msg/Int32,41212
1774021955.0065055,/metrics/pcl/fused/processing_ms,std_msgs/msg/Float32,144.01736450195312
1774021955.5159967,/metrics/pcl/fused/detections_count,std_msgs/msg/Int32,74
1774021955.5161397,/metrics/pcl/fused/points_in,std_msgs/msg/Int32,41211
1774021955.5162401,/metrics/pcl/fused/processing_ms,std_msgs/msg/Float32,158.58990478515625
1774021955.6703722,/metrics/pcl/fused/detections_count,std_msgs/msg/Int32,72
1774021955.6705136,/metrics/pcl/fused/points_in,std_msgs/msg/Int32,41183
1774021955.6705918,/metrics/pcl/fused/processing_ms,std_msgs/msg/Float32,153.30197143554688
1774021956.021774,/metrics/pcl/fused/detections_count,std_msgs/msg/Int32,77
1774021956.02191,/metrics/pcl/fused/points_in,std_msgs/msg/Int32,41202
1774021956.021996,/metrics/pcl/fused/processing_ms,std_msgs/msg/Float32,166.95169067382812
1774021956.2256215,/metrics/pcl/fused/detections_count,std_msgs/msg/Int32,75
1774021956.225761,/metrics/pcl/fused/points_in,std_msgs/msg/Int32,41265
1774021956.2258809,/metrics/pcl/fused/processing_ms,std_msgs/msg/Float32,169.27755737304688
1774021956.6416113,/metrics/pcl/fused/detections_count,std_msgs/msg/Int32,77
1774021956.641769,/metrics/pcl/fused/points_in,std_msgs/msg/Int32,41338
1774021956.641879,/metrics/pcl/fused/processing_ms,std_msgs/msg/Float32,183.52967834472656
1774021957.2766016,/metrics/pcl/fused/detections_count,std_msgs/msg/Int32,76
1774021957.2767959,/metrics/pcl/fused/points_in,std_msgs/msg/Int32,41208
1774021957.276908,/metrics/pcl/fused/processing_ms,std_msgs/msg/Float32,211.18202209472656
1774021957.487131,/metrics/pcl/fused/detections_count,std_msgs/msg/Int32,68
1774021957.4873183,/metrics/pcl/fused/points_in,std_msgs/msg/Int32,41177
1774021957.4874358,/metrics/pcl/fused/processing_ms,std_msgs/msg/Float32,209.5309295654297
1774021957.7028916,/metrics/pcl/fused/detections_count,std_msgs/msg/Int32,72
1774021957.7030911,/metrics/pcl/fused/points_in,std_msgs/msg/Int32,41164
1774021957.7032278,/metrics/pcl/fused/processing_ms,std_msgs/msg/Float32,214.76983642578125
1774021957.9268725,/metrics/pcl/fused/detections_count,std_msgs/msg/Int32,75
1774021957.9270287,/metrics/pcl/fused/points_in,std_msgs/msg/Int32,41220
1774021957.9271238,/metrics/pcl/fused/processing_ms,std_msgs/msg/Float32,223.1340789794922
1774021958.1456487,/metrics/pcl/fused/detections_count,std_msgs/msg/Int32,76
1774021958.1458054,/metrics/pcl/fused/points_in,std_msgs/msg/Int32,41154
1774021958.1459022,/metrics/pcl/fused/processing_ms,std_msgs/msg/Float32,217.84962463378906
1774021958.3635619,/metrics/pcl/fused/detections_count,std_msgs/msg/Int32,77
1774021958.3637278,/metrics/pcl/fused/points_in,std_msgs/msg/Int32,41261
1774021958.3638256,/metrics/pcl/fused/processing_ms,std_msgs/msg/Float32,217.00987243652344
1774021958.5672228,/metrics/pcl/fused/detections_count,std_msgs/msg/Int32,76
1774021958.5675268,/metrics/pcl/fused/points_in,std_msgs/msg/Int32,41292
1774021958.5676284,/metrics/pcl/fused/processing_ms,std_msgs/msg/Float32,202.2899627685547
1774021958.7482212,/metrics/pcl/fused/detections_count,std_msgs/msg/Int32,76
1774021958.7484627,/metrics/pcl/fused/points_in,std_msgs/msg/Int32,41248
1774021958.7485526,/metrics/pcl/fused/processing_ms,std_msgs/msg/Float32,180.2632598876953
1774021958.9246814,/metrics/pcl/fused/detections_count,std_msgs/msg/Int32,79
1774021958.9248645,/metrics/pcl/fused/points_in,std_msgs/msg/Int32,41328
1774021958.9249763,/metrics/pcl/fused/processing_ms,std_msgs/msg/Float32,175.37644958496094
1774021959.0865035,/metrics/pcl/fused/detections_count,std_msgs/msg/Int32,76
1774021959.0866182,/metrics/pcl/fused/points_in,std_msgs/msg/Int32,41187
1774021959.0866776,/metrics/pcl/fused/processing_ms,std_msgs/msg/Float32,161.16014099121094
1774021959.2392633,/metrics/pcl/fused/detections_count,std_msgs/msg/Int32,75
1774021959.23939,/metrics/pcl/fused/points_in,std_msgs/msg/Int32,41373
1774021959.2394512,/metrics/pcl/fused/processing_ms,std_msgs/msg/Float32,151.88485717773438
1774021959.386469,/metrics/pcl/fused/detections_count,std_msgs/msg/Int32,79
1774021959.386585,/metrics/pcl/fused/points_in,std_msgs/msg/Int32,41191
1774021959.3866558,/metrics/pcl/fused/processing_ms,std_msgs/msg/Float32,146.510498046875
1774021959.5266936,/metrics/pcl/fused/detections_count,std_msgs/msg/Int32,74
1774021959.5268574,/metrics/pcl/fused/points_in,std_msgs/msg/Int32,41303
1774021959.5269153,/metrics/pcl/fused/processing_ms,std_msgs/msg/Float32,139.73179626464844
1774021959.6639106,/metrics/pcl/fused/detections_count,std_msgs/msg/Int32,75
1774021959.6640387,/metrics/pcl/fused/points_in,std_msgs/msg/Int32,41253
1774021959.6641357,/metrics/pcl/fused/processing_ms,std_msgs/msg/Float32,136.4844207763672
1774021959.7977784,/metrics/pcl/fused/detections_count,std_msgs/msg/Int32,77
1774021959.7979088,/metrics/pcl/fused/points_in,std_msgs/msg/Int32,41252
1774021959.7979722,/metrics/pcl/fused/processing_ms,std_msgs/msg/Float32,133.19284057617188
1774021959.9323568,/metrics/pcl/fused/detections_count,std_msgs/msg/Int32,79
1774021959.9324584,/metrics/pcl/fused/points_in,std_msgs/msg/Int32,41223
1774021959.932511,/metrics/pcl/fused/processing_ms,std_msgs/msg/Float32,133.973388671875
1774021960.0693703,/metrics/pcl/fused/detections_count,std_msgs/msg/Int32,72
1774021960.0694776,/metrics/pcl/fused/points_in,std_msgs/msg/Int32,41217
1774021960.0695555,/metrics/pcl/fused/processing_ms,std_msgs/msg/Float32,136.47222900390625
1774021960.204165,/metrics/pcl/fused/detections_count,std_msgs/msg/Int32,81
1774021960.2042916,/metrics/pcl/fused/points_in,std_msgs/msg/Int32,41190
1774021960.2043815,/metrics/pcl/fused/processing_ms,std_msgs/msg/Float32,134.23255920410156
1774021960.339764,/metrics/pcl/fused/detections_count,std_msgs/msg/Int32,78
1774021960.339929,/metrics/pcl/fused/points_in,std_msgs/msg/Int32,41172
1774021960.3399928,/metrics/pcl/fused/processing_ms,std_msgs/msg/Float32,134.9091339111328
1774021960.4764562,/metrics/pcl/fused/detections_count,std_msgs/msg/Int32,72
1774021960.4765658,/metrics/pcl/fused/points_in,std_msgs/msg/Int32,41222
1774021960.4766176,/metrics/pcl/fused/processing_ms,std_msgs/msg/Float32,136.03286743164062
1774021960.611388,/metrics/pcl/fused/detections_count,std_msgs/msg/Int32,74
1774021960.6115,/metrics/pcl/fused/points_in,std_msgs/msg/Int32,41078
1774021960.6115592,/metrics/pcl/fused/processing_ms,std_msgs/msg/Float32,134.37477111816406
1774021960.7493796,/metrics/pcl/fused/detections_count,std_msgs/msg/Int32,77
1774021960.7494822,/metrics/pcl/fused/points_in,std_msgs/msg/Int32,41215
1774021960.749537,/metrics/pcl/fused/processing_ms,std_msgs/msg/Float32,137.2726287841797
1774021960.8826098,/metrics/pcl/fused/detections_count,std_msgs/msg/Int32,72
1774021960.8827515,/metrics/pcl/fused/points_in,std_msgs/msg/Int32,41133
1774021960.882849,/metrics/pcl/fused/processing_ms,std_msgs/msg/Float32,132.49314880371094
1774021961.021562,/metrics/pcl/fused/detections_count,std_msgs/msg/Int32,77
1774021961.0216775,/metrics/pcl/fused/points_in,std_msgs/msg/Int32,41182
1774021961.021742,/metrics/pcl/fused/processing_ms,std_msgs/msg/Float32,138.4207000732422
1774021961.4920478,/metrics/pcl/fused/detections_count,std_msgs/msg/Int32,75
1774021961.492169,/metrics/pcl/fused/points_in,std_msgs/msg/Int32,41219
1774021961.4922328,/metrics/pcl/fused/processing_ms,std_msgs/msg/Float32,143.11314392089844
1774021961.6347172,/metrics/pcl/fused/detections_count,std_msgs/msg/Int32,75
1774021961.63485,/metrics/pcl/fused/points_in,std_msgs/msg/Int32,41210
1774021961.6349182,/metrics/pcl/fused/processing_ms,std_msgs/msg/Float32,142.0817108154297
1774021961.7841976,/metrics/pcl/fused/detections_count,std_msgs/msg/Int32,75
1774021961.7844338,/metrics/pcl/fused/points_in,std_msgs/msg/Int32,41168
1774021961.7845452,/metrics/pcl/fused/processing_ms,std_msgs/msg/Float32,134.7296905517578
1774021961.9355032,/metrics/pcl/fused/detections_count,std_msgs/msg/Int32,75
1774021961.935663,/metrics/pcl/fused/points_in,std_msgs/msg/Int32,41166
1774021961.9357378,/metrics/pcl/fused/processing_ms,std_msgs/msg/Float32,150.5192413330078
1774021962.0745318,/metrics/pcl/fused/detections_count,std_msgs/msg/Int32,74
1774021962.0746577,/metrics/pcl/fused/points_in,std_msgs/msg/Int32,41296
1774021962.0747313,/metrics/pcl/fused/processing_ms,std_msgs/msg/Float32,138.255859375
1774021962.3924747,/metrics/pcl/fused/detections_count,std_msgs/msg/Int32,69
1774021962.3925836,/metrics/pcl/fused/points_in,std_msgs/msg/Int32,41261
1774021962.392646,/metrics/pcl/fused/processing_ms,std_msgs/msg/Float32,146.5668487548828
1774021962.5406895,/metrics/pcl/fused/detections_count,std_msgs/msg/Int32,74
1774021962.5408225,/metrics/pcl/fused/points_in,std_msgs/msg/Int32,41231
1774021962.5408838,/metrics/pcl/fused/processing_ms,std_msgs/msg/Float32,147.6173553466797
1774021962.6859345,/metrics/pcl/fused/detections_count,std_msgs/msg/Int32,74
1774021962.6860416,/metrics/pcl/fused/points_in,std_msgs/msg/Int32,41169
1774021962.6861045,/metrics/pcl/fused/processing_ms,std_msgs/msg/Float32,144.60073852539062
1774021963.0026383,/metrics/pcl/fused/detections_count,std_msgs/msg/Int32,76
1774021963.002761,/metrics/pcl/fused/points_in,std_msgs/msg/Int32,41163
1774021963.0028305,/metrics/pcl/fused/processing_ms,std_msgs/msg/Float32,152.62371826171875
1774021963.2013779,/metrics/pcl/fused/detections_count,std_msgs/msg/Int32,72
1774021963.2014806,/metrics/pcl/fused/points_in,std_msgs/msg/Int32,41100
1774021963.2015455,/metrics/pcl/fused/processing_ms,std_msgs/msg/Float32,148.0337677001953
1774021963.411336,/metrics/pcl/fused/detections_count,std_msgs/msg/Int32,79
1774021963.411455,/metrics/pcl/fused/points_in,std_msgs/msg/Int32,41256
1774021963.4115205,/metrics/pcl/fused/processing_ms,std_msgs/msg/Float32,152.32591247558594
1774021963.9867327,/metrics/pcl/fused/detections_count,std_msgs/msg/Int32,75
1774021963.9868405,/metrics/pcl/fused/points_in,std_msgs/msg/Int32,41248
1774021963.986905,/metrics/pcl/fused/processing_ms,std_msgs/msg/Float32,139.51551818847656
1774021964.1855545,/metrics/pcl/fused/detections_count,std_msgs/msg/Int32,72
1774021964.1856885,/metrics/pcl/fused/points_in,std_msgs/msg/Int32,41258
1774021964.1857686,/metrics/pcl/fused/processing_ms,std_msgs/msg/Float32,139.20172119140625
1774021964.7810895,/metrics/pcl/fused/detections_count,std_msgs/msg/Int32,73
1774021964.7812133,/metrics/pcl/fused/points_in,std_msgs/msg/Int32,41135
1774021964.7812896,/metrics/pcl/fused/processing_ms,std_msgs/msg/Float32,134.85665893554688
1774021965.1116157,/metrics/pcl/fused/detections_count,std_msgs/msg/Int32,76
1774021965.1117396,/metrics/pcl/fused/points_in,std_msgs/msg/Int32,41233
1774021965.1118155,/metrics/pcl/fused/processing_ms,std_msgs/msg/Float32,157.31065368652344
1774021965.29661,/metrics/pcl/fused/detections_count,std_msgs/msg/Int32,74
1774021965.296742,/metrics/pcl/fused/points_in,std_msgs/msg/Int32,41314
1774021965.296829,/metrics/pcl/fused/processing_ms,std_msgs/msg/Float32,143.2159423828125
1774021965.4459903,/metrics/pcl/fused/detections_count,std_msgs/msg/Int32,75
1774021965.4461086,/metrics/pcl/fused/points_in,std_msgs/msg/Int32,41231
1774021965.4461677,/metrics/pcl/fused/processing_ms,std_msgs/msg/Float32,148.78103637695312
1774021965.58702,/metrics/pcl/fused/detections_count,std_msgs/msg/Int32,76
1774021965.5871325,/metrics/pcl/fused/points_in,std_msgs/msg/Int32,41221
1774021965.5871964,/metrics/pcl/fused/processing_ms,std_msgs/msg/Float32,140.0401611328125
1774021965.7232673,/metrics/pcl/fused/detections_count,std_msgs/msg/Int32,74
1774021965.7233949,/metrics/pcl/fused/points_in,std_msgs/msg/Int32,41202
1774021965.7234573,/metrics/pcl/fused/processing_ms,std_msgs/msg/Float32,135.58326721191406
1774021965.8579578,/metrics/pcl/fused/detections_count,std_msgs/msg/Int32,75
1774021965.8580673,/metrics/pcl/fused/points_in,std_msgs/msg/Int32,41243
1774021965.8581398,/metrics/pcl/fused/processing_ms,std_msgs/msg/Float32,134.12881469726562
1774021966.1808221,/metrics/pcl/fused/detections_count,std_msgs/msg/Int32,73
1774021966.1809397,/metrics/pcl/fused/points_in,std_msgs/msg/Int32,41269
1774021966.18102,/metrics/pcl/fused/processing_ms,std_msgs/msg/Float32,136.00355529785156
1774021966.3137941,/metrics/pcl/fused/detections_count,std_msgs/msg/Int32,71
1774021966.3139277,/metrics/pcl/fused/points_in,std_msgs/msg/Int32,41163
1774021966.3140194,/metrics/pcl/fused/processing_ms,std_msgs/msg/Float32,132.33126831054688
1774021966.5802271,/metrics/pcl/fused/detections_count,std_msgs/msg/Int32,79
1774021966.5803878,/metrics/pcl/fused/points_in,std_msgs/msg/Int32,41204
1774021966.580469,/metrics/pcl/fused/processing_ms,std_msgs/msg/Float32,134.828125
1774021966.8759503,/metrics/pcl/fused/detections_count,std_msgs/msg/Int32,70
1774021966.8760474,/metrics/pcl/fused/points_in,std_msgs/msg/Int32,41177
1774021966.8760998,/metrics/pcl/fused/processing_ms,std_msgs/msg/Float32,134.34600830078125
1774021967.009932,/metrics/pcl/fused/detections_count,std_msgs/msg/Int32,79
1774021967.0100465,/metrics/pcl/fused/points_in,std_msgs/msg/Int32,41065
1774021967.010112,/metrics/pcl/fused/processing_ms,std_msgs/msg/Float32,133.4176788330078
1774021967.1463854,/metrics/pcl/fused/detections_count,std_msgs/msg/Int32,72
1774021967.1465995,/metrics/pcl/fused/points_in,std_msgs/msg/Int32,41065
1774021967.1466787,/metrics/pcl/fused/processing_ms,std_msgs/msg/Float32,135.6695556640625
1774021967.6026998,/metrics/pcl/fused/detections_count,std_msgs/msg/Int32,73
1774021967.6028278,/metrics/pcl/fused/points_in,std_msgs/msg/Int32,41176
1774021967.602897,/metrics/pcl/fused/processing_ms,std_msgs/msg/Float32,144.31454467773438
1774021968.093713,/metrics/pcl/fused/detections_count,std_msgs/msg/Int32,79
1774021968.0938299,/metrics/pcl/fused/points_in,std_msgs/msg/Int32,41077
1774021968.0939116,/metrics/pcl/fused/processing_ms,std_msgs/msg/Float32,147.16616821289062
1774021968.2436824,/metrics/pcl/fused/detections_count,std_msgs/msg/Int32,74
1774021968.2437947,/metrics/pcl/fused/points_in,std_msgs/msg/Int32,41080
1774021968.2438688,/metrics/pcl/fused/processing_ms,std_msgs/msg/Float32,149.34661865234375
1774021968.6142874,/metrics/pcl/fused/detections_count,std_msgs/msg/Int32,79
1774021968.6144516,/metrics/pcl/fused/points_in,std_msgs/msg/Int32,41524
1774021968.6145592,/metrics/pcl/fused/processing_ms,std_msgs/msg/Float32,160.7281951904297
1774021968.8212683,/metrics/pcl/fused/detections_count,std_msgs/msg/Int32,77
1774021968.8214653,/metrics/pcl/fused/points_in,std_msgs/msg/Int32,41369
1774021968.8215523,/metrics/pcl/fused/processing_ms,std_msgs/msg/Float32,148.9601593017578
1774021968.9787147,/metrics/pcl/fused/detections_count,std_msgs/msg/Int32,78
1774021968.9789321,/metrics/pcl/fused/points_in,std_msgs/msg/Int32,41437
1774021968.979046,/metrics/pcl/fused/processing_ms,std_msgs/msg/Float32,156.54122924804688
1774021969.129012,/metrics/pcl/fused/detections_count,std_msgs/msg/Int32,77
1774021969.1291454,/metrics/pcl/fused/points_in,std_msgs/msg/Int32,41470
1774021969.1292326,/metrics/pcl/fused/processing_ms,std_msgs/msg/Float32,149.68959045410156
1774021969.2724094,/metrics/pcl/fused/detections_count,std_msgs/msg/Int32,74
1774021969.2725294,/metrics/pcl/fused/points_in,std_msgs/msg/Int32,41419
1774021969.2725947,/metrics/pcl/fused/processing_ms,std_msgs/msg/Float32,142.76438903808594
1774021969.5899394,/metrics/pcl/fused/detections_count,std_msgs/msg/Int32,74
1774021969.5901139,/metrics/pcl/fused/points_in,std_msgs/msg/Int32,41380
1774021969.590206,/metrics/pcl/fused/processing_ms,std_msgs/msg/Float32,144.79782104492188
1774021969.7955813,/metrics/pcl/fused/detections_count,std_msgs/msg/Int32,72
1774021969.7956932,/metrics/pcl/fused/processing_ms,std_msgs/msg/Float32,134.71302795410156
1774021969.7959232,/metrics/pcl/fused/points_in,std_msgs/msg/Int32,41307
1774021969.934959,/metrics/pcl/fused/detections_count,std_msgs/msg/Int32,75
1774021969.935083,/metrics/pcl/fused/points_in,std_msgs/msg/Int32,41223
1774021969.9351473,/metrics/pcl/fused/processing_ms,std_msgs/msg/Float32,138.8245391845703
1774021970.3797002,/metrics/pcl/fused/detections_count,std_msgs/msg/Int32,73
1774021970.3798652,/metrics/pcl/fused/points_in,std_msgs/msg/Int32,41182
1774021970.3799772,/metrics/pcl/fused/processing_ms,std_msgs/msg/Float32,134.6368408203125
1774021970.528838,/metrics/pcl/fused/detections_count,std_msgs/msg/Int32,78
1774021970.5290074,/metrics/pcl/fused/points_in,std_msgs/msg/Int32,41196
1774021970.5290987,/metrics/pcl/fused/processing_ms,std_msgs/msg/Float32,148.25108337402344
1774021970.6730382,/metrics/pcl/fused/detections_count,std_msgs/msg/Int32,76
1774021970.673214,/metrics/pcl/fused/points_in,std_msgs/msg/Int32,41185
1774021970.6733387,/metrics/pcl/fused/processing_ms,std_msgs/msg/Float32,143.0222625732422
1774021970.8172834,/metrics/pcl/fused/detections_count,std_msgs/msg/Int32,77
1774021970.8174024,/metrics/pcl/fused/points_in,std_msgs/msg/Int32,41211
1774021970.8174672,/metrics/pcl/fused/processing_ms,std_msgs/msg/Float32,143.55313110351562
1774021970.9881043,/metrics/pcl/fused/detections_count,std_msgs/msg/Int32,75
1774021970.9882884,/metrics/pcl/fused/points_in,std_msgs/msg/Int32,41214
1774021970.9884028,/metrics/pcl/fused/processing_ms,std_msgs/msg/Float32,141.35345458984375
1774021971.1378481,/metrics/pcl/fused/detections_count,std_msgs/msg/Int32,74
1774021971.1380124,/metrics/pcl/fused/points_in,std_msgs/msg/Int32,41138
1774021971.1380768,/metrics/pcl/fused/processing_ms,std_msgs/msg/Float32,148.95213317871094
1774021971.272236,/metrics/pcl/fused/detections_count,std_msgs/msg/Int32,76
1774021971.2724073,/metrics/pcl/fused/points_in,std_msgs/msg/Int32,41127
1774021971.272496,/metrics/pcl/fused/processing_ms,std_msgs/msg/Float32,133.56216430664062
1774021971.4061584,/metrics/pcl/fused/detections_count,std_msgs/msg/Int32,71
1774021971.4063172,/metrics/pcl/fused/points_in,std_msgs/msg/Int32,41226
1774021971.4064069,/metrics/pcl/fused/processing_ms,std_msgs/msg/Float32,133.30258178710938
1774021971.541134,/metrics/pcl/fused/detections_count,std_msgs/msg/Int32,75
1774021971.5413299,/metrics/pcl/fused/points_in,std_msgs/msg/Int32,41232
1774021971.541424,/metrics/pcl/fused/processing_ms,std_msgs/msg/Float32,134.01394653320312
1774021971.6749606,/metrics/pcl/fused/detections_count,std_msgs/msg/Int32,78
1774021971.675088,/metrics/pcl/fused/points_in,std_msgs/msg/Int32,41336
1774021971.6751733,/metrics/pcl/fused/processing_ms,std_msgs/msg/Float32,133.2959747314453
1774021971.8071547,/metrics/pcl/fused/detections_count,std_msgs/msg/Int32,71
1774021971.8072677,/metrics/pcl/fused/points_in,std_msgs/msg/Int32,41268
1774021971.807346,/metrics/pcl/fused/processing_ms,std_msgs/msg/Float32,131.670166015625
1774021971.9426813,/metrics/pcl/fused/detections_count,std_msgs/msg/Int32,73
1774021971.9428027,/metrics/pcl/fused/points_in,std_msgs/msg/Int32,41299
1774021971.9428864,/metrics/pcl/fused/processing_ms,std_msgs/msg/Float32,134.8567657470703
1774021972.0835285,/metrics/pcl/fused/detections_count,std_msgs/msg/Int32,70
1774021972.083764,/metrics/pcl/fused/points_in,std_msgs/msg/Int32,41435
1774021972.0839012,/metrics/pcl/fused/processing_ms,std_msgs/msg/Float32,139.90719604492188
1774021972.2341127,/metrics/pcl/fused/detections_count,std_msgs/msg/Int32,79
1774021972.2342658,/metrics/pcl/fused/points_in,std_msgs/msg/Int32,41313
1774021972.2343762,/metrics/pcl/fused/processing_ms,std_msgs/msg/Float32,149.9013214111328
1774021972.4088213,/metrics/pcl/fused/detections_count,std_msgs/msg/Int32,73
1774021972.4089692,/metrics/pcl/fused/points_in,std_msgs/msg/Int32,41167
1774021972.4090447,/metrics/pcl/fused/processing_ms,std_msgs/msg/Float32,173.66943359375
1774021972.5491583,/metrics/pcl/fused/detections_count,std_msgs/msg/Int32,79
1774021972.5493999,/metrics/pcl/fused/points_in,std_msgs/msg/Int32,41226
1774021972.5495057,/metrics/pcl/fused/processing_ms,std_msgs/msg/Float32,139.5339813232422
1774021972.691335,/metrics/pcl/fused/detections_count,std_msgs/msg/Int32,74
1774021972.6914937,/metrics/pcl/fused/points_in,std_msgs/msg/Int32,41279
1774021972.6916163,/metrics/pcl/fused/processing_ms,std_msgs/msg/Float32,141.47166442871094
1774021972.8249958,/metrics/pcl/fused/detections_count,std_msgs/msg/Int32,76
1774021972.8251288,/metrics/pcl/fused/points_in,std_msgs/msg/Int32,41322
1774021972.8252168,/metrics/pcl/fused/processing_ms,std_msgs/msg/Float32,133.04920959472656
1774021972.9899476,/metrics/pcl/fused/detections_count,std_msgs/msg/Int32,73
1774021972.9900615,/metrics/pcl/fused/points_in,std_msgs/msg/Int32,41180
1774021972.990125,/metrics/pcl/fused/processing_ms,std_msgs/msg/Float32,164.35850524902344
1774021973.1309657,/metrics/pcl/fused/detections_count,std_msgs/msg/Int32,68
1774021973.1310966,/metrics/pcl/fused/points_in,std_msgs/msg/Int32,41202
1774021973.1311738,/metrics/pcl/fused/processing_ms,std_msgs/msg/Float32,140.38555908203125
1774021973.2708304,/metrics/pcl/fused/detections_count,std_msgs/msg/Int32,77
1774021973.2709467,/metrics/pcl/fused/points_in,std_msgs/msg/Int32,41297
1774021973.271022,/metrics/pcl/fused/processing_ms,std_msgs/msg/Float32,139.28140258789062
1774021973.4073164,/metrics/pcl/fused/detections_count,std_msgs/msg/Int32,75
1774021973.40742,/metrics/pcl/fused/points_in,std_msgs/msg/Int32,41219
1774021973.4074726,/metrics/pcl/fused/processing_ms,std_msgs/msg/Float32,135.84066772460938
1774021973.546386,/metrics/pcl/fused/detections_count,std_msgs/msg/Int32,73
1774021973.5465095,/metrics/pcl/fused/points_in,std_msgs/msg/Int32,41273
1774021973.546576,/metrics/pcl/fused/processing_ms,std_msgs/msg/Float32,138.09628295898438
1774021973.681768,/metrics/pcl/fused/detections_count,std_msgs/msg/Int32,75
1774021973.6818748,/metrics/pcl/fused/points_in,std_msgs/msg/Int32,41212
1774021973.6819355,/metrics/pcl/fused/processing_ms,std_msgs/msg/Float32,134.75379943847656
1774021973.8134675,/metrics/pcl/fused/detections_count,std_msgs/msg/Int32,78
1774021973.8136349,/metrics/pcl/fused/points_in,std_msgs/msg/Int32,41274
1774021973.813701,/metrics/pcl/fused/processing_ms,std_msgs/msg/Float32,131.06182861328125
1774021973.9483612,/metrics/pcl/fused/detections_count,std_msgs/msg/Int32,78
1774021973.9485533,/metrics/pcl/fused/points_in,std_msgs/msg/Int32,41273
1774021973.9486568,/metrics/pcl/fused/processing_ms,std_msgs/msg/Float32,134.11476135253906
1774021974.08078,/metrics/pcl/fused/detections_count,std_msgs/msg/Int32,73
1774021974.080888,/metrics/pcl/fused/points_in,std_msgs/msg/Int32,41199
1774021974.0809495,/metrics/pcl/fused/processing_ms,std_msgs/msg/Float32,131.9427947998047
1774021974.215918,/metrics/pcl/fused/detections_count,std_msgs/msg/Int32,76
1774021974.2160392,/metrics/pcl/fused/points_in,std_msgs/msg/Int32,41118
1774021974.2161038,/metrics/pcl/fused/processing_ms,std_msgs/msg/Float32,134.50762939453125
1774021974.3548605,/metrics/pcl/fused/detections_count,std_msgs/msg/Int32,79
1774021974.3550117,/metrics/pcl/fused/points_in,std_msgs/msg/Int32,41230
1774021974.3550801,/metrics/pcl/fused/processing_ms,std_msgs/msg/Float32,138.21742248535156
1774021974.5016258,/metrics/pcl/fused/detections_count,std_msgs/msg/Int32,75
1774021974.5017424,/metrics/pcl/fused/points_in,std_msgs/msg/Int32,41153
1774021974.501796,/metrics/pcl/fused/processing_ms,std_msgs/msg/Float32,146.18435668945312
1774021974.6412678,/metrics/pcl/fused/detections_count,std_msgs/msg/Int32,76
1774021974.6413999,/metrics/pcl/fused/points_in,std_msgs/msg/Int32,41284
1774021974.6414542,/metrics/pcl/fused/processing_ms,std_msgs/msg/Float32,139.00790405273438
1774021974.7750144,/metrics/pcl/fused/detections_count,std_msgs/msg/Int32,70
1774021974.775124,/metrics/pcl/fused/points_in,std_msgs/msg/Int32,41242
1774021974.7751868,/metrics/pcl/fused/processing_ms,std_msgs/msg/Float32,133.01219177246094
1774021974.907566,/metrics/pcl/fused/detections_count,std_msgs/msg/Int32,77
1774021974.9076724,/metrics/pcl/fused/points_in,std_msgs/msg/Int32,41263
1774021974.9077342,/metrics/pcl/fused/processing_ms,std_msgs/msg/Float32,131.9493865966797
1774021975.0416875,/metrics/pcl/fused/detections_count,std_msgs/msg/Int32,74
1774021975.0417967,/metrics/pcl/fused/points_in,std_msgs/msg/Int32,41252
1774021975.0418706,/metrics/pcl/fused/processing_ms,std_msgs/msg/Float32,133.5059814453125
1774021975.1825278,/metrics/pcl/fused/detections_count,std_msgs/msg/Int32,74
1774021975.1826572,/metrics/pcl/fused/points_in,std_msgs/msg/Int32,41238
1774021975.1827242,/metrics/pcl/fused/processing_ms,std_msgs/msg/Float32,140.20733642578125
1774021975.3186255,/metrics/pcl/fused/detections_count,std_msgs/msg/Int32,78
1774021975.3187597,/metrics/pcl/fused/points_in,std_msgs/msg/Int32,41213
1774021975.3188417,/metrics/pcl/fused/processing_ms,std_msgs/msg/Float32,135.41693115234375
1774021975.4567559,/metrics/pcl/fused/detections_count,std_msgs/msg/Int32,79
1774021975.4568698,/metrics/pcl/fused/points_in,std_msgs/msg/Int32,41247
1774021975.456941,/metrics/pcl/fused/processing_ms,std_msgs/msg/Float32,137.62158203125
1774021975.5934224,/metrics/pcl/fused/detections_count,std_msgs/msg/Int32,70
1774021975.5935245,/metrics/pcl/fused/points_in,std_msgs/msg/Int32,41209
1774021975.5935833,/metrics/pcl/fused/processing_ms,std_msgs/msg/Float32,135.9479522705078
1774021975.7341805,/metrics/pcl/fused/detections_count,std_msgs/msg/Int32,76
1774021975.7342937,/metrics/pcl/fused/points_in,std_msgs/msg/Int32,41162
1774021975.7343588,/metrics/pcl/fused/processing_ms,std_msgs/msg/Float32,140.2051239013672
1774021975.8674626,/metrics/pcl/fused/detections_count,std_msgs/msg/Int32,76
1774021975.8676124,/metrics/pcl/fused/points_in,std_msgs/msg/Int32,41173
1774021975.8676906,/metrics/pcl/fused/processing_ms,std_msgs/msg/Float32,132.62579345703125
1774021976.0019326,/metrics/pcl/fused/detections_count,std_msgs/msg/Int32,69
1774021976.0020368,/metrics/pcl/fused/points_in,std_msgs/msg/Int32,41227
1774021976.00209,/metrics/pcl/fused/processing_ms,std_msgs/msg/Float32,133.93603515625
1774021976.1429684,/metrics/pcl/fused/detections_count,std_msgs/msg/Int32,77
1774021976.143093,/metrics/pcl/fused/points_in,std_msgs/msg/Int32,41199
1774021976.143162,/metrics/pcl/fused/processing_ms,std_msgs/msg/Float32,140.37828063964844
1774021976.2808049,/metrics/pcl/fused/detections_count,std_msgs/msg/Int32,74
1774021976.28093,/metrics/pcl/fused/points_in,std_msgs/msg/Int32,41300
1774021976.2810225,/metrics/pcl/fused/processing_ms,std_msgs/msg/Float32,137.23915100097656
1774021976.4412239,/metrics/pcl/fused/detections_count,std_msgs/msg/Int32,74
1774021976.4414074,/metrics/pcl/fused/points_in,std_msgs/msg/Int32,41166
1774021976.441505,/metrics/pcl/fused/processing_ms,std_msgs/msg/Float32,159.73724365234375
1774021976.8831494,/metrics/pcl/fused/detections_count,std_msgs/msg/Int32,78
1774021976.8833265,/metrics/pcl/fused/points_in,std_msgs/msg/Int32,41158
1774021976.88343,/metrics/pcl/fused/processing_ms,std_msgs/msg/Float32,140.20791625976562
1774021977.0224295,/metrics/pcl/fused/detections_count,std_msgs/msg/Int32,73
1774021977.0225632,/metrics/pcl/fused/points_in,std_msgs/msg/Int32,41202
1774021977.0226371,/metrics/pcl/fused/processing_ms,std_msgs/msg/Float32,138.6829833984375
1774021977.1879847,/metrics/pcl/fused/detections_count,std_msgs/msg/Int32,77
1774021977.188102,/metrics/pcl/fused/points_in,std_msgs/msg/Int32,41146
1774021977.188155,/metrics/pcl/fused/processing_ms,std_msgs/msg/Float32,137.56370544433594
1774021977.3273232,/metrics/pcl/fused/detections_count,std_msgs/msg/Int32,73
1774021977.3274713,/metrics/pcl/fused/points_in,std_msgs/msg/Int32,41130
1774021977.3275473,/metrics/pcl/fused/processing_ms,std_msgs/msg/Float32,138.550537109375
1774021977.4619968,/metrics/pcl/fused/detections_count,std_msgs/msg/Int32,72
1774021977.4621158,/metrics/pcl/fused/points_in,std_msgs/msg/Int32,41191
1774021977.4621897,/metrics/pcl/fused/processing_ms,std_msgs/msg/Float32,134.11410522460938
1774021977.59427,/metrics/pcl/fused/detections_count,std_msgs/msg/Int32,72
1774021977.5944037,/metrics/pcl/fused/points_in,std_msgs/msg/Int32,41161
1774021977.5944676,/metrics/pcl/fused/processing_ms,std_msgs/msg/Float32,131.6254425048828
1774021977.7249513,/metrics/pcl/fused/detections_count,std_msgs/msg/Int32,78
1774021977.7250695,/metrics/pcl/fused/points_in,std_msgs/msg/Int32,41150
1774021977.7251272,/metrics/pcl/fused/processing_ms,std_msgs/msg/Float32,130.082763671875
1774021977.8648343,/metrics/pcl/fused/detections_count,std_msgs/msg/Int32,76
1774021977.8649347,/metrics/pcl/fused/points_in,std_msgs/msg/Int32,41157
1774021977.8649874,/metrics/pcl/fused/processing_ms,std_msgs/msg/Float32,139.3463592529297
1774021977.998028,/metrics/pcl/fused/detections_count,std_msgs/msg/Int32,78
1774021977.998131,/metrics/pcl/fused/points_in,std_msgs/msg/Int32,41143
1774021977.9981906,/metrics/pcl/fused/processing_ms,std_msgs/msg/Float32,132.60531616210938
1774021978.131416,/metrics/pcl/fused/detections_count,std_msgs/msg/Int32,73
1774021978.1315563,/metrics/pcl/fused/points_in,std_msgs/msg/Int32,41181
1774021978.1316233,/metrics/pcl/fused/processing_ms,std_msgs/msg/Float32,132.69432067871094
1774021978.38764,/metrics/pcl/fused/detections_count,std_msgs/msg/Int32,70
1774021978.3877637,/metrics/pcl/fused/points_in,std_msgs/msg/Int32,41366
1774021978.387839,/metrics/pcl/fused/processing_ms,std_msgs/msg/Float32,139.44235229492188
1774021978.5212388,/metrics/pcl/fused/detections_count,std_msgs/msg/Int32,78
1774021978.5213785,/metrics/pcl/fused/points_in,std_msgs/msg/Int32,41260
1774021978.521437,/metrics/pcl/fused/processing_ms,std_msgs/msg/Float32,132.98304748535156
1774021978.6516159,/metrics/pcl/fused/detections_count,std_msgs/msg/Int32,74
1774021978.65172,/metrics/pcl/fused/points_in,std_msgs/msg/Int32,41181
1774021978.6517816,/metrics/pcl/fused/processing_ms,std_msgs/msg/Float32,129.7727508544922
1774021978.983697,/metrics/pcl/fused/detections_count,std_msgs/msg/Int32,74
1774021978.9838052,/metrics/pcl/fused/points_in,std_msgs/msg/Int32,41316
1774021978.9838674,/metrics/pcl/fused/processing_ms,std_msgs/msg/Float32,136.78851318359375
1774021979.1192951,/metrics/pcl/fused/detections_count,std_msgs/msg/Int32,75
1774021979.1195385,/metrics/pcl/fused/points_in,std_msgs/msg/Int32,41148
1774021979.1196733,/metrics/pcl/fused/processing_ms,std_msgs/msg/Float32,134.72938537597656
1774021979.5902393,/metrics/pcl/fused/detections_count,std_msgs/msg/Int32,75
1774021979.590376,/metrics/pcl/fused/points_in,std_msgs/msg/Int32,41225
1774021979.590471,/metrics/pcl/fused/processing_ms,std_msgs/msg/Float32,144.20448303222656
1774021979.7335434,/metrics/pcl/fused/detections_count,std_msgs/msg/Int32,78
1774021979.733669,/metrics/pcl/fused/points_in,std_msgs/msg/Int32,41261
1774021979.7337475,/metrics/pcl/fused/processing_ms,std_msgs/msg/Float32,142.64414978027344
1774021979.977132,/metrics/pcl/fused/detections_count,std_msgs/msg/Int32,77
1774021979.9772384,/metrics/pcl/fused/points_in,std_msgs/msg/Int32,41248
1774021979.9773104,/metrics/pcl/fused/processing_ms,std_msgs/msg/Float32,136.1063995361328
1774021980.1305974,/metrics/pcl/fused/detections_count,std_msgs/msg/Int32,75
1774021980.1307485,/metrics/pcl/fused/points_in,std_msgs/msg/Int32,41267
1774021980.1308098,/metrics/pcl/fused/processing_ms,std_msgs/msg/Float32,152.72537231445312
1774021980.3394663,/metrics/pcl/fused/detections_count,std_msgs/msg/Int32,72
1774021980.339592,/metrics/pcl/fused/points_in,std_msgs/msg/Int32,41142
1774021980.3396552,/metrics/pcl/fused/processing_ms,std_msgs/msg/Float32,154.9329376220703
1774021980.5045438,/metrics/pcl/fused/detections_count,std_msgs/msg/Int32,77
1774021980.5046496,/metrics/pcl/fused/points_in,std_msgs/msg/Int32,41140
1774021980.5047138,/metrics/pcl/fused/processing_ms,std_msgs/msg/Float32,164.38929748535156
1774021980.6421902,/metrics/pcl/fused/detections_count,std_msgs/msg/Int32,85
1774021980.6423368,/metrics/pcl/fused/points_in,std_msgs/msg/Int32,41153
1774021980.642406,/metrics/pcl/fused/processing_ms,std_msgs/msg/Float32,137.02786254882812
1774021980.7744484,/metrics/pcl/fused/detections_count,std_msgs/msg/Int32,74
1774021980.7745502,/metrics/pcl/fused/points_in,std_msgs/msg/Int32,41175
1774021980.7746127,/metrics/pcl/fused/processing_ms,std_msgs/msg/Float32,131.61892700195312
1774021980.912787,/metrics/pcl/fused/detections_count,std_msgs/msg/Int32,76
1774021980.91292,/metrics/pcl/fused/points_in,std_msgs/msg/Int32,41178
1774021980.9129837,/metrics/pcl/fused/processing_ms,std_msgs/msg/Float32,137.55125427246094
1774021981.0498633,/metrics/pcl/fused/detections_count,std_msgs/msg/Int32,74
1774021981.0499969,/metrics/pcl/fused/points_in,std_msgs/msg/Int32,41285
1774021981.0500674,/metrics/pcl/fused/processing_ms,std_msgs/msg/Float32,136.5027618408203
1774021981.1834514,/metrics/pcl/fused/detections_count,std_msgs/msg/Int32,78
1774021981.1835632,/metrics/pcl/fused/points_in,std_msgs/msg/Int32,41181
1774021981.1836302,/metrics/pcl/fused/processing_ms,std_msgs/msg/Float32,132.95216369628906
1774021981.3183813,/metrics/pcl/fused/detections_count,std_msgs/msg/Int32,73
1774021981.3184953,/metrics/pcl/fused/points_in,std_msgs/msg/Int32,41205
1774021981.3185592,/metrics/pcl/fused/processing_ms,std_msgs/msg/Float32,134.32876586914062
1774021981.4550784,/metrics/pcl/fused/detections_count,std_msgs/msg/Int32,74
1774021981.455204,/metrics/pcl/fused/points_in,std_msgs/msg/Int32,41237
1774021981.455266,/metrics/pcl/fused/processing_ms,std_msgs/msg/Float32,136.0301055908203
1774021981.5924575,/metrics/pcl/fused/detections_count,std_msgs/msg/Int32,74
1774021981.59258,/metrics/pcl/fused/points_in,std_msgs/msg/Int32,41237
1774021981.5926435,/metrics/pcl/fused/processing_ms,std_msgs/msg/Float32,136.75497436523438
1774021981.7817392,/metrics/pcl/fused/detections_count,std_msgs/msg/Int32,72
1774021981.7818527,/metrics/pcl/fused/points_in,std_msgs/msg/Int32,41251
1774021981.7819157,/metrics/pcl/fused/processing_ms,std_msgs/msg/Float32,136.87403869628906
1774021981.9761896,/metrics/pcl/fused/detections_count,std_msgs/msg/Int32,70
1774021981.9763372,/metrics/pcl/fused/points_in,std_msgs/msg/Int32,41212
1774021981.9764075,/metrics/pcl/fused/processing_ms,std_msgs/msg/Float32,133.10069274902344
1774021982.5782568,/metrics/pcl/fused/detections_count,std_msgs/msg/Int32,73
1774021982.5784209,/metrics/pcl/fused/points_in,std_msgs/msg/Int32,41160
1774021982.5784843,/metrics/pcl/fused/processing_ms,std_msgs/msg/Float32,132.31253051757812
1774021982.9877834,/metrics/pcl/fused/detections_count,std_msgs/msg/Int32,75
1774021982.9880228,/metrics/pcl/fused/points_in,std_msgs/msg/Int32,41247
1774021982.988176,/metrics/pcl/fused/processing_ms,std_msgs/msg/Float32,143.4969482421875
1774021983.2051668,/metrics/pcl/fused/detections_count,std_msgs/msg/Int32,77
1774021983.2052927,/metrics/pcl/fused/points_in,std_msgs/msg/Int32,41289
1774021983.2053816,/metrics/pcl/fused/processing_ms,std_msgs/msg/Float32,147.63198852539062
1774021983.3550756,/metrics/pcl/fused/detections_count,std_msgs/msg/Int32,76
1774021983.3552527,/metrics/pcl/fused/points_in,std_msgs/msg/Int32,41214
1774021983.35536,/metrics/pcl/fused/processing_ms,std_msgs/msg/Float32,148.99639892578125
1774021983.506791,/metrics/pcl/fused/detections_count,std_msgs/msg/Int32,73
1774021983.5068934,/metrics/pcl/fused/points_in,std_msgs/msg/Int32,41150
1774021983.5069716,/metrics/pcl/fused/processing_ms,std_msgs/msg/Float32,151.14059448242188
1774021983.7082403,/metrics/pcl/fused/detections_count,std_msgs/msg/Int32,79
1774021983.7084029,/metrics/pcl/fused/points_in,std_msgs/msg/Int32,41240
1774021983.7085166,/metrics/pcl/fused/processing_ms,std_msgs/msg/Float32,156.96697998046875
1774021983.8671186,/metrics/pcl/fused/detections_count,std_msgs/msg/Int32,76
1774021983.867222,/metrics/pcl/fused/points_in,std_msgs/msg/Int32,41194
1774021983.867295,/metrics/pcl/fused/processing_ms,std_msgs/msg/Float32,158.12893676757812
1774021984.4293773,/metrics/pcl/fused/detections_count,std_msgs/msg/Int32,77
1774021984.4295125,/metrics/pcl/fused/points_in,std_msgs/msg/Int32,41191
1774021984.4295907,/metrics/pcl/fused/processing_ms,std_msgs/msg/Float32,170.41542053222656
1774021984.741023,/metrics/pcl/fused/detections_count,std_msgs/msg/Int32,79
1774021984.741172,/metrics/pcl/fused/points_in,std_msgs/msg/Int32,41263
1774021984.741266,/metrics/pcl/fused/processing_ms,std_msgs/msg/Float32,183.06103515625
1774021984.9288976,/metrics/pcl/fused/detections_count,std_msgs/msg/Int32,76
1774021984.929035,/metrics/pcl/fused/points_in,std_msgs/msg/Int32,41177
1774021984.92912,/metrics/pcl/fused/processing_ms,std_msgs/msg/Float32,187.0862274169922
1774021985.1251543,/metrics/pcl/fused/detections_count,std_msgs/msg/Int32,79
1774021985.1253743,/metrics/pcl/fused/points_in,std_msgs/msg/Int32,41262
1774021985.1254673,/metrics/pcl/fused/processing_ms,std_msgs/msg/Float32,195.5409698486328
1774021985.5525515,/metrics/pcl/fused/detections_count,std_msgs/msg/Int32,75
1774021985.5527048,/metrics/pcl/fused/points_in,std_msgs/msg/Int32,41286
1774021985.5528398,/metrics/pcl/fused/processing_ms,std_msgs/msg/Float32,191.49501037597656
1774021985.962176,/metrics/pcl/fused/detections_count,std_msgs/msg/Int32,76
1774021985.9624903,/metrics/pcl/fused/points_in,std_msgs/msg/Int32,41183
1774021985.9626348,/metrics/pcl/fused/processing_ms,std_msgs/msg/Float32,201.40919494628906
1774021986.184973,/metrics/pcl/fused/detections_count,std_msgs/msg/Int32,73
1774021986.1851687,/metrics/pcl/fused/points_in,std_msgs/msg/Int32,41217
1774021986.1853085,/metrics/pcl/fused/processing_ms,std_msgs/msg/Float32,219.3207244873047
1774021986.4020638,/metrics/pcl/fused/detections_count,std_msgs/msg/Int32,69
1774021986.4022622,/metrics/pcl/fused/points_in,std_msgs/msg/Int32,41233
1774021986.4024503,/metrics/pcl/fused/processing_ms,std_msgs/msg/Float32,216.05636596679688
1774021986.6158912,/metrics/pcl/fused/detections_count,std_msgs/msg/Int32,77
1774021986.6160471,/metrics/pcl/fused/points_in,std_msgs/msg/Int32,41280
1774021986.6161435,/metrics/pcl/fused/processing_ms,std_msgs/msg/Float32,213.0287322998047
1774021986.8253767,/metrics/pcl/fused/detections_count,std_msgs/msg/Int32,71
1774021986.8255115,/metrics/pcl/fused/points_in,std_msgs/msg/Int32,41366
1774021986.8256068,/metrics/pcl/fused/processing_ms,std_msgs/msg/Float32,208.6013641357422
1774021987.0359106,/metrics/pcl/fused/detections_count,std_msgs/msg/Int32,72
1774021987.0360787,/metrics/pcl/fused/points_in,std_msgs/msg/Int32,41140
1774021987.0361903,/metrics/pcl/fused/processing_ms,std_msgs/msg/Float32,209.5526580810547
1774021987.228606,/metrics/pcl/fused/detections_count,std_msgs/msg/Int32,70
1774021987.22875,/metrics/pcl/fused/points_in,std_msgs/msg/Int32,41167
1774021987.2288334,/metrics/pcl/fused/processing_ms,std_msgs/msg/Float32,191.84588623046875
1774021987.4040692,/metrics/pcl/fused/detections_count,std_msgs/msg/Int32,78
1774021987.4043095,/metrics/pcl/fused/points_in,std_msgs/msg/Int32,41174
1774021987.404428,/metrics/pcl/fused/processing_ms,std_msgs/msg/Float32,174.72373962402344
1774021987.568742,/metrics/pcl/fused/detections_count,std_msgs/msg/Int32,71
1774021987.5688782,/metrics/pcl/fused/points_in,std_msgs/msg/Int32,41307
1774021987.5689569,/metrics/pcl/fused/processing_ms,std_msgs/msg/Float32,163.8170928955078
1774021987.7272444,/metrics/pcl/fused/detections_count,std_msgs/msg/Int32,75
1774021987.727393,/metrics/pcl/fused/points_in,std_msgs/msg/Int32,41372
1774021987.7274873,/metrics/pcl/fused/processing_ms,std_msgs/msg/Float32,157.80252075195312
1774021988.224817,/metrics/pcl/fused/detections_count,std_msgs/msg/Int32,72
1774021988.2250097,/metrics/pcl/fused/points_in,std_msgs/msg/Int32,41428
1774021988.2250793,/metrics/pcl/fused/processing_ms,std_msgs/msg/Float32,144.5196075439453
1774021988.3925183,/metrics/pcl/fused/detections_count,std_msgs/msg/Int32,74
1774021988.3926184,/metrics/pcl/fused/points_in,std_msgs/msg/Int32,41424
1774021988.3926733,/metrics/pcl/fused/processing_ms,std_msgs/msg/Float32,142.54579162597656
1774021988.6911721,/metrics/pcl/fused/detections_count,std_msgs/msg/Int32,81
1774021988.6912904,/metrics/pcl/fused/points_in,std_msgs/msg/Int32,41391
1774021988.6913803,/metrics/pcl/fused/processing_ms,std_msgs/msg/Float32,143.03810119628906
1774021988.834993,/metrics/pcl/fused/detections_count,std_msgs/msg/Int32,69
1774021988.835152,/metrics/pcl/fused/points_in,std_msgs/msg/Int32,41435
1774021988.8352704,/metrics/pcl/fused/processing_ms,std_msgs/msg/Float32,143.11790466308594
1774021988.982705,/metrics/pcl/fused/detections_count,std_msgs/msg/Int32,80
1774021988.9828298,/metrics/pcl/fused/points_in,std_msgs/msg/Int32,41224
1774021988.982897,/metrics/pcl/fused/processing_ms,std_msgs/msg/Float32,146.83302307128906
1774021989.1292953,/metrics/pcl/fused/detections_count,std_msgs/msg/Int32,75
1774021989.129426,/metrics/pcl/fused/points_in,std_msgs/msg/Int32,41138
1774021989.1294906,/metrics/pcl/fused/processing_ms,std_msgs/msg/Float32,145.9398651123047
1774021989.270849,/metrics/pcl/fused/detections_count,std_msgs/msg/Int32,73
1774021989.270955,/metrics/pcl/fused/points_in,std_msgs/msg/Int32,41221
1774021989.271018,/metrics/pcl/fused/processing_ms,std_msgs/msg/Float32,141.0186309814453
1774021989.8863683,/metrics/pcl/fused/detections_count,std_msgs/msg/Int32,71
1774021989.886483,/metrics/pcl/fused/points_in,std_msgs/msg/Int32,41122
1774021989.8865569,/metrics/pcl/fused/processing_ms,std_msgs/msg/Float32,137.1276092529297
1774021990.021083,/metrics/pcl/fused/detections_count,std_msgs/msg/Int32,74
1774021990.0211952,/metrics/pcl/fused/points_in,std_msgs/msg/Int32,41146
1774021990.0212574,/metrics/pcl/fused/processing_ms,std_msgs/msg/Float32,134.11961364746094
1774021990.2934296,/metrics/pcl/fused/detections_count,std_msgs/msg/Int32,73
1774021990.2935617,/metrics/pcl/fused/points_in,std_msgs/msg/Int32,41172
1774021990.2936776,/metrics/pcl/fused/processing_ms,std_msgs/msg/Float32,143.62481689453125
1774021990.4441993,/metrics/pcl/fused/detections_count,std_msgs/msg/Int32,74
1774021990.4443462,/metrics/pcl/fused/points_in,std_msgs/msg/Int32,41319
1774021990.4444036,/metrics/pcl/fused/processing_ms,std_msgs/msg/Float32,149.76402282714844
1774021990.592142,/metrics/pcl/fused/detections_count,std_msgs/msg/Int32,77
1774021990.592355,/metrics/pcl/fused/processing_ms,std_msgs/msg/Float32,147.2876434326172
1774021990.5926366,/metrics/pcl/fused/points_in,std_msgs/msg/Int32,41266
1774021990.7416384,/metrics/pcl/fused/detections_count,std_msgs/msg/Int32,77
1774021990.7417538,/metrics/pcl/fused/points_in,std_msgs/msg/Int32,41200
1774021990.7418184,/metrics/pcl/fused/processing_ms,std_msgs/msg/Float32,148.93359375
1774021991.1897516,/metrics/pcl/fused/detections_count,std_msgs/msg/Int32,68
1774021991.1898813,/metrics/pcl/fused/points_in,std_msgs/msg/Int32,41333
1774021991.1899505,/metrics/pcl/fused/processing_ms,std_msgs/msg/Float32,135.0381622314453
1774021991.325561,/metrics/pcl/fused/detections_count,std_msgs/msg/Int32,74
1774021991.3256936,/metrics/pcl/fused/points_in,std_msgs/msg/Int32,41275
1774021991.3257692,/metrics/pcl/fused/processing_ms,std_msgs/msg/Float32,135.0953826904297
1774021991.7879546,/metrics/pcl/fused/detections_count,std_msgs/msg/Int32,75
1774021991.7880895,/metrics/pcl/fused/points_in,std_msgs/msg/Int32,41157
1774021991.7881558,/metrics/pcl/fused/processing_ms,std_msgs/msg/Float32,142.9750518798828
1774021992.1137934,/metrics/pcl/fused/detections_count,std_msgs/msg/Int32,75
1774021992.1139286,/metrics/pcl/fused/points_in,std_msgs/msg/Int32,41267
1774021992.1140065,/metrics/pcl/fused/processing_ms,std_msgs/msg/Float32,160.7418670654297
1774021992.3342106,/metrics/pcl/fused/detections_count,std_msgs/msg/Int32,76
1774021992.3343856,/metrics/pcl/fused/points_in,std_msgs/msg/Int32,41290
1774021992.3344934,/metrics/pcl/fused/processing_ms,std_msgs/msg/Float32,175.55682373046875
1774021992.6643903,/metrics/pcl/fused/detections_count,std_msgs/msg/Int32,78
1774021992.6645992,/metrics/pcl/fused/points_in,std_msgs/msg/Int32,41170
1774021992.6647055,/metrics/pcl/fused/processing_ms,std_msgs/msg/Float32,199.53102111816406
1774021992.8759856,/metrics/pcl/fused/detections_count,std_msgs/msg/Int32,73
1774021992.8761504,/metrics/pcl/fused/points_in,std_msgs/msg/Int32,41167
1774021992.8763006,/metrics/pcl/fused/processing_ms,std_msgs/msg/Float32,210.02969360351562
1774021993.1037302,/metrics/pcl/fused/detections_count,std_msgs/msg/Int32,69
1774021993.1039557,/metrics/pcl/fused/points_in,std_msgs/msg/Int32,41189
1774021993.104074,/metrics/pcl/fused/processing_ms,std_msgs/msg/Float32,226.82369995117188
1774021993.355697,/metrics/pcl/fused/detections_count,std_msgs/msg/Int32,75
1774021993.355974,/metrics/pcl/fused/points_in,std_msgs/msg/Int32,41172
1774021993.3561394,/metrics/pcl/fused/processing_ms,std_msgs/msg/Float32,250.72903442382812
1774021993.7422566,/metrics/pcl/fused/detections_count,std_msgs/msg/Int32,72
1774021993.7427785,/metrics/pcl/fused/points_in,std_msgs/msg/Int32,41207
1774021993.7429469,/metrics/pcl/fused/processing_ms,std_msgs/msg/Float32,252.6691436767578
1774021994.011293,/metrics/pcl/fused/detections_count,std_msgs/msg/Int32,78
1774021994.011489,/metrics/pcl/fused/points_in,std_msgs/msg/Int32,41230
1774021994.01161,/metrics/pcl/fused/processing_ms,std_msgs/msg/Float32,231.86569213867188
1774021994.2354941,/metrics/pcl/fused/detections_count,std_msgs/msg/Int32,73
1774021994.2356715,/metrics/pcl/fused/points_in,std_msgs/msg/Int32,41214
1774021994.235795,/metrics/pcl/fused/processing_ms,std_msgs/msg/Float32,223.0250244140625
1774021994.4471717,/metrics/pcl/fused/detections_count,std_msgs/msg/Int32,75
1774021994.4475505,/metrics/pcl/fused/points_in,std_msgs/msg/Int32,41179
1774021994.447893,/metrics/pcl/fused/processing_ms,std_msgs/msg/Float32,210.33480834960938
1774021994.6440568,/metrics/pcl/fused/detections_count,std_msgs/msg/Int32,78
1774021994.6442606,/metrics/pcl/fused/points_in,std_msgs/msg/Int32,41104
1774021994.6444151,/metrics/pcl/fused/processing_ms,std_msgs/msg/Float32,195.6005401611328
1774021994.828712,/metrics/pcl/fused/detections_count,std_msgs/msg/Int32,80
1774021994.8288853,/metrics/pcl/fused/points_in,std_msgs/msg/Int32,41176
1774021994.8290076,/metrics/pcl/fused/processing_ms,std_msgs/msg/Float32,183.59852600097656
1774021995.1219735,/metrics/pcl/fused/detections_count,std_msgs/msg/Int32,76
1774021995.122103,/metrics/pcl/fused/points_in,std_msgs/msg/Int32,41174
1774021995.1221795,/metrics/pcl/fused/processing_ms,std_msgs/msg/Float32,165.9081268310547
1774021995.2808142,/metrics/pcl/fused/detections_count,std_msgs/msg/Int32,74
1774021995.2809725,/metrics/pcl/fused/points_in,std_msgs/msg/Int32,41152
1774021995.2810574,/metrics/pcl/fused/processing_ms,std_msgs/msg/Float32,157.92544555664062
1774021995.7039561,/metrics/pcl/fused/detections_count,std_msgs/msg/Int32,78
1774021995.7040725,/metrics/pcl/fused/points_in,std_msgs/msg/Int32,41124
1774021995.704139,/metrics/pcl/fused/processing_ms,std_msgs/msg/Float32,150.7517852783203
1774021995.8526483,/metrics/pcl/fused/detections_count,std_msgs/msg/Int32,78
1774021995.85283,/metrics/pcl/fused/points_in,std_msgs/msg/Int32,41233
1774021995.8529434,/metrics/pcl/fused/processing_ms,std_msgs/msg/Float32,147.97927856445312
1774021996.0054092,/metrics/pcl/fused/detections_count,std_msgs/msg/Int32,73
1774021996.0055404,/metrics/pcl/fused/points_in,std_msgs/msg/Int32,41224
1774021996.0056274,/metrics/pcl/fused/processing_ms,std_msgs/msg/Float32,151.69400024414062
1774021996.1485178,/metrics/pcl/fused/detections_count,std_msgs/msg/Int32,76
1774021996.1486895,/metrics/pcl/fused/points_in,std_msgs/msg/Int32,41282
1774021996.1487684,/metrics/pcl/fused/processing_ms,std_msgs/msg/Float32,142.45529174804688
1774021996.2838175,/metrics/pcl/fused/detections_count,std_msgs/msg/Int32,71
1774021996.2839339,/metrics/pcl/fused/points_in,std_msgs/msg/Int32,41219
1774021996.2839882,/metrics/pcl/fused/processing_ms,std_msgs/msg/Float32,134.60081481933594
1774021997.527483,/metrics/pcl/fused/detections_count,std_msgs/msg/Int32,74
1774021997.5276616,/metrics/pcl/fused/processing_ms,std_msgs/msg/Float32,174.7550811767578
1774021997.528006,/metrics/pcl/fused/points_in,std_msgs/msg/Int32,41232
1774021997.7176325,/metrics/pcl/fused/detections_count,std_msgs/msg/Int32,78
1774021997.7178242,/metrics/pcl/fused/points_in,std_msgs/msg/Int32,41191
1774021997.7179239,/metrics/pcl/fused/processing_ms,std_msgs/msg/Float32,189.27627563476562
1774021998.13229,/metrics/pcl/fused/detections_count,std_msgs/msg/Int32,75
1774021998.1325257,/metrics/pcl/fused/points_in,std_msgs/msg/Int32,41169
1774021998.1326811,/metrics/pcl/fused/processing_ms,std_msgs/msg/Float32,257.5302429199219
1774021998.4571466,/metrics/pcl/fused/detections_count,std_msgs/msg/Int32,74
1774021998.457401,/metrics/pcl/fused/points_in,std_msgs/msg/Int32,41132
1774021998.4615042,/metrics/pcl/fused/processing_ms,std_msgs/msg/Float32,266.19354248046875
1774021998.7164922,/metrics/pcl/fused/detections_count,std_msgs/msg/Int32,78
1774021998.7166655,/metrics/pcl/fused/points_in,std_msgs/msg/Int32,41169
1774021998.7167711,/metrics/pcl/fused/processing_ms,std_msgs/msg/Float32,259.97418212890625
1774021998.980693,/metrics/pcl/fused/detections_count,std_msgs/msg/Int32,75
1774021998.9808552,/metrics/pcl/fused/points_in,std_msgs/msg/Int32,41107
1774021998.9809504,/metrics/pcl/fused/processing_ms,std_msgs/msg/Float32,262.97943115234375
1774021999.2554646,/metrics/pcl/fused/detections_count,std_msgs/msg/Int32,77
1774021999.2556515,/metrics/pcl/fused/points_in,std_msgs/msg/Int32,41166
1774021999.2557476,/metrics/pcl/fused/processing_ms,std_msgs/msg/Float32,268.9659118652344
1774021999.5180306,/metrics/pcl/fused/detections_count,std_msgs/msg/Int32,80
1774021999.5182602,/metrics/pcl/fused/points_in,std_msgs/msg/Int32,41044
1774021999.5184646,/metrics/pcl/fused/processing_ms,std_msgs/msg/Float32,261.46728515625
1774021999.7797866,/metrics/pcl/fused/detections_count,std_msgs/msg/Int32,73
1774021999.7800407,/metrics/pcl/fused/points_in,std_msgs/msg/Int32,41038
1774021999.780229,/metrics/pcl/fused/processing_ms,std_msgs/msg/Float32,260.641845703125
1774022000.0424366,/metrics/pcl/fused/detections_count,std_msgs/msg/Int32,80
1774022000.042658,/metrics/pcl/fused/points_in,std_msgs/msg/Int32,41084
1774022000.0427966,/metrics/pcl/fused/processing_ms,std_msgs/msg/Float32,261.2215576171875
1774022000.305954,/metrics/pcl/fused/detections_count,std_msgs/msg/Int32,78
1774022000.306127,/metrics/pcl/fused/processing_ms,std_msgs/msg/Float32,262.4698181152344
1774022000.3066385,/metrics/pcl/fused/points_in,std_msgs/msg/Int32,41192
1774022000.5699027,/metrics/pcl/fused/detections_count,std_msgs/msg/Int32,70
1774022000.5700722,/metrics/pcl/fused/points_in,std_msgs/msg/Int32,41156
1774022000.5701988,/metrics/pcl/fused/processing_ms,std_msgs/msg/Float32,262.8508605957031
1774022000.8074193,/metrics/pcl/fused/detections_count,std_msgs/msg/Int32,77
1774022000.8075762,/metrics/pcl/fused/points_in,std_msgs/msg/Int32,41156
1774022000.807663,/metrics/pcl/fused/processing_ms,std_msgs/msg/Float32,236.65394592285156
1774022001.0148015,/metrics/pcl/fused/detections_count,std_msgs/msg/Int32,77
1774022001.0149841,/metrics/pcl/fused/points_in,std_msgs/msg/Int32,41123
1774022001.015104,/metrics/pcl/fused/processing_ms,std_msgs/msg/Float32,206.41477966308594
1774022001.199691,/metrics/pcl/fused/detections_count,std_msgs/msg/Int32,72
1774022001.199909,/metrics/pcl/fused/points_in,std_msgs/msg/Int32,41125
1774022001.2000592,/metrics/pcl/fused/processing_ms,std_msgs/msg/Float32,183.83226013183594
1774022001.3686953,/metrics/pcl/fused/detections_count,std_msgs/msg/Int32,74
1774022001.368822,/metrics/pcl/fused/points_in,std_msgs/msg/Int32,41148
1774022001.3688965,/metrics/pcl/fused/processing_ms,std_msgs/msg/Float32,168.35130310058594
1774022001.526382,/metrics/pcl/fused/detections_count,std_msgs/msg/Int32,74
1774022001.5265055,/metrics/pcl/fused/points_in,std_msgs/msg/Int32,41119
1774022001.5265691,/metrics/pcl/fused/processing_ms,std_msgs/msg/Float32,157.09812927246094
1774022001.6694155,/metrics/pcl/fused/detections_count,std_msgs/msg/Int32,71
1774022001.66957,/metrics/pcl/fused/points_in,std_msgs/msg/Int32,40989
1774022001.669658,/metrics/pcl/fused/processing_ms,std_msgs/msg/Float32,142.3397674560547
1774022001.8060095,/metrics/pcl/fused/detections_count,std_msgs/msg/Int32,75
1774022001.8061147,/metrics/pcl/fused/points_in,std_msgs/msg/Int32,41119
1774022001.8061702,/metrics/pcl/fused/processing_ms,std_msgs/msg/Float32,135.9185333251953
1774022001.9517872,/metrics/pcl/fused/detections_count,std_msgs/msg/Int32,77
1774022001.9518957,/metrics/pcl/fused/points_in,std_msgs/msg/Int32,41201
1774022001.9519498,/metrics/pcl/fused/processing_ms,std_msgs/msg/Float32,145.08233642578125
1774022002.118426,/metrics/pcl/fused/detections_count,std_msgs/msg/Int32,75
1774022002.1185606,/metrics/pcl/fused/points_in,std_msgs/msg/Int32,41177
1774022002.118625,/metrics/pcl/fused/processing_ms,std_msgs/msg/Float32,166.02330017089844
1774022002.2659507,/metrics/pcl/fused/detections_count,std_msgs/msg/Int32,77
1774022002.2660697,/metrics/pcl/fused/points_in,std_msgs/msg/Int32,41118
1774022002.2661633,/metrics/pcl/fused/processing_ms,std_msgs/msg/Float32,146.9173583984375
1774022002.411029,/metrics/pcl/fused/detections_count,std_msgs/msg/Int32,76
1774022002.4111621,/metrics/pcl/fused/points_in,std_msgs/msg/Int32,41302
1774022002.41122,/metrics/pcl/fused/processing_ms,std_msgs/msg/Float32,144.48086547851562
1774022002.558125,/metrics/pcl/fused/detections_count,std_msgs/msg/Int32,72
1774022002.5582852,/metrics/pcl/fused/points_in,std_msgs/msg/Int32,41135
1774022002.5583663,/metrics/pcl/fused/processing_ms,std_msgs/msg/Float32,146.2992706298828
1774022002.7043908,/metrics/pcl/fused/detections_count,std_msgs/msg/Int32,73
1774022002.7045202,/metrics/pcl/fused/points_in,std_msgs/msg/Int32,41179
1774022002.7045834,/metrics/pcl/fused/processing_ms,std_msgs/msg/Float32,145.73338317871094
1774022002.8400102,/metrics/pcl/fused/detections_count,std_msgs/msg/Int32,70
1774022002.840147,/metrics/pcl/fused/points_in,std_msgs/msg/Int32,41214
1774022002.8402348,/metrics/pcl/fused/processing_ms,std_msgs/msg/Float32,135.0076141357422
1774022003.0923805,/metrics/pcl/fused/detections_count,std_msgs/msg/Int32,72
1774022003.092492,/metrics/pcl/fused/points_in,std_msgs/msg/Int32,41117
1774022003.0925558,/metrics/pcl/fused/processing_ms,std_msgs/msg/Float32,140.6949462890625
1774022003.229767,/metrics/pcl/fused/detections_count,std_msgs/msg/Int32,76
1774022003.2298877,/metrics/pcl/fused/points_in,std_msgs/msg/Int32,41225
1774022003.2299438,/metrics/pcl/fused/processing_ms,std_msgs/msg/Float32,136.80335998535156
1774022003.383339,/metrics/pcl/fused/detections_count,std_msgs/msg/Int32,72
1774022003.38345,/metrics/pcl/fused/points_in,std_msgs/msg/Int32,41170
1774022003.383502,/metrics/pcl/fused/processing_ms,std_msgs/msg/Float32,136.17808532714844
1774022003.5193906,/metrics/pcl/fused/detections_count,std_msgs/msg/Int32,74
1774022003.5195181,/metrics/pcl/fused/points_in,std_msgs/msg/Int32,41128
1774022003.5195818,/metrics/pcl/fused/processing_ms,std_msgs/msg/Float32,135.42930603027344
1774022003.6828446,/metrics/pcl/fused/detections_count,std_msgs/msg/Int32,74
1774022003.6829524,/metrics/pcl/fused/points_in,std_msgs/msg/Int32,41351
1774022003.6830149,/metrics/pcl/fused/processing_ms,std_msgs/msg/Float32,132.83053588867188
1774022004.1085477,/metrics/pcl/fused/detections_count,std_msgs/msg/Int32,72
1774022004.1086962,/metrics/pcl/fused/points_in,std_msgs/msg/Int32,41230
1774022004.1087801,/metrics/pcl/fused/processing_ms,std_msgs/msg/Float32,148.61424255371094
1774022004.2448733,/metrics/pcl/fused/detections_count,std_msgs/msg/Int32,82
1774022004.244981,/metrics/pcl/fused/points_in,std_msgs/msg/Int32,41067
1774022004.245034,/metrics/pcl/fused/processing_ms,std_msgs/msg/Float32,135.52813720703125
1774022004.484648,/metrics/pcl/fused/detections_count,std_msgs/msg/Int32,77
1774022004.4847574,/metrics/pcl/fused/points_in,std_msgs/msg/Int32,41260
1774022004.4848232,/metrics/pcl/fused/processing_ms,std_msgs/msg/Float32,134.7101287841797
1774022004.6872213,/metrics/pcl/fused/detections_count,std_msgs/msg/Int32,78
1774022004.687355,/metrics/pcl/fused/points_in,std_msgs/msg/Int32,41194
1774022004.6874232,/metrics/pcl/fused/processing_ms,std_msgs/msg/Float32,140.52658081054688
1774022005.2792642,/metrics/pcl/fused/detections_count,std_msgs/msg/Int32,76
1774022005.2794142,/metrics/pcl/fused/points_in,std_msgs/msg/Int32,41074
1774022005.2794766,/metrics/pcl/fused/processing_ms,std_msgs/msg/Float32,132.83827209472656
1774022005.909512,/metrics/pcl/fused/detections_count,std_msgs/msg/Int32,68
1774022005.9096615,/metrics/pcl/fused/points_in,std_msgs/msg/Int32,41302
1774022005.9097471,/metrics/pcl/fused/processing_ms,std_msgs/msg/Float32,162.4058380126953
1774022006.1340764,/metrics/pcl/fused/detections_count,std_msgs/msg/Int32,77
1774022006.1342337,/metrics/pcl/fused/points_in,std_msgs/msg/Int32,41211
1774022006.1343656,/metrics/pcl/fused/processing_ms,std_msgs/msg/Float32,178.1672821044922
1774022006.3605816,/metrics/pcl/fused/detections_count,std_msgs/msg/Int32,70
1774022006.3607426,/metrics/pcl/fused/points_in,std_msgs/msg/Int32,41186
1774022006.3608372,/metrics/pcl/fused/processing_ms,std_msgs/msg/Float32,195.97654724121094
1774022006.833503,/metrics/pcl/fused/detections_count,std_msgs/msg/Int32,73
1774022006.8336704,/metrics/pcl/fused/points_in,std_msgs/msg/Int32,41117
1774022006.833785,/metrics/pcl/fused/processing_ms,std_msgs/msg/Float32,258.0914306640625
1774022007.1155915,/metrics/pcl/fused/detections_count,std_msgs/msg/Int32,72
1774022007.1158042,/metrics/pcl/fused/points_in,std_msgs/msg/Int32,41153
1774022007.1159012,/metrics/pcl/fused/processing_ms,std_msgs/msg/Float32,280.8825378417969
1774022007.3921492,/metrics/pcl/fused/detections_count,std_msgs/msg/Int32,72
1774022007.3924115,/metrics/pcl/fused/points_in,std_msgs/msg/Int32,41150
1774022007.392546,/metrics/pcl/fused/processing_ms,std_msgs/msg/Float32,275.3367004394531
1774022007.668127,/metrics/pcl/fused/detections_count,std_msgs/msg/Int32,78
1774022007.668315,/metrics/pcl/fused/points_in,std_msgs/msg/Int32,41147
1774022007.6725018,/metrics/pcl/fused/processing_ms,std_msgs/msg/Float32,274.97802734375
1774022007.9392922,/metrics/pcl/fused/detections_count,std_msgs/msg/Int32,77
1774022007.939485,/metrics/pcl/fused/points_in,std_msgs/msg/Int32,41196
1774022007.9395978,/metrics/pcl/fused/processing_ms,std_msgs/msg/Float32,270.0597839355469
1774022008.2067962,/metrics/pcl/fused/detections_count,std_msgs/msg/Int32,74
1774022008.207263,/metrics/pcl/fused/points_in,std_msgs/msg/Int32,41134
1774022008.2074134,/metrics/pcl/fused/processing_ms,std_msgs/msg/Float32,266.2546691894531
1774022008.4808953,/metrics/pcl/fused/detections_count,std_msgs/msg/Int32,77
1774022008.4810495,/metrics/pcl/fused/points_in,std_msgs/msg/Int32,41134
1774022008.4811454,/metrics/pcl/fused/processing_ms,std_msgs/msg/Float32,273.0595397949219
1774022008.7492516,/metrics/pcl/fused/detections_count,std_msgs/msg/Int32,77
1774022008.749473,/metrics/pcl/fused/points_in,std_msgs/msg/Int32,41170
1774022008.7496705,/metrics/pcl/fused/processing_ms,std_msgs/msg/Float32,267.2716369628906
1774022008.9738858,/metrics/pcl/fused/detections_count,std_msgs/msg/Int32,75
1774022008.9740877,/metrics/pcl/fused/points_in,std_msgs/msg/Int32,41167
1774022008.974203,/metrics/pcl/fused/processing_ms,std_msgs/msg/Float32,223.33460998535156
1774022009.1741333,/metrics/pcl/fused/detections_count,std_msgs/msg/Int32,75
1774022009.174263,/metrics/pcl/fused/points_in,std_msgs/msg/Int32,41199
1774022009.1744058,/metrics/pcl/fused/processing_ms,std_msgs/msg/Float32,199.58323669433594
1774022009.3588588,/metrics/pcl/fused/detections_count,std_msgs/msg/Int32,78
1774022009.358991,/metrics/pcl/fused/points_in,std_msgs/msg/Int32,41155
1774022009.3590732,/metrics/pcl/fused/processing_ms,std_msgs/msg/Float32,183.89297485351562
1774022009.5286381,/metrics/pcl/fused/detections_count,std_msgs/msg/Int32,80
1774022009.5287902,/metrics/pcl/fused/points_in,std_msgs/msg/Int32,41125
1774022009.5288959,/metrics/pcl/fused/processing_ms,std_msgs/msg/Float32,168.92413330078125
1774022009.6951165,/metrics/pcl/fused/detections_count,std_msgs/msg/Int32,73
1774022009.6952856,/metrics/pcl/fused/points_in,std_msgs/msg/Int32,41143
1774022009.6954076,/metrics/pcl/fused/processing_ms,std_msgs/msg/Float32,165.74742126464844
1774022009.8469062,/metrics/pcl/fused/detections_count,std_msgs/msg/Int32,74
1774022009.8470597,/metrics/pcl/fused/points_in,std_msgs/msg/Int32,41211
1774022009.8471587,/metrics/pcl/fused/processing_ms,std_msgs/msg/Float32,150.9627685546875
1774022009.9921055,/metrics/pcl/fused/detections_count,std_msgs/msg/Int32,85
1774022009.9922266,/metrics/pcl/fused/points_in,std_msgs/msg/Int32,41244
1774022009.9923236,/metrics/pcl/fused/processing_ms,std_msgs/msg/Float32,144.4401092529297
1774022010.1349304,/metrics/pcl/fused/detections_count,std_msgs/msg/Int32,78
1774022010.135063,/metrics/pcl/fused/points_in,std_msgs/msg/Int32,41226
1774022010.1351573,/metrics/pcl/fused/processing_ms,std_msgs/msg/Float32,142.2925567626953
1774022010.7797706,/metrics/pcl/fused/detections_count,std_msgs/msg/Int32,77
1774022010.7798848,/metrics/pcl/fused/points_in,std_msgs/msg/Int32,41156
1774022010.7799475,/metrics/pcl/fused/processing_ms,std_msgs/msg/Float32,136.95713806152344
1774022011.0769548,/metrics/pcl/fused/detections_count,std_msgs/msg/Int32,75
1774022011.0770624,/metrics/pcl/fused/points_in,std_msgs/msg/Int32,41072
1774022011.0771248,/metrics/pcl/fused/processing_ms,std_msgs/msg/Float32,132.5556182861328
1774022011.275126,/metrics/pcl/fused/detections_count,std_msgs/msg/Int32,71
1774022011.2752354,/metrics/pcl/fused/points_in,std_msgs/msg/Int32,41129
1774022011.2753105,/metrics/pcl/fused/processing_ms,std_msgs/msg/Float32,131.6168670654297
1774022011.9035301,/metrics/pcl/fused/detections_count,std_msgs/msg/Int32,70
1774022011.9037018,/metrics/pcl/fused/points_in,std_msgs/msg/Int32,41062
1774022011.9038286,/metrics/pcl/fused/processing_ms,std_msgs/msg/Float32,154.30357360839844
1774022012.0661836,/metrics/pcl/fused/detections_count,std_msgs/msg/Int32,76
1774022012.0664241,/metrics/pcl/fused/points_in,std_msgs/msg/Int32,41041
1774022012.0665712,/metrics/pcl/fused/processing_ms,std_msgs/msg/Float32,161.97010803222656
1774022012.3380003,/metrics/pcl/fused/detections_count,std_msgs/msg/Int32,78
1774022012.338147,/metrics/pcl/fused/points_in,std_msgs/msg/Int32,40995
1774022012.3382323,/metrics/pcl/fused/processing_ms,std_msgs/msg/Float32,180.85890197753906
1774022012.556158,/metrics/pcl/fused/detections_count,std_msgs/msg/Int32,71
1774022012.5564592,/metrics/pcl/fused/points_in,std_msgs/msg/Int32,41023
1774022012.556634,/metrics/pcl/fused/processing_ms,std_msgs/msg/Float32,192.27774047851562
1774022012.7587392,/metrics/pcl/fused/detections_count,std_msgs/msg/Int32,78
1774022012.7588978,/metrics/pcl/fused/points_in,std_msgs/msg/Int32,41143
1774022012.758995,/metrics/pcl/fused/processing_ms,std_msgs/msg/Float32,201.73699951171875
1774022013.0959218,/metrics/pcl/fused/detections_count,std_msgs/msg/Int32,75
1774022013.0960944,/metrics/pcl/fused/points_in,std_msgs/msg/Int32,41034
1774022013.0961943,/metrics/pcl/fused/processing_ms,std_msgs/msg/Float32,227.09274291992188
1774022013.3417325,/metrics/pcl/fused/detections_count,std_msgs/msg/Int32,78
1774022013.3419464,/metrics/pcl/fused/points_in,std_msgs/msg/Int32,41143
1774022013.342056,/metrics/pcl/fused/processing_ms,std_msgs/msg/Float32,244.7542266845703
1774022013.6022625,/metrics/pcl/fused/detections_count,std_msgs/msg/Int32,76
1774022013.6024847,/metrics/pcl/fused/points_in,std_msgs/msg/Int32,41029
1774022013.602592,/metrics/pcl/fused/processing_ms,std_msgs/msg/Float32,259.375244140625
1774022013.8571355,/metrics/pcl/fused/detections_count,std_msgs/msg/Int32,73
1774022013.8573434,/metrics/pcl/fused/points_in,std_msgs/msg/Int32,41007
1774022013.8574386,/metrics/pcl/fused/processing_ms,std_msgs/msg/Float32,253.8197784423828
1774022014.0839813,/metrics/pcl/fused/detections_count,std_msgs/msg/Int32,74
1774022014.0841475,/metrics/pcl/fused/points_in,std_msgs/msg/Int32,41066
1774022014.0842478,/metrics/pcl/fused/processing_ms,std_msgs/msg/Float32,225.84561157226562
1774022014.3021758,/metrics/pcl/fused/detections_count,std_msgs/msg/Int32,80
1774022014.3023515,/metrics/pcl/fused/points_in,std_msgs/msg/Int32,41037
1774022014.3025165,/metrics/pcl/fused/processing_ms,std_msgs/msg/Float32,217.12661743164062
1774022014.506087,/metrics/pcl/fused/detections_count,std_msgs/msg/Int32,75
1774022014.5062358,/metrics/pcl/fused/points_in,std_msgs/msg/Int32,41016
1774022014.506348,/metrics/pcl/fused/processing_ms,std_msgs/msg/Float32,203.13421630859375
1774022014.6967406,/metrics/pcl/fused/detections_count,std_msgs/msg/Int32,75
1774022014.6968737,/metrics/pcl/fused/points_in,std_msgs/msg/Int32,41030
1774022014.6969585,/metrics/pcl/fused/processing_ms,std_msgs/msg/Float32,189.7697296142578
1774022014.8700793,/metrics/pcl/fused/detections_count,std_msgs/msg/Int32,76
1774022014.870226,/metrics/pcl/fused/points_in,std_msgs/msg/Int32,41068
1774022014.8703227,/metrics/pcl/fused/processing_ms,std_msgs/msg/Float32,172.4642791748047
1774022015.0314429,/metrics/pcl/fused/detections_count,std_msgs/msg/Int32,75
1774022015.031592,/metrics/pcl/fused/points_in,std_msgs/msg/Int32,41167
1774022015.0316682,/metrics/pcl/fused/processing_ms,std_msgs/msg/Float32,160.63621520996094
1774022015.1829498,/metrics/pcl/fused/detections_count,std_msgs/msg/Int32,73
1774022015.1830795,/metrics/pcl/fused/points_in,std_msgs/msg/Int32,41042
1774022015.1831658,/metrics/pcl/fused/processing_ms,std_msgs/msg/Float32,150.8375244140625
1774022015.3271072,/metrics/pcl/fused/detections_count,std_msgs/msg/Int32,75
1774022015.3272169,/metrics/pcl/fused/points_in,std_msgs/msg/Int32,41189
1774022015.3272827,/metrics/pcl/fused/processing_ms,std_msgs/msg/Float32,143.44752502441406
1774022015.4657638,/metrics/pcl/fused/detections_count,std_msgs/msg/Int32,74
1774022015.4658744,/metrics/pcl/fused/points_in,std_msgs/msg/Int32,41022
1774022015.4659364,/metrics/pcl/fused/processing_ms,std_msgs/msg/Float32,138.02708435058594
1774022015.5977433,/metrics/pcl/fused/detections_count,std_msgs/msg/Int32,80
1774022015.5978386,/metrics/pcl/fused/points_in,std_msgs/msg/Int32,41039
1774022015.5978916,/metrics/pcl/fused/processing_ms,std_msgs/msg/Float32,131.41412353515625
1774022015.7288954,/metrics/pcl/fused/detections_count,std_msgs/msg/Int32,70
1774022015.7290154,/metrics/pcl/fused/points_in,std_msgs/msg/Int32,41049
1774022015.729078,/metrics/pcl/fused/processing_ms,std_msgs/msg/Float32,130.55128479003906
1774022016.0796583,/metrics/pcl/fused/detections_count,std_msgs/msg/Int32,79
1774022016.079781,/metrics/pcl/fused/points_in,std_msgs/msg/Int32,41130
1774022016.0798438,/metrics/pcl/fused/processing_ms,std_msgs/msg/Float32,134.6146240234375
1774022016.3800492,/metrics/pcl/fused/detections_count,std_msgs/msg/Int32,73
1774022016.380171,/metrics/pcl/fused/points_in,std_msgs/msg/Int32,40981
1774022016.3802383,/metrics/pcl/fused/processing_ms,std_msgs/msg/Float32,135.05422973632812
1774022016.5838215,/metrics/pcl/fused/detections_count,std_msgs/msg/Int32,79
1774022016.583914,/metrics/pcl/fused/points_in,std_msgs/msg/Int32,41095
1774022016.5839655,/metrics/pcl/fused/processing_ms,std_msgs/msg/Float32,134.0889434814453
1774022016.8740842,/metrics/pcl/fused/detections_count,std_msgs/msg/Int32,72
1774022016.8742073,/metrics/pcl/fused/points_in,std_msgs/msg/Int32,41448
1774022016.8742847,/metrics/pcl/fused/processing_ms,std_msgs/msg/Float32,132.83570861816406
1774022017.0081654,/metrics/pcl/fused/detections_count,std_msgs/msg/Int32,76
1774022017.0083272,/metrics/pcl/fused/points_in,std_msgs/msg/Int32,41561
1774022017.008411,/metrics/pcl/fused/processing_ms,std_msgs/msg/Float32,133.4553680419922
1774022017.4865472,/metrics/pcl/fused/detections_count,std_msgs/msg/Int32,76
1774022017.4866989,/metrics/pcl/fused/points_in,std_msgs/msg/Int32,41588
1774022017.4868164,/metrics/pcl/fused/processing_ms,std_msgs/msg/Float32,140.39358520507812
1774022017.6337826,/metrics/pcl/fused/detections_count,std_msgs/msg/Int32,78
1774022017.633905,/metrics/pcl/fused/points_in,std_msgs/msg/Int32,41426
1774022017.633974,/metrics/pcl/fused/processing_ms,std_msgs/msg/Float32,146.6107940673828
1774022017.785045,/metrics/pcl/fused/detections_count,std_msgs/msg/Int32,76
1774022017.785152,/metrics/pcl/fused/points_in,std_msgs/msg/Int32,41480
1774022017.7852104,/metrics/pcl/fused/processing_ms,std_msgs/msg/Float32,150.61119079589844
1774022018.1174386,/metrics/pcl/fused/detections_count,std_msgs/msg/Int32,76
1774022018.1175706,/metrics/pcl/fused/points_in,std_msgs/msg/Int32,41413
1774022018.1176364,/metrics/pcl/fused/processing_ms,std_msgs/msg/Float32,164.59237670898438
1774022018.3348055,/metrics/pcl/fused/detections_count,std_msgs/msg/Int32,74
1774022018.3349545,/metrics/pcl/fused/points_in,std_msgs/msg/Int32,41491
1774022018.3350353,/metrics/pcl/fused/processing_ms,std_msgs/msg/Float32,176.10040283203125
1774022018.525594,/metrics/pcl/fused/detections_count,std_msgs/msg/Int32,75
1774022018.5257518,/metrics/pcl/fused/points_in,std_msgs/msg/Int32,41449
1774022018.5258396,/metrics/pcl/fused/processing_ms,std_msgs/msg/Float32,189.99484252929688
1774022018.7178748,/metrics/pcl/fused/detections_count,std_msgs/msg/Int32,72
1774022018.7180192,/metrics/pcl/fused/points_in,std_msgs/msg/Int32,41557
1774022018.7181075,/metrics/pcl/fused/processing_ms,std_msgs/msg/Float32,191.44960021972656
1774022018.916791,/metrics/pcl/fused/detections_count,std_msgs/msg/Int32,73
1774022018.916932,/metrics/pcl/fused/points_in,std_msgs/msg/Int32,41478
1774022018.9170048,/metrics/pcl/fused/processing_ms,std_msgs/msg/Float32,198.07127380371094
1774022019.130527,/metrics/pcl/fused/detections_count,std_msgs/msg/Int32,73
1774022019.130699,/metrics/pcl/fused/points_in,std_msgs/msg/Int32,41434
1774022019.1307893,/metrics/pcl/fused/processing_ms,std_msgs/msg/Float32,212.8760986328125
1774022019.323385,/metrics/pcl/fused/detections_count,std_msgs/msg/Int32,73
1774022019.3235362,/metrics/pcl/fused/points_in,std_msgs/msg/Int32,41208
1774022019.323624,/metrics/pcl/fused/processing_ms,std_msgs/msg/Float32,191.7281951904297
1774022019.551,/metrics/pcl/fused/detections_count,std_msgs/msg/Int32,71
1774022019.5511475,/metrics/pcl/fused/points_in,std_msgs/msg/Int32,41173
1774022019.5512462,/metrics/pcl/fused/processing_ms,std_msgs/msg/Float32,187.19302368164062
1774022019.9352634,/metrics/pcl/fused/detections_count,std_msgs/msg/Int32,76
1774022019.9354732,/metrics/pcl/fused/points_in,std_msgs/msg/Int32,41154
1774022019.9355958,/metrics/pcl/fused/processing_ms,std_msgs/msg/Float32,177.08689880371094
1774022020.1094556,/metrics/pcl/fused/detections_count,std_msgs/msg/Int32,73
1774022020.1096368,/metrics/pcl/fused/points_in,std_msgs/msg/Int32,41103
1774022020.1097147,/metrics/pcl/fused/processing_ms,std_msgs/msg/Float32,173.20701599121094
1774022020.2863529,/metrics/pcl/fused/detections_count,std_msgs/msg/Int32,74
1774022020.2864819,/metrics/pcl/fused/points_in,std_msgs/msg/Int32,41125
1774022020.2865484,/metrics/pcl/fused/processing_ms,std_msgs/msg/Float32,176.21127319335938
1774022020.4570332,/metrics/pcl/fused/detections_count,std_msgs/msg/Int32,74
1774022020.4571872,/metrics/pcl/fused/points_in,std_msgs/msg/Int32,41088
1774022020.457261,/metrics/pcl/fused/processing_ms,std_msgs/msg/Float32,169.66200256347656
1774022020.6186945,/metrics/pcl/fused/detections_count,std_msgs/msg/Int32,73
1774022020.618842,/metrics/pcl/fused/points_in,std_msgs/msg/Int32,41102
1774022020.6189444,/metrics/pcl/fused/processing_ms,std_msgs/msg/Float32,161.00076293945312
1774022021.5399966,/metrics/pcl/fused/detections_count,std_msgs/msg/Int32,75
1774022021.5401561,/metrics/pcl/fused/points_in,std_msgs/msg/Int32,41120
1774022021.5402584,/metrics/pcl/fused/processing_ms,std_msgs/msg/Float32,157.77499389648438
1774022021.7079728,/metrics/pcl/fused/detections_count,std_msgs/msg/Int32,76
1774022021.7081347,/metrics/pcl/fused/points_in,std_msgs/msg/Int32,41078
1774022021.7082305,/metrics/pcl/fused/processing_ms,std_msgs/msg/Float32,167.1678466796875
1774022021.8809288,/metrics/pcl/fused/detections_count,std_msgs/msg/Int32,76
1774022021.8810856,/metrics/pcl/fused/points_in,std_msgs/msg/Int32,41005
1774022021.8811755,/metrics/pcl/fused/processing_ms,std_msgs/msg/Float32,172.16331481933594
1774022022.056773,/metrics/pcl/fused/detections_count,std_msgs/msg/Int32,69
1774022022.0568953,/metrics/pcl/fused/points_in,std_msgs/msg/Int32,41029
1774022022.0569644,/metrics/pcl/fused/processing_ms,std_msgs/msg/Float32,175.1348876953125
1774022022.2319915,/metrics/pcl/fused/detections_count,std_msgs/msg/Int32,74
1774022022.2321062,/metrics/pcl/fused/points_in,std_msgs/msg/Int32,41138
1774022022.232172,/metrics/pcl/fused/processing_ms,std_msgs/msg/Float32,174.4857177734375
1774022022.4097102,/metrics/pcl/fused/detections_count,std_msgs/msg/Int32,74
1774022022.4098566,/metrics/pcl/fused/points_in,std_msgs/msg/Int32,41141
1774022022.4099255,/metrics/pcl/fused/processing_ms,std_msgs/msg/Float32,176.9110107421875
1774022022.5820434,/metrics/pcl/fused/detections_count,std_msgs/msg/Int32,74
1774022022.5822153,/metrics/pcl/fused/points_in,std_msgs/msg/Int32,41046
1774022022.5823257,/metrics/pcl/fused/processing_ms,std_msgs/msg/Float32,171.4325408935547
1774022022.7516804,/metrics/pcl/fused/detections_count,std_msgs/msg/Int32,77
1774022022.7518134,/metrics/pcl/fused/points_in,std_msgs/msg/Int32,41070
1774022022.7518904,/metrics/pcl/fused/processing_ms,std_msgs/msg/Float32,168.85150146484375
1774022022.916718,/metrics/pcl/fused/detections_count,std_msgs/msg/Int32,74
1774022022.9168735,/metrics/pcl/fused/points_in,std_msgs/msg/Int32,41166
1774022022.9169495,/metrics/pcl/fused/processing_ms,std_msgs/msg/Float32,164.2288055419922
1774022023.0766098,/metrics/pcl/fused/detections_count,std_msgs/msg/Int32,76
1774022023.0767143,/metrics/pcl/fused/points_in,std_msgs/msg/Int32,40982
1774022023.0767734,/metrics/pcl/fused/processing_ms,std_msgs/msg/Float32,159.05859375
1774022023.2286685,/metrics/pcl/fused/detections_count,std_msgs/msg/Int32,79
1774022023.2288306,/metrics/pcl/fused/points_in,std_msgs/msg/Int32,41010
1774022023.2289145,/metrics/pcl/fused/processing_ms,std_msgs/msg/Float32,151.30421447753906
1774022023.374595,/metrics/pcl/fused/detections_count,std_msgs/msg/Int32,74
1774022023.3749514,/metrics/pcl/fused/points_in,std_msgs/msg/Int32,41150
1774022023.3750408,/metrics/pcl/fused/processing_ms,std_msgs/msg/Float32,145.2603759765625
1774022023.516917,/metrics/pcl/fused/detections_count,std_msgs/msg/Int32,78
1774022023.517023,/metrics/pcl/fused/points_in,std_msgs/msg/Int32,41075
1774022023.5170805,/metrics/pcl/fused/processing_ms,std_msgs/msg/Float32,141.63475036621094
1774022023.6550906,/metrics/pcl/fused/detections_count,std_msgs/msg/Int32,75
1774022023.655207,/metrics/pcl/fused/points_in,std_msgs/msg/Int32,41100
1774022023.6552691,/metrics/pcl/fused/processing_ms,std_msgs/msg/Float32,137.41673278808594
1774022024.084417,/metrics/pcl/fused/detections_count,std_msgs/msg/Int32,78
1774022024.0845418,/metrics/pcl/fused/points_in,std_msgs/msg/Int32,41079
1774022024.084598,/metrics/pcl/fused/processing_ms,std_msgs/msg/Float32,138.06454467773438
1774022024.2846048,/metrics/pcl/fused/detections_count,std_msgs/msg/Int32,74
1774022024.2847278,/metrics/pcl/fused/points_in,std_msgs/msg/Int32,41048
1774022024.2847984,/metrics/pcl/fused/processing_ms,std_msgs/msg/Float32,136.74374389648438
1774022024.483096,/metrics/pcl/fused/detections_count,std_msgs/msg/Int32,77
1774022024.4831939,/metrics/pcl/fused/points_in,std_msgs/msg/Int32,41145
1774022024.4832485,/metrics/pcl/fused/processing_ms,std_msgs/msg/Float32,136.4971466064453
1774022025.30924,/metrics/pcl/fused/detections_count,std_msgs/msg/Int32,78
1774022025.3094065,/metrics/pcl/fused/points_in,std_msgs/msg/Int32,41138
1774022025.3094952,/metrics/pcl/fused/processing_ms,std_msgs/msg/Float32,155.62948608398438
1774022025.4734843,/metrics/pcl/fused/detections_count,std_msgs/msg/Int32,72
1774022025.4736097,/metrics/pcl/fused/points_in,std_msgs/msg/Int32,41003
1774022025.473688,/metrics/pcl/fused/processing_ms,std_msgs/msg/Float32,163.59429931640625
1774022025.6499126,/metrics/pcl/fused/detections_count,std_msgs/msg/Int32,77
1774022025.6500492,/metrics/pcl/fused/points_in,std_msgs/msg/Int32,41072
1774022025.650129,/metrics/pcl/fused/processing_ms,std_msgs/msg/Float32,175.69334411621094
1774022025.8399804,/metrics/pcl/fused/detections_count,std_msgs/msg/Int32,76
1774022025.8401635,/metrics/pcl/fused/points_in,std_msgs/msg/Int32,40973
1774022025.8402586,/metrics/pcl/fused/processing_ms,std_msgs/msg/Float32,184.10910034179688
1774022026.1623006,/metrics/pcl/fused/detections_count,std_msgs/msg/Int32,78
1774022026.162434,/metrics/pcl/fused/points_in,std_msgs/msg/Int32,41019
1774022026.1625278,/metrics/pcl/fused/processing_ms,std_msgs/msg/Float32,196.7943115234375
1774022026.3699958,/metrics/pcl/fused/detections_count,std_msgs/msg/Int32,81
1774022026.3702013,/metrics/pcl/fused/points_in,std_msgs/msg/Int32,41074
1774022026.370321,/metrics/pcl/fused/processing_ms,std_msgs/msg/Float32,204.893798828125
1774022026.677924,/metrics/pcl/fused/detections_count,std_msgs/msg/Int32,74
1774022026.6780696,/metrics/pcl/fused/points_in,std_msgs/msg/Int32,41016
1774022026.678162,/metrics/pcl/fused/processing_ms,std_msgs/msg/Float32,211.5430145263672
1774022027.1985989,/metrics/pcl/fused/detections_count,std_msgs/msg/Int32,75
1774022027.1987565,/metrics/pcl/fused/points_in,std_msgs/msg/Int32,41102
1774022027.1988556,/metrics/pcl/fused/processing_ms,std_msgs/msg/Float32,218.99942016601562
1774022027.4378736,/metrics/pcl/fused/detections_count,std_msgs/msg/Int32,77
1774022027.4380915,/metrics/pcl/fused/points_in,std_msgs/msg/Int32,41088
1774022027.438206,/metrics/pcl/fused/processing_ms,std_msgs/msg/Float32,238.2498779296875
1774022027.6670659,/metrics/pcl/fused/detections_count,std_msgs/msg/Int32,74
1774022027.66722,/metrics/pcl/fused/points_in,std_msgs/msg/Int32,41079
1774022027.6673415,/metrics/pcl/fused/processing_ms,std_msgs/msg/Float32,228.1187744140625
1774022027.8779392,/metrics/pcl/fused/detections_count,std_msgs/msg/Int32,78
1774022027.8780642,/metrics/pcl/fused/points_in,std_msgs/msg/Int32,41125
1774022027.87814,/metrics/pcl/fused/processing_ms,std_msgs/msg/Float32,210.08502197265625
1774022028.0791113,/metrics/pcl/fused/detections_count,std_msgs/msg/Int32,74
1774022028.0792465,/metrics/pcl/fused/points_in,std_msgs/msg/Int32,41044
1774022028.0793736,/metrics/pcl/fused/processing_ms,std_msgs/msg/Float32,200.1964569091797
1774022028.2680285,/metrics/pcl/fused/detections_count,std_msgs/msg/Int32,76
1774022028.2681773,/metrics/pcl/fused/points_in,std_msgs/msg/Int32,41073
1774022028.268254,/metrics/pcl/fused/processing_ms,std_msgs/msg/Float32,188.0590057373047
1774022028.4456604,/metrics/pcl/fused/detections_count,std_msgs/msg/Int32,81
1774022028.4457843,/metrics/pcl/fused/points_in,std_msgs/msg/Int32,41082
1774022028.4458678,/metrics/pcl/fused/processing_ms,std_msgs/msg/Float32,176.62271118164062
1774022028.6151817,/metrics/pcl/fused/detections_count,std_msgs/msg/Int32,74
1774022028.6153219,/metrics/pcl/fused/points_in,std_msgs/msg/Int32,41070
1774022028.6154203,/metrics/pcl/fused/processing_ms,std_msgs/msg/Float32,168.77273559570312
1774022028.7871988,/metrics/pcl/fused/detections_count,std_msgs/msg/Int32,76
1774022028.7873373,/metrics/pcl/fused/points_in,std_msgs/msg/Int32,40952
1774022028.7874188,/metrics/pcl/fused/processing_ms,std_msgs/msg/Float32,171.3388214111328
1774022028.9448,/metrics/pcl/fused/detections_count,std_msgs/msg/Int32,75
1774022028.944957,/metrics/pcl/fused/points_in,std_msgs/msg/Int32,41093
1774022028.945049,/metrics/pcl/fused/processing_ms,std_msgs/msg/Float32,156.86973571777344
1774022029.0961368,/metrics/pcl/fused/detections_count,std_msgs/msg/Int32,74
1774022029.0962563,/metrics/pcl/fused/points_in,std_msgs/msg/Int32,41068
1774022029.0963585,/metrics/pcl/fused/processing_ms,std_msgs/msg/Float32,150.33409118652344
1774022029.2426858,/metrics/pcl/fused/detections_count,std_msgs/msg/Int32,72
1774022029.2428253,/metrics/pcl/fused/points_in,std_msgs/msg/Int32,40904
1774022029.2429292,/metrics/pcl/fused/processing_ms,std_msgs/msg/Float32,145.89772033691406
1774022029.3885834,/metrics/pcl/fused/detections_count,std_msgs/msg/Int32,74
1774022029.3887398,/metrics/pcl/fused/points_in,std_msgs/msg/Int32,41074
1774022029.388839,/metrics/pcl/fused/processing_ms,std_msgs/msg/Float32,145.17169189453125
1774022029.5335844,/metrics/pcl/fused/detections_count,std_msgs/msg/Int32,71
1774022029.533731,/metrics/pcl/fused/points_in,std_msgs/msg/Int32,41088
1774022029.5338206,/metrics/pcl/fused/processing_ms,std_msgs/msg/Float32,144.4726104736328
1774022029.6788878,/metrics/pcl/fused/detections_count,std_msgs/msg/Int32,74
1774022029.6790333,/metrics/pcl/fused/points_in,std_msgs/msg/Int32,41025
1774022029.6791356,/metrics/pcl/fused/processing_ms,std_msgs/msg/Float32,144.74810791015625
1774022029.8230941,/metrics/pcl/fused/detections_count,std_msgs/msg/Int32,73
1774022029.8231905,/metrics/pcl/fused/points_in,std_msgs/msg/Int32,41067
1774022029.8232448,/metrics/pcl/fused/processing_ms,std_msgs/msg/Float32,143.5272674560547
1774022030.2787864,/metrics/pcl/fused/detections_count,std_msgs/msg/Int32,80
1774022030.2788908,/metrics/pcl/fused/points_in,std_msgs/msg/Int32,41009
1774022030.2789562,/metrics/pcl/fused/processing_ms,std_msgs/msg/Float32,132.4436492919922
1774022030.770911,/metrics/pcl/fused/detections_count,std_msgs/msg/Int32,75
1774022030.7710388,/metrics/pcl/fused/points_in,std_msgs/msg/Int32,40975
1774022030.7710981,/metrics/pcl/fused/processing_ms,std_msgs/msg/Float32,128.87803649902344
1774022031.2886572,/metrics/pcl/fused/detections_count,std_msgs/msg/Int32,78
1774022031.2887766,/metrics/pcl/fused/points_in,std_msgs/msg/Int32,41034
1774022031.2888637,/metrics/pcl/fused/processing_ms,std_msgs/msg/Float32,140.57998657226562
1774022031.504284,/metrics/pcl/fused/detections_count,std_msgs/msg/Int32,73
1774022031.504404,/metrics/pcl/fused/points_in,std_msgs/msg/Int32,41016
1774022031.5044699,/metrics/pcl/fused/processing_ms,std_msgs/msg/Float32,153.93499755859375
1774022031.7310798,/metrics/pcl/fused/detections_count,std_msgs/msg/Int32,74
1774022031.7312202,/metrics/pcl/fused/points_in,std_msgs/msg/Int32,41061
1774022031.7313356,/metrics/pcl/fused/processing_ms,std_msgs/msg/Float32,171.11801147460938
1774022031.912618,/metrics/pcl/fused/detections_count,std_msgs/msg/Int32,79
1774022031.9127882,/metrics/pcl/fused/points_in,std_msgs/msg/Int32,41041
1774022031.912899,/metrics/pcl/fused/processing_ms,std_msgs/msg/Float32,180.65966796875
1774022032.1029918,/metrics/pcl/fused/detections_count,std_msgs/msg/Int32,75
1774022032.1031706,/metrics/pcl/fused/points_in,std_msgs/msg/Int32,40970
1774022032.1033812,/metrics/pcl/fused/processing_ms,std_msgs/msg/Float32,189.58160400390625
1774022032.4696343,/metrics/pcl/fused/detections_count,std_msgs/msg/Int32,72
1774022032.469795,/metrics/pcl/fused/points_in,std_msgs/msg/Int32,41015
1774022032.469896,/metrics/pcl/fused/processing_ms,std_msgs/msg/Float32,203.59364318847656
1774022032.6824968,/metrics/pcl/fused/detections_count,std_msgs/msg/Int32,77
1774022032.6826506,/metrics/pcl/fused/points_in,std_msgs/msg/Int32,41037
1774022032.682753,/metrics/pcl/fused/processing_ms,std_msgs/msg/Float32,211.89865112304688
1774022032.9139056,/metrics/pcl/fused/detections_count,std_msgs/msg/Int32,69
1774022032.9142168,/metrics/pcl/fused/points_in,std_msgs/msg/Int32,41095
1774022032.91439,/metrics/pcl/fused/processing_ms,std_msgs/msg/Float32,230.25930786132812
1774022033.1377976,/metrics/pcl/fused/detections_count,std_msgs/msg/Int32,75
1774022033.1379857,/metrics/pcl/fused/points_in,std_msgs/msg/Int32,41085
1774022033.1380734,/metrics/pcl/fused/processing_ms,std_msgs/msg/Float32,222.7229461669922
1774022033.3550162,/metrics/pcl/fused/detections_count,std_msgs/msg/Int32,77
1774022033.3552146,/metrics/pcl/fused/processing_ms,std_msgs/msg/Float32,216.0896759033203
1774022033.3556888,/metrics/pcl/fused/points_in,std_msgs/msg/Int32,41115
1774022033.5650897,/metrics/pcl/fused/detections_count,std_msgs/msg/Int32,76
1774022033.5652697,/metrics/pcl/fused/points_in,std_msgs/msg/Int32,41127
1774022033.5654073,/metrics/pcl/fused/processing_ms,std_msgs/msg/Float32,208.94483947753906
1774022033.762463,/metrics/pcl/fused/detections_count,std_msgs/msg/Int32,75
1774022033.762603,/metrics/pcl/fused/points_in,std_msgs/msg/Int32,41111
1774022033.7626882,/metrics/pcl/fused/processing_ms,std_msgs/msg/Float32,196.48049926757812
1774022033.9415283,/metrics/pcl/fused/detections_count,std_msgs/msg/Int32,76
1774022033.9416611,/metrics/pcl/fused/points_in,std_msgs/msg/Int32,41153
1774022033.941741,/metrics/pcl/fused/processing_ms,std_msgs/msg/Float32,178.30874633789062
1774022034.1148508,/metrics/pcl/fused/detections_count,std_msgs/msg/Int32,76
1774022034.114995,/metrics/pcl/fused/points_in,std_msgs/msg/Int32,41145
1774022034.115124,/metrics/pcl/fused/processing_ms,std_msgs/msg/Float32,172.5601806640625
1774022034.2751992,/metrics/pcl/fused/detections_count,std_msgs/msg/Int32,76
1774022034.2753556,/metrics/pcl/fused/points_in,std_msgs/msg/Int32,41027
1774022034.2754393,/metrics/pcl/fused/processing_ms,std_msgs/msg/Float32,159.6582489013672
1774022034.424058,/metrics/pcl/fused/detections_count,std_msgs/msg/Int32,72
1774022034.4242115,/metrics/pcl/fused/points_in,std_msgs/msg/Int32,41062
1774022034.4243414,/metrics/pcl/fused/processing_ms,std_msgs/msg/Float32,148.12037658691406
1774022034.570296,/metrics/pcl/fused/detections_count,std_msgs/msg/Int32,77
1774022034.5704618,/metrics/pcl/fused/points_in,std_msgs/msg/Int32,41179
1774022034.5706148,/metrics/pcl/fused/processing_ms,std_msgs/msg/Float32,145.60853576660156
1774022034.709487,/metrics/pcl/fused/detections_count,std_msgs/msg/Int32,71
1774022034.7096422,/metrics/pcl/fused/points_in,std_msgs/msg/Int32,41152
1774022034.7097583,/metrics/pcl/fused/processing_ms,std_msgs/msg/Float32,138.52622985839844
1774022034.8404446,/metrics/pcl/fused/detections_count,std_msgs/msg/Int32,73
1774022034.8406003,/metrics/pcl/fused/points_in,std_msgs/msg/Int32,41065
1774022034.840696,/metrics/pcl/fused/processing_ms,std_msgs/msg/Float32,130.31341552734375
1774022034.975161,/metrics/pcl/fused/detections_count,std_msgs/msg/Int32,78
1774022034.9752707,/metrics/pcl/fused/points_in,std_msgs/msg/Int32,41071
1774022034.9753711,/metrics/pcl/fused/processing_ms,std_msgs/msg/Float32,134.15921020507812
1774022035.1074424,/metrics/pcl/fused/detections_count,std_msgs/msg/Int32,75
1774022035.1075447,/metrics/pcl/fused/points_in,std_msgs/msg/Int32,41110
1774022035.107599,/metrics/pcl/fused/processing_ms,std_msgs/msg/Float32,131.64022827148438
1774022035.2418404,/metrics/pcl/fused/detections_count,std_msgs/msg/Int32,75
1774022035.241957,/metrics/pcl/fused/points_in,std_msgs/msg/Int32,41010
1774022035.2420237,/metrics/pcl/fused/processing_ms,std_msgs/msg/Float32,133.80133056640625
1774022035.375371,/metrics/pcl/fused/detections_count,std_msgs/msg/Int32,78
1774022035.375515,/metrics/pcl/fused/points_in,std_msgs/msg/Int32,40988
1774022035.3756027,/metrics/pcl/fused/processing_ms,std_msgs/msg/Float32,132.84149169921875
1774022035.5077376,/metrics/pcl/fused/detections_count,std_msgs/msg/Int32,80
1774022035.5078597,/metrics/pcl/fused/points_in,std_msgs/msg/Int32,41048
1774022035.507956,/metrics/pcl/fused/processing_ms,std_msgs/msg/Float32,131.73391723632812
1774022035.6420105,/metrics/pcl/fused/detections_count,std_msgs/msg/Int32,77
1774022035.6421309,/metrics/pcl/fused/points_in,std_msgs/msg/Int32,41050
1774022035.6421978,/metrics/pcl/fused/processing_ms,std_msgs/msg/Float32,133.63101196289062
1774022035.7749188,/metrics/pcl/fused/detections_count,std_msgs/msg/Int32,75
1774022035.7750237,/metrics/pcl/fused/points_in,std_msgs/msg/Int32,40989
1774022035.7750766,/metrics/pcl/fused/processing_ms,std_msgs/msg/Float32,132.33053588867188
1774022035.907612,/metrics/pcl/fused/detections_count,std_msgs/msg/Int32,76
1774022035.9077156,/metrics/pcl/fused/points_in,std_msgs/msg/Int32,41082
1774022035.9077704,/metrics/pcl/fused/processing_ms,std_msgs/msg/Float32,132.11566162109375
1774022036.0451899,/metrics/pcl/fused/detections_count,std_msgs/msg/Int32,76
1774022036.0453362,/metrics/pcl/fused/points_in,std_msgs/msg/Int32,40945
1774022036.045398,/metrics/pcl/fused/processing_ms,std_msgs/msg/Float32,136.90914916992188
1774022036.1921594,/metrics/pcl/fused/detections_count,std_msgs/msg/Int32,76
1774022036.19227,/metrics/pcl/fused/points_in,std_msgs/msg/Int32,40962
1774022036.1923597,/metrics/pcl/fused/processing_ms,std_msgs/msg/Float32,144.33970642089844
1774022036.4917774,/metrics/pcl/fused/detections_count,std_msgs/msg/Int32,75
1774022036.4919324,/metrics/pcl/fused/points_in,std_msgs/msg/Int32,40990
1774022036.492042,/metrics/pcl/fused/processing_ms,std_msgs/msg/Float32,144.71640014648438
1774022036.6239092,/metrics/pcl/fused/detections_count,std_msgs/msg/Int32,76
1774022036.624028,/metrics/pcl/fused/points_in,std_msgs/msg/Int32,41488
1774022036.6241047,/metrics/pcl/fused/processing_ms,std_msgs/msg/Float32,131.64935302734375
