stamp_sec,topic,type,value
1774524806.9331985,/metrics/pcl/back/detections_count,std_msgs/msg/Int32,32
1774524806.9333625,/metrics/pcl/back/points_in,std_msgs/msg/Int32,22152
1774524806.9334443,/metrics/pcl/back/processing_ms,std_msgs/msg/Float32,76.51271057128906
1774524807.0418627,/metrics/pcl/back/detections_count,std_msgs/msg/Int32,34
1774524807.0419924,/metrics/pcl/back/points_in,std_msgs/msg/Int32,22152
1774524807.0420659,/metrics/pcl/back/processing_ms,std_msgs/msg/Float32,83.77146911621094
1774524807.137935,/metrics/pcl/back/detections_count,std_msgs/msg/Int32,35
1774524807.1380787,/metrics/pcl/back/points_in,std_msgs/msg/Int32,22152
1774524807.1381714,/metrics/pcl/back/processing_ms,std_msgs/msg/Float32,79.1318359375
1774524807.2378023,/metrics/pcl/back/detections_count,std_msgs/msg/Int32,35
1774524807.2379246,/metrics/pcl/back/points_in,std_msgs/msg/Int32,22152
1774524807.238017,/metrics/pcl/back/processing_ms,std_msgs/msg/Float32,77.74739074707031
1774524807.335258,/metrics/pcl/back/detections_count,std_msgs/msg/Int32,35
1774524807.3354144,/metrics/pcl/back/points_in,std_msgs/msg/Int32,22152
1774524807.335515,/metrics/pcl/back/processing_ms,std_msgs/msg/Float32,74.68862915039062
1774524807.4315312,/metrics/pcl/back/detections_count,std_msgs/msg/Int32,34
1774524807.4316504,/metrics/pcl/back/points_in,std_msgs/msg/Int32,22152
1774524807.4317205,/metrics/pcl/back/processing_ms,std_msgs/msg/Float32,75.56314086914062
1774524807.5316517,/metrics/pcl/back/detections_count,std_msgs/msg/Int32,36
1774524807.5317612,/metrics/pcl/back/points_in,std_msgs/msg/Int32,22152
1774524807.5318253,/metrics/pcl/back/processing_ms,std_msgs/msg/Float32,75.13888549804688
1774524807.6302395,/metrics/pcl/back/detections_count,std_msgs/msg/Int32,33
1774524807.6303847,/metrics/pcl/back/points_in,std_msgs/msg/Int32,22152
1774524807.6304488,/metrics/pcl/back/processing_ms,std_msgs/msg/Float32,73.08564758300781
1774524807.732706,/metrics/pcl/back/detections_count,std_msgs/msg/Int32,35
1774524807.7328143,/metrics/pcl/back/points_in,std_msgs/msg/Int32,22152
1774524807.7328799,/metrics/pcl/back/processing_ms,std_msgs/msg/Float32,74.73773193359375
1774524807.8325813,/metrics/pcl/back/detections_count,std_msgs/msg/Int32,32
1774524807.8326988,/metrics/pcl/back/points_in,std_msgs/msg/Int32,22152
1774524807.8327613,/metrics/pcl/back/processing_ms,std_msgs/msg/Float32,73.44469451904297
1774524807.927383,/metrics/pcl/back/detections_count,std_msgs/msg/Int32,34
1774524807.9275064,/metrics/pcl/back/points_in,std_msgs/msg/Int32,22152
1774524807.9275796,/metrics/pcl/back/processing_ms,std_msgs/msg/Float32,72.42124938964844
1774524808.0279033,/metrics/pcl/back/detections_count,std_msgs/msg/Int32,39
1774524808.0280175,/metrics/pcl/back/points_in,std_msgs/msg/Int32,22152
1774524808.0280724,/metrics/pcl/back/processing_ms,std_msgs/msg/Float32,71.59025573730469
1774524808.1330643,/metrics/pcl/back/detections_count,std_msgs/msg/Int32,30
1774524808.133156,/metrics/pcl/back/points_in,std_msgs/msg/Int32,22152
1774524808.1332092,/metrics/pcl/back/processing_ms,std_msgs/msg/Float32,76.19274139404297
1774524808.2289758,/metrics/pcl/back/detections_count,std_msgs/msg/Int32,37
1774524808.2290719,/metrics/pcl/back/points_in,std_msgs/msg/Int32,22152
1774524808.2291248,/metrics/pcl/back/processing_ms,std_msgs/msg/Float32,71.40210723876953
1774524808.3302248,/metrics/pcl/back/detections_count,std_msgs/msg/Int32,36
1774524808.3303323,/metrics/pcl/back/points_in,std_msgs/msg/Int32,22152
1774524808.3303888,/metrics/pcl/back/processing_ms,std_msgs/msg/Float32,72.3654556274414
1774524808.4327638,/metrics/pcl/back/detections_count,std_msgs/msg/Int32,35
1774524808.4328809,/metrics/pcl/back/points_in,std_msgs/msg/Int32,22152
1774524808.432945,/metrics/pcl/back/processing_ms,std_msgs/msg/Float32,74.04356384277344
1774524808.5303457,/metrics/pcl/back/detections_count,std_msgs/msg/Int32,34
1774524808.5304568,/metrics/pcl/back/points_in,std_msgs/msg/Int32,22152
1774524808.530522,/metrics/pcl/back/processing_ms,std_msgs/msg/Float32,74.94984436035156
1774524808.6292176,/metrics/pcl/back/detections_count,std_msgs/msg/Int32,34
1774524808.6293476,/metrics/pcl/back/points_in,std_msgs/msg/Int32,22152
1774524808.6294231,/metrics/pcl/back/processing_ms,std_msgs/msg/Float32,73.01969146728516
1774524808.731052,/metrics/pcl/back/detections_count,std_msgs/msg/Int32,35
1774524808.7311678,/metrics/pcl/back/points_in,std_msgs/msg/Int32,22152
1774524808.7312236,/metrics/pcl/back/processing_ms,std_msgs/msg/Float32,74.59241485595703
1774524808.8357077,/metrics/pcl/back/detections_count,std_msgs/msg/Int32,31
1774524808.835824,/metrics/pcl/back/points_in,std_msgs/msg/Int32,22152
1774524808.8358922,/metrics/pcl/back/processing_ms,std_msgs/msg/Float32,77.38483428955078
1774524808.9347136,/metrics/pcl/back/detections_count,std_msgs/msg/Int32,33
1774524808.9348562,/metrics/pcl/back/points_in,std_msgs/msg/Int32,22152
1774524808.934921,/metrics/pcl/back/processing_ms,std_msgs/msg/Float32,76.1202392578125
1774524809.0342536,/metrics/pcl/back/detections_count,std_msgs/msg/Int32,34
1774524809.0343757,/metrics/pcl/back/points_in,std_msgs/msg/Int32,22152
1774524809.0344393,/metrics/pcl/back/processing_ms,std_msgs/msg/Float32,75.00035858154297
1774524809.1313128,/metrics/pcl/back/detections_count,std_msgs/msg/Int32,33
1774524809.131424,/metrics/pcl/back/points_in,std_msgs/msg/Int32,22152
1774524809.1314867,/metrics/pcl/back/processing_ms,std_msgs/msg/Float32,75.71781921386719
1774524809.2333093,/metrics/pcl/back/detections_count,std_msgs/msg/Int32,30
1774524809.2334042,/metrics/pcl/back/points_in,std_msgs/msg/Int32,22152
1774524809.2334573,/metrics/pcl/back/processing_ms,std_msgs/msg/Float32,77.35453033447266
1774524809.3312397,/metrics/pcl/back/detections_count,std_msgs/msg/Int32,33
1774524809.331361,/metrics/pcl/back/points_in,std_msgs/msg/Int32,22152
1774524809.331415,/metrics/pcl/back/processing_ms,std_msgs/msg/Float32,74.85692596435547
1774524809.432849,/metrics/pcl/back/detections_count,std_msgs/msg/Int32,32
1774524809.4329684,/metrics/pcl/back/points_in,std_msgs/msg/Int32,22152
1774524809.433037,/metrics/pcl/back/processing_ms,std_msgs/msg/Float32,75.13172912597656
1774524809.53754,/metrics/pcl/back/detections_count,std_msgs/msg/Int32,31
1774524809.53765,/metrics/pcl/back/points_in,std_msgs/msg/Int32,22152
1774524809.5377076,/metrics/pcl/back/processing_ms,std_msgs/msg/Float32,79.33023834228516
1774524809.6368196,/metrics/pcl/back/detections_count,std_msgs/msg/Int32,34
1774524809.6369307,/metrics/pcl/back/points_in,std_msgs/msg/Int32,22152
1774524809.6369958,/metrics/pcl/back/processing_ms,std_msgs/msg/Float32,76.7733154296875
1774524809.736183,/metrics/pcl/back/detections_count,std_msgs/msg/Int32,31
1774524809.7363625,/metrics/pcl/back/points_in,std_msgs/msg/Int32,22152
1774524809.7364378,/metrics/pcl/back/processing_ms,std_msgs/msg/Float32,80.61447143554688
1774524809.8298647,/metrics/pcl/back/detections_count,std_msgs/msg/Int32,32
1774524809.8299856,/metrics/pcl/back/points_in,std_msgs/msg/Int32,22152
1774524809.83004,/metrics/pcl/back/processing_ms,std_msgs/msg/Float32,73.6369400024414
1774524809.9316502,/metrics/pcl/back/detections_count,std_msgs/msg/Int32,31
1774524809.9317596,/metrics/pcl/back/points_in,std_msgs/msg/Int32,22152
1774524809.931813,/metrics/pcl/back/processing_ms,std_msgs/msg/Float32,74.33110809326172
1774524810.031133,/metrics/pcl/back/detections_count,std_msgs/msg/Int32,30
1774524810.0312297,/metrics/pcl/back/points_in,std_msgs/msg/Int32,22152
1774524810.0312934,/metrics/pcl/back/processing_ms,std_msgs/msg/Float32,72.99488830566406
1774524810.1308746,/metrics/pcl/back/detections_count,std_msgs/msg/Int32,28
1774524810.1309934,/metrics/pcl/back/points_in,std_msgs/msg/Int32,22152
1774524810.131049,/metrics/pcl/back/processing_ms,std_msgs/msg/Float32,72.07965087890625
1774524810.2288828,/metrics/pcl/back/detections_count,std_msgs/msg/Int32,28
1774524810.2290022,/metrics/pcl/back/points_in,std_msgs/msg/Int32,22152
1774524810.2290592,/metrics/pcl/back/processing_ms,std_msgs/msg/Float32,73.48661804199219
1774524810.3283646,/metrics/pcl/back/detections_count,std_msgs/msg/Int32,30
1774524810.328497,/metrics/pcl/back/points_in,std_msgs/msg/Int32,22152
1774524810.328552,/metrics/pcl/back/processing_ms,std_msgs/msg/Float32,72.47290802001953
1774524810.4298112,/metrics/pcl/back/detections_count,std_msgs/msg/Int32,29
1774524810.4299674,/metrics/pcl/back/points_in,std_msgs/msg/Int32,22152
1774524810.4300263,/metrics/pcl/back/processing_ms,std_msgs/msg/Float32,72.61328887939453
1774524810.5298424,/metrics/pcl/back/detections_count,std_msgs/msg/Int32,30
1774524810.529966,/metrics/pcl/back/points_in,std_msgs/msg/Int32,22152
1774524810.530023,/metrics/pcl/back/processing_ms,std_msgs/msg/Float32,71.93109893798828
1774524810.632893,/metrics/pcl/back/detections_count,std_msgs/msg/Int32,32
1774524810.633005,/metrics/pcl/back/points_in,std_msgs/msg/Int32,22152
1774524810.6330678,/metrics/pcl/back/processing_ms,std_msgs/msg/Float32,74.57394409179688
1774524810.7344093,/metrics/pcl/back/detections_count,std_msgs/msg/Int32,31
1774524810.7345226,/metrics/pcl/back/points_in,std_msgs/msg/Int32,22152
1774524810.734577,/metrics/pcl/back/processing_ms,std_msgs/msg/Float32,75.48492431640625
1774524810.8293424,/metrics/pcl/back/detections_count,std_msgs/msg/Int32,29
1774524810.8294566,/metrics/pcl/back/points_in,std_msgs/msg/Int32,22152
1774524810.8295112,/metrics/pcl/back/processing_ms,std_msgs/msg/Float32,74.0813980102539
1774524810.934114,/metrics/pcl/back/detections_count,std_msgs/msg/Int32,29
1774524810.934241,/metrics/pcl/back/points_in,std_msgs/msg/Int32,22152
1774524810.9343226,/metrics/pcl/back/processing_ms,std_msgs/msg/Float32,76.81272888183594
1774524811.0321617,/metrics/pcl/back/detections_count,std_msgs/msg/Int32,31
1774524811.032283,/metrics/pcl/back/points_in,std_msgs/msg/Int32,22152
1774524811.0323474,/metrics/pcl/back/processing_ms,std_msgs/msg/Float32,74.11502075195312
1774524811.1311755,/metrics/pcl/back/detections_count,std_msgs/msg/Int32,29
1774524811.1313028,/metrics/pcl/back/points_in,std_msgs/msg/Int32,22152
1774524811.1313622,/metrics/pcl/back/processing_ms,std_msgs/msg/Float32,72.04522705078125
1774524811.232536,/metrics/pcl/back/detections_count,std_msgs/msg/Int32,28
1774524811.232633,/metrics/pcl/back/points_in,std_msgs/msg/Int32,22152
1774524811.232687,/metrics/pcl/back/processing_ms,std_msgs/msg/Float32,71.9998550415039
1774524811.3325999,/metrics/pcl/back/detections_count,std_msgs/msg/Int32,28
1774524811.3326967,/metrics/pcl/back/points_in,std_msgs/msg/Int32,22152
1774524811.332751,/metrics/pcl/back/processing_ms,std_msgs/msg/Float32,72.35397338867188
1774524811.4315088,/metrics/pcl/back/detections_count,std_msgs/msg/Int32,28
1774524811.4316254,/metrics/pcl/back/points_in,std_msgs/msg/Int32,22152
1774524811.431681,/metrics/pcl/back/processing_ms,std_msgs/msg/Float32,75.00358581542969
1774524811.5288858,/metrics/pcl/back/detections_count,std_msgs/msg/Int32,33
1774524811.528999,/metrics/pcl/back/points_in,std_msgs/msg/Int32,22152
1774524811.5290549,/metrics/pcl/back/processing_ms,std_msgs/msg/Float32,71.34075927734375
1774524811.6311138,/metrics/pcl/back/detections_count,std_msgs/msg/Int32,33
1774524811.6312456,/metrics/pcl/back/points_in,std_msgs/msg/Int32,22152
1774524811.6313424,/metrics/pcl/back/processing_ms,std_msgs/msg/Float32,72.85125732421875
1774524811.7314894,/metrics/pcl/back/detections_count,std_msgs/msg/Int32,34
1774524811.7315922,/metrics/pcl/back/points_in,std_msgs/msg/Int32,22152
1774524811.7316463,/metrics/pcl/back/processing_ms,std_msgs/msg/Float32,72.40543365478516
1774524811.8294551,/metrics/pcl/back/detections_count,std_msgs/msg/Int32,35
1774524811.8295798,/metrics/pcl/back/points_in,std_msgs/msg/Int32,22152
1774524811.8296566,/metrics/pcl/back/processing_ms,std_msgs/msg/Float32,69.60272216796875
1774524811.9301424,/metrics/pcl/back/detections_count,std_msgs/msg/Int32,34
1774524811.930322,/metrics/pcl/back/points_in,std_msgs/msg/Int32,22152
1774524811.930406,/metrics/pcl/back/processing_ms,std_msgs/msg/Float32,69.80130004882812
1774524812.0267038,/metrics/pcl/back/detections_count,std_msgs/msg/Int32,37
1774524812.0268338,/metrics/pcl/back/points_in,std_msgs/msg/Int32,22152
1774524812.0269089,/metrics/pcl/back/processing_ms,std_msgs/msg/Float32,69.17028045654297
1774524812.1293426,/metrics/pcl/back/detections_count,std_msgs/msg/Int32,34
1774524812.129441,/metrics/pcl/back/points_in,std_msgs/msg/Int32,22152
1774524812.1294951,/metrics/pcl/back/processing_ms,std_msgs/msg/Float32,71.10458374023438
1774524812.229322,/metrics/pcl/back/detections_count,std_msgs/msg/Int32,36
1774524812.2294486,/metrics/pcl/back/points_in,std_msgs/msg/Int32,22152
1774524812.229526,/metrics/pcl/back/processing_ms,std_msgs/msg/Float32,70.51189422607422
1774524812.3307767,/metrics/pcl/back/detections_count,std_msgs/msg/Int32,42
1774524812.3309023,/metrics/pcl/back/points_in,std_msgs/msg/Int32,22152
1774524812.33098,/metrics/pcl/back/processing_ms,std_msgs/msg/Float32,70.8452377319336
1774524812.4289262,/metrics/pcl/back/detections_count,std_msgs/msg/Int32,36
1774524812.4290507,/metrics/pcl/back/points_in,std_msgs/msg/Int32,22152
1774524812.4291275,/metrics/pcl/back/processing_ms,std_msgs/msg/Float32,69.11785888671875
1774524812.5308344,/metrics/pcl/back/detections_count,std_msgs/msg/Int32,33
1774524812.5309532,/metrics/pcl/back/points_in,std_msgs/msg/Int32,22152
1774524812.5310204,/metrics/pcl/back/processing_ms,std_msgs/msg/Float32,71.25323486328125
1774524812.6318767,/metrics/pcl/back/detections_count,std_msgs/msg/Int32,33
1774524812.6319947,/metrics/pcl/back/points_in,std_msgs/msg/Int32,22152
1774524812.6320636,/metrics/pcl/back/processing_ms,std_msgs/msg/Float32,75.02613830566406
1774524812.7365263,/metrics/pcl/back/detections_count,std_msgs/msg/Int32,39
1774524812.7366486,/metrics/pcl/back/points_in,std_msgs/msg/Int32,22152
1774524812.7367227,/metrics/pcl/back/processing_ms,std_msgs/msg/Float32,79.30559539794922
1774524812.8302648,/metrics/pcl/back/detections_count,std_msgs/msg/Int32,35
1774524812.8304384,/metrics/pcl/back/points_in,std_msgs/msg/Int32,22152
1774524812.8305166,/metrics/pcl/back/processing_ms,std_msgs/msg/Float32,71.57167053222656
1774524812.9303548,/metrics/pcl/back/detections_count,std_msgs/msg/Int32,39
1774524812.930485,/metrics/pcl/back/points_in,std_msgs/msg/Int32,22152
1774524812.9305542,/metrics/pcl/back/processing_ms,std_msgs/msg/Float32,71.73931121826172
1774524813.0360942,/metrics/pcl/back/detections_count,std_msgs/msg/Int32,41
1774524813.0362306,/metrics/pcl/back/points_in,std_msgs/msg/Int32,22152
1774524813.0363185,/metrics/pcl/back/processing_ms,std_msgs/msg/Float32,76.78800201416016
1774524813.1317368,/metrics/pcl/back/detections_count,std_msgs/msg/Int32,35
1774524813.1318324,/metrics/pcl/back/points_in,std_msgs/msg/Int32,22152
1774524813.1318853,/metrics/pcl/back/processing_ms,std_msgs/msg/Float32,75.61397552490234
1774524813.232344,/metrics/pcl/back/detections_count,std_msgs/msg/Int32,34
1774524813.2324626,/metrics/pcl/back/points_in,std_msgs/msg/Int32,22152
1774524813.2325382,/metrics/pcl/back/processing_ms,std_msgs/msg/Float32,74.6843490600586
1774524813.332961,/metrics/pcl/back/detections_count,std_msgs/msg/Int32,36
1774524813.333075,/metrics/pcl/back/points_in,std_msgs/msg/Int32,22152
1774524813.3331394,/metrics/pcl/back/processing_ms,std_msgs/msg/Float32,75.41234588623047
1774524813.4340706,/metrics/pcl/back/detections_count,std_msgs/msg/Int32,38
1774524813.4341838,/metrics/pcl/back/points_in,std_msgs/msg/Int32,22152
1774524813.4342477,/metrics/pcl/back/processing_ms,std_msgs/msg/Float32,75.18133544921875
1774524813.5410235,/metrics/pcl/back/detections_count,std_msgs/msg/Int32,36
1774524813.5411475,/metrics/pcl/back/points_in,std_msgs/msg/Int32,22152
1774524813.541227,/metrics/pcl/back/processing_ms,std_msgs/msg/Float32,81.56102752685547
1774524813.6367724,/metrics/pcl/back/detections_count,std_msgs/msg/Int32,32
1774524813.6368992,/metrics/pcl/back/points_in,std_msgs/msg/Int32,22152
1774524813.6369786,/metrics/pcl/back/processing_ms,std_msgs/msg/Float32,75.85963439941406
1774524813.731431,/metrics/pcl/back/detections_count,std_msgs/msg/Int32,34
1774524813.731536,/metrics/pcl/back/points_in,std_msgs/msg/Int32,22152
1774524813.7315881,/metrics/pcl/back/processing_ms,std_msgs/msg/Float32,74.32527160644531
1774524813.8342638,/metrics/pcl/back/detections_count,std_msgs/msg/Int32,39
1774524813.83439,/metrics/pcl/back/points_in,std_msgs/msg/Int32,22152
1774524813.8344452,/metrics/pcl/back/processing_ms,std_msgs/msg/Float32,77.01433563232422
1774524813.9336796,/metrics/pcl/back/detections_count,std_msgs/msg/Int32,35
1774524813.9337978,/metrics/pcl/back/points_in,std_msgs/msg/Int32,22152
1774524813.9338598,/metrics/pcl/back/processing_ms,std_msgs/msg/Float32,75.33926391601562
1774524814.034357,/metrics/pcl/back/detections_count,std_msgs/msg/Int32,36
1774524814.0344746,/metrics/pcl/back/points_in,std_msgs/msg/Int32,22152
1774524814.034538,/metrics/pcl/back/processing_ms,std_msgs/msg/Float32,75.31883239746094
1774524814.138634,/metrics/pcl/back/detections_count,std_msgs/msg/Int32,37
1774524814.1387522,/metrics/pcl/back/points_in,std_msgs/msg/Int32,22152
1774524814.1388083,/metrics/pcl/back/processing_ms,std_msgs/msg/Float32,78.8275146484375
1774524814.2414343,/metrics/pcl/back/detections_count,std_msgs/msg/Int32,35
1774524814.2415576,/metrics/pcl/back/points_in,std_msgs/msg/Int32,22152
1774524814.2416253,/metrics/pcl/back/processing_ms,std_msgs/msg/Float32,80.52022552490234
1774524814.3373647,/metrics/pcl/back/detections_count,std_msgs/msg/Int32,37
1774524814.3374882,/metrics/pcl/back/points_in,std_msgs/msg/Int32,22152
1774524814.3375432,/metrics/pcl/back/processing_ms,std_msgs/msg/Float32,80.7290267944336
1774524814.437007,/metrics/pcl/back/detections_count,std_msgs/msg/Int32,35
1774524814.4371397,/metrics/pcl/back/points_in,std_msgs/msg/Int32,22152
1774524814.4372036,/metrics/pcl/back/processing_ms,std_msgs/msg/Float32,79.12921905517578
1774524814.5373826,/metrics/pcl/back/detections_count,std_msgs/msg/Int32,37
1774524814.5375013,/metrics/pcl/back/points_in,std_msgs/msg/Int32,22152
1774524814.537565,/metrics/pcl/back/processing_ms,std_msgs/msg/Float32,78.82740020751953
1774524814.6426778,/metrics/pcl/back/detections_count,std_msgs/msg/Int32,38
1774524814.64279,/metrics/pcl/back/points_in,std_msgs/msg/Int32,22152
1774524814.642845,/metrics/pcl/back/processing_ms,std_msgs/msg/Float32,83.04817962646484
1774524814.73914,/metrics/pcl/back/detections_count,std_msgs/msg/Int32,34
1774524814.739249,/metrics/pcl/back/points_in,std_msgs/msg/Int32,22152
1774524814.7393358,/metrics/pcl/back/processing_ms,std_msgs/msg/Float32,79.32466888427734
1774524814.837787,/metrics/pcl/back/detections_count,std_msgs/msg/Int32,35
1774524814.837906,/metrics/pcl/back/points_in,std_msgs/msg/Int32,22152
1774524814.8379698,/metrics/pcl/back/processing_ms,std_msgs/msg/Float32,76.98942565917969
1774524814.9338799,/metrics/pcl/back/detections_count,std_msgs/msg/Int32,32
1774524814.9339867,/metrics/pcl/back/points_in,std_msgs/msg/Int32,22152
1774524814.93404,/metrics/pcl/back/processing_ms,std_msgs/msg/Float32,76.49671936035156
1774524815.0346794,/metrics/pcl/back/detections_count,std_msgs/msg/Int32,37
1774524815.0347965,/metrics/pcl/back/points_in,std_msgs/msg/Int32,22152
1774524815.0348532,/metrics/pcl/back/processing_ms,std_msgs/msg/Float32,76.5466537475586
1774524815.1315203,/metrics/pcl/back/detections_count,std_msgs/msg/Int32,37
1774524815.131637,/metrics/pcl/back/points_in,std_msgs/msg/Int32,22152
1774524815.131695,/metrics/pcl/back/processing_ms,std_msgs/msg/Float32,72.67321014404297
1774524815.2329037,/metrics/pcl/back/detections_count,std_msgs/msg/Int32,32
1774524815.2330213,/metrics/pcl/back/points_in,std_msgs/msg/Int32,22152
1774524815.2330768,/metrics/pcl/back/processing_ms,std_msgs/msg/Float32,73.0909423828125
1774524815.332889,/metrics/pcl/back/detections_count,std_msgs/msg/Int32,38
1774524815.332997,/metrics/pcl/back/points_in,std_msgs/msg/Int32,22152
1774524815.3330495,/metrics/pcl/back/processing_ms,std_msgs/msg/Float32,72.56021881103516
1774524815.4321918,/metrics/pcl/back/detections_count,std_msgs/msg/Int32,36
1774524815.4323435,/metrics/pcl/back/points_in,std_msgs/msg/Int32,22152
1774524815.4324038,/metrics/pcl/back/processing_ms,std_msgs/msg/Float32,75.48444366455078
1774524815.5357592,/metrics/pcl/back/detections_count,std_msgs/msg/Int32,36
1774524815.5358748,/metrics/pcl/back/points_in,std_msgs/msg/Int32,22152
1774524815.5359387,/metrics/pcl/back/processing_ms,std_msgs/msg/Float32,78.7808837890625
1774524815.638159,/metrics/pcl/back/detections_count,std_msgs/msg/Int32,31
1774524815.6382945,/metrics/pcl/back/points_in,std_msgs/msg/Int32,22152
1774524815.6383548,/metrics/pcl/back/processing_ms,std_msgs/msg/Float32,80.5138931274414
1774524815.7385464,/metrics/pcl/back/detections_count,std_msgs/msg/Int32,32
1774524815.7386591,/metrics/pcl/back/points_in,std_msgs/msg/Int32,22152
1774524815.7387137,/metrics/pcl/back/processing_ms,std_msgs/msg/Float32,80.6032485961914
1774524815.8357334,/metrics/pcl/back/detections_count,std_msgs/msg/Int32,34
1774524815.8358495,/metrics/pcl/back/points_in,std_msgs/msg/Int32,22152
1774524815.8359048,/metrics/pcl/back/processing_ms,std_msgs/msg/Float32,76.2050552368164
1774524815.9349577,/metrics/pcl/back/detections_count,std_msgs/msg/Int32,33
1774524815.935089,/metrics/pcl/back/points_in,std_msgs/msg/Int32,22152
1774524815.9351566,/metrics/pcl/back/processing_ms,std_msgs/msg/Float32,75.38818359375
1774524816.031099,/metrics/pcl/back/detections_count,std_msgs/msg/Int32,32
1774524816.0312405,/metrics/pcl/back/points_in,std_msgs/msg/Int32,22152
1774524816.0313287,/metrics/pcl/back/processing_ms,std_msgs/msg/Float32,74.07671356201172
1774524816.132498,/metrics/pcl/back/detections_count,std_msgs/msg/Int32,34
1774524816.1325939,/metrics/pcl/back/points_in,std_msgs/msg/Int32,22152
1774524816.1326473,/metrics/pcl/back/processing_ms,std_msgs/msg/Float32,74.76897430419922
1774524816.2324073,/metrics/pcl/back/detections_count,std_msgs/msg/Int32,33
1774524816.232522,/metrics/pcl/back/points_in,std_msgs/msg/Int32,22152
1774524816.2325768,/metrics/pcl/back/processing_ms,std_msgs/msg/Float32,74.0168685913086
1774524816.3323703,/metrics/pcl/back/detections_count,std_msgs/msg/Int32,35
1774524816.3324676,/metrics/pcl/back/points_in,std_msgs/msg/Int32,22152
1774524816.3325207,/metrics/pcl/back/processing_ms,std_msgs/msg/Float32,73.137451171875
1774524816.4331098,/metrics/pcl/back/detections_count,std_msgs/msg/Int32,35
1774524816.433229,/metrics/pcl/back/points_in,std_msgs/msg/Int32,22152
1774524816.4333112,/metrics/pcl/back/processing_ms,std_msgs/msg/Float32,73.0051498413086
1774524816.5339465,/metrics/pcl/back/detections_count,std_msgs/msg/Int32,30
1774524816.534053,/metrics/pcl/back/points_in,std_msgs/msg/Int32,22152
1774524816.5341163,/metrics/pcl/back/processing_ms,std_msgs/msg/Float32,73.34626770019531
1774524816.630818,/metrics/pcl/back/detections_count,std_msgs/msg/Int32,35
1774524816.6309292,/metrics/pcl/back/points_in,std_msgs/msg/Int32,22152
1774524816.630993,/metrics/pcl/back/processing_ms,std_msgs/msg/Float32,73.74298095703125
1774524816.7351964,/metrics/pcl/back/detections_count,std_msgs/msg/Int32,30
1774524816.7353458,/metrics/pcl/back/points_in,std_msgs/msg/Int32,22152
1774524816.7354343,/metrics/pcl/back/processing_ms,std_msgs/msg/Float32,77.51556396484375
1774524816.8340843,/metrics/pcl/back/detections_count,std_msgs/msg/Int32,30
1774524816.834225,/metrics/pcl/back/points_in,std_msgs/msg/Int32,22152
1774524816.834326,/metrics/pcl/back/processing_ms,std_msgs/msg/Float32,74.9422378540039
1774524816.934489,/metrics/pcl/back/detections_count,std_msgs/msg/Int32,36
1774524816.9346035,/metrics/pcl/back/points_in,std_msgs/msg/Int32,22152
1774524816.934671,/metrics/pcl/back/processing_ms,std_msgs/msg/Float32,74.85137939453125
1774524817.0350254,/metrics/pcl/back/detections_count,std_msgs/msg/Int32,34
1774524817.035125,/metrics/pcl/back/points_in,std_msgs/msg/Int32,22152
1774524817.0351782,/metrics/pcl/back/processing_ms,std_msgs/msg/Float32,75.47534942626953
1774524817.1363637,/metrics/pcl/back/detections_count,std_msgs/msg/Int32,34
1774524817.1364717,/metrics/pcl/back/points_in,std_msgs/msg/Int32,22152
1774524817.1365469,/metrics/pcl/back/processing_ms,std_msgs/msg/Float32,75.61078643798828
1774524817.2314882,/metrics/pcl/back/detections_count,std_msgs/msg/Int32,33
1774524817.2315977,/metrics/pcl/back/points_in,std_msgs/msg/Int32,22152
1774524817.2316754,/metrics/pcl/back/processing_ms,std_msgs/msg/Float32,74.58050537109375
1774524817.332976,/metrics/pcl/back/detections_count,std_msgs/msg/Int32,33
1774524817.3330936,/metrics/pcl/back/points_in,std_msgs/msg/Int32,22152
1774524817.3331637,/metrics/pcl/back/processing_ms,std_msgs/msg/Float32,74.89169311523438
1774524817.433613,/metrics/pcl/back/detections_count,std_msgs/msg/Int32,35
1774524817.4337356,/metrics/pcl/back/points_in,std_msgs/msg/Int32,22152
1774524817.4338179,/metrics/pcl/back/processing_ms,std_msgs/msg/Float32,74.8612060546875
1774524817.530947,/metrics/pcl/back/detections_count,std_msgs/msg/Int32,34
1774524817.5310535,/metrics/pcl/back/points_in,std_msgs/msg/Int32,22152
1774524817.5311182,/metrics/pcl/back/processing_ms,std_msgs/msg/Float32,71.58463287353516
1774524817.6323953,/metrics/pcl/back/detections_count,std_msgs/msg/Int32,34
1774524817.6325238,/metrics/pcl/back/points_in,std_msgs/msg/Int32,22152
1774524817.6326063,/metrics/pcl/back/processing_ms,std_msgs/msg/Float32,71.51024627685547
1774524817.7297707,/metrics/pcl/back/detections_count,std_msgs/msg/Int32,33
1774524817.7299268,/metrics/pcl/back/points_in,std_msgs/msg/Int32,22152
1774524817.7300162,/metrics/pcl/back/processing_ms,std_msgs/msg/Float32,73.06863403320312
1774524817.835604,/metrics/pcl/back/detections_count,std_msgs/msg/Int32,33
1774524817.835712,/metrics/pcl/back/points_in,std_msgs/msg/Int32,22152
1774524817.8357654,/metrics/pcl/back/processing_ms,std_msgs/msg/Float32,77.15043640136719
1774524817.932927,/metrics/pcl/back/detections_count,std_msgs/msg/Int32,38
1774524817.9330423,/metrics/pcl/back/points_in,std_msgs/msg/Int32,22152
1774524817.9331064,/metrics/pcl/back/processing_ms,std_msgs/msg/Float32,74.93083190917969
1774524818.0340576,/metrics/pcl/back/detections_count,std_msgs/msg/Int32,32
1774524818.0341659,/metrics/pcl/back/points_in,std_msgs/msg/Int32,22152
1774524818.03423,/metrics/pcl/back/processing_ms,std_msgs/msg/Float32,75.64397430419922
1774524818.1361027,/metrics/pcl/back/detections_count,std_msgs/msg/Int32,38
1774524818.1362138,/metrics/pcl/back/points_in,std_msgs/msg/Int32,22152
1774524818.1362915,/metrics/pcl/back/processing_ms,std_msgs/msg/Float32,76.36347961425781
1774524818.2375245,/metrics/pcl/back/detections_count,std_msgs/msg/Int32,31
1774524818.2376344,/metrics/pcl/back/points_in,std_msgs/msg/Int32,22152
1774524818.237687,/metrics/pcl/back/processing_ms,std_msgs/msg/Float32,77.61640167236328
1774524818.336941,/metrics/pcl/back/detections_count,std_msgs/msg/Int32,33
1774524818.3370569,/metrics/pcl/back/points_in,std_msgs/msg/Int32,22152
1774524818.3371465,/metrics/pcl/back/processing_ms,std_msgs/msg/Float32,80.1929931640625
1774524818.4344854,/metrics/pcl/back/detections_count,std_msgs/msg/Int32,34
1774524818.4345965,/metrics/pcl/back/points_in,std_msgs/msg/Int32,22152
1774524818.4346614,/metrics/pcl/back/processing_ms,std_msgs/msg/Float32,76.4876708984375
1774524818.5351808,/metrics/pcl/back/detections_count,std_msgs/msg/Int32,38
1774524818.5353117,/metrics/pcl/back/points_in,std_msgs/msg/Int32,22152
1774524818.535382,/metrics/pcl/back/processing_ms,std_msgs/msg/Float32,76.99348449707031
1774524818.6358747,/metrics/pcl/back/detections_count,std_msgs/msg/Int32,34
1774524818.6359997,/metrics/pcl/back/points_in,std_msgs/msg/Int32,22152
1774524818.6360643,/metrics/pcl/back/processing_ms,std_msgs/msg/Float32,77.15130615234375
1774524818.7408752,/metrics/pcl/back/detections_count,std_msgs/msg/Int32,32
1774524818.7409956,/metrics/pcl/back/points_in,std_msgs/msg/Int32,22152
1774524818.7410758,/metrics/pcl/back/processing_ms,std_msgs/msg/Float32,81.61089324951172
1774524818.835159,/metrics/pcl/back/detections_count,std_msgs/msg/Int32,35
1774524818.8352697,/metrics/pcl/back/points_in,std_msgs/msg/Int32,22152
1774524818.8353784,/metrics/pcl/back/processing_ms,std_msgs/msg/Float32,75.45015716552734
1774524818.9365902,/metrics/pcl/back/detections_count,std_msgs/msg/Int32,37
1774524818.9367058,/metrics/pcl/back/points_in,std_msgs/msg/Int32,22152
1774524818.9367785,/metrics/pcl/back/processing_ms,std_msgs/msg/Float32,80.83003234863281
1774524819.036506,/metrics/pcl/back/detections_count,std_msgs/msg/Int32,35
1774524819.0366342,/metrics/pcl/back/points_in,std_msgs/msg/Int32,22152
1774524819.036714,/metrics/pcl/back/processing_ms,std_msgs/msg/Float32,79.34857940673828
1774524819.1383963,/metrics/pcl/back/detections_count,std_msgs/msg/Int32,35
1774524819.1385562,/metrics/pcl/back/points_in,std_msgs/msg/Int32,22152
1774524819.138638,/metrics/pcl/back/processing_ms,std_msgs/msg/Float32,80.2466049194336
1774524819.2423987,/metrics/pcl/back/detections_count,std_msgs/msg/Int32,35
1774524819.2425067,/metrics/pcl/back/points_in,std_msgs/msg/Int32,22152
1774524819.242567,/metrics/pcl/back/processing_ms,std_msgs/msg/Float32,82.82658386230469
1774524819.3392074,/metrics/pcl/back/detections_count,std_msgs/msg/Int32,38
1774524819.3393297,/metrics/pcl/back/points_in,std_msgs/msg/Int32,22152
1774524819.3393884,/metrics/pcl/back/processing_ms,std_msgs/msg/Float32,79.24791717529297
1774524819.4394774,/metrics/pcl/back/detections_count,std_msgs/msg/Int32,37
1774524819.439597,/metrics/pcl/back/points_in,std_msgs/msg/Int32,22152
1774524819.43966,/metrics/pcl/back/processing_ms,std_msgs/msg/Float32,78.916748046875
1774524819.5340123,/metrics/pcl/back/detections_count,std_msgs/msg/Int32,33
1774524819.5341215,/metrics/pcl/back/points_in,std_msgs/msg/Int32,22152
1774524819.5341861,/metrics/pcl/back/processing_ms,std_msgs/msg/Float32,77.22193908691406
1774524819.6365585,/metrics/pcl/back/detections_count,std_msgs/msg/Int32,37
1774524819.636669,/metrics/pcl/back/points_in,std_msgs/msg/Int32,22152
1774524819.6367323,/metrics/pcl/back/processing_ms,std_msgs/msg/Float32,78.55115509033203
1774524819.7324102,/metrics/pcl/back/detections_count,std_msgs/msg/Int32,36
1774524819.7325191,/metrics/pcl/back/points_in,std_msgs/msg/Int32,22152
1774524819.7325835,/metrics/pcl/back/processing_ms,std_msgs/msg/Float32,74.3208236694336
1774524819.8347795,/metrics/pcl/back/detections_count,std_msgs/msg/Int32,36
1774524819.834897,/metrics/pcl/back/points_in,std_msgs/msg/Int32,22152
1774524819.8349533,/metrics/pcl/back/processing_ms,std_msgs/msg/Float32,75.32072448730469
1774524819.9350772,/metrics/pcl/back/detections_count,std_msgs/msg/Int32,34
1774524819.9351933,/metrics/pcl/back/processing_ms,std_msgs/msg/Float32,74.99372863769531
1774524819.9354522,/metrics/pcl/back/points_in,std_msgs/msg/Int32,22152
1774524820.0318265,/metrics/pcl/back/detections_count,std_msgs/msg/Int32,33
1774524820.0319479,/metrics/pcl/back/points_in,std_msgs/msg/Int32,22152
1774524820.0320148,/metrics/pcl/back/processing_ms,std_msgs/msg/Float32,74.81546783447266
1774524820.132945,/metrics/pcl/back/detections_count,std_msgs/msg/Int32,35
1774524820.1330662,/metrics/pcl/back/points_in,std_msgs/msg/Int32,22152
1774524820.1331222,/metrics/pcl/back/processing_ms,std_msgs/msg/Float32,75.09662628173828
1774524820.2329576,/metrics/pcl/back/detections_count,std_msgs/msg/Int32,35
1774524820.2330754,/metrics/pcl/back/points_in,std_msgs/msg/Int32,22152
1774524820.233131,/metrics/pcl/back/processing_ms,std_msgs/msg/Float32,74.497802734375
1774524820.3330362,/metrics/pcl/back/detections_count,std_msgs/msg/Int32,35
1774524820.3331547,/metrics/pcl/back/points_in,std_msgs/msg/Int32,22152
1774524820.3332088,/metrics/pcl/back/processing_ms,std_msgs/msg/Float32,74.15437316894531
1774524820.4345703,/metrics/pcl/back/detections_count,std_msgs/msg/Int32,37
1774524820.4346907,/metrics/pcl/back/points_in,std_msgs/msg/Int32,22152
1774524820.4347463,/metrics/pcl/back/processing_ms,std_msgs/msg/Float32,75.1851577758789
1774524820.5342665,/metrics/pcl/back/detections_count,std_msgs/msg/Int32,37
1774524820.5343966,/metrics/pcl/back/points_in,std_msgs/msg/Int32,22152
1774524820.5344753,/metrics/pcl/back/processing_ms,std_msgs/msg/Float32,74.04302215576172
1774524820.632068,/metrics/pcl/back/detections_count,std_msgs/msg/Int32,32
1774524820.6321785,/metrics/pcl/back/points_in,std_msgs/msg/Int32,22152
1774524820.632233,/metrics/pcl/back/processing_ms,std_msgs/msg/Float32,75.47076416015625
1774524820.7305496,/metrics/pcl/back/detections_count,std_msgs/msg/Int32,37
1774524820.7306614,/metrics/pcl/back/points_in,std_msgs/msg/Int32,22152
1774524820.7307167,/metrics/pcl/back/processing_ms,std_msgs/msg/Float32,73.55535888671875
1774524820.8329005,/metrics/pcl/back/detections_count,std_msgs/msg/Int32,33
1774524820.8330286,/metrics/pcl/back/points_in,std_msgs/msg/Int32,22152
1774524820.8330839,/metrics/pcl/back/processing_ms,std_msgs/msg/Float32,74.3774185180664
1774524820.934093,/metrics/pcl/back/detections_count,std_msgs/msg/Int32,38
1774524820.9342122,/metrics/pcl/back/points_in,std_msgs/msg/Int32,22152
1774524820.9342685,/metrics/pcl/back/processing_ms,std_msgs/msg/Float32,75.14912414550781
1774524821.0345976,/metrics/pcl/back/detections_count,std_msgs/msg/Int32,41
1774524821.0347123,/metrics/pcl/back/points_in,std_msgs/msg/Int32,22152
1774524821.0347676,/metrics/pcl/back/processing_ms,std_msgs/msg/Float32,74.8719482421875
1774524821.1372097,/metrics/pcl/back/detections_count,std_msgs/msg/Int32,33
1774524821.1373358,/metrics/pcl/back/points_in,std_msgs/msg/Int32,22152
1774524821.1374817,/metrics/pcl/back/processing_ms,std_msgs/msg/Float32,77.12226104736328
1774524821.232798,/metrics/pcl/back/detections_count,std_msgs/msg/Int32,36
1774524821.232929,/metrics/pcl/back/points_in,std_msgs/msg/Int32,22152
1774524821.233033,/metrics/pcl/back/processing_ms,std_msgs/msg/Float32,76.412353515625
1774524821.3335357,/metrics/pcl/back/detections_count,std_msgs/msg/Int32,39
1774524821.333661,/metrics/pcl/back/points_in,std_msgs/msg/Int32,22152
1774524821.333738,/metrics/pcl/back/processing_ms,std_msgs/msg/Float32,76.13262176513672
1774524821.4413626,/metrics/pcl/back/detections_count,std_msgs/msg/Int32,34
1774524821.441543,/metrics/pcl/back/points_in,std_msgs/msg/Int32,22152
1774524821.4416432,/metrics/pcl/back/processing_ms,std_msgs/msg/Float32,78.64147186279297
1774524821.5372658,/metrics/pcl/back/detections_count,std_msgs/msg/Int32,37
1774524821.5373976,/metrics/pcl/back/points_in,std_msgs/msg/Int32,22152
1774524821.5374737,/metrics/pcl/back/processing_ms,std_msgs/msg/Float32,75.59171295166016
1774524821.6351826,/metrics/pcl/back/detections_count,std_msgs/msg/Int32,40
1774524821.6353753,/metrics/pcl/back/points_in,std_msgs/msg/Int32,22152
1774524821.6354587,/metrics/pcl/back/processing_ms,std_msgs/msg/Float32,75.68090057373047
1774524821.7342265,/metrics/pcl/back/detections_count,std_msgs/msg/Int32,32
1774524821.7343345,/metrics/pcl/back/points_in,std_msgs/msg/Int32,22152
1774524821.7343903,/metrics/pcl/back/processing_ms,std_msgs/msg/Float32,74.44396209716797
1774524821.8325143,/metrics/pcl/back/detections_count,std_msgs/msg/Int32,31
1774524821.8326287,/metrics/pcl/back/points_in,std_msgs/msg/Int32,22152
1774524821.8326955,/metrics/pcl/back/processing_ms,std_msgs/msg/Float32,76.66355895996094
1774524821.9335203,/metrics/pcl/back/detections_count,std_msgs/msg/Int32,32
1774524821.9336557,/metrics/pcl/back/points_in,std_msgs/msg/Int32,22152
1774524821.9337447,/metrics/pcl/back/processing_ms,std_msgs/msg/Float32,75.79298400878906
1774524822.0352223,/metrics/pcl/back/detections_count,std_msgs/msg/Int32,37
1774524822.0353487,/metrics/pcl/back/points_in,std_msgs/msg/Int32,22152
1774524822.0354168,/metrics/pcl/back/processing_ms,std_msgs/msg/Float32,77.18502044677734
1774524822.1341946,/metrics/pcl/back/detections_count,std_msgs/msg/Int32,38
1774524822.1343448,/metrics/pcl/back/points_in,std_msgs/msg/Int32,22152
1774524822.134418,/metrics/pcl/back/processing_ms,std_msgs/msg/Float32,75.33551788330078
1774524822.2346077,/metrics/pcl/back/detections_count,std_msgs/msg/Int32,33
1774524822.234719,/metrics/pcl/back/points_in,std_msgs/msg/Int32,22152
1774524822.234799,/metrics/pcl/back/processing_ms,std_msgs/msg/Float32,74.62664794921875
1774524822.3358715,/metrics/pcl/back/detections_count,std_msgs/msg/Int32,34
1774524822.3359869,/metrics/pcl/back/points_in,std_msgs/msg/Int32,22152
1774524822.3360388,/metrics/pcl/back/processing_ms,std_msgs/msg/Float32,75.69046783447266
1774524822.4312482,/metrics/pcl/back/detections_count,std_msgs/msg/Int32,34
1774524822.43138,/metrics/pcl/back/points_in,std_msgs/msg/Int32,22152
1774524822.4314442,/metrics/pcl/back/processing_ms,std_msgs/msg/Float32,73.73026275634766
1774524822.5318096,/metrics/pcl/back/detections_count,std_msgs/msg/Int32,34
1774524822.5319963,/metrics/pcl/back/points_in,std_msgs/msg/Int32,22152
1774524822.5320878,/metrics/pcl/back/processing_ms,std_msgs/msg/Float32,74.004638671875
1774524822.6321735,/metrics/pcl/back/detections_count,std_msgs/msg/Int32,33
1774524822.6323235,/metrics/pcl/back/points_in,std_msgs/msg/Int32,22152
1774524822.6323926,/metrics/pcl/back/processing_ms,std_msgs/msg/Float32,74.13341522216797
1774524822.7339113,/metrics/pcl/back/detections_count,std_msgs/msg/Int32,35
1774524822.734021,/metrics/pcl/back/points_in,std_msgs/msg/Int32,22152
1774524822.7340856,/metrics/pcl/back/processing_ms,std_msgs/msg/Float32,74.91796112060547
1774524822.8359156,/metrics/pcl/back/detections_count,std_msgs/msg/Int32,35
1774524822.8360283,/metrics/pcl/back/points_in,std_msgs/msg/Int32,22152
1774524822.8360927,/metrics/pcl/back/processing_ms,std_msgs/msg/Float32,75.64759826660156
1774524822.9358065,/metrics/pcl/back/detections_count,std_msgs/msg/Int32,36
1774524822.935917,/metrics/pcl/back/points_in,std_msgs/msg/Int32,22152
1774524822.9359798,/metrics/pcl/back/processing_ms,std_msgs/msg/Float32,75.66592407226562
1774524823.0320609,/metrics/pcl/back/detections_count,std_msgs/msg/Int32,33
1774524823.032156,/metrics/pcl/back/points_in,std_msgs/msg/Int32,22152
1774524823.032209,/metrics/pcl/back/processing_ms,std_msgs/msg/Float32,74.87543487548828
1774524823.1338704,/metrics/pcl/back/detections_count,std_msgs/msg/Int32,36
1774524823.1339839,/metrics/pcl/back/points_in,std_msgs/msg/Int32,22152
1774524823.1340475,/metrics/pcl/back/processing_ms,std_msgs/msg/Float32,76.07774353027344
1774524823.232585,/metrics/pcl/back/detections_count,std_msgs/msg/Int32,34
1774524823.2327075,/metrics/pcl/back/points_in,std_msgs/msg/Int32,22152
1774524823.232773,/metrics/pcl/back/processing_ms,std_msgs/msg/Float32,74.03325653076172
1774524823.3339157,/metrics/pcl/back/detections_count,std_msgs/msg/Int32,35
1774524823.3341248,/metrics/pcl/back/points_in,std_msgs/msg/Int32,22152
1774524823.338095,/metrics/pcl/back/processing_ms,std_msgs/msg/Float32,74.50763702392578
1774524823.4354868,/metrics/pcl/back/detections_count,std_msgs/msg/Int32,36
1774524823.435592,/metrics/pcl/back/points_in,std_msgs/msg/Int32,22152
1774524823.4356482,/metrics/pcl/back/processing_ms,std_msgs/msg/Float32,75.74663543701172
1774524823.5360243,/metrics/pcl/back/detections_count,std_msgs/msg/Int32,38
1774524823.5361342,/metrics/pcl/back/points_in,std_msgs/msg/Int32,22152
1774524823.5362005,/metrics/pcl/back/processing_ms,std_msgs/msg/Float32,75.19979858398438
1774524823.6389942,/metrics/pcl/back/detections_count,std_msgs/msg/Int32,34
1774524823.6391342,/metrics/pcl/back/points_in,std_msgs/msg/Int32,22152
1774524823.6392217,/metrics/pcl/back/processing_ms,std_msgs/msg/Float32,82.22022247314453
1774524823.7324746,/metrics/pcl/back/detections_count,std_msgs/msg/Int32,35
1774524823.7325857,/metrics/pcl/back/points_in,std_msgs/msg/Int32,22152
1774524823.7326565,/metrics/pcl/back/processing_ms,std_msgs/msg/Float32,74.93452453613281
1774524823.8334048,/metrics/pcl/back/detections_count,std_msgs/msg/Int32,35
1774524823.8335633,/metrics/pcl/back/points_in,std_msgs/msg/Int32,22152
1774524823.833623,/metrics/pcl/back/processing_ms,std_msgs/msg/Float32,75.29215240478516
1774524823.9393191,/metrics/pcl/back/detections_count,std_msgs/msg/Int32,36
1774524823.9394326,/metrics/pcl/back/points_in,std_msgs/msg/Int32,22152
1774524823.9395108,/metrics/pcl/back/processing_ms,std_msgs/msg/Float32,80.0924072265625
1774524824.0350192,/metrics/pcl/back/detections_count,std_msgs/msg/Int32,36
1774524824.0351465,/metrics/pcl/back/points_in,std_msgs/msg/Int32,22152
1774524824.035215,/metrics/pcl/back/processing_ms,std_msgs/msg/Float32,74.92394256591797
1774524824.135848,/metrics/pcl/back/detections_count,std_msgs/msg/Int32,37
1774524824.1359522,/metrics/pcl/back/points_in,std_msgs/msg/Int32,22152
1774524824.1360285,/metrics/pcl/back/processing_ms,std_msgs/msg/Float32,74.77167510986328
1774524824.2317064,/metrics/pcl/back/detections_count,std_msgs/msg/Int32,38
1774524824.2318068,/metrics/pcl/back/points_in,std_msgs/msg/Int32,22152
1774524824.2318614,/metrics/pcl/back/processing_ms,std_msgs/msg/Float32,74.93792724609375
1774524824.3367689,/metrics/pcl/back/detections_count,std_msgs/msg/Int32,33
1774524824.3368835,/metrics/pcl/back/points_in,std_msgs/msg/Int32,22152
1774524824.3369513,/metrics/pcl/back/processing_ms,std_msgs/msg/Float32,79.01213073730469
1774524824.435549,/metrics/pcl/back/detections_count,std_msgs/msg/Int32,39
1774524824.4356744,/metrics/pcl/back/points_in,std_msgs/msg/Int32,22152
1774524824.4357424,/metrics/pcl/back/processing_ms,std_msgs/msg/Float32,76.27883911132812
1774524824.5341074,/metrics/pcl/back/detections_count,std_msgs/msg/Int32,38
1774524824.534234,/metrics/pcl/back/points_in,std_msgs/msg/Int32,22152
1774524824.5343626,/metrics/pcl/back/processing_ms,std_msgs/msg/Float32,75.60824584960938
1774524824.6367526,/metrics/pcl/back/detections_count,std_msgs/msg/Int32,35
1774524824.6368732,/metrics/pcl/back/points_in,std_msgs/msg/Int32,22152
1774524824.6369398,/metrics/pcl/back/processing_ms,std_msgs/msg/Float32,77.52371215820312
1774524824.7349586,/metrics/pcl/back/detections_count,std_msgs/msg/Int32,34
1774524824.7350695,/metrics/pcl/back/points_in,std_msgs/msg/Int32,22152
1774524824.7351334,/metrics/pcl/back/processing_ms,std_msgs/msg/Float32,75.46754455566406
1774524824.8327236,/metrics/pcl/back/detections_count,std_msgs/msg/Int32,36
1774524824.8328364,/metrics/pcl/back/points_in,std_msgs/msg/Int32,22152
1774524824.8329,/metrics/pcl/back/processing_ms,std_msgs/msg/Float32,75.78520965576172
1774524824.9360251,/metrics/pcl/back/detections_count,std_msgs/msg/Int32,40
1774524824.9361525,/metrics/pcl/back/points_in,std_msgs/msg/Int32,22152
1774524824.936211,/metrics/pcl/back/processing_ms,std_msgs/msg/Float32,78.29151916503906
1774524825.0338824,/metrics/pcl/back/detections_count,std_msgs/msg/Int32,39
1774524825.0340455,/metrics/pcl/back/points_in,std_msgs/msg/Int32,22152
1774524825.0341437,/metrics/pcl/back/processing_ms,std_msgs/msg/Float32,75.59007263183594
1774524825.1378353,/metrics/pcl/back/detections_count,std_msgs/msg/Int32,38
1774524825.1379833,/metrics/pcl/back/points_in,std_msgs/msg/Int32,22152
1774524825.1380436,/metrics/pcl/back/processing_ms,std_msgs/msg/Float32,77.9089126586914
1774524825.2397,/metrics/pcl/back/detections_count,std_msgs/msg/Int32,42
1774524825.2398388,/metrics/pcl/back/points_in,std_msgs/msg/Int32,22152
1774524825.2399364,/metrics/pcl/back/processing_ms,std_msgs/msg/Float32,79.54476928710938
1774524825.3350613,/metrics/pcl/back/detections_count,std_msgs/msg/Int32,38
1774524825.3351743,/metrics/pcl/back/points_in,std_msgs/msg/Int32,22152
1774524825.335238,/metrics/pcl/back/processing_ms,std_msgs/msg/Float32,74.4158935546875
1774524825.4322639,/metrics/pcl/back/detections_count,std_msgs/msg/Int32,34
1774524825.4324112,/metrics/pcl/back/points_in,std_msgs/msg/Int32,22152
1774524825.4324703,/metrics/pcl/back/processing_ms,std_msgs/msg/Float32,74.84141540527344
1774524825.5324318,/metrics/pcl/back/detections_count,std_msgs/msg/Int32,36
1774524825.532543,/metrics/pcl/back/points_in,std_msgs/msg/Int32,22152
1774524825.5326018,/metrics/pcl/back/processing_ms,std_msgs/msg/Float32,74.82701110839844
1774524825.6340246,/metrics/pcl/back/detections_count,std_msgs/msg/Int32,38
1774524825.6341617,/metrics/pcl/back/points_in,std_msgs/msg/Int32,22152
1774524825.6342502,/metrics/pcl/back/processing_ms,std_msgs/msg/Float32,74.98554992675781
1774524825.7337074,/metrics/pcl/back/detections_count,std_msgs/msg/Int32,38
1774524825.7338314,/metrics/pcl/back/points_in,std_msgs/msg/Int32,22152
1774524825.7338958,/metrics/pcl/back/processing_ms,std_msgs/msg/Float32,74.65679931640625
1774524825.8354194,/metrics/pcl/back/detections_count,std_msgs/msg/Int32,36
1774524825.8355315,/metrics/pcl/back/points_in,std_msgs/msg/Int32,22152
1774524825.8355958,/metrics/pcl/back/processing_ms,std_msgs/msg/Float32,75.14704132080078
1774524825.9317112,/metrics/pcl/back/detections_count,std_msgs/msg/Int32,33
1774524825.9318397,/metrics/pcl/back/points_in,std_msgs/msg/Int32,22152
1774524825.9319048,/metrics/pcl/back/processing_ms,std_msgs/msg/Float32,75.08139038085938
1774524826.033756,/metrics/pcl/back/detections_count,std_msgs/msg/Int32,37
1774524826.0338674,/metrics/pcl/back/points_in,std_msgs/msg/Int32,22152
1774524826.0339355,/metrics/pcl/back/processing_ms,std_msgs/msg/Float32,75.48141479492188
1774524826.1340616,/metrics/pcl/back/detections_count,std_msgs/msg/Int32,38
1774524826.1341784,/metrics/pcl/back/points_in,std_msgs/msg/Int32,22152
1774524826.1342425,/metrics/pcl/back/processing_ms,std_msgs/msg/Float32,75.91622924804688
1774524826.2332363,/metrics/pcl/back/detections_count,std_msgs/msg/Int32,32
1774524826.2334104,/metrics/pcl/back/points_in,std_msgs/msg/Int32,22152
1774524826.2334707,/metrics/pcl/back/processing_ms,std_msgs/msg/Float32,74.57500457763672
1774524826.3360164,/metrics/pcl/back/detections_count,std_msgs/msg/Int32,31
1774524826.336135,/metrics/pcl/back/points_in,std_msgs/msg/Int32,22152
1774524826.3362005,/metrics/pcl/back/processing_ms,std_msgs/msg/Float32,75.9076156616211
1774524826.436424,/metrics/pcl/back/detections_count,std_msgs/msg/Int32,32
1774524826.4365566,/metrics/pcl/back/points_in,std_msgs/msg/Int32,22152
1774524826.4366264,/metrics/pcl/back/processing_ms,std_msgs/msg/Float32,76.15697479248047
1774524826.5386188,/metrics/pcl/back/detections_count,std_msgs/msg/Int32,36
1774524826.5387518,/metrics/pcl/back/points_in,std_msgs/msg/Int32,22152
1774524826.5388365,/metrics/pcl/back/processing_ms,std_msgs/msg/Float32,81.68724822998047
1774524826.636159,/metrics/pcl/back/detections_count,std_msgs/msg/Int32,37
1774524826.6362567,/metrics/pcl/back/points_in,std_msgs/msg/Int32,22152
1774524826.6363308,/metrics/pcl/back/processing_ms,std_msgs/msg/Float32,79.2352294921875
1774524826.7354357,/metrics/pcl/back/detections_count,std_msgs/msg/Int32,36
1774524826.7355564,/metrics/pcl/back/points_in,std_msgs/msg/Int32,22152
1774524826.7356212,/metrics/pcl/back/processing_ms,std_msgs/msg/Float32,77.38661193847656
1774524826.835687,/metrics/pcl/back/detections_count,std_msgs/msg/Int32,39
1774524826.8358061,/metrics/pcl/back/points_in,std_msgs/msg/Int32,22152
1774524826.8358703,/metrics/pcl/back/processing_ms,std_msgs/msg/Float32,76.84705352783203
1774524826.9353826,/metrics/pcl/back/detections_count,std_msgs/msg/Int32,36
1774524826.935485,/metrics/pcl/back/points_in,std_msgs/msg/Int32,22152
1774524826.9355402,/metrics/pcl/back/processing_ms,std_msgs/msg/Float32,76.1926040649414
1774524827.0357127,/metrics/pcl/back/detections_count,std_msgs/msg/Int32,38
1774524827.0358236,/metrics/pcl/back/points_in,std_msgs/msg/Int32,22152
1774524827.0358918,/metrics/pcl/back/processing_ms,std_msgs/msg/Float32,75.34258270263672
1774524827.13322,/metrics/pcl/back/detections_count,std_msgs/msg/Int32,35
1774524827.1333597,/metrics/pcl/back/points_in,std_msgs/msg/Int32,22152
1774524827.1334357,/metrics/pcl/back/processing_ms,std_msgs/msg/Float32,77.0099868774414
1774524827.233333,/metrics/pcl/back/detections_count,std_msgs/msg/Int32,36
1774524827.2334783,/metrics/pcl/back/points_in,std_msgs/msg/Int32,22152
1774524827.2335622,/metrics/pcl/back/processing_ms,std_msgs/msg/Float32,75.43516540527344
1774524827.333359,/metrics/pcl/back/detections_count,std_msgs/msg/Int32,38
1774524827.3334894,/metrics/pcl/back/points_in,std_msgs/msg/Int32,22152
1774524827.333576,/metrics/pcl/back/processing_ms,std_msgs/msg/Float32,75.2060775756836
1774524827.435689,/metrics/pcl/back/detections_count,std_msgs/msg/Int32,37
1774524827.4358115,/metrics/pcl/back/points_in,std_msgs/msg/Int32,22152
1774524827.435877,/metrics/pcl/back/processing_ms,std_msgs/msg/Float32,76.79595184326172
1774524827.5335653,/metrics/pcl/back/detections_count,std_msgs/msg/Int32,33
1774524827.5336835,/metrics/pcl/back/points_in,std_msgs/msg/Int32,22152
1774524827.533753,/metrics/pcl/back/processing_ms,std_msgs/msg/Float32,75.20110321044922
1774524827.6343746,/metrics/pcl/back/detections_count,std_msgs/msg/Int32,36
1774524827.6344965,/metrics/pcl/back/points_in,std_msgs/msg/Int32,22152
1774524827.6345692,/metrics/pcl/back/processing_ms,std_msgs/msg/Float32,75.12640380859375
1774524827.7311919,/metrics/pcl/back/detections_count,std_msgs/msg/Int32,35
1774524827.731341,/metrics/pcl/back/points_in,std_msgs/msg/Int32,22152
1774524827.731417,/metrics/pcl/back/processing_ms,std_msgs/msg/Float32,75.21211242675781
1774524827.8326976,/metrics/pcl/back/detections_count,std_msgs/msg/Int32,35
1774524827.8328104,/metrics/pcl/back/points_in,std_msgs/msg/Int32,22152
1774524827.8328764,/metrics/pcl/back/processing_ms,std_msgs/msg/Float32,75.23625946044922
1774524827.9319355,/metrics/pcl/back/detections_count,std_msgs/msg/Int32,35
1774524827.9320621,/metrics/pcl/back/points_in,std_msgs/msg/Int32,22152
1774524827.9321265,/metrics/pcl/back/processing_ms,std_msgs/msg/Float32,74.70133209228516
1774524828.0346274,/metrics/pcl/back/detections_count,std_msgs/msg/Int32,36
1774524828.034755,/metrics/pcl/back/points_in,std_msgs/msg/Int32,22152
1774524828.0348203,/metrics/pcl/back/processing_ms,std_msgs/msg/Float32,75.15241241455078
1774524828.1366832,/metrics/pcl/back/detections_count,std_msgs/msg/Int32,34
1774524828.1368096,/metrics/pcl/back/points_in,std_msgs/msg/Int32,22152
1774524828.1368744,/metrics/pcl/back/processing_ms,std_msgs/msg/Float32,76.59266662597656
1774524828.2366524,/metrics/pcl/back/detections_count,std_msgs/msg/Int32,36
1774524828.236773,/metrics/pcl/back/points_in,std_msgs/msg/Int32,22152
1774524828.236828,/metrics/pcl/back/processing_ms,std_msgs/msg/Float32,76.01760864257812
1774524828.331915,/metrics/pcl/back/detections_count,std_msgs/msg/Int32,34
1774524828.3320343,/metrics/pcl/back/points_in,std_msgs/msg/Int32,22152
1774524828.332092,/metrics/pcl/back/processing_ms,std_msgs/msg/Float32,75.23029327392578
1774524828.4332867,/metrics/pcl/back/detections_count,std_msgs/msg/Int32,34
1774524828.4334056,/metrics/pcl/back/points_in,std_msgs/msg/Int32,22152
1774524828.4334626,/metrics/pcl/back/processing_ms,std_msgs/msg/Float32,75.87010955810547
1774524828.5338395,/metrics/pcl/back/detections_count,std_msgs/msg/Int32,34
1774524828.5339558,/metrics/pcl/back/points_in,std_msgs/msg/Int32,22152
1774524828.5340164,/metrics/pcl/back/processing_ms,std_msgs/msg/Float32,75.99738311767578
1774524828.633955,/metrics/pcl/back/detections_count,std_msgs/msg/Int32,35
1774524828.6340778,/metrics/pcl/back/points_in,std_msgs/msg/Int32,22152
1774524828.6341338,/metrics/pcl/back/processing_ms,std_msgs/msg/Float32,74.70951080322266
1774524828.7347248,/metrics/pcl/back/detections_count,std_msgs/msg/Int32,37
1774524828.734854,/metrics/pcl/back/points_in,std_msgs/msg/Int32,22152
1774524828.7349107,/metrics/pcl/back/processing_ms,std_msgs/msg/Float32,75.33547973632812
1774524828.8395762,/metrics/pcl/back/detections_count,std_msgs/msg/Int32,39
1774524828.8396935,/metrics/pcl/back/points_in,std_msgs/msg/Int32,22152
1774524828.8397489,/metrics/pcl/back/processing_ms,std_msgs/msg/Float32,78.47547149658203
1774524828.9306977,/metrics/pcl/back/detections_count,std_msgs/msg/Int32,39
1774524828.930879,/metrics/pcl/back/processing_ms,std_msgs/msg/Float32,74.14510345458984
1774524828.9311051,/metrics/pcl/back/points_in,std_msgs/msg/Int32,22152
1774524829.035448,/metrics/pcl/back/detections_count,std_msgs/msg/Int32,34
1774524829.0355496,/metrics/pcl/back/points_in,std_msgs/msg/Int32,22152
1774524829.0356038,/metrics/pcl/back/processing_ms,std_msgs/msg/Float32,78.17616271972656
1774524829.134836,/metrics/pcl/back/detections_count,std_msgs/msg/Int32,36
1774524829.1349502,/metrics/pcl/back/points_in,std_msgs/msg/Int32,22152
1774524829.1350143,/metrics/pcl/back/processing_ms,std_msgs/msg/Float32,76.65373229980469
1774524829.2350955,/metrics/pcl/back/detections_count,std_msgs/msg/Int32,34
1774524829.2352066,/metrics/pcl/back/points_in,std_msgs/msg/Int32,22152
1774524829.2352695,/metrics/pcl/back/processing_ms,std_msgs/msg/Float32,75.87797546386719
1774524829.3427467,/metrics/pcl/back/detections_count,std_msgs/msg/Int32,32
1774524829.3428738,/metrics/pcl/back/points_in,std_msgs/msg/Int32,22152
1774524829.3429441,/metrics/pcl/back/processing_ms,std_msgs/msg/Float32,83.18342590332031
1774524829.436743,/metrics/pcl/back/detections_count,std_msgs/msg/Int32,33
1774524829.4368756,/metrics/pcl/back/points_in,std_msgs/msg/Int32,22152
1774524829.4369564,/metrics/pcl/back/processing_ms,std_msgs/msg/Float32,76.47663116455078
1774524829.5308783,/metrics/pcl/back/detections_count,std_msgs/msg/Int32,38
1774524829.5309913,/metrics/pcl/back/points_in,std_msgs/msg/Int32,22152
1774524829.531057,/metrics/pcl/back/processing_ms,std_msgs/msg/Float32,75.58720397949219
1774524829.6315491,/metrics/pcl/back/detections_count,std_msgs/msg/Int32,34
1774524829.631674,/metrics/pcl/back/points_in,std_msgs/msg/Int32,22152
1774524829.6317523,/metrics/pcl/back/processing_ms,std_msgs/msg/Float32,75.10025787353516
1774524829.7348247,/metrics/pcl/back/detections_count,std_msgs/msg/Int32,35
1774524829.7349288,/metrics/pcl/back/points_in,std_msgs/msg/Int32,22152
1774524829.734983,/metrics/pcl/back/processing_ms,std_msgs/msg/Float32,77.62767028808594
1774524829.8335776,/metrics/pcl/back/detections_count,std_msgs/msg/Int32,38
1774524829.8336904,/metrics/pcl/back/points_in,std_msgs/msg/Int32,22152
1774524829.8337536,/metrics/pcl/back/processing_ms,std_msgs/msg/Float32,76.20996856689453
1774524829.9333243,/metrics/pcl/back/detections_count,std_msgs/msg/Int32,39
1774524829.933445,/metrics/pcl/back/points_in,std_msgs/msg/Int32,22152
1774524829.933509,/metrics/pcl/back/processing_ms,std_msgs/msg/Float32,75.30113983154297
1774524830.0345812,/metrics/pcl/back/detections_count,std_msgs/msg/Int32,36
1774524830.034698,/metrics/pcl/back/points_in,std_msgs/msg/Int32,22152
1774524830.034765,/metrics/pcl/back/processing_ms,std_msgs/msg/Float32,76.13555908203125
1774524830.1313746,/metrics/pcl/back/detections_count,std_msgs/msg/Int32,33
1774524830.1314895,/metrics/pcl/back/points_in,std_msgs/msg/Int32,22152
1774524830.131553,/metrics/pcl/back/processing_ms,std_msgs/msg/Float32,76.07107543945312
1774524830.2333224,/metrics/pcl/back/detections_count,std_msgs/msg/Int32,37
1774524830.2334373,/metrics/pcl/back/points_in,std_msgs/msg/Int32,22152
1774524830.2335043,/metrics/pcl/back/processing_ms,std_msgs/msg/Float32,77.32136535644531
1774524830.3311675,/metrics/pcl/back/detections_count,std_msgs/msg/Int32,36
1774524830.3312874,/metrics/pcl/back/points_in,std_msgs/msg/Int32,22152
1774524830.3313587,/metrics/pcl/back/processing_ms,std_msgs/msg/Float32,74.45561981201172
1774524830.4325285,/metrics/pcl/back/detections_count,std_msgs/msg/Int32,38
1774524830.432686,/metrics/pcl/back/points_in,std_msgs/msg/Int32,22152
1774524830.4327638,/metrics/pcl/back/processing_ms,std_msgs/msg/Float32,74.8313980102539
1774524830.5357792,/metrics/pcl/back/detections_count,std_msgs/msg/Int32,32
1774524830.5359268,/metrics/pcl/back/points_in,std_msgs/msg/Int32,22152
1774524830.535986,/metrics/pcl/back/processing_ms,std_msgs/msg/Float32,77.38390350341797
1774524830.6351874,/metrics/pcl/back/detections_count,std_msgs/msg/Int32,33
1774524830.6353128,/metrics/pcl/back/points_in,std_msgs/msg/Int32,22152
1774524830.6353822,/metrics/pcl/back/processing_ms,std_msgs/msg/Float32,76.39207458496094
1774524830.731115,/metrics/pcl/back/detections_count,std_msgs/msg/Int32,34
1774524830.731228,/metrics/pcl/back/points_in,std_msgs/msg/Int32,22152
1774524830.7313032,/metrics/pcl/back/processing_ms,std_msgs/msg/Float32,75.724365234375
1774524830.8311706,/metrics/pcl/back/detections_count,std_msgs/msg/Int32,35
1774524830.8312964,/metrics/pcl/back/points_in,std_msgs/msg/Int32,22152
1774524830.8313653,/metrics/pcl/back/processing_ms,std_msgs/msg/Float32,74.73751831054688
1774524830.9335861,/metrics/pcl/back/detections_count,std_msgs/msg/Int32,32
1774524830.9337053,/metrics/pcl/back/processing_ms,std_msgs/msg/Float32,77.07565307617188
1774524830.9339325,/metrics/pcl/back/points_in,std_msgs/msg/Int32,22152
1774524831.0330145,/metrics/pcl/back/detections_count,std_msgs/msg/Int32,36
1774524831.0331304,/metrics/pcl/back/points_in,std_msgs/msg/Int32,22152
1774524831.0331953,/metrics/pcl/back/processing_ms,std_msgs/msg/Float32,75.57383728027344
1774524831.1381695,/metrics/pcl/back/detections_count,std_msgs/msg/Int32,38
1774524831.1383142,/metrics/pcl/back/points_in,std_msgs/msg/Int32,22152
1774524831.1384,/metrics/pcl/back/processing_ms,std_msgs/msg/Float32,79.85779571533203
1774524831.2372437,/metrics/pcl/back/detections_count,std_msgs/msg/Int32,35
1774524831.237429,/metrics/pcl/back/points_in,std_msgs/msg/Int32,22152
1774524831.2375357,/metrics/pcl/back/processing_ms,std_msgs/msg/Float32,77.65097045898438
1774524831.3312612,/metrics/pcl/back/detections_count,std_msgs/msg/Int32,38
1774524831.3313951,/metrics/pcl/back/points_in,std_msgs/msg/Int32,22152
1774524831.3314645,/metrics/pcl/back/processing_ms,std_msgs/msg/Float32,75.24649047851562
1774524831.4334698,/metrics/pcl/back/detections_count,std_msgs/msg/Int32,34
1774524831.4335809,/metrics/pcl/back/points_in,std_msgs/msg/Int32,22152
1774524831.4336457,/metrics/pcl/back/processing_ms,std_msgs/msg/Float32,77.30734252929688
1774524831.532473,/metrics/pcl/back/detections_count,std_msgs/msg/Int32,36
1774524831.5325835,/metrics/pcl/back/points_in,std_msgs/msg/Int32,22152
1774524831.5326478,/metrics/pcl/back/processing_ms,std_msgs/msg/Float32,75.63934326171875
1774524831.6376293,/metrics/pcl/back/detections_count,std_msgs/msg/Int32,39
1774524831.6377437,/metrics/pcl/back/points_in,std_msgs/msg/Int32,22152
1774524831.6378102,/metrics/pcl/back/processing_ms,std_msgs/msg/Float32,79.94488525390625
1774524831.7332962,/metrics/pcl/back/detections_count,std_msgs/msg/Int32,39
1774524831.733417,/metrics/pcl/back/points_in,std_msgs/msg/Int32,22152
1774524831.733482,/metrics/pcl/back/processing_ms,std_msgs/msg/Float32,75.30024719238281
1774524831.8295488,/metrics/pcl/back/detections_count,std_msgs/msg/Int32,38
1774524831.8296673,/metrics/pcl/back/points_in,std_msgs/msg/Int32,22152
1774524831.829737,/metrics/pcl/back/processing_ms,std_msgs/msg/Float32,74.81063079833984
1774524831.9311578,/metrics/pcl/back/detections_count,std_msgs/msg/Int32,32
1774524831.9312859,/metrics/pcl/back/points_in,std_msgs/msg/Int32,22152
1774524831.9313636,/metrics/pcl/back/processing_ms,std_msgs/msg/Float32,75.76189422607422
1774524832.0408535,/metrics/pcl/back/detections_count,std_msgs/msg/Int32,34
1774524832.0409992,/metrics/pcl/back/points_in,std_msgs/msg/Int32,22152
1774524832.0411012,/metrics/pcl/back/processing_ms,std_msgs/msg/Float32,83.84136199951172
1774524832.1324892,/metrics/pcl/back/detections_count,std_msgs/msg/Int32,34
1774524832.1326778,/metrics/pcl/back/points_in,std_msgs/msg/Int32,22152
1774524832.1327736,/metrics/pcl/back/processing_ms,std_msgs/msg/Float32,75.09635925292969
1774524832.235795,/metrics/pcl/back/detections_count,std_msgs/msg/Int32,37
1774524832.2359264,/metrics/pcl/back/points_in,std_msgs/msg/Int32,22152
1774524832.236001,/metrics/pcl/back/processing_ms,std_msgs/msg/Float32,78.32167053222656
1774524832.333728,/metrics/pcl/back/detections_count,std_msgs/msg/Int32,38
1774524832.3338497,/metrics/pcl/back/points_in,std_msgs/msg/Int32,22152
1774524832.3339128,/metrics/pcl/back/processing_ms,std_msgs/msg/Float32,75.16287994384766
1774524832.4301014,/metrics/pcl/back/detections_count,std_msgs/msg/Int32,36
1774524832.430231,/metrics/pcl/back/points_in,std_msgs/msg/Int32,22152
1774524832.4303172,/metrics/pcl/back/processing_ms,std_msgs/msg/Float32,75.03389739990234
1774524832.5324154,/metrics/pcl/back/detections_count,std_msgs/msg/Int32,30
1774524832.5325365,/metrics/pcl/back/points_in,std_msgs/msg/Int32,22152
1774524832.5326118,/metrics/pcl/back/processing_ms,std_msgs/msg/Float32,76.8372802734375
1774524832.6327426,/metrics/pcl/back/detections_count,std_msgs/msg/Int32,39
1774524832.6328754,/metrics/pcl/back/points_in,std_msgs/msg/Int32,22152
1774524832.6329513,/metrics/pcl/back/processing_ms,std_msgs/msg/Float32,76.10191345214844
1774524832.732449,/metrics/pcl/back/detections_count,std_msgs/msg/Int32,38
1774524832.7325606,/metrics/pcl/back/points_in,std_msgs/msg/Int32,22152
1774524832.7326152,/metrics/pcl/back/processing_ms,std_msgs/msg/Float32,75.27436065673828
1774524832.8357968,/metrics/pcl/back/detections_count,std_msgs/msg/Int32,35
1774524832.8359427,/metrics/pcl/back/points_in,std_msgs/msg/Int32,22152
1774524832.836047,/metrics/pcl/back/processing_ms,std_msgs/msg/Float32,77.67545318603516
1774524832.95109,/metrics/pcl/back/detections_count,std_msgs/msg/Int32,35
1774524832.9512012,/metrics/pcl/back/points_in,std_msgs/msg/Int32,22152
1774524832.9512646,/metrics/pcl/back/processing_ms,std_msgs/msg/Float32,75.3127212524414
1774524833.0312605,/metrics/pcl/back/detections_count,std_msgs/msg/Int32,34
1774524833.031417,/metrics/pcl/back/points_in,std_msgs/msg/Int32,22152
1774524833.031522,/metrics/pcl/back/processing_ms,std_msgs/msg/Float32,76.0192642211914
1774524833.132749,/metrics/pcl/back/detections_count,std_msgs/msg/Int32,33
1774524833.1328957,/metrics/pcl/back/points_in,std_msgs/msg/Int32,22152
1774524833.1330006,/metrics/pcl/back/processing_ms,std_msgs/msg/Float32,76.32723999023438
1774524833.233481,/metrics/pcl/back/detections_count,std_msgs/msg/Int32,37
1774524833.2335937,/metrics/pcl/back/points_in,std_msgs/msg/Int32,22152
1774524833.2336607,/metrics/pcl/back/processing_ms,std_msgs/msg/Float32,76.95465850830078
1774524833.3338537,/metrics/pcl/back/detections_count,std_msgs/msg/Int32,31
1774524833.3339665,/metrics/pcl/back/points_in,std_msgs/msg/Int32,22152
1774524833.3340287,/metrics/pcl/back/processing_ms,std_msgs/msg/Float32,76.86582946777344
1774524833.4342084,/metrics/pcl/back/detections_count,std_msgs/msg/Int32,34
1774524833.4343357,/metrics/pcl/back/points_in,std_msgs/msg/Int32,22152
1774524833.434395,/metrics/pcl/back/processing_ms,std_msgs/msg/Float32,76.37706756591797
1774524833.5348907,/metrics/pcl/back/detections_count,std_msgs/msg/Int32,34
1774524833.5350149,/metrics/pcl/back/points_in,std_msgs/msg/Int32,22152
1774524833.535071,/metrics/pcl/back/processing_ms,std_msgs/msg/Float32,76.46900939941406
1774524833.630884,/metrics/pcl/back/detections_count,std_msgs/msg/Int32,33
1774524833.6310143,/metrics/pcl/back/points_in,std_msgs/msg/Int32,22152
1774524833.6310701,/metrics/pcl/back/processing_ms,std_msgs/msg/Float32,75.28996276855469
1774524833.7345495,/metrics/pcl/back/detections_count,std_msgs/msg/Int32,36
1774524833.734716,/metrics/pcl/back/points_in,std_msgs/msg/Int32,22152
1774524833.7347825,/metrics/pcl/back/processing_ms,std_msgs/msg/Float32,78.28448486328125
1774524833.831152,/metrics/pcl/back/detections_count,std_msgs/msg/Int32,35
1774524833.831269,/metrics/pcl/back/points_in,std_msgs/msg/Int32,22152
1774524833.831335,/metrics/pcl/back/processing_ms,std_msgs/msg/Float32,74.44161987304688
1774524833.9362457,/metrics/pcl/back/detections_count,std_msgs/msg/Int32,36
1774524833.936381,/metrics/pcl/back/points_in,std_msgs/msg/Int32,22152
1774524833.9364457,/metrics/pcl/back/processing_ms,std_msgs/msg/Float32,79.27532958984375
1774524834.0333097,/metrics/pcl/back/detections_count,std_msgs/msg/Int32,36
1774524834.0334275,/metrics/pcl/back/points_in,std_msgs/msg/Int32,22152
1774524834.0334828,/metrics/pcl/back/processing_ms,std_msgs/msg/Float32,75.629638671875
1774524834.1355603,/metrics/pcl/back/detections_count,std_msgs/msg/Int32,38
1774524834.1356795,/metrics/pcl/back/points_in,std_msgs/msg/Int32,22152
1774524834.1357372,/metrics/pcl/back/processing_ms,std_msgs/msg/Float32,76.93209838867188
1774524834.2311718,/metrics/pcl/back/detections_count,std_msgs/msg/Int32,32
1774524834.231297,/metrics/pcl/back/points_in,std_msgs/msg/Int32,22152
1774524834.2313566,/metrics/pcl/back/processing_ms,std_msgs/msg/Float32,76.04948425292969
1774524834.3307397,/metrics/pcl/back/detections_count,std_msgs/msg/Int32,34
1774524834.3308587,/metrics/pcl/back/points_in,std_msgs/msg/Int32,22152
1774524834.3309152,/metrics/pcl/back/processing_ms,std_msgs/msg/Float32,75.13626861572266
1774524834.4333549,/metrics/pcl/back/detections_count,std_msgs/msg/Int32,37
1774524834.4334745,/metrics/pcl/back/points_in,std_msgs/msg/Int32,22152
1774524834.4335325,/metrics/pcl/back/processing_ms,std_msgs/msg/Float32,76.03224182128906
1774524834.5328648,/metrics/pcl/back/detections_count,std_msgs/msg/Int32,34
1774524834.5329936,/metrics/pcl/back/points_in,std_msgs/msg/Int32,22152
1774524834.5330718,/metrics/pcl/back/processing_ms,std_msgs/msg/Float32,75.32735443115234
1774524834.6327944,/metrics/pcl/back/detections_count,std_msgs/msg/Int32,37
1774524834.6329217,/metrics/pcl/back/points_in,std_msgs/msg/Int32,22152
1774524834.6329958,/metrics/pcl/back/processing_ms,std_msgs/msg/Float32,74.9329605102539
1774524834.734111,/metrics/pcl/back/detections_count,std_msgs/msg/Int32,42
1774524834.7342396,/metrics/pcl/back/points_in,std_msgs/msg/Int32,22152
1774524834.734349,/metrics/pcl/back/processing_ms,std_msgs/msg/Float32,75.3413314819336
1774524834.8316627,/metrics/pcl/back/detections_count,std_msgs/msg/Int32,31
1774524834.8317842,/metrics/pcl/back/points_in,std_msgs/msg/Int32,22152
1774524834.8318584,/metrics/pcl/back/processing_ms,std_msgs/msg/Float32,76.715576171875
1774524834.9364934,/metrics/pcl/back/detections_count,std_msgs/msg/Int32,35
1774524834.9366055,/metrics/pcl/back/points_in,std_msgs/msg/Int32,22152
1774524834.9366703,/metrics/pcl/back/processing_ms,std_msgs/msg/Float32,80.38035583496094
1774524835.0342832,/metrics/pcl/back/detections_count,std_msgs/msg/Int32,33
1774524835.034401,/metrics/pcl/back/points_in,std_msgs/msg/Int32,22152
1774524835.0344574,/metrics/pcl/back/processing_ms,std_msgs/msg/Float32,77.27898406982422
1774524835.1343627,/metrics/pcl/back/detections_count,std_msgs/msg/Int32,32
1774524835.1344802,/metrics/pcl/back/points_in,std_msgs/msg/Int32,22152
1774524835.1345358,/metrics/pcl/back/processing_ms,std_msgs/msg/Float32,76.93533325195312
1774524835.236618,/metrics/pcl/back/detections_count,std_msgs/msg/Int32,33
1774524835.2367346,/metrics/pcl/back/points_in,std_msgs/msg/Int32,22152
1774524835.2367911,/metrics/pcl/back/processing_ms,std_msgs/msg/Float32,77.69132232666016
1774524835.3370166,/metrics/pcl/back/detections_count,std_msgs/msg/Int32,36
1774524835.3371384,/metrics/pcl/back/points_in,std_msgs/msg/Int32,22152
1774524835.3371942,/metrics/pcl/back/processing_ms,std_msgs/msg/Float32,77.8702392578125
1774524835.4360783,/metrics/pcl/back/detections_count,std_msgs/msg/Int32,35
1774524835.4362023,/metrics/pcl/back/points_in,std_msgs/msg/Int32,22152
1774524835.43626,/metrics/pcl/back/processing_ms,std_msgs/msg/Float32,81.1930923461914
1774524835.5399091,/metrics/pcl/back/detections_count,std_msgs/msg/Int32,35
1774524835.5400245,/metrics/pcl/back/points_in,std_msgs/msg/Int32,22152
1774524835.540097,/metrics/pcl/back/processing_ms,std_msgs/msg/Float32,83.58129119873047
1774524835.637791,/metrics/pcl/back/detections_count,std_msgs/msg/Int32,39
1774524835.6379044,/metrics/pcl/back/points_in,std_msgs/msg/Int32,22152
1774524835.6379583,/metrics/pcl/back/processing_ms,std_msgs/msg/Float32,80.54834747314453
1774524835.7369833,/metrics/pcl/back/detections_count,std_msgs/msg/Int32,36
1774524835.7371001,/metrics/pcl/back/points_in,std_msgs/msg/Int32,22152
1774524835.737155,/metrics/pcl/back/processing_ms,std_msgs/msg/Float32,79.58329010009766
1774524835.837434,/metrics/pcl/back/detections_count,std_msgs/msg/Int32,33
1774524835.8375523,/metrics/pcl/back/points_in,std_msgs/msg/Int32,22152
1774524835.837623,/metrics/pcl/back/processing_ms,std_msgs/msg/Float32,78.70863342285156
1774524835.9575315,/metrics/pcl/back/detections_count,std_msgs/msg/Int32,32
1774524835.9576476,/metrics/pcl/back/points_in,std_msgs/msg/Int32,22152
1774524835.957706,/metrics/pcl/back/processing_ms,std_msgs/msg/Float32,81.99360656738281
1774524836.035821,/metrics/pcl/back/detections_count,std_msgs/msg/Int32,36
1774524836.035964,/metrics/pcl/back/points_in,std_msgs/msg/Int32,22152
1774524836.036039,/metrics/pcl/back/processing_ms,std_msgs/msg/Float32,77.76461029052734
1774524836.1391013,/metrics/pcl/back/detections_count,std_msgs/msg/Int32,34
1774524836.139225,/metrics/pcl/back/points_in,std_msgs/msg/Int32,22152
1774524836.1392894,/metrics/pcl/back/processing_ms,std_msgs/msg/Float32,82.24681091308594
1774524836.2362132,/metrics/pcl/back/detections_count,std_msgs/msg/Int32,34
1774524836.2363446,/metrics/pcl/back/points_in,std_msgs/msg/Int32,22152
1774524836.2364028,/metrics/pcl/back/processing_ms,std_msgs/msg/Float32,79.316162109375
1774524836.3379736,/metrics/pcl/back/detections_count,std_msgs/msg/Int32,33
1774524836.3380952,/metrics/pcl/back/points_in,std_msgs/msg/Int32,22152
1774524836.3381495,/metrics/pcl/back/processing_ms,std_msgs/msg/Float32,80.0078353881836
1774524836.4379637,/metrics/pcl/back/detections_count,std_msgs/msg/Int32,36
1774524836.438086,/metrics/pcl/back/points_in,std_msgs/msg/Int32,22152
1774524836.4381409,/metrics/pcl/back/processing_ms,std_msgs/msg/Float32,79.54495239257812
1774524836.5340602,/metrics/pcl/back/detections_count,std_msgs/msg/Int32,40
1774524836.5341787,/metrics/pcl/back/points_in,std_msgs/msg/Int32,22152
1774524836.5342357,/metrics/pcl/back/processing_ms,std_msgs/msg/Float32,78.98504638671875
1774524836.6365957,/metrics/pcl/back/detections_count,std_msgs/msg/Int32,31
1774524836.6367283,/metrics/pcl/back/points_in,std_msgs/msg/Int32,22152
1774524836.6367936,/metrics/pcl/back/processing_ms,std_msgs/msg/Float32,80.54239654541016
1774524836.73414,/metrics/pcl/back/detections_count,std_msgs/msg/Int32,37
1774524836.73424,/metrics/pcl/back/points_in,std_msgs/msg/Int32,22152
1774524836.734316,/metrics/pcl/back/processing_ms,std_msgs/msg/Float32,77.48724365234375
1774524836.835514,/metrics/pcl/back/detections_count,std_msgs/msg/Int32,38
1774524836.8356953,/metrics/pcl/back/points_in,std_msgs/msg/Int32,22152
1774524836.835756,/metrics/pcl/back/processing_ms,std_msgs/msg/Float32,77.5181884765625
1774524836.9350684,/metrics/pcl/back/detections_count,std_msgs/msg/Int32,40
1774524836.935204,/metrics/pcl/back/points_in,std_msgs/msg/Int32,22152
1774524836.9352593,/metrics/pcl/back/processing_ms,std_msgs/msg/Float32,77.12649536132812
1774524837.036451,/metrics/pcl/back/detections_count,std_msgs/msg/Int32,34
1774524837.036589,/metrics/pcl/back/points_in,std_msgs/msg/Int32,22152
1774524837.036663,/metrics/pcl/back/processing_ms,std_msgs/msg/Float32,77.91278839111328
1774524837.1342912,/metrics/pcl/back/detections_count,std_msgs/msg/Int32,29
1774524837.13444,/metrics/pcl/back/points_in,std_msgs/msg/Int32,22152
1774524837.1345437,/metrics/pcl/back/processing_ms,std_msgs/msg/Float32,79.54285430908203
1774524837.2349973,/metrics/pcl/back/detections_count,std_msgs/msg/Int32,39
1774524837.2351289,/metrics/pcl/back/points_in,std_msgs/msg/Int32,22152
1774524837.2351995,/metrics/pcl/back/processing_ms,std_msgs/msg/Float32,79.1112289428711
1774524837.3344338,/metrics/pcl/back/detections_count,std_msgs/msg/Int32,39
1774524837.33456,/metrics/pcl/back/points_in,std_msgs/msg/Int32,22152
1774524837.3346274,/metrics/pcl/back/processing_ms,std_msgs/msg/Float32,77.84996032714844
1774524837.4352267,/metrics/pcl/back/detections_count,std_msgs/msg/Int32,36
1774524837.4353642,/metrics/pcl/back/points_in,std_msgs/msg/Int32,22152
1774524837.439394,/metrics/pcl/back/processing_ms,std_msgs/msg/Float32,77.89303588867188
1774524837.5360637,/metrics/pcl/back/detections_count,std_msgs/msg/Int32,38
1774524837.536208,/metrics/pcl/back/points_in,std_msgs/msg/Int32,22152
1774524837.5362954,/metrics/pcl/back/processing_ms,std_msgs/msg/Float32,77.84503173828125
1774524837.6371248,/metrics/pcl/back/detections_count,std_msgs/msg/Int32,30
1774524837.6373434,/metrics/pcl/back/points_in,std_msgs/msg/Int32,22152
1774524837.6374624,/metrics/pcl/back/processing_ms,std_msgs/msg/Float32,77.62553405761719
1774524837.7335649,/metrics/pcl/back/detections_count,std_msgs/msg/Int32,34
1774524837.7336943,/metrics/pcl/back/points_in,std_msgs/msg/Int32,22152
1774524837.7337654,/metrics/pcl/back/processing_ms,std_msgs/msg/Float32,77.3863525390625
1774524837.8344026,/metrics/pcl/back/detections_count,std_msgs/msg/Int32,28
1774524837.8345451,/metrics/pcl/back/points_in,std_msgs/msg/Int32,22152
1774524837.8346457,/metrics/pcl/back/processing_ms,std_msgs/msg/Float32,77.6278305053711
1774524837.9346006,/metrics/pcl/back/detections_count,std_msgs/msg/Int32,28
1774524837.9347155,/metrics/pcl/back/points_in,std_msgs/msg/Int32,22152
1774524837.9347806,/metrics/pcl/back/processing_ms,std_msgs/msg/Float32,77.99146270751953
1774524838.0338614,/metrics/pcl/back/detections_count,std_msgs/msg/Int32,31
1774524838.033973,/metrics/pcl/back/points_in,std_msgs/msg/Int32,22152
1774524838.0340369,/metrics/pcl/back/processing_ms,std_msgs/msg/Float32,75.87495422363281
1774524838.131586,/metrics/pcl/back/detections_count,std_msgs/msg/Int32,32
1774524838.1317005,/metrics/pcl/back/points_in,std_msgs/msg/Int32,22152
1774524838.1317644,/metrics/pcl/back/processing_ms,std_msgs/msg/Float32,73.09674835205078
1774524838.2252445,/metrics/pcl/back/detections_count,std_msgs/msg/Int32,33
1774524838.225388,/metrics/pcl/back/points_in,std_msgs/msg/Int32,22152
1774524838.2254534,/metrics/pcl/back/processing_ms,std_msgs/msg/Float32,69.64753723144531
1774524838.323569,/metrics/pcl/back/detections_count,std_msgs/msg/Int32,31
1774524838.323679,/metrics/pcl/back/points_in,std_msgs/msg/Int32,22152
1774524838.3237433,/metrics/pcl/back/processing_ms,std_msgs/msg/Float32,67.5240249633789
1774524838.4320903,/metrics/pcl/back/detections_count,std_msgs/msg/Int32,30
1774524838.4322557,/metrics/pcl/back/points_in,std_msgs/msg/Int32,22152
1774524838.4323573,/metrics/pcl/back/processing_ms,std_msgs/msg/Float32,75.05028533935547
1774524838.5278118,/metrics/pcl/back/detections_count,std_msgs/msg/Int32,32
1774524838.52794,/metrics/pcl/back/points_in,std_msgs/msg/Int32,22152
1774524838.528007,/metrics/pcl/back/processing_ms,std_msgs/msg/Float32,70.34375762939453
1774524838.628572,/metrics/pcl/back/detections_count,std_msgs/msg/Int32,27
1774524838.6287198,/metrics/pcl/back/points_in,std_msgs/msg/Int32,22152
1774524838.628818,/metrics/pcl/back/processing_ms,std_msgs/msg/Float32,70.2417221069336
1774524838.7293637,/metrics/pcl/back/detections_count,std_msgs/msg/Int32,26
1774524838.7294972,/metrics/pcl/back/points_in,std_msgs/msg/Int32,22152
1774524838.7295818,/metrics/pcl/back/processing_ms,std_msgs/msg/Float32,69.8403091430664
1774524838.8262053,/metrics/pcl/back/detections_count,std_msgs/msg/Int32,29
1774524838.826355,/metrics/pcl/back/points_in,std_msgs/msg/Int32,22152
1774524838.8264458,/metrics/pcl/back/processing_ms,std_msgs/msg/Float32,70.32183837890625
1774524838.9271016,/metrics/pcl/back/detections_count,std_msgs/msg/Int32,25
1774524838.9272156,/metrics/pcl/back/points_in,std_msgs/msg/Int32,22152
1774524838.9272902,/metrics/pcl/back/processing_ms,std_msgs/msg/Float32,71.34605407714844
1774524839.027957,/metrics/pcl/back/detections_count,std_msgs/msg/Int32,25
1774524839.02807,/metrics/pcl/back/points_in,std_msgs/msg/Int32,22152
1774524839.0281384,/metrics/pcl/back/processing_ms,std_msgs/msg/Float32,71.23831939697266
1774524839.129911,/metrics/pcl/back/detections_count,std_msgs/msg/Int32,29
1774524839.1300244,/metrics/pcl/back/points_in,std_msgs/msg/Int32,22152
1774524839.1300879,/metrics/pcl/back/processing_ms,std_msgs/msg/Float32,72.34169006347656
1774524839.2381957,/metrics/pcl/back/detections_count,std_msgs/msg/Int32,28
1774524839.2383733,/metrics/pcl/back/points_in,std_msgs/msg/Int32,22152
1774524839.2384768,/metrics/pcl/back/processing_ms,std_msgs/msg/Float32,79.51606750488281
1774524839.3321679,/metrics/pcl/back/detections_count,std_msgs/msg/Int32,33
1774524839.3323078,/metrics/pcl/back/points_in,std_msgs/msg/Int32,22152
1774524839.3323708,/metrics/pcl/back/processing_ms,std_msgs/msg/Float32,76.74755096435547
1774524839.4293606,/metrics/pcl/back/detections_count,std_msgs/msg/Int32,33
1774524839.4294996,/metrics/pcl/back/points_in,std_msgs/msg/Int32,22152
1774524839.4295933,/metrics/pcl/back/processing_ms,std_msgs/msg/Float32,73.62487030029297
1774524839.5310512,/metrics/pcl/back/detections_count,std_msgs/msg/Int32,34
1774524839.5311656,/metrics/pcl/back/points_in,std_msgs/msg/Int32,22152
1774524839.5312288,/metrics/pcl/back/processing_ms,std_msgs/msg/Float32,74.27493286132812
1774524839.6300316,/metrics/pcl/back/detections_count,std_msgs/msg/Int32,34
1774524839.6301417,/metrics/pcl/back/points_in,std_msgs/msg/Int32,22152
1774524839.6302056,/metrics/pcl/back/processing_ms,std_msgs/msg/Float32,72.74562072753906
1774524839.7349303,/metrics/pcl/back/detections_count,std_msgs/msg/Int32,32
1774524839.7350423,/metrics/pcl/back/points_in,std_msgs/msg/Int32,22152
1774524839.7351055,/metrics/pcl/back/processing_ms,std_msgs/msg/Float32,77.05838775634766
1774524839.839974,/metrics/pcl/back/detections_count,std_msgs/msg/Int32,30
1774524839.8400888,/metrics/pcl/back/points_in,std_msgs/msg/Int32,22152
1774524839.8401544,/metrics/pcl/back/processing_ms,std_msgs/msg/Float32,81.00276947021484
1774524839.9363153,/metrics/pcl/back/detections_count,std_msgs/msg/Int32,32
1774524839.9364812,/metrics/pcl/back/points_in,std_msgs/msg/Int32,22152
1774524839.9365566,/metrics/pcl/back/processing_ms,std_msgs/msg/Float32,81.00457000732422
1774524840.0391524,/metrics/pcl/back/detections_count,std_msgs/msg/Int32,33
1774524840.0393476,/metrics/pcl/back/points_in,std_msgs/msg/Int32,22152
1774524840.0394828,/metrics/pcl/back/processing_ms,std_msgs/msg/Float32,82.3800048828125
1774524840.1393573,/metrics/pcl/back/detections_count,std_msgs/msg/Int32,36
1774524840.1394775,/metrics/pcl/back/points_in,std_msgs/msg/Int32,22152
1774524840.139533,/metrics/pcl/back/processing_ms,std_msgs/msg/Float32,82.31783294677734
1774524840.2377865,/metrics/pcl/back/detections_count,std_msgs/msg/Int32,34
1774524840.237896,/metrics/pcl/back/points_in,std_msgs/msg/Int32,22152
1774524840.2379618,/metrics/pcl/back/processing_ms,std_msgs/msg/Float32,79.88275909423828
1774524840.3394027,/metrics/pcl/back/detections_count,std_msgs/msg/Int32,32
1774524840.3395505,/metrics/pcl/back/points_in,std_msgs/msg/Int32,22152
1774524840.3396158,/metrics/pcl/back/processing_ms,std_msgs/msg/Float32,81.1771469116211
1774524840.4411533,/metrics/pcl/back/detections_count,std_msgs/msg/Int32,38
1774524840.4412622,/metrics/pcl/back/points_in,std_msgs/msg/Int32,22152
1774524840.4413466,/metrics/pcl/back/processing_ms,std_msgs/msg/Float32,82.2139663696289
1774524840.5297916,/metrics/pcl/back/detections_count,std_msgs/msg/Int32,34
1774524840.5299046,/metrics/pcl/back/points_in,std_msgs/msg/Int32,22152
1774524840.52997,/metrics/pcl/back/processing_ms,std_msgs/msg/Float32,74.38825988769531
1774524840.6323757,/metrics/pcl/back/detections_count,std_msgs/msg/Int32,35
1774524840.6325,/metrics/pcl/back/points_in,std_msgs/msg/Int32,22152
1774524840.6325712,/metrics/pcl/back/processing_ms,std_msgs/msg/Float32,76.03394317626953
1774524840.7326384,/metrics/pcl/back/detections_count,std_msgs/msg/Int32,31
1774524840.7327635,/metrics/pcl/back/points_in,std_msgs/msg/Int32,22152
1774524840.732828,/metrics/pcl/back/processing_ms,std_msgs/msg/Float32,75.81175994873047
1774524840.8352094,/metrics/pcl/back/detections_count,std_msgs/msg/Int32,34
1774524840.8354113,/metrics/pcl/back/points_in,std_msgs/msg/Int32,22152
1774524840.8354897,/metrics/pcl/back/processing_ms,std_msgs/msg/Float32,76.82909393310547
1774524840.9371493,/metrics/pcl/back/detections_count,std_msgs/msg/Int32,28
1774524840.9372668,/metrics/pcl/back/points_in,std_msgs/msg/Int32,22152
1774524840.9373841,/metrics/pcl/back/processing_ms,std_msgs/msg/Float32,78.02124786376953
1774524841.0380316,/metrics/pcl/back/detections_count,std_msgs/msg/Int32,29
1774524841.0381532,/metrics/pcl/back/points_in,std_msgs/msg/Int32,22152
1774524841.0382175,/metrics/pcl/back/processing_ms,std_msgs/msg/Float32,83.35638427734375
1774524841.1330805,/metrics/pcl/back/detections_count,std_msgs/msg/Int32,29
1774524841.1332004,/metrics/pcl/back/points_in,std_msgs/msg/Int32,22152
1774524841.1332645,/metrics/pcl/back/processing_ms,std_msgs/msg/Float32,77.37429809570312
1774524841.2351909,/metrics/pcl/back/detections_count,std_msgs/msg/Int32,34
1774524841.2353518,/metrics/pcl/back/points_in,std_msgs/msg/Int32,22152
1774524841.2354279,/metrics/pcl/back/processing_ms,std_msgs/msg/Float32,78.7862777709961
1774524841.3339026,/metrics/pcl/back/detections_count,std_msgs/msg/Int32,30
1774524841.334015,/metrics/pcl/back/points_in,std_msgs/msg/Int32,22152
1774524841.3340838,/metrics/pcl/back/processing_ms,std_msgs/msg/Float32,77.38011169433594
1774524841.436573,/metrics/pcl/back/detections_count,std_msgs/msg/Int32,30
1774524841.4367018,/metrics/pcl/back/points_in,std_msgs/msg/Int32,22152
1774524841.4367568,/metrics/pcl/back/processing_ms,std_msgs/msg/Float32,78.47966003417969
1774524841.535025,/metrics/pcl/back/detections_count,std_msgs/msg/Int32,30
1774524841.5351293,/metrics/pcl/back/points_in,std_msgs/msg/Int32,22152
1774524841.5351906,/metrics/pcl/back/processing_ms,std_msgs/msg/Float32,76.80094909667969
1774524841.6317186,/metrics/pcl/back/detections_count,std_msgs/msg/Int32,34
1774524841.6318545,/metrics/pcl/back/points_in,std_msgs/msg/Int32,22152
1774524841.631941,/metrics/pcl/back/processing_ms,std_msgs/msg/Float32,76.5198745727539
1774524841.7337334,/metrics/pcl/back/detections_count,std_msgs/msg/Int32,35
1774524841.7338812,/metrics/pcl/back/points_in,std_msgs/msg/Int32,22152
1774524841.7339785,/metrics/pcl/back/processing_ms,std_msgs/msg/Float32,77.84530639648438
1774524841.832629,/metrics/pcl/back/detections_count,std_msgs/msg/Int32,36
1774524841.832769,/metrics/pcl/back/points_in,std_msgs/msg/Int32,22152
1774524841.8328497,/metrics/pcl/back/processing_ms,std_msgs/msg/Float32,76.60767364501953
1774524841.933863,/metrics/pcl/back/detections_count,std_msgs/msg/Int32,34
1774524841.9339767,/metrics/pcl/back/points_in,std_msgs/msg/Int32,22152
1774524841.9340405,/metrics/pcl/back/processing_ms,std_msgs/msg/Float32,76.12628936767578
1774524842.035064,/metrics/pcl/back/detections_count,std_msgs/msg/Int32,36
1774524842.0351784,/metrics/pcl/back/points_in,std_msgs/msg/Int32,22152
1774524842.0352418,/metrics/pcl/back/processing_ms,std_msgs/msg/Float32,77.11273956298828
1774524842.1353421,/metrics/pcl/back/detections_count,std_msgs/msg/Int32,35
1774524842.135451,/metrics/pcl/back/points_in,std_msgs/msg/Int32,22152
1774524842.1355202,/metrics/pcl/back/processing_ms,std_msgs/msg/Float32,76.78827667236328
1774524842.2327335,/metrics/pcl/back/detections_count,std_msgs/msg/Int32,33
1774524842.232845,/metrics/pcl/back/points_in,std_msgs/msg/Int32,22152
1774524842.2329116,/metrics/pcl/back/processing_ms,std_msgs/msg/Float32,77.7293930053711
1774524842.3318584,/metrics/pcl/back/detections_count,std_msgs/msg/Int32,32
1774524842.33197,/metrics/pcl/back/points_in,std_msgs/msg/Int32,22152
1774524842.3320484,/metrics/pcl/back/processing_ms,std_msgs/msg/Float32,76.29841613769531
1774524842.4352458,/metrics/pcl/back/detections_count,std_msgs/msg/Int32,31
1774524842.4354136,/metrics/pcl/back/points_in,std_msgs/msg/Int32,22152
1774524842.435536,/metrics/pcl/back/processing_ms,std_msgs/msg/Float32,78.20882415771484
1774524842.5480325,/metrics/pcl/back/detections_count,std_msgs/msg/Int32,31
1774524842.548165,/metrics/pcl/back/points_in,std_msgs/msg/Int32,22152
1774524842.548249,/metrics/pcl/back/processing_ms,std_msgs/msg/Float32,90.52420043945312
1774524842.6368673,/metrics/pcl/back/detections_count,std_msgs/msg/Int32,34
1774524842.6369803,/metrics/pcl/back/points_in,std_msgs/msg/Int32,22152
1774524842.6370435,/metrics/pcl/back/processing_ms,std_msgs/msg/Float32,79.04122161865234
1774524842.7397292,/metrics/pcl/back/detections_count,std_msgs/msg/Int32,32
1774524842.7398427,/metrics/pcl/back/points_in,std_msgs/msg/Int32,22152
1774524842.7399209,/metrics/pcl/back/processing_ms,std_msgs/msg/Float32,80.7398681640625
1774524842.8331003,/metrics/pcl/back/detections_count,std_msgs/msg/Int32,34
1774524842.833226,/metrics/pcl/back/points_in,std_msgs/msg/Int32,22152
1774524842.8333423,/metrics/pcl/back/processing_ms,std_msgs/msg/Float32,76.67491912841797
1774524842.9332392,/metrics/pcl/back/detections_count,std_msgs/msg/Int32,29
1774524842.9333777,/metrics/pcl/back/points_in,std_msgs/msg/Int32,22152
1774524842.93346,/metrics/pcl/back/processing_ms,std_msgs/msg/Float32,77.44720458984375
1774524843.0329823,/metrics/pcl/back/detections_count,std_msgs/msg/Int32,30
1774524843.0331163,/metrics/pcl/back/points_in,std_msgs/msg/Int32,22152
1774524843.0331812,/metrics/pcl/back/processing_ms,std_msgs/msg/Float32,76.23680877685547
1774524843.1323836,/metrics/pcl/back/detections_count,std_msgs/msg/Int32,31
1774524843.1324997,/metrics/pcl/back/points_in,std_msgs/msg/Int32,22152
1774524843.132564,/metrics/pcl/back/processing_ms,std_msgs/msg/Float32,74.79205322265625
1774524843.2349014,/metrics/pcl/back/detections_count,std_msgs/msg/Int32,34
1774524843.2350574,/metrics/pcl/back/points_in,std_msgs/msg/Int32,22152
1774524843.235155,/metrics/pcl/back/processing_ms,std_msgs/msg/Float32,76.10566711425781
1774524843.3355615,/metrics/pcl/back/detections_count,std_msgs/msg/Int32,34
1774524843.335705,/metrics/pcl/back/points_in,std_msgs/msg/Int32,22152
1774524843.335807,/metrics/pcl/back/processing_ms,std_msgs/msg/Float32,76.26172637939453
1774524843.4308603,/metrics/pcl/back/detections_count,std_msgs/msg/Int32,38
1774524843.431014,/metrics/pcl/back/points_in,std_msgs/msg/Int32,22152
1774524843.431118,/metrics/pcl/back/processing_ms,std_msgs/msg/Float32,75.1738510131836
1774524843.5330493,/metrics/pcl/back/detections_count,std_msgs/msg/Int32,36
1774524843.5331655,/metrics/pcl/back/points_in,std_msgs/msg/Int32,22152
1774524843.53323,/metrics/pcl/back/processing_ms,std_msgs/msg/Float32,76.88479614257812
1774524843.638346,/metrics/pcl/back/detections_count,std_msgs/msg/Int32,33
1774524843.6384783,/metrics/pcl/back/points_in,std_msgs/msg/Int32,22152
1774524843.6385484,/metrics/pcl/back/processing_ms,std_msgs/msg/Float32,80.98466491699219
1774524843.7355993,/metrics/pcl/back/detections_count,std_msgs/msg/Int32,38
1774524843.7357078,/metrics/pcl/back/points_in,std_msgs/msg/Int32,22152
1774524843.7357714,/metrics/pcl/back/processing_ms,std_msgs/msg/Float32,77.79074096679688
1774524843.8349786,/metrics/pcl/back/detections_count,std_msgs/msg/Int32,36
1774524843.8350918,/metrics/pcl/back/points_in,std_msgs/msg/Int32,22152
1774524843.835171,/metrics/pcl/back/processing_ms,std_msgs/msg/Float32,76.16414642333984
1774524843.932601,/metrics/pcl/back/detections_count,std_msgs/msg/Int32,38
1774524843.932723,/metrics/pcl/back/points_in,std_msgs/msg/Int32,22152
1774524843.932789,/metrics/pcl/back/processing_ms,std_msgs/msg/Float32,77.93660736083984
1774524844.0343096,/metrics/pcl/back/detections_count,std_msgs/msg/Int32,37
1774524844.0344322,/metrics/pcl/back/points_in,std_msgs/msg/Int32,22152
1774524844.0344985,/metrics/pcl/back/processing_ms,std_msgs/msg/Float32,77.81584930419922
1774524844.1396291,/metrics/pcl/back/detections_count,std_msgs/msg/Int32,37
1774524844.1397521,/metrics/pcl/back/points_in,std_msgs/msg/Int32,22152
1774524844.1398313,/metrics/pcl/back/processing_ms,std_msgs/msg/Float32,82.53706359863281
1774524844.2418365,/metrics/pcl/back/detections_count,std_msgs/msg/Int32,35
1774524844.2419448,/metrics/pcl/back/points_in,std_msgs/msg/Int32,22152
1774524844.2420075,/metrics/pcl/back/processing_ms,std_msgs/msg/Float32,84.74940490722656
1774524844.3387942,/metrics/pcl/back/detections_count,std_msgs/msg/Int32,38
1774524844.3389049,/metrics/pcl/back/points_in,std_msgs/msg/Int32,22152
1774524844.3389683,/metrics/pcl/back/processing_ms,std_msgs/msg/Float32,80.51576232910156
1774524844.4405122,/metrics/pcl/back/detections_count,std_msgs/msg/Int32,35
1774524844.4406354,/metrics/pcl/back/points_in,std_msgs/msg/Int32,22152
1774524844.440713,/metrics/pcl/back/processing_ms,std_msgs/msg/Float32,81.9280014038086
1774524844.5380254,/metrics/pcl/back/detections_count,std_msgs/msg/Int32,34
1774524844.5381389,/metrics/pcl/back/points_in,std_msgs/msg/Int32,22152
1774524844.5382016,/metrics/pcl/back/processing_ms,std_msgs/msg/Float32,82.96385192871094
1774524844.636545,/metrics/pcl/back/detections_count,std_msgs/msg/Int32,33
1774524844.6366572,/metrics/pcl/back/points_in,std_msgs/msg/Int32,22152
1774524844.636722,/metrics/pcl/back/processing_ms,std_msgs/msg/Float32,80.48567962646484
1774524844.7374446,/metrics/pcl/back/detections_count,std_msgs/msg/Int32,32
1774524844.7375796,/metrics/pcl/back/points_in,std_msgs/msg/Int32,22152
1774524844.7376537,/metrics/pcl/back/processing_ms,std_msgs/msg/Float32,81.00367736816406
1774524844.836404,/metrics/pcl/back/detections_count,std_msgs/msg/Int32,34
1774524844.836538,/metrics/pcl/back/points_in,std_msgs/msg/Int32,22152
1774524844.8366117,/metrics/pcl/back/processing_ms,std_msgs/msg/Float32,78.40971374511719
1774524844.9381337,/metrics/pcl/back/detections_count,std_msgs/msg/Int32,34
1774524844.938247,/metrics/pcl/back/points_in,std_msgs/msg/Int32,22152
1774524844.938324,/metrics/pcl/back/processing_ms,std_msgs/msg/Float32,79.95140075683594
1774524845.0389016,/metrics/pcl/back/detections_count,std_msgs/msg/Int32,34
1774524845.0390203,/metrics/pcl/back/points_in,std_msgs/msg/Int32,22152
1774524845.0390856,/metrics/pcl/back/processing_ms,std_msgs/msg/Float32,80.17355346679688
1774524845.1341994,/metrics/pcl/back/detections_count,std_msgs/msg/Int32,34
1774524845.134313,/metrics/pcl/back/points_in,std_msgs/msg/Int32,22152
1774524845.1343706,/metrics/pcl/back/processing_ms,std_msgs/msg/Float32,79.1883316040039
1774524845.2357304,/metrics/pcl/back/detections_count,std_msgs/msg/Int32,33
1774524845.2358418,/metrics/pcl/back/points_in,std_msgs/msg/Int32,22152
1774524845.23591,/metrics/pcl/back/processing_ms,std_msgs/msg/Float32,79.56773376464844
1774524845.3361554,/metrics/pcl/back/detections_count,std_msgs/msg/Int32,37
1774524845.3362672,/metrics/pcl/back/points_in,std_msgs/msg/Int32,22152
1774524845.3363485,/metrics/pcl/back/processing_ms,std_msgs/msg/Float32,79.67943572998047
1774524845.4371436,/metrics/pcl/back/detections_count,std_msgs/msg/Int32,35
1774524845.4372575,/metrics/pcl/back/points_in,std_msgs/msg/Int32,22152
1774524845.437344,/metrics/pcl/back/processing_ms,std_msgs/msg/Float32,79.61898040771484
1774524845.5345356,/metrics/pcl/back/detections_count,std_msgs/msg/Int32,37
1774524845.5346558,/metrics/pcl/back/points_in,std_msgs/msg/Int32,22152
1774524845.534722,/metrics/pcl/back/processing_ms,std_msgs/msg/Float32,76.58550262451172
1774524849.3939106,/metrics/pcl/back/detections_count,std_msgs/msg/Int32,33
1774524849.3940296,/metrics/pcl/back/points_in,std_msgs/msg/Int32,22152
1774524849.3940942,/metrics/pcl/back/processing_ms,std_msgs/msg/Float32,81.85112762451172
1774524849.4889133,/metrics/pcl/back/detections_count,std_msgs/msg/Int32,35
1774524849.4890287,/metrics/pcl/back/points_in,std_msgs/msg/Int32,22152
1774524849.4890945,/metrics/pcl/back/processing_ms,std_msgs/msg/Float32,77.31668090820312
1774524849.5855305,/metrics/pcl/back/detections_count,std_msgs/msg/Int32,34
1774524849.585642,/metrics/pcl/back/points_in,std_msgs/msg/Int32,22152
1774524849.5857048,/metrics/pcl/back/processing_ms,std_msgs/msg/Float32,77.80670166015625
1774524849.6882384,/metrics/pcl/back/detections_count,std_msgs/msg/Int32,36
1774524849.688363,/metrics/pcl/back/points_in,std_msgs/msg/Int32,22152
1774524849.6884284,/metrics/pcl/back/processing_ms,std_msgs/msg/Float32,78.73029327392578
1774524849.7888377,/metrics/pcl/back/detections_count,std_msgs/msg/Int32,35
1774524849.7889721,/metrics/pcl/back/points_in,std_msgs/msg/Int32,22152
1774524849.7890477,/metrics/pcl/back/processing_ms,std_msgs/msg/Float32,78.46185302734375
1774524849.8909626,/metrics/pcl/back/detections_count,std_msgs/msg/Int32,35
1774524849.8911674,/metrics/pcl/back/points_in,std_msgs/msg/Int32,22152
1774524849.8913088,/metrics/pcl/back/processing_ms,std_msgs/msg/Float32,80.91272735595703
1774524849.9879694,/metrics/pcl/back/detections_count,std_msgs/msg/Int32,33
1774524849.9881594,/metrics/pcl/back/points_in,std_msgs/msg/Int32,22152
1774524849.9883091,/metrics/pcl/back/processing_ms,std_msgs/msg/Float32,77.20811462402344
1774524850.0830154,/metrics/pcl/back/detections_count,std_msgs/msg/Int32,38
1774524850.083164,/metrics/pcl/back/points_in,std_msgs/msg/Int32,22152
1774524850.0832388,/metrics/pcl/back/processing_ms,std_msgs/msg/Float32,76.13809967041016
1774524850.1856072,/metrics/pcl/back/detections_count,std_msgs/msg/Int32,34
1774524850.1857421,/metrics/pcl/back/points_in,std_msgs/msg/Int32,22152
1774524850.1858358,/metrics/pcl/back/processing_ms,std_msgs/msg/Float32,77.84268951416016
1774524850.286901,/metrics/pcl/back/detections_count,std_msgs/msg/Int32,34
1774524850.287062,/metrics/pcl/back/points_in,std_msgs/msg/Int32,22152
1774524850.287179,/metrics/pcl/back/processing_ms,std_msgs/msg/Float32,78.24187469482422
1774524850.3879876,/metrics/pcl/back/detections_count,std_msgs/msg/Int32,37
1774524850.3881257,/metrics/pcl/back/points_in,std_msgs/msg/Int32,22152
1774524850.3882167,/metrics/pcl/back/processing_ms,std_msgs/msg/Float32,78.67304229736328
1774524850.4884825,/metrics/pcl/back/detections_count,std_msgs/msg/Int32,36
1774524850.488616,/metrics/pcl/back/points_in,std_msgs/msg/Int32,22152
1774524850.488708,/metrics/pcl/back/processing_ms,std_msgs/msg/Float32,77.08087158203125
1774524850.5886922,/metrics/pcl/back/detections_count,std_msgs/msg/Int32,36
1774524850.5888257,/metrics/pcl/back/points_in,std_msgs/msg/Int32,22152
1774524850.588914,/metrics/pcl/back/processing_ms,std_msgs/msg/Float32,77.57456970214844
1774524850.6846087,/metrics/pcl/back/detections_count,std_msgs/msg/Int32,37
1774524850.6847496,/metrics/pcl/back/points_in,std_msgs/msg/Int32,22152
1774524850.684839,/metrics/pcl/back/processing_ms,std_msgs/msg/Float32,77.3297348022461
1774524850.7890742,/metrics/pcl/back/detections_count,std_msgs/msg/Int32,39
1774524850.789327,/metrics/pcl/back/points_in,std_msgs/msg/Int32,22152
1774524850.789485,/metrics/pcl/back/processing_ms,std_msgs/msg/Float32,80.82061004638672
1774524850.8868423,/metrics/pcl/back/detections_count,std_msgs/msg/Int32,37
1774524850.8870206,/metrics/pcl/back/points_in,std_msgs/msg/Int32,22152
1774524850.887177,/metrics/pcl/back/processing_ms,std_msgs/msg/Float32,77.94879150390625
1774524850.9929519,/metrics/pcl/back/detections_count,std_msgs/msg/Int32,33
1774524850.993106,/metrics/pcl/back/points_in,std_msgs/msg/Int32,22152
1774524850.99322,/metrics/pcl/back/processing_ms,std_msgs/msg/Float32,83.08448028564453
1774524851.0882196,/metrics/pcl/back/detections_count,std_msgs/msg/Int32,31
1774524851.0883634,/metrics/pcl/back/points_in,std_msgs/msg/Int32,22152
1774524851.088456,/metrics/pcl/back/processing_ms,std_msgs/msg/Float32,78.43421173095703
1774524851.1937823,/metrics/pcl/back/detections_count,std_msgs/msg/Int32,32
1774524851.1939247,/metrics/pcl/back/points_in,std_msgs/msg/Int32,22152
1774524851.194017,/metrics/pcl/back/processing_ms,std_msgs/msg/Float32,82.81746673583984
1774524851.2867136,/metrics/pcl/back/detections_count,std_msgs/msg/Int32,37
1774524851.2868476,/metrics/pcl/back/points_in,std_msgs/msg/Int32,22152
1774524851.2869353,/metrics/pcl/back/processing_ms,std_msgs/msg/Float32,78.40123748779297
1774524851.3894117,/metrics/pcl/back/detections_count,std_msgs/msg/Int32,31
1774524851.3895476,/metrics/pcl/back/points_in,std_msgs/msg/Int32,22152
1774524851.3896215,/metrics/pcl/back/processing_ms,std_msgs/msg/Float32,80.26109313964844
1774524851.4861512,/metrics/pcl/back/detections_count,std_msgs/msg/Int32,33
1774524851.4862711,/metrics/pcl/back/points_in,std_msgs/msg/Int32,22152
1774524851.486358,/metrics/pcl/back/processing_ms,std_msgs/msg/Float32,77.18463897705078
1774524851.5866823,/metrics/pcl/back/detections_count,std_msgs/msg/Int32,41
1774524851.5868695,/metrics/pcl/back/points_in,std_msgs/msg/Int32,22152
1774524851.5869713,/metrics/pcl/back/processing_ms,std_msgs/msg/Float32,77.05918884277344
1774524851.6898496,/metrics/pcl/back/detections_count,std_msgs/msg/Int32,33
1774524851.6899657,/metrics/pcl/back/points_in,std_msgs/msg/Int32,22152
1774524851.690034,/metrics/pcl/back/processing_ms,std_msgs/msg/Float32,79.52730560302734
1774524851.789677,/metrics/pcl/back/detections_count,std_msgs/msg/Int32,31
1774524851.7897935,/metrics/pcl/back/points_in,std_msgs/msg/Int32,22152
1774524851.7898636,/metrics/pcl/back/processing_ms,std_msgs/msg/Float32,78.73553466796875
1774524851.8871133,/metrics/pcl/back/detections_count,std_msgs/msg/Int32,34
1774524851.887258,/metrics/pcl/back/points_in,std_msgs/msg/Int32,22152
1774524851.8873522,/metrics/pcl/back/processing_ms,std_msgs/msg/Float32,79.44337463378906
1774524851.9870734,/metrics/pcl/back/detections_count,std_msgs/msg/Int32,33
1774524851.9871967,/metrics/pcl/back/points_in,std_msgs/msg/Int32,22152
1774524851.9872615,/metrics/pcl/back/processing_ms,std_msgs/msg/Float32,78.99581909179688
1774524852.0865722,/metrics/pcl/back/detections_count,std_msgs/msg/Int32,35
1774524852.0866718,/metrics/pcl/back/points_in,std_msgs/msg/Int32,22152
1774524852.0867257,/metrics/pcl/back/processing_ms,std_msgs/msg/Float32,76.51020050048828
1774524852.1869287,/metrics/pcl/back/detections_count,std_msgs/msg/Int32,34
1774524852.1870418,/metrics/pcl/back/points_in,std_msgs/msg/Int32,22152
1774524852.1871061,/metrics/pcl/back/processing_ms,std_msgs/msg/Float32,76.97234344482422
1774524852.2873988,/metrics/pcl/back/detections_count,std_msgs/msg/Int32,36
1774524852.2875166,/metrics/pcl/back/points_in,std_msgs/msg/Int32,22152
1774524852.2875724,/metrics/pcl/back/processing_ms,std_msgs/msg/Float32,76.9643783569336
1774524852.3861988,/metrics/pcl/back/detections_count,std_msgs/msg/Int32,36
1774524852.3863604,/metrics/pcl/back/points_in,std_msgs/msg/Int32,22152
1774524852.3864322,/metrics/pcl/back/processing_ms,std_msgs/msg/Float32,74.74896240234375
1774524852.4820113,/metrics/pcl/back/detections_count,std_msgs/msg/Int32,36
1774524852.4821577,/metrics/pcl/back/points_in,std_msgs/msg/Int32,22152
1774524852.4822454,/metrics/pcl/back/processing_ms,std_msgs/msg/Float32,74.24884033203125
1774524852.5831604,/metrics/pcl/back/detections_count,std_msgs/msg/Int32,32
1774524852.5833087,/metrics/pcl/back/points_in,std_msgs/msg/Int32,22152
1774524852.583396,/metrics/pcl/back/processing_ms,std_msgs/msg/Float32,74.9936752319336
1774524852.6851263,/metrics/pcl/back/detections_count,std_msgs/msg/Int32,34
1774524852.6852539,/metrics/pcl/back/points_in,std_msgs/msg/Int32,22152
1774524852.685333,/metrics/pcl/back/processing_ms,std_msgs/msg/Float32,75.61471557617188
1774524852.789927,/metrics/pcl/back/detections_count,std_msgs/msg/Int32,35
1774524852.7900527,/metrics/pcl/back/points_in,std_msgs/msg/Int32,22152
1774524852.790117,/metrics/pcl/back/processing_ms,std_msgs/msg/Float32,79.15460205078125
1774524852.8872974,/metrics/pcl/back/detections_count,std_msgs/msg/Int32,35
1774524852.8874214,/metrics/pcl/back/points_in,std_msgs/msg/Int32,22152
1774524852.887485,/metrics/pcl/back/processing_ms,std_msgs/msg/Float32,75.77283477783203
1774524852.986808,/metrics/pcl/back/detections_count,std_msgs/msg/Int32,35
1774524852.986933,/metrics/pcl/back/points_in,std_msgs/msg/Int32,22152
1774524852.9869967,/metrics/pcl/back/processing_ms,std_msgs/msg/Float32,74.7793197631836
1774524853.0833228,/metrics/pcl/back/detections_count,std_msgs/msg/Int32,34
1774524853.0834434,/metrics/pcl/back/points_in,std_msgs/msg/Int32,22152
1774524853.0835018,/metrics/pcl/back/processing_ms,std_msgs/msg/Float32,75.80548858642578
1774524853.1866343,/metrics/pcl/back/detections_count,std_msgs/msg/Int32,36
1774524853.186761,/metrics/pcl/back/points_in,std_msgs/msg/Int32,22152
1774524853.1868272,/metrics/pcl/back/processing_ms,std_msgs/msg/Float32,78.62120819091797
1774524853.2888732,/metrics/pcl/back/detections_count,std_msgs/msg/Int32,33
1774524853.2890189,/metrics/pcl/back/points_in,std_msgs/msg/Int32,22152
1774524853.2891364,/metrics/pcl/back/processing_ms,std_msgs/msg/Float32,80.2760009765625
1774524853.390231,/metrics/pcl/back/detections_count,std_msgs/msg/Int32,35
1774524853.3904731,/metrics/pcl/back/points_in,std_msgs/msg/Int32,22152
1774524853.3906393,/metrics/pcl/back/processing_ms,std_msgs/msg/Float32,80.6842269897461
1774524853.4900413,/metrics/pcl/back/detections_count,std_msgs/msg/Int32,32
1774524853.4901826,/metrics/pcl/back/points_in,std_msgs/msg/Int32,22152
1774524853.490251,/metrics/pcl/back/processing_ms,std_msgs/msg/Float32,79.1853256225586
1774524853.5830045,/metrics/pcl/back/detections_count,std_msgs/msg/Int32,34
1774524853.583123,/metrics/pcl/back/points_in,std_msgs/msg/Int32,22152
1774524853.5831888,/metrics/pcl/back/processing_ms,std_msgs/msg/Float32,76.52606964111328
1774524853.6816854,/metrics/pcl/back/detections_count,std_msgs/msg/Int32,39
1774524853.6817987,/metrics/pcl/back/points_in,std_msgs/msg/Int32,22152
1774524853.6818626,/metrics/pcl/back/processing_ms,std_msgs/msg/Float32,73.90290832519531
1774524853.7874355,/metrics/pcl/back/detections_count,std_msgs/msg/Int32,30
1774524853.7875473,/metrics/pcl/back/points_in,std_msgs/msg/Int32,22152
1774524853.7876122,/metrics/pcl/back/processing_ms,std_msgs/msg/Float32,78.96578979492188
1774524853.883521,/metrics/pcl/back/detections_count,std_msgs/msg/Int32,37
1774524853.8836303,/metrics/pcl/back/points_in,std_msgs/msg/Int32,22152
1774524853.8836927,/metrics/pcl/back/processing_ms,std_msgs/msg/Float32,74.52974700927734
1774524853.9835837,/metrics/pcl/back/detections_count,std_msgs/msg/Int32,36
1774524853.9837127,/metrics/pcl/back/points_in,std_msgs/msg/Int32,22152
1774524853.9837794,/metrics/pcl/back/processing_ms,std_msgs/msg/Float32,74.17925262451172
1774524854.0878692,/metrics/pcl/back/detections_count,std_msgs/msg/Int32,35
1774524854.0880036,/metrics/pcl/back/points_in,std_msgs/msg/Int32,22152
1774524854.088063,/metrics/pcl/back/processing_ms,std_msgs/msg/Float32,77.6783447265625
1774524854.1820974,/metrics/pcl/back/detections_count,std_msgs/msg/Int32,34
1774524854.1822183,/metrics/pcl/back/points_in,std_msgs/msg/Int32,22152
1774524854.1822872,/metrics/pcl/back/processing_ms,std_msgs/msg/Float32,75.22291564941406
1774524854.2845466,/metrics/pcl/back/detections_count,std_msgs/msg/Int32,34
1774524854.284663,/metrics/pcl/back/points_in,std_msgs/msg/Int32,22152
1774524854.2847185,/metrics/pcl/back/processing_ms,std_msgs/msg/Float32,76.80111694335938
1774524854.3833516,/metrics/pcl/back/detections_count,std_msgs/msg/Int32,35
1774524854.383462,/metrics/pcl/back/points_in,std_msgs/msg/Int32,22152
1774524854.3835206,/metrics/pcl/back/processing_ms,std_msgs/msg/Float32,75.2885971069336
1774524854.4875991,/metrics/pcl/back/detections_count,std_msgs/msg/Int32,31
1774524854.4877195,/metrics/pcl/back/points_in,std_msgs/msg/Int32,22152
1774524854.4877758,/metrics/pcl/back/processing_ms,std_msgs/msg/Float32,77.69651794433594
1774524854.5888562,/metrics/pcl/back/detections_count,std_msgs/msg/Int32,33
1774524854.58898,/metrics/pcl/back/points_in,std_msgs/msg/Int32,22152
1774524854.5890346,/metrics/pcl/back/processing_ms,std_msgs/msg/Float32,78.69277954101562
1774524854.6878424,/metrics/pcl/back/detections_count,std_msgs/msg/Int32,34
1774524854.6879692,/metrics/pcl/back/points_in,std_msgs/msg/Int32,22152
1774524854.6880264,/metrics/pcl/back/processing_ms,std_msgs/msg/Float32,77.18238067626953
1774524854.7848125,/metrics/pcl/back/detections_count,std_msgs/msg/Int32,33
1774524854.784955,/metrics/pcl/back/points_in,std_msgs/msg/Int32,22152
1774524854.785018,/metrics/pcl/back/processing_ms,std_msgs/msg/Float32,77.72842407226562
1774524854.8847804,/metrics/pcl/back/detections_count,std_msgs/msg/Int32,30
1774524854.8849316,/metrics/pcl/back/points_in,std_msgs/msg/Int32,22152
1774524854.884997,/metrics/pcl/back/processing_ms,std_msgs/msg/Float32,77.2696533203125
1774524854.9870408,/metrics/pcl/back/detections_count,std_msgs/msg/Int32,33
1774524854.987164,/metrics/pcl/back/points_in,std_msgs/msg/Int32,22152
1774524854.9872203,/metrics/pcl/back/processing_ms,std_msgs/msg/Float32,79.2362060546875
1774524855.0851724,/metrics/pcl/back/detections_count,std_msgs/msg/Int32,32
1774524855.0853045,/metrics/pcl/back/points_in,std_msgs/msg/Int32,22152
1774524855.0853658,/metrics/pcl/back/processing_ms,std_msgs/msg/Float32,76.00476837158203
1774524855.1859863,/metrics/pcl/back/detections_count,std_msgs/msg/Int32,31
1774524855.1861055,/metrics/pcl/back/points_in,std_msgs/msg/Int32,22152
1774524855.186166,/metrics/pcl/back/processing_ms,std_msgs/msg/Float32,76.3603286743164
1774524855.292467,/metrics/pcl/back/detections_count,std_msgs/msg/Int32,34
1774524855.2925825,/metrics/pcl/back/points_in,std_msgs/msg/Int32,22152
1774524855.2926388,/metrics/pcl/back/processing_ms,std_msgs/msg/Float32,80.9142074584961
1774524855.3820045,/metrics/pcl/back/detections_count,std_msgs/msg/Int32,31
1774524855.3821223,/metrics/pcl/back/points_in,std_msgs/msg/Int32,22152
1774524855.3821793,/metrics/pcl/back/processing_ms,std_msgs/msg/Float32,74.95233917236328
1774524855.483177,/metrics/pcl/back/detections_count,std_msgs/msg/Int32,32
1774524855.4833078,/metrics/pcl/back/points_in,std_msgs/msg/Int32,22152
1774524855.4833698,/metrics/pcl/back/processing_ms,std_msgs/msg/Float32,75.53942108154297
1774524855.5830846,/metrics/pcl/back/detections_count,std_msgs/msg/Int32,31
1774524855.5832055,/metrics/pcl/back/points_in,std_msgs/msg/Int32,22152
1774524855.5832844,/metrics/pcl/back/processing_ms,std_msgs/msg/Float32,74.19866180419922
1774524855.688596,/metrics/pcl/back/detections_count,std_msgs/msg/Int32,30
1774524855.688762,/metrics/pcl/back/points_in,std_msgs/msg/Int32,22152
1774524855.6888704,/metrics/pcl/back/processing_ms,std_msgs/msg/Float32,78.97099304199219
1774524855.7845721,/metrics/pcl/back/detections_count,std_msgs/msg/Int32,28
1774524855.7846944,/metrics/pcl/back/points_in,std_msgs/msg/Int32,22152
1774524855.7847583,/metrics/pcl/back/processing_ms,std_msgs/msg/Float32,74.35884857177734
1774524855.882166,/metrics/pcl/back/detections_count,std_msgs/msg/Int32,28
1774524855.8823404,/metrics/pcl/back/points_in,std_msgs/msg/Int32,22152
1774524855.882418,/metrics/pcl/back/processing_ms,std_msgs/msg/Float32,75.3355484008789
1774524855.987855,/metrics/pcl/back/detections_count,std_msgs/msg/Int32,30
1774524855.987973,/metrics/pcl/back/points_in,std_msgs/msg/Int32,22152
1774524855.9880292,/metrics/pcl/back/processing_ms,std_msgs/msg/Float32,80.2844009399414
1774524856.0854867,/metrics/pcl/back/detections_count,std_msgs/msg/Int32,29
1774524856.085598,/metrics/pcl/back/points_in,std_msgs/msg/Int32,22152
1774524856.0856616,/metrics/pcl/back/processing_ms,std_msgs/msg/Float32,76.79582214355469
1774524856.1829448,/metrics/pcl/back/detections_count,std_msgs/msg/Int32,30
1774524856.1830566,/metrics/pcl/back/points_in,std_msgs/msg/Int32,22152
1774524856.1831217,/metrics/pcl/back/processing_ms,std_msgs/msg/Float32,73.5374526977539
1774524856.2863383,/metrics/pcl/back/detections_count,std_msgs/msg/Int32,32
1774524856.2864714,/metrics/pcl/back/points_in,std_msgs/msg/Int32,22152
1774524856.2865415,/metrics/pcl/back/processing_ms,std_msgs/msg/Float32,76.5874252319336
1774524856.388954,/metrics/pcl/back/detections_count,std_msgs/msg/Int32,31
1774524856.3890736,/metrics/pcl/back/points_in,std_msgs/msg/Int32,22152
1774524856.3891442,/metrics/pcl/back/processing_ms,std_msgs/msg/Float32,78.60377502441406
1774524856.4858835,/metrics/pcl/back/detections_count,std_msgs/msg/Int32,29
1774524856.4860892,/metrics/pcl/back/points_in,std_msgs/msg/Int32,22152
1774524856.4861896,/metrics/pcl/back/processing_ms,std_msgs/msg/Float32,79.01396942138672
1774524856.5863173,/metrics/pcl/back/detections_count,std_msgs/msg/Int32,29
1774524856.5864308,/metrics/pcl/back/points_in,std_msgs/msg/Int32,22152
1774524856.586491,/metrics/pcl/back/processing_ms,std_msgs/msg/Float32,79.00824737548828
1774524856.6870203,/metrics/pcl/back/detections_count,std_msgs/msg/Int32,31
1774524856.6871355,/metrics/pcl/back/points_in,std_msgs/msg/Int32,22152
1774524856.6872013,/metrics/pcl/back/processing_ms,std_msgs/msg/Float32,78.6744384765625
1774524856.784927,/metrics/pcl/back/detections_count,std_msgs/msg/Int32,29
1774524856.7850392,/metrics/pcl/back/points_in,std_msgs/msg/Int32,22152
1774524856.785101,/metrics/pcl/back/processing_ms,std_msgs/msg/Float32,75.19288635253906
1774524856.887592,/metrics/pcl/back/detections_count,std_msgs/msg/Int32,28
1774524856.8877058,/metrics/pcl/back/points_in,std_msgs/msg/Int32,22152
1774524856.8877707,/metrics/pcl/back/processing_ms,std_msgs/msg/Float32,76.8534164428711
1774524856.9881465,/metrics/pcl/back/detections_count,std_msgs/msg/Int32,28
1774524856.9882677,/metrics/pcl/back/points_in,std_msgs/msg/Int32,22152
1774524856.9883494,/metrics/pcl/back/processing_ms,std_msgs/msg/Float32,77.77119445800781
1774524857.0818677,/metrics/pcl/back/detections_count,std_msgs/msg/Int32,28
1774524857.0819793,/metrics/pcl/back/points_in,std_msgs/msg/Int32,22152
1774524857.0820444,/metrics/pcl/back/processing_ms,std_msgs/msg/Float32,75.16097259521484
1774524857.1798663,/metrics/pcl/back/detections_count,std_msgs/msg/Int32,33
1774524857.1799972,/metrics/pcl/back/points_in,std_msgs/msg/Int32,22152
1774524857.1800704,/metrics/pcl/back/processing_ms,std_msgs/msg/Float32,72.46650695800781
1774524857.2840135,/metrics/pcl/back/detections_count,std_msgs/msg/Int32,33
1774524857.2841465,/metrics/pcl/back/points_in,std_msgs/msg/Int32,22152
1774524857.2842135,/metrics/pcl/back/processing_ms,std_msgs/msg/Float32,75.70562744140625
1774524857.3837428,/metrics/pcl/back/detections_count,std_msgs/msg/Int32,34
1774524857.383885,/metrics/pcl/back/points_in,std_msgs/msg/Int32,22152
1774524857.383987,/metrics/pcl/back/processing_ms,std_msgs/msg/Float32,74.6118392944336
1774524857.4838037,/metrics/pcl/back/detections_count,std_msgs/msg/Int32,35
1774524857.4839275,/metrics/pcl/back/points_in,std_msgs/msg/Int32,22152
1774524857.4840033,/metrics/pcl/back/processing_ms,std_msgs/msg/Float32,73.23075866699219
1774524857.5808642,/metrics/pcl/back/detections_count,std_msgs/msg/Int32,34
1774524857.5810382,/metrics/pcl/back/points_in,std_msgs/msg/Int32,22152
1774524857.5811167,/metrics/pcl/back/processing_ms,std_msgs/msg/Float32,70.56645202636719
1774524857.678837,/metrics/pcl/back/detections_count,std_msgs/msg/Int32,37
1774524857.678953,/metrics/pcl/back/points_in,std_msgs/msg/Int32,22152
1774524857.679017,/metrics/pcl/back/processing_ms,std_msgs/msg/Float32,71.22876739501953
1774524857.7827492,/metrics/pcl/back/detections_count,std_msgs/msg/Int32,34
1774524857.7828624,/metrics/pcl/back/points_in,std_msgs/msg/Int32,22152
1774524857.7829275,/metrics/pcl/back/processing_ms,std_msgs/msg/Float32,74.23441314697266
1774524857.8803341,/metrics/pcl/back/detections_count,std_msgs/msg/Int32,36
1774524857.880449,/metrics/pcl/back/points_in,std_msgs/msg/Int32,22152
1774524857.8805134,/metrics/pcl/back/processing_ms,std_msgs/msg/Float32,71.8568344116211
1774524857.9823544,/metrics/pcl/back/detections_count,std_msgs/msg/Int32,42
1774524857.9824688,/metrics/pcl/back/points_in,std_msgs/msg/Int32,22152
1774524857.9825344,/metrics/pcl/back/processing_ms,std_msgs/msg/Float32,72.58580780029297
1774524858.081517,/metrics/pcl/back/detections_count,std_msgs/msg/Int32,36
1774524858.0816717,/metrics/pcl/back/points_in,std_msgs/msg/Int32,22152
1774524858.081769,/metrics/pcl/back/processing_ms,std_msgs/msg/Float32,71.90357971191406
1774524858.1841958,/metrics/pcl/back/detections_count,std_msgs/msg/Int32,33
1774524858.1843314,/metrics/pcl/back/points_in,std_msgs/msg/Int32,22152
1774524858.184409,/metrics/pcl/back/processing_ms,std_msgs/msg/Float32,73.73438262939453
1774524858.28238,/metrics/pcl/back/detections_count,std_msgs/msg/Int32,33
1774524858.2825086,/metrics/pcl/back/points_in,std_msgs/msg/Int32,22152
1774524858.2825916,/metrics/pcl/back/processing_ms,std_msgs/msg/Float32,75.01893615722656
1774524858.381553,/metrics/pcl/back/detections_count,std_msgs/msg/Int32,39
1774524858.3817055,/metrics/pcl/back/processing_ms,std_msgs/msg/Float32,73.64265441894531
1774524858.3820572,/metrics/pcl/back/points_in,std_msgs/msg/Int32,22152
1774524858.4824584,/metrics/pcl/back/detections_count,std_msgs/msg/Int32,35
1774524858.4825964,/metrics/pcl/back/points_in,std_msgs/msg/Int32,22152
1774524858.48269,/metrics/pcl/back/processing_ms,std_msgs/msg/Float32,73.21601104736328
1774524858.5826619,/metrics/pcl/back/detections_count,std_msgs/msg/Int32,39
1774524858.5827992,/metrics/pcl/back/points_in,std_msgs/msg/Int32,22152
1774524858.5828948,/metrics/pcl/back/processing_ms,std_msgs/msg/Float32,73.48179626464844
1774524858.6848795,/metrics/pcl/back/detections_count,std_msgs/msg/Int32,41
1774524858.6849968,/metrics/pcl/back/points_in,std_msgs/msg/Int32,22152
1774524858.6850653,/metrics/pcl/back/processing_ms,std_msgs/msg/Float32,75.01007080078125
1774524858.7838655,/metrics/pcl/back/detections_count,std_msgs/msg/Int32,35
1774524858.7839863,/metrics/pcl/back/points_in,std_msgs/msg/Int32,22152
1774524858.784054,/metrics/pcl/back/processing_ms,std_msgs/msg/Float32,77.28893280029297
1774524858.884431,/metrics/pcl/back/detections_count,std_msgs/msg/Int32,34
1774524858.8845947,/metrics/pcl/back/points_in,std_msgs/msg/Int32,22152
1774524858.8846755,/metrics/pcl/back/processing_ms,std_msgs/msg/Float32,76.6704330444336
1774524858.9853263,/metrics/pcl/back/detections_count,std_msgs/msg/Int32,36
1774524858.985465,/metrics/pcl/back/points_in,std_msgs/msg/Int32,22152
1774524858.9855514,/metrics/pcl/back/processing_ms,std_msgs/msg/Float32,77.70264434814453
1774524859.0879142,/metrics/pcl/back/detections_count,std_msgs/msg/Int32,38
1774524859.088028,/metrics/pcl/back/points_in,std_msgs/msg/Int32,22152
1774524859.0880911,/metrics/pcl/back/processing_ms,std_msgs/msg/Float32,78.88419342041016
1774524859.1873753,/metrics/pcl/back/detections_count,std_msgs/msg/Int32,36
1774524859.1874933,/metrics/pcl/back/points_in,std_msgs/msg/Int32,22152
1774524859.1875572,/metrics/pcl/back/processing_ms,std_msgs/msg/Float32,77.7626953125
1774524859.2888234,/metrics/pcl/back/detections_count,std_msgs/msg/Int32,32
1774524859.28894,/metrics/pcl/back/points_in,std_msgs/msg/Int32,22152
1774524859.2890046,/metrics/pcl/back/processing_ms,std_msgs/msg/Float32,77.79046630859375
1774524859.3840377,/metrics/pcl/back/detections_count,std_msgs/msg/Int32,34
1774524859.3841493,/metrics/pcl/back/points_in,std_msgs/msg/Int32,22152
1774524859.3842137,/metrics/pcl/back/processing_ms,std_msgs/msg/Float32,76.75962829589844
1774524859.482904,/metrics/pcl/back/detections_count,std_msgs/msg/Int32,39
1774524859.4830294,/metrics/pcl/back/points_in,std_msgs/msg/Int32,22152
1774524859.483094,/metrics/pcl/back/processing_ms,std_msgs/msg/Float32,75.6126708984375
1774524859.5870473,/metrics/pcl/back/detections_count,std_msgs/msg/Int32,35
1774524859.5872219,/metrics/pcl/back/points_in,std_msgs/msg/Int32,22152
1774524859.5873697,/metrics/pcl/back/processing_ms,std_msgs/msg/Float32,78.73355865478516
1774524859.686087,/metrics/pcl/back/detections_count,std_msgs/msg/Int32,36
1774524859.6862364,/metrics/pcl/back/points_in,std_msgs/msg/Int32,22152
1774524859.6863475,/metrics/pcl/back/processing_ms,std_msgs/msg/Float32,77.08778381347656
1774524859.7952254,/metrics/pcl/back/detections_count,std_msgs/msg/Int32,37
1774524859.7953508,/metrics/pcl/back/points_in,std_msgs/msg/Int32,22152
1774524859.795409,/metrics/pcl/back/processing_ms,std_msgs/msg/Float32,85.2557144165039
1774524859.8926215,/metrics/pcl/back/detections_count,std_msgs/msg/Int32,35
1774524859.8927407,/metrics/pcl/back/points_in,std_msgs/msg/Int32,22152
1774524859.8927958,/metrics/pcl/back/processing_ms,std_msgs/msg/Float32,81.71984100341797
1774524859.9874408,/metrics/pcl/back/detections_count,std_msgs/msg/Int32,37
1774524859.987554,/metrics/pcl/back/points_in,std_msgs/msg/Int32,22152
1774524859.9876094,/metrics/pcl/back/processing_ms,std_msgs/msg/Float32,80.64911651611328
1774524860.0902221,/metrics/pcl/back/detections_count,std_msgs/msg/Int32,35
1774524860.090378,/metrics/pcl/back/points_in,std_msgs/msg/Int32,22152
1774524860.090448,/metrics/pcl/back/processing_ms,std_msgs/msg/Float32,82.20670318603516
1774524860.1914701,/metrics/pcl/back/detections_count,std_msgs/msg/Int32,37
1774524860.1915812,/metrics/pcl/back/points_in,std_msgs/msg/Int32,22152
1774524860.191636,/metrics/pcl/back/processing_ms,std_msgs/msg/Float32,82.79440307617188
1774524860.2893553,/metrics/pcl/back/detections_count,std_msgs/msg/Int32,38
1774524860.2894692,/metrics/pcl/back/points_in,std_msgs/msg/Int32,22152
1774524860.289529,/metrics/pcl/back/processing_ms,std_msgs/msg/Float32,79.37425231933594
1774524860.3907118,/metrics/pcl/back/detections_count,std_msgs/msg/Int32,34
1774524860.390842,/metrics/pcl/back/points_in,std_msgs/msg/Int32,22152
1774524860.3909256,/metrics/pcl/back/processing_ms,std_msgs/msg/Float32,80.90624237060547
1774524860.4912844,/metrics/pcl/back/detections_count,std_msgs/msg/Int32,35
1774524860.4913964,/metrics/pcl/back/points_in,std_msgs/msg/Int32,22152
1774524860.4914608,/metrics/pcl/back/processing_ms,std_msgs/msg/Float32,80.64968872070312
1774524860.59169,/metrics/pcl/back/detections_count,std_msgs/msg/Int32,32
1774524860.5918007,/metrics/pcl/back/points_in,std_msgs/msg/Int32,22152
1774524860.5918684,/metrics/pcl/back/processing_ms,std_msgs/msg/Float32,84.5049819946289
1774524860.6854208,/metrics/pcl/back/detections_count,std_msgs/msg/Int32,37
1774524860.6855314,/metrics/pcl/back/points_in,std_msgs/msg/Int32,22152
1774524860.6855967,/metrics/pcl/back/processing_ms,std_msgs/msg/Float32,77.3364486694336
1774524860.7855437,/metrics/pcl/back/detections_count,std_msgs/msg/Int32,37
1774524860.7856545,/metrics/pcl/back/points_in,std_msgs/msg/Int32,22152
1774524860.785718,/metrics/pcl/back/processing_ms,std_msgs/msg/Float32,76.59315490722656
1774524860.8843849,/metrics/pcl/back/detections_count,std_msgs/msg/Int32,32
1774524860.8844984,/metrics/pcl/back/points_in,std_msgs/msg/Int32,22152
1774524860.884563,/metrics/pcl/back/processing_ms,std_msgs/msg/Float32,74.48133087158203
1774524860.9849715,/metrics/pcl/back/detections_count,std_msgs/msg/Int32,38
1774524860.985099,/metrics/pcl/back/points_in,std_msgs/msg/Int32,22152
1774524860.9851637,/metrics/pcl/back/processing_ms,std_msgs/msg/Float32,74.44245910644531
1774524861.0845942,/metrics/pcl/back/detections_count,std_msgs/msg/Int32,36
1774524861.0847077,/metrics/pcl/back/points_in,std_msgs/msg/Int32,22152
1774524861.0847723,/metrics/pcl/back/processing_ms,std_msgs/msg/Float32,77.85653686523438
1774524861.1878965,/metrics/pcl/back/detections_count,std_msgs/msg/Int32,36
1774524861.188021,/metrics/pcl/back/points_in,std_msgs/msg/Int32,22152
1774524861.1880858,/metrics/pcl/back/processing_ms,std_msgs/msg/Float32,80.20077514648438
1774524861.2913,/metrics/pcl/back/detections_count,std_msgs/msg/Int32,31
1774524861.2914126,/metrics/pcl/back/points_in,std_msgs/msg/Int32,22152
1774524861.2914782,/metrics/pcl/back/processing_ms,std_msgs/msg/Float32,83.17910766601562
1774524861.3933494,/metrics/pcl/back/detections_count,std_msgs/msg/Int32,32
1774524861.3934605,/metrics/pcl/back/points_in,std_msgs/msg/Int32,22152
1774524861.3935268,/metrics/pcl/back/processing_ms,std_msgs/msg/Float32,84.89226531982422
1774524861.4883423,/metrics/pcl/back/detections_count,std_msgs/msg/Int32,34
1774524861.4884584,/metrics/pcl/back/points_in,std_msgs/msg/Int32,22152
1774524861.4885154,/metrics/pcl/back/processing_ms,std_msgs/msg/Float32,78.1132583618164
1774524861.5864236,/metrics/pcl/back/detections_count,std_msgs/msg/Int32,33
1774524861.58652,/metrics/pcl/back/points_in,std_msgs/msg/Int32,22152
1774524861.5865731,/metrics/pcl/back/processing_ms,std_msgs/msg/Float32,76.10424041748047
1774524861.6865306,/metrics/pcl/back/detections_count,std_msgs/msg/Int32,32
1774524861.6866465,/metrics/pcl/back/points_in,std_msgs/msg/Int32,22152
1774524861.6867123,/metrics/pcl/back/processing_ms,std_msgs/msg/Float32,78.71961975097656
1774524861.783549,/metrics/pcl/back/detections_count,std_msgs/msg/Int32,34
1774524861.783663,/metrics/pcl/back/points_in,std_msgs/msg/Int32,22152
1774524861.7837343,/metrics/pcl/back/processing_ms,std_msgs/msg/Float32,75.44853973388672
1774524861.88266,/metrics/pcl/back/detections_count,std_msgs/msg/Int32,33
1774524861.8827903,/metrics/pcl/back/points_in,std_msgs/msg/Int32,22152
1774524861.882854,/metrics/pcl/back/processing_ms,std_msgs/msg/Float32,74.357421875
1774524861.9830909,/metrics/pcl/back/detections_count,std_msgs/msg/Int32,35
1774524861.9831936,/metrics/pcl/back/points_in,std_msgs/msg/Int32,22152
1774524861.9832556,/metrics/pcl/back/processing_ms,std_msgs/msg/Float32,74.00000762939453
1774524862.0848038,/metrics/pcl/back/detections_count,std_msgs/msg/Int32,35
1774524862.0849378,/metrics/pcl/back/points_in,std_msgs/msg/Int32,22152
1774524862.0850096,/metrics/pcl/back/processing_ms,std_msgs/msg/Float32,74.75794219970703
1774524862.1857717,/metrics/pcl/back/detections_count,std_msgs/msg/Int32,30
1774524862.1858857,/metrics/pcl/back/points_in,std_msgs/msg/Int32,22152
1774524862.18595,/metrics/pcl/back/processing_ms,std_msgs/msg/Float32,75.02275085449219
1774524862.2836459,/metrics/pcl/back/detections_count,std_msgs/msg/Int32,35
1774524862.2837467,/metrics/pcl/back/points_in,std_msgs/msg/Int32,22152
1774524862.283801,/metrics/pcl/back/processing_ms,std_msgs/msg/Float32,76.53672790527344
1774524862.386373,/metrics/pcl/back/detections_count,std_msgs/msg/Int32,30
1774524862.3864841,/metrics/pcl/back/points_in,std_msgs/msg/Int32,22152
1774524862.3865483,/metrics/pcl/back/processing_ms,std_msgs/msg/Float32,78.04674530029297
1774524862.488266,/metrics/pcl/back/detections_count,std_msgs/msg/Int32,30
1774524862.4883847,/metrics/pcl/back/points_in,std_msgs/msg/Int32,22152
1774524862.4884498,/metrics/pcl/back/processing_ms,std_msgs/msg/Float32,79.26432800292969
1774524862.5871024,/metrics/pcl/back/detections_count,std_msgs/msg/Int32,36
1774524862.5872138,/metrics/pcl/back/points_in,std_msgs/msg/Int32,22152
1774524862.587289,/metrics/pcl/back/processing_ms,std_msgs/msg/Float32,77.56929779052734
1774524862.6863437,/metrics/pcl/back/detections_count,std_msgs/msg/Int32,34
1774524862.6864574,/metrics/pcl/back/points_in,std_msgs/msg/Int32,22152
1774524862.686522,/metrics/pcl/back/processing_ms,std_msgs/msg/Float32,77.064208984375
1774524862.7864196,/metrics/pcl/back/detections_count,std_msgs/msg/Int32,34
1774524862.7865505,/metrics/pcl/back/points_in,std_msgs/msg/Int32,22152
1774524862.7866142,/metrics/pcl/back/processing_ms,std_msgs/msg/Float32,75.90886688232422
1774524862.8829603,/metrics/pcl/back/detections_count,std_msgs/msg/Int32,33
1774524862.8830833,/metrics/pcl/back/points_in,std_msgs/msg/Int32,22152
1774524862.8831527,/metrics/pcl/back/processing_ms,std_msgs/msg/Float32,75.9941177368164
1774524862.9852557,/metrics/pcl/back/detections_count,std_msgs/msg/Int32,33
1774524862.9854102,/metrics/pcl/back/points_in,std_msgs/msg/Int32,22152
1774524862.985473,/metrics/pcl/back/processing_ms,std_msgs/msg/Float32,77.31792449951172
1774524863.084567,/metrics/pcl/back/detections_count,std_msgs/msg/Int32,35
1774524863.0846796,/metrics/pcl/back/points_in,std_msgs/msg/Int32,22152
1774524863.0847442,/metrics/pcl/back/processing_ms,std_msgs/msg/Float32,75.69100189208984
1774524863.183492,/metrics/pcl/back/detections_count,std_msgs/msg/Int32,34
1774524863.1836057,/metrics/pcl/back/points_in,std_msgs/msg/Int32,22152
1774524863.1836708,/metrics/pcl/back/processing_ms,std_msgs/msg/Float32,74.06903076171875
1774524863.2848053,/metrics/pcl/back/detections_count,std_msgs/msg/Int32,34
1774524863.2849185,/metrics/pcl/back/points_in,std_msgs/msg/Int32,22152
1774524863.2849834,/metrics/pcl/back/processing_ms,std_msgs/msg/Float32,74.08256530761719
1774524863.3816519,/metrics/pcl/back/detections_count,std_msgs/msg/Int32,33
1774524863.3817677,/metrics/pcl/back/points_in,std_msgs/msg/Int32,22152
1774524863.381831,/metrics/pcl/back/processing_ms,std_msgs/msg/Float32,74.77040100097656
1774524863.4836473,/metrics/pcl/back/detections_count,std_msgs/msg/Int32,33
1774524863.4837642,/metrics/pcl/back/points_in,std_msgs/msg/Int32,22152
1774524863.4838283,/metrics/pcl/back/processing_ms,std_msgs/msg/Float32,75.3549575805664
1774524863.5855699,/metrics/pcl/back/detections_count,std_msgs/msg/Int32,38
1774524863.5857964,/metrics/pcl/back/points_in,std_msgs/msg/Int32,22152
1774524863.5858753,/metrics/pcl/back/processing_ms,std_msgs/msg/Float32,77.75537872314453
1774524863.6865094,/metrics/pcl/back/detections_count,std_msgs/msg/Int32,32
1774524863.6866353,/metrics/pcl/back/points_in,std_msgs/msg/Int32,22152
1774524863.6867104,/metrics/pcl/back/processing_ms,std_msgs/msg/Float32,77.92234802246094
1774524863.7884128,/metrics/pcl/back/detections_count,std_msgs/msg/Int32,38
1774524863.7885582,/metrics/pcl/back/points_in,std_msgs/msg/Int32,22152
1774524863.78867,/metrics/pcl/back/processing_ms,std_msgs/msg/Float32,78.7017593383789
1774524863.8901262,/metrics/pcl/back/detections_count,std_msgs/msg/Int32,31
1774524863.8902571,/metrics/pcl/back/points_in,std_msgs/msg/Int32,22152
1774524863.8903706,/metrics/pcl/back/processing_ms,std_msgs/msg/Float32,79.96125793457031
1774524863.9886653,/metrics/pcl/back/detections_count,std_msgs/msg/Int32,33
1774524863.9888015,/metrics/pcl/back/points_in,std_msgs/msg/Int32,22152
1774524863.9888887,/metrics/pcl/back/processing_ms,std_msgs/msg/Float32,81.71783447265625
1774524864.0873404,/metrics/pcl/back/detections_count,std_msgs/msg/Int32,34
1774524864.0874517,/metrics/pcl/back/points_in,std_msgs/msg/Int32,22152
1774524864.0875175,/metrics/pcl/back/processing_ms,std_msgs/msg/Float32,79.0628433227539
1774524864.18855,/metrics/pcl/back/detections_count,std_msgs/msg/Int32,38
1774524864.1886663,/metrics/pcl/back/points_in,std_msgs/msg/Int32,22152
1774524864.1887307,/metrics/pcl/back/processing_ms,std_msgs/msg/Float32,79.72943878173828
1774524864.2907615,/metrics/pcl/back/detections_count,std_msgs/msg/Int32,34
1774524864.2908843,/metrics/pcl/back/points_in,std_msgs/msg/Int32,22152
1774524864.2909513,/metrics/pcl/back/processing_ms,std_msgs/msg/Float32,81.7904052734375
1774524864.3927162,/metrics/pcl/back/detections_count,std_msgs/msg/Int32,32
1774524864.3928373,/metrics/pcl/back/points_in,std_msgs/msg/Int32,22152
1774524864.3929155,/metrics/pcl/back/processing_ms,std_msgs/msg/Float32,82.7623062133789
1774524864.4886272,/metrics/pcl/back/detections_count,std_msgs/msg/Int32,35
1774524864.4887533,/metrics/pcl/back/points_in,std_msgs/msg/Int32,22152
1774524864.488832,/metrics/pcl/back/processing_ms,std_msgs/msg/Float32,78.40478515625
1774524864.5848572,/metrics/pcl/back/detections_count,std_msgs/msg/Int32,37
1774524864.5849714,/metrics/pcl/back/points_in,std_msgs/msg/Int32,22152
1774524864.5850346,/metrics/pcl/back/processing_ms,std_msgs/msg/Float32,78.50541687011719
1774524864.688529,/metrics/pcl/back/detections_count,std_msgs/msg/Int32,35
1774524864.6886415,/metrics/pcl/back/points_in,std_msgs/msg/Int32,22152
1774524864.6887057,/metrics/pcl/back/processing_ms,std_msgs/msg/Float32,80.58985137939453
1774524864.7921937,/metrics/pcl/back/detections_count,std_msgs/msg/Int32,35
1774524864.7923703,/metrics/pcl/back/points_in,std_msgs/msg/Int32,22152
1774524864.792454,/metrics/pcl/back/processing_ms,std_msgs/msg/Float32,83.96929168701172
1774524864.8932276,/metrics/pcl/back/detections_count,std_msgs/msg/Int32,35
1774524864.8933947,/metrics/pcl/back/points_in,std_msgs/msg/Int32,22152
1774524864.8934803,/metrics/pcl/back/processing_ms,std_msgs/msg/Float32,83.50750732421875
1774524864.9904366,/metrics/pcl/back/detections_count,std_msgs/msg/Int32,38
1774524864.9905577,/metrics/pcl/back/points_in,std_msgs/msg/Int32,22152
1774524864.9906237,/metrics/pcl/back/processing_ms,std_msgs/msg/Float32,80.18498229980469
1774524865.0914023,/metrics/pcl/back/detections_count,std_msgs/msg/Int32,37
1774524865.0915651,/metrics/pcl/back/points_in,std_msgs/msg/Int32,22152
1774524865.091678,/metrics/pcl/back/processing_ms,std_msgs/msg/Float32,80.77438354492188
1774524865.1856675,/metrics/pcl/back/detections_count,std_msgs/msg/Int32,33
1774524865.1857924,/metrics/pcl/back/points_in,std_msgs/msg/Int32,22152
1774524865.18586,/metrics/pcl/back/processing_ms,std_msgs/msg/Float32,78.81524658203125
1774524865.2847803,/metrics/pcl/back/detections_count,std_msgs/msg/Int32,37
1774524865.2849321,/metrics/pcl/back/points_in,std_msgs/msg/Int32,22152
1774524865.2850008,/metrics/pcl/back/processing_ms,std_msgs/msg/Float32,76.86322784423828
1774524865.384005,/metrics/pcl/back/detections_count,std_msgs/msg/Int32,36
1774524865.3841634,/metrics/pcl/back/points_in,std_msgs/msg/Int32,22152
1774524865.3842666,/metrics/pcl/back/processing_ms,std_msgs/msg/Float32,75.84221649169922
1774524865.485298,/metrics/pcl/back/detections_count,std_msgs/msg/Int32,36
1774524865.485423,/metrics/pcl/back/points_in,std_msgs/msg/Int32,22152
1774524865.4854887,/metrics/pcl/back/processing_ms,std_msgs/msg/Float32,75.67794036865234
1774524865.5869112,/metrics/pcl/back/detections_count,std_msgs/msg/Int32,34
1774524865.5870228,/metrics/pcl/back/points_in,std_msgs/msg/Int32,22152
1774524865.5870886,/metrics/pcl/back/processing_ms,std_msgs/msg/Float32,76.68330383300781
1774524865.684011,/metrics/pcl/back/detections_count,std_msgs/msg/Int32,33
1774524865.6841233,/metrics/pcl/back/points_in,std_msgs/msg/Int32,22152
1774524865.6841874,/metrics/pcl/back/processing_ms,std_msgs/msg/Float32,76.78901672363281
1774524865.7855585,/metrics/pcl/back/detections_count,std_msgs/msg/Int32,35
1774524865.7856789,/metrics/pcl/back/points_in,std_msgs/msg/Int32,22152
1774524865.7857437,/metrics/pcl/back/processing_ms,std_msgs/msg/Float32,77.50128936767578
1774524865.8869147,/metrics/pcl/back/detections_count,std_msgs/msg/Int32,35
1774524865.8870327,/metrics/pcl/back/points_in,std_msgs/msg/Int32,22152
1774524865.8870976,/metrics/pcl/back/processing_ms,std_msgs/msg/Float32,78.77918243408203
1774524865.9856586,/metrics/pcl/back/detections_count,std_msgs/msg/Int32,35
1774524865.9857993,/metrics/pcl/back/points_in,std_msgs/msg/Int32,22152
1774524865.9858735,/metrics/pcl/back/processing_ms,std_msgs/msg/Float32,76.75212860107422
1774524866.0852542,/metrics/pcl/back/detections_count,std_msgs/msg/Int32,37
1774524866.0854933,/metrics/pcl/back/points_in,std_msgs/msg/Int32,22152
1774524866.0855718,/metrics/pcl/back/processing_ms,std_msgs/msg/Float32,75.84507751464844
1774524866.1901705,/metrics/pcl/back/detections_count,std_msgs/msg/Int32,37
1774524866.1903024,/metrics/pcl/back/points_in,std_msgs/msg/Int32,22152
1774524866.1903756,/metrics/pcl/back/processing_ms,std_msgs/msg/Float32,79.8166275024414
1774524866.2836077,/metrics/pcl/back/detections_count,std_msgs/msg/Int32,32
1774524866.2837431,/metrics/pcl/back/points_in,std_msgs/msg/Int32,22152
1774524866.2838213,/metrics/pcl/back/processing_ms,std_msgs/msg/Float32,77.09898376464844
1774524866.3837743,/metrics/pcl/back/detections_count,std_msgs/msg/Int32,37
1774524866.3838863,/metrics/pcl/back/points_in,std_msgs/msg/Int32,22152
1774524866.3839507,/metrics/pcl/back/processing_ms,std_msgs/msg/Float32,76.12657928466797
1774524866.4883091,/metrics/pcl/back/detections_count,std_msgs/msg/Int32,33
1774524866.4884233,/metrics/pcl/back/points_in,std_msgs/msg/Int32,22152
1774524866.4884899,/metrics/pcl/back/processing_ms,std_msgs/msg/Float32,79.65486907958984
1774524866.587643,/metrics/pcl/back/detections_count,std_msgs/msg/Int32,38
1774524866.5877554,/metrics/pcl/back/points_in,std_msgs/msg/Int32,22152
1774524866.5878208,/metrics/pcl/back/processing_ms,std_msgs/msg/Float32,78.38008880615234
1774524866.6857002,/metrics/pcl/back/detections_count,std_msgs/msg/Int32,41
1774524866.6858127,/metrics/pcl/back/points_in,std_msgs/msg/Int32,22152
1774524866.6858773,/metrics/pcl/back/processing_ms,std_msgs/msg/Float32,76.27093505859375
1774524866.7867076,/metrics/pcl/back/detections_count,std_msgs/msg/Int32,33
1774524866.7868478,/metrics/pcl/back/points_in,std_msgs/msg/Int32,22152
1774524866.7869403,/metrics/pcl/back/processing_ms,std_msgs/msg/Float32,76.58582305908203
1774524866.884734,/metrics/pcl/back/detections_count,std_msgs/msg/Int32,36
1774524866.8849187,/metrics/pcl/back/points_in,std_msgs/msg/Int32,22152
1774524866.8850007,/metrics/pcl/back/processing_ms,std_msgs/msg/Float32,78.11170959472656
1774524866.9850647,/metrics/pcl/back/detections_count,std_msgs/msg/Int32,39
1774524866.985219,/metrics/pcl/back/points_in,std_msgs/msg/Int32,22152
1774524866.9853542,/metrics/pcl/back/processing_ms,std_msgs/msg/Float32,77.639404296875
1774524867.0922992,/metrics/pcl/back/detections_count,std_msgs/msg/Int32,34
1774524867.092416,/metrics/pcl/back/points_in,std_msgs/msg/Int32,22152
1774524867.0924723,/metrics/pcl/back/processing_ms,std_msgs/msg/Float32,79.14927673339844
1774524867.1880224,/metrics/pcl/back/detections_count,std_msgs/msg/Int32,37
1774524867.188133,/metrics/pcl/back/points_in,std_msgs/msg/Int32,22152
1774524867.1881864,/metrics/pcl/back/processing_ms,std_msgs/msg/Float32,75.8333740234375
1774524867.2881186,/metrics/pcl/back/detections_count,std_msgs/msg/Int32,40
1774524867.2882364,/metrics/pcl/back/points_in,std_msgs/msg/Int32,22152
1774524867.288301,/metrics/pcl/back/processing_ms,std_msgs/msg/Float32,77.98178100585938
1774524867.3857358,/metrics/pcl/back/detections_count,std_msgs/msg/Int32,32
1774524867.3858542,/metrics/pcl/back/points_in,std_msgs/msg/Int32,22152
1774524867.3859093,/metrics/pcl/back/processing_ms,std_msgs/msg/Float32,75.32501983642578
1774524867.4831042,/metrics/pcl/back/detections_count,std_msgs/msg/Int32,31
1774524867.4832265,/metrics/pcl/back/points_in,std_msgs/msg/Int32,22152
1774524867.4832902,/metrics/pcl/back/processing_ms,std_msgs/msg/Float32,76.52851104736328
1774524867.5835984,/metrics/pcl/back/detections_count,std_msgs/msg/Int32,32
1774524867.583718,/metrics/pcl/back/points_in,std_msgs/msg/Int32,22152
1774524867.5837734,/metrics/pcl/back/processing_ms,std_msgs/msg/Float32,76.13253784179688
1774524867.6859136,/metrics/pcl/back/detections_count,std_msgs/msg/Int32,37
1774524867.6860452,/metrics/pcl/back/points_in,std_msgs/msg/Int32,22152
1774524867.6861095,/metrics/pcl/back/processing_ms,std_msgs/msg/Float32,77.7826919555664
1774524867.784357,/metrics/pcl/back/detections_count,std_msgs/msg/Int32,38
1774524867.7844844,/metrics/pcl/back/points_in,std_msgs/msg/Int32,22152
1774524867.7845435,/metrics/pcl/back/processing_ms,std_msgs/msg/Float32,75.58771514892578
1774524867.8867528,/metrics/pcl/back/detections_count,std_msgs/msg/Int32,33
1774524867.8868694,/metrics/pcl/back/points_in,std_msgs/msg/Int32,22152
1774524867.8869412,/metrics/pcl/back/processing_ms,std_msgs/msg/Float32,76.69861602783203
1774524867.989478,/metrics/pcl/back/detections_count,std_msgs/msg/Int32,34
1774524867.9895988,/metrics/pcl/back/points_in,std_msgs/msg/Int32,22152
1774524867.9896576,/metrics/pcl/back/processing_ms,std_msgs/msg/Float32,79.18590545654297
1774524868.0836532,/metrics/pcl/back/detections_count,std_msgs/msg/Int32,34
1774524868.0837772,/metrics/pcl/back/points_in,std_msgs/msg/Int32,22152
1774524868.0838363,/metrics/pcl/back/processing_ms,std_msgs/msg/Float32,76.00572204589844
1774524868.1853266,/metrics/pcl/back/detections_count,std_msgs/msg/Int32,34
1774524868.1854513,/metrics/pcl/back/points_in,std_msgs/msg/Int32,22152
1774524868.1855083,/metrics/pcl/back/processing_ms,std_msgs/msg/Float32,77.53977966308594
1774524868.2828805,/metrics/pcl/back/detections_count,std_msgs/msg/Int32,33
1774524868.282995,/metrics/pcl/back/points_in,std_msgs/msg/Int32,22152
1774524868.2830532,/metrics/pcl/back/processing_ms,std_msgs/msg/Float32,74.6977767944336
1774524868.3915954,/metrics/pcl/back/detections_count,std_msgs/msg/Int32,35
1774524868.3917232,/metrics/pcl/back/points_in,std_msgs/msg/Int32,22152
1774524868.391782,/metrics/pcl/back/processing_ms,std_msgs/msg/Float32,82.64762878417969
1774524868.486044,/metrics/pcl/back/detections_count,std_msgs/msg/Int32,35
1774524868.4861717,/metrics/pcl/back/points_in,std_msgs/msg/Int32,22152
1774524868.4862385,/metrics/pcl/back/processing_ms,std_msgs/msg/Float32,76.11962127685547
1774524868.5856164,/metrics/pcl/back/detections_count,std_msgs/msg/Int32,36
1774524868.5857377,/metrics/pcl/back/points_in,std_msgs/msg/Int32,22152
1774524868.5857954,/metrics/pcl/back/processing_ms,std_msgs/msg/Float32,75.59247589111328
1774524868.68445,/metrics/pcl/back/detections_count,std_msgs/msg/Int32,33
1774524868.6845844,/metrics/pcl/back/points_in,std_msgs/msg/Int32,22152
1774524868.6846404,/metrics/pcl/back/processing_ms,std_msgs/msg/Float32,77.31057739257812
1774524868.783489,/metrics/pcl/back/detections_count,std_msgs/msg/Int32,36
1774524868.783611,/metrics/pcl/back/points_in,std_msgs/msg/Int32,22152
1774524868.7836678,/metrics/pcl/back/processing_ms,std_msgs/msg/Float32,75.54826354980469
1774524868.8843145,/metrics/pcl/back/detections_count,std_msgs/msg/Int32,34
1774524868.884429,/metrics/pcl/back/points_in,std_msgs/msg/Int32,22152
1774524868.8844843,/metrics/pcl/back/processing_ms,std_msgs/msg/Float32,75.51763153076172
1774524868.9849265,/metrics/pcl/back/detections_count,std_msgs/msg/Int32,35
1774524868.98504,/metrics/pcl/back/points_in,std_msgs/msg/Int32,22152
1774524868.985094,/metrics/pcl/back/processing_ms,std_msgs/msg/Float32,75.29954528808594
1774524869.0861726,/metrics/pcl/back/detections_count,std_msgs/msg/Int32,36
1774524869.0862863,/metrics/pcl/back/points_in,std_msgs/msg/Int32,22152
1774524869.0863452,/metrics/pcl/back/processing_ms,std_msgs/msg/Float32,76.36985778808594
1774524869.186352,/metrics/pcl/back/detections_count,std_msgs/msg/Int32,38
1774524869.186487,/metrics/pcl/back/points_in,std_msgs/msg/Int32,22152
1774524869.1865447,/metrics/pcl/back/processing_ms,std_msgs/msg/Float32,75.79989624023438
1774524869.2827668,/metrics/pcl/back/detections_count,std_msgs/msg/Int32,34
1774524869.2828925,/metrics/pcl/back/points_in,std_msgs/msg/Int32,22152
1774524869.2829475,/metrics/pcl/back/processing_ms,std_msgs/msg/Float32,76.22824096679688
1774524869.3884823,/metrics/pcl/back/detections_count,std_msgs/msg/Int32,35
1774524869.3885942,/metrics/pcl/back/points_in,std_msgs/msg/Int32,22152
1774524869.3886466,/metrics/pcl/back/processing_ms,std_msgs/msg/Float32,80.81912994384766
1774524869.4887106,/metrics/pcl/back/detections_count,std_msgs/msg/Int32,35
1774524869.488825,/metrics/pcl/back/points_in,std_msgs/msg/Int32,22152
1774524869.488889,/metrics/pcl/back/processing_ms,std_msgs/msg/Float32,80.55811309814453
1774524869.5851793,/metrics/pcl/back/detections_count,std_msgs/msg/Int32,36
1774524869.5853217,/metrics/pcl/back/points_in,std_msgs/msg/Int32,22152
1774524869.58539,/metrics/pcl/back/processing_ms,std_msgs/msg/Float32,75.79999542236328
1774524869.6858675,/metrics/pcl/back/detections_count,std_msgs/msg/Int32,36
1774524869.685964,/metrics/pcl/back/points_in,std_msgs/msg/Int32,22152
1774524869.6860182,/metrics/pcl/back/processing_ms,std_msgs/msg/Float32,75.62770080566406
1774524869.7892017,/metrics/pcl/back/detections_count,std_msgs/msg/Int32,37
1774524869.7893252,/metrics/pcl/back/points_in,std_msgs/msg/Int32,22152
1774524869.789393,/metrics/pcl/back/processing_ms,std_msgs/msg/Float32,78.08442687988281
1774524869.8822873,/metrics/pcl/back/detections_count,std_msgs/msg/Int32,38
1774524869.882399,/metrics/pcl/back/points_in,std_msgs/msg/Int32,22152
1774524869.8824623,/metrics/pcl/back/processing_ms,std_msgs/msg/Float32,75.46270751953125
1774524869.9839976,/metrics/pcl/back/detections_count,std_msgs/msg/Int32,33
1774524869.9841623,/metrics/pcl/back/points_in,std_msgs/msg/Int32,22152
1774524869.984266,/metrics/pcl/back/processing_ms,std_msgs/msg/Float32,76.31282043457031
1774524870.0837276,/metrics/pcl/back/detections_count,std_msgs/msg/Int32,39
1774524870.0838766,/metrics/pcl/back/points_in,std_msgs/msg/Int32,22152
1774524870.0839736,/metrics/pcl/back/processing_ms,std_msgs/msg/Float32,75.57463836669922
1774524870.1845882,/metrics/pcl/back/detections_count,std_msgs/msg/Int32,38
1774524870.1847153,/metrics/pcl/back/points_in,std_msgs/msg/Int32,22152
1774524870.1847816,/metrics/pcl/back/processing_ms,std_msgs/msg/Float32,75.6484146118164
1774524870.2853942,/metrics/pcl/back/detections_count,std_msgs/msg/Int32,35
1774524870.2855067,/metrics/pcl/back/points_in,std_msgs/msg/Int32,22152
1774524870.2855704,/metrics/pcl/back/processing_ms,std_msgs/msg/Float32,75.61170196533203
1774524870.3886137,/metrics/pcl/back/detections_count,std_msgs/msg/Int32,34
1774524870.3887417,/metrics/pcl/back/points_in,std_msgs/msg/Int32,22152
1774524870.3888047,/metrics/pcl/back/processing_ms,std_msgs/msg/Float32,78.43386840820312
1774524870.4836879,/metrics/pcl/back/detections_count,std_msgs/msg/Int32,36
1774524870.4838014,/metrics/pcl/back/points_in,std_msgs/msg/Int32,22152
1774524870.4838662,/metrics/pcl/back/processing_ms,std_msgs/msg/Float32,76.21514892578125
1774524870.583606,/metrics/pcl/back/detections_count,std_msgs/msg/Int32,40
1774524870.5837197,/metrics/pcl/back/points_in,std_msgs/msg/Int32,22152
1774524870.5837831,/metrics/pcl/back/processing_ms,std_msgs/msg/Float32,75.25570678710938
1774524870.6833978,/metrics/pcl/back/detections_count,std_msgs/msg/Int32,39
1774524870.6835203,/metrics/pcl/back/points_in,std_msgs/msg/Int32,22152
1774524870.6835852,/metrics/pcl/back/processing_ms,std_msgs/msg/Float32,75.21559143066406
1774524870.784998,/metrics/pcl/back/detections_count,std_msgs/msg/Int32,38
1774524870.7851315,/metrics/pcl/back/points_in,std_msgs/msg/Int32,22152
1774524870.7852042,/metrics/pcl/back/processing_ms,std_msgs/msg/Float32,75.3021011352539
1774524870.8896224,/metrics/pcl/back/detections_count,std_msgs/msg/Int32,42
1774524870.8897643,/metrics/pcl/back/points_in,std_msgs/msg/Int32,22152
1774524870.8898444,/metrics/pcl/back/processing_ms,std_msgs/msg/Float32,80.08724975585938
1774524870.9869554,/metrics/pcl/back/detections_count,std_msgs/msg/Int32,38
1774524870.9871,/metrics/pcl/back/points_in,std_msgs/msg/Int32,22152
1774524870.9872,/metrics/pcl/back/processing_ms,std_msgs/msg/Float32,76.31261444091797
1774524871.0833757,/metrics/pcl/back/detections_count,std_msgs/msg/Int32,34
1774524871.0834882,/metrics/pcl/back/points_in,std_msgs/msg/Int32,22152
1774524871.0835557,/metrics/pcl/back/processing_ms,std_msgs/msg/Float32,75.79678344726562
1774524871.184326,/metrics/pcl/back/detections_count,std_msgs/msg/Int32,36
1774524871.184442,/metrics/pcl/back/points_in,std_msgs/msg/Int32,22152
1774524871.1845098,/metrics/pcl/back/processing_ms,std_msgs/msg/Float32,76.7870101928711
1774524871.2858803,/metrics/pcl/back/detections_count,std_msgs/msg/Int32,38
1774524871.2859921,/metrics/pcl/back/points_in,std_msgs/msg/Int32,22152
1774524871.2860568,/metrics/pcl/back/processing_ms,std_msgs/msg/Float32,76.91197204589844
1774524871.3862329,/metrics/pcl/back/detections_count,std_msgs/msg/Int32,38
1774524871.3863575,/metrics/pcl/back/points_in,std_msgs/msg/Int32,22152
1774524871.3864267,/metrics/pcl/back/processing_ms,std_msgs/msg/Float32,77.20549774169922
1774524871.487891,/metrics/pcl/back/detections_count,std_msgs/msg/Int32,36
1774524871.4880152,/metrics/pcl/back/points_in,std_msgs/msg/Int32,22152
1774524871.4880812,/metrics/pcl/back/processing_ms,std_msgs/msg/Float32,77.8327865600586
1774524871.591632,/metrics/pcl/back/detections_count,std_msgs/msg/Int32,33
1774524871.5918064,/metrics/pcl/back/points_in,std_msgs/msg/Int32,22152
1774524871.5918922,/metrics/pcl/back/processing_ms,std_msgs/msg/Float32,85.12516021728516
1774524871.6837268,/metrics/pcl/back/detections_count,std_msgs/msg/Int32,37
1774524871.683872,/metrics/pcl/back/points_in,std_msgs/msg/Int32,22152
1774524871.683956,/metrics/pcl/back/processing_ms,std_msgs/msg/Float32,76.33885192871094
1774524871.7908936,/metrics/pcl/back/detections_count,std_msgs/msg/Int32,38
1774524871.791018,/metrics/pcl/back/points_in,std_msgs/msg/Int32,22152
1774524871.791092,/metrics/pcl/back/processing_ms,std_msgs/msg/Float32,83.13159942626953
1774524871.8852847,/metrics/pcl/back/detections_count,std_msgs/msg/Int32,32
1774524871.8854067,/metrics/pcl/back/points_in,std_msgs/msg/Int32,22152
1774524871.885482,/metrics/pcl/back/processing_ms,std_msgs/msg/Float32,76.81796264648438
1774524871.9882874,/metrics/pcl/back/detections_count,std_msgs/msg/Int32,31
1774524871.9884162,/metrics/pcl/back/points_in,std_msgs/msg/Int32,22152
1774524871.9884975,/metrics/pcl/back/processing_ms,std_msgs/msg/Float32,78.31593322753906
1774524872.0893173,/metrics/pcl/back/detections_count,std_msgs/msg/Int32,32
1774524872.0894425,/metrics/pcl/back/points_in,std_msgs/msg/Int32,22152
1774524872.0895348,/metrics/pcl/back/processing_ms,std_msgs/msg/Float32,79.10018157958984
1774524872.1830127,/metrics/pcl/back/detections_count,std_msgs/msg/Int32,36
1774524872.1831353,/metrics/pcl/back/points_in,std_msgs/msg/Int32,22152
1774524872.1832092,/metrics/pcl/back/processing_ms,std_msgs/msg/Float32,76.1133041381836
1774524872.2841628,/metrics/pcl/back/detections_count,std_msgs/msg/Int32,37
1774524872.284292,/metrics/pcl/back/points_in,std_msgs/msg/Int32,22152
1774524872.284363,/metrics/pcl/back/processing_ms,std_msgs/msg/Float32,77.22827911376953
1774524872.383392,/metrics/pcl/back/detections_count,std_msgs/msg/Int32,36
1774524872.3835177,/metrics/pcl/back/points_in,std_msgs/msg/Int32,22152
1774524872.3835921,/metrics/pcl/back/processing_ms,std_msgs/msg/Float32,75.51420593261719
1774524872.4900045,/metrics/pcl/back/detections_count,std_msgs/msg/Int32,39
1774524872.490133,/metrics/pcl/back/points_in,std_msgs/msg/Int32,22152
1774524872.4902089,/metrics/pcl/back/processing_ms,std_msgs/msg/Float32,81.78813934326172
1774524872.5845451,/metrics/pcl/back/detections_count,std_msgs/msg/Int32,36
1774524872.5846634,/metrics/pcl/back/points_in,std_msgs/msg/Int32,22152
1774524872.5847316,/metrics/pcl/back/processing_ms,std_msgs/msg/Float32,75.45982360839844
1774524872.6862538,/metrics/pcl/back/detections_count,std_msgs/msg/Int32,38
1774524872.6863976,/metrics/pcl/back/points_in,std_msgs/msg/Int32,22152
1774524872.6864636,/metrics/pcl/back/processing_ms,std_msgs/msg/Float32,75.90447998046875
1774524872.783832,/metrics/pcl/back/detections_count,std_msgs/msg/Int32,35
1774524872.7839475,/metrics/pcl/back/points_in,std_msgs/msg/Int32,22152
1774524872.7840133,/metrics/pcl/back/processing_ms,std_msgs/msg/Float32,77.65182495117188
1774524872.8852131,/metrics/pcl/back/detections_count,std_msgs/msg/Int32,36
1774524872.8853395,/metrics/pcl/back/points_in,std_msgs/msg/Int32,22152
1774524872.885408,/metrics/pcl/back/processing_ms,std_msgs/msg/Float32,77.32379913330078
1774524872.9839137,/metrics/pcl/back/detections_count,std_msgs/msg/Int32,38
1774524872.9840283,/metrics/pcl/back/points_in,std_msgs/msg/Int32,22152
1774524872.9840927,/metrics/pcl/back/processing_ms,std_msgs/msg/Float32,76.01167297363281
1774524873.0851686,/metrics/pcl/back/detections_count,std_msgs/msg/Int32,37
1774524873.085337,/metrics/pcl/back/points_in,std_msgs/msg/Int32,22152
1774524873.0854204,/metrics/pcl/back/processing_ms,std_msgs/msg/Float32,76.30386352539062
1774524873.1858885,/metrics/pcl/back/detections_count,std_msgs/msg/Int32,33
1774524873.1860242,/metrics/pcl/back/points_in,std_msgs/msg/Int32,22152
1774524873.1861007,/metrics/pcl/back/processing_ms,std_msgs/msg/Float32,77.17993927001953
1774524873.286109,/metrics/pcl/back/detections_count,std_msgs/msg/Int32,36
1774524873.2862625,/metrics/pcl/back/points_in,std_msgs/msg/Int32,22152
1774524873.2863982,/metrics/pcl/back/processing_ms,std_msgs/msg/Float32,76.34132385253906
1774524873.3831751,/metrics/pcl/back/detections_count,std_msgs/msg/Int32,35
1774524873.3833869,/metrics/pcl/back/points_in,std_msgs/msg/Int32,22152
1774524873.383459,/metrics/pcl/back/processing_ms,std_msgs/msg/Float32,76.67833709716797
1774524873.483306,/metrics/pcl/back/detections_count,std_msgs/msg/Int32,35
1774524873.4834373,/metrics/pcl/back/points_in,std_msgs/msg/Int32,22152
1774524873.483516,/metrics/pcl/back/processing_ms,std_msgs/msg/Float32,75.36951446533203
1774524873.5843923,/metrics/pcl/back/detections_count,std_msgs/msg/Int32,35
1774524873.5845037,/metrics/pcl/back/points_in,std_msgs/msg/Int32,22152
1774524873.584567,/metrics/pcl/back/processing_ms,std_msgs/msg/Float32,76.30221557617188
1774524873.6903682,/metrics/pcl/back/detections_count,std_msgs/msg/Int32,36
1774524873.6905062,/metrics/pcl/back/points_in,std_msgs/msg/Int32,22152
1774524873.6905942,/metrics/pcl/back/processing_ms,std_msgs/msg/Float32,81.02255249023438
1774524873.7873204,/metrics/pcl/back/detections_count,std_msgs/msg/Int32,34
1774524873.787436,/metrics/pcl/back/points_in,std_msgs/msg/Int32,22152
1774524873.7875166,/metrics/pcl/back/processing_ms,std_msgs/msg/Float32,77.19459533691406
1774524873.8855264,/metrics/pcl/back/detections_count,std_msgs/msg/Int32,36
1774524873.8856611,/metrics/pcl/back/points_in,std_msgs/msg/Int32,22152
1774524873.8857417,/metrics/pcl/back/processing_ms,std_msgs/msg/Float32,75.26741790771484
1774524873.9823909,/metrics/pcl/back/detections_count,std_msgs/msg/Int32,34
1774524873.9825234,/metrics/pcl/back/points_in,std_msgs/msg/Int32,22152
1774524873.982605,/metrics/pcl/back/processing_ms,std_msgs/msg/Float32,75.77141571044922
1774524874.0846715,/metrics/pcl/back/detections_count,std_msgs/msg/Int32,34
1774524874.0848696,/metrics/pcl/back/points_in,std_msgs/msg/Int32,22152
1774524874.0849533,/metrics/pcl/back/processing_ms,std_msgs/msg/Float32,77.44567108154297
1774524874.1834457,/metrics/pcl/back/detections_count,std_msgs/msg/Int32,34
1774524874.1835685,/metrics/pcl/back/points_in,std_msgs/msg/Int32,22152
1774524874.1836329,/metrics/pcl/back/processing_ms,std_msgs/msg/Float32,75.79241180419922
1774524874.286921,/metrics/pcl/back/detections_count,std_msgs/msg/Int32,35
1774524874.2870426,/metrics/pcl/back/points_in,std_msgs/msg/Int32,22152
1774524874.28711,/metrics/pcl/back/processing_ms,std_msgs/msg/Float32,77.5821762084961
1774524874.3870752,/metrics/pcl/back/detections_count,std_msgs/msg/Int32,37
1774524874.3871856,/metrics/pcl/back/points_in,std_msgs/msg/Int32,22152
1774524874.3872497,/metrics/pcl/back/processing_ms,std_msgs/msg/Float32,77.30094146728516
1774524874.4876266,/metrics/pcl/back/detections_count,std_msgs/msg/Int32,39
1774524874.4877374,/metrics/pcl/back/points_in,std_msgs/msg/Int32,22152
1774524874.4878023,/metrics/pcl/back/processing_ms,std_msgs/msg/Float32,76.70317077636719
1774524874.583052,/metrics/pcl/back/detections_count,std_msgs/msg/Int32,39
1774524874.5831642,/metrics/pcl/back/points_in,std_msgs/msg/Int32,22152
1774524874.583229,/metrics/pcl/back/processing_ms,std_msgs/msg/Float32,76.60115814208984
1774524874.6837823,/metrics/pcl/back/detections_count,std_msgs/msg/Int32,34
1774524874.6838822,/metrics/pcl/back/points_in,std_msgs/msg/Int32,22152
1774524874.6839373,/metrics/pcl/back/processing_ms,std_msgs/msg/Float32,76.65616607666016
1774524874.794853,/metrics/pcl/back/detections_count,std_msgs/msg/Int32,36
1774524874.7949762,/metrics/pcl/back/points_in,std_msgs/msg/Int32,22152
1774524874.79505,/metrics/pcl/back/processing_ms,std_msgs/msg/Float32,86.56262969970703
1774524874.8857477,/metrics/pcl/back/detections_count,std_msgs/msg/Int32,34
1774524874.8859158,/metrics/pcl/back/points_in,std_msgs/msg/Int32,22152
1774524874.886015,/metrics/pcl/back/processing_ms,std_msgs/msg/Float32,76.86030578613281
1774524874.9931185,/metrics/pcl/back/detections_count,std_msgs/msg/Int32,32
1774524874.993252,/metrics/pcl/back/points_in,std_msgs/msg/Int32,22152
1774524874.9933374,/metrics/pcl/back/processing_ms,std_msgs/msg/Float32,83.81328582763672
1774524875.0873122,/metrics/pcl/back/detections_count,std_msgs/msg/Int32,33
1774524875.0874295,/metrics/pcl/back/points_in,std_msgs/msg/Int32,22152
1774524875.0874956,/metrics/pcl/back/processing_ms,std_msgs/msg/Float32,76.84186553955078
1774524875.1846957,/metrics/pcl/back/detections_count,std_msgs/msg/Int32,38
1774524875.1848094,/metrics/pcl/back/points_in,std_msgs/msg/Int32,22152
1774524875.1848729,/metrics/pcl/back/processing_ms,std_msgs/msg/Float32,77.9404525756836
1774524875.284883,/metrics/pcl/back/detections_count,std_msgs/msg/Int32,34
1774524875.2849987,/metrics/pcl/back/points_in,std_msgs/msg/Int32,22152
1774524875.2850637,/metrics/pcl/back/processing_ms,std_msgs/msg/Float32,76.93229675292969
1774524875.3850706,/metrics/pcl/back/detections_count,std_msgs/msg/Int32,35
1774524875.3851802,/metrics/pcl/back/points_in,std_msgs/msg/Int32,22152
1774524875.3852441,/metrics/pcl/back/processing_ms,std_msgs/msg/Float32,76.38567352294922
1774524875.4865932,/metrics/pcl/back/detections_count,std_msgs/msg/Int32,38
1774524875.4867244,/metrics/pcl/back/points_in,std_msgs/msg/Int32,22152
1774524875.4868205,/metrics/pcl/back/processing_ms,std_msgs/msg/Float32,77.72216033935547
1774524875.5852556,/metrics/pcl/back/detections_count,std_msgs/msg/Int32,39
1774524875.58542,/metrics/pcl/back/points_in,std_msgs/msg/Int32,22152
1774524875.585506,/metrics/pcl/back/processing_ms,std_msgs/msg/Float32,75.82280731201172
1774524875.685707,/metrics/pcl/back/detections_count,std_msgs/msg/Int32,36
1774524875.6858666,/metrics/pcl/back/points_in,std_msgs/msg/Int32,22152
1774524875.6859658,/metrics/pcl/back/processing_ms,std_msgs/msg/Float32,75.91737365722656
1774524875.7870684,/metrics/pcl/back/detections_count,std_msgs/msg/Int32,33
1774524875.7872107,/metrics/pcl/back/points_in,std_msgs/msg/Int32,22152
1774524875.7873516,/metrics/pcl/back/processing_ms,std_msgs/msg/Float32,80.36534118652344
1774524875.8864985,/metrics/pcl/back/detections_count,std_msgs/msg/Int32,37
1774524875.8866096,/metrics/pcl/back/points_in,std_msgs/msg/Int32,22152
1774524875.8866746,/metrics/pcl/back/processing_ms,std_msgs/msg/Float32,79.1367416381836
1774524875.9848602,/metrics/pcl/back/detections_count,std_msgs/msg/Int32,36
1774524875.9849808,/metrics/pcl/back/points_in,std_msgs/msg/Int32,22152
1774524875.9850502,/metrics/pcl/back/processing_ms,std_msgs/msg/Float32,76.39592742919922
1774524876.08603,/metrics/pcl/back/detections_count,std_msgs/msg/Int32,38
1774524876.086142,/metrics/pcl/back/points_in,std_msgs/msg/Int32,22152
1774524876.086206,/metrics/pcl/back/processing_ms,std_msgs/msg/Float32,76.84185791015625
1774524876.1864402,/metrics/pcl/back/detections_count,std_msgs/msg/Int32,32
1774524876.1865537,/metrics/pcl/back/points_in,std_msgs/msg/Int32,22152
1774524876.186617,/metrics/pcl/back/processing_ms,std_msgs/msg/Float32,76.51990509033203
1774524876.286667,/metrics/pcl/back/detections_count,std_msgs/msg/Int32,33
1774524876.2867944,/metrics/pcl/back/points_in,std_msgs/msg/Int32,22152
1774524876.2868516,/metrics/pcl/back/processing_ms,std_msgs/msg/Float32,76.56600952148438
1774524876.383331,/metrics/pcl/back/detections_count,std_msgs/msg/Int32,34
1774524876.3834493,/metrics/pcl/back/points_in,std_msgs/msg/Int32,22152
1774524876.383566,/metrics/pcl/back/processing_ms,std_msgs/msg/Float32,76.4462890625
1774524876.484503,/metrics/pcl/back/detections_count,std_msgs/msg/Int32,35
1774524876.4846659,/metrics/pcl/back/points_in,std_msgs/msg/Int32,22152
1774524876.4847434,/metrics/pcl/back/processing_ms,std_msgs/msg/Float32,76.73072814941406
1774524876.5836952,/metrics/pcl/back/detections_count,std_msgs/msg/Int32,32
1774524876.5838091,/metrics/pcl/back/points_in,std_msgs/msg/Int32,22152
1774524876.5838733,/metrics/pcl/back/processing_ms,std_msgs/msg/Float32,75.77072143554688
1774524876.6853585,/metrics/pcl/back/detections_count,std_msgs/msg/Int32,36
1774524876.6854823,/metrics/pcl/back/points_in,std_msgs/msg/Int32,22152
1774524876.6855474,/metrics/pcl/back/processing_ms,std_msgs/msg/Float32,76.25654602050781
1774524876.7858489,/metrics/pcl/back/detections_count,std_msgs/msg/Int32,38
1774524876.7859573,/metrics/pcl/back/points_in,std_msgs/msg/Int32,22152
1774524876.7860231,/metrics/pcl/back/processing_ms,std_msgs/msg/Float32,76.08070373535156
1774524876.8884158,/metrics/pcl/back/detections_count,std_msgs/msg/Int32,35
1774524876.8885398,/metrics/pcl/back/points_in,std_msgs/msg/Int32,22152
1774524876.8886058,/metrics/pcl/back/processing_ms,std_msgs/msg/Float32,77.58148956298828
1774524876.9844828,/metrics/pcl/back/detections_count,std_msgs/msg/Int32,38
1774524876.9845934,/metrics/pcl/back/points_in,std_msgs/msg/Int32,22152
1774524876.984657,/metrics/pcl/back/processing_ms,std_msgs/msg/Float32,77.03861236572266
1774524877.0853217,/metrics/pcl/back/detections_count,std_msgs/msg/Int32,34
1774524877.0854335,/metrics/pcl/back/points_in,std_msgs/msg/Int32,22152
1774524877.0854971,/metrics/pcl/back/processing_ms,std_msgs/msg/Float32,77.78301239013672
1774524877.190364,/metrics/pcl/back/detections_count,std_msgs/msg/Int32,36
1774524877.1904871,/metrics/pcl/back/points_in,std_msgs/msg/Int32,22152
1774524877.1905818,/metrics/pcl/back/processing_ms,std_msgs/msg/Float32,82.17110443115234
1774524877.2898493,/metrics/pcl/back/detections_count,std_msgs/msg/Int32,39
1774524877.2899642,/metrics/pcl/back/points_in,std_msgs/msg/Int32,22152
1774524877.290029,/metrics/pcl/back/processing_ms,std_msgs/msg/Float32,80.95086669921875
1774524877.3854463,/metrics/pcl/back/detections_count,std_msgs/msg/Int32,39
1774524877.3855612,/metrics/pcl/back/points_in,std_msgs/msg/Int32,22152
1774524877.3856258,/metrics/pcl/back/processing_ms,std_msgs/msg/Float32,76.1167221069336
1774524877.4823353,/metrics/pcl/back/detections_count,std_msgs/msg/Int32,38
1774524877.4824579,/metrics/pcl/back/points_in,std_msgs/msg/Int32,22152
1774524877.482522,/metrics/pcl/back/processing_ms,std_msgs/msg/Float32,76.09752655029297
1774524877.583017,/metrics/pcl/back/detections_count,std_msgs/msg/Int32,32
1774524877.583143,/metrics/pcl/back/points_in,std_msgs/msg/Int32,22152
1774524877.5832217,/metrics/pcl/back/processing_ms,std_msgs/msg/Float32,76.1601333618164
1774524877.68682,/metrics/pcl/back/detections_count,std_msgs/msg/Int32,34
1774524877.6869442,/metrics/pcl/back/points_in,std_msgs/msg/Int32,22152
1774524877.6870072,/metrics/pcl/back/processing_ms,std_msgs/msg/Float32,78.29986572265625
1774524877.7846575,/metrics/pcl/back/detections_count,std_msgs/msg/Int32,34
1774524877.7847693,/metrics/pcl/back/points_in,std_msgs/msg/Int32,22152
1774524877.7848334,/metrics/pcl/back/processing_ms,std_msgs/msg/Float32,76.13604736328125
1774524877.8857586,/metrics/pcl/back/detections_count,std_msgs/msg/Int32,37
1774524877.8858812,/metrics/pcl/back/points_in,std_msgs/msg/Int32,22152
1774524877.8859446,/metrics/pcl/back/processing_ms,std_msgs/msg/Float32,76.87931060791016
1774524877.9889326,/metrics/pcl/back/detections_count,std_msgs/msg/Int32,38
1774524877.9890914,/metrics/pcl/back/points_in,std_msgs/msg/Int32,22152
1774524877.9891596,/metrics/pcl/back/processing_ms,std_msgs/msg/Float32,78.96255493164062
1774524878.0826364,/metrics/pcl/back/detections_count,std_msgs/msg/Int32,36
1774524878.08276,/metrics/pcl/back/points_in,std_msgs/msg/Int32,22152
1774524878.082846,/metrics/pcl/back/processing_ms,std_msgs/msg/Float32,76.29688262939453
1774524878.1881704,/metrics/pcl/back/detections_count,std_msgs/msg/Int32,30
1774524878.1883185,/metrics/pcl/back/points_in,std_msgs/msg/Int32,22152
1774524878.188411,/metrics/pcl/back/processing_ms,std_msgs/msg/Float32,81.2444839477539
1774524878.2844846,/metrics/pcl/back/detections_count,std_msgs/msg/Int32,39
1774524878.2846382,/metrics/pcl/back/points_in,std_msgs/msg/Int32,22152
1774524878.284751,/metrics/pcl/back/processing_ms,std_msgs/msg/Float32,76.40587615966797
1774524878.3856142,/metrics/pcl/back/detections_count,std_msgs/msg/Int32,38
1774524878.3857574,/metrics/pcl/back/points_in,std_msgs/msg/Int32,22152
1774524878.3858457,/metrics/pcl/back/processing_ms,std_msgs/msg/Float32,76.64130401611328
1774524878.4866247,/metrics/pcl/back/detections_count,std_msgs/msg/Int32,35
1774524878.4867563,/metrics/pcl/back/points_in,std_msgs/msg/Int32,22152
1774524878.4868472,/metrics/pcl/back/processing_ms,std_msgs/msg/Float32,77.14509582519531
1774524878.6059117,/metrics/pcl/back/detections_count,std_msgs/msg/Int32,35
1774524878.606103,/metrics/pcl/back/points_in,std_msgs/msg/Int32,22152
1774524878.6062512,/metrics/pcl/back/processing_ms,std_msgs/msg/Float32,78.48039245605469
1774524878.68308,/metrics/pcl/back/detections_count,std_msgs/msg/Int32,34
1774524878.6832125,/metrics/pcl/back/points_in,std_msgs/msg/Int32,22152
1774524878.6833117,/metrics/pcl/back/processing_ms,std_msgs/msg/Float32,76.35343933105469
1774524878.7846282,/metrics/pcl/back/detections_count,std_msgs/msg/Int32,33
1774524878.784835,/metrics/pcl/back/points_in,std_msgs/msg/Int32,22152
1774524878.7849364,/metrics/pcl/back/processing_ms,std_msgs/msg/Float32,76.9490966796875
1774524878.886376,/metrics/pcl/back/detections_count,std_msgs/msg/Int32,37
1774524878.8865373,/metrics/pcl/back/points_in,std_msgs/msg/Int32,22152
1774524878.8866844,/metrics/pcl/back/processing_ms,std_msgs/msg/Float32,78.47376251220703
1774524878.9849627,/metrics/pcl/back/detections_count,std_msgs/msg/Int32,31
1774524878.9851158,/metrics/pcl/back/points_in,std_msgs/msg/Int32,22152
1774524878.9852278,/metrics/pcl/back/processing_ms,std_msgs/msg/Float32,76.55485534667969
1774524879.0914426,/metrics/pcl/back/detections_count,std_msgs/msg/Int32,34
1774524879.0915754,/metrics/pcl/back/points_in,std_msgs/msg/Int32,22152
1774524879.0916667,/metrics/pcl/back/processing_ms,std_msgs/msg/Float32,82.09516143798828
1774524879.189881,/metrics/pcl/back/detections_count,std_msgs/msg/Int32,34
1774524879.1900032,/metrics/pcl/back/points_in,std_msgs/msg/Int32,22152
1774524879.1900744,/metrics/pcl/back/processing_ms,std_msgs/msg/Float32,80.0604476928711
1774524879.2836595,/metrics/pcl/back/detections_count,std_msgs/msg/Int32,33
1774524879.283785,/metrics/pcl/back/points_in,std_msgs/msg/Int32,22152
1774524879.283853,/metrics/pcl/back/processing_ms,std_msgs/msg/Float32,76.58519744873047
1774524879.3826652,/metrics/pcl/back/detections_count,std_msgs/msg/Int32,36
1774524879.3827906,/metrics/pcl/back/points_in,std_msgs/msg/Int32,22152
1774524879.38286,/metrics/pcl/back/processing_ms,std_msgs/msg/Float32,75.29183197021484
1774524879.485055,/metrics/pcl/back/detections_count,std_msgs/msg/Int32,35
1774524879.4851725,/metrics/pcl/back/points_in,std_msgs/msg/Int32,22152
1774524879.4852388,/metrics/pcl/back/processing_ms,std_msgs/msg/Float32,76.9869384765625
1774524879.5847025,/metrics/pcl/back/detections_count,std_msgs/msg/Int32,36
1774524879.584824,/metrics/pcl/back/points_in,std_msgs/msg/Int32,22152
1774524879.5848935,/metrics/pcl/back/processing_ms,std_msgs/msg/Float32,76.1810531616211
1774524879.685388,/metrics/pcl/back/detections_count,std_msgs/msg/Int32,36
1774524879.685518,/metrics/pcl/back/points_in,std_msgs/msg/Int32,22152
1774524879.6855946,/metrics/pcl/back/processing_ms,std_msgs/msg/Float32,76.34925079345703
1774524879.7895339,/metrics/pcl/back/detections_count,std_msgs/msg/Int32,38
1774524879.7896483,/metrics/pcl/back/points_in,std_msgs/msg/Int32,22152
1774524879.7897134,/metrics/pcl/back/processing_ms,std_msgs/msg/Float32,79.50206756591797
1774524879.8835115,/metrics/pcl/back/detections_count,std_msgs/msg/Int32,32
1774524879.8836167,/metrics/pcl/back/points_in,std_msgs/msg/Int32,22152
1774524879.8836737,/metrics/pcl/back/processing_ms,std_msgs/msg/Float32,76.84928894042969
1774524879.9824514,/metrics/pcl/back/detections_count,std_msgs/msg/Int32,34
1774524879.9825647,/metrics/pcl/back/points_in,std_msgs/msg/Int32,22152
1774524879.9826336,/metrics/pcl/back/processing_ms,std_msgs/msg/Float32,75.40306854248047
1774524880.0859976,/metrics/pcl/back/detections_count,std_msgs/msg/Int32,37
1774524880.086113,/metrics/pcl/back/points_in,std_msgs/msg/Int32,22152
1774524880.086178,/metrics/pcl/back/processing_ms,std_msgs/msg/Float32,77.2730941772461
1774524880.1866727,/metrics/pcl/back/detections_count,std_msgs/msg/Int32,34
1774524880.1867838,/metrics/pcl/back/points_in,std_msgs/msg/Int32,22152
1774524880.1868477,/metrics/pcl/back/processing_ms,std_msgs/msg/Float32,77.61714935302734
1774524880.2881155,/metrics/pcl/back/detections_count,std_msgs/msg/Int32,37
1774524880.2882457,/metrics/pcl/back/points_in,std_msgs/msg/Int32,22152
1774524880.2883284,/metrics/pcl/back/processing_ms,std_msgs/msg/Float32,78.89881134033203
1774524880.3864248,/metrics/pcl/back/detections_count,std_msgs/msg/Int32,42
1774524880.386562,/metrics/pcl/back/points_in,std_msgs/msg/Int32,22152
1774524880.3866541,/metrics/pcl/back/processing_ms,std_msgs/msg/Float32,76.36456298828125
1774524880.4873421,/metrics/pcl/back/detections_count,std_msgs/msg/Int32,31
1774524880.4875157,/metrics/pcl/back/processing_ms,std_msgs/msg/Float32,81.06758117675781
1774524880.487726,/metrics/pcl/back/points_in,std_msgs/msg/Int32,22152
1774524880.5888586,/metrics/pcl/back/detections_count,std_msgs/msg/Int32,35
1774524880.58897,/metrics/pcl/back/points_in,std_msgs/msg/Int32,22152
1774524880.5890348,/metrics/pcl/back/processing_ms,std_msgs/msg/Float32,81.51109313964844
1774524880.6862018,/metrics/pcl/back/detections_count,std_msgs/msg/Int32,33
1774524880.6863265,/metrics/pcl/back/points_in,std_msgs/msg/Int32,22152
1774524880.6863966,/metrics/pcl/back/processing_ms,std_msgs/msg/Float32,77.73521423339844
1774524880.7879248,/metrics/pcl/back/detections_count,std_msgs/msg/Int32,32
1774524880.7880363,/metrics/pcl/back/points_in,std_msgs/msg/Int32,22152
1774524880.7881045,/metrics/pcl/back/processing_ms,std_msgs/msg/Float32,78.87208557128906
1774524880.889406,/metrics/pcl/back/detections_count,std_msgs/msg/Int32,33
1774524880.8895283,/metrics/pcl/back/points_in,std_msgs/msg/Int32,22152
1774524880.8895922,/metrics/pcl/back/processing_ms,std_msgs/msg/Float32,79.22139739990234
1774524880.9895911,/metrics/pcl/back/detections_count,std_msgs/msg/Int32,36
1774524880.9897141,/metrics/pcl/back/points_in,std_msgs/msg/Int32,22152
1774524880.989779,/metrics/pcl/back/processing_ms,std_msgs/msg/Float32,78.95230865478516
1774524881.087972,/metrics/pcl/back/detections_count,std_msgs/msg/Int32,35
1774524881.0880969,/metrics/pcl/back/points_in,std_msgs/msg/Int32,22152
1774524881.0881634,/metrics/pcl/back/processing_ms,std_msgs/msg/Float32,81.50049591064453
1774524881.193162,/metrics/pcl/back/detections_count,std_msgs/msg/Int32,35
1774524881.193323,/metrics/pcl/back/points_in,std_msgs/msg/Int32,22152
1774524881.1934092,/metrics/pcl/back/processing_ms,std_msgs/msg/Float32,85.42042541503906
1774524881.2895255,/metrics/pcl/back/detections_count,std_msgs/msg/Int32,39
1774524881.2896435,/metrics/pcl/back/points_in,std_msgs/msg/Int32,22152
1774524881.2897017,/metrics/pcl/back/processing_ms,std_msgs/msg/Float32,81.00244140625
1774524881.3901784,/metrics/pcl/back/detections_count,std_msgs/msg/Int32,36
1774524881.390305,/metrics/pcl/back/points_in,std_msgs/msg/Int32,22152
1774524881.3903728,/metrics/pcl/back/processing_ms,std_msgs/msg/Float32,81.45577239990234
1774524881.4901044,/metrics/pcl/back/detections_count,std_msgs/msg/Int32,33
1774524881.4902217,/metrics/pcl/back/processing_ms,std_msgs/msg/Float32,79.86897277832031
1774524881.490454,/metrics/pcl/back/points_in,std_msgs/msg/Int32,22152
1774524881.6070702,/metrics/pcl/back/detections_count,std_msgs/msg/Int32,32
1774524881.6072097,/metrics/pcl/back/points_in,std_msgs/msg/Int32,22152
1774524881.6072683,/metrics/pcl/back/processing_ms,std_msgs/msg/Float32,80.13549041748047
1774524881.6870234,/metrics/pcl/back/detections_count,std_msgs/msg/Int32,36
1774524881.6871629,/metrics/pcl/back/points_in,std_msgs/msg/Int32,22152
1774524881.6872463,/metrics/pcl/back/processing_ms,std_msgs/msg/Float32,79.32514190673828
1774524881.7882676,/metrics/pcl/back/detections_count,std_msgs/msg/Int32,34
1774524881.788401,/metrics/pcl/back/points_in,std_msgs/msg/Int32,22152
1774524881.7884648,/metrics/pcl/back/processing_ms,std_msgs/msg/Float32,79.88800048828125
1774524881.8881214,/metrics/pcl/back/detections_count,std_msgs/msg/Int32,34
1774524881.8882294,/metrics/pcl/back/points_in,std_msgs/msg/Int32,22152
1774524881.8882964,/metrics/pcl/back/processing_ms,std_msgs/msg/Float32,79.81942749023438
1774524881.9899414,/metrics/pcl/back/detections_count,std_msgs/msg/Int32,33
1774524881.9900432,/metrics/pcl/back/points_in,std_msgs/msg/Int32,22152
1774524881.9900968,/metrics/pcl/back/processing_ms,std_msgs/msg/Float32,80.52024841308594
1774524882.0895452,/metrics/pcl/back/detections_count,std_msgs/msg/Int32,36
1774524882.0896728,/metrics/pcl/back/points_in,std_msgs/msg/Int32,22152
1774524882.0897403,/metrics/pcl/back/processing_ms,std_msgs/msg/Float32,79.77558135986328
1774524882.186681,/metrics/pcl/back/detections_count,std_msgs/msg/Int32,40
1774524882.1868029,/metrics/pcl/back/points_in,std_msgs/msg/Int32,22152
1774524882.1868684,/metrics/pcl/back/processing_ms,std_msgs/msg/Float32,80.21478271484375
1774524882.2872293,/metrics/pcl/back/detections_count,std_msgs/msg/Int32,31
1774524882.2873836,/metrics/pcl/back/points_in,std_msgs/msg/Int32,22152
1774524882.2874672,/metrics/pcl/back/processing_ms,std_msgs/msg/Float32,79.67863464355469
1774524882.3885908,/metrics/pcl/back/detections_count,std_msgs/msg/Int32,37
1774524882.3887105,/metrics/pcl/back/points_in,std_msgs/msg/Int32,22152
1774524882.3887665,/metrics/pcl/back/processing_ms,std_msgs/msg/Float32,80.1715316772461
1774524882.4881985,/metrics/pcl/back/detections_count,std_msgs/msg/Int32,38
1774524882.4883256,/metrics/pcl/back/points_in,std_msgs/msg/Int32,22152
1774524882.4883933,/metrics/pcl/back/processing_ms,std_msgs/msg/Float32,79.10323333740234
1774524882.5880518,/metrics/pcl/back/detections_count,std_msgs/msg/Int32,40
1774524882.588166,/metrics/pcl/back/points_in,std_msgs/msg/Int32,22152
1774524882.5882275,/metrics/pcl/back/processing_ms,std_msgs/msg/Float32,78.66632080078125
1774524882.6918287,/metrics/pcl/back/detections_count,std_msgs/msg/Int32,34
1774524882.692014,/metrics/pcl/back/points_in,std_msgs/msg/Int32,22152
1774524882.692097,/metrics/pcl/back/processing_ms,std_msgs/msg/Float32,81.54058074951172
1774524882.7889574,/metrics/pcl/back/detections_count,std_msgs/msg/Int32,29
1774524882.7891188,/metrics/pcl/back/points_in,std_msgs/msg/Int32,22152
1774524882.7892003,/metrics/pcl/back/processing_ms,std_msgs/msg/Float32,82.63915252685547
1774524882.8878675,/metrics/pcl/back/detections_count,std_msgs/msg/Int32,39
1774524882.8880138,/metrics/pcl/back/points_in,std_msgs/msg/Int32,22152
1774524882.8881161,/metrics/pcl/back/processing_ms,std_msgs/msg/Float32,80.63927459716797
1774524882.987941,/metrics/pcl/back/detections_count,std_msgs/msg/Int32,39
1774524882.9880598,/metrics/pcl/back/points_in,std_msgs/msg/Int32,22152
1774524882.9881222,/metrics/pcl/back/processing_ms,std_msgs/msg/Float32,79.99512481689453
1774524883.0897224,/metrics/pcl/back/detections_count,std_msgs/msg/Int32,36
1774524883.089914,/metrics/pcl/back/points_in,std_msgs/msg/Int32,22152
1774524883.0900593,/metrics/pcl/back/processing_ms,std_msgs/msg/Float32,80.89413452148438
1774524883.1924248,/metrics/pcl/back/detections_count,std_msgs/msg/Int32,38
1774524883.1925373,/metrics/pcl/back/points_in,std_msgs/msg/Int32,22152
1774524883.1926029,/metrics/pcl/back/processing_ms,std_msgs/msg/Float32,82.754638671875
1774524883.288838,/metrics/pcl/back/detections_count,std_msgs/msg/Int32,30
1774524883.2889597,/metrics/pcl/back/points_in,std_msgs/msg/Int32,22152
1774524883.2890253,/metrics/pcl/back/processing_ms,std_msgs/msg/Float32,78.02154541015625
1774524883.3854659,/metrics/pcl/back/detections_count,std_msgs/msg/Int32,34
1774524883.3855774,/metrics/pcl/back/points_in,std_msgs/msg/Int32,22152
1774524883.3856425,/metrics/pcl/back/processing_ms,std_msgs/msg/Float32,77.90687561035156
1774524883.4867165,/metrics/pcl/back/detections_count,std_msgs/msg/Int32,28
1774524883.48683,/metrics/pcl/back/points_in,std_msgs/msg/Int32,22152
1774524883.4868948,/metrics/pcl/back/processing_ms,std_msgs/msg/Float32,78.56786346435547
1774524883.5887735,/metrics/pcl/back/detections_count,std_msgs/msg/Int32,28
1774524883.58893,/metrics/pcl/back/points_in,std_msgs/msg/Int32,22152
1774524883.5889914,/metrics/pcl/back/processing_ms,std_msgs/msg/Float32,80.68087768554688
1774524883.6858263,/metrics/pcl/back/detections_count,std_msgs/msg/Int32,31
1774524883.6860077,/metrics/pcl/back/points_in,std_msgs/msg/Int32,22152
1774524883.6860857,/metrics/pcl/back/processing_ms,std_msgs/msg/Float32,76.54686737060547
1774524883.7857788,/metrics/pcl/back/detections_count,std_msgs/msg/Int32,32
1774524883.7858913,/metrics/pcl/back/points_in,std_msgs/msg/Int32,22152
1774524883.7859564,/metrics/pcl/back/processing_ms,std_msgs/msg/Float32,75.76643371582031
1774524883.8783653,/metrics/pcl/back/detections_count,std_msgs/msg/Int32,33
1774524883.8784928,/metrics/pcl/back/points_in,std_msgs/msg/Int32,22152
1774524883.8785672,/metrics/pcl/back/processing_ms,std_msgs/msg/Float32,71.16364288330078
1774524883.9789405,/metrics/pcl/back/detections_count,std_msgs/msg/Int32,31
1774524883.9790668,/metrics/pcl/back/points_in,std_msgs/msg/Int32,22152
1774524883.9791412,/metrics/pcl/back/processing_ms,std_msgs/msg/Float32,71.10499572753906
1774524884.0789833,/metrics/pcl/back/detections_count,std_msgs/msg/Int32,30
1774524884.0791075,/metrics/pcl/back/points_in,std_msgs/msg/Int32,22152
1774524884.0791733,/metrics/pcl/back/processing_ms,std_msgs/msg/Float32,70.60713958740234
1774524884.1809683,/metrics/pcl/back/detections_count,std_msgs/msg/Int32,32
1774524884.181082,/metrics/pcl/back/points_in,std_msgs/msg/Int32,22152
1774524884.1811473,/metrics/pcl/back/processing_ms,std_msgs/msg/Float32,72.06060028076172
1774524884.2828958,/metrics/pcl/back/detections_count,std_msgs/msg/Int32,27
1774524884.2830172,/metrics/pcl/back/points_in,std_msgs/msg/Int32,22152
1774524884.2830913,/metrics/pcl/back/processing_ms,std_msgs/msg/Float32,73.137451171875
1774524884.3818247,/metrics/pcl/back/detections_count,std_msgs/msg/Int32,26
1774524884.381939,/metrics/pcl/back/points_in,std_msgs/msg/Int32,22152
1774524884.3820088,/metrics/pcl/back/processing_ms,std_msgs/msg/Float32,71.09032440185547
1774524884.4786487,/metrics/pcl/back/detections_count,std_msgs/msg/Int32,29
1774524884.4788146,/metrics/pcl/back/points_in,std_msgs/msg/Int32,22152
1774524884.4789324,/metrics/pcl/back/processing_ms,std_msgs/msg/Float32,71.9117660522461
1774524884.576729,/metrics/pcl/back/detections_count,std_msgs/msg/Int32,25
1774524884.5768695,/metrics/pcl/back/points_in,std_msgs/msg/Int32,22152
1774524884.5769458,/metrics/pcl/back/processing_ms,std_msgs/msg/Float32,69.5765609741211
1774524884.6799948,/metrics/pcl/back/detections_count,std_msgs/msg/Int32,25
1774524884.6801212,/metrics/pcl/back/points_in,std_msgs/msg/Int32,22152
1774524884.6801863,/metrics/pcl/back/processing_ms,std_msgs/msg/Float32,71.76165008544922
1774524884.7823095,/metrics/pcl/back/detections_count,std_msgs/msg/Int32,29
1774524884.782437,/metrics/pcl/back/points_in,std_msgs/msg/Int32,22152
1774524884.7825027,/metrics/pcl/back/processing_ms,std_msgs/msg/Float32,72.92585754394531
1774524884.8840146,/metrics/pcl/back/detections_count,std_msgs/msg/Int32,28
1774524884.8841326,/metrics/pcl/back/points_in,std_msgs/msg/Int32,22152
1774524884.8841965,/metrics/pcl/back/processing_ms,std_msgs/msg/Float32,73.87592315673828
1774524884.9824233,/metrics/pcl/back/detections_count,std_msgs/msg/Int32,33
1774524884.9825337,/metrics/pcl/back/points_in,std_msgs/msg/Int32,22152
1774524884.98261,/metrics/pcl/back/processing_ms,std_msgs/msg/Float32,75.54156494140625
1774524885.0821805,/metrics/pcl/back/detections_count,std_msgs/msg/Int32,33
1774524885.0823302,/metrics/pcl/back/points_in,std_msgs/msg/Int32,22152
1774524885.0824056,/metrics/pcl/back/processing_ms,std_msgs/msg/Float32,75.06324005126953
1774524885.182082,/metrics/pcl/back/detections_count,std_msgs/msg/Int32,34
1774524885.182195,/metrics/pcl/back/points_in,std_msgs/msg/Int32,22152
1774524885.1822588,/metrics/pcl/back/processing_ms,std_msgs/msg/Float32,74.28736877441406
1774524885.2803967,/metrics/pcl/back/detections_count,std_msgs/msg/Int32,34
1774524885.2805479,/metrics/pcl/back/points_in,std_msgs/msg/Int32,22152
1774524885.2806194,/metrics/pcl/back/processing_ms,std_msgs/msg/Float32,71.68891906738281
1774524885.3865676,/metrics/pcl/back/detections_count,std_msgs/msg/Int32,32
1774524885.386681,/metrics/pcl/back/points_in,std_msgs/msg/Int32,22152
1774524885.3867471,/metrics/pcl/back/processing_ms,std_msgs/msg/Float32,77.3556900024414
1774524885.489546,/metrics/pcl/back/detections_count,std_msgs/msg/Int32,30
1774524885.4896579,/metrics/pcl/back/points_in,std_msgs/msg/Int32,22152
1774524885.4897218,/metrics/pcl/back/processing_ms,std_msgs/msg/Float32,79.1239242553711
1774524885.589399,/metrics/pcl/back/detections_count,std_msgs/msg/Int32,32
1774524885.5895188,/metrics/pcl/back/points_in,std_msgs/msg/Int32,22152
1774524885.589583,/metrics/pcl/back/processing_ms,std_msgs/msg/Float32,82.51841735839844
1774524885.690748,/metrics/pcl/back/detections_count,std_msgs/msg/Int32,33
1774524885.6908698,/metrics/pcl/back/points_in,std_msgs/msg/Int32,22152
1774524885.6909335,/metrics/pcl/back/processing_ms,std_msgs/msg/Float32,82.66015625
1774524885.789711,/metrics/pcl/back/detections_count,std_msgs/msg/Int32,36
1774524885.7898796,/metrics/pcl/back/points_in,std_msgs/msg/Int32,22152
1774524885.7900698,/metrics/pcl/back/processing_ms,std_msgs/msg/Float32,81.08855438232422
1774524885.8884928,/metrics/pcl/back/detections_count,std_msgs/msg/Int32,34
1774524885.8886874,/metrics/pcl/back/points_in,std_msgs/msg/Int32,22152
1774524885.8887548,/metrics/pcl/back/processing_ms,std_msgs/msg/Float32,79.09130859375
1774524885.9890172,/metrics/pcl/back/detections_count,std_msgs/msg/Int32,32
1774524885.989184,/metrics/pcl/back/points_in,std_msgs/msg/Int32,22152
1774524885.9892936,/metrics/pcl/back/processing_ms,std_msgs/msg/Float32,79.28792572021484
1774524886.0880144,/metrics/pcl/back/detections_count,std_msgs/msg/Int32,38
1774524886.0881348,/metrics/pcl/back/points_in,std_msgs/msg/Int32,22152
1774524886.0882132,/metrics/pcl/back/processing_ms,std_msgs/msg/Float32,77.73199462890625
1774524886.182227,/metrics/pcl/back/detections_count,std_msgs/msg/Int32,34
1774524886.1823926,/metrics/pcl/back/points_in,std_msgs/msg/Int32,22152
1774524886.1824603,/metrics/pcl/back/processing_ms,std_msgs/msg/Float32,75.40013885498047
1774524886.2848763,/metrics/pcl/back/detections_count,std_msgs/msg/Int32,35
1774524886.2849946,/metrics/pcl/back/points_in,std_msgs/msg/Int32,22152
1774524886.285063,/metrics/pcl/back/processing_ms,std_msgs/msg/Float32,77.05301666259766
1774524886.3857925,/metrics/pcl/back/detections_count,std_msgs/msg/Int32,31
1774524886.3859053,/metrics/pcl/back/points_in,std_msgs/msg/Int32,22152
1774524886.3859694,/metrics/pcl/back/processing_ms,std_msgs/msg/Float32,77.3532485961914
1774524886.4883113,/metrics/pcl/back/detections_count,std_msgs/msg/Int32,34
1774524886.48847,/metrics/pcl/back/points_in,std_msgs/msg/Int32,22152
1774524886.48858,/metrics/pcl/back/processing_ms,std_msgs/msg/Float32,78.50873565673828
1774524886.5879686,/metrics/pcl/back/detections_count,std_msgs/msg/Int32,28
1774524886.5880873,/metrics/pcl/back/points_in,std_msgs/msg/Int32,22152
1774524886.5881517,/metrics/pcl/back/processing_ms,std_msgs/msg/Float32,77.37442779541016
1774524886.6849148,/metrics/pcl/back/detections_count,std_msgs/msg/Int32,29
1774524886.6850545,/metrics/pcl/back/points_in,std_msgs/msg/Int32,22152
1774524886.685145,/metrics/pcl/back/processing_ms,std_msgs/msg/Float32,78.6668701171875
1774524886.7849276,/metrics/pcl/back/detections_count,std_msgs/msg/Int32,29
1774524886.785047,/metrics/pcl/back/points_in,std_msgs/msg/Int32,22152
1774524886.7851157,/metrics/pcl/back/processing_ms,std_msgs/msg/Float32,77.67747497558594
1774524886.885412,/metrics/pcl/back/detections_count,std_msgs/msg/Int32,34
1774524886.8855643,/metrics/pcl/back/points_in,std_msgs/msg/Int32,22152
1774524886.8856497,/metrics/pcl/back/processing_ms,std_msgs/msg/Float32,77.54108428955078
1774524886.98498,/metrics/pcl/back/detections_count,std_msgs/msg/Int32,30
1774524886.9850836,/metrics/pcl/back/points_in,std_msgs/msg/Int32,22152
1774524886.985138,/metrics/pcl/back/processing_ms,std_msgs/msg/Float32,77.0207748413086
1774524887.0899837,/metrics/pcl/back/detections_count,std_msgs/msg/Int32,30
1774524887.0901067,/metrics/pcl/back/points_in,std_msgs/msg/Int32,22152
1774524887.0901701,/metrics/pcl/back/processing_ms,std_msgs/msg/Float32,80.27594757080078
1774524887.19581,/metrics/pcl/back/detections_count,std_msgs/msg/Int32,30
1774524887.1959414,/metrics/pcl/back/points_in,std_msgs/msg/Int32,22152
1774524887.1960087,/metrics/pcl/back/processing_ms,std_msgs/msg/Float32,85.98870849609375
1774524887.2839532,/metrics/pcl/back/detections_count,std_msgs/msg/Int32,34
1774524887.2840679,/metrics/pcl/back/points_in,std_msgs/msg/Int32,22152
1774524887.2841334,/metrics/pcl/back/processing_ms,std_msgs/msg/Float32,77.15751647949219
1774524887.387962,/metrics/pcl/back/detections_count,std_msgs/msg/Int32,35
1774524887.3880768,/metrics/pcl/back/points_in,std_msgs/msg/Int32,22152
1774524887.3881323,/metrics/pcl/back/processing_ms,std_msgs/msg/Float32,80.75592041015625
1774524887.4842675,/metrics/pcl/back/detections_count,std_msgs/msg/Int32,36
1774524887.4844131,/metrics/pcl/back/points_in,std_msgs/msg/Int32,22152
1774524887.4844713,/metrics/pcl/back/processing_ms,std_msgs/msg/Float32,76.70970916748047
1774524887.5860336,/metrics/pcl/back/detections_count,std_msgs/msg/Int32,34
1774524887.586159,/metrics/pcl/back/points_in,std_msgs/msg/Int32,22152
1774524887.586228,/metrics/pcl/back/processing_ms,std_msgs/msg/Float32,76.77384948730469
1774524887.6850517,/metrics/pcl/back/detections_count,std_msgs/msg/Int32,36
1774524887.685185,/metrics/pcl/back/points_in,std_msgs/msg/Int32,22152
1774524887.6852677,/metrics/pcl/back/processing_ms,std_msgs/msg/Float32,75.51097869873047
1774524887.79223,/metrics/pcl/back/detections_count,std_msgs/msg/Int32,35
1774524887.792379,/metrics/pcl/back/points_in,std_msgs/msg/Int32,22152
1774524887.792447,/metrics/pcl/back/processing_ms,std_msgs/msg/Float32,82.22430419921875
1774524887.8914099,/metrics/pcl/back/detections_count,std_msgs/msg/Int32,33
1774524887.891528,/metrics/pcl/back/points_in,std_msgs/msg/Int32,22152
1774524887.8915925,/metrics/pcl/back/processing_ms,std_msgs/msg/Float32,85.02379608154297
1774524887.9895813,/metrics/pcl/back/detections_count,std_msgs/msg/Int32,32
1774524887.9896944,/metrics/pcl/back/points_in,std_msgs/msg/Int32,22152
1774524887.9897592,/metrics/pcl/back/processing_ms,std_msgs/msg/Float32,82.35322570800781
1774524888.087245,/metrics/pcl/back/detections_count,std_msgs/msg/Int32,31
1774524888.0873995,/metrics/pcl/back/points_in,std_msgs/msg/Int32,22152
1774524888.0874665,/metrics/pcl/back/processing_ms,std_msgs/msg/Float32,78.70266723632812
1774524888.1866398,/metrics/pcl/back/detections_count,std_msgs/msg/Int32,31
1774524888.186765,/metrics/pcl/back/points_in,std_msgs/msg/Int32,22152
1774524888.1868298,/metrics/pcl/back/processing_ms,std_msgs/msg/Float32,77.57982635498047
1774524888.2871482,/metrics/pcl/back/detections_count,std_msgs/msg/Int32,34
1774524888.2872643,/metrics/pcl/back/points_in,std_msgs/msg/Int32,22152
1774524888.2873876,/metrics/pcl/back/processing_ms,std_msgs/msg/Float32,77.86546325683594
1774524888.387136,/metrics/pcl/back/detections_count,std_msgs/msg/Int32,32
1774524888.3872716,/metrics/pcl/back/points_in,std_msgs/msg/Int32,22152
1774524888.3874087,/metrics/pcl/back/processing_ms,std_msgs/msg/Float32,76.67476654052734
1774524888.4845207,/metrics/pcl/back/detections_count,std_msgs/msg/Int32,34
1774524888.4847038,/metrics/pcl/back/points_in,std_msgs/msg/Int32,22152
1774524888.4847717,/metrics/pcl/back/processing_ms,std_msgs/msg/Float32,76.59549713134766
1774524888.5837297,/metrics/pcl/back/detections_count,std_msgs/msg/Int32,29
1774524888.583865,/metrics/pcl/back/points_in,std_msgs/msg/Int32,22152
1774524888.583946,/metrics/pcl/back/processing_ms,std_msgs/msg/Float32,76.49341583251953
1774524888.6835926,/metrics/pcl/back/detections_count,std_msgs/msg/Int32,30
1774524888.683716,/metrics/pcl/back/points_in,std_msgs/msg/Int32,22152
1774524888.6837816,/metrics/pcl/back/processing_ms,std_msgs/msg/Float32,75.28958892822266
1774524888.786083,/metrics/pcl/back/detections_count,std_msgs/msg/Int32,31
1774524888.7861958,/metrics/pcl/back/points_in,std_msgs/msg/Int32,22152
1774524888.7862663,/metrics/pcl/back/processing_ms,std_msgs/msg/Float32,76.72816467285156
1774524888.8884974,/metrics/pcl/back/detections_count,std_msgs/msg/Int32,34
1774524888.8886058,/metrics/pcl/back/points_in,std_msgs/msg/Int32,22152
1774524888.8886707,/metrics/pcl/back/processing_ms,std_msgs/msg/Float32,78.13202667236328
1774524888.9882057,/metrics/pcl/back/detections_count,std_msgs/msg/Int32,34
1774524888.9883814,/metrics/pcl/back/points_in,std_msgs/msg/Int32,22152
1774524888.9884632,/metrics/pcl/back/processing_ms,std_msgs/msg/Float32,77.39140319824219
1774524889.082853,/metrics/pcl/back/detections_count,std_msgs/msg/Int32,38
1774524889.0829656,/metrics/pcl/back/points_in,std_msgs/msg/Int32,22152
1774524889.083029,/metrics/pcl/back/processing_ms,std_msgs/msg/Float32,75.68544006347656
1774524889.1838624,/metrics/pcl/back/detections_count,std_msgs/msg/Int32,36
1774524889.1840127,/metrics/pcl/back/points_in,std_msgs/msg/Int32,22152
1774524889.1840794,/metrics/pcl/back/processing_ms,std_msgs/msg/Float32,76.2315444946289
1774524889.2851822,/metrics/pcl/back/detections_count,std_msgs/msg/Int32,33
1774524889.2853148,/metrics/pcl/back/points_in,std_msgs/msg/Int32,22152
1774524889.2853885,/metrics/pcl/back/processing_ms,std_msgs/msg/Float32,76.83369445800781
1774524889.3867593,/metrics/pcl/back/detections_count,std_msgs/msg/Int32,38
1774524889.3868804,/metrics/pcl/back/points_in,std_msgs/msg/Int32,22152
1774524889.3869557,/metrics/pcl/back/processing_ms,std_msgs/msg/Float32,77.48756408691406
1774524889.4874835,/metrics/pcl/back/detections_count,std_msgs/msg/Int32,36
1774524889.487596,/metrics/pcl/back/points_in,std_msgs/msg/Int32,22152
1774524889.4876611,/metrics/pcl/back/processing_ms,std_msgs/msg/Float32,77.14997863769531
1774524889.5851161,/metrics/pcl/back/detections_count,std_msgs/msg/Int32,38
1774524889.5852442,/metrics/pcl/back/points_in,std_msgs/msg/Int32,22152
1774524889.5853357,/metrics/pcl/back/processing_ms,std_msgs/msg/Float32,78.93049621582031
1774524889.6864872,/metrics/pcl/back/detections_count,std_msgs/msg/Int32,37
1774524889.6866179,/metrics/pcl/back/points_in,std_msgs/msg/Int32,22152
1774524889.6866868,/metrics/pcl/back/processing_ms,std_msgs/msg/Float32,78.53101348876953
1774524889.7883294,/metrics/pcl/back/detections_count,std_msgs/msg/Int32,37
1774524889.788446,/metrics/pcl/back/points_in,std_msgs/msg/Int32,22152
1774524889.7885227,/metrics/pcl/back/processing_ms,std_msgs/msg/Float32,79.71138763427734
1774524889.8907838,/metrics/pcl/back/detections_count,std_msgs/msg/Int32,35
1774524889.8909054,/metrics/pcl/back/points_in,std_msgs/msg/Int32,22152
1774524889.8909702,/metrics/pcl/back/processing_ms,std_msgs/msg/Float32,82.022705078125
1774524889.9902487,/metrics/pcl/back/detections_count,std_msgs/msg/Int32,38
1774524889.9904258,/metrics/pcl/back/points_in,std_msgs/msg/Int32,22152
1774524889.9905307,/metrics/pcl/back/processing_ms,std_msgs/msg/Float32,80.56559753417969
1774524890.0907922,/metrics/pcl/back/detections_count,std_msgs/msg/Int32,35
1774524890.0909076,/metrics/pcl/back/points_in,std_msgs/msg/Int32,22152
1774524890.0909727,/metrics/pcl/back/processing_ms,std_msgs/msg/Float32,80.8604507446289
1774524890.1864753,/metrics/pcl/back/detections_count,std_msgs/msg/Int32,34
1774524890.18658,/metrics/pcl/back/points_in,std_msgs/msg/Int32,22152
1774524890.1866326,/metrics/pcl/back/processing_ms,std_msgs/msg/Float32,79.85897064208984
1774524890.2874515,/metrics/pcl/back/detections_count,std_msgs/msg/Int32,33
1774524890.287572,/metrics/pcl/back/points_in,std_msgs/msg/Int32,22152
1774524890.2876456,/metrics/pcl/back/processing_ms,std_msgs/msg/Float32,79.90748596191406
1774524890.3886814,/metrics/pcl/back/detections_count,std_msgs/msg/Int32,32
1774524890.388805,/metrics/pcl/back/points_in,std_msgs/msg/Int32,22152
1774524890.3888786,/metrics/pcl/back/processing_ms,std_msgs/msg/Float32,80.73439025878906
1774524890.4890513,/metrics/pcl/back/detections_count,std_msgs/msg/Int32,34
1774524890.4891784,/metrics/pcl/back/points_in,std_msgs/msg/Int32,22152
1774524890.489251,/metrics/pcl/back/processing_ms,std_msgs/msg/Float32,79.50911712646484
1774524890.5895357,/metrics/pcl/back/detections_count,std_msgs/msg/Int32,34
1774524890.5896647,/metrics/pcl/back/points_in,std_msgs/msg/Int32,22152
1774524890.5897593,/metrics/pcl/back/processing_ms,std_msgs/msg/Float32,79.83265686035156
1774524890.6898155,/metrics/pcl/back/detections_count,std_msgs/msg/Int32,34
1774524890.6899624,/metrics/pcl/back/points_in,std_msgs/msg/Int32,22152
1774524890.6900418,/metrics/pcl/back/processing_ms,std_msgs/msg/Float32,79.56185150146484
1774524890.7849538,/metrics/pcl/back/detections_count,std_msgs/msg/Int32,34
1774524890.7850845,/metrics/pcl/back/points_in,std_msgs/msg/Int32,22152
1774524890.785162,/metrics/pcl/back/processing_ms,std_msgs/msg/Float32,78.37953186035156
1774524890.8868744,/metrics/pcl/back/detections_count,std_msgs/msg/Int32,33
1774524890.886991,/metrics/pcl/back/points_in,std_msgs/msg/Int32,22152
1774524890.887047,/metrics/pcl/back/processing_ms,std_msgs/msg/Float32,79.57079315185547
1774524890.986869,/metrics/pcl/back/detections_count,std_msgs/msg/Int32,37
1774524890.98701,/metrics/pcl/back/points_in,std_msgs/msg/Int32,22152
1774524890.9870844,/metrics/pcl/back/processing_ms,std_msgs/msg/Float32,79.11312103271484
1774524891.089708,/metrics/pcl/back/detections_count,std_msgs/msg/Int32,35
1774524891.0898247,/metrics/pcl/back/points_in,std_msgs/msg/Int32,22152
1774524891.0898833,/metrics/pcl/back/processing_ms,std_msgs/msg/Float32,80.650390625
1774524891.1898763,/metrics/pcl/back/detections_count,std_msgs/msg/Int32,37
1774524891.190004,/metrics/pcl/back/points_in,std_msgs/msg/Int32,22152
1774524891.1900802,/metrics/pcl/back/processing_ms,std_msgs/msg/Float32,80.1195297241211
1774524895.0413852,/metrics/pcl/back/detections_count,std_msgs/msg/Int32,33
1774524895.0415335,/metrics/pcl/back/points_in,std_msgs/msg/Int32,22152
1774524895.0416038,/metrics/pcl/back/processing_ms,std_msgs/msg/Float32,79.5517807006836
1774524895.1388538,/metrics/pcl/back/detections_count,std_msgs/msg/Int32,35
1774524895.1389945,/metrics/pcl/back/points_in,std_msgs/msg/Int32,22152
1774524895.1390717,/metrics/pcl/back/processing_ms,std_msgs/msg/Float32,77.60273742675781
1774524895.2340472,/metrics/pcl/back/detections_count,std_msgs/msg/Int32,34
1774524895.23422,/metrics/pcl/back/points_in,std_msgs/msg/Int32,22152
1774524895.2343068,/metrics/pcl/back/processing_ms,std_msgs/msg/Float32,76.98457336425781
1774524895.3374147,/metrics/pcl/back/detections_count,std_msgs/msg/Int32,36
1774524895.3375473,/metrics/pcl/back/points_in,std_msgs/msg/Int32,22152
1774524895.3376298,/metrics/pcl/back/processing_ms,std_msgs/msg/Float32,78.27713012695312
1774524895.4392655,/metrics/pcl/back/detections_count,std_msgs/msg/Int32,35
1774524895.439396,/metrics/pcl/back/points_in,std_msgs/msg/Int32,22152
1774524895.4394517,/metrics/pcl/back/processing_ms,std_msgs/msg/Float32,79.2159652709961
1774524895.5385544,/metrics/pcl/back/detections_count,std_msgs/msg/Int32,35
1774524895.5386868,/metrics/pcl/back/points_in,std_msgs/msg/Int32,22152
1774524895.5387642,/metrics/pcl/back/processing_ms,std_msgs/msg/Float32,78.85035705566406
1774524895.6398137,/metrics/pcl/back/detections_count,std_msgs/msg/Int32,33
1774524895.6399403,/metrics/pcl/back/points_in,std_msgs/msg/Int32,22152
1774524895.640016,/metrics/pcl/back/processing_ms,std_msgs/msg/Float32,79.34923553466797
1774524895.7350209,/metrics/pcl/back/detections_count,std_msgs/msg/Int32,38
1774524895.7351398,/metrics/pcl/back/points_in,std_msgs/msg/Int32,22152
1774524895.7352064,/metrics/pcl/back/processing_ms,std_msgs/msg/Float32,78.37844848632812
1774524895.835117,/metrics/pcl/back/detections_count,std_msgs/msg/Int32,34
1774524895.8352342,/metrics/pcl/back/points_in,std_msgs/msg/Int32,22152
1774524895.835312,/metrics/pcl/back/processing_ms,std_msgs/msg/Float32,77.6866455078125
1774524895.9365673,/metrics/pcl/back/detections_count,std_msgs/msg/Int32,34
1774524895.9366689,/metrics/pcl/back/points_in,std_msgs/msg/Int32,22152
1774524895.9367259,/metrics/pcl/back/processing_ms,std_msgs/msg/Float32,78.26211547851562
1774524896.0362988,/metrics/pcl/back/detections_count,std_msgs/msg/Int32,37
1774524896.0364697,/metrics/pcl/back/points_in,std_msgs/msg/Int32,22152
1774524896.036545,/metrics/pcl/back/processing_ms,std_msgs/msg/Float32,77.15922546386719
1774524896.1384726,/metrics/pcl/back/detections_count,std_msgs/msg/Int32,36
1774524896.1385934,/metrics/pcl/back/points_in,std_msgs/msg/Int32,22152
1774524896.138649,/metrics/pcl/back/processing_ms,std_msgs/msg/Float32,77.43550872802734
1774524896.238195,/metrics/pcl/back/detections_count,std_msgs/msg/Int32,36
1774524896.238323,/metrics/pcl/back/points_in,std_msgs/msg/Int32,22152
1774524896.2383814,/metrics/pcl/back/processing_ms,std_msgs/msg/Float32,77.34552001953125
1774524896.3352408,/metrics/pcl/back/detections_count,std_msgs/msg/Int32,37
1774524896.335376,/metrics/pcl/back/points_in,std_msgs/msg/Int32,22152
1774524896.3354473,/metrics/pcl/back/processing_ms,std_msgs/msg/Float32,78.24793243408203
1774524896.4363232,/metrics/pcl/back/detections_count,std_msgs/msg/Int32,39
1774524896.436449,/metrics/pcl/back/points_in,std_msgs/msg/Int32,22152
1774524896.4365222,/metrics/pcl/back/processing_ms,std_msgs/msg/Float32,78.12094116210938
1774524896.535749,/metrics/pcl/back/detections_count,std_msgs/msg/Int32,37
1774524896.5358639,/metrics/pcl/back/points_in,std_msgs/msg/Int32,22152
1774524896.5359356,/metrics/pcl/back/processing_ms,std_msgs/msg/Float32,77.08318328857422
1774524896.6383667,/metrics/pcl/back/detections_count,std_msgs/msg/Int32,33
1774524896.6385043,/metrics/pcl/back/points_in,std_msgs/msg/Int32,22152
1774524896.6385803,/metrics/pcl/back/processing_ms,std_msgs/msg/Float32,78.83985137939453
1774524896.7390904,/metrics/pcl/back/detections_count,std_msgs/msg/Int32,31
1774524896.7392864,/metrics/pcl/back/points_in,std_msgs/msg/Int32,22152
1774524896.7393713,/metrics/pcl/back/processing_ms,std_msgs/msg/Float32,79.6142807006836
1774524896.8393667,/metrics/pcl/back/detections_count,std_msgs/msg/Int32,32
1774524896.8394883,/metrics/pcl/back/points_in,std_msgs/msg/Int32,22152
1774524896.8395603,/metrics/pcl/back/processing_ms,std_msgs/msg/Float32,78.65229797363281
1774524896.9368308,/metrics/pcl/back/detections_count,std_msgs/msg/Int32,37
1774524896.9369314,/metrics/pcl/back/points_in,std_msgs/msg/Int32,22152
1774524896.936984,/metrics/pcl/back/processing_ms,std_msgs/msg/Float32,78.90385437011719
1774524897.037003,/metrics/pcl/back/detections_count,std_msgs/msg/Int32,31
1774524897.0371265,/metrics/pcl/back/points_in,std_msgs/msg/Int32,22152
1774524897.0372005,/metrics/pcl/back/processing_ms,std_msgs/msg/Float32,78.31409454345703
1774524897.1392643,/metrics/pcl/back/detections_count,std_msgs/msg/Int32,33
1774524897.139392,/metrics/pcl/back/points_in,std_msgs/msg/Int32,22152
1774524897.1394553,/metrics/pcl/back/processing_ms,std_msgs/msg/Float32,80.5404052734375
1774524897.2366784,/metrics/pcl/back/detections_count,std_msgs/msg/Int32,41
1774524897.2367904,/metrics/pcl/back/points_in,std_msgs/msg/Int32,22152
1774524897.2368553,/metrics/pcl/back/processing_ms,std_msgs/msg/Float32,77.40695190429688
1774524897.3501022,/metrics/pcl/back/detections_count,std_msgs/msg/Int32,33
1774524897.3502448,/metrics/pcl/back/points_in,std_msgs/msg/Int32,22152
1774524897.3503764,/metrics/pcl/back/processing_ms,std_msgs/msg/Float32,90.02281188964844
1774524897.4397585,/metrics/pcl/back/detections_count,std_msgs/msg/Int32,31
1774524897.4398851,/metrics/pcl/back/points_in,std_msgs/msg/Int32,22152
1774524897.4399395,/metrics/pcl/back/processing_ms,std_msgs/msg/Float32,79.08351135253906
1774524897.5344281,/metrics/pcl/back/detections_count,std_msgs/msg/Int32,34
1774524897.5345318,/metrics/pcl/back/points_in,std_msgs/msg/Int32,22152
1774524897.534587,/metrics/pcl/back/processing_ms,std_msgs/msg/Float32,77.17266845703125
1774524897.6344538,/metrics/pcl/back/detections_count,std_msgs/msg/Int32,33
1774524897.6345954,/metrics/pcl/back/points_in,std_msgs/msg/Int32,22152
1774524897.6346796,/metrics/pcl/back/processing_ms,std_msgs/msg/Float32,76.78305053710938
1774524897.7359362,/metrics/pcl/back/detections_count,std_msgs/msg/Int32,35
1774524897.736041,/metrics/pcl/back/points_in,std_msgs/msg/Int32,22152
1774524897.7360942,/metrics/pcl/back/processing_ms,std_msgs/msg/Float32,76.30690002441406
1774524897.8357642,/metrics/pcl/back/detections_count,std_msgs/msg/Int32,34
1774524897.8358815,/metrics/pcl/back/points_in,std_msgs/msg/Int32,22152
1774524897.835945,/metrics/pcl/back/processing_ms,std_msgs/msg/Float32,76.12120819091797
1774524897.936324,/metrics/pcl/back/detections_count,std_msgs/msg/Int32,36
1774524897.936437,/metrics/pcl/back/points_in,std_msgs/msg/Int32,22152
1774524897.9365017,/metrics/pcl/back/processing_ms,std_msgs/msg/Float32,76.10598754882812
1774524898.036825,/metrics/pcl/back/detections_count,std_msgs/msg/Int32,36
1774524898.0369704,/metrics/pcl/back/points_in,std_msgs/msg/Int32,22152
1774524898.0370512,/metrics/pcl/back/processing_ms,std_msgs/msg/Float32,75.65043640136719
1774524898.133478,/metrics/pcl/back/detections_count,std_msgs/msg/Int32,36
1774524898.1335883,/metrics/pcl/back/points_in,std_msgs/msg/Int32,22152
1774524898.1336539,/metrics/pcl/back/processing_ms,std_msgs/msg/Float32,75.98719787597656
1774524898.2331855,/metrics/pcl/back/detections_count,std_msgs/msg/Int32,32
1774524898.233315,/metrics/pcl/back/points_in,std_msgs/msg/Int32,22152
1774524898.2333968,/metrics/pcl/back/processing_ms,std_msgs/msg/Float32,75.40524291992188
1774524898.3342717,/metrics/pcl/back/detections_count,std_msgs/msg/Int32,34
1774524898.3343954,/metrics/pcl/back/points_in,std_msgs/msg/Int32,22152
1774524898.3344734,/metrics/pcl/back/processing_ms,std_msgs/msg/Float32,75.24349212646484
1774524898.437873,/metrics/pcl/back/detections_count,std_msgs/msg/Int32,35
1774524898.4380147,/metrics/pcl/back/points_in,std_msgs/msg/Int32,22152
1774524898.4380805,/metrics/pcl/back/processing_ms,std_msgs/msg/Float32,77.89075469970703
1774524898.5363986,/metrics/pcl/back/detections_count,std_msgs/msg/Int32,35
1774524898.536537,/metrics/pcl/back/points_in,std_msgs/msg/Int32,22152
1774524898.5366158,/metrics/pcl/back/processing_ms,std_msgs/msg/Float32,75.20274353027344
1774524898.6376112,/metrics/pcl/back/detections_count,std_msgs/msg/Int32,35
1774524898.6377416,/metrics/pcl/back/points_in,std_msgs/msg/Int32,22152
1774524898.6378198,/metrics/pcl/back/processing_ms,std_msgs/msg/Float32,75.82774353027344
1774524898.735382,/metrics/pcl/back/detections_count,std_msgs/msg/Int32,34
1774524898.7354927,/metrics/pcl/back/points_in,std_msgs/msg/Int32,22152
1774524898.7355597,/metrics/pcl/back/processing_ms,std_msgs/msg/Float32,78.27144622802734
1774524898.8359761,/metrics/pcl/back/detections_count,std_msgs/msg/Int32,36
1774524898.8361046,/metrics/pcl/back/points_in,std_msgs/msg/Int32,22152
1774524898.836172,/metrics/pcl/back/processing_ms,std_msgs/msg/Float32,78.15338134765625
1774524898.9341767,/metrics/pcl/back/detections_count,std_msgs/msg/Int32,33
1774524898.934304,/metrics/pcl/back/points_in,std_msgs/msg/Int32,22152
1774524898.9343655,/metrics/pcl/back/processing_ms,std_msgs/msg/Float32,75.81758117675781
1774524899.0369904,/metrics/pcl/back/detections_count,std_msgs/msg/Int32,35
1774524899.037117,/metrics/pcl/back/points_in,std_msgs/msg/Int32,22152
1774524899.0371854,/metrics/pcl/back/processing_ms,std_msgs/msg/Float32,77.85550689697266
1774524899.1371994,/metrics/pcl/back/detections_count,std_msgs/msg/Int32,32
1774524899.1373572,/metrics/pcl/back/points_in,std_msgs/msg/Int32,22152
1774524899.1374505,/metrics/pcl/back/processing_ms,std_msgs/msg/Float32,76.8282699584961
1774524899.2352662,/metrics/pcl/back/detections_count,std_msgs/msg/Int32,34
1774524899.2354407,/metrics/pcl/back/points_in,std_msgs/msg/Int32,22152
1774524899.2355385,/metrics/pcl/back/processing_ms,std_msgs/msg/Float32,79.05841827392578
1774524899.3333411,/metrics/pcl/back/detections_count,std_msgs/msg/Int32,39
1774524899.333497,/metrics/pcl/back/points_in,std_msgs/msg/Int32,22152
1774524899.333563,/metrics/pcl/back/processing_ms,std_msgs/msg/Float32,75.75592803955078
1774524899.4330094,/metrics/pcl/back/detections_count,std_msgs/msg/Int32,30
1774524899.4331455,/metrics/pcl/back/points_in,std_msgs/msg/Int32,22152
1774524899.4332333,/metrics/pcl/back/processing_ms,std_msgs/msg/Float32,74.90892028808594
1774524899.532415,/metrics/pcl/back/detections_count,std_msgs/msg/Int32,37
1774524899.5325286,/metrics/pcl/back/points_in,std_msgs/msg/Int32,22152
1774524899.5326164,/metrics/pcl/back/processing_ms,std_msgs/msg/Float32,73.74004364013672
1774524899.634732,/metrics/pcl/back/detections_count,std_msgs/msg/Int32,36
1774524899.6348643,/metrics/pcl/back/points_in,std_msgs/msg/Int32,22152
1774524899.634933,/metrics/pcl/back/processing_ms,std_msgs/msg/Float32,75.63587188720703
1774524899.7341018,/metrics/pcl/back/detections_count,std_msgs/msg/Int32,35
1774524899.7342024,/metrics/pcl/back/points_in,std_msgs/msg/Int32,22152
1774524899.7342696,/metrics/pcl/back/processing_ms,std_msgs/msg/Float32,74.22103881835938
1774524899.832086,/metrics/pcl/back/detections_count,std_msgs/msg/Int32,34
1774524899.8321989,/metrics/pcl/back/points_in,std_msgs/msg/Int32,22152
1774524899.8322628,/metrics/pcl/back/processing_ms,std_msgs/msg/Float32,75.5344467163086
1774524899.9320788,/metrics/pcl/back/detections_count,std_msgs/msg/Int32,34
1774524899.9321966,/metrics/pcl/back/points_in,std_msgs/msg/Int32,22152
1774524899.9322624,/metrics/pcl/back/processing_ms,std_msgs/msg/Float32,74.72219848632812
1774524900.0329463,/metrics/pcl/back/detections_count,std_msgs/msg/Int32,35
1774524900.033095,/metrics/pcl/back/points_in,std_msgs/msg/Int32,22152
1774524900.0331597,/metrics/pcl/back/processing_ms,std_msgs/msg/Float32,75.37515258789062
1774524900.1372082,/metrics/pcl/back/detections_count,std_msgs/msg/Int32,31
1774524900.1373346,/metrics/pcl/back/points_in,std_msgs/msg/Int32,22152
1774524900.137405,/metrics/pcl/back/processing_ms,std_msgs/msg/Float32,77.8189468383789
1774524900.2370474,/metrics/pcl/back/detections_count,std_msgs/msg/Int32,33
1774524900.2371614,/metrics/pcl/back/points_in,std_msgs/msg/Int32,22152
1774524900.2372262,/metrics/pcl/back/processing_ms,std_msgs/msg/Float32,77.28834533691406
1774524900.3392568,/metrics/pcl/back/detections_count,std_msgs/msg/Int32,34
1774524900.3393862,/metrics/pcl/back/points_in,std_msgs/msg/Int32,22152
1774524900.3394501,/metrics/pcl/back/processing_ms,std_msgs/msg/Float32,78.59590911865234
1774524900.4342623,/metrics/pcl/back/detections_count,std_msgs/msg/Int32,33
1774524900.4344313,/metrics/pcl/back/points_in,std_msgs/msg/Int32,22152
1774524900.434528,/metrics/pcl/back/processing_ms,std_msgs/msg/Float32,77.450439453125
1774524900.5346315,/metrics/pcl/back/detections_count,std_msgs/msg/Int32,30
1774524900.5347571,/metrics/pcl/back/points_in,std_msgs/msg/Int32,22152
1774524900.5348208,/metrics/pcl/back/processing_ms,std_msgs/msg/Float32,77.47299194335938
1774524900.6333196,/metrics/pcl/back/detections_count,std_msgs/msg/Int32,33
1774524900.6334476,/metrics/pcl/back/points_in,std_msgs/msg/Int32,22152
1774524900.6335113,/metrics/pcl/back/processing_ms,std_msgs/msg/Float32,75.81783294677734
1774524900.7346668,/metrics/pcl/back/detections_count,std_msgs/msg/Int32,32
1774524900.7348053,/metrics/pcl/back/points_in,std_msgs/msg/Int32,22152
1774524900.7348707,/metrics/pcl/back/processing_ms,std_msgs/msg/Float32,75.8009033203125
1774524900.8345158,/metrics/pcl/back/detections_count,std_msgs/msg/Int32,31
1774524900.83465,/metrics/pcl/back/points_in,std_msgs/msg/Int32,22152
1774524900.8347397,/metrics/pcl/back/processing_ms,std_msgs/msg/Float32,75.33698272705078
1774524900.937689,/metrics/pcl/back/detections_count,std_msgs/msg/Int32,34
1774524900.9378333,/metrics/pcl/back/points_in,std_msgs/msg/Int32,22152
1774524900.9378924,/metrics/pcl/back/processing_ms,std_msgs/msg/Float32,76.4693374633789
1774524901.0320463,/metrics/pcl/back/detections_count,std_msgs/msg/Int32,31
1774524901.032165,/metrics/pcl/back/points_in,std_msgs/msg/Int32,22152
1774524901.0322301,/metrics/pcl/back/processing_ms,std_msgs/msg/Float32,75.34162902832031
1774524901.1324716,/metrics/pcl/back/detections_count,std_msgs/msg/Int32,32
1774524901.1325972,/metrics/pcl/back/points_in,std_msgs/msg/Int32,22152
1774524901.1326635,/metrics/pcl/back/processing_ms,std_msgs/msg/Float32,74.9397201538086
1774524901.234086,/metrics/pcl/back/detections_count,std_msgs/msg/Int32,31
1774524901.2342122,/metrics/pcl/back/points_in,std_msgs/msg/Int32,22152
1774524901.2342837,/metrics/pcl/back/processing_ms,std_msgs/msg/Float32,75.49790954589844
1774524901.3342974,/metrics/pcl/back/detections_count,std_msgs/msg/Int32,30
1774524901.3344326,/metrics/pcl/back/points_in,std_msgs/msg/Int32,22152
1774524901.3344972,/metrics/pcl/back/processing_ms,std_msgs/msg/Float32,74.9502182006836
1774524901.4343245,/metrics/pcl/back/detections_count,std_msgs/msg/Int32,28
1774524901.4344373,/metrics/pcl/back/points_in,std_msgs/msg/Int32,22152
1774524901.4345152,/metrics/pcl/back/processing_ms,std_msgs/msg/Float32,74.42073822021484
1774524901.530412,/metrics/pcl/back/detections_count,std_msgs/msg/Int32,28
1774524901.5305324,/metrics/pcl/back/points_in,std_msgs/msg/Int32,22152
1774524901.530597,/metrics/pcl/back/processing_ms,std_msgs/msg/Float32,73.93009948730469
1774524901.6311772,/metrics/pcl/back/detections_count,std_msgs/msg/Int32,30
1774524901.6313248,/metrics/pcl/back/points_in,std_msgs/msg/Int32,22152
1774524901.631394,/metrics/pcl/back/processing_ms,std_msgs/msg/Float32,74.12762451171875
1774524901.73225,/metrics/pcl/back/detections_count,std_msgs/msg/Int32,29
1774524901.732466,/metrics/pcl/back/points_in,std_msgs/msg/Int32,22152
1774524901.7325325,/metrics/pcl/back/processing_ms,std_msgs/msg/Float32,73.86917114257812
1774524901.8330224,/metrics/pcl/back/detections_count,std_msgs/msg/Int32,30
1774524901.8331482,/metrics/pcl/back/points_in,std_msgs/msg/Int32,22152
1774524901.8332129,/metrics/pcl/back/processing_ms,std_msgs/msg/Float32,73.90653228759766
1774524901.9343214,/metrics/pcl/back/detections_count,std_msgs/msg/Int32,32
1774524901.9344509,/metrics/pcl/back/points_in,std_msgs/msg/Int32,22152
1774524901.9345164,/metrics/pcl/back/processing_ms,std_msgs/msg/Float32,74.6205825805664
1774524902.0382679,/metrics/pcl/back/detections_count,std_msgs/msg/Int32,31
1774524902.038443,/metrics/pcl/back/processing_ms,std_msgs/msg/Float32,78.20999145507812
1774524902.038625,/metrics/pcl/back/points_in,std_msgs/msg/Int32,22152
1774524902.1344266,/metrics/pcl/back/detections_count,std_msgs/msg/Int32,29
1774524902.1345532,/metrics/pcl/back/points_in,std_msgs/msg/Int32,22152
1774524902.1346176,/metrics/pcl/back/processing_ms,std_msgs/msg/Float32,78.09038543701172
1774524902.2357326,/metrics/pcl/back/detections_count,std_msgs/msg/Int32,29
1774524902.235845,/metrics/pcl/back/points_in,std_msgs/msg/Int32,22152
1774524902.2359085,/metrics/pcl/back/processing_ms,std_msgs/msg/Float32,78.7280044555664
1774524902.3353314,/metrics/pcl/back/detections_count,std_msgs/msg/Int32,31
1774524902.3354535,/metrics/pcl/back/points_in,std_msgs/msg/Int32,22152
1774524902.3355167,/metrics/pcl/back/processing_ms,std_msgs/msg/Float32,77.32820129394531
1774524902.433662,/metrics/pcl/back/detections_count,std_msgs/msg/Int32,29
1774524902.4338052,/metrics/pcl/back/points_in,std_msgs/msg/Int32,22152
1774524902.433877,/metrics/pcl/back/processing_ms,std_msgs/msg/Float32,74.67098236083984
1774524902.534021,/metrics/pcl/back/detections_count,std_msgs/msg/Int32,28
1774524902.5341406,/metrics/pcl/back/points_in,std_msgs/msg/Int32,22152
1774524902.5341947,/metrics/pcl/back/processing_ms,std_msgs/msg/Float32,73.68595123291016
1774524902.634191,/metrics/pcl/back/detections_count,std_msgs/msg/Int32,28
1774524902.6343172,/metrics/pcl/back/points_in,std_msgs/msg/Int32,22152
1774524902.6343875,/metrics/pcl/back/processing_ms,std_msgs/msg/Float32,74.11819458007812
1774524902.7317512,/metrics/pcl/back/detections_count,std_msgs/msg/Int32,28
1774524902.7318876,/metrics/pcl/back/points_in,std_msgs/msg/Int32,22152
1774524902.731967,/metrics/pcl/back/processing_ms,std_msgs/msg/Float32,75.39891052246094
1774524902.8315208,/metrics/pcl/back/detections_count,std_msgs/msg/Int32,33
1774524902.831646,/metrics/pcl/back/points_in,std_msgs/msg/Int32,22152
1774524902.8317235,/metrics/pcl/back/processing_ms,std_msgs/msg/Float32,74.32670593261719
1774524902.9314506,/metrics/pcl/back/detections_count,std_msgs/msg/Int32,33
1774524902.9315755,/metrics/pcl/back/points_in,std_msgs/msg/Int32,22152
1774524902.9316413,/metrics/pcl/back/processing_ms,std_msgs/msg/Float32,73.40729522705078
1774524903.031178,/metrics/pcl/back/detections_count,std_msgs/msg/Int32,34
1774524903.0313005,/metrics/pcl/back/points_in,std_msgs/msg/Int32,22152
1774524903.0313714,/metrics/pcl/back/processing_ms,std_msgs/msg/Float32,72.412353515625
1774524903.131174,/metrics/pcl/back/detections_count,std_msgs/msg/Int32,35
1774524903.1313016,/metrics/pcl/back/points_in,std_msgs/msg/Int32,22152
1774524903.1313727,/metrics/pcl/back/processing_ms,std_msgs/msg/Float32,71.48361206054688
1774524903.2310884,/metrics/pcl/back/detections_count,std_msgs/msg/Int32,34
1774524903.2312453,/metrics/pcl/back/points_in,std_msgs/msg/Int32,22152
1774524903.2313297,/metrics/pcl/back/processing_ms,std_msgs/msg/Float32,71.4369888305664
1774524903.3287115,/metrics/pcl/back/detections_count,std_msgs/msg/Int32,37
1774524903.3288865,/metrics/pcl/back/points_in,std_msgs/msg/Int32,22152
1774524903.328941,/metrics/pcl/back/processing_ms,std_msgs/msg/Float32,71.42152404785156
1774524903.4330409,/metrics/pcl/back/detections_count,std_msgs/msg/Int32,34
1774524903.4331715,/metrics/pcl/back/points_in,std_msgs/msg/Int32,22152
1774524903.4332402,/metrics/pcl/back/processing_ms,std_msgs/msg/Float32,75.009033203125
1774524903.5302503,/metrics/pcl/back/detections_count,std_msgs/msg/Int32,36
1774524903.5303824,/metrics/pcl/back/points_in,std_msgs/msg/Int32,22152
1774524903.5304563,/metrics/pcl/back/processing_ms,std_msgs/msg/Float32,72.04511260986328
1774524903.6327739,/metrics/pcl/back/detections_count,std_msgs/msg/Int32,42
1774524903.6328874,/metrics/pcl/back/points_in,std_msgs/msg/Int32,22152
1774524903.6329508,/metrics/pcl/back/processing_ms,std_msgs/msg/Float32,73.3406982421875
1774524903.7323217,/metrics/pcl/back/detections_count,std_msgs/msg/Int32,36
1774524903.7324362,/metrics/pcl/back/points_in,std_msgs/msg/Int32,22152
1774524903.7324996,/metrics/pcl/back/processing_ms,std_msgs/msg/Float32,73.06147766113281
1774524903.8326275,/metrics/pcl/back/detections_count,std_msgs/msg/Int32,33
1774524903.8327522,/metrics/pcl/back/points_in,std_msgs/msg/Int32,22152
1774524903.8328168,/metrics/pcl/back/processing_ms,std_msgs/msg/Float32,72.5263671875
1774524903.9311101,/metrics/pcl/back/detections_count,std_msgs/msg/Int32,33
1774524903.9312358,/metrics/pcl/back/points_in,std_msgs/msg/Int32,22152
1774524903.9313114,/metrics/pcl/back/processing_ms,std_msgs/msg/Float32,74.13021850585938
1774524904.0314698,/metrics/pcl/back/detections_count,std_msgs/msg/Int32,39
1774524904.031588,/metrics/pcl/back/points_in,std_msgs/msg/Int32,22152
1774524904.0316575,/metrics/pcl/back/processing_ms,std_msgs/msg/Float32,74.10832977294922
1774524904.134943,/metrics/pcl/back/detections_count,std_msgs/msg/Int32,35
1774524904.1350486,/metrics/pcl/back/points_in,std_msgs/msg/Int32,22152
1774524904.1351027,/metrics/pcl/back/processing_ms,std_msgs/msg/Float32,76.25972747802734
1774524904.235676,/metrics/pcl/back/detections_count,std_msgs/msg/Int32,39
1774524904.2358,/metrics/pcl/back/points_in,std_msgs/msg/Int32,22152
1774524904.235857,/metrics/pcl/back/processing_ms,std_msgs/msg/Float32,76.81655883789062
1774524904.3368642,/metrics/pcl/back/detections_count,std_msgs/msg/Int32,41
1774524904.3369803,/metrics/pcl/back/points_in,std_msgs/msg/Int32,22152
1774524904.3370445,/metrics/pcl/back/processing_ms,std_msgs/msg/Float32,77.36831665039062
1774524904.4387734,/metrics/pcl/back/detections_count,std_msgs/msg/Int32,35
1774524904.4388857,/metrics/pcl/back/points_in,std_msgs/msg/Int32,22152
1774524904.4389446,/metrics/pcl/back/processing_ms,std_msgs/msg/Float32,82.34931945800781
1774524904.5383039,/metrics/pcl/back/detections_count,std_msgs/msg/Int32,34
1774524904.5384195,/metrics/pcl/back/points_in,std_msgs/msg/Int32,22152
1774524904.5384848,/metrics/pcl/back/processing_ms,std_msgs/msg/Float32,81.10082244873047
1774524904.6366093,/metrics/pcl/back/detections_count,std_msgs/msg/Int32,36
1774524904.6367245,/metrics/pcl/back/points_in,std_msgs/msg/Int32,22152
1774524904.6367888,/metrics/pcl/back/processing_ms,std_msgs/msg/Float32,79.27245330810547
1774524904.7427938,/metrics/pcl/back/detections_count,std_msgs/msg/Int32,38
1774524904.7429752,/metrics/pcl/back/points_in,std_msgs/msg/Int32,22152
1774524904.7430377,/metrics/pcl/back/processing_ms,std_msgs/msg/Float32,84.14530944824219
1774524904.8388762,/metrics/pcl/back/detections_count,std_msgs/msg/Int32,36
1774524904.8389857,/metrics/pcl/back/points_in,std_msgs/msg/Int32,22152
1774524904.8390694,/metrics/pcl/back/processing_ms,std_msgs/msg/Float32,79.81847381591797
1774524904.939581,/metrics/pcl/back/detections_count,std_msgs/msg/Int32,32
1774524904.9396944,/metrics/pcl/back/points_in,std_msgs/msg/Int32,22152
1774524904.9397614,/metrics/pcl/back/processing_ms,std_msgs/msg/Float32,78.88198852539062
1774524905.035677,/metrics/pcl/back/detections_count,std_msgs/msg/Int32,34
1774524905.0357854,/metrics/pcl/back/points_in,std_msgs/msg/Int32,22152
1774524905.03585,/metrics/pcl/back/processing_ms,std_msgs/msg/Float32,78.71119689941406
1774524905.1328835,/metrics/pcl/back/detections_count,std_msgs/msg/Int32,39
1774524905.1330216,/metrics/pcl/back/points_in,std_msgs/msg/Int32,22152
1774524905.1330853,/metrics/pcl/back/processing_ms,std_msgs/msg/Float32,75.75410461425781
1774524905.23632,/metrics/pcl/back/detections_count,std_msgs/msg/Int32,35
1774524905.236442,/metrics/pcl/back/points_in,std_msgs/msg/Int32,22152
1774524905.236507,/metrics/pcl/back/processing_ms,std_msgs/msg/Float32,78.3388671875
1774524905.3367624,/metrics/pcl/back/detections_count,std_msgs/msg/Int32,36
1774524905.3368845,/metrics/pcl/back/points_in,std_msgs/msg/Int32,22152
1774524905.3369477,/metrics/pcl/back/processing_ms,std_msgs/msg/Float32,78.03276062011719
1774524905.441686,/metrics/pcl/back/detections_count,std_msgs/msg/Int32,37
1774524905.4418209,/metrics/pcl/back/points_in,std_msgs/msg/Int32,22152
1774524905.4418957,/metrics/pcl/back/processing_ms,std_msgs/msg/Float32,81.99993896484375
1774524905.5440097,/metrics/pcl/back/detections_count,std_msgs/msg/Int32,35
1774524905.5441473,/metrics/pcl/back/points_in,std_msgs/msg/Int32,22152
1774524905.5442216,/metrics/pcl/back/processing_ms,std_msgs/msg/Float32,83.50820922851562
1774524905.6374629,/metrics/pcl/back/detections_count,std_msgs/msg/Int32,37
1774524905.6376095,/metrics/pcl/back/points_in,std_msgs/msg/Int32,22152
1774524905.6377127,/metrics/pcl/back/processing_ms,std_msgs/msg/Float32,81.0184097290039
1774524905.7402368,/metrics/pcl/back/detections_count,std_msgs/msg/Int32,35
1774524905.740392,/metrics/pcl/back/points_in,std_msgs/msg/Int32,22152
1774524905.74047,/metrics/pcl/back/processing_ms,std_msgs/msg/Float32,82.66954040527344
1774524905.8383977,/metrics/pcl/back/detections_count,std_msgs/msg/Int32,37
1774524905.83852,/metrics/pcl/back/points_in,std_msgs/msg/Int32,22152
1774524905.8385851,/metrics/pcl/back/processing_ms,std_msgs/msg/Float32,80.05179595947266
1774524905.9391782,/metrics/pcl/back/detections_count,std_msgs/msg/Int32,38
1774524905.939313,/metrics/pcl/back/points_in,std_msgs/msg/Int32,22152
1774524905.9393833,/metrics/pcl/back/processing_ms,std_msgs/msg/Float32,79.73626708984375
1774524906.0404513,/metrics/pcl/back/detections_count,std_msgs/msg/Int32,34
1774524906.0405624,/metrics/pcl/back/points_in,std_msgs/msg/Int32,22152
1774524906.0406275,/metrics/pcl/back/processing_ms,std_msgs/msg/Float32,80.95711517333984
1774524906.141336,/metrics/pcl/back/detections_count,std_msgs/msg/Int32,35
1774524906.1414473,/metrics/pcl/back/points_in,std_msgs/msg/Int32,22152
1774524906.1415112,/metrics/pcl/back/processing_ms,std_msgs/msg/Float32,80.92512512207031
1774524906.2348545,/metrics/pcl/back/detections_count,std_msgs/msg/Int32,32
1774524906.2349756,/metrics/pcl/back/points_in,std_msgs/msg/Int32,22152
1774524906.2350311,/metrics/pcl/back/processing_ms,std_msgs/msg/Float32,77.79489135742188
1774524906.3360786,/metrics/pcl/back/detections_count,std_msgs/msg/Int32,37
1774524906.336284,/metrics/pcl/back/points_in,std_msgs/msg/Int32,22152
1774524906.3363671,/metrics/pcl/back/processing_ms,std_msgs/msg/Float32,78.2260513305664
1774524906.4327147,/metrics/pcl/back/detections_count,std_msgs/msg/Int32,37
1774524906.432841,/metrics/pcl/back/points_in,std_msgs/msg/Int32,22152
1774524906.432925,/metrics/pcl/back/processing_ms,std_msgs/msg/Float32,74.06959533691406
1774524906.534086,/metrics/pcl/back/detections_count,std_msgs/msg/Int32,32
1774524906.5342517,/metrics/pcl/back/points_in,std_msgs/msg/Int32,22152
1774524906.53438,/metrics/pcl/back/processing_ms,std_msgs/msg/Float32,74.31900787353516
1774524906.6345198,/metrics/pcl/back/detections_count,std_msgs/msg/Int32,38
1774524906.6346517,/metrics/pcl/back/points_in,std_msgs/msg/Int32,22152
1774524906.6347156,/metrics/pcl/back/processing_ms,std_msgs/msg/Float32,74.25920104980469
1774524906.7343822,/metrics/pcl/back/detections_count,std_msgs/msg/Int32,36
1774524906.7344923,/metrics/pcl/back/points_in,std_msgs/msg/Int32,22152
1774524906.7345552,/metrics/pcl/back/processing_ms,std_msgs/msg/Float32,78.02902221679688
1774524906.839097,/metrics/pcl/back/detections_count,std_msgs/msg/Int32,36
1774524906.8392198,/metrics/pcl/back/points_in,std_msgs/msg/Int32,22152
1774524906.8392932,/metrics/pcl/back/processing_ms,std_msgs/msg/Float32,81.38285064697266
1774524906.9385173,/metrics/pcl/back/detections_count,std_msgs/msg/Int32,31
1774524906.9386344,/metrics/pcl/back/points_in,std_msgs/msg/Int32,22152
1774524906.9386997,/metrics/pcl/back/processing_ms,std_msgs/msg/Float32,80.59587860107422
1774524907.037791,/metrics/pcl/back/detections_count,std_msgs/msg/Int32,32
1774524907.0379012,/metrics/pcl/back/points_in,std_msgs/msg/Int32,22152
1774524907.0379648,/metrics/pcl/back/processing_ms,std_msgs/msg/Float32,79.65052032470703
1774524907.1374073,/metrics/pcl/back/detections_count,std_msgs/msg/Int32,34
1774524907.1375573,/metrics/pcl/back/points_in,std_msgs/msg/Int32,22152
1774524907.1376545,/metrics/pcl/back/processing_ms,std_msgs/msg/Float32,77.52435302734375
1774524907.235236,/metrics/pcl/back/detections_count,std_msgs/msg/Int32,33
1774524907.2353868,/metrics/pcl/back/points_in,std_msgs/msg/Int32,22152
1774524907.2354782,/metrics/pcl/back/processing_ms,std_msgs/msg/Float32,75.48778533935547
1774524907.3330476,/metrics/pcl/back/detections_count,std_msgs/msg/Int32,32
1774524907.333205,/metrics/pcl/back/points_in,std_msgs/msg/Int32,22152
1774524907.3332598,/metrics/pcl/back/processing_ms,std_msgs/msg/Float32,75.63118743896484
1774524907.4335554,/metrics/pcl/back/detections_count,std_msgs/msg/Int32,34
1774524907.4336612,/metrics/pcl/back/points_in,std_msgs/msg/Int32,22152
1774524907.4337158,/metrics/pcl/back/processing_ms,std_msgs/msg/Float32,75.96240234375
1774524907.5330274,/metrics/pcl/back/detections_count,std_msgs/msg/Int32,33
1774524907.5331566,/metrics/pcl/back/points_in,std_msgs/msg/Int32,22152
1774524907.53322,/metrics/pcl/back/processing_ms,std_msgs/msg/Float32,75.01903533935547
1774524907.6329265,/metrics/pcl/back/detections_count,std_msgs/msg/Int32,35
1774524907.6330366,/metrics/pcl/back/points_in,std_msgs/msg/Int32,22152
1774524907.6330907,/metrics/pcl/back/processing_ms,std_msgs/msg/Float32,74.13789367675781
1774524907.7392313,/metrics/pcl/back/detections_count,std_msgs/msg/Int32,35
1774524907.739371,/metrics/pcl/back/points_in,std_msgs/msg/Int32,22152
1774524907.739438,/metrics/pcl/back/processing_ms,std_msgs/msg/Float32,79.5575942993164
1774524907.8351288,/metrics/pcl/back/detections_count,std_msgs/msg/Int32,30
1774524907.8352504,/metrics/pcl/back/points_in,std_msgs/msg/Int32,22152
1774524907.8353257,/metrics/pcl/back/processing_ms,std_msgs/msg/Float32,74.76972961425781
1774524907.931639,/metrics/pcl/back/detections_count,std_msgs/msg/Int32,35
1774524907.9317777,/metrics/pcl/back/points_in,std_msgs/msg/Int32,22152
1774524907.9318483,/metrics/pcl/back/processing_ms,std_msgs/msg/Float32,74.84507751464844
1774524908.0339065,/metrics/pcl/back/detections_count,std_msgs/msg/Int32,30
1774524908.0340354,/metrics/pcl/back/points_in,std_msgs/msg/Int32,22152
1774524908.0341105,/metrics/pcl/back/processing_ms,std_msgs/msg/Float32,76.25761413574219
1774524908.1355054,/metrics/pcl/back/detections_count,std_msgs/msg/Int32,30
1774524908.1356113,/metrics/pcl/back/points_in,std_msgs/msg/Int32,22152
1774524908.135665,/metrics/pcl/back/processing_ms,std_msgs/msg/Float32,76.93843841552734
1774524908.2358088,/metrics/pcl/back/detections_count,std_msgs/msg/Int32,36
1774524908.2359216,/metrics/pcl/back/points_in,std_msgs/msg/Int32,22152
1774524908.2359757,/metrics/pcl/back/processing_ms,std_msgs/msg/Float32,76.62557983398438
1774524908.338861,/metrics/pcl/back/detections_count,std_msgs/msg/Int32,34
1774524908.3389866,/metrics/pcl/back/points_in,std_msgs/msg/Int32,22152
1774524908.3390524,/metrics/pcl/back/processing_ms,std_msgs/msg/Float32,79.86756896972656
1774524908.437467,/metrics/pcl/back/detections_count,std_msgs/msg/Int32,34
1774524908.437589,/metrics/pcl/back/points_in,std_msgs/msg/Int32,22152
1774524908.4376535,/metrics/pcl/back/processing_ms,std_msgs/msg/Float32,77.11175537109375
1774524908.5334847,/metrics/pcl/back/detections_count,std_msgs/msg/Int32,33
1774524908.5336256,/metrics/pcl/back/points_in,std_msgs/msg/Int32,22152
1774524908.533706,/metrics/pcl/back/processing_ms,std_msgs/msg/Float32,76.74629974365234
1774524908.6347594,/metrics/pcl/back/detections_count,std_msgs/msg/Int32,33
1774524908.6348891,/metrics/pcl/back/points_in,std_msgs/msg/Int32,22152
1774524908.6349614,/metrics/pcl/back/processing_ms,std_msgs/msg/Float32,77.05925750732422
1774524908.7330248,/metrics/pcl/back/detections_count,std_msgs/msg/Int32,35
1774524908.7331543,/metrics/pcl/back/points_in,std_msgs/msg/Int32,22152
1774524908.7332177,/metrics/pcl/back/processing_ms,std_msgs/msg/Float32,74.67168426513672
1774524908.832263,/metrics/pcl/back/detections_count,std_msgs/msg/Int32,34
1774524908.8324416,/metrics/pcl/back/points_in,std_msgs/msg/Int32,22152
1774524908.8325012,/metrics/pcl/back/processing_ms,std_msgs/msg/Float32,73.22689819335938
1774524908.9340482,/metrics/pcl/back/detections_count,std_msgs/msg/Int32,34
1774524908.9341648,/metrics/pcl/back/points_in,std_msgs/msg/Int32,22152
1774524908.9342427,/metrics/pcl/back/processing_ms,std_msgs/msg/Float32,73.62696838378906
1774524909.0326095,/metrics/pcl/back/detections_count,std_msgs/msg/Int32,33
1774524909.032849,/metrics/pcl/back/points_in,std_msgs/msg/Int32,22152
1774524909.0329473,/metrics/pcl/back/processing_ms,std_msgs/msg/Float32,76.10125732421875
1774524909.1350245,/metrics/pcl/back/detections_count,std_msgs/msg/Int32,33
1774524909.1351655,/metrics/pcl/back/points_in,std_msgs/msg/Int32,22152
1774524909.1352432,/metrics/pcl/back/processing_ms,std_msgs/msg/Float32,76.93012237548828
1774524909.2359579,/metrics/pcl/back/detections_count,std_msgs/msg/Int32,38
1774524909.2360706,/metrics/pcl/back/points_in,std_msgs/msg/Int32,22152
1774524909.2361405,/metrics/pcl/back/processing_ms,std_msgs/msg/Float32,78.36901092529297
1774524909.3364747,/metrics/pcl/back/detections_count,std_msgs/msg/Int32,32
1774524909.3365898,/metrics/pcl/back/points_in,std_msgs/msg/Int32,22152
1774524909.336655,/metrics/pcl/back/processing_ms,std_msgs/msg/Float32,78.09280395507812
1774524909.4373903,/metrics/pcl/back/detections_count,std_msgs/msg/Int32,38
1774524909.4375098,/metrics/pcl/back/points_in,std_msgs/msg/Int32,22152
1774524909.4375756,/metrics/pcl/back/processing_ms,std_msgs/msg/Float32,77.99492645263672
1774524909.5397065,/metrics/pcl/back/detections_count,std_msgs/msg/Int32,31
1774524909.539846,/metrics/pcl/back/points_in,std_msgs/msg/Int32,22152
1774524909.5399156,/metrics/pcl/back/processing_ms,std_msgs/msg/Float32,79.93511962890625
1774524909.6363757,/metrics/pcl/back/detections_count,std_msgs/msg/Int32,33
1774524909.6365116,/metrics/pcl/back/points_in,std_msgs/msg/Int32,22152
1774524909.6365945,/metrics/pcl/back/processing_ms,std_msgs/msg/Float32,79.85357666015625
1774524909.7374542,/metrics/pcl/back/detections_count,std_msgs/msg/Int32,34
1774524909.7375667,/metrics/pcl/back/points_in,std_msgs/msg/Int32,22152
1774524909.7376297,/metrics/pcl/back/processing_ms,std_msgs/msg/Float32,79.73825073242188
1774524909.8380303,/metrics/pcl/back/detections_count,std_msgs/msg/Int32,38
1774524909.8381386,/metrics/pcl/back/points_in,std_msgs/msg/Int32,22152
1774524909.8382034,/metrics/pcl/back/processing_ms,std_msgs/msg/Float32,79.58780670166016
1774524909.9397812,/metrics/pcl/back/detections_count,std_msgs/msg/Int32,34
1774524909.9399092,/metrics/pcl/back/points_in,std_msgs/msg/Int32,22152
1774524909.9399762,/metrics/pcl/back/processing_ms,std_msgs/msg/Float32,81.103271484375
1774524910.0437894,/metrics/pcl/back/detections_count,std_msgs/msg/Int32,32
1774524910.0439,/metrics/pcl/back/points_in,std_msgs/msg/Int32,22152
1774524910.043987,/metrics/pcl/back/processing_ms,std_msgs/msg/Float32,84.07495880126953
1774524910.1384385,/metrics/pcl/back/detections_count,std_msgs/msg/Int32,35
1774524910.1385517,/metrics/pcl/back/points_in,std_msgs/msg/Int32,22152
1774524910.1386144,/metrics/pcl/back/processing_ms,std_msgs/msg/Float32,78.48234558105469
1774524910.2353704,/metrics/pcl/back/detections_count,std_msgs/msg/Int32,37
1774524910.2354763,/metrics/pcl/back/points_in,std_msgs/msg/Int32,22152
1774524910.2355354,/metrics/pcl/back/processing_ms,std_msgs/msg/Float32,79.2217025756836
1774524910.3385782,/metrics/pcl/back/detections_count,std_msgs/msg/Int32,35
1774524910.338726,/metrics/pcl/back/points_in,std_msgs/msg/Int32,22152
1774524910.338822,/metrics/pcl/back/processing_ms,std_msgs/msg/Float32,81.06439208984375
1774524910.4461794,/metrics/pcl/back/detections_count,std_msgs/msg/Int32,35
1774524910.446346,/metrics/pcl/back/points_in,std_msgs/msg/Int32,22152
1774524910.4464753,/metrics/pcl/back/processing_ms,std_msgs/msg/Float32,88.48690032958984
1774524910.5410814,/metrics/pcl/back/detections_count,std_msgs/msg/Int32,35
1774524910.5412066,/metrics/pcl/back/points_in,std_msgs/msg/Int32,22152
1774524910.5412667,/metrics/pcl/back/processing_ms,std_msgs/msg/Float32,81.82121276855469
1774524910.6450334,/metrics/pcl/back/detections_count,std_msgs/msg/Int32,38
1774524910.6451514,/metrics/pcl/back/points_in,std_msgs/msg/Int32,22152
1774524910.6452065,/metrics/pcl/back/processing_ms,std_msgs/msg/Float32,85.15727996826172
1774524910.7427843,/metrics/pcl/back/detections_count,std_msgs/msg/Int32,37
1774524910.742909,/metrics/pcl/back/points_in,std_msgs/msg/Int32,22152
1774524910.742974,/metrics/pcl/back/processing_ms,std_msgs/msg/Float32,82.39955139160156
1774524910.8360002,/metrics/pcl/back/detections_count,std_msgs/msg/Int32,33
1774524910.8361225,/metrics/pcl/back/points_in,std_msgs/msg/Int32,22152
1774524910.8361886,/metrics/pcl/back/processing_ms,std_msgs/msg/Float32,79.26193237304688
1774524910.9353445,/metrics/pcl/back/detections_count,std_msgs/msg/Int32,37
1774524910.935455,/metrics/pcl/back/points_in,std_msgs/msg/Int32,22152
1774524910.9355123,/metrics/pcl/back/processing_ms,std_msgs/msg/Float32,77.70204162597656
1774524911.0338132,/metrics/pcl/back/detections_count,std_msgs/msg/Int32,36
1774524911.0339346,/metrics/pcl/back/points_in,std_msgs/msg/Int32,22152
1774524911.0339906,/metrics/pcl/back/processing_ms,std_msgs/msg/Float32,75.98448944091797
1774524911.1355512,/metrics/pcl/back/detections_count,std_msgs/msg/Int32,36
1774524911.1356676,/metrics/pcl/back/points_in,std_msgs/msg/Int32,22152
1774524911.135734,/metrics/pcl/back/processing_ms,std_msgs/msg/Float32,76.37242126464844
1774524911.2364378,/metrics/pcl/back/detections_count,std_msgs/msg/Int32,34
1774524911.236608,/metrics/pcl/back/points_in,std_msgs/msg/Int32,22152
1774524911.236668,/metrics/pcl/back/processing_ms,std_msgs/msg/Float32,76.41795349121094
1774524911.3330805,/metrics/pcl/back/detections_count,std_msgs/msg/Int32,33
1774524911.333207,/metrics/pcl/back/points_in,std_msgs/msg/Int32,22152
1774524911.333281,/metrics/pcl/back/processing_ms,std_msgs/msg/Float32,76.27926635742188
1774524911.4358351,/metrics/pcl/back/detections_count,std_msgs/msg/Int32,35
1774524911.4359546,/metrics/pcl/back/points_in,std_msgs/msg/Int32,22152
1774524911.4360106,/metrics/pcl/back/processing_ms,std_msgs/msg/Float32,78.1956787109375
1774524911.5349581,/metrics/pcl/back/detections_count,std_msgs/msg/Int32,35
1774524911.5350685,/metrics/pcl/back/points_in,std_msgs/msg/Int32,22152
1774524911.5351243,/metrics/pcl/back/processing_ms,std_msgs/msg/Float32,77.15402221679688
1774524911.6363351,/metrics/pcl/back/detections_count,std_msgs/msg/Int32,35
1774524911.6364543,/metrics/pcl/back/points_in,std_msgs/msg/Int32,22152
1774524911.636512,/metrics/pcl/back/processing_ms,std_msgs/msg/Float32,77.57855224609375
1774524911.7381384,/metrics/pcl/back/detections_count,std_msgs/msg/Int32,37
1774524911.738248,/metrics/pcl/back/points_in,std_msgs/msg/Int32,22152
1774524911.7383242,/metrics/pcl/back/processing_ms,std_msgs/msg/Float32,79.15880584716797
1774524911.836065,/metrics/pcl/back/detections_count,std_msgs/msg/Int32,37
1774524911.8361812,/metrics/pcl/back/points_in,std_msgs/msg/Int32,22152
1774524911.836246,/metrics/pcl/back/processing_ms,std_msgs/msg/Float32,75.98982238769531
1774524911.9338741,/metrics/pcl/back/detections_count,std_msgs/msg/Int32,32
1774524911.9340184,/metrics/pcl/back/points_in,std_msgs/msg/Int32,22152
1774524911.9341083,/metrics/pcl/back/processing_ms,std_msgs/msg/Float32,77.742919921875
1774524912.0338275,/metrics/pcl/back/detections_count,std_msgs/msg/Int32,37
1774524912.0339365,/metrics/pcl/back/points_in,std_msgs/msg/Int32,22152
1774524912.033991,/metrics/pcl/back/processing_ms,std_msgs/msg/Float32,76.94623565673828
1774524912.1346095,/metrics/pcl/back/detections_count,std_msgs/msg/Int32,33
1774524912.1347225,/metrics/pcl/back/points_in,std_msgs/msg/Int32,22152
1774524912.134786,/metrics/pcl/back/processing_ms,std_msgs/msg/Float32,76.42103576660156
1774524912.2355285,/metrics/pcl/back/detections_count,std_msgs/msg/Int32,38
1774524912.2356455,/metrics/pcl/back/points_in,std_msgs/msg/Int32,22152
1774524912.2357125,/metrics/pcl/back/processing_ms,std_msgs/msg/Float32,76.59959411621094
1774524912.3372192,/metrics/pcl/back/detections_count,std_msgs/msg/Int32,41
1774524912.3373458,/metrics/pcl/back/points_in,std_msgs/msg/Int32,22152
1774524912.337414,/metrics/pcl/back/processing_ms,std_msgs/msg/Float32,78.0337142944336
1774524912.438856,/metrics/pcl/back/detections_count,std_msgs/msg/Int32,33
1774524912.4389696,/metrics/pcl/back/points_in,std_msgs/msg/Int32,22152
1774524912.4390342,/metrics/pcl/back/processing_ms,std_msgs/msg/Float32,79.00861358642578
1774524912.534165,/metrics/pcl/back/detections_count,std_msgs/msg/Int32,36
1774524912.5342994,/metrics/pcl/back/points_in,std_msgs/msg/Int32,22152
1774524912.5343692,/metrics/pcl/back/processing_ms,std_msgs/msg/Float32,78.04769134521484
1774524912.6341288,/metrics/pcl/back/detections_count,std_msgs/msg/Int32,39
1774524912.6342428,/metrics/pcl/back/points_in,std_msgs/msg/Int32,22152
1774524912.6343884,/metrics/pcl/back/processing_ms,std_msgs/msg/Float32,77.01148986816406
1774524912.741456,/metrics/pcl/back/detections_count,std_msgs/msg/Int32,34
1774524912.7416046,/metrics/pcl/back/points_in,std_msgs/msg/Int32,22152
1774524912.741669,/metrics/pcl/back/processing_ms,std_msgs/msg/Float32,78.98989868164062
1774524912.84003,/metrics/pcl/back/detections_count,std_msgs/msg/Int32,37
1774524912.840176,/metrics/pcl/back/points_in,std_msgs/msg/Int32,22152
1774524912.8403285,/metrics/pcl/back/processing_ms,std_msgs/msg/Float32,78.2853012084961
1774524912.9370909,/metrics/pcl/back/detections_count,std_msgs/msg/Int32,40
1774524912.9372227,/metrics/pcl/back/points_in,std_msgs/msg/Int32,22152
1774524912.9373252,/metrics/pcl/back/processing_ms,std_msgs/msg/Float32,77.41142272949219
1774524913.037346,/metrics/pcl/back/detections_count,std_msgs/msg/Int32,32
1774524913.0374613,/metrics/pcl/back/points_in,std_msgs/msg/Int32,22152
1774524913.0375254,/metrics/pcl/back/processing_ms,std_msgs/msg/Float32,77.29539489746094
1774524913.135193,/metrics/pcl/back/detections_count,std_msgs/msg/Int32,31
1774524913.135316,/metrics/pcl/back/points_in,std_msgs/msg/Int32,22152
1774524913.1353853,/metrics/pcl/back/processing_ms,std_msgs/msg/Float32,78.90724182128906
1774524913.235656,/metrics/pcl/back/detections_count,std_msgs/msg/Int32,32
1774524913.235766,/metrics/pcl/back/points_in,std_msgs/msg/Int32,22152
1774524913.2358344,/metrics/pcl/back/processing_ms,std_msgs/msg/Float32,78.20221710205078
1774524913.335644,/metrics/pcl/back/detections_count,std_msgs/msg/Int32,37
1774524913.335743,/metrics/pcl/back/points_in,std_msgs/msg/Int32,22152
1774524913.335798,/metrics/pcl/back/processing_ms,std_msgs/msg/Float32,77.92774200439453
1774524913.4354508,/metrics/pcl/back/detections_count,std_msgs/msg/Int32,38
1774524913.4355497,/metrics/pcl/back/points_in,std_msgs/msg/Int32,22152
1774524913.4356039,/metrics/pcl/back/processing_ms,std_msgs/msg/Float32,77.04605102539062
1774524913.5374866,/metrics/pcl/back/detections_count,std_msgs/msg/Int32,33
1774524913.5376263,/metrics/pcl/back/processing_ms,std_msgs/msg/Float32,77.85896301269531
1774524913.5379298,/metrics/pcl/back/points_in,std_msgs/msg/Int32,22152
1774524913.6411247,/metrics/pcl/back/detections_count,std_msgs/msg/Int32,34
1774524913.6412508,/metrics/pcl/back/points_in,std_msgs/msg/Int32,22152
1774524913.6414068,/metrics/pcl/back/processing_ms,std_msgs/msg/Float32,81.27029418945312
1774524913.7337122,/metrics/pcl/back/detections_count,std_msgs/msg/Int32,34
1774524913.7338612,/metrics/pcl/back/points_in,std_msgs/msg/Int32,22152
1774524913.7339647,/metrics/pcl/back/processing_ms,std_msgs/msg/Float32,76.55018615722656
1774524913.8338928,/metrics/pcl/back/detections_count,std_msgs/msg/Int32,34
1774524913.8340342,/metrics/pcl/back/points_in,std_msgs/msg/Int32,22152
1774524913.8341358,/metrics/pcl/back/processing_ms,std_msgs/msg/Float32,76.58558654785156
1774524913.938102,/metrics/pcl/back/detections_count,std_msgs/msg/Int32,33
1774524913.9382374,/metrics/pcl/back/points_in,std_msgs/msg/Int32,22152
1774524913.9383152,/metrics/pcl/back/processing_ms,std_msgs/msg/Float32,80.11479949951172
1774524914.0374258,/metrics/pcl/back/detections_count,std_msgs/msg/Int32,35
1774524914.0375412,/metrics/pcl/back/points_in,std_msgs/msg/Int32,22152
1774524914.037608,/metrics/pcl/back/processing_ms,std_msgs/msg/Float32,78.81644439697266
1774524914.13678,/metrics/pcl/back/detections_count,std_msgs/msg/Int32,35
1774524914.136898,/metrics/pcl/back/points_in,std_msgs/msg/Int32,22152
1774524914.136975,/metrics/pcl/back/processing_ms,std_msgs/msg/Float32,77.1922378540039
1774524914.2368867,/metrics/pcl/back/detections_count,std_msgs/msg/Int32,36
1774524914.2369986,/metrics/pcl/back/points_in,std_msgs/msg/Int32,22152
1774524914.2370677,/metrics/pcl/back/processing_ms,std_msgs/msg/Float32,77.1987533569336
1774524914.334819,/metrics/pcl/back/detections_count,std_msgs/msg/Int32,33
1774524914.3349323,/metrics/pcl/back/points_in,std_msgs/msg/Int32,22152
1774524914.3349879,/metrics/pcl/back/processing_ms,std_msgs/msg/Float32,77.98591613769531
1774524914.4333358,/metrics/pcl/back/detections_count,std_msgs/msg/Int32,36
1774524914.4334545,/metrics/pcl/back/points_in,std_msgs/msg/Int32,22152
1774524914.4335096,/metrics/pcl/back/processing_ms,std_msgs/msg/Float32,75.9426498413086
1774524914.5344794,/metrics/pcl/back/detections_count,std_msgs/msg/Int32,34
1774524914.5346055,/metrics/pcl/back/points_in,std_msgs/msg/Int32,22152
1774524914.534677,/metrics/pcl/back/processing_ms,std_msgs/msg/Float32,76.11164093017578
1774524914.6349092,/metrics/pcl/back/detections_count,std_msgs/msg/Int32,35
1774524914.6350327,/metrics/pcl/back/points_in,std_msgs/msg/Int32,22152
1774524914.6350925,/metrics/pcl/back/processing_ms,std_msgs/msg/Float32,75.7806167602539
1774524914.7359374,/metrics/pcl/back/detections_count,std_msgs/msg/Int32,36
1774524914.7360632,/metrics/pcl/back/points_in,std_msgs/msg/Int32,22152
1774524914.7361193,/metrics/pcl/back/processing_ms,std_msgs/msg/Float32,76.49050903320312
1774524914.8369026,/metrics/pcl/back/detections_count,std_msgs/msg/Int32,38
1774524914.8370223,/metrics/pcl/back/points_in,std_msgs/msg/Int32,22152
1774524914.8370824,/metrics/pcl/back/processing_ms,std_msgs/msg/Float32,76.71275329589844
1774524914.933863,/metrics/pcl/back/detections_count,std_msgs/msg/Int32,34
1774524914.9339817,/metrics/pcl/back/points_in,std_msgs/msg/Int32,22152
1774524914.9340372,/metrics/pcl/back/processing_ms,std_msgs/msg/Float32,77.61812591552734
1774524915.0339413,/metrics/pcl/back/detections_count,std_msgs/msg/Int32,35
1774524915.0340626,/metrics/pcl/back/points_in,std_msgs/msg/Int32,22152
1774524915.0341194,/metrics/pcl/back/processing_ms,std_msgs/msg/Float32,76.54389190673828
1774524915.134919,/metrics/pcl/back/detections_count,std_msgs/msg/Int32,35
1774524915.13506,/metrics/pcl/back/points_in,std_msgs/msg/Int32,22152
1774524915.1351173,/metrics/pcl/back/processing_ms,std_msgs/msg/Float32,77.13461303710938
1774524915.2360432,/metrics/pcl/back/detections_count,std_msgs/msg/Int32,36
1774524915.2361643,/metrics/pcl/back/points_in,std_msgs/msg/Int32,22152
1774524915.2362201,/metrics/pcl/back/processing_ms,std_msgs/msg/Float32,77.05069732666016
1774524915.3376474,/metrics/pcl/back/detections_count,std_msgs/msg/Int32,36
1774524915.3377445,/metrics/pcl/back/points_in,std_msgs/msg/Int32,22152
1774524915.3377986,/metrics/pcl/back/processing_ms,std_msgs/msg/Float32,77.81595611572266
1774524915.4387088,/metrics/pcl/back/detections_count,std_msgs/msg/Int32,37
1774524915.4388235,/metrics/pcl/back/points_in,std_msgs/msg/Int32,22152
1774524915.438894,/metrics/pcl/back/processing_ms,std_msgs/msg/Float32,77.8502426147461
1774524915.5338378,/metrics/pcl/back/detections_count,std_msgs/msg/Int32,38
1774524915.533967,/metrics/pcl/back/points_in,std_msgs/msg/Int32,22152
1774524915.5340323,/metrics/pcl/back/processing_ms,std_msgs/msg/Float32,77.3659896850586
1774524915.634219,/metrics/pcl/back/detections_count,std_msgs/msg/Int32,33
1774524915.63437,/metrics/pcl/back/points_in,std_msgs/msg/Int32,22152
1774524915.6344404,/metrics/pcl/back/processing_ms,std_msgs/msg/Float32,76.77723693847656
1774524915.7381766,/metrics/pcl/back/detections_count,std_msgs/msg/Int32,39
1774524915.7383058,/metrics/pcl/back/points_in,std_msgs/msg/Int32,22152
1774524915.7383761,/metrics/pcl/back/processing_ms,std_msgs/msg/Float32,80.13177490234375
1774524915.8346775,/metrics/pcl/back/detections_count,std_msgs/msg/Int32,38
1774524915.8348067,/metrics/pcl/back/points_in,std_msgs/msg/Int32,22152
1774524915.834881,/metrics/pcl/back/processing_ms,std_msgs/msg/Float32,76.0948715209961
1774524915.9348788,/metrics/pcl/back/detections_count,std_msgs/msg/Int32,35
1774524915.934992,/metrics/pcl/back/points_in,std_msgs/msg/Int32,22152
1774524915.935058,/metrics/pcl/back/processing_ms,std_msgs/msg/Float32,75.43312072753906
1774524916.0358517,/metrics/pcl/back/detections_count,std_msgs/msg/Int32,34
1774524916.0359802,/metrics/pcl/back/points_in,std_msgs/msg/Int32,22152
1774524916.0360444,/metrics/pcl/back/processing_ms,std_msgs/msg/Float32,76.1396484375
1774524916.1334069,/metrics/pcl/back/detections_count,std_msgs/msg/Int32,36
1774524916.1336236,/metrics/pcl/back/points_in,std_msgs/msg/Int32,22152
1774524916.1337395,/metrics/pcl/back/processing_ms,std_msgs/msg/Float32,76.05523681640625
1774524916.2375374,/metrics/pcl/back/detections_count,std_msgs/msg/Int32,40
1774524916.2376525,/metrics/pcl/back/points_in,std_msgs/msg/Int32,22152
1774524916.2377195,/metrics/pcl/back/processing_ms,std_msgs/msg/Float32,79.57704162597656
1774524916.3338673,/metrics/pcl/back/detections_count,std_msgs/msg/Int32,39
1774524916.334013,/metrics/pcl/back/points_in,std_msgs/msg/Int32,22152
1774524916.3340926,/metrics/pcl/back/processing_ms,std_msgs/msg/Float32,75.9698257446289
1774524916.4362972,/metrics/pcl/back/detections_count,std_msgs/msg/Int32,38
1774524916.4364226,/metrics/pcl/back/points_in,std_msgs/msg/Int32,22152
1774524916.4364946,/metrics/pcl/back/processing_ms,std_msgs/msg/Float32,77.03523254394531
1774524916.5351925,/metrics/pcl/back/detections_count,std_msgs/msg/Int32,42
1774524916.5353525,/metrics/pcl/back/points_in,std_msgs/msg/Int32,22152
1774524916.535472,/metrics/pcl/back/processing_ms,std_msgs/msg/Float32,75.93170166015625
1774524916.636507,/metrics/pcl/back/detections_count,std_msgs/msg/Int32,38
1774524916.6366444,/metrics/pcl/back/points_in,std_msgs/msg/Int32,22152
1774524916.6367185,/metrics/pcl/back/processing_ms,std_msgs/msg/Float32,76.18999481201172
1774524916.7329469,/metrics/pcl/back/detections_count,std_msgs/msg/Int32,34
1774524916.7330625,/metrics/pcl/back/points_in,std_msgs/msg/Int32,22152
1774524916.7331269,/metrics/pcl/back/processing_ms,std_msgs/msg/Float32,75.71095275878906
1774524916.8329694,/metrics/pcl/back/detections_count,std_msgs/msg/Int32,36
1774524916.8331332,/metrics/pcl/back/points_in,std_msgs/msg/Int32,22152
1774524916.8332186,/metrics/pcl/back/processing_ms,std_msgs/msg/Float32,75.81437683105469
1774524916.93469,/metrics/pcl/back/detections_count,std_msgs/msg/Int32,38
1774524916.934869,/metrics/pcl/back/points_in,std_msgs/msg/Int32,22152
1774524916.9349337,/metrics/pcl/back/processing_ms,std_msgs/msg/Float32,76.06698608398438
1774524917.0350306,/metrics/pcl/back/detections_count,std_msgs/msg/Int32,38
1774524917.0351663,/metrics/pcl/back/points_in,std_msgs/msg/Int32,22152
1774524917.0352638,/metrics/pcl/back/processing_ms,std_msgs/msg/Float32,76.31468200683594
1774524917.1413515,/metrics/pcl/back/detections_count,std_msgs/msg/Int32,36
1774524917.1414943,/metrics/pcl/back/points_in,std_msgs/msg/Int32,22152
1774524917.141577,/metrics/pcl/back/processing_ms,std_msgs/msg/Float32,81.54472351074219
1774524917.2345707,/metrics/pcl/back/detections_count,std_msgs/msg/Int32,33
1774524917.2346687,/metrics/pcl/back/points_in,std_msgs/msg/Int32,22152
1774524917.2347255,/metrics/pcl/back/processing_ms,std_msgs/msg/Float32,78.09713745117188
1774524917.3329284,/metrics/pcl/back/detections_count,std_msgs/msg/Int32,37
1774524917.3330588,/metrics/pcl/back/points_in,std_msgs/msg/Int32,22152
1774524917.3331394,/metrics/pcl/back/processing_ms,std_msgs/msg/Float32,75.84619903564453
1774524917.4340405,/metrics/pcl/back/detections_count,std_msgs/msg/Int32,38
1774524917.4341528,/metrics/pcl/back/points_in,std_msgs/msg/Int32,22152
1774524917.4342105,/metrics/pcl/back/processing_ms,std_msgs/msg/Float32,76.63865661621094
1774524917.5344284,/metrics/pcl/back/detections_count,std_msgs/msg/Int32,32
1774524917.5345547,/metrics/pcl/back/points_in,std_msgs/msg/Int32,22152
1774524917.5346117,/metrics/pcl/back/processing_ms,std_msgs/msg/Float32,76.27314758300781
1774524917.637336,/metrics/pcl/back/detections_count,std_msgs/msg/Int32,31
1774524917.6374853,/metrics/pcl/back/points_in,std_msgs/msg/Int32,22152
1774524917.6375499,/metrics/pcl/back/processing_ms,std_msgs/msg/Float32,77.68961334228516
1774524917.7424467,/metrics/pcl/back/detections_count,std_msgs/msg/Int32,32
1774524917.7425811,/metrics/pcl/back/points_in,std_msgs/msg/Int32,22152
1774524917.7426481,/metrics/pcl/back/processing_ms,std_msgs/msg/Float32,82.67233276367188
1774524917.8396947,/metrics/pcl/back/detections_count,std_msgs/msg/Int32,36
1774524917.8398118,/metrics/pcl/back/points_in,std_msgs/msg/Int32,22152
1774524917.8398838,/metrics/pcl/back/processing_ms,std_msgs/msg/Float32,83.20630645751953
1774524917.9338253,/metrics/pcl/back/detections_count,std_msgs/msg/Int32,37
1774524917.9339557,/metrics/pcl/back/points_in,std_msgs/msg/Int32,22152
1774524917.934039,/metrics/pcl/back/processing_ms,std_msgs/msg/Float32,77.17840576171875
1774524918.036541,/metrics/pcl/back/detections_count,std_msgs/msg/Int32,36
1774524918.036654,/metrics/pcl/back/points_in,std_msgs/msg/Int32,22152
1774524918.036719,/metrics/pcl/back/processing_ms,std_msgs/msg/Float32,78.66690826416016
1774524918.135587,/metrics/pcl/back/detections_count,std_msgs/msg/Int32,39
1774524918.135712,/metrics/pcl/back/points_in,std_msgs/msg/Int32,22152
1774524918.1357863,/metrics/pcl/back/processing_ms,std_msgs/msg/Float32,77.6169662475586
1774524918.2409344,/metrics/pcl/back/detections_count,std_msgs/msg/Int32,36
1774524918.2410522,/metrics/pcl/back/points_in,std_msgs/msg/Int32,22152
1774524918.2411175,/metrics/pcl/back/processing_ms,std_msgs/msg/Float32,82.10617065429688
1774524918.336882,/metrics/pcl/back/detections_count,std_msgs/msg/Int32,38
1774524918.3370125,/metrics/pcl/back/points_in,std_msgs/msg/Int32,22152
1774524918.337082,/metrics/pcl/back/processing_ms,std_msgs/msg/Float32,76.79937744140625
1774524918.4326603,/metrics/pcl/back/detections_count,std_msgs/msg/Int32,35
1774524918.4327986,/metrics/pcl/back/points_in,std_msgs/msg/Int32,22152
1774524918.432863,/metrics/pcl/back/processing_ms,std_msgs/msg/Float32,76.83543395996094
1774524918.5339322,/metrics/pcl/back/detections_count,std_msgs/msg/Int32,36
1774524918.534066,/metrics/pcl/back/points_in,std_msgs/msg/Int32,22152
1774524918.5341365,/metrics/pcl/back/processing_ms,std_msgs/msg/Float32,76.5079345703125
1774524918.6368208,/metrics/pcl/back/detections_count,std_msgs/msg/Int32,38
1774524918.6369421,/metrics/pcl/back/points_in,std_msgs/msg/Int32,22152
1774524918.6370096,/metrics/pcl/back/processing_ms,std_msgs/msg/Float32,79.30191040039062
1774524918.7362518,/metrics/pcl/back/detections_count,std_msgs/msg/Int32,37
1774524918.7363827,/metrics/pcl/back/points_in,std_msgs/msg/Int32,22152
1774524918.7364383,/metrics/pcl/back/processing_ms,std_msgs/msg/Float32,77.66266632080078
1774524918.8369637,/metrics/pcl/back/detections_count,std_msgs/msg/Int32,33
1774524918.8371103,/metrics/pcl/back/points_in,std_msgs/msg/Int32,22152
1774524918.837207,/metrics/pcl/back/processing_ms,std_msgs/msg/Float32,78.47278594970703
1774524918.937296,/metrics/pcl/back/detections_count,std_msgs/msg/Int32,36
1774524918.937427,/metrics/pcl/back/points_in,std_msgs/msg/Int32,22152
1774524918.9374945,/metrics/pcl/back/processing_ms,std_msgs/msg/Float32,77.84190368652344
1774524919.0336185,/metrics/pcl/back/detections_count,std_msgs/msg/Int32,35
1774524919.0337317,/metrics/pcl/back/points_in,std_msgs/msg/Int32,22152
1774524919.0337865,/metrics/pcl/back/processing_ms,std_msgs/msg/Float32,77.43537902832031
1774524919.1331716,/metrics/pcl/back/detections_count,std_msgs/msg/Int32,35
1774524919.133301,/metrics/pcl/back/points_in,std_msgs/msg/Int32,22152
1774524919.1333616,/metrics/pcl/back/processing_ms,std_msgs/msg/Float32,75.63233947753906
1774524919.2338927,/metrics/pcl/back/detections_count,std_msgs/msg/Int32,35
1774524919.2340188,/metrics/pcl/back/points_in,std_msgs/msg/Int32,22152
1774524919.2340763,/metrics/pcl/back/processing_ms,std_msgs/msg/Float32,76.28042602539062
1774524919.3368628,/metrics/pcl/back/detections_count,std_msgs/msg/Int32,36
1774524919.336977,/metrics/pcl/back/points_in,std_msgs/msg/Int32,22152
1774524919.337031,/metrics/pcl/back/processing_ms,std_msgs/msg/Float32,77.91803741455078
1774524919.437728,/metrics/pcl/back/detections_count,std_msgs/msg/Int32,34
1774524919.4378417,/metrics/pcl/back/points_in,std_msgs/msg/Int32,22152
1774524919.4379067,/metrics/pcl/back/processing_ms,std_msgs/msg/Float32,78.01876068115234
1774524919.5366688,/metrics/pcl/back/detections_count,std_msgs/msg/Int32,36
1774524919.5367868,/metrics/pcl/back/points_in,std_msgs/msg/Int32,22152
1774524919.5368435,/metrics/pcl/back/processing_ms,std_msgs/msg/Float32,76.81621551513672
1774524919.6345713,/metrics/pcl/back/detections_count,std_msgs/msg/Int32,34
1774524919.634683,/metrics/pcl/back/points_in,std_msgs/msg/Int32,22152
1774524919.6347454,/metrics/pcl/back/processing_ms,std_msgs/msg/Float32,78.086181640625
1774524919.7348297,/metrics/pcl/back/detections_count,std_msgs/msg/Int32,34
1774524919.7349446,/metrics/pcl/back/points_in,std_msgs/msg/Int32,22152
1774524919.734999,/metrics/pcl/back/processing_ms,std_msgs/msg/Float32,78.05058288574219
1774524919.8349178,/metrics/pcl/back/detections_count,std_msgs/msg/Int32,34
1774524919.8350618,/metrics/pcl/back/points_in,std_msgs/msg/Int32,22152
1774524919.8351588,/metrics/pcl/back/processing_ms,std_msgs/msg/Float32,77.54839324951172
1774524919.9442043,/metrics/pcl/back/detections_count,std_msgs/msg/Int32,35
1774524919.9443285,/metrics/pcl/back/points_in,std_msgs/msg/Int32,22152
1774524919.9443858,/metrics/pcl/back/processing_ms,std_msgs/msg/Float32,85.30584716796875
1774524920.036782,/metrics/pcl/back/detections_count,std_msgs/msg/Int32,37
1774524920.0369902,/metrics/pcl/back/points_in,std_msgs/msg/Int32,22152
1774524920.0370772,/metrics/pcl/back/processing_ms,std_msgs/msg/Float32,77.54487609863281
1774524920.1379657,/metrics/pcl/back/detections_count,std_msgs/msg/Int32,39
1774524920.1380863,/metrics/pcl/back/points_in,std_msgs/msg/Int32,22152
1774524920.1381567,/metrics/pcl/back/processing_ms,std_msgs/msg/Float32,77.32538604736328
1774524920.2311347,/metrics/pcl/back/detections_count,std_msgs/msg/Int32,39
1774524920.231264,/metrics/pcl/back/processing_ms,std_msgs/msg/Float32,75.07756805419922
1774524920.2314517,/metrics/pcl/back/points_in,std_msgs/msg/Int32,22152
1774524920.3354082,/metrics/pcl/back/detections_count,std_msgs/msg/Int32,34
1774524920.3355284,/metrics/pcl/back/points_in,std_msgs/msg/Int32,22152
1774524920.3355932,/metrics/pcl/back/processing_ms,std_msgs/msg/Float32,78.53471374511719
1774524920.4367614,/metrics/pcl/back/detections_count,std_msgs/msg/Int32,36
1774524920.4368727,/metrics/pcl/back/points_in,std_msgs/msg/Int32,22152
1774524920.4369369,/metrics/pcl/back/processing_ms,std_msgs/msg/Float32,78.36064147949219
1774524920.5349345,/metrics/pcl/back/detections_count,std_msgs/msg/Int32,34
1774524920.5350463,/metrics/pcl/back/points_in,std_msgs/msg/Int32,22152
1774524920.5351095,/metrics/pcl/back/processing_ms,std_msgs/msg/Float32,76.37516021728516
1774524920.6402888,/metrics/pcl/back/detections_count,std_msgs/msg/Int32,32
1774524920.6404073,/metrics/pcl/back/points_in,std_msgs/msg/Int32,22152
1774524920.640473,/metrics/pcl/back/processing_ms,std_msgs/msg/Float32,81.1239242553711
1774524920.7366774,/metrics/pcl/back/detections_count,std_msgs/msg/Int32,33
1774524920.736837,/metrics/pcl/back/points_in,std_msgs/msg/Int32,22152
1774524920.7369113,/metrics/pcl/back/processing_ms,std_msgs/msg/Float32,76.5416030883789
1774524920.8324952,/metrics/pcl/back/detections_count,std_msgs/msg/Int32,38
1774524920.8326125,/metrics/pcl/back/points_in,std_msgs/msg/Int32,22152
1774524920.8326776,/metrics/pcl/back/processing_ms,std_msgs/msg/Float32,76.16056823730469
1774524920.9330792,/metrics/pcl/back/detections_count,std_msgs/msg/Int32,34
1774524920.9332528,/metrics/pcl/back/points_in,std_msgs/msg/Int32,22152
1774524920.9333925,/metrics/pcl/back/processing_ms,std_msgs/msg/Float32,75.40802001953125
1774524921.0343127,/metrics/pcl/back/detections_count,std_msgs/msg/Int32,35
1774524921.034413,/metrics/pcl/back/points_in,std_msgs/msg/Int32,22152
1774524921.0344665,/metrics/pcl/back/processing_ms,std_msgs/msg/Float32,76.1271743774414
1774524921.134312,/metrics/pcl/back/detections_count,std_msgs/msg/Int32,38
1774524921.134431,/metrics/pcl/back/points_in,std_msgs/msg/Int32,22152
1774524921.1344888,/metrics/pcl/back/processing_ms,std_msgs/msg/Float32,75.75836944580078
1774524921.2355328,/metrics/pcl/back/detections_count,std_msgs/msg/Int32,39
1774524921.2356443,/metrics/pcl/back/points_in,std_msgs/msg/Int32,22152
1774524921.2357085,/metrics/pcl/back/processing_ms,std_msgs/msg/Float32,76.33601379394531
1774524921.3356302,/metrics/pcl/back/detections_count,std_msgs/msg/Int32,36
1774524921.3357432,/metrics/pcl/back/points_in,std_msgs/msg/Int32,22152
1774524921.3357975,/metrics/pcl/back/processing_ms,std_msgs/msg/Float32,76.09770965576172
1774524921.4330952,/metrics/pcl/back/detections_count,std_msgs/msg/Int32,33
1774524921.4332168,/metrics/pcl/back/points_in,std_msgs/msg/Int32,22152
1774524921.4333043,/metrics/pcl/back/processing_ms,std_msgs/msg/Float32,76.70230102539062
1774524921.5347006,/metrics/pcl/back/detections_count,std_msgs/msg/Int32,37
1774524921.5348094,/metrics/pcl/back/points_in,std_msgs/msg/Int32,22152
1774524921.5348659,/metrics/pcl/back/processing_ms,std_msgs/msg/Float32,77.6464614868164
1774524921.633783,/metrics/pcl/back/detections_count,std_msgs/msg/Int32,36
1774524921.6339202,/metrics/pcl/back/points_in,std_msgs/msg/Int32,22152
1774524921.6339893,/metrics/pcl/back/processing_ms,std_msgs/msg/Float32,75.91465759277344
1774524921.7354934,/metrics/pcl/back/detections_count,std_msgs/msg/Int32,38
1774524921.7355928,/metrics/pcl/back/points_in,std_msgs/msg/Int32,22152
1774524921.735647,/metrics/pcl/back/processing_ms,std_msgs/msg/Float32,76.65984344482422
1774524921.8366578,/metrics/pcl/back/detections_count,std_msgs/msg/Int32,32
1774524921.8367717,/metrics/pcl/back/points_in,std_msgs/msg/Int32,22152
1774524921.8368356,/metrics/pcl/back/processing_ms,std_msgs/msg/Float32,77.18159484863281
1774524921.9370508,/metrics/pcl/back/detections_count,std_msgs/msg/Int32,33
1774524921.937174,/metrics/pcl/back/points_in,std_msgs/msg/Int32,22152
1774524921.9372401,/metrics/pcl/back/processing_ms,std_msgs/msg/Float32,77.16451263427734
1774524922.0348263,/metrics/pcl/back/detections_count,std_msgs/msg/Int32,34
1774524922.0349507,/metrics/pcl/back/points_in,std_msgs/msg/Int32,22152
1774524922.0350137,/metrics/pcl/back/processing_ms,std_msgs/msg/Float32,78.02147674560547
1774524922.1333306,/metrics/pcl/back/detections_count,std_msgs/msg/Int32,35
1774524922.1334395,/metrics/pcl/back/points_in,std_msgs/msg/Int32,22152
1774524922.1335025,/metrics/pcl/back/processing_ms,std_msgs/msg/Float32,76.05377960205078
1774524922.2332284,/metrics/pcl/back/detections_count,std_msgs/msg/Int32,32
1774524922.2333798,/metrics/pcl/back/points_in,std_msgs/msg/Int32,22152
1774524922.2334504,/metrics/pcl/back/processing_ms,std_msgs/msg/Float32,75.56122589111328
1774524922.3363829,/metrics/pcl/back/detections_count,std_msgs/msg/Int32,36
1774524922.336522,/metrics/pcl/back/points_in,std_msgs/msg/Int32,22152
1774524922.336587,/metrics/pcl/back/processing_ms,std_msgs/msg/Float32,77.83453369140625
1774524922.4359632,/metrics/pcl/back/detections_count,std_msgs/msg/Int32,38
1774524922.4361537,/metrics/pcl/back/points_in,std_msgs/msg/Int32,22152
1774524922.4362378,/metrics/pcl/back/processing_ms,std_msgs/msg/Float32,76.51460266113281
1774524922.5375767,/metrics/pcl/back/detections_count,std_msgs/msg/Int32,35
1774524922.5377026,/metrics/pcl/back/points_in,std_msgs/msg/Int32,22152
1774524922.5377767,/metrics/pcl/back/processing_ms,std_msgs/msg/Float32,77.09762573242188
1774524922.6341715,/metrics/pcl/back/detections_count,std_msgs/msg/Int32,38
1774524922.6343184,/metrics/pcl/back/points_in,std_msgs/msg/Int32,22152
1774524922.6344025,/metrics/pcl/back/processing_ms,std_msgs/msg/Float32,77.15753173828125
1774524922.73494,/metrics/pcl/back/detections_count,std_msgs/msg/Int32,34
1774524922.735049,/metrics/pcl/back/points_in,std_msgs/msg/Int32,22152
1774524922.7351158,/metrics/pcl/back/processing_ms,std_msgs/msg/Float32,77.57595825195312
1774524922.8349316,/metrics/pcl/back/detections_count,std_msgs/msg/Int32,36
1774524922.835045,/metrics/pcl/back/points_in,std_msgs/msg/Int32,22152
1774524922.8351104,/metrics/pcl/back/processing_ms,std_msgs/msg/Float32,76.87152862548828
1774524922.935155,/metrics/pcl/back/detections_count,std_msgs/msg/Int32,39
1774524922.935267,/metrics/pcl/back/points_in,std_msgs/msg/Int32,22152
1774524922.9354055,/metrics/pcl/back/processing_ms,std_msgs/msg/Float32,76.50350189208984
1774524923.0358896,/metrics/pcl/back/detections_count,std_msgs/msg/Int32,39
1774524923.0360081,/metrics/pcl/back/points_in,std_msgs/msg/Int32,22152
1774524923.0360737,/metrics/pcl/back/processing_ms,std_msgs/msg/Float32,76.83998107910156
1774524923.1322625,/metrics/pcl/back/detections_count,std_msgs/msg/Int32,38
1774524923.132391,/metrics/pcl/back/points_in,std_msgs/msg/Int32,22152
1774524923.1324542,/metrics/pcl/back/processing_ms,std_msgs/msg/Float32,76.4040756225586
1774524923.2329185,/metrics/pcl/back/detections_count,std_msgs/msg/Int32,32
1774524923.233036,/metrics/pcl/back/points_in,std_msgs/msg/Int32,22152
1774524923.2331007,/metrics/pcl/back/processing_ms,std_msgs/msg/Float32,76.39689636230469
1774524923.3375413,/metrics/pcl/back/detections_count,std_msgs/msg/Int32,34
1774524923.3376698,/metrics/pcl/back/processing_ms,std_msgs/msg/Float32,79.43335723876953
1774524923.3378813,/metrics/pcl/back/points_in,std_msgs/msg/Int32,22152
1774524923.4352822,/metrics/pcl/back/detections_count,std_msgs/msg/Int32,34
1774524923.435437,/metrics/pcl/back/points_in,std_msgs/msg/Int32,22152
1774524923.4355135,/metrics/pcl/back/processing_ms,std_msgs/msg/Float32,77.04963684082031
1774524923.5356843,/metrics/pcl/back/detections_count,std_msgs/msg/Int32,37
1774524923.5358183,/metrics/pcl/back/points_in,std_msgs/msg/Int32,22152
1774524923.535908,/metrics/pcl/back/processing_ms,std_msgs/msg/Float32,77.00375366210938
1774524923.6363664,/metrics/pcl/back/detections_count,std_msgs/msg/Int32,38
1774524923.636509,/metrics/pcl/back/points_in,std_msgs/msg/Int32,22152
1774524923.636597,/metrics/pcl/back/processing_ms,std_msgs/msg/Float32,76.77436828613281
1774524923.732844,/metrics/pcl/back/detections_count,std_msgs/msg/Int32,36
1774524923.7329535,/metrics/pcl/back/points_in,std_msgs/msg/Int32,22152
1774524923.733022,/metrics/pcl/back/processing_ms,std_msgs/msg/Float32,76.78736877441406
1774524923.8329291,/metrics/pcl/back/detections_count,std_msgs/msg/Int32,30
1774524923.8330507,/metrics/pcl/back/points_in,std_msgs/msg/Int32,22152
1774524923.8331141,/metrics/pcl/back/processing_ms,std_msgs/msg/Float32,76.23391723632812
1774524923.9350708,/metrics/pcl/back/detections_count,std_msgs/msg/Int32,39
1774524923.9351902,/metrics/pcl/back/points_in,std_msgs/msg/Int32,22152
1774524923.9352493,/metrics/pcl/back/processing_ms,std_msgs/msg/Float32,77.3524398803711
1774524924.0339215,/metrics/pcl/back/detections_count,std_msgs/msg/Int32,38
1774524924.034057,/metrics/pcl/back/points_in,std_msgs/msg/Int32,22152
1774524924.0341358,/metrics/pcl/back/processing_ms,std_msgs/msg/Float32,75.591552734375
1774524924.135196,/metrics/pcl/back/detections_count,std_msgs/msg/Int32,35
1774524924.1353588,/metrics/pcl/back/points_in,std_msgs/msg/Int32,22152
1774524924.1354332,/metrics/pcl/back/processing_ms,std_msgs/msg/Float32,76.16345977783203
1774524924.25254,/metrics/pcl/back/detections_count,std_msgs/msg/Int32,35
1774524924.2526524,/metrics/pcl/back/points_in,std_msgs/msg/Int32,22152
1774524924.25272,/metrics/pcl/back/processing_ms,std_msgs/msg/Float32,75.64171600341797
1774524924.3361857,/metrics/pcl/back/detections_count,std_msgs/msg/Int32,34
1774524924.3363314,/metrics/pcl/back/points_in,std_msgs/msg/Int32,22152
1774524924.336414,/metrics/pcl/back/processing_ms,std_msgs/msg/Float32,79.75764465332031
1774524924.4372034,/metrics/pcl/back/detections_count,std_msgs/msg/Int32,33
1774524924.4373674,/metrics/pcl/back/points_in,std_msgs/msg/Int32,22152
1774524924.4374495,/metrics/pcl/back/processing_ms,std_msgs/msg/Float32,79.43116760253906
1774524924.5374649,/metrics/pcl/back/detections_count,std_msgs/msg/Int32,37
1774524924.5375917,/metrics/pcl/back/points_in,std_msgs/msg/Int32,22152
1774524924.5376592,/metrics/pcl/back/processing_ms,std_msgs/msg/Float32,79.8463134765625
1774524924.6336143,/metrics/pcl/back/detections_count,std_msgs/msg/Int32,31
1774524924.6337318,/metrics/pcl/back/points_in,std_msgs/msg/Int32,22152
1774524924.6337862,/metrics/pcl/back/processing_ms,std_msgs/msg/Float32,75.48365783691406
1774524924.7352436,/metrics/pcl/back/detections_count,std_msgs/msg/Int32,34
1774524924.7353806,/metrics/pcl/back/points_in,std_msgs/msg/Int32,22152
1774524924.7354355,/metrics/pcl/back/processing_ms,std_msgs/msg/Float32,76.18511962890625
1774524924.8416414,/metrics/pcl/back/detections_count,std_msgs/msg/Int32,34
1774524924.8417633,/metrics/pcl/back/points_in,std_msgs/msg/Int32,22152
1774524924.8418193,/metrics/pcl/back/processing_ms,std_msgs/msg/Float32,82.21830749511719
1774524924.9329076,/metrics/pcl/back/detections_count,std_msgs/msg/Int32,33
1774524924.933013,/metrics/pcl/back/points_in,std_msgs/msg/Int32,22152
1774524924.9330666,/metrics/pcl/back/processing_ms,std_msgs/msg/Float32,76.13058471679688
1774524925.0359204,/metrics/pcl/back/detections_count,std_msgs/msg/Int32,36
1774524925.036037,/metrics/pcl/back/points_in,std_msgs/msg/Int32,22152
1774524925.0361042,/metrics/pcl/back/processing_ms,std_msgs/msg/Float32,78.9500732421875
1774524925.132986,/metrics/pcl/back/detections_count,std_msgs/msg/Int32,35
1774524925.1331127,/metrics/pcl/back/points_in,std_msgs/msg/Int32,22152
1774524925.1331766,/metrics/pcl/back/processing_ms,std_msgs/msg/Float32,75.23079681396484
1774524925.234799,/metrics/pcl/back/detections_count,std_msgs/msg/Int32,36
1774524925.2349167,/metrics/pcl/back/points_in,std_msgs/msg/Int32,22152
1774524925.2349885,/metrics/pcl/back/processing_ms,std_msgs/msg/Float32,76.34085845947266
1774524925.3341248,/metrics/pcl/back/detections_count,std_msgs/msg/Int32,36
1774524925.3342597,/metrics/pcl/back/points_in,std_msgs/msg/Int32,22152
1774524925.3344107,/metrics/pcl/back/processing_ms,std_msgs/msg/Float32,75.45880126953125
1774524925.43536,/metrics/pcl/back/detections_count,std_msgs/msg/Int32,38
1774524925.4354866,/metrics/pcl/back/points_in,std_msgs/msg/Int32,22152
1774524925.435573,/metrics/pcl/back/processing_ms,std_msgs/msg/Float32,75.59739685058594
1774524925.5330336,/metrics/pcl/back/detections_count,std_msgs/msg/Int32,32
1774524925.5331569,/metrics/pcl/back/points_in,std_msgs/msg/Int32,22152
1774524925.533221,/metrics/pcl/back/processing_ms,std_msgs/msg/Float32,76.76478576660156
1774524925.6315963,/metrics/pcl/back/detections_count,std_msgs/msg/Int32,34
1774524925.6317286,/metrics/pcl/back/points_in,std_msgs/msg/Int32,22152
1774524925.6317992,/metrics/pcl/back/processing_ms,std_msgs/msg/Float32,74.826904296875
1774524925.7339733,/metrics/pcl/back/detections_count,std_msgs/msg/Int32,37
1774524925.7340827,/metrics/pcl/back/points_in,std_msgs/msg/Int32,22152
1774524925.7341459,/metrics/pcl/back/processing_ms,std_msgs/msg/Float32,75.6507797241211
1774524925.8343236,/metrics/pcl/back/detections_count,std_msgs/msg/Int32,34
1774524925.8344502,/metrics/pcl/back/points_in,std_msgs/msg/Int32,22152
1774524925.8345144,/metrics/pcl/back/processing_ms,std_msgs/msg/Float32,75.5934066772461
1774524925.9357407,/metrics/pcl/back/detections_count,std_msgs/msg/Int32,37
1774524925.9358563,/metrics/pcl/back/points_in,std_msgs/msg/Int32,22152
1774524925.9359221,/metrics/pcl/back/processing_ms,std_msgs/msg/Float32,76.89057922363281
1774524926.036788,/metrics/pcl/back/detections_count,std_msgs/msg/Int32,42
1774524926.0368984,/metrics/pcl/back/points_in,std_msgs/msg/Int32,22152
1774524926.036963,/metrics/pcl/back/processing_ms,std_msgs/msg/Float32,76.90522766113281
1774524926.1339247,/metrics/pcl/back/detections_count,std_msgs/msg/Int32,31
1774524926.134047,/metrics/pcl/back/points_in,std_msgs/msg/Int32,22152
1774524926.1341105,/metrics/pcl/back/processing_ms,std_msgs/msg/Float32,77.96881103515625
1774524926.2343538,/metrics/pcl/back/detections_count,std_msgs/msg/Int32,35
1774524926.234481,/metrics/pcl/back/points_in,std_msgs/msg/Int32,22152
1774524926.2345586,/metrics/pcl/back/processing_ms,std_msgs/msg/Float32,77.15348815917969
1774524926.3353386,/metrics/pcl/back/detections_count,std_msgs/msg/Int32,33
1774524926.3354514,/metrics/pcl/back/points_in,std_msgs/msg/Int32,22152
1774524926.3355062,/metrics/pcl/back/processing_ms,std_msgs/msg/Float32,77.21683502197266
1774524926.4364064,/metrics/pcl/back/detections_count,std_msgs/msg/Int32,32
1774524926.436605,/metrics/pcl/back/points_in,std_msgs/msg/Int32,22152
1774524926.43671,/metrics/pcl/back/processing_ms,std_msgs/msg/Float32,77.54407501220703
1774524926.5377247,/metrics/pcl/back/detections_count,std_msgs/msg/Int32,33
1774524926.5378516,/metrics/pcl/back/points_in,std_msgs/msg/Int32,22152
1774524926.5379386,/metrics/pcl/back/processing_ms,std_msgs/msg/Float32,77.96436309814453
1774524926.6424704,/metrics/pcl/back/detections_count,std_msgs/msg/Int32,36
1774524926.6425824,/metrics/pcl/back/points_in,std_msgs/msg/Int32,22152
1774524926.6426554,/metrics/pcl/back/processing_ms,std_msgs/msg/Float32,82.18499755859375
1774524926.7363164,/metrics/pcl/back/detections_count,std_msgs/msg/Int32,35
1774524926.73643,/metrics/pcl/back/points_in,std_msgs/msg/Int32,22152
1774524926.7364998,/metrics/pcl/back/processing_ms,std_msgs/msg/Float32,80.27722930908203
1774524926.8427851,/metrics/pcl/back/detections_count,std_msgs/msg/Int32,35
1774524926.8429048,/metrics/pcl/back/points_in,std_msgs/msg/Int32,22152
1774524926.84297,/metrics/pcl/back/processing_ms,std_msgs/msg/Float32,85.09796905517578
1774524926.9424822,/metrics/pcl/back/detections_count,std_msgs/msg/Int32,39
1774524926.9426084,/metrics/pcl/back/points_in,std_msgs/msg/Int32,22152
1774524926.9426742,/metrics/pcl/back/processing_ms,std_msgs/msg/Float32,84.24116516113281
1774524927.038235,/metrics/pcl/back/detections_count,std_msgs/msg/Int32,36
1774524927.0383646,/metrics/pcl/back/points_in,std_msgs/msg/Int32,22152
1774524927.038432,/metrics/pcl/back/processing_ms,std_msgs/msg/Float32,79.79906463623047
1774524927.1388042,/metrics/pcl/back/detections_count,std_msgs/msg/Int32,33
1774524927.1389258,/metrics/pcl/back/points_in,std_msgs/msg/Int32,22152
1774524927.1389961,/metrics/pcl/back/processing_ms,std_msgs/msg/Float32,78.91024017333984
1774524927.2582161,/metrics/pcl/back/detections_count,std_msgs/msg/Int32,32
1774524927.2583554,/metrics/pcl/back/points_in,std_msgs/msg/Int32,22152
1774524927.2584238,/metrics/pcl/back/processing_ms,std_msgs/msg/Float32,81.51709747314453
1774524927.337242,/metrics/pcl/back/detections_count,std_msgs/msg/Int32,36
1774524927.3373928,/metrics/pcl/back/points_in,std_msgs/msg/Int32,22152
1774524927.3374588,/metrics/pcl/back/processing_ms,std_msgs/msg/Float32,78.76190948486328
1774524927.4380875,/metrics/pcl/back/detections_count,std_msgs/msg/Int32,34
1774524927.4382157,/metrics/pcl/back/points_in,std_msgs/msg/Int32,22152
1774524927.4383278,/metrics/pcl/back/processing_ms,std_msgs/msg/Float32,80.05013275146484
1774524927.539096,/metrics/pcl/back/detections_count,std_msgs/msg/Int32,34
1774524927.5392094,/metrics/pcl/back/points_in,std_msgs/msg/Int32,22152
1774524927.5392625,/metrics/pcl/back/processing_ms,std_msgs/msg/Float32,81.07247924804688
1774524927.6404133,/metrics/pcl/back/detections_count,std_msgs/msg/Int32,33
1774524927.640559,/metrics/pcl/back/points_in,std_msgs/msg/Int32,22152
1774524927.6406474,/metrics/pcl/back/processing_ms,std_msgs/msg/Float32,81.37642669677734
1774524927.7391384,/metrics/pcl/back/detections_count,std_msgs/msg/Int32,36
1774524927.7392597,/metrics/pcl/back/points_in,std_msgs/msg/Int32,22152
1774524927.7393777,/metrics/pcl/back/processing_ms,std_msgs/msg/Float32,79.60365295410156
1774524927.8354883,/metrics/pcl/back/detections_count,std_msgs/msg/Int32,40
1774524927.8355896,/metrics/pcl/back/points_in,std_msgs/msg/Int32,22152
1774524927.8356447,/metrics/pcl/back/processing_ms,std_msgs/msg/Float32,79.24020385742188
1774524927.93744,/metrics/pcl/back/detections_count,std_msgs/msg/Int32,31
1774524927.9375885,/metrics/pcl/back/points_in,std_msgs/msg/Int32,22152
1774524927.9376752,/metrics/pcl/back/processing_ms,std_msgs/msg/Float32,80.21162414550781
1774524928.0373402,/metrics/pcl/back/detections_count,std_msgs/msg/Int32,37
1774524928.0374591,/metrics/pcl/back/points_in,std_msgs/msg/Int32,22152
1774524928.0375147,/metrics/pcl/back/processing_ms,std_msgs/msg/Float32,79.56351470947266
1774524928.1374848,/metrics/pcl/back/detections_count,std_msgs/msg/Int32,38
1774524928.1376388,/metrics/pcl/back/points_in,std_msgs/msg/Int32,22152
1774524928.1377358,/metrics/pcl/back/processing_ms,std_msgs/msg/Float32,78.70051574707031
1774524928.2374299,/metrics/pcl/back/detections_count,std_msgs/msg/Int32,40
1774524928.2375567,/metrics/pcl/back/points_in,std_msgs/msg/Int32,22152
1774524928.2376363,/metrics/pcl/back/processing_ms,std_msgs/msg/Float32,78.38024139404297
1774524928.3378613,/metrics/pcl/back/detections_count,std_msgs/msg/Int32,34
1774524928.3379757,/metrics/pcl/back/points_in,std_msgs/msg/Int32,22152
1774524928.3380387,/metrics/pcl/back/processing_ms,std_msgs/msg/Float32,78.14096069335938
1774524928.4362562,/metrics/pcl/back/detections_count,std_msgs/msg/Int32,29
1774524928.4363792,/metrics/pcl/back/points_in,std_msgs/msg/Int32,22152
1774524928.4364474,/metrics/pcl/back/processing_ms,std_msgs/msg/Float32,80.060302734375
1774524928.5350778,/metrics/pcl/back/detections_count,std_msgs/msg/Int32,39
1774524928.535191,/metrics/pcl/back/points_in,std_msgs/msg/Int32,22152
1774524928.5352557,/metrics/pcl/back/processing_ms,std_msgs/msg/Float32,78.04398345947266
1774524928.6397932,/metrics/pcl/back/detections_count,std_msgs/msg/Int32,39
1774524928.6399329,/metrics/pcl/back/points_in,std_msgs/msg/Int32,22152
1774524928.64,/metrics/pcl/back/processing_ms,std_msgs/msg/Float32,82.10847473144531
1774524928.7372227,/metrics/pcl/back/detections_count,std_msgs/msg/Int32,36
1774524928.737376,/metrics/pcl/back/points_in,std_msgs/msg/Int32,22152
1774524928.7374775,/metrics/pcl/back/processing_ms,std_msgs/msg/Float32,78.80863952636719
1774524928.8373613,/metrics/pcl/back/detections_count,std_msgs/msg/Int32,38
1774524928.8374736,/metrics/pcl/back/points_in,std_msgs/msg/Int32,22152
1774524928.837531,/metrics/pcl/back/processing_ms,std_msgs/msg/Float32,77.87171936035156
1774524928.938211,/metrics/pcl/back/detections_count,std_msgs/msg/Int32,30
1774524928.938379,/metrics/pcl/back/points_in,std_msgs/msg/Int32,22152
1774524928.9423623,/metrics/pcl/back/processing_ms,std_msgs/msg/Float32,77.73439025878906
1774524929.0366244,/metrics/pcl/back/detections_count,std_msgs/msg/Int32,34
1774524929.0367384,/metrics/pcl/back/points_in,std_msgs/msg/Int32,22152
1774524929.0368032,/metrics/pcl/back/processing_ms,std_msgs/msg/Float32,79.42940521240234
1774524929.1376085,/metrics/pcl/back/detections_count,std_msgs/msg/Int32,28
1774524929.1377232,/metrics/pcl/back/points_in,std_msgs/msg/Int32,22152
1774524929.1377907,/metrics/pcl/back/processing_ms,std_msgs/msg/Float32,79.77462768554688
1774524929.2393672,/metrics/pcl/back/detections_count,std_msgs/msg/Int32,28
1774524929.2394803,/metrics/pcl/back/points_in,std_msgs/msg/Int32,22152
1774524929.2395532,/metrics/pcl/back/processing_ms,std_msgs/msg/Float32,81.42556762695312
1774524929.3340478,/metrics/pcl/back/detections_count,std_msgs/msg/Int32,31
1774524929.3341715,/metrics/pcl/back/points_in,std_msgs/msg/Int32,22152
1774524929.334237,/metrics/pcl/back/processing_ms,std_msgs/msg/Float32,75.12518310546875
1774524929.432511,/metrics/pcl/back/detections_count,std_msgs/msg/Int32,32
1774524929.432637,/metrics/pcl/back/points_in,std_msgs/msg/Int32,22152
1774524929.4327073,/metrics/pcl/back/processing_ms,std_msgs/msg/Float32,72.8885726928711
1774524929.5269954,/metrics/pcl/back/detections_count,std_msgs/msg/Int32,33
1774524929.527109,/metrics/pcl/back/points_in,std_msgs/msg/Int32,22152
1774524929.5271766,/metrics/pcl/back/processing_ms,std_msgs/msg/Float32,70.36083221435547
1774524929.6263402,/metrics/pcl/back/detections_count,std_msgs/msg/Int32,31
1774524929.626457,/metrics/pcl/back/points_in,std_msgs/msg/Int32,22152
1774524929.6265237,/metrics/pcl/back/processing_ms,std_msgs/msg/Float32,69.21036529541016
1774524929.7275803,/metrics/pcl/back/detections_count,std_msgs/msg/Int32,30
1774524929.727708,/metrics/pcl/back/points_in,std_msgs/msg/Int32,22152
1774524929.7277782,/metrics/pcl/back/processing_ms,std_msgs/msg/Float32,69.50013732910156
1774524929.8295126,/metrics/pcl/back/detections_count,std_msgs/msg/Int32,32
1774524929.8296287,/metrics/pcl/back/points_in,std_msgs/msg/Int32,22152
1774524929.8296852,/metrics/pcl/back/processing_ms,std_msgs/msg/Float32,70.99984741210938
1774524929.9302251,/metrics/pcl/back/detections_count,std_msgs/msg/Int32,27
1774524929.9303913,/metrics/pcl/back/points_in,std_msgs/msg/Int32,22152
1774524929.930459,/metrics/pcl/back/processing_ms,std_msgs/msg/Float32,70.809326171875
1774524930.0303872,/metrics/pcl/back/detections_count,std_msgs/msg/Int32,26
1774524930.0305135,/metrics/pcl/back/points_in,std_msgs/msg/Int32,22152
1774524930.030584,/metrics/pcl/back/processing_ms,std_msgs/msg/Float32,69.96207427978516
1774524930.1252952,/metrics/pcl/back/detections_count,std_msgs/msg/Int32,29
1774524930.1254106,/metrics/pcl/back/points_in,std_msgs/msg/Int32,22152
1774524930.1254787,/metrics/pcl/back/processing_ms,std_msgs/msg/Float32,68.87959289550781
1774524930.2263498,/metrics/pcl/back/detections_count,std_msgs/msg/Int32,25
1774524930.2264705,/metrics/pcl/back/processing_ms,std_msgs/msg/Float32,69.44963073730469
1774524930.2266836,/metrics/pcl/back/points_in,std_msgs/msg/Int32,22152
1774524930.329264,/metrics/pcl/back/detections_count,std_msgs/msg/Int32,25
1774524930.3294132,/metrics/pcl/back/points_in,std_msgs/msg/Int32,22152
1774524930.3294735,/metrics/pcl/back/processing_ms,std_msgs/msg/Float32,71.37033081054688
1774524930.4305158,/metrics/pcl/back/detections_count,std_msgs/msg/Int32,29
1774524930.4306297,/metrics/pcl/back/points_in,std_msgs/msg/Int32,22152
1774524930.4307165,/metrics/pcl/back/processing_ms,std_msgs/msg/Float32,71.77754211425781
1774524930.5381603,/metrics/pcl/back/detections_count,std_msgs/msg/Int32,28
1774524930.5382621,/metrics/pcl/back/points_in,std_msgs/msg/Int32,22152
1774524930.5383284,/metrics/pcl/back/processing_ms,std_msgs/msg/Float32,78.39197540283203
1774524930.634837,/metrics/pcl/back/detections_count,std_msgs/msg/Int32,33
1774524930.6349738,/metrics/pcl/back/points_in,std_msgs/msg/Int32,22152
1774524930.6350574,/metrics/pcl/back/processing_ms,std_msgs/msg/Float32,78.33484649658203
1774524930.7310622,/metrics/pcl/back/detections_count,std_msgs/msg/Int32,33
1774524930.731189,/metrics/pcl/back/points_in,std_msgs/msg/Int32,22152
1774524930.7312553,/metrics/pcl/back/processing_ms,std_msgs/msg/Float32,74.28558349609375
1774524930.831968,/metrics/pcl/back/detections_count,std_msgs/msg/Int32,34
1774524930.8320808,/metrics/pcl/back/points_in,std_msgs/msg/Int32,22152
1774524930.8321457,/metrics/pcl/back/processing_ms,std_msgs/msg/Float32,74.23908996582031
1774524930.93014,/metrics/pcl/back/detections_count,std_msgs/msg/Int32,34
1774524930.9302633,/metrics/pcl/back/points_in,std_msgs/msg/Int32,22152
1774524930.9303486,/metrics/pcl/back/processing_ms,std_msgs/msg/Float32,71.83209228515625
1774524931.0350235,/metrics/pcl/back/detections_count,std_msgs/msg/Int32,32
1774524931.035142,/metrics/pcl/back/points_in,std_msgs/msg/Int32,22152
1774524931.0352077,/metrics/pcl/back/processing_ms,std_msgs/msg/Float32,76.0353775024414
1774524931.1438124,/metrics/pcl/back/detections_count,std_msgs/msg/Int32,30
1774524931.1439147,/metrics/pcl/back/points_in,std_msgs/msg/Int32,22152
1774524931.1439714,/metrics/pcl/back/processing_ms,std_msgs/msg/Float32,83.755126953125
1774524931.2392945,/metrics/pcl/back/detections_count,std_msgs/msg/Int32,32
1774524931.2393994,/metrics/pcl/back/points_in,std_msgs/msg/Int32,22152
1774524931.2394557,/metrics/pcl/back/processing_ms,std_msgs/msg/Float32,82.78679656982422
1774524931.3451676,/metrics/pcl/back/detections_count,std_msgs/msg/Int32,33
1774524931.3453062,/metrics/pcl/back/points_in,std_msgs/msg/Int32,22152
1774524931.3453753,/metrics/pcl/back/processing_ms,std_msgs/msg/Float32,87.44856262207031
1774524931.4384732,/metrics/pcl/back/detections_count,std_msgs/msg/Int32,36
1774524931.4385972,/metrics/pcl/back/points_in,std_msgs/msg/Int32,22152
1774524931.4386609,/metrics/pcl/back/processing_ms,std_msgs/msg/Float32,80.2488021850586
1774524931.5383797,/metrics/pcl/back/detections_count,std_msgs/msg/Int32,34
1774524931.5385125,/metrics/pcl/back/points_in,std_msgs/msg/Int32,22152
1774524931.5385792,/metrics/pcl/back/processing_ms,std_msgs/msg/Float32,79.3204574584961
1774524931.639837,/metrics/pcl/back/detections_count,std_msgs/msg/Int32,32
1774524931.639962,/metrics/pcl/back/points_in,std_msgs/msg/Int32,22152
1774524931.6400259,/metrics/pcl/back/processing_ms,std_msgs/msg/Float32,80.46382141113281
1774524931.7382371,/metrics/pcl/back/detections_count,std_msgs/msg/Int32,38
1774524931.738422,/metrics/pcl/back/points_in,std_msgs/msg/Int32,22152
1774524931.7385013,/metrics/pcl/back/processing_ms,std_msgs/msg/Float32,78.25346374511719
1774524931.8323417,/metrics/pcl/back/detections_count,std_msgs/msg/Int32,34
1774524931.8324678,/metrics/pcl/back/points_in,std_msgs/msg/Int32,22152
1774524931.8325338,/metrics/pcl/back/processing_ms,std_msgs/msg/Float32,75.80538177490234
1774524931.9322588,/metrics/pcl/back/detections_count,std_msgs/msg/Int32,35
1774524931.9324028,/metrics/pcl/back/points_in,std_msgs/msg/Int32,22152
1774524931.9324696,/metrics/pcl/back/processing_ms,std_msgs/msg/Float32,74.79624938964844
1774524932.0347576,/metrics/pcl/back/detections_count,std_msgs/msg/Int32,31
1774524932.0349236,/metrics/pcl/back/points_in,std_msgs/msg/Int32,22152
1774524932.035022,/metrics/pcl/back/processing_ms,std_msgs/msg/Float32,76.80595397949219
1774524932.136482,/metrics/pcl/back/detections_count,std_msgs/msg/Int32,34
1774524932.1366336,/metrics/pcl/back/points_in,std_msgs/msg/Int32,22152
1774524932.1367328,/metrics/pcl/back/processing_ms,std_msgs/msg/Float32,77.13243865966797
1774524932.2371988,/metrics/pcl/back/detections_count,std_msgs/msg/Int32,28
1774524932.2373242,/metrics/pcl/back/points_in,std_msgs/msg/Int32,22152
1774524932.237393,/metrics/pcl/back/processing_ms,std_msgs/msg/Float32,76.96723175048828
1774524932.3351686,/metrics/pcl/back/detections_count,std_msgs/msg/Int32,29
1774524932.3352928,/metrics/pcl/back/points_in,std_msgs/msg/Int32,22152
1774524932.3353636,/metrics/pcl/back/processing_ms,std_msgs/msg/Float32,79.36384582519531
1774524932.4355621,/metrics/pcl/back/detections_count,std_msgs/msg/Int32,29
1774524932.4356763,/metrics/pcl/back/points_in,std_msgs/msg/Int32,22152
1774524932.4357412,/metrics/pcl/back/processing_ms,std_msgs/msg/Float32,78.42414093017578
1774524932.5351074,/metrics/pcl/back/detections_count,std_msgs/msg/Int32,34
1774524932.535221,/metrics/pcl/back/points_in,std_msgs/msg/Int32,22152
1774524932.535345,/metrics/pcl/back/processing_ms,std_msgs/msg/Float32,77.60493469238281
1774524932.6352966,/metrics/pcl/back/detections_count,std_msgs/msg/Int32,30
1774524932.6354117,/metrics/pcl/back/points_in,std_msgs/msg/Int32,22152
1774524932.635476,/metrics/pcl/back/processing_ms,std_msgs/msg/Float32,77.62249755859375
1774524932.7377584,/metrics/pcl/back/detections_count,std_msgs/msg/Int32,30
1774524932.737906,/metrics/pcl/back/points_in,std_msgs/msg/Int32,22152
1774524932.7379894,/metrics/pcl/back/processing_ms,std_msgs/msg/Float32,78.4857177734375
1774524932.8361983,/metrics/pcl/back/detections_count,std_msgs/msg/Int32,30
1774524932.8363402,/metrics/pcl/back/points_in,std_msgs/msg/Int32,22152
1774524932.8364246,/metrics/pcl/back/processing_ms,std_msgs/msg/Float32,76.69710540771484
1774524932.9358504,/metrics/pcl/back/detections_count,std_msgs/msg/Int32,34
1774524932.935975,/metrics/pcl/back/points_in,std_msgs/msg/Int32,22152
1774524932.9360392,/metrics/pcl/back/processing_ms,std_msgs/msg/Float32,79.59259796142578
1774524933.0344253,/metrics/pcl/back/detections_count,std_msgs/msg/Int32,35
1774524933.034526,/metrics/pcl/back/points_in,std_msgs/msg/Int32,22152
1774524933.034579,/metrics/pcl/back/processing_ms,std_msgs/msg/Float32,77.65403747558594
1774524933.1368625,/metrics/pcl/back/detections_count,std_msgs/msg/Int32,36
1774524933.1369646,/metrics/pcl/back/points_in,std_msgs/msg/Int32,22152
1774524933.1370187,/metrics/pcl/back/processing_ms,std_msgs/msg/Float32,79.61802673339844
1774524933.2368093,/metrics/pcl/back/detections_count,std_msgs/msg/Int32,34
1774524933.2369342,/metrics/pcl/back/points_in,std_msgs/msg/Int32,22152
1774524933.2369998,/metrics/pcl/back/processing_ms,std_msgs/msg/Float32,77.67131042480469
1774524933.3363016,/metrics/pcl/back/detections_count,std_msgs/msg/Int32,36
1774524933.3364165,/metrics/pcl/back/points_in,std_msgs/msg/Int32,22152
1774524933.3364816,/metrics/pcl/back/processing_ms,std_msgs/msg/Float32,77.18898010253906
1774524933.438197,/metrics/pcl/back/detections_count,std_msgs/msg/Int32,35
1774524933.4383283,/metrics/pcl/back/points_in,std_msgs/msg/Int32,22152
1774524933.4383981,/metrics/pcl/back/processing_ms,std_msgs/msg/Float32,78.4769515991211
1774524933.534614,/metrics/pcl/back/detections_count,std_msgs/msg/Int32,33
1774524933.5347502,/metrics/pcl/back/points_in,std_msgs/msg/Int32,22152
1774524933.5348184,/metrics/pcl/back/processing_ms,std_msgs/msg/Float32,78.54228210449219
1774524933.6330876,/metrics/pcl/back/detections_count,std_msgs/msg/Int32,32
1774524933.6332037,/metrics/pcl/back/points_in,std_msgs/msg/Int32,22152
1774524933.6332698,/metrics/pcl/back/processing_ms,std_msgs/msg/Float32,76.29424285888672
1774524933.7405543,/metrics/pcl/back/detections_count,std_msgs/msg/Int32,31
1774524933.740687,/metrics/pcl/back/points_in,std_msgs/msg/Int32,22152
1774524933.7407806,/metrics/pcl/back/processing_ms,std_msgs/msg/Float32,82.43913269042969
1774524933.8361857,/metrics/pcl/back/detections_count,std_msgs/msg/Int32,31
1774524933.836331,/metrics/pcl/back/points_in,std_msgs/msg/Int32,22152
1774524933.836417,/metrics/pcl/back/processing_ms,std_msgs/msg/Float32,77.46817779541016
1774524933.9388196,/metrics/pcl/back/detections_count,std_msgs/msg/Int32,34
1774524933.9389858,/metrics/pcl/back/points_in,std_msgs/msg/Int32,22152
1774524933.9428828,/metrics/pcl/back/processing_ms,std_msgs/msg/Float32,79.85237884521484
1774524934.0385408,/metrics/pcl/back/detections_count,std_msgs/msg/Int32,32
1774524934.0386882,/metrics/pcl/back/processing_ms,std_msgs/msg/Float32,78.23823547363281
1774524934.0388727,/metrics/pcl/back/points_in,std_msgs/msg/Int32,22152
1774524934.1349814,/metrics/pcl/back/detections_count,std_msgs/msg/Int32,34
1774524934.1351204,/metrics/pcl/back/points_in,std_msgs/msg/Int32,22152
1774524934.1351914,/metrics/pcl/back/processing_ms,std_msgs/msg/Float32,77.6012191772461
1774524934.235877,/metrics/pcl/back/detections_count,std_msgs/msg/Int32,29
1774524934.2360036,/metrics/pcl/back/points_in,std_msgs/msg/Int32,22152
1774524934.23606,/metrics/pcl/back/processing_ms,std_msgs/msg/Float32,78.96051025390625
1774524934.3326018,/metrics/pcl/back/detections_count,std_msgs/msg/Int32,30
1774524934.3327224,/metrics/pcl/back/points_in,std_msgs/msg/Int32,22152
1774524934.332778,/metrics/pcl/back/processing_ms,std_msgs/msg/Float32,74.667236328125
1774524934.4330661,/metrics/pcl/back/detections_count,std_msgs/msg/Int32,31
1774524934.433192,/metrics/pcl/back/points_in,std_msgs/msg/Int32,22152
1774524934.4332483,/metrics/pcl/back/processing_ms,std_msgs/msg/Float32,74.26020812988281
1774524934.5385826,/metrics/pcl/back/detections_count,std_msgs/msg/Int32,34
1774524934.5387077,/metrics/pcl/back/points_in,std_msgs/msg/Int32,22152
1774524934.538767,/metrics/pcl/back/processing_ms,std_msgs/msg/Float32,78.65543365478516
1774524934.6375866,/metrics/pcl/back/detections_count,std_msgs/msg/Int32,34
1774524934.6377068,/metrics/pcl/back/points_in,std_msgs/msg/Int32,22152
1774524934.6377637,/metrics/pcl/back/processing_ms,std_msgs/msg/Float32,77.12699890136719
1774524934.732082,/metrics/pcl/back/detections_count,std_msgs/msg/Int32,38
1774524934.732205,/metrics/pcl/back/points_in,std_msgs/msg/Int32,22152
1774524934.7322614,/metrics/pcl/back/processing_ms,std_msgs/msg/Float32,75.2079849243164
1774524934.833603,/metrics/pcl/back/detections_count,std_msgs/msg/Int32,36
1774524934.8337252,/metrics/pcl/back/points_in,std_msgs/msg/Int32,22152
1774524934.8337812,/metrics/pcl/back/processing_ms,std_msgs/msg/Float32,76.1106948852539
1774524934.9349384,/metrics/pcl/back/detections_count,std_msgs/msg/Int32,33
1774524934.9350626,/metrics/pcl/back/points_in,std_msgs/msg/Int32,22152
1774524934.9351199,/metrics/pcl/back/processing_ms,std_msgs/msg/Float32,76.92156219482422
1774524935.0348437,/metrics/pcl/back/detections_count,std_msgs/msg/Int32,38
1774524935.0349643,/metrics/pcl/back/points_in,std_msgs/msg/Int32,22152
1774524935.03502,/metrics/pcl/back/processing_ms,std_msgs/msg/Float32,75.86555480957031
1774524935.1361496,/metrics/pcl/back/detections_count,std_msgs/msg/Int32,36
1774524935.136288,/metrics/pcl/back/points_in,std_msgs/msg/Int32,22152
1774524935.1363475,/metrics/pcl/back/processing_ms,std_msgs/msg/Float32,76.21235656738281
1774524935.2323267,/metrics/pcl/back/detections_count,std_msgs/msg/Int32,38
1774524935.2324538,/metrics/pcl/back/points_in,std_msgs/msg/Int32,22152
1774524935.2325094,/metrics/pcl/back/processing_ms,std_msgs/msg/Float32,76.53451538085938
1774524935.3364575,/metrics/pcl/back/detections_count,std_msgs/msg/Int32,37
1774524935.336594,/metrics/pcl/back/points_in,std_msgs/msg/Int32,22152
1774524935.3366697,/metrics/pcl/back/processing_ms,std_msgs/msg/Float32,78.79044342041016
1774524935.440302,/metrics/pcl/back/detections_count,std_msgs/msg/Int32,37
1774524935.4404168,/metrics/pcl/back/points_in,std_msgs/msg/Int32,22152
1774524935.4405015,/metrics/pcl/back/processing_ms,std_msgs/msg/Float32,82.06316375732422
1774524935.539421,/metrics/pcl/back/detections_count,std_msgs/msg/Int32,35
1774524935.5395312,/metrics/pcl/back/points_in,std_msgs/msg/Int32,22152
1774524935.539585,/metrics/pcl/back/processing_ms,std_msgs/msg/Float32,81.09367370605469
1774524935.6428862,/metrics/pcl/back/detections_count,std_msgs/msg/Int32,38
1774524935.6430054,/metrics/pcl/back/points_in,std_msgs/msg/Int32,22152
1774524935.6430767,/metrics/pcl/back/processing_ms,std_msgs/msg/Float32,83.38063049316406
1774524935.7408738,/metrics/pcl/back/detections_count,std_msgs/msg/Int32,35
1774524935.740997,/metrics/pcl/back/points_in,std_msgs/msg/Int32,22152
1774524935.741063,/metrics/pcl/back/processing_ms,std_msgs/msg/Float32,81.22151947021484
1774524935.8356154,/metrics/pcl/back/detections_count,std_msgs/msg/Int32,34
1774524935.8357284,/metrics/pcl/back/points_in,std_msgs/msg/Int32,22152
1774524935.8357928,/metrics/pcl/back/processing_ms,std_msgs/msg/Float32,79.4283676147461
1774524935.9453647,/metrics/pcl/back/detections_count,std_msgs/msg/Int32,33
1774524935.9454677,/metrics/pcl/back/points_in,std_msgs/msg/Int32,22152
1774524935.945523,/metrics/pcl/back/processing_ms,std_msgs/msg/Float32,88.14268493652344
1774524936.0380456,/metrics/pcl/back/detections_count,std_msgs/msg/Int32,32
1774524936.0381567,/metrics/pcl/back/points_in,std_msgs/msg/Int32,22152
1774524936.0382125,/metrics/pcl/back/processing_ms,std_msgs/msg/Float32,80.5838851928711
1774524936.1364768,/metrics/pcl/back/detections_count,std_msgs/msg/Int32,34
1774524936.1366482,/metrics/pcl/back/points_in,std_msgs/msg/Int32,22152
1774524936.1367645,/metrics/pcl/back/processing_ms,std_msgs/msg/Float32,77.50706481933594
1774524936.2390046,/metrics/pcl/back/detections_count,std_msgs/msg/Int32,34
1774524936.2391274,/metrics/pcl/back/points_in,std_msgs/msg/Int32,22152
1774524936.2391937,/metrics/pcl/back/processing_ms,std_msgs/msg/Float32,79.6844253540039
1774524936.339179,/metrics/pcl/back/detections_count,std_msgs/msg/Int32,34
1774524936.3393188,/metrics/pcl/back/points_in,std_msgs/msg/Int32,22152
1774524936.3394144,/metrics/pcl/back/processing_ms,std_msgs/msg/Float32,79.2415542602539
1774524936.435553,/metrics/pcl/back/detections_count,std_msgs/msg/Int32,34
1774524936.4356654,/metrics/pcl/back/points_in,std_msgs/msg/Int32,22152
1774524936.4357393,/metrics/pcl/back/processing_ms,std_msgs/msg/Float32,79.36676788330078
1774524936.5370808,/metrics/pcl/back/detections_count,std_msgs/msg/Int32,33
1774524936.5371854,/metrics/pcl/back/points_in,std_msgs/msg/Int32,22152
1774524936.5372486,/metrics/pcl/back/processing_ms,std_msgs/msg/Float32,79.95426177978516
1774524936.640091,/metrics/pcl/back/detections_count,std_msgs/msg/Int32,37
1774524936.6402194,/metrics/pcl/back/points_in,std_msgs/msg/Int32,22152
1774524936.6403074,/metrics/pcl/back/processing_ms,std_msgs/msg/Float32,82.4967041015625
1774524936.737563,/metrics/pcl/back/detections_count,std_msgs/msg/Int32,35
1774524936.737718,/metrics/pcl/back/points_in,std_msgs/msg/Int32,22152
1774524936.7377856,/metrics/pcl/back/processing_ms,std_msgs/msg/Float32,78.81006622314453
1774524936.835541,/metrics/pcl/back/detections_count,std_msgs/msg/Int32,37
1774524936.8357327,/metrics/pcl/back/points_in,std_msgs/msg/Int32,22152
1774524936.835811,/metrics/pcl/back/processing_ms,std_msgs/msg/Float32,76.40603637695312
1774524940.6907985,/metrics/pcl/back/detections_count,std_msgs/msg/Int32,33
1774524940.6909244,/metrics/pcl/back/points_in,std_msgs/msg/Int32,22152
1774524940.69099,/metrics/pcl/back/processing_ms,std_msgs/msg/Float32,78.62110900878906
1774524940.788754,/metrics/pcl/back/detections_count,std_msgs/msg/Int32,35
1774524940.7888737,/metrics/pcl/back/points_in,std_msgs/msg/Int32,22152
1774524940.7889411,/metrics/pcl/back/processing_ms,std_msgs/msg/Float32,77.36569213867188
1774524940.8847811,/metrics/pcl/back/detections_count,std_msgs/msg/Int32,34
1774524940.8848908,/metrics/pcl/back/points_in,std_msgs/msg/Int32,22152
1774524940.884955,/metrics/pcl/back/processing_ms,std_msgs/msg/Float32,77.67738342285156
1774524940.9870293,/metrics/pcl/back/detections_count,std_msgs/msg/Int32,36
1774524940.9871545,/metrics/pcl/back/points_in,std_msgs/msg/Int32,22152
1774524940.9872203,/metrics/pcl/back/processing_ms,std_msgs/msg/Float32,77.71383666992188
1774524941.0869358,/metrics/pcl/back/detections_count,std_msgs/msg/Int32,35
1774524941.0870683,/metrics/pcl/back/points_in,std_msgs/msg/Int32,22152
1774524941.0871336,/metrics/pcl/back/processing_ms,std_msgs/msg/Float32,76.7811279296875
1774524941.1856008,/metrics/pcl/back/detections_count,std_msgs/msg/Int32,35
1774524941.1857452,/metrics/pcl/back/points_in,std_msgs/msg/Int32,22152
1774524941.1858206,/metrics/pcl/back/processing_ms,std_msgs/msg/Float32,76.04501342773438
1774524941.287251,/metrics/pcl/back/detections_count,std_msgs/msg/Int32,33
1774524941.2874436,/metrics/pcl/back/points_in,std_msgs/msg/Int32,22152
1774524941.2875116,/metrics/pcl/back/processing_ms,std_msgs/msg/Float32,76.78157043457031
1774524941.381902,/metrics/pcl/back/detections_count,std_msgs/msg/Int32,38
1774524941.382023,/metrics/pcl/back/points_in,std_msgs/msg/Int32,22152
1774524941.3821,/metrics/pcl/back/processing_ms,std_msgs/msg/Float32,75.32941436767578
1774524941.4846206,/metrics/pcl/back/detections_count,std_msgs/msg/Int32,34
1774524941.484742,/metrics/pcl/back/points_in,std_msgs/msg/Int32,22152
1774524941.4847977,/metrics/pcl/back/processing_ms,std_msgs/msg/Float32,77.13174438476562
1774524941.5861862,/metrics/pcl/back/detections_count,std_msgs/msg/Int32,34
1774524941.586318,/metrics/pcl/back/points_in,std_msgs/msg/Int32,22152
1774524941.5863786,/metrics/pcl/back/processing_ms,std_msgs/msg/Float32,77.50408935546875
1774524941.687561,/metrics/pcl/back/detections_count,std_msgs/msg/Int32,37
1774524941.6876812,/metrics/pcl/back/points_in,std_msgs/msg/Int32,22152
1774524941.687738,/metrics/pcl/back/processing_ms,std_msgs/msg/Float32,78.55091857910156
1774524941.7875144,/metrics/pcl/back/detections_count,std_msgs/msg/Int32,36
1774524941.7876275,/metrics/pcl/back/points_in,std_msgs/msg/Int32,22152
1774524941.7876825,/metrics/pcl/back/processing_ms,std_msgs/msg/Float32,76.32068634033203
1774524941.886913,/metrics/pcl/back/detections_count,std_msgs/msg/Int32,36
1774524941.887028,/metrics/pcl/back/points_in,std_msgs/msg/Int32,22152
1774524941.887083,/metrics/pcl/back/processing_ms,std_msgs/msg/Float32,75.96890258789062
1774524941.9849865,/metrics/pcl/back/detections_count,std_msgs/msg/Int32,37
1774524941.9851246,/metrics/pcl/back/points_in,std_msgs/msg/Int32,22152
1774524941.985182,/metrics/pcl/back/processing_ms,std_msgs/msg/Float32,77.87165069580078
1774524942.084199,/metrics/pcl/back/detections_count,std_msgs/msg/Int32,39
1774524942.084384,/metrics/pcl/back/points_in,std_msgs/msg/Int32,22152
1774524942.0844483,/metrics/pcl/back/processing_ms,std_msgs/msg/Float32,76.15090942382812
1774524942.1857417,/metrics/pcl/back/detections_count,std_msgs/msg/Int32,37
1774524942.1858602,/metrics/pcl/back/points_in,std_msgs/msg/Int32,22152
1774524942.1859171,/metrics/pcl/back/processing_ms,std_msgs/msg/Float32,77.08427429199219
1774524942.287835,/metrics/pcl/back/detections_count,std_msgs/msg/Int32,33
1774524942.287954,/metrics/pcl/back/points_in,std_msgs/msg/Int32,22152
1774524942.2880106,/metrics/pcl/back/processing_ms,std_msgs/msg/Float32,78.12803649902344
1774524942.3885183,/metrics/pcl/back/detections_count,std_msgs/msg/Int32,31
1774524942.3886383,/metrics/pcl/back/points_in,std_msgs/msg/Int32,22152
1774524942.3886926,/metrics/pcl/back/processing_ms,std_msgs/msg/Float32,78.74089050292969
1774524942.487796,/metrics/pcl/back/detections_count,std_msgs/msg/Int32,32
1774524942.4879117,/metrics/pcl/back/points_in,std_msgs/msg/Int32,22152
1774524942.4879706,/metrics/pcl/back/processing_ms,std_msgs/msg/Float32,77.09091186523438
1774524942.584711,/metrics/pcl/back/detections_count,std_msgs/msg/Int32,37
1774524942.5848308,/metrics/pcl/back/points_in,std_msgs/msg/Int32,22152
1774524942.5848856,/metrics/pcl/back/processing_ms,std_msgs/msg/Float32,76.60383605957031
1774524942.6858177,/metrics/pcl/back/detections_count,std_msgs/msg/Int32,31
1774524942.685937,/metrics/pcl/back/points_in,std_msgs/msg/Int32,22152
1774524942.6859944,/metrics/pcl/back/processing_ms,std_msgs/msg/Float32,76.986572265625
1774524942.7855978,/metrics/pcl/back/detections_count,std_msgs/msg/Int32,33
1774524942.7857337,/metrics/pcl/back/points_in,std_msgs/msg/Int32,22152
1774524942.7858064,/metrics/pcl/back/processing_ms,std_msgs/msg/Float32,76.86005401611328
1774524942.885364,/metrics/pcl/back/detections_count,std_msgs/msg/Int32,41
1774524942.8854923,/metrics/pcl/back/points_in,std_msgs/msg/Int32,22152
1774524942.8855472,/metrics/pcl/back/processing_ms,std_msgs/msg/Float32,76.15324401855469
1774524942.9888752,/metrics/pcl/back/detections_count,std_msgs/msg/Int32,33
1774524942.9889877,/metrics/pcl/back/points_in,std_msgs/msg/Int32,22152
1774524942.9890509,/metrics/pcl/back/processing_ms,std_msgs/msg/Float32,78.77716827392578
1774524943.0896568,/metrics/pcl/back/detections_count,std_msgs/msg/Int32,31
1774524943.08977,/metrics/pcl/back/points_in,std_msgs/msg/Int32,22152
1774524943.0898476,/metrics/pcl/back/processing_ms,std_msgs/msg/Float32,78.9312515258789
1774524943.183706,/metrics/pcl/back/detections_count,std_msgs/msg/Int32,34
1774524943.183806,/metrics/pcl/back/points_in,std_msgs/msg/Int32,22152
1774524943.1838598,/metrics/pcl/back/processing_ms,std_msgs/msg/Float32,76.20853424072266
1774524943.2849452,/metrics/pcl/back/detections_count,std_msgs/msg/Int32,33
1774524943.2850447,/metrics/pcl/back/points_in,std_msgs/msg/Int32,22152
1774524943.2850983,/metrics/pcl/back/processing_ms,std_msgs/msg/Float32,77.17427825927734
1774524943.385443,/metrics/pcl/back/detections_count,std_msgs/msg/Int32,35
1774524943.3855407,/metrics/pcl/back/points_in,std_msgs/msg/Int32,22152
1774524943.3855948,/metrics/pcl/back/processing_ms,std_msgs/msg/Float32,75.66271209716797
1774524943.4884017,/metrics/pcl/back/detections_count,std_msgs/msg/Int32,34
1774524943.488518,/metrics/pcl/back/points_in,std_msgs/msg/Int32,22152
1774524943.4885824,/metrics/pcl/back/processing_ms,std_msgs/msg/Float32,78.68689727783203
1774524943.5855389,/metrics/pcl/back/detections_count,std_msgs/msg/Int32,36
1774524943.5856433,/metrics/pcl/back/points_in,std_msgs/msg/Int32,22152
1774524943.5857048,/metrics/pcl/back/processing_ms,std_msgs/msg/Float32,75.35429382324219
1774524943.684745,/metrics/pcl/back/detections_count,std_msgs/msg/Int32,36
1774524943.6848438,/metrics/pcl/back/points_in,std_msgs/msg/Int32,22152
1774524943.6848989,/metrics/pcl/back/processing_ms,std_msgs/msg/Float32,73.59439086914062
1774524943.7816339,/metrics/pcl/back/detections_count,std_msgs/msg/Int32,36
1774524943.7817671,/metrics/pcl/back/points_in,std_msgs/msg/Int32,22152
1774524943.7818627,/metrics/pcl/back/processing_ms,std_msgs/msg/Float32,74.1427993774414
1774524943.882166,/metrics/pcl/back/detections_count,std_msgs/msg/Int32,32
1774524943.882336,/metrics/pcl/back/points_in,std_msgs/msg/Int32,22152
1774524943.8824425,/metrics/pcl/back/processing_ms,std_msgs/msg/Float32,74.27803802490234
1774524943.9843278,/metrics/pcl/back/detections_count,std_msgs/msg/Int32,34
1774524943.9844432,/metrics/pcl/back/points_in,std_msgs/msg/Int32,22152
1774524943.9845018,/metrics/pcl/back/processing_ms,std_msgs/msg/Float32,74.89718627929688
1774524944.0880184,/metrics/pcl/back/detections_count,std_msgs/msg/Int32,35
1774524944.0881312,/metrics/pcl/back/points_in,std_msgs/msg/Int32,22152
1774524944.0881944,/metrics/pcl/back/processing_ms,std_msgs/msg/Float32,77.99121856689453
1774524944.185947,/metrics/pcl/back/detections_count,std_msgs/msg/Int32,35
1774524944.1860697,/metrics/pcl/back/points_in,std_msgs/msg/Int32,22152
1774524944.1861486,/metrics/pcl/back/processing_ms,std_msgs/msg/Float32,74.67523956298828
1774524944.2864125,/metrics/pcl/back/detections_count,std_msgs/msg/Int32,35
1774524944.2865362,/metrics/pcl/back/points_in,std_msgs/msg/Int32,22152
1774524944.2866018,/metrics/pcl/back/processing_ms,std_msgs/msg/Float32,74.61224365234375
1774524944.3823643,/metrics/pcl/back/detections_count,std_msgs/msg/Int32,34
1774524944.3824987,/metrics/pcl/back/points_in,std_msgs/msg/Int32,22152
1774524944.3825722,/metrics/pcl/back/processing_ms,std_msgs/msg/Float32,75.13359069824219
1774524944.4837368,/metrics/pcl/back/detections_count,std_msgs/msg/Int32,36
1774524944.4839296,/metrics/pcl/back/points_in,std_msgs/msg/Int32,22152
1774524944.4839969,/metrics/pcl/back/processing_ms,std_msgs/msg/Float32,75.90038299560547
1774524944.5827909,/metrics/pcl/back/detections_count,std_msgs/msg/Int32,33
1774524944.5829134,/metrics/pcl/back/points_in,std_msgs/msg/Int32,22152
1774524944.5829706,/metrics/pcl/back/processing_ms,std_msgs/msg/Float32,74.46549224853516
1774524944.691784,/metrics/pcl/back/detections_count,std_msgs/msg/Int32,35
1774524944.691896,/metrics/pcl/back/points_in,std_msgs/msg/Int32,22152
1774524944.6919603,/metrics/pcl/back/processing_ms,std_msgs/msg/Float32,82.50019836425781
1774524944.7869854,/metrics/pcl/back/detections_count,std_msgs/msg/Int32,32
1774524944.7871044,/metrics/pcl/back/points_in,std_msgs/msg/Int32,22152
1774524944.7871683,/metrics/pcl/back/processing_ms,std_msgs/msg/Float32,76.63318634033203
1774524944.8803895,/metrics/pcl/back/detections_count,std_msgs/msg/Int32,34
1774524944.8805008,/metrics/pcl/back/points_in,std_msgs/msg/Int32,22152
1774524944.880568,/metrics/pcl/back/processing_ms,std_msgs/msg/Float32,74.09687042236328
1774524944.9816072,/metrics/pcl/back/detections_count,std_msgs/msg/Int32,39
1774524944.9817243,/metrics/pcl/back/points_in,std_msgs/msg/Int32,22152
1774524944.9817882,/metrics/pcl/back/processing_ms,std_msgs/msg/Float32,74.11611938476562
1774524945.0828402,/metrics/pcl/back/detections_count,std_msgs/msg/Int32,30
1774524945.082952,/metrics/pcl/back/points_in,std_msgs/msg/Int32,22152
1774524945.0830166,/metrics/pcl/back/processing_ms,std_msgs/msg/Float32,74.72129821777344
1774524945.183743,/metrics/pcl/back/detections_count,std_msgs/msg/Int32,37
1774524945.1838865,/metrics/pcl/back/points_in,std_msgs/msg/Int32,22152
1774524945.183971,/metrics/pcl/back/processing_ms,std_msgs/msg/Float32,74.95526123046875
1774524945.2822852,/metrics/pcl/back/detections_count,std_msgs/msg/Int32,36
1774524945.2824185,/metrics/pcl/back/points_in,std_msgs/msg/Int32,22152
1774524945.2824922,/metrics/pcl/back/processing_ms,std_msgs/msg/Float32,73.10755920410156
1774524945.383913,/metrics/pcl/back/detections_count,std_msgs/msg/Int32,35
1774524945.3840346,/metrics/pcl/back/points_in,std_msgs/msg/Int32,22152
1774524945.3841112,/metrics/pcl/back/processing_ms,std_msgs/msg/Float32,73.96026611328125
1774524945.4831796,/metrics/pcl/back/detections_count,std_msgs/msg/Int32,34
1774524945.4833252,/metrics/pcl/back/points_in,std_msgs/msg/Int32,22152
1774524945.4834254,/metrics/pcl/back/processing_ms,std_msgs/msg/Float32,76.50794219970703
1774524945.5814977,/metrics/pcl/back/detections_count,std_msgs/msg/Int32,34
1774524945.5816152,/metrics/pcl/back/points_in,std_msgs/msg/Int32,22152
1774524945.581679,/metrics/pcl/back/processing_ms,std_msgs/msg/Float32,74.04967498779297
1774524945.6850483,/metrics/pcl/back/detections_count,std_msgs/msg/Int32,35
1774524945.6851568,/metrics/pcl/back/points_in,std_msgs/msg/Int32,22152
1774524945.6852202,/metrics/pcl/back/processing_ms,std_msgs/msg/Float32,77.1416244506836
1774524945.7886853,/metrics/pcl/back/detections_count,std_msgs/msg/Int32,31
1774524945.7888129,/metrics/pcl/back/points_in,std_msgs/msg/Int32,22152
1774524945.7888806,/metrics/pcl/back/processing_ms,std_msgs/msg/Float32,79.11508178710938
1774524945.8883646,/metrics/pcl/back/detections_count,std_msgs/msg/Int32,33
1774524945.888549,/metrics/pcl/back/points_in,std_msgs/msg/Int32,22152
1774524945.888615,/metrics/pcl/back/processing_ms,std_msgs/msg/Float32,78.4705810546875
1774524945.987753,/metrics/pcl/back/detections_count,std_msgs/msg/Int32,34
1774524945.9879494,/metrics/pcl/back/points_in,std_msgs/msg/Int32,22152
1774524945.988047,/metrics/pcl/back/processing_ms,std_msgs/msg/Float32,77.3564224243164
1774524946.0827057,/metrics/pcl/back/detections_count,std_msgs/msg/Int32,33
1774524946.0828617,/metrics/pcl/back/points_in,std_msgs/msg/Int32,22152
1774524946.0829177,/metrics/pcl/back/processing_ms,std_msgs/msg/Float32,75.889404296875
1774524946.1842296,/metrics/pcl/back/detections_count,std_msgs/msg/Int32,30
1774524946.1844456,/metrics/pcl/back/points_in,std_msgs/msg/Int32,22152
1774524946.1845658,/metrics/pcl/back/processing_ms,std_msgs/msg/Float32,77.04801940917969
1774524946.2832947,/metrics/pcl/back/detections_count,std_msgs/msg/Int32,33
1774524946.2834108,/metrics/pcl/back/points_in,std_msgs/msg/Int32,22152
1774524946.283503,/metrics/pcl/back/processing_ms,std_msgs/msg/Float32,75.68550872802734
1774524946.3849175,/metrics/pcl/back/detections_count,std_msgs/msg/Int32,32
1774524946.3850324,/metrics/pcl/back/points_in,std_msgs/msg/Int32,22152
1774524946.385119,/metrics/pcl/back/processing_ms,std_msgs/msg/Float32,75.68584442138672
1774524946.485846,/metrics/pcl/back/detections_count,std_msgs/msg/Int32,31
1774524946.4859812,/metrics/pcl/back/points_in,std_msgs/msg/Int32,22152
1774524946.4860675,/metrics/pcl/back/processing_ms,std_msgs/msg/Float32,76.46560668945312
1774524946.5866535,/metrics/pcl/back/detections_count,std_msgs/msg/Int32,34
1774524946.5867639,/metrics/pcl/back/points_in,std_msgs/msg/Int32,22152
1774524946.5868278,/metrics/pcl/back/processing_ms,std_msgs/msg/Float32,75.43705749511719
1774524946.6817372,/metrics/pcl/back/detections_count,std_msgs/msg/Int32,31
1774524946.6818593,/metrics/pcl/back/points_in,std_msgs/msg/Int32,22152
1774524946.6819239,/metrics/pcl/back/processing_ms,std_msgs/msg/Float32,74.95506286621094
1774524946.7814412,/metrics/pcl/back/detections_count,std_msgs/msg/Int32,32
1774524946.7815547,/metrics/pcl/back/points_in,std_msgs/msg/Int32,22152
1774524946.781618,/metrics/pcl/back/processing_ms,std_msgs/msg/Float32,74.06311798095703
1774524946.8826945,/metrics/pcl/back/detections_count,std_msgs/msg/Int32,31
1774524946.8828406,/metrics/pcl/back/points_in,std_msgs/msg/Int32,22152
1774524946.882947,/metrics/pcl/back/processing_ms,std_msgs/msg/Float32,74.04381561279297
1774524946.983774,/metrics/pcl/back/detections_count,std_msgs/msg/Int32,30
1774524946.9839087,/metrics/pcl/back/points_in,std_msgs/msg/Int32,22152
1774524946.9839983,/metrics/pcl/back/processing_ms,std_msgs/msg/Float32,74.478759765625
1774524947.0845718,/metrics/pcl/back/detections_count,std_msgs/msg/Int32,28
1774524947.0847173,/metrics/pcl/back/points_in,std_msgs/msg/Int32,22152
1774524947.084816,/metrics/pcl/back/processing_ms,std_msgs/msg/Float32,74.49776458740234
1774524947.1816635,/metrics/pcl/back/detections_count,std_msgs/msg/Int32,28
1774524947.1817937,/metrics/pcl/back/points_in,std_msgs/msg/Int32,22152
1774524947.1818683,/metrics/pcl/back/processing_ms,std_msgs/msg/Float32,75.02725982666016
1774524947.2817538,/metrics/pcl/back/detections_count,std_msgs/msg/Int32,30
1774524947.2818694,/metrics/pcl/back/points_in,std_msgs/msg/Int32,22152
1774524947.281933,/metrics/pcl/back/processing_ms,std_msgs/msg/Float32,74.60584259033203
1774524947.3821702,/metrics/pcl/back/detections_count,std_msgs/msg/Int32,29
1774524947.3822966,/metrics/pcl/back/points_in,std_msgs/msg/Int32,22152
1774524947.382369,/metrics/pcl/back/processing_ms,std_msgs/msg/Float32,73.83439636230469
1774524947.4898903,/metrics/pcl/back/detections_count,std_msgs/msg/Int32,30
1774524947.4900484,/metrics/pcl/back/points_in,std_msgs/msg/Int32,22152
1774524947.4901323,/metrics/pcl/back/processing_ms,std_msgs/msg/Float32,80.55548095703125
1774524947.58482,/metrics/pcl/back/detections_count,std_msgs/msg/Int32,32
1774524947.5849392,/metrics/pcl/back/points_in,std_msgs/msg/Int32,22152
1774524947.5849957,/metrics/pcl/back/processing_ms,std_msgs/msg/Float32,75.29872131347656
1774524947.6849208,/metrics/pcl/back/detections_count,std_msgs/msg/Int32,31
1774524947.6850688,/metrics/pcl/back/points_in,std_msgs/msg/Int32,22152
1774524947.6851294,/metrics/pcl/back/processing_ms,std_msgs/msg/Float32,74.77849578857422
1774524947.7819586,/metrics/pcl/back/detections_count,std_msgs/msg/Int32,29
1774524947.7820895,/metrics/pcl/back/points_in,std_msgs/msg/Int32,22152
1774524947.7821727,/metrics/pcl/back/processing_ms,std_msgs/msg/Float32,75.58077239990234
1774524947.8851178,/metrics/pcl/back/detections_count,std_msgs/msg/Int32,29
1774524947.8852298,/metrics/pcl/back/points_in,std_msgs/msg/Int32,22152
1774524947.8852937,/metrics/pcl/back/processing_ms,std_msgs/msg/Float32,78.01505279541016
1774524947.983644,/metrics/pcl/back/detections_count,std_msgs/msg/Int32,31
1774524947.98376,/metrics/pcl/back/points_in,std_msgs/msg/Int32,22152
1774524947.9838252,/metrics/pcl/back/processing_ms,std_msgs/msg/Float32,75.14591217041016
1774524948.082551,/metrics/pcl/back/detections_count,std_msgs/msg/Int32,29
1774524948.082663,/metrics/pcl/back/points_in,std_msgs/msg/Int32,22152
1774524948.082726,/metrics/pcl/back/processing_ms,std_msgs/msg/Float32,73.49091339111328
1774524948.1841872,/metrics/pcl/back/detections_count,std_msgs/msg/Int32,28
1774524948.1843166,/metrics/pcl/back/points_in,std_msgs/msg/Int32,22152
1774524948.1843863,/metrics/pcl/back/processing_ms,std_msgs/msg/Float32,73.57150268554688
1774524948.2835617,/metrics/pcl/back/detections_count,std_msgs/msg/Int32,28
1774524948.2836807,/metrics/pcl/back/points_in,std_msgs/msg/Int32,22152
1774524948.2837446,/metrics/pcl/back/processing_ms,std_msgs/msg/Float32,73.4061279296875
1774524948.3826299,/metrics/pcl/back/detections_count,std_msgs/msg/Int32,28
1774524948.3827584,/metrics/pcl/back/points_in,std_msgs/msg/Int32,22152
1774524948.3828342,/metrics/pcl/back/processing_ms,std_msgs/msg/Float32,76.2170181274414
1774524948.4795332,/metrics/pcl/back/detections_count,std_msgs/msg/Int32,33
1774524948.4796474,/metrics/pcl/back/points_in,std_msgs/msg/Int32,22152
1774524948.479711,/metrics/pcl/back/processing_ms,std_msgs/msg/Float32,72.34652709960938
1774524948.581088,/metrics/pcl/back/detections_count,std_msgs/msg/Int32,33
1774524948.5812693,/metrics/pcl/back/points_in,std_msgs/msg/Int32,22152
1774524948.5813603,/metrics/pcl/back/processing_ms,std_msgs/msg/Float32,72.88219451904297
1774524948.6814806,/metrics/pcl/back/detections_count,std_msgs/msg/Int32,34
1774524948.681602,/metrics/pcl/back/processing_ms,std_msgs/msg/Float32,72.54881286621094
1774524948.6818194,/metrics/pcl/back/points_in,std_msgs/msg/Int32,22152
1774524948.7811031,/metrics/pcl/back/detections_count,std_msgs/msg/Int32,35
1774524948.7812507,/metrics/pcl/back/points_in,std_msgs/msg/Int32,22152
1774524948.7813618,/metrics/pcl/back/processing_ms,std_msgs/msg/Float32,71.2398452758789
1774524948.8799329,/metrics/pcl/back/detections_count,std_msgs/msg/Int32,34
1774524948.8800628,/metrics/pcl/back/points_in,std_msgs/msg/Int32,22152
1774524948.8801231,/metrics/pcl/back/processing_ms,std_msgs/msg/Float32,70.19680786132812
1774524948.9802048,/metrics/pcl/back/detections_count,std_msgs/msg/Int32,37
1774524948.980338,/metrics/pcl/back/points_in,std_msgs/msg/Int32,22152
1774524948.9804072,/metrics/pcl/back/processing_ms,std_msgs/msg/Float32,72.86962890625
1774524949.0819263,/metrics/pcl/back/detections_count,std_msgs/msg/Int32,34
1774524949.082039,/metrics/pcl/back/points_in,std_msgs/msg/Int32,22152
1774524949.0821037,/metrics/pcl/back/processing_ms,std_msgs/msg/Float32,73.80741882324219
1774524949.181885,/metrics/pcl/back/detections_count,std_msgs/msg/Int32,36
1774524949.1819973,/metrics/pcl/back/points_in,std_msgs/msg/Int32,22152
1774524949.1820612,/metrics/pcl/back/processing_ms,std_msgs/msg/Float32,73.66667938232422
1774524949.2800224,/metrics/pcl/back/detections_count,std_msgs/msg/Int32,42
1774524949.280167,/metrics/pcl/back/points_in,std_msgs/msg/Int32,22152
1774524949.2841241,/metrics/pcl/back/processing_ms,std_msgs/msg/Float32,70.58279418945312
1774524949.380709,/metrics/pcl/back/detections_count,std_msgs/msg/Int32,36
1774524949.380918,/metrics/pcl/back/points_in,std_msgs/msg/Int32,22152
1774524949.381016,/metrics/pcl/back/processing_ms,std_msgs/msg/Float32,71.31218719482422
1774524949.4839861,/metrics/pcl/back/detections_count,std_msgs/msg/Int32,33
1774524949.484098,/metrics/pcl/back/points_in,std_msgs/msg/Int32,22152
1774524949.4841647,/metrics/pcl/back/processing_ms,std_msgs/msg/Float32,73.66751098632812
1774524949.582593,/metrics/pcl/back/detections_count,std_msgs/msg/Int32,33
1774524949.5827277,/metrics/pcl/back/points_in,std_msgs/msg/Int32,22152
1774524949.582796,/metrics/pcl/back/processing_ms,std_msgs/msg/Float32,75.41412353515625
1774524949.681261,/metrics/pcl/back/detections_count,std_msgs/msg/Int32,39
1774524949.6813896,/metrics/pcl/back/points_in,std_msgs/msg/Int32,22152
1774524949.6814559,/metrics/pcl/back/processing_ms,std_msgs/msg/Float32,73.82820892333984
1774524949.7843924,/metrics/pcl/back/detections_count,std_msgs/msg/Int32,35
1774524949.7845094,/metrics/pcl/back/points_in,std_msgs/msg/Int32,22152
1774524949.7845755,/metrics/pcl/back/processing_ms,std_msgs/msg/Float32,75.55719757080078
1774524949.8828313,/metrics/pcl/back/detections_count,std_msgs/msg/Int32,39
1774524949.882938,/metrics/pcl/back/points_in,std_msgs/msg/Int32,22152
1774524949.883001,/metrics/pcl/back/processing_ms,std_msgs/msg/Float32,73.97607421875
1774524949.986183,/metrics/pcl/back/detections_count,std_msgs/msg/Int32,41
1774524949.9863033,/metrics/pcl/back/points_in,std_msgs/msg/Int32,22152
1774524949.9863605,/metrics/pcl/back/processing_ms,std_msgs/msg/Float32,76.53703308105469
1774524950.0848882,/metrics/pcl/back/detections_count,std_msgs/msg/Int32,35
1774524950.0850697,/metrics/pcl/back/points_in,std_msgs/msg/Int32,22152
1774524950.085148,/metrics/pcl/back/processing_ms,std_msgs/msg/Float32,78.38184356689453
1774524950.1845741,/metrics/pcl/back/detections_count,std_msgs/msg/Int32,34
1774524950.1846838,/metrics/pcl/back/points_in,std_msgs/msg/Int32,22152
1774524950.184739,/metrics/pcl/back/processing_ms,std_msgs/msg/Float32,77.34516906738281
1774524950.2835753,/metrics/pcl/back/detections_count,std_msgs/msg/Int32,36
1774524950.283692,/metrics/pcl/back/points_in,std_msgs/msg/Int32,22152
1774524950.2837555,/metrics/pcl/back/processing_ms,std_msgs/msg/Float32,76.22669219970703
1774524950.3864896,/metrics/pcl/back/detections_count,std_msgs/msg/Int32,38
1774524950.3866067,/metrics/pcl/back/points_in,std_msgs/msg/Int32,22152
1774524950.386685,/metrics/pcl/back/processing_ms,std_msgs/msg/Float32,77.91460418701172
1774524950.4863572,/metrics/pcl/back/detections_count,std_msgs/msg/Int32,36
1774524950.4864717,/metrics/pcl/back/points_in,std_msgs/msg/Int32,22152
1774524950.486537,/metrics/pcl/back/processing_ms,std_msgs/msg/Float32,76.8892593383789
1774524950.5897121,/metrics/pcl/back/detections_count,std_msgs/msg/Int32,32
1774524950.5898242,/metrics/pcl/back/points_in,std_msgs/msg/Int32,22152
1774524950.5898988,/metrics/pcl/back/processing_ms,std_msgs/msg/Float32,78.95655059814453
1774524950.6838477,/metrics/pcl/back/detections_count,std_msgs/msg/Int32,34
1774524950.6839597,/metrics/pcl/back/points_in,std_msgs/msg/Int32,22152
1774524950.684032,/metrics/pcl/back/processing_ms,std_msgs/msg/Float32,76.7983169555664
1774524950.7826197,/metrics/pcl/back/detections_count,std_msgs/msg/Int32,39
1774524950.7827604,/metrics/pcl/back/points_in,std_msgs/msg/Int32,22152
1774524950.7828279,/metrics/pcl/back/processing_ms,std_msgs/msg/Float32,75.5683364868164
1774524950.8911848,/metrics/pcl/back/detections_count,std_msgs/msg/Int32,35
1774524950.891319,/metrics/pcl/back/points_in,std_msgs/msg/Int32,22152
1774524950.8913927,/metrics/pcl/back/processing_ms,std_msgs/msg/Float32,83.25308990478516
1774524950.9868255,/metrics/pcl/back/detections_count,std_msgs/msg/Int32,36
1774524950.9869633,/metrics/pcl/back/points_in,std_msgs/msg/Int32,22152
1774524950.9870534,/metrics/pcl/back/processing_ms,std_msgs/msg/Float32,78.07572174072266
1774524951.1002634,/metrics/pcl/back/detections_count,std_msgs/msg/Int32,37
1774524951.100392,/metrics/pcl/back/points_in,std_msgs/msg/Int32,22152
1774524951.1004634,/metrics/pcl/back/processing_ms,std_msgs/msg/Float32,90.54376983642578
1774524951.1941717,/metrics/pcl/back/detections_count,std_msgs/msg/Int32,35
1774524951.1942935,/metrics/pcl/back/points_in,std_msgs/msg/Int32,22152
1774524951.1943636,/metrics/pcl/back/processing_ms,std_msgs/msg/Float32,83.38323974609375
1774524951.2907202,/metrics/pcl/back/detections_count,std_msgs/msg/Int32,37
1774524951.2908452,/metrics/pcl/back/points_in,std_msgs/msg/Int32,22152
1774524951.2909143,/metrics/pcl/back/processing_ms,std_msgs/msg/Float32,84.22366333007812
1774524951.394421,/metrics/pcl/back/detections_count,std_msgs/msg/Int32,35
1774524951.3945823,/metrics/pcl/back/points_in,std_msgs/msg/Int32,22152
1774524951.394654,/metrics/pcl/back/processing_ms,std_msgs/msg/Float32,86.58799743652344
1774524951.4887846,/metrics/pcl/back/detections_count,std_msgs/msg/Int32,37
1774524951.4889421,/metrics/pcl/back/points_in,std_msgs/msg/Int32,22152
1774524951.4890187,/metrics/pcl/back/processing_ms,std_msgs/msg/Float32,80.3271713256836
1774524951.589143,/metrics/pcl/back/detections_count,std_msgs/msg/Int32,38
1774524951.589356,/metrics/pcl/back/points_in,std_msgs/msg/Int32,22152
1774524951.5894608,/metrics/pcl/back/processing_ms,std_msgs/msg/Float32,79.53433227539062
1774524951.6894143,/metrics/pcl/back/detections_count,std_msgs/msg/Int32,34
1774524951.6895406,/metrics/pcl/back/points_in,std_msgs/msg/Int32,22152
1774524951.6896207,/metrics/pcl/back/processing_ms,std_msgs/msg/Float32,79.83187103271484
1774524951.7893717,/metrics/pcl/back/detections_count,std_msgs/msg/Int32,35
1774524951.789494,/metrics/pcl/back/points_in,std_msgs/msg/Int32,22152
1774524951.7895827,/metrics/pcl/back/processing_ms,std_msgs/msg/Float32,78.90644073486328
1774524951.885518,/metrics/pcl/back/detections_count,std_msgs/msg/Int32,32
1774524951.8856678,/metrics/pcl/back/points_in,std_msgs/msg/Int32,22152
1774524951.885779,/metrics/pcl/back/processing_ms,std_msgs/msg/Float32,78.41578674316406
1774524951.985695,/metrics/pcl/back/detections_count,std_msgs/msg/Int32,37
1774524951.9858096,/metrics/pcl/back/points_in,std_msgs/msg/Int32,22152
1774524951.9858723,/metrics/pcl/back/processing_ms,std_msgs/msg/Float32,77.83318328857422
1774524952.0843132,/metrics/pcl/back/detections_count,std_msgs/msg/Int32,37
1774524952.084425,/metrics/pcl/back/points_in,std_msgs/msg/Int32,22152
1774524952.0844965,/metrics/pcl/back/processing_ms,std_msgs/msg/Float32,75.3692626953125
1774524952.1877387,/metrics/pcl/back/detections_count,std_msgs/msg/Int32,32
1774524952.1878512,/metrics/pcl/back/points_in,std_msgs/msg/Int32,22152
1774524952.1879199,/metrics/pcl/back/processing_ms,std_msgs/msg/Float32,77.94126892089844
1774524952.2847953,/metrics/pcl/back/detections_count,std_msgs/msg/Int32,38
1774524952.284902,/metrics/pcl/back/points_in,std_msgs/msg/Int32,22152
1774524952.2849572,/metrics/pcl/back/processing_ms,std_msgs/msg/Float32,74.48347473144531
1774524952.3839524,/metrics/pcl/back/detections_count,std_msgs/msg/Int32,36
1774524952.384075,/metrics/pcl/back/points_in,std_msgs/msg/Int32,22152
1774524952.384141,/metrics/pcl/back/processing_ms,std_msgs/msg/Float32,77.50972747802734
1774524952.4884756,/metrics/pcl/back/detections_count,std_msgs/msg/Int32,36
1774524952.4886026,/metrics/pcl/back/points_in,std_msgs/msg/Int32,22152
1774524952.4886813,/metrics/pcl/back/processing_ms,std_msgs/msg/Float32,81.02718353271484
1774524952.588222,/metrics/pcl/back/detections_count,std_msgs/msg/Int32,31
1774524952.5883656,/metrics/pcl/back/points_in,std_msgs/msg/Int32,22152
1774524952.5884535,/metrics/pcl/back/processing_ms,std_msgs/msg/Float32,80.2918472290039
1774524952.6886127,/metrics/pcl/back/detections_count,std_msgs/msg/Int32,32
1774524952.6887288,/metrics/pcl/back/points_in,std_msgs/msg/Int32,22152
1774524952.688797,/metrics/pcl/back/processing_ms,std_msgs/msg/Float32,80.38822937011719
1774524952.7886245,/metrics/pcl/back/detections_count,std_msgs/msg/Int32,34
1774524952.7887378,/metrics/pcl/back/points_in,std_msgs/msg/Int32,22152
1774524952.7888021,/metrics/pcl/back/processing_ms,std_msgs/msg/Float32,78.58390808105469
1774524952.8889205,/metrics/pcl/back/detections_count,std_msgs/msg/Int32,33
1774524952.8890324,/metrics/pcl/back/points_in,std_msgs/msg/Int32,22152
1774524952.8891046,/metrics/pcl/back/processing_ms,std_msgs/msg/Float32,79.12576293945312
1774524952.9827983,/metrics/pcl/back/detections_count,std_msgs/msg/Int32,32
1774524952.9828997,/metrics/pcl/back/points_in,std_msgs/msg/Int32,22152
1774524952.982974,/metrics/pcl/back/processing_ms,std_msgs/msg/Float32,75.38878631591797
1774524953.0841427,/metrics/pcl/back/detections_count,std_msgs/msg/Int32,34
1774524953.0842576,/metrics/pcl/back/points_in,std_msgs/msg/Int32,22152
1774524953.0843406,/metrics/pcl/back/processing_ms,std_msgs/msg/Float32,76.33763122558594
1774524953.1820383,/metrics/pcl/back/detections_count,std_msgs/msg/Int32,33
1774524953.1821656,/metrics/pcl/back/points_in,std_msgs/msg/Int32,22152
1774524953.1822321,/metrics/pcl/back/processing_ms,std_msgs/msg/Float32,73.96619415283203
1774524953.2824368,/metrics/pcl/back/detections_count,std_msgs/msg/Int32,35
1774524953.282568,/metrics/pcl/back/points_in,std_msgs/msg/Int32,22152
1774524953.2826333,/metrics/pcl/back/processing_ms,std_msgs/msg/Float32,73.58930969238281
1774524953.3852494,/metrics/pcl/back/detections_count,std_msgs/msg/Int32,35
1774524953.3853989,/metrics/pcl/back/points_in,std_msgs/msg/Int32,22152
1774524953.3854623,/metrics/pcl/back/processing_ms,std_msgs/msg/Float32,75.58476257324219
1774524953.486962,/metrics/pcl/back/detections_count,std_msgs/msg/Int32,30
1774524953.4870746,/metrics/pcl/back/points_in,std_msgs/msg/Int32,22152
1774524953.4871411,/metrics/pcl/back/processing_ms,std_msgs/msg/Float32,76.52893829345703
1774524953.5820537,/metrics/pcl/back/detections_count,std_msgs/msg/Int32,35
1774524953.5821846,/metrics/pcl/back/points_in,std_msgs/msg/Int32,22152
1774524953.5822499,/metrics/pcl/back/processing_ms,std_msgs/msg/Float32,75.14969635009766
1774524953.685732,/metrics/pcl/back/detections_count,std_msgs/msg/Int32,30
1774524953.6858513,/metrics/pcl/back/points_in,std_msgs/msg/Int32,22152
1774524953.6859188,/metrics/pcl/back/processing_ms,std_msgs/msg/Float32,78.08950805664062
1774524953.7861345,/metrics/pcl/back/detections_count,std_msgs/msg/Int32,30
1774524953.786258,/metrics/pcl/back/points_in,std_msgs/msg/Int32,22152
1774524953.7863345,/metrics/pcl/back/processing_ms,std_msgs/msg/Float32,77.35662078857422
1774524953.8857362,/metrics/pcl/back/detections_count,std_msgs/msg/Int32,36
1774524953.8858504,/metrics/pcl/back/points_in,std_msgs/msg/Int32,22152
1774524953.8859153,/metrics/pcl/back/processing_ms,std_msgs/msg/Float32,76.50128173828125
1774524953.984861,/metrics/pcl/back/detections_count,std_msgs/msg/Int32,34
1774524953.9849918,/metrics/pcl/back/points_in,std_msgs/msg/Int32,22152
1774524953.9850657,/metrics/pcl/back/processing_ms,std_msgs/msg/Float32,75.8016128540039
1774524954.0854087,/metrics/pcl/back/detections_count,std_msgs/msg/Int32,34
1774524954.0855527,/metrics/pcl/back/points_in,std_msgs/msg/Int32,22152
1774524954.0856545,/metrics/pcl/back/processing_ms,std_msgs/msg/Float32,75.17240905761719
1774524954.182848,/metrics/pcl/back/detections_count,std_msgs/msg/Int32,33
1774524954.1829722,/metrics/pcl/back/points_in,std_msgs/msg/Int32,22152
1774524954.1830292,/metrics/pcl/back/processing_ms,std_msgs/msg/Float32,76.09901428222656
1774524954.286176,/metrics/pcl/back/detections_count,std_msgs/msg/Int32,33
1774524954.2863004,/metrics/pcl/back/points_in,std_msgs/msg/Int32,22152
1774524954.2863739,/metrics/pcl/back/processing_ms,std_msgs/msg/Float32,78.4491958618164
1774524954.3836167,/metrics/pcl/back/detections_count,std_msgs/msg/Int32,35
1774524954.3837302,/metrics/pcl/back/points_in,std_msgs/msg/Int32,22152
1774524954.3837929,/metrics/pcl/back/processing_ms,std_msgs/msg/Float32,75.10596466064453
1774524954.4843812,/metrics/pcl/back/detections_count,std_msgs/msg/Int32,34
1774524954.4845033,/metrics/pcl/back/points_in,std_msgs/msg/Int32,22152
1774524954.4845753,/metrics/pcl/back/processing_ms,std_msgs/msg/Float32,75.21601104736328
1774524954.5849352,/metrics/pcl/back/detections_count,std_msgs/msg/Int32,34
1774524954.5850492,/metrics/pcl/back/points_in,std_msgs/msg/Int32,22152
1774524954.5851166,/metrics/pcl/back/processing_ms,std_msgs/msg/Float32,74.48841857910156
1774524954.682099,/metrics/pcl/back/detections_count,std_msgs/msg/Int32,33
1774524954.6822133,/metrics/pcl/back/points_in,std_msgs/msg/Int32,22152
1774524954.6823275,/metrics/pcl/back/processing_ms,std_msgs/msg/Float32,75.43922424316406
1774524954.7843487,/metrics/pcl/back/detections_count,std_msgs/msg/Int32,33
1774524954.784464,/metrics/pcl/back/points_in,std_msgs/msg/Int32,22152
1774524954.7845316,/metrics/pcl/back/processing_ms,std_msgs/msg/Float32,76.2826156616211
1774524954.8850708,/metrics/pcl/back/detections_count,std_msgs/msg/Int32,38
1774524954.8852427,/metrics/pcl/back/points_in,std_msgs/msg/Int32,22152
1774524954.8853405,/metrics/pcl/back/processing_ms,std_msgs/msg/Float32,77.49947357177734
1774524954.986741,/metrics/pcl/back/detections_count,std_msgs/msg/Int32,32
1774524954.9868646,/metrics/pcl/back/points_in,std_msgs/msg/Int32,22152
1774524954.9869304,/metrics/pcl/back/processing_ms,std_msgs/msg/Float32,78.43086242675781
1774524955.087872,/metrics/pcl/back/detections_count,std_msgs/msg/Int32,38
1774524955.0879862,/metrics/pcl/back/points_in,std_msgs/msg/Int32,22152
1774524955.088055,/metrics/pcl/back/processing_ms,std_msgs/msg/Float32,78.24894714355469
1774524955.1913414,/metrics/pcl/back/detections_count,std_msgs/msg/Int32,31
1774524955.19149,/metrics/pcl/back/points_in,std_msgs/msg/Int32,22152
1774524955.1915581,/metrics/pcl/back/processing_ms,std_msgs/msg/Float32,81.43116760253906
1774524955.2878017,/metrics/pcl/back/detections_count,std_msgs/msg/Int32,33
1774524955.287924,/metrics/pcl/back/points_in,std_msgs/msg/Int32,22152
1774524955.2879932,/metrics/pcl/back/processing_ms,std_msgs/msg/Float32,81.21831512451172
1774524955.3860931,/metrics/pcl/back/detections_count,std_msgs/msg/Int32,34
1774524955.3862076,/metrics/pcl/back/points_in,std_msgs/msg/Int32,22152
1774524955.3862984,/metrics/pcl/back/processing_ms,std_msgs/msg/Float32,78.2470703125
1774524955.4874127,/metrics/pcl/back/detections_count,std_msgs/msg/Int32,38
1774524955.4875288,/metrics/pcl/back/points_in,std_msgs/msg/Int32,22152
1774524955.4875965,/metrics/pcl/back/processing_ms,std_msgs/msg/Float32,78.8134536743164
1774524955.587267,/metrics/pcl/back/detections_count,std_msgs/msg/Int32,34
1774524955.5874321,/metrics/pcl/back/points_in,std_msgs/msg/Int32,22152
1774524955.587501,/metrics/pcl/back/processing_ms,std_msgs/msg/Float32,78.52415466308594
1774524955.6932132,/metrics/pcl/back/detections_count,std_msgs/msg/Int32,32
1774524955.6933503,/metrics/pcl/back/processing_ms,std_msgs/msg/Float32,83.61451721191406
1774524955.6935654,/metrics/pcl/back/points_in,std_msgs/msg/Int32,22152
1774524955.791762,/metrics/pcl/back/detections_count,std_msgs/msg/Int32,35
1774524955.7918704,/metrics/pcl/back/points_in,std_msgs/msg/Int32,22152
1774524955.7919352,/metrics/pcl/back/processing_ms,std_msgs/msg/Float32,81.67913055419922
1774524955.8842309,/metrics/pcl/back/detections_count,std_msgs/msg/Int32,37
1774524955.8843844,/metrics/pcl/back/points_in,std_msgs/msg/Int32,22152
1774524955.8844526,/metrics/pcl/back/processing_ms,std_msgs/msg/Float32,78.09471130371094
1774524955.9918056,/metrics/pcl/back/detections_count,std_msgs/msg/Int32,35
1774524955.9919295,/metrics/pcl/back/points_in,std_msgs/msg/Int32,22152
1774524955.992003,/metrics/pcl/back/processing_ms,std_msgs/msg/Float32,84.12114715576172
1774524956.094972,/metrics/pcl/back/detections_count,std_msgs/msg/Int32,35
1774524956.0950956,/metrics/pcl/back/points_in,std_msgs/msg/Int32,22152
1774524956.0951524,/metrics/pcl/back/processing_ms,std_msgs/msg/Float32,87.19183349609375
1774524956.1908123,/metrics/pcl/back/detections_count,std_msgs/msg/Int32,35
1774524956.1909273,/metrics/pcl/back/points_in,std_msgs/msg/Int32,22152
1774524956.1909928,/metrics/pcl/back/processing_ms,std_msgs/msg/Float32,81.38633728027344
1774524956.2930274,/metrics/pcl/back/detections_count,std_msgs/msg/Int32,38
1774524956.2932277,/metrics/pcl/back/points_in,std_msgs/msg/Int32,22152
1774524956.2933896,/metrics/pcl/back/processing_ms,std_msgs/msg/Float32,82.74859619140625
1774524956.4001634,/metrics/pcl/back/detections_count,std_msgs/msg/Int32,37
1774524956.4003124,/metrics/pcl/back/points_in,std_msgs/msg/Int32,22152
1774524956.4004166,/metrics/pcl/back/processing_ms,std_msgs/msg/Float32,89.9609146118164
1774524956.4851203,/metrics/pcl/back/detections_count,std_msgs/msg/Int32,33
1774524956.4853146,/metrics/pcl/back/points_in,std_msgs/msg/Int32,22152
1774524956.485401,/metrics/pcl/back/processing_ms,std_msgs/msg/Float32,78.45886993408203
1774524956.5860603,/metrics/pcl/back/detections_count,std_msgs/msg/Int32,37
1774524956.5861788,/metrics/pcl/back/points_in,std_msgs/msg/Int32,22152
1774524956.5862443,/metrics/pcl/back/processing_ms,std_msgs/msg/Float32,78.51570892333984
1774524956.685145,/metrics/pcl/back/detections_count,std_msgs/msg/Int32,36
1774524956.6852689,/metrics/pcl/back/points_in,std_msgs/msg/Int32,22152
1774524956.685348,/metrics/pcl/back/processing_ms,std_msgs/msg/Float32,77.28346252441406
1774524956.785841,/metrics/pcl/back/detections_count,std_msgs/msg/Int32,36
1774524956.7859645,/metrics/pcl/back/points_in,std_msgs/msg/Int32,22152
1774524956.7860293,/metrics/pcl/back/processing_ms,std_msgs/msg/Float32,76.56871795654297
1774524956.8866866,/metrics/pcl/back/detections_count,std_msgs/msg/Int32,34
1774524956.8867974,/metrics/pcl/back/points_in,std_msgs/msg/Int32,22152
1774524956.8868623,/metrics/pcl/back/processing_ms,std_msgs/msg/Float32,76.7814712524414
1774524956.983976,/metrics/pcl/back/detections_count,std_msgs/msg/Int32,33
1774524956.98408,/metrics/pcl/back/points_in,std_msgs/msg/Int32,22152
1774524956.9841335,/metrics/pcl/back/processing_ms,std_msgs/msg/Float32,77.0949935913086
1774524957.0860593,/metrics/pcl/back/detections_count,std_msgs/msg/Int32,35
1774524957.086196,/metrics/pcl/back/points_in,std_msgs/msg/Int32,22152
1774524957.0862968,/metrics/pcl/back/processing_ms,std_msgs/msg/Float32,78.40668487548828
1774524957.1834939,/metrics/pcl/back/detections_count,std_msgs/msg/Int32,35
1774524957.1836278,/metrics/pcl/back/points_in,std_msgs/msg/Int32,22152
1774524957.1837065,/metrics/pcl/back/processing_ms,std_msgs/msg/Float32,75.63483428955078
1774524957.285162,/metrics/pcl/back/detections_count,std_msgs/msg/Int32,35
1774524957.2853537,/metrics/pcl/back/points_in,std_msgs/msg/Int32,22152
1774524957.2854383,/metrics/pcl/back/processing_ms,std_msgs/msg/Float32,76.3180160522461
1774524957.3866212,/metrics/pcl/back/detections_count,std_msgs/msg/Int32,37
1774524957.3867645,/metrics/pcl/back/points_in,std_msgs/msg/Int32,22152
1774524957.386873,/metrics/pcl/back/processing_ms,std_msgs/msg/Float32,77.6175765991211
1774524957.4861772,/metrics/pcl/back/detections_count,std_msgs/msg/Int32,37
1774524957.4863167,/metrics/pcl/back/points_in,std_msgs/msg/Int32,22152
1774524957.4863868,/metrics/pcl/back/processing_ms,std_msgs/msg/Float32,75.97761535644531
1774524957.5842373,/metrics/pcl/back/detections_count,std_msgs/msg/Int32,32
1774524957.5843737,/metrics/pcl/back/points_in,std_msgs/msg/Int32,22152
1774524957.584449,/metrics/pcl/back/processing_ms,std_msgs/msg/Float32,77.99398040771484
1774524957.6837997,/metrics/pcl/back/detections_count,std_msgs/msg/Int32,37
1774524957.6839194,/metrics/pcl/back/points_in,std_msgs/msg/Int32,22152
1774524957.6839828,/metrics/pcl/back/processing_ms,std_msgs/msg/Float32,76.7469482421875
1774524957.7855077,/metrics/pcl/back/detections_count,std_msgs/msg/Int32,33
1774524957.785629,/metrics/pcl/back/points_in,std_msgs/msg/Int32,22152
1774524957.7856934,/metrics/pcl/back/processing_ms,std_msgs/msg/Float32,77.192138671875
1774524957.8844242,/metrics/pcl/back/detections_count,std_msgs/msg/Int32,38
1774524957.8845446,/metrics/pcl/back/points_in,std_msgs/msg/Int32,22152
1774524957.8846092,/metrics/pcl/back/processing_ms,std_msgs/msg/Float32,75.44416809082031
1774524957.986045,/metrics/pcl/back/detections_count,std_msgs/msg/Int32,41
1774524957.9861817,/metrics/pcl/back/points_in,std_msgs/msg/Int32,22152
1774524957.9862554,/metrics/pcl/back/processing_ms,std_msgs/msg/Float32,76.82842254638672
1774524958.0886517,/metrics/pcl/back/detections_count,std_msgs/msg/Int32,33
1774524958.0887842,/metrics/pcl/back/points_in,std_msgs/msg/Int32,22152
1774524958.0888824,/metrics/pcl/back/processing_ms,std_msgs/msg/Float32,78.73119354248047
1774524958.1838655,/metrics/pcl/back/detections_count,std_msgs/msg/Int32,36
1774524958.1840117,/metrics/pcl/back/points_in,std_msgs/msg/Int32,22152
1774524958.1841009,/metrics/pcl/back/processing_ms,std_msgs/msg/Float32,77.77827453613281
1774524958.283563,/metrics/pcl/back/detections_count,std_msgs/msg/Int32,39
1774524958.2836773,/metrics/pcl/back/points_in,std_msgs/msg/Int32,22152
1774524958.2837486,/metrics/pcl/back/processing_ms,std_msgs/msg/Float32,76.35343933105469
1774524958.3913777,/metrics/pcl/back/detections_count,std_msgs/msg/Int32,34
1774524958.3915055,/metrics/pcl/back/points_in,std_msgs/msg/Int32,22152
1774524958.3915913,/metrics/pcl/back/processing_ms,std_msgs/msg/Float32,78.9130859375
1774524958.4875987,/metrics/pcl/back/detections_count,std_msgs/msg/Int32,37
1774524958.487735,/metrics/pcl/back/points_in,std_msgs/msg/Int32,22152
1774524958.4878209,/metrics/pcl/back/processing_ms,std_msgs/msg/Float32,75.72265625
1774524958.5872173,/metrics/pcl/back/detections_count,std_msgs/msg/Int32,40
1774524958.5873764,/metrics/pcl/back/points_in,std_msgs/msg/Int32,22152
1774524958.5874488,/metrics/pcl/back/processing_ms,std_msgs/msg/Float32,77.39535522460938
1774524958.6859436,/metrics/pcl/back/detections_count,std_msgs/msg/Int32,32
1774524958.686056,/metrics/pcl/back/points_in,std_msgs/msg/Int32,22152
1774524958.6861203,/metrics/pcl/back/processing_ms,std_msgs/msg/Float32,75.77813720703125
1774524958.7833626,/metrics/pcl/back/detections_count,std_msgs/msg/Int32,31
1774524958.783488,/metrics/pcl/back/points_in,std_msgs/msg/Int32,22152
1774524958.7835722,/metrics/pcl/back/processing_ms,std_msgs/msg/Float32,77.08214569091797
1774524958.883657,/metrics/pcl/back/detections_count,std_msgs/msg/Int32,32
1774524958.8838286,/metrics/pcl/back/points_in,std_msgs/msg/Int32,22152
1774524958.8838882,/metrics/pcl/back/processing_ms,std_msgs/msg/Float32,76.4549560546875
1774524958.9840944,/metrics/pcl/back/detections_count,std_msgs/msg/Int32,37
1774524958.9842248,/metrics/pcl/back/points_in,std_msgs/msg/Int32,22152
1774524958.9843583,/metrics/pcl/back/processing_ms,std_msgs/msg/Float32,76.36015319824219
1774524959.084939,/metrics/pcl/back/detections_count,std_msgs/msg/Int32,38
1774524959.0850382,/metrics/pcl/back/points_in,std_msgs/msg/Int32,22152
1774524959.0850909,/metrics/pcl/back/processing_ms,std_msgs/msg/Float32,76.34312438964844
1774524959.1872075,/metrics/pcl/back/detections_count,std_msgs/msg/Int32,33
1774524959.1873384,/metrics/pcl/back/points_in,std_msgs/msg/Int32,22152
1774524959.1873982,/metrics/pcl/back/processing_ms,std_msgs/msg/Float32,77.0684585571289
1774524959.2874405,/metrics/pcl/back/detections_count,std_msgs/msg/Int32,34
1774524959.2875648,/metrics/pcl/back/points_in,std_msgs/msg/Int32,22152
1774524959.2876294,/metrics/pcl/back/processing_ms,std_msgs/msg/Float32,77.47116088867188
1774524959.38365,/metrics/pcl/back/detections_count,std_msgs/msg/Int32,34
1774524959.3837633,/metrics/pcl/back/points_in,std_msgs/msg/Int32,22152
1774524959.3838286,/metrics/pcl/back/processing_ms,std_msgs/msg/Float32,76.40221405029297
1774524959.4846215,/metrics/pcl/back/detections_count,std_msgs/msg/Int32,34
1774524959.4847424,/metrics/pcl/back/points_in,std_msgs/msg/Int32,22152
1774524959.4848099,/metrics/pcl/back/processing_ms,std_msgs/msg/Float32,77.12289428710938
1774524959.5848536,/metrics/pcl/back/detections_count,std_msgs/msg/Int32,33
1774524959.58498,/metrics/pcl/back/points_in,std_msgs/msg/Int32,22152
1774524959.5850484,/metrics/pcl/back/processing_ms,std_msgs/msg/Float32,76.93877410888672
1774524959.6847801,/metrics/pcl/back/detections_count,std_msgs/msg/Int32,35
1774524959.6849756,/metrics/pcl/back/points_in,std_msgs/msg/Int32,22152
1774524959.6850646,/metrics/pcl/back/processing_ms,std_msgs/msg/Float32,75.9549560546875
1774524959.7863026,/metrics/pcl/back/detections_count,std_msgs/msg/Int32,35
1774524959.7864277,/metrics/pcl/back/points_in,std_msgs/msg/Int32,22152
1774524959.786506,/metrics/pcl/back/processing_ms,std_msgs/msg/Float32,76.70037841796875
1774524959.8878562,/metrics/pcl/back/detections_count,std_msgs/msg/Int32,36
1774524959.8879712,/metrics/pcl/back/points_in,std_msgs/msg/Int32,22152
1774524959.8880415,/metrics/pcl/back/processing_ms,std_msgs/msg/Float32,78.07532501220703
1774524959.983883,/metrics/pcl/back/detections_count,std_msgs/msg/Int32,33
1774524959.9840288,/metrics/pcl/back/points_in,std_msgs/msg/Int32,22152
1774524959.984106,/metrics/pcl/back/processing_ms,std_msgs/msg/Float32,76.98391723632812
1774524960.0855894,/metrics/pcl/back/detections_count,std_msgs/msg/Int32,36
1774524960.0857038,/metrics/pcl/back/points_in,std_msgs/msg/Int32,22152
1774524960.0857706,/metrics/pcl/back/processing_ms,std_msgs/msg/Float32,78.14134979248047
1774524960.1846945,/metrics/pcl/back/detections_count,std_msgs/msg/Int32,34
1774524960.1848085,/metrics/pcl/back/points_in,std_msgs/msg/Int32,22152
1774524960.184878,/metrics/pcl/back/processing_ms,std_msgs/msg/Float32,76.24519348144531
1774524960.2849941,/metrics/pcl/back/detections_count,std_msgs/msg/Int32,35
1774524960.2851107,/metrics/pcl/back/points_in,std_msgs/msg/Int32,22152
1774524960.285179,/metrics/pcl/back/processing_ms,std_msgs/msg/Float32,75.81134033203125
1774524960.3855987,/metrics/pcl/back/detections_count,std_msgs/msg/Int32,36
1774524960.3857381,/metrics/pcl/back/points_in,std_msgs/msg/Int32,22152
1774524960.3858163,/metrics/pcl/back/processing_ms,std_msgs/msg/Float32,76.09417724609375
1774524960.4890099,/metrics/pcl/back/detections_count,std_msgs/msg/Int32,38
1774524960.48913,/metrics/pcl/back/points_in,std_msgs/msg/Int32,22152
1774524960.4892008,/metrics/pcl/back/processing_ms,std_msgs/msg/Float32,78.84002685546875
1774524960.5836308,/metrics/pcl/back/detections_count,std_msgs/msg/Int32,34
1774524960.5837762,/metrics/pcl/back/points_in,std_msgs/msg/Int32,22152
1774524960.5838609,/metrics/pcl/back/processing_ms,std_msgs/msg/Float32,77.39874267578125
1774524960.6836865,/metrics/pcl/back/detections_count,std_msgs/msg/Int32,35
1774524960.6838286,/metrics/pcl/back/points_in,std_msgs/msg/Int32,22152
1774524960.6839142,/metrics/pcl/back/processing_ms,std_msgs/msg/Float32,76.24140930175781
1774524960.7843814,/metrics/pcl/back/detections_count,std_msgs/msg/Int32,35
1774524960.7845042,/metrics/pcl/back/points_in,std_msgs/msg/Int32,22152
1774524960.7845707,/metrics/pcl/back/processing_ms,std_msgs/msg/Float32,76.35520935058594
1774524960.888396,/metrics/pcl/back/detections_count,std_msgs/msg/Int32,36
1774524960.888508,/metrics/pcl/back/points_in,std_msgs/msg/Int32,22152
1774524960.888576,/metrics/pcl/back/processing_ms,std_msgs/msg/Float32,79.4153060913086
1774524960.9900858,/metrics/pcl/back/detections_count,std_msgs/msg/Int32,36
1774524960.9902315,/metrics/pcl/back/points_in,std_msgs/msg/Int32,22152
1774524960.9903097,/metrics/pcl/back/processing_ms,std_msgs/msg/Float32,80.03858947753906
1774524961.0897517,/metrics/pcl/back/detections_count,std_msgs/msg/Int32,37
1774524961.08989,/metrics/pcl/back/points_in,std_msgs/msg/Int32,22152
1774524961.0899723,/metrics/pcl/back/processing_ms,std_msgs/msg/Float32,78.8275375366211
1774524961.182795,/metrics/pcl/back/detections_count,std_msgs/msg/Int32,38
1774524961.1829348,/metrics/pcl/back/points_in,std_msgs/msg/Int32,22152
1774524961.1830037,/metrics/pcl/back/processing_ms,std_msgs/msg/Float32,76.21858978271484
1774524961.2899776,/metrics/pcl/back/detections_count,std_msgs/msg/Int32,33
1774524961.2901068,/metrics/pcl/back/points_in,std_msgs/msg/Int32,22152
1774524961.2901845,/metrics/pcl/back/processing_ms,std_msgs/msg/Float32,82.5141372680664
1774524961.3857644,/metrics/pcl/back/detections_count,std_msgs/msg/Int32,39
1774524961.3858855,/metrics/pcl/back/points_in,std_msgs/msg/Int32,22152
1774524961.3859582,/metrics/pcl/back/processing_ms,std_msgs/msg/Float32,77.78960418701172
1774524961.485625,/metrics/pcl/back/detections_count,std_msgs/msg/Int32,38
1774524961.4857407,/metrics/pcl/back/points_in,std_msgs/msg/Int32,22152
1774524961.4858088,/metrics/pcl/back/processing_ms,std_msgs/msg/Float32,76.91374969482422
1774524961.587907,/metrics/pcl/back/detections_count,std_msgs/msg/Int32,35
1774524961.588019,/metrics/pcl/back/points_in,std_msgs/msg/Int32,22152
1774524961.5880837,/metrics/pcl/back/processing_ms,std_msgs/msg/Float32,78.08171081542969
1774524961.6966462,/metrics/pcl/back/detections_count,std_msgs/msg/Int32,34
1774524961.6967852,/metrics/pcl/back/points_in,std_msgs/msg/Int32,22152
1774524961.6968615,/metrics/pcl/back/processing_ms,std_msgs/msg/Float32,86.79714965820312
1774524961.7833855,/metrics/pcl/back/detections_count,std_msgs/msg/Int32,36
1774524961.7834969,/metrics/pcl/back/points_in,std_msgs/msg/Int32,22152
1774524961.7835615,/metrics/pcl/back/processing_ms,std_msgs/msg/Float32,76.1543197631836
1774524961.8840406,/metrics/pcl/back/detections_count,std_msgs/msg/Int32,40
1774524961.8841546,/metrics/pcl/back/points_in,std_msgs/msg/Int32,22152
1774524961.8842175,/metrics/pcl/back/processing_ms,std_msgs/msg/Float32,75.90049743652344
1774524961.9844885,/metrics/pcl/back/detections_count,std_msgs/msg/Int32,39
1774524961.9846466,/metrics/pcl/back/points_in,std_msgs/msg/Int32,22152
1774524961.9847264,/metrics/pcl/back/processing_ms,std_msgs/msg/Float32,76.57862091064453
1774524962.084514,/metrics/pcl/back/detections_count,std_msgs/msg/Int32,38
1774524962.0846481,/metrics/pcl/back/points_in,std_msgs/msg/Int32,22152
1774524962.084707,/metrics/pcl/back/processing_ms,std_msgs/msg/Float32,75.17123413085938
1774524962.1855528,/metrics/pcl/back/detections_count,std_msgs/msg/Int32,42
1774524962.1856885,/metrics/pcl/back/points_in,std_msgs/msg/Int32,22152
1774524962.1857839,/metrics/pcl/back/processing_ms,std_msgs/msg/Float32,76.24636840820312
1774524962.2875276,/metrics/pcl/back/detections_count,std_msgs/msg/Int32,38
1774524962.2876534,/metrics/pcl/back/points_in,std_msgs/msg/Int32,22152
1774524962.287718,/metrics/pcl/back/processing_ms,std_msgs/msg/Float32,77.11207580566406
1774524962.3841655,/metrics/pcl/back/detections_count,std_msgs/msg/Int32,34
1774524962.384287,/metrics/pcl/back/points_in,std_msgs/msg/Int32,22152
1774524962.3843572,/metrics/pcl/back/processing_ms,std_msgs/msg/Float32,76.80782318115234
1774524962.484951,/metrics/pcl/back/detections_count,std_msgs/msg/Int32,36
1774524962.485066,/metrics/pcl/back/points_in,std_msgs/msg/Int32,22152
1774524962.4851308,/metrics/pcl/back/processing_ms,std_msgs/msg/Float32,77.69865417480469
1774524962.5848475,/metrics/pcl/back/detections_count,std_msgs/msg/Int32,38
1774524962.584983,/metrics/pcl/back/points_in,std_msgs/msg/Int32,22152
1774524962.5888655,/metrics/pcl/back/processing_ms,std_msgs/msg/Float32,76.05776977539062
1774524962.6865718,/metrics/pcl/back/detections_count,std_msgs/msg/Int32,38
1774524962.686709,/metrics/pcl/back/points_in,std_msgs/msg/Int32,22152
1774524962.686774,/metrics/pcl/back/processing_ms,std_msgs/msg/Float32,77.74714660644531
1774524962.7871203,/metrics/pcl/back/detections_count,std_msgs/msg/Int32,36
1774524962.7872412,/metrics/pcl/back/points_in,std_msgs/msg/Int32,22152
1774524962.787337,/metrics/pcl/back/processing_ms,std_msgs/msg/Float32,77.27837371826172
1774524962.8822076,/metrics/pcl/back/detections_count,std_msgs/msg/Int32,33
1774524962.8823605,/metrics/pcl/back/points_in,std_msgs/msg/Int32,22152
1774524962.8824525,/metrics/pcl/back/processing_ms,std_msgs/msg/Float32,76.05238342285156
1774524962.9825833,/metrics/pcl/back/detections_count,std_msgs/msg/Int32,37
1774524962.9826972,/metrics/pcl/back/points_in,std_msgs/msg/Int32,22152
1774524962.982763,/metrics/pcl/back/processing_ms,std_msgs/msg/Float32,75.63931274414062
1774524963.0837824,/metrics/pcl/back/detections_count,std_msgs/msg/Int32,38
1774524963.0838983,/metrics/pcl/back/points_in,std_msgs/msg/Int32,22152
1774524963.0839682,/metrics/pcl/back/processing_ms,std_msgs/msg/Float32,76.3020248413086
1774524963.1848607,/metrics/pcl/back/detections_count,std_msgs/msg/Int32,32
1774524963.1849833,/metrics/pcl/back/points_in,std_msgs/msg/Int32,22152
1774524963.1850653,/metrics/pcl/back/processing_ms,std_msgs/msg/Float32,76.45992279052734
1774524963.2877586,/metrics/pcl/back/detections_count,std_msgs/msg/Int32,31
1774524963.2878966,/metrics/pcl/back/points_in,std_msgs/msg/Int32,22152
1774524963.2879722,/metrics/pcl/back/processing_ms,std_msgs/msg/Float32,78.2229232788086
1774524963.3889062,/metrics/pcl/back/detections_count,std_msgs/msg/Int32,32
1774524963.3890393,/metrics/pcl/back/points_in,std_msgs/msg/Int32,22152
1774524963.3891146,/metrics/pcl/back/processing_ms,std_msgs/msg/Float32,79.00033569335938
1774524963.482715,/metrics/pcl/back/detections_count,std_msgs/msg/Int32,36
1774524963.4828305,/metrics/pcl/back/points_in,std_msgs/msg/Int32,22152
1774524963.4828954,/metrics/pcl/back/processing_ms,std_msgs/msg/Float32,76.09402465820312
1774524963.5825531,/metrics/pcl/back/detections_count,std_msgs/msg/Int32,37
1774524963.5826697,/metrics/pcl/back/points_in,std_msgs/msg/Int32,22152
1774524963.5827348,/metrics/pcl/back/processing_ms,std_msgs/msg/Float32,75.83265686035156
1774524963.682892,/metrics/pcl/back/detections_count,std_msgs/msg/Int32,36
1774524963.6830244,/metrics/pcl/back/points_in,std_msgs/msg/Int32,22152
1774524963.6830986,/metrics/pcl/back/processing_ms,std_msgs/msg/Float32,75.34525299072266
1774524963.783894,/metrics/pcl/back/detections_count,std_msgs/msg/Int32,39
1774524963.784038,/metrics/pcl/back/points_in,std_msgs/msg/Int32,22152
1774524963.7841365,/metrics/pcl/back/processing_ms,std_msgs/msg/Float32,76.02945709228516
1774524963.8854406,/metrics/pcl/back/detections_count,std_msgs/msg/Int32,36
1774524963.8855534,/metrics/pcl/back/points_in,std_msgs/msg/Int32,22152
1774524963.8856184,/metrics/pcl/back/processing_ms,std_msgs/msg/Float32,76.5265121459961
1774524963.988109,/metrics/pcl/back/detections_count,std_msgs/msg/Int32,38
1774524963.9882243,/metrics/pcl/back/points_in,std_msgs/msg/Int32,22152
1774524963.9883,/metrics/pcl/back/processing_ms,std_msgs/msg/Float32,78.028564453125
1774524964.0838153,/metrics/pcl/back/detections_count,std_msgs/msg/Int32,35
1774524964.083931,/metrics/pcl/back/points_in,std_msgs/msg/Int32,22152
1774524964.0839949,/metrics/pcl/back/processing_ms,std_msgs/msg/Float32,77.83512878417969
1774524964.183569,/metrics/pcl/back/detections_count,std_msgs/msg/Int32,36
1774524964.1837156,/metrics/pcl/back/points_in,std_msgs/msg/Int32,22152
1774524964.1837726,/metrics/pcl/back/processing_ms,std_msgs/msg/Float32,75.92507934570312
1774524964.2841964,/metrics/pcl/back/detections_count,std_msgs/msg/Int32,38
1774524964.2843556,/metrics/pcl/back/points_in,std_msgs/msg/Int32,22152
1774524964.2844567,/metrics/pcl/back/processing_ms,std_msgs/msg/Float32,76.52874755859375
1774524964.3845618,/metrics/pcl/back/detections_count,std_msgs/msg/Int32,37
1774524964.3846807,/metrics/pcl/back/points_in,std_msgs/msg/Int32,22152
1774524964.3847466,/metrics/pcl/back/processing_ms,std_msgs/msg/Float32,75.95452880859375
1774524964.4844787,/metrics/pcl/back/detections_count,std_msgs/msg/Int32,33
1774524964.4846709,/metrics/pcl/back/points_in,std_msgs/msg/Int32,22152
1774524964.4847527,/metrics/pcl/back/processing_ms,std_msgs/msg/Float32,75.85038757324219
1774524964.5863633,/metrics/pcl/back/detections_count,std_msgs/msg/Int32,36
1774524964.5864725,/metrics/pcl/back/points_in,std_msgs/msg/Int32,22152
1774524964.5865293,/metrics/pcl/back/processing_ms,std_msgs/msg/Float32,76.77352905273438
1774524964.682487,/metrics/pcl/back/detections_count,std_msgs/msg/Int32,35
1774524964.6826336,/metrics/pcl/back/points_in,std_msgs/msg/Int32,22152
1774524964.6827323,/metrics/pcl/back/processing_ms,std_msgs/msg/Float32,76.25946044921875
1774524964.7843833,/metrics/pcl/back/detections_count,std_msgs/msg/Int32,35
1774524964.7844992,/metrics/pcl/back/points_in,std_msgs/msg/Int32,22152
1774524964.7845645,/metrics/pcl/back/processing_ms,std_msgs/msg/Float32,76.47331237792969
1774524964.8852477,/metrics/pcl/back/detections_count,std_msgs/msg/Int32,35
1774524964.8853977,/metrics/pcl/back/points_in,std_msgs/msg/Int32,22152
1774524964.8854597,/metrics/pcl/back/processing_ms,std_msgs/msg/Float32,77.57677459716797
1774524964.9857295,/metrics/pcl/back/detections_count,std_msgs/msg/Int32,36
1774524964.985845,/metrics/pcl/back/points_in,std_msgs/msg/Int32,22152
1774524964.9859085,/metrics/pcl/back/processing_ms,std_msgs/msg/Float32,76.58747863769531
1774524965.0874686,/metrics/pcl/back/detections_count,std_msgs/msg/Int32,34
1774524965.0876086,/metrics/pcl/back/points_in,std_msgs/msg/Int32,22152
1774524965.0876887,/metrics/pcl/back/processing_ms,std_msgs/msg/Float32,77.55525207519531
1774524965.1856413,/metrics/pcl/back/detections_count,std_msgs/msg/Int32,36
1774524965.1857593,/metrics/pcl/back/points_in,std_msgs/msg/Int32,22152
1774524965.1858149,/metrics/pcl/back/processing_ms,std_msgs/msg/Float32,75.7385482788086
1774524965.2838857,/metrics/pcl/back/detections_count,std_msgs/msg/Int32,34
1774524965.2840543,/metrics/pcl/back/points_in,std_msgs/msg/Int32,22152
1774524965.2841177,/metrics/pcl/back/processing_ms,std_msgs/msg/Float32,77.45947265625
1774524965.3847554,/metrics/pcl/back/detections_count,std_msgs/msg/Int32,34
1774524965.3849034,/metrics/pcl/back/points_in,std_msgs/msg/Int32,22152
1774524965.3850226,/metrics/pcl/back/processing_ms,std_msgs/msg/Float32,77.961181640625
1774524965.4871333,/metrics/pcl/back/detections_count,std_msgs/msg/Int32,34
1774524965.4872975,/metrics/pcl/back/points_in,std_msgs/msg/Int32,22152
1774524965.4874456,/metrics/pcl/back/processing_ms,std_msgs/msg/Float32,79.61896514892578
1774524965.586484,/metrics/pcl/back/detections_count,std_msgs/msg/Int32,35
1774524965.5865974,/metrics/pcl/back/points_in,std_msgs/msg/Int32,22152
1774524965.5866632,/metrics/pcl/back/processing_ms,std_msgs/msg/Float32,77.13163757324219
1774524965.6940427,/metrics/pcl/back/detections_count,std_msgs/msg/Int32,37
1774524965.6941571,/metrics/pcl/back/points_in,std_msgs/msg/Int32,22152
1774524965.6942205,/metrics/pcl/back/processing_ms,std_msgs/msg/Float32,84.93304443359375
1774524965.7870762,/metrics/pcl/back/detections_count,std_msgs/msg/Int32,39
1774524965.7871883,/metrics/pcl/back/points_in,std_msgs/msg/Int32,22152
1774524965.7872536,/metrics/pcl/back/processing_ms,std_msgs/msg/Float32,76.36837768554688
1774524965.8832443,/metrics/pcl/back/detections_count,std_msgs/msg/Int32,39
1774524965.883407,/metrics/pcl/back/points_in,std_msgs/msg/Int32,22152
1774524965.8834698,/metrics/pcl/back/processing_ms,std_msgs/msg/Float32,77.065185546875
1774524965.983657,/metrics/pcl/back/detections_count,std_msgs/msg/Int32,34
1774524965.98379,/metrics/pcl/back/points_in,std_msgs/msg/Int32,22152
1774524965.9838564,/metrics/pcl/back/processing_ms,std_msgs/msg/Float32,76.74846649169922
1774524966.0853722,/metrics/pcl/back/detections_count,std_msgs/msg/Int32,36
1774524966.0855503,/metrics/pcl/back/points_in,std_msgs/msg/Int32,22152
1774524966.0856528,/metrics/pcl/back/processing_ms,std_msgs/msg/Float32,77.28392791748047
1774524966.1844387,/metrics/pcl/back/detections_count,std_msgs/msg/Int32,34
1774524966.1846366,/metrics/pcl/back/points_in,std_msgs/msg/Int32,22152
1774524966.1847432,/metrics/pcl/back/processing_ms,std_msgs/msg/Float32,75.82011413574219
1774524966.2899098,/metrics/pcl/back/detections_count,std_msgs/msg/Int32,32
1774524966.290024,/metrics/pcl/back/points_in,std_msgs/msg/Int32,22152
1774524966.290088,/metrics/pcl/back/processing_ms,std_msgs/msg/Float32,80.85382843017578
1774524966.3882442,/metrics/pcl/back/detections_count,std_msgs/msg/Int32,33
1774524966.3884103,/metrics/pcl/back/points_in,std_msgs/msg/Int32,22152
1774524966.388476,/metrics/pcl/back/processing_ms,std_msgs/msg/Float32,77.97975158691406
1774524966.4843779,/metrics/pcl/back/detections_count,std_msgs/msg/Int32,38
1774524966.4844947,/metrics/pcl/back/points_in,std_msgs/msg/Int32,22152
1774524966.4845595,/metrics/pcl/back/processing_ms,std_msgs/msg/Float32,77.6478042602539
1774524966.5858526,/metrics/pcl/back/detections_count,std_msgs/msg/Int32,34
1774524966.5859637,/metrics/pcl/back/points_in,std_msgs/msg/Int32,22152
1774524966.5860279,/metrics/pcl/back/processing_ms,std_msgs/msg/Float32,78.26383972167969
1774524966.6854062,/metrics/pcl/back/detections_count,std_msgs/msg/Int32,35
1774524966.6855252,/metrics/pcl/back/points_in,std_msgs/msg/Int32,22152
1774524966.68559,/metrics/pcl/back/processing_ms,std_msgs/msg/Float32,77.03984069824219
1774524966.7855642,/metrics/pcl/back/detections_count,std_msgs/msg/Int32,38
1774524966.7856977,/metrics/pcl/back/points_in,std_msgs/msg/Int32,22152
1774524966.785787,/metrics/pcl/back/processing_ms,std_msgs/msg/Float32,77.01366424560547
1774524966.8890862,/metrics/pcl/back/detections_count,std_msgs/msg/Int32,39
1774524966.889222,/metrics/pcl/back/points_in,std_msgs/msg/Int32,22152
1774524966.889327,/metrics/pcl/back/processing_ms,std_msgs/msg/Float32,79.94856262207031
1774524966.9860587,/metrics/pcl/back/detections_count,std_msgs/msg/Int32,36
1774524966.986186,/metrics/pcl/back/points_in,std_msgs/msg/Int32,22152
1774524966.9862502,/metrics/pcl/back/processing_ms,std_msgs/msg/Float32,76.53119659423828
1774524967.0829647,/metrics/pcl/back/detections_count,std_msgs/msg/Int32,33
1774524967.0830774,/metrics/pcl/back/points_in,std_msgs/msg/Int32,22152
1774524967.0831404,/metrics/pcl/back/processing_ms,std_msgs/msg/Float32,76.54639434814453
1774524967.1850076,/metrics/pcl/back/detections_count,std_msgs/msg/Int32,37
1774524967.1851187,/metrics/pcl/back/points_in,std_msgs/msg/Int32,22152
1774524967.185184,/metrics/pcl/back/processing_ms,std_msgs/msg/Float32,77.90873718261719
1774524967.2860014,/metrics/pcl/back/detections_count,std_msgs/msg/Int32,36
1774524967.2861152,/metrics/pcl/back/points_in,std_msgs/msg/Int32,22152
1774524967.2861805,/metrics/pcl/back/processing_ms,std_msgs/msg/Float32,77.97607421875
1774524967.3855946,/metrics/pcl/back/detections_count,std_msgs/msg/Int32,38
1774524967.3857121,/metrics/pcl/back/points_in,std_msgs/msg/Int32,22152
1774524967.3857763,/metrics/pcl/back/processing_ms,std_msgs/msg/Float32,76.72489166259766
1774524967.4870245,/metrics/pcl/back/detections_count,std_msgs/msg/Int32,32
1774524967.4871612,/metrics/pcl/back/points_in,std_msgs/msg/Int32,22152
1774524967.4872286,/metrics/pcl/back/processing_ms,std_msgs/msg/Float32,77.3382339477539
1774524967.5877852,/metrics/pcl/back/detections_count,std_msgs/msg/Int32,33
1774524967.5879602,/metrics/pcl/back/points_in,std_msgs/msg/Int32,22152
1774524967.5880518,/metrics/pcl/back/processing_ms,std_msgs/msg/Float32,77.88468170166016
1774524967.682753,/metrics/pcl/back/detections_count,std_msgs/msg/Int32,34
1774524967.6828797,/metrics/pcl/back/points_in,std_msgs/msg/Int32,22152
1774524967.6829486,/metrics/pcl/back/processing_ms,std_msgs/msg/Float32,76.21979522705078
1774524967.7838104,/metrics/pcl/back/detections_count,std_msgs/msg/Int32,35
1774524967.783937,/metrics/pcl/back/points_in,std_msgs/msg/Int32,22152
1774524967.7840018,/metrics/pcl/back/processing_ms,std_msgs/msg/Float32,76.5269546508789
1774524967.8838825,/metrics/pcl/back/detections_count,std_msgs/msg/Int32,32
1774524967.8840048,/metrics/pcl/back/points_in,std_msgs/msg/Int32,22152
1774524967.884078,/metrics/pcl/back/processing_ms,std_msgs/msg/Float32,76.14240264892578
1774524967.9858763,/metrics/pcl/back/detections_count,std_msgs/msg/Int32,36
1774524967.9860275,/metrics/pcl/back/points_in,std_msgs/msg/Int32,22152
1774524967.9861176,/metrics/pcl/back/processing_ms,std_msgs/msg/Float32,76.87944793701172
1774524968.0882363,/metrics/pcl/back/detections_count,std_msgs/msg/Int32,38
1774524968.0883586,/metrics/pcl/back/points_in,std_msgs/msg/Int32,22152
1774524968.0884268,/metrics/pcl/back/processing_ms,std_msgs/msg/Float32,78.81255340576172
1774524968.1891713,/metrics/pcl/back/detections_count,std_msgs/msg/Int32,35
1774524968.1893098,/metrics/pcl/back/points_in,std_msgs/msg/Int32,22152
1774524968.1893952,/metrics/pcl/back/processing_ms,std_msgs/msg/Float32,78.61981964111328
1774524968.2837205,/metrics/pcl/back/detections_count,std_msgs/msg/Int32,38
1774524968.2838337,/metrics/pcl/back/points_in,std_msgs/msg/Int32,22152
1774524968.2838979,/metrics/pcl/back/processing_ms,std_msgs/msg/Float32,76.62728881835938
1774524968.3841088,/metrics/pcl/back/detections_count,std_msgs/msg/Int32,34
1774524968.3842368,/metrics/pcl/back/points_in,std_msgs/msg/Int32,22152
1774524968.384318,/metrics/pcl/back/processing_ms,std_msgs/msg/Float32,76.81748962402344
1774524968.4919326,/metrics/pcl/back/detections_count,std_msgs/msg/Int32,36
1774524968.4920654,/metrics/pcl/back/points_in,std_msgs/msg/Int32,22152
1774524968.4921443,/metrics/pcl/back/processing_ms,std_msgs/msg/Float32,83.8998031616211
1774524968.590084,/metrics/pcl/back/detections_count,std_msgs/msg/Int32,39
1774524968.5902114,/metrics/pcl/back/points_in,std_msgs/msg/Int32,22152
1774524968.5902948,/metrics/pcl/back/processing_ms,std_msgs/msg/Float32,81.36953735351562
1774524968.689315,/metrics/pcl/back/detections_count,std_msgs/msg/Int32,39
1774524968.6894443,/metrics/pcl/back/points_in,std_msgs/msg/Int32,22152
1774524968.6895206,/metrics/pcl/back/processing_ms,std_msgs/msg/Float32,80.12113952636719
1774524968.7831295,/metrics/pcl/back/detections_count,std_msgs/msg/Int32,38
1774524968.7832642,/metrics/pcl/back/points_in,std_msgs/msg/Int32,22152
1774524968.7834036,/metrics/pcl/back/processing_ms,std_msgs/msg/Float32,77.15189361572266
1774524968.8851545,/metrics/pcl/back/detections_count,std_msgs/msg/Int32,32
1774524968.8853228,/metrics/pcl/back/points_in,std_msgs/msg/Int32,22152
1774524968.8854084,/metrics/pcl/back/processing_ms,std_msgs/msg/Float32,78.468017578125
1774524968.987528,/metrics/pcl/back/detections_count,std_msgs/msg/Int32,34
1774524968.9876492,/metrics/pcl/back/points_in,std_msgs/msg/Int32,22152
1774524968.9877138,/metrics/pcl/back/processing_ms,std_msgs/msg/Float32,79.33125305175781
1774524969.0853362,/metrics/pcl/back/detections_count,std_msgs/msg/Int32,34
1774524969.0854523,/metrics/pcl/back/points_in,std_msgs/msg/Int32,22152
1774524969.0855162,/metrics/pcl/back/processing_ms,std_msgs/msg/Float32,77.03923797607422
1774524969.1850939,/metrics/pcl/back/detections_count,std_msgs/msg/Int32,37
1774524969.1852212,/metrics/pcl/back/points_in,std_msgs/msg/Int32,22152
1774524969.1853077,/metrics/pcl/back/processing_ms,std_msgs/msg/Float32,76.33296203613281
1774524969.2859857,/metrics/pcl/back/detections_count,std_msgs/msg/Int32,38
1774524969.2861545,/metrics/pcl/back/points_in,std_msgs/msg/Int32,22152
1774524969.286259,/metrics/pcl/back/processing_ms,std_msgs/msg/Float32,76.41559600830078
1774524969.389588,/metrics/pcl/back/detections_count,std_msgs/msg/Int32,36
1774524969.389725,/metrics/pcl/back/points_in,std_msgs/msg/Int32,22152
1774524969.3898063,/metrics/pcl/back/processing_ms,std_msgs/msg/Float32,83.41973114013672
1774524969.4853044,/metrics/pcl/back/detections_count,std_msgs/msg/Int32,30
1774524969.4854198,/metrics/pcl/back/points_in,std_msgs/msg/Int32,22152
1774524969.4854825,/metrics/pcl/back/processing_ms,std_msgs/msg/Float32,78.5960922241211
1774524969.589119,/metrics/pcl/back/detections_count,std_msgs/msg/Int32,39
1774524969.5892293,/metrics/pcl/back/points_in,std_msgs/msg/Int32,22152
1774524969.589305,/metrics/pcl/back/processing_ms,std_msgs/msg/Float32,81.31063079833984
1774524969.6877656,/metrics/pcl/back/detections_count,std_msgs/msg/Int32,38
1774524969.6878912,/metrics/pcl/back/points_in,std_msgs/msg/Int32,22152
1774524969.6879563,/metrics/pcl/back/processing_ms,std_msgs/msg/Float32,79.39826965332031
1774524969.7891388,/metrics/pcl/back/detections_count,std_msgs/msg/Int32,35
1774524969.7892928,/metrics/pcl/back/points_in,std_msgs/msg/Int32,22152
1774524969.7893867,/metrics/pcl/back/processing_ms,std_msgs/msg/Float32,79.90866088867188
1774524969.903897,/metrics/pcl/back/detections_count,std_msgs/msg/Int32,35
1774524969.904013,/metrics/pcl/back/points_in,std_msgs/msg/Int32,22152
1774524969.904078,/metrics/pcl/back/processing_ms,std_msgs/msg/Float32,76.9559097290039
1774524969.983527,/metrics/pcl/back/detections_count,std_msgs/msg/Int32,34
1774524969.983677,/metrics/pcl/back/points_in,std_msgs/msg/Int32,22152
1774524969.9837584,/metrics/pcl/back/processing_ms,std_msgs/msg/Float32,77.04682922363281
1774524970.0846305,/metrics/pcl/back/detections_count,std_msgs/msg/Int32,33
1774524970.0847726,/metrics/pcl/back/points_in,std_msgs/msg/Int32,22152
1774524970.0848489,/metrics/pcl/back/processing_ms,std_msgs/msg/Float32,77.2521743774414
1774524970.1892002,/metrics/pcl/back/detections_count,std_msgs/msg/Int32,37
1774524970.189361,/metrics/pcl/back/points_in,std_msgs/msg/Int32,22152
1774524970.1894634,/metrics/pcl/back/processing_ms,std_msgs/msg/Float32,81.56311798095703
1774524970.2850842,/metrics/pcl/back/detections_count,std_msgs/msg/Int32,31
1774524970.2852075,/metrics/pcl/back/points_in,std_msgs/msg/Int32,22152
1774524970.285284,/metrics/pcl/back/processing_ms,std_msgs/msg/Float32,76.88837432861328
1774524970.3857243,/metrics/pcl/back/detections_count,std_msgs/msg/Int32,34
1774524970.3858378,/metrics/pcl/back/points_in,std_msgs/msg/Int32,22152
1774524970.3859024,/metrics/pcl/back/processing_ms,std_msgs/msg/Float32,76.47083282470703
1774524970.4926283,/metrics/pcl/back/detections_count,std_msgs/msg/Int32,34
1774524970.492741,/metrics/pcl/back/points_in,std_msgs/msg/Int32,22152
1774524970.4928043,/metrics/pcl/back/processing_ms,std_msgs/msg/Float32,83.09681701660156
1774524970.584162,/metrics/pcl/back/detections_count,std_msgs/msg/Int32,33
1774524970.5842898,/metrics/pcl/back/points_in,std_msgs/msg/Int32,22152
1774524970.5843604,/metrics/pcl/back/processing_ms,std_msgs/msg/Float32,77.39864349365234
1774524970.6846943,/metrics/pcl/back/detections_count,std_msgs/msg/Int32,36
1774524970.6848087,/metrics/pcl/back/points_in,std_msgs/msg/Int32,22152
1774524970.684874,/metrics/pcl/back/processing_ms,std_msgs/msg/Float32,77.68228912353516
1774524970.7832568,/metrics/pcl/back/detections_count,std_msgs/msg/Int32,35
1774524970.783434,/metrics/pcl/back/points_in,std_msgs/msg/Int32,22152
1774524970.7834942,/metrics/pcl/back/processing_ms,std_msgs/msg/Float32,75.48997497558594
1774524970.8842704,/metrics/pcl/back/detections_count,std_msgs/msg/Int32,36
1774524970.8844845,/metrics/pcl/back/points_in,std_msgs/msg/Int32,22152
1774524970.8845503,/metrics/pcl/back/processing_ms,std_msgs/msg/Float32,76.0063247680664
1774524970.9845448,/metrics/pcl/back/detections_count,std_msgs/msg/Int32,36
1774524970.9846616,/metrics/pcl/back/points_in,std_msgs/msg/Int32,22152
1774524970.9847271,/metrics/pcl/back/processing_ms,std_msgs/msg/Float32,75.92032623291016
1774524971.0863078,/metrics/pcl/back/detections_count,std_msgs/msg/Int32,38
1774524971.086435,/metrics/pcl/back/points_in,std_msgs/msg/Int32,22152
1774524971.0865006,/metrics/pcl/back/processing_ms,std_msgs/msg/Float32,76.47530364990234
1774524971.183591,/metrics/pcl/back/detections_count,std_msgs/msg/Int32,32
1774524971.1836996,/metrics/pcl/back/points_in,std_msgs/msg/Int32,22152
1774524971.1837664,/metrics/pcl/back/processing_ms,std_msgs/msg/Float32,77.26478576660156
1774524971.2826805,/metrics/pcl/back/detections_count,std_msgs/msg/Int32,34
1774524971.282798,/metrics/pcl/back/points_in,std_msgs/msg/Int32,22152
1774524971.2828655,/metrics/pcl/back/processing_ms,std_msgs/msg/Float32,75.90684509277344
1774524971.3882551,/metrics/pcl/back/detections_count,std_msgs/msg/Int32,37
1774524971.388393,/metrics/pcl/back/points_in,std_msgs/msg/Int32,22152
1774524971.3884587,/metrics/pcl/back/processing_ms,std_msgs/msg/Float32,79.79322052001953
1774524971.484396,/metrics/pcl/back/detections_count,std_msgs/msg/Int32,34
1774524971.4845104,/metrics/pcl/back/points_in,std_msgs/msg/Int32,22152
1774524971.4845748,/metrics/pcl/back/processing_ms,std_msgs/msg/Float32,75.609130859375
1774524971.585417,/metrics/pcl/back/detections_count,std_msgs/msg/Int32,37
1774524971.585535,/metrics/pcl/back/points_in,std_msgs/msg/Int32,22152
1774524971.5855927,/metrics/pcl/back/processing_ms,std_msgs/msg/Float32,76.32473754882812
1774524971.6867752,/metrics/pcl/back/detections_count,std_msgs/msg/Int32,42
1774524971.6869226,/metrics/pcl/back/points_in,std_msgs/msg/Int32,22152
1774524971.687021,/metrics/pcl/back/processing_ms,std_msgs/msg/Float32,76.86197662353516
1774524971.7831106,/metrics/pcl/back/detections_count,std_msgs/msg/Int32,31
1774524971.7832713,/metrics/pcl/back/points_in,std_msgs/msg/Int32,22152
1774524971.783401,/metrics/pcl/back/processing_ms,std_msgs/msg/Float32,77.06622314453125
1774524971.8843293,/metrics/pcl/back/detections_count,std_msgs/msg/Int32,35
1774524971.8844466,/metrics/pcl/back/points_in,std_msgs/msg/Int32,22152
1774524971.8845158,/metrics/pcl/back/processing_ms,std_msgs/msg/Float32,77.10714721679688
1774524971.9864514,/metrics/pcl/back/detections_count,std_msgs/msg/Int32,33
1774524971.9865506,/metrics/pcl/back/points_in,std_msgs/msg/Int32,22152
1774524971.9866052,/metrics/pcl/back/processing_ms,std_msgs/msg/Float32,78.04230499267578
1774524972.0884862,/metrics/pcl/back/detections_count,std_msgs/msg/Int32,32
1774524972.0885978,/metrics/pcl/back/points_in,std_msgs/msg/Int32,22152
1774524972.0886674,/metrics/pcl/back/processing_ms,std_msgs/msg/Float32,79.81765747070312
1774524972.1889431,/metrics/pcl/back/detections_count,std_msgs/msg/Int32,33
1774524972.1890547,/metrics/pcl/back/points_in,std_msgs/msg/Int32,22152
1774524972.1891236,/metrics/pcl/back/processing_ms,std_msgs/msg/Float32,78.94847106933594
1774524972.2923176,/metrics/pcl/back/detections_count,std_msgs/msg/Int32,36
1774524972.2924464,/metrics/pcl/back/points_in,std_msgs/msg/Int32,22152
1774524972.2925296,/metrics/pcl/back/processing_ms,std_msgs/msg/Float32,81.93388366699219
1774524972.3861701,/metrics/pcl/back/detections_count,std_msgs/msg/Int32,35
1774524972.3862853,/metrics/pcl/back/points_in,std_msgs/msg/Int32,22152
1774524972.3864133,/metrics/pcl/back/processing_ms,std_msgs/msg/Float32,80.01994323730469
1774524972.4938786,/metrics/pcl/back/detections_count,std_msgs/msg/Int32,35
1774524972.4939852,/metrics/pcl/back/points_in,std_msgs/msg/Int32,22152
1774524972.4940426,/metrics/pcl/back/processing_ms,std_msgs/msg/Float32,86.3935317993164
1774524972.5884507,/metrics/pcl/back/detections_count,std_msgs/msg/Int32,39
1774524972.5885499,/metrics/pcl/back/points_in,std_msgs/msg/Int32,22152
1774524972.5886035,/metrics/pcl/back/processing_ms,std_msgs/msg/Float32,80.15778350830078
1774524972.6892345,/metrics/pcl/back/detections_count,std_msgs/msg/Int32,36
1774524972.689358,/metrics/pcl/back/points_in,std_msgs/msg/Int32,22152
1774524972.689426,/metrics/pcl/back/processing_ms,std_msgs/msg/Float32,80.69115447998047
1774524972.7902207,/metrics/pcl/back/detections_count,std_msgs/msg/Int32,33
1774524972.7903342,/metrics/pcl/back/points_in,std_msgs/msg/Int32,22152
1774524972.790392,/metrics/pcl/back/processing_ms,std_msgs/msg/Float32,80.0659408569336
1774524972.9142234,/metrics/pcl/back/detections_count,std_msgs/msg/Int32,32
1774524972.9143617,/metrics/pcl/back/points_in,std_msgs/msg/Int32,22152
1774524972.914434,/metrics/pcl/back/processing_ms,std_msgs/msg/Float32,87.53780364990234
1774524972.993382,/metrics/pcl/back/detections_count,std_msgs/msg/Int32,36
1774524972.9934993,/metrics/pcl/back/points_in,std_msgs/msg/Int32,22152
1774524972.993556,/metrics/pcl/back/processing_ms,std_msgs/msg/Float32,78.76026153564453
1774524973.0914898,/metrics/pcl/back/detections_count,std_msgs/msg/Int32,34
1774524973.0916133,/metrics/pcl/back/points_in,std_msgs/msg/Int32,22152
1774524973.0916793,/metrics/pcl/back/processing_ms,std_msgs/msg/Float32,83.4232406616211
1774524973.1913717,/metrics/pcl/back/detections_count,std_msgs/msg/Int32,34
1774524973.1915154,/metrics/pcl/back/points_in,std_msgs/msg/Int32,22152
1774524973.1916108,/metrics/pcl/back/processing_ms,std_msgs/msg/Float32,83.27753448486328
1774524973.291776,/metrics/pcl/back/detections_count,std_msgs/msg/Int32,33
1774524973.2918935,/metrics/pcl/back/points_in,std_msgs/msg/Int32,22152
1774524973.2919636,/metrics/pcl/back/processing_ms,std_msgs/msg/Float32,82.7786636352539
1774524973.3905811,/metrics/pcl/back/detections_count,std_msgs/msg/Int32,36
1774524973.3906953,/metrics/pcl/back/points_in,std_msgs/msg/Int32,22152
1774524973.3907604,/metrics/pcl/back/processing_ms,std_msgs/msg/Float32,80.99978637695312
1774524973.4858887,/metrics/pcl/back/detections_count,std_msgs/msg/Int32,40
1774524973.4860213,/metrics/pcl/back/points_in,std_msgs/msg/Int32,22152
1774524973.4860966,/metrics/pcl/back/processing_ms,std_msgs/msg/Float32,79.61453247070312
1774524973.5874045,/metrics/pcl/back/detections_count,std_msgs/msg/Int32,31
1774524973.5875003,/metrics/pcl/back/points_in,std_msgs/msg/Int32,22152
1774524973.5875537,/metrics/pcl/back/processing_ms,std_msgs/msg/Float32,80.16424560546875
1774524973.6887863,/metrics/pcl/back/detections_count,std_msgs/msg/Int32,37
1774524973.6888871,/metrics/pcl/back/points_in,std_msgs/msg/Int32,22152
1774524973.6889431,/metrics/pcl/back/processing_ms,std_msgs/msg/Float32,80.89006042480469
1774524973.7886329,/metrics/pcl/back/detections_count,std_msgs/msg/Int32,38
1774524973.788759,/metrics/pcl/back/points_in,std_msgs/msg/Int32,22152
1774524973.7888281,/metrics/pcl/back/processing_ms,std_msgs/msg/Float32,79.79068756103516
1774524973.888744,/metrics/pcl/back/detections_count,std_msgs/msg/Int32,40
1774524973.8888655,/metrics/pcl/back/points_in,std_msgs/msg/Int32,22152
1774524973.888936,/metrics/pcl/back/processing_ms,std_msgs/msg/Float32,79.62667083740234
1774524973.9894023,/metrics/pcl/back/detections_count,std_msgs/msg/Int32,34
1774524973.989538,/metrics/pcl/back/points_in,std_msgs/msg/Int32,22152
1774524973.9896219,/metrics/pcl/back/processing_ms,std_msgs/msg/Float32,79.64480590820312
1774524974.0855718,/metrics/pcl/back/detections_count,std_msgs/msg/Int32,29
1774524974.0856774,/metrics/pcl/back/points_in,std_msgs/msg/Int32,22152
1774524974.08573,/metrics/pcl/back/processing_ms,std_msgs/msg/Float32,79.7419662475586
1774524974.1855493,/metrics/pcl/back/detections_count,std_msgs/msg/Int32,39
1774524974.185676,/metrics/pcl/back/points_in,std_msgs/msg/Int32,22152
1774524974.1857536,/metrics/pcl/back/processing_ms,std_msgs/msg/Float32,78.57718658447266
1774524974.2871714,/metrics/pcl/back/detections_count,std_msgs/msg/Int32,39
1774524974.2873359,/metrics/pcl/back/points_in,std_msgs/msg/Int32,22152
1774524974.2874467,/metrics/pcl/back/processing_ms,std_msgs/msg/Float32,79.33164978027344
1774524974.3881211,/metrics/pcl/back/detections_count,std_msgs/msg/Int32,36
1774524974.3882365,/metrics/pcl/back/points_in,std_msgs/msg/Int32,22152
1774524974.3883157,/metrics/pcl/back/processing_ms,std_msgs/msg/Float32,79.43973541259766
1774524974.4876246,/metrics/pcl/back/detections_count,std_msgs/msg/Int32,38
1774524974.4877353,/metrics/pcl/back/points_in,std_msgs/msg/Int32,22152
1774524974.4877994,/metrics/pcl/back/processing_ms,std_msgs/msg/Float32,78.20166015625
1774524974.5880568,/metrics/pcl/back/detections_count,std_msgs/msg/Int32,30
1774524974.588169,/metrics/pcl/back/points_in,std_msgs/msg/Int32,22152
1774524974.588234,/metrics/pcl/back/processing_ms,std_msgs/msg/Float32,77.49767303466797
1774524974.6884751,/metrics/pcl/back/detections_count,std_msgs/msg/Int32,34
1774524974.6886003,/metrics/pcl/back/points_in,std_msgs/msg/Int32,22152
1774524974.6886656,/metrics/pcl/back/processing_ms,std_msgs/msg/Float32,81.22498321533203
1774524974.7904916,/metrics/pcl/back/detections_count,std_msgs/msg/Int32,28
1774524974.790724,/metrics/pcl/back/points_in,std_msgs/msg/Int32,22152
1774524974.7908394,/metrics/pcl/back/processing_ms,std_msgs/msg/Float32,82.15708923339844
1774524974.8905382,/metrics/pcl/back/detections_count,std_msgs/msg/Int32,28
1774524974.8906984,/metrics/pcl/back/points_in,std_msgs/msg/Int32,22152
1774524974.8908055,/metrics/pcl/back/processing_ms,std_msgs/msg/Float32,82.56784057617188
1774524974.990334,/metrics/pcl/back/detections_count,std_msgs/msg/Int32,31
1774524974.990444,/metrics/pcl/back/points_in,std_msgs/msg/Int32,22152
1774524974.9905143,/metrics/pcl/back/processing_ms,std_msgs/msg/Float32,81.16050720214844
1774524975.08515,/metrics/pcl/back/detections_count,std_msgs/msg/Int32,32
1774524975.0852644,/metrics/pcl/back/points_in,std_msgs/msg/Int32,22152
1774524975.0853426,/metrics/pcl/back/processing_ms,std_msgs/msg/Float32,75.24079132080078
1774524975.1796458,/metrics/pcl/back/detections_count,std_msgs/msg/Int32,33
1774524975.179792,/metrics/pcl/back/points_in,std_msgs/msg/Int32,22152
1774524975.1798825,/metrics/pcl/back/processing_ms,std_msgs/msg/Float32,72.79283142089844
1774524975.27738,/metrics/pcl/back/detections_count,std_msgs/msg/Int32,31
1774524975.2775137,/metrics/pcl/back/points_in,std_msgs/msg/Int32,22152
1774524975.2775984,/metrics/pcl/back/processing_ms,std_msgs/msg/Float32,70.00991821289062
1774524975.3793585,/metrics/pcl/back/detections_count,std_msgs/msg/Int32,30
1774524975.3794837,/metrics/pcl/back/points_in,std_msgs/msg/Int32,22152
1774524975.379541,/metrics/pcl/back/processing_ms,std_msgs/msg/Float32,71.15438842773438
1774524975.4871032,/metrics/pcl/back/detections_count,std_msgs/msg/Int32,32
1774524975.4872348,/metrics/pcl/back/points_in,std_msgs/msg/Int32,22152
1774524975.4873142,/metrics/pcl/back/processing_ms,std_msgs/msg/Float32,78.43023681640625
1774524975.582799,/metrics/pcl/back/detections_count,std_msgs/msg/Int32,27
1774524975.5829344,/metrics/pcl/back/points_in,std_msgs/msg/Int32,22152
1774524975.5829985,/metrics/pcl/back/processing_ms,std_msgs/msg/Float32,73.3126449584961
1774524975.6844363,/metrics/pcl/back/detections_count,std_msgs/msg/Int32,26
1774524975.6846292,/metrics/pcl/back/points_in,std_msgs/msg/Int32,22152
1774524975.684726,/metrics/pcl/back/processing_ms,std_msgs/msg/Float32,73.77040100097656
1774524975.7764668,/metrics/pcl/back/detections_count,std_msgs/msg/Int32,29
1774524975.7766247,/metrics/pcl/back/points_in,std_msgs/msg/Int32,22152
1774524975.7767293,/metrics/pcl/back/processing_ms,std_msgs/msg/Float32,69.92121887207031
1774524975.8777442,/metrics/pcl/back/detections_count,std_msgs/msg/Int32,25
1774524975.8778782,/metrics/pcl/back/points_in,std_msgs/msg/Int32,22152
1774524975.8779402,/metrics/pcl/back/processing_ms,std_msgs/msg/Float32,70.82299041748047
1774524975.980876,/metrics/pcl/back/detections_count,std_msgs/msg/Int32,25
1774524975.9810085,/metrics/pcl/back/points_in,std_msgs/msg/Int32,22152
1774524975.9810715,/metrics/pcl/back/processing_ms,std_msgs/msg/Float32,72.86970520019531
1774524976.0829282,/metrics/pcl/back/detections_count,std_msgs/msg/Int32,29
1774524976.0830402,/metrics/pcl/back/points_in,std_msgs/msg/Int32,22152
1774524976.0830958,/metrics/pcl/back/processing_ms,std_msgs/msg/Float32,74.12142181396484
1774524976.1838923,/metrics/pcl/back/detections_count,std_msgs/msg/Int32,28
1774524976.1840043,/metrics/pcl/back/points_in,std_msgs/msg/Int32,22152
1774524976.1840672,/metrics/pcl/back/processing_ms,std_msgs/msg/Float32,74.00361633300781
1774524976.2837143,/metrics/pcl/back/detections_count,std_msgs/msg/Int32,33
1774524976.2838473,/metrics/pcl/back/points_in,std_msgs/msg/Int32,22152
1774524976.283914,/metrics/pcl/back/processing_ms,std_msgs/msg/Float32,77.14346313476562
1774524976.3814387,/metrics/pcl/back/detections_count,std_msgs/msg/Int32,33
1774524976.3815508,/metrics/pcl/back/points_in,std_msgs/msg/Int32,22152
1774524976.3816159,/metrics/pcl/back/processing_ms,std_msgs/msg/Float32,74.54584503173828
1774524976.481824,/metrics/pcl/back/detections_count,std_msgs/msg/Int32,34
1774524976.4819627,/metrics/pcl/back/points_in,std_msgs/msg/Int32,22152
1774524976.4820304,/metrics/pcl/back/processing_ms,std_msgs/msg/Float32,74.22520446777344
1774524976.5839217,/metrics/pcl/back/detections_count,std_msgs/msg/Int32,34
1774524976.5840394,/metrics/pcl/back/points_in,std_msgs/msg/Int32,22152
1774524976.5841033,/metrics/pcl/back/processing_ms,std_msgs/msg/Float32,75.523681640625
1774524976.6862414,/metrics/pcl/back/detections_count,std_msgs/msg/Int32,32
1774524976.6863692,/metrics/pcl/back/points_in,std_msgs/msg/Int32,22152
1774524976.686435,/metrics/pcl/back/processing_ms,std_msgs/msg/Float32,77.17332458496094
1774524976.7893777,/metrics/pcl/back/detections_count,std_msgs/msg/Int32,30
1774524976.7894876,/metrics/pcl/back/points_in,std_msgs/msg/Int32,22152
1774524976.7895505,/metrics/pcl/back/processing_ms,std_msgs/msg/Float32,79.20154571533203
1774524976.8899212,/metrics/pcl/back/detections_count,std_msgs/msg/Int32,32
1774524976.8900461,/metrics/pcl/back/points_in,std_msgs/msg/Int32,22152
1774524976.8901103,/metrics/pcl/back/processing_ms,std_msgs/msg/Float32,83.35529327392578
