stamp_sec,topic,type,value
1774012187.2021794,/metrics/pcl/fused/detections_count,std_msgs/msg/Int32,49
1774012187.2023425,/metrics/pcl/fused/points_in,std_msgs/msg/Int32,26573
1774012187.20242,/metrics/pcl/fused/processing_ms,std_msgs/msg/Float32,91.68961334228516
1774012187.312141,/metrics/pcl/fused/detections_count,std_msgs/msg/Int32,56
1774012187.3122501,/metrics/pcl/fused/points_in,std_msgs/msg/Int32,26794
1774012187.312314,/metrics/pcl/fused/processing_ms,std_msgs/msg/Float32,85.68358612060547
1774012187.4324393,/metrics/pcl/fused/detections_count,std_msgs/msg/Int32,45
1774012187.4325447,/metrics/pcl/fused/points_in,std_msgs/msg/Int32,26491
1774012187.4325979,/metrics/pcl/fused/processing_ms,std_msgs/msg/Float32,91.54293823242188
1774012187.583789,/metrics/pcl/fused/detections_count,std_msgs/msg/Int32,46
1774012187.5839174,/metrics/pcl/fused/points_in,std_msgs/msg/Int32,26556
1774012187.583994,/metrics/pcl/fused/processing_ms,std_msgs/msg/Float32,92.69245147705078
1774012187.6885962,/metrics/pcl/fused/detections_count,std_msgs/msg/Int32,59
1774012187.6887176,/metrics/pcl/fused/points_in,std_msgs/msg/Int32,26767
1774012187.6887994,/metrics/pcl/fused/processing_ms,std_msgs/msg/Float32,84.44963073730469
1774012187.8072085,/metrics/pcl/fused/detections_count,std_msgs/msg/Int32,48
1774012187.8073158,/metrics/pcl/fused/points_in,std_msgs/msg/Int32,26549
1774012187.8073797,/metrics/pcl/fused/processing_ms,std_msgs/msg/Float32,88.97634887695312
1774012187.9225364,/metrics/pcl/fused/detections_count,std_msgs/msg/Int32,44
1774012187.922649,/metrics/pcl/fused/points_in,std_msgs/msg/Int32,26589
1774012187.9227173,/metrics/pcl/fused/processing_ms,std_msgs/msg/Float32,89.56906127929688
1774012188.0369632,/metrics/pcl/fused/detections_count,std_msgs/msg/Int32,46
1774012188.0370777,/metrics/pcl/fused/points_in,std_msgs/msg/Int32,26554
1774012188.0371401,/metrics/pcl/fused/processing_ms,std_msgs/msg/Float32,91.97518157958984
1774012188.1499016,/metrics/pcl/fused/detections_count,std_msgs/msg/Int32,43
1774012188.1500165,/metrics/pcl/fused/points_in,std_msgs/msg/Int32,26573
1774012188.1500819,/metrics/pcl/fused/processing_ms,std_msgs/msg/Float32,92.51567840576172
1774012188.1921992,/metrics/pcl/fused/detections_count,std_msgs/msg/Int32,35
1774012188.1922977,/metrics/pcl/fused/points_in,std_msgs/msg/Int32,12974
1774012188.1923523,/metrics/pcl/fused/processing_ms,std_msgs/msg/Float32,41.9112434387207
1774012188.3152542,/metrics/pcl/fused/detections_count,std_msgs/msg/Int32,46
1774012188.315379,/metrics/pcl/fused/points_in,std_msgs/msg/Int32,26531
1774012188.3154562,/metrics/pcl/fused/processing_ms,std_msgs/msg/Float32,88.60017395019531
1774012188.428575,/metrics/pcl/fused/detections_count,std_msgs/msg/Int32,42
1774012188.4286962,/metrics/pcl/fused/points_in,std_msgs/msg/Int32,26557
1774012188.4287496,/metrics/pcl/fused/processing_ms,std_msgs/msg/Float32,88.9382095336914
1774012188.5423841,/metrics/pcl/fused/detections_count,std_msgs/msg/Int32,53
1774012188.5424948,/metrics/pcl/fused/points_in,std_msgs/msg/Int32,26663
1774012188.5425582,/metrics/pcl/fused/processing_ms,std_msgs/msg/Float32,90.84718322753906
1774012188.5842562,/metrics/pcl/fused/detections_count,std_msgs/msg/Int32,33
1774012188.5843668,/metrics/pcl/fused/points_in,std_msgs/msg/Int32,12981
1774012188.5844278,/metrics/pcl/fused/processing_ms,std_msgs/msg/Float32,41.50676727294922
1774012188.70891,/metrics/pcl/fused/detections_count,std_msgs/msg/Int32,43
1774012188.7090228,/metrics/pcl/fused/points_in,std_msgs/msg/Int32,26553
1774012188.7090864,/metrics/pcl/fused/processing_ms,std_msgs/msg/Float32,88.63379669189453
1774012189.2521284,/metrics/pcl/fused/detections_count,std_msgs/msg/Int32,51
1774012189.252239,/metrics/pcl/fused/points_in,std_msgs/msg/Int32,26563
1774012189.2523034,/metrics/pcl/fused/processing_ms,std_msgs/msg/Float32,88.49227142333984
1774012189.4854538,/metrics/pcl/fused/detections_count,std_msgs/msg/Int32,51
1774012189.4855685,/metrics/pcl/fused/points_in,std_msgs/msg/Int32,37692
1774012189.4856367,/metrics/pcl/fused/processing_ms,std_msgs/msg/Float32,142.39405822753906
1774012189.5772974,/metrics/pcl/fused/detections_count,std_msgs/msg/Int32,42
1774012189.5774257,/metrics/pcl/fused/points_in,std_msgs/msg/Int32,26597
1774012189.577496,/metrics/pcl/fused/processing_ms,std_msgs/msg/Float32,90.98104858398438
1774012189.785009,/metrics/pcl/fused/detections_count,std_msgs/msg/Int32,43
1774012189.7851255,/metrics/pcl/fused/points_in,std_msgs/msg/Int32,37574
1774012189.7851887,/metrics/pcl/fused/processing_ms,std_msgs/msg/Float32,143.3451385498047
1774012189.8749266,/metrics/pcl/fused/detections_count,std_msgs/msg/Int32,41
1774012189.8750403,/metrics/pcl/fused/points_in,std_msgs/msg/Int32,26606
1774012189.8751037,/metrics/pcl/fused/processing_ms,std_msgs/msg/Float32,89.21760559082031
1774012189.91741,/metrics/pcl/fused/detections_count,std_msgs/msg/Int32,37
1774012189.917515,/metrics/pcl/fused/points_in,std_msgs/msg/Int32,12999
1774012189.9175756,/metrics/pcl/fused/processing_ms,std_msgs/msg/Float32,42.10088348388672
1774012190.1157033,/metrics/pcl/fused/detections_count,std_msgs/msg/Int32,50
1774012190.1158175,/metrics/pcl/fused/points_in,std_msgs/msg/Int32,37508
1774012190.115893,/metrics/pcl/fused/processing_ms,std_msgs/msg/Float32,141.2111358642578
1774012190.288923,/metrics/pcl/fused/detections_count,std_msgs/msg/Int32,49
1774012190.2890356,/metrics/pcl/fused/points_in,std_msgs/msg/Int32,37535
1774012190.2890985,/metrics/pcl/fused/processing_ms,std_msgs/msg/Float32,144.46261596679688
1774012190.3806565,/metrics/pcl/fused/detections_count,std_msgs/msg/Int32,44
1774012190.3807728,/metrics/pcl/fused/points_in,std_msgs/msg/Int32,26562
1774012190.380841,/metrics/pcl/fused/processing_ms,std_msgs/msg/Float32,91.00154876708984
1774012190.4238877,/metrics/pcl/fused/detections_count,std_msgs/msg/Int32,38
1774012190.4239974,/metrics/pcl/fused/points_in,std_msgs/msg/Int32,13008
1774012190.4240532,/metrics/pcl/fused/processing_ms,std_msgs/msg/Float32,42.86715316772461
1774012190.6181371,/metrics/pcl/fused/detections_count,std_msgs/msg/Int32,51
1774012190.618235,/metrics/pcl/fused/points_in,std_msgs/msg/Int32,37601
1774012190.6182868,/metrics/pcl/fused/processing_ms,std_msgs/msg/Float32,141.4035186767578
1774012190.8854904,/metrics/pcl/fused/detections_count,std_msgs/msg/Int32,57
1774012190.8856401,/metrics/pcl/fused/points_in,std_msgs/msg/Int32,37529
1774012190.8857083,/metrics/pcl/fused/processing_ms,std_msgs/msg/Float32,143.9593505859375
1774012190.977692,/metrics/pcl/fused/detections_count,std_msgs/msg/Int32,52
1774012190.9778006,/metrics/pcl/fused/points_in,std_msgs/msg/Int32,26587
1774012190.9778533,/metrics/pcl/fused/processing_ms,std_msgs/msg/Float32,91.28282165527344
1774012191.0211275,/metrics/pcl/fused/detections_count,std_msgs/msg/Int32,36
1774012191.0212355,/metrics/pcl/fused/points_in,std_msgs/msg/Int32,13032
1774012191.0212996,/metrics/pcl/fused/processing_ms,std_msgs/msg/Float32,43.124107360839844
1774012191.2169414,/metrics/pcl/fused/detections_count,std_msgs/msg/Int32,50
1774012191.2170484,/metrics/pcl/fused/points_in,std_msgs/msg/Int32,37454
1774012191.2171152,/metrics/pcl/fused/processing_ms,std_msgs/msg/Float32,139.6416778564453
1774012191.5485432,/metrics/pcl/fused/detections_count,std_msgs/msg/Int32,44
1774012191.5486565,/metrics/pcl/fused/points_in,std_msgs/msg/Int32,26579
1774012191.548721,/metrics/pcl/fused/processing_ms,std_msgs/msg/Float32,91.08599853515625
1774012191.591796,/metrics/pcl/fused/detections_count,std_msgs/msg/Int32,36
1774012191.5919278,/metrics/pcl/fused/points_in,std_msgs/msg/Int32,13016
1774012191.5919986,/metrics/pcl/fused/processing_ms,std_msgs/msg/Float32,42.76421356201172
1774012191.8223498,/metrics/pcl/fused/detections_count,std_msgs/msg/Int32,47
1774012191.8224885,/metrics/pcl/fused/points_in,std_msgs/msg/Int32,37345
1774012191.822563,/metrics/pcl/fused/processing_ms,std_msgs/msg/Float32,144.25799560546875
1774012192.09329,/metrics/pcl/fused/detections_count,std_msgs/msg/Int32,49
1774012192.0934029,/metrics/pcl/fused/points_in,std_msgs/msg/Int32,37295
1774012192.0934815,/metrics/pcl/fused/processing_ms,std_msgs/msg/Float32,145.76414489746094
1774012192.1828444,/metrics/pcl/fused/detections_count,std_msgs/msg/Int32,47
1774012192.1829631,/metrics/pcl/fused/points_in,std_msgs/msg/Int32,26565
1774012192.183028,/metrics/pcl/fused/processing_ms,std_msgs/msg/Float32,89.03968048095703
1774012192.4491477,/metrics/pcl/fused/detections_count,std_msgs/msg/Int32,43
1774012192.4492455,/metrics/pcl/fused/points_in,std_msgs/msg/Int32,26555
1774012192.4492998,/metrics/pcl/fused/processing_ms,std_msgs/msg/Float32,90.68916320800781
1774012192.6838448,/metrics/pcl/fused/detections_count,std_msgs/msg/Int32,54
1774012192.6839907,/metrics/pcl/fused/points_in,std_msgs/msg/Int32,37180
1774012192.684057,/metrics/pcl/fused/processing_ms,std_msgs/msg/Float32,140.9458770751953
1774012192.7735775,/metrics/pcl/fused/detections_count,std_msgs/msg/Int32,46
1774012192.7737584,/metrics/pcl/fused/points_in,std_msgs/msg/Int32,26487
1774012192.7738357,/metrics/pcl/fused/processing_ms,std_msgs/msg/Float32,89.06726837158203
1774012193.3947942,/metrics/pcl/fused/detections_count,std_msgs/msg/Int32,72
1774012193.394935,/metrics/pcl/fused/points_in,std_msgs/msg/Int32,50068
1774012193.395022,/metrics/pcl/fused/processing_ms,std_msgs/msg/Float32,190.69839477539062
1774012193.6894453,/metrics/pcl/fused/detections_count,std_msgs/msg/Int32,84
1774012193.6895561,/metrics/pcl/fused/points_in,std_msgs/msg/Int32,50016
1774012193.6896198,/metrics/pcl/fused/processing_ms,std_msgs/msg/Float32,190.63905334472656
1774012193.9915361,/metrics/pcl/fused/detections_count,std_msgs/msg/Int32,74
1774012193.9916985,/metrics/pcl/fused/points_in,std_msgs/msg/Int32,50017
1774012193.99177,/metrics/pcl/fused/processing_ms,std_msgs/msg/Float32,193.0841064453125
1774012194.2898946,/metrics/pcl/fused/detections_count,std_msgs/msg/Int32,78
1774012194.290006,/metrics/pcl/fused/points_in,std_msgs/msg/Int32,50082
1774012194.290068,/metrics/pcl/fused/processing_ms,std_msgs/msg/Float32,192.40975952148438
1774012194.8861287,/metrics/pcl/fused/detections_count,std_msgs/msg/Int32,79
1774012194.8862436,/metrics/pcl/fused/points_in,std_msgs/msg/Int32,50017
1774012194.8863156,/metrics/pcl/fused/processing_ms,std_msgs/msg/Float32,187.32066345214844
1774012195.1863391,/metrics/pcl/fused/detections_count,std_msgs/msg/Int32,83
1774012195.1864505,/metrics/pcl/fused/points_in,std_msgs/msg/Int32,50091
1774012195.186515,/metrics/pcl/fused/processing_ms,std_msgs/msg/Float32,187.465087890625
1774012196.390081,/metrics/pcl/fused/detections_count,std_msgs/msg/Int32,80
1774012196.3902037,/metrics/pcl/fused/points_in,std_msgs/msg/Int32,49977
1774012196.3902667,/metrics/pcl/fused/processing_ms,std_msgs/msg/Float32,188.28097534179688
1774012196.991292,/metrics/pcl/fused/detections_count,std_msgs/msg/Int32,81
1774012196.9913895,/metrics/pcl/fused/points_in,std_msgs/msg/Int32,50021
1774012196.9914415,/metrics/pcl/fused/processing_ms,std_msgs/msg/Float32,188.956298828125
1774012197.2924232,/metrics/pcl/fused/detections_count,std_msgs/msg/Int32,85
1774012197.2925346,/metrics/pcl/fused/points_in,std_msgs/msg/Int32,49975
1774012197.2925973,/metrics/pcl/fused/processing_ms,std_msgs/msg/Float32,188.04669189453125
1774012197.8960361,/metrics/pcl/fused/detections_count,std_msgs/msg/Int32,82
1774012197.896157,/metrics/pcl/fused/points_in,std_msgs/msg/Int32,49952
1774012197.8962471,/metrics/pcl/fused/processing_ms,std_msgs/msg/Float32,189.86270141601562
1774012198.1912565,/metrics/pcl/fused/detections_count,std_msgs/msg/Int32,84
1774012198.1913674,/metrics/pcl/fused/points_in,std_msgs/msg/Int32,50038
1774012198.19143,/metrics/pcl/fused/processing_ms,std_msgs/msg/Float32,187.209228515625
1774012199.0905185,/metrics/pcl/fused/detections_count,std_msgs/msg/Int32,77
1774012199.0906339,/metrics/pcl/fused/points_in,std_msgs/msg/Int32,49949
1774012199.0906978,/metrics/pcl/fused/processing_ms,std_msgs/msg/Float32,187.89039611816406
1774012200.3005667,/metrics/pcl/fused/detections_count,std_msgs/msg/Int32,84
1774012200.3006773,/metrics/pcl/fused/points_in,std_msgs/msg/Int32,49728
1774012200.3007553,/metrics/pcl/fused/processing_ms,std_msgs/msg/Float32,192.16090393066406
1774012200.5921621,/metrics/pcl/fused/detections_count,std_msgs/msg/Int32,86
1774012200.5922742,/metrics/pcl/fused/points_in,std_msgs/msg/Int32,49708
1774012200.5923362,/metrics/pcl/fused/processing_ms,std_msgs/msg/Float32,189.93812561035156
1774012200.8883896,/metrics/pcl/fused/detections_count,std_msgs/msg/Int32,80
1774012200.8885117,/metrics/pcl/fused/points_in,std_msgs/msg/Int32,49678
1774012200.8885865,/metrics/pcl/fused/processing_ms,std_msgs/msg/Float32,185.36817932128906
1774012201.190953,/metrics/pcl/fused/detections_count,std_msgs/msg/Int32,79
1774012201.1910763,/metrics/pcl/fused/points_in,std_msgs/msg/Int32,49986
1774012201.1911428,/metrics/pcl/fused/processing_ms,std_msgs/msg/Float32,186.9512176513672
1774012201.4990218,/metrics/pcl/fused/detections_count,std_msgs/msg/Int32,79
1774012201.4991465,/metrics/pcl/fused/points_in,std_msgs/msg/Int32,49957
1774012201.499212,/metrics/pcl/fused/processing_ms,std_msgs/msg/Float32,189.7283477783203
1774012202.3920693,/metrics/pcl/fused/detections_count,std_msgs/msg/Int32,72
1774012202.3921993,/metrics/pcl/fused/points_in,std_msgs/msg/Int32,49893
1774012202.3922877,/metrics/pcl/fused/processing_ms,std_msgs/msg/Float32,189.31759643554688
1774012202.6942596,/metrics/pcl/fused/detections_count,std_msgs/msg/Int32,82
1774012202.6943831,/metrics/pcl/fused/points_in,std_msgs/msg/Int32,50009
1774012202.694449,/metrics/pcl/fused/processing_ms,std_msgs/msg/Float32,192.72203063964844
1774012202.9957557,/metrics/pcl/fused/detections_count,std_msgs/msg/Int32,84
1774012202.9958665,/metrics/pcl/fused/points_in,std_msgs/msg/Int32,50227
1774012202.9959476,/metrics/pcl/fused/processing_ms,std_msgs/msg/Float32,189.54666137695312
1774012203.592251,/metrics/pcl/fused/detections_count,std_msgs/msg/Int32,80
1774012203.5924156,/metrics/pcl/fused/points_in,std_msgs/msg/Int32,50469
1774012203.5924935,/metrics/pcl/fused/processing_ms,std_msgs/msg/Float32,192.02566528320312
1774012204.1952436,/metrics/pcl/fused/detections_count,std_msgs/msg/Int32,81
1774012204.195349,/metrics/pcl/fused/points_in,std_msgs/msg/Int32,50279
1774012204.1954129,/metrics/pcl/fused/processing_ms,std_msgs/msg/Float32,189.58656311035156
1774012204.4938507,/metrics/pcl/fused/detections_count,std_msgs/msg/Int32,80
1774012204.4939697,/metrics/pcl/fused/points_in,std_msgs/msg/Int32,50478
1774012204.4940324,/metrics/pcl/fused/processing_ms,std_msgs/msg/Float32,191.10635375976562
1774012204.799559,/metrics/pcl/fused/detections_count,std_msgs/msg/Int32,86
1774012204.7996671,/metrics/pcl/fused/points_in,std_msgs/msg/Int32,50472
1774012204.7997324,/metrics/pcl/fused/processing_ms,std_msgs/msg/Float32,193.47218322753906
1774012205.0982306,/metrics/pcl/fused/detections_count,std_msgs/msg/Int32,77
1774012205.0983586,/metrics/pcl/fused/points_in,std_msgs/msg/Int32,50365
1774012205.098441,/metrics/pcl/fused/processing_ms,std_msgs/msg/Float32,189.86529541015625
1774012205.3950825,/metrics/pcl/fused/detections_count,std_msgs/msg/Int32,81
1774012205.3952022,/metrics/pcl/fused/points_in,std_msgs/msg/Int32,50403
1774012205.395275,/metrics/pcl/fused/processing_ms,std_msgs/msg/Float32,190.79336547851562
1774012205.6948605,/metrics/pcl/fused/detections_count,std_msgs/msg/Int32,83
1774012205.6950161,/metrics/pcl/fused/points_in,std_msgs/msg/Int32,50273
1774012205.6951127,/metrics/pcl/fused/processing_ms,std_msgs/msg/Float32,194.79934692382812
1774012207.7959085,/metrics/pcl/fused/detections_count,std_msgs/msg/Int32,81
1774012207.7960596,/metrics/pcl/fused/points_in,std_msgs/msg/Int32,50406
1774012207.7961557,/metrics/pcl/fused/processing_ms,std_msgs/msg/Float32,190.39781188964844
1774012208.1004488,/metrics/pcl/fused/detections_count,std_msgs/msg/Int32,80
1774012208.1005645,/metrics/pcl/fused/points_in,std_msgs/msg/Int32,50361
1774012208.100628,/metrics/pcl/fused/processing_ms,std_msgs/msg/Float32,188.80764770507812
1774012209.9015303,/metrics/pcl/fused/detections_count,std_msgs/msg/Int32,76
1774012209.9016693,/metrics/pcl/fused/points_in,std_msgs/msg/Int32,50318
1774012209.9017308,/metrics/pcl/fused/processing_ms,std_msgs/msg/Float32,197.54843139648438
1774012211.3631768,/metrics/pcl/fused/detections_count,std_msgs/msg/Int32,85
1774012211.3632767,/metrics/pcl/fused/points_in,std_msgs/msg/Int32,44808
1774012211.3633406,/metrics/pcl/fused/processing_ms,std_msgs/msg/Float32,167.68450927734375
1774012212.5598633,/metrics/pcl/fused/detections_count,std_msgs/msg/Int32,74
1774012212.5600421,/metrics/pcl/fused/points_in,std_msgs/msg/Int32,43156
1774012212.5601127,/metrics/pcl/fused/processing_ms,std_msgs/msg/Float32,162.98599243164062
1774012213.1731327,/metrics/pcl/fused/detections_count,std_msgs/msg/Int32,80
1774012213.1732404,/metrics/pcl/fused/points_in,std_msgs/msg/Int32,46115
1774012213.1733024,/metrics/pcl/fused/processing_ms,std_msgs/msg/Float32,173.3809051513672
1774012213.4523797,/metrics/pcl/fused/detections_count,std_msgs/msg/Int32,82
1774012213.4524891,/metrics/pcl/fused/points_in,std_msgs/msg/Int32,42176
1774012213.4525533,/metrics/pcl/fused/processing_ms,std_msgs/msg/Float32,161.34707641601562
1774012214.0939274,/metrics/pcl/fused/detections_count,std_msgs/msg/Int32,87
1774012214.0940392,/metrics/pcl/fused/points_in,std_msgs/msg/Int32,50579
1774012214.0941029,/metrics/pcl/fused/processing_ms,std_msgs/msg/Float32,190.23399353027344
1774012214.6982627,/metrics/pcl/fused/detections_count,std_msgs/msg/Int32,83
1774012214.698414,/metrics/pcl/fused/points_in,std_msgs/msg/Int32,50558
1774012214.69851,/metrics/pcl/fused/processing_ms,std_msgs/msg/Float32,192.00038146972656
1774012214.9913945,/metrics/pcl/fused/detections_count,std_msgs/msg/Int32,83
1774012214.9915047,/metrics/pcl/fused/points_in,std_msgs/msg/Int32,50580
1774012214.9915695,/metrics/pcl/fused/processing_ms,std_msgs/msg/Float32,189.79127502441406
1774012215.2855284,/metrics/pcl/fused/detections_count,std_msgs/msg/Int32,76
1774012215.2856379,/metrics/pcl/fused/points_in,std_msgs/msg/Int32,49401
1774012215.285701,/metrics/pcl/fused/processing_ms,std_msgs/msg/Float32,182.9856414794922
1774012215.5876873,/metrics/pcl/fused/detections_count,std_msgs/msg/Int32,78
1774012215.5878057,/metrics/pcl/fused/points_in,std_msgs/msg/Int32,49405
1774012215.58788,/metrics/pcl/fused/processing_ms,std_msgs/msg/Float32,185.44439697265625
1774012215.8867006,/metrics/pcl/fused/detections_count,std_msgs/msg/Int32,80
1774012215.8868604,/metrics/pcl/fused/points_in,std_msgs/msg/Int32,49191
1774012215.8869262,/metrics/pcl/fused/processing_ms,std_msgs/msg/Float32,186.6411895751953
1774012216.801408,/metrics/pcl/fused/detections_count,std_msgs/msg/Int32,80
1774012216.8015273,/metrics/pcl/fused/points_in,std_msgs/msg/Int32,49367
1774012216.801594,/metrics/pcl/fused/processing_ms,std_msgs/msg/Float32,191.9513702392578
1774012217.095401,/metrics/pcl/fused/detections_count,std_msgs/msg/Int32,82
1774012217.0955482,/metrics/pcl/fused/points_in,std_msgs/msg/Int32,49802
1774012217.0956156,/metrics/pcl/fused/processing_ms,std_msgs/msg/Float32,192.43768310546875
1774012217.387934,/metrics/pcl/fused/detections_count,std_msgs/msg/Int32,85
1774012217.388045,/metrics/pcl/fused/points_in,std_msgs/msg/Int32,49951
1774012217.3881123,/metrics/pcl/fused/processing_ms,std_msgs/msg/Float32,189.43313598632812
1774012217.6915994,/metrics/pcl/fused/detections_count,std_msgs/msg/Int32,79
1774012217.691708,/metrics/pcl/fused/points_in,std_msgs/msg/Int32,50176
1774012217.6917622,/metrics/pcl/fused/processing_ms,std_msgs/msg/Float32,193.32713317871094
1774012217.9985325,/metrics/pcl/fused/detections_count,std_msgs/msg/Int32,82
1774012217.9986567,/metrics/pcl/fused/points_in,std_msgs/msg/Int32,50284
1774012217.9987326,/metrics/pcl/fused/processing_ms,std_msgs/msg/Float32,190.85231018066406
1774012218.2908108,/metrics/pcl/fused/detections_count,std_msgs/msg/Int32,92
1774012218.2909389,/metrics/pcl/fused/points_in,std_msgs/msg/Int32,50349
1774012218.2910085,/metrics/pcl/fused/processing_ms,std_msgs/msg/Float32,189.12831115722656
1774012218.593627,/metrics/pcl/fused/detections_count,std_msgs/msg/Int32,84
1774012218.593733,/metrics/pcl/fused/points_in,std_msgs/msg/Int32,50541
1774012218.5937977,/metrics/pcl/fused/processing_ms,std_msgs/msg/Float32,191.798828125
1774012218.9029975,/metrics/pcl/fused/detections_count,std_msgs/msg/Int32,80
1774012218.9031177,/metrics/pcl/fused/points_in,std_msgs/msg/Int32,50474
1774012218.903181,/metrics/pcl/fused/processing_ms,std_msgs/msg/Float32,197.65615844726562
1774012219.1966588,/metrics/pcl/fused/detections_count,std_msgs/msg/Int32,86
1774012219.1967628,/metrics/pcl/fused/points_in,std_msgs/msg/Int32,50522
1774012219.1968255,/metrics/pcl/fused/processing_ms,std_msgs/msg/Float32,192.2615509033203
1774012220.6969798,/metrics/pcl/fused/detections_count,std_msgs/msg/Int32,89
1774012220.697106,/metrics/pcl/fused/points_in,std_msgs/msg/Int32,50621
1774012220.697169,/metrics/pcl/fused/processing_ms,std_msgs/msg/Float32,191.93072509765625
1774012221.298469,/metrics/pcl/fused/detections_count,std_msgs/msg/Int32,84
1774012221.2985795,/metrics/pcl/fused/points_in,std_msgs/msg/Int32,50673
1774012221.298651,/metrics/pcl/fused/processing_ms,std_msgs/msg/Float32,190.07154846191406
1774012221.899811,/metrics/pcl/fused/detections_count,std_msgs/msg/Int32,83
1774012221.8999555,/metrics/pcl/fused/points_in,std_msgs/msg/Int32,50628
1774012221.9000325,/metrics/pcl/fused/processing_ms,std_msgs/msg/Float32,197.37152099609375
1774012222.2026076,/metrics/pcl/fused/detections_count,std_msgs/msg/Int32,86
1774012222.2027197,/metrics/pcl/fused/points_in,std_msgs/msg/Int32,50673
1774012222.2027829,/metrics/pcl/fused/processing_ms,std_msgs/msg/Float32,192.04281616210938
1774012222.4915364,/metrics/pcl/fused/detections_count,std_msgs/msg/Int32,89
1774012222.491664,/metrics/pcl/fused/points_in,std_msgs/msg/Int32,50701
1774012222.4917357,/metrics/pcl/fused/processing_ms,std_msgs/msg/Float32,190.26441955566406
1774012223.0985138,/metrics/pcl/fused/detections_count,std_msgs/msg/Int32,84
1774012223.0986307,/metrics/pcl/fused/points_in,std_msgs/msg/Int32,50644
1774012223.0987103,/metrics/pcl/fused/processing_ms,std_msgs/msg/Float32,189.02593994140625
1774012223.7036211,/metrics/pcl/fused/detections_count,std_msgs/msg/Int32,80
1774012223.703741,/metrics/pcl/fused/points_in,std_msgs/msg/Int32,50658
1774012223.7038045,/metrics/pcl/fused/processing_ms,std_msgs/msg/Float32,196.50169372558594
1774012224.3002791,/metrics/pcl/fused/detections_count,std_msgs/msg/Int32,83
1774012224.30039,/metrics/pcl/fused/points_in,std_msgs/msg/Int32,50748
1774012224.3004532,/metrics/pcl/fused/processing_ms,std_msgs/msg/Float32,194.72520446777344
1774012224.605127,/metrics/pcl/fused/detections_count,std_msgs/msg/Int32,78
1774012224.6052353,/metrics/pcl/fused/points_in,std_msgs/msg/Int32,50741
1774012224.6053,/metrics/pcl/fused/processing_ms,std_msgs/msg/Float32,199.42652893066406
1774012225.1986027,/metrics/pcl/fused/detections_count,std_msgs/msg/Int32,87
1774012225.1987116,/metrics/pcl/fused/points_in,std_msgs/msg/Int32,50734
1774012225.198773,/metrics/pcl/fused/processing_ms,std_msgs/msg/Float32,190.11322021484375
1774012225.80922,/metrics/pcl/fused/detections_count,std_msgs/msg/Int32,74
1774012225.809328,/metrics/pcl/fused/points_in,std_msgs/msg/Int32,50758
1774012225.8093853,/metrics/pcl/fused/processing_ms,std_msgs/msg/Float32,201.35780334472656
1774012226.4024165,/metrics/pcl/fused/detections_count,std_msgs/msg/Int32,83
1774012226.4025266,/metrics/pcl/fused/points_in,std_msgs/msg/Int32,50842
1774012226.402592,/metrics/pcl/fused/processing_ms,std_msgs/msg/Float32,197.37928771972656
1774012226.6960104,/metrics/pcl/fused/detections_count,std_msgs/msg/Int32,79
1774012226.6961217,/metrics/pcl/fused/points_in,std_msgs/msg/Int32,50689
1774012226.6961882,/metrics/pcl/fused/processing_ms,std_msgs/msg/Float32,192.00807189941406
1774012227.9053032,/metrics/pcl/fused/detections_count,std_msgs/msg/Int32,79
1774012227.905446,/metrics/pcl/fused/points_in,std_msgs/msg/Int32,50714
1774012227.9055233,/metrics/pcl/fused/processing_ms,std_msgs/msg/Float32,196.281005859375
1774012228.2042255,/metrics/pcl/fused/detections_count,std_msgs/msg/Int32,81
1774012228.2043247,/metrics/pcl/fused/points_in,std_msgs/msg/Int32,50741
1774012228.204376,/metrics/pcl/fused/processing_ms,std_msgs/msg/Float32,192.90704345703125
1774012228.5041397,/metrics/pcl/fused/detections_count,std_msgs/msg/Int32,76
1774012228.5042508,/metrics/pcl/fused/points_in,std_msgs/msg/Int32,50735
1774012228.5043263,/metrics/pcl/fused/processing_ms,std_msgs/msg/Float32,196.43446350097656
1774012229.1047785,/metrics/pcl/fused/detections_count,std_msgs/msg/Int32,84
1774012229.1048946,/metrics/pcl/fused/points_in,std_msgs/msg/Int32,50719
1774012229.104965,/metrics/pcl/fused/processing_ms,std_msgs/msg/Float32,198.3634490966797
1774012229.6985986,/metrics/pcl/fused/detections_count,std_msgs/msg/Int32,79
1774012229.6986945,/metrics/pcl/fused/points_in,std_msgs/msg/Int32,50768
1774012229.698748,/metrics/pcl/fused/processing_ms,std_msgs/msg/Float32,195.13375854492188
1774012230.3001714,/metrics/pcl/fused/detections_count,std_msgs/msg/Int32,80
1774012230.3002803,/metrics/pcl/fused/points_in,std_msgs/msg/Int32,50910
1774012230.3003433,/metrics/pcl/fused/processing_ms,std_msgs/msg/Float32,193.14224243164062
1774012230.6127498,/metrics/pcl/fused/detections_count,std_msgs/msg/Int32,84
1774012230.6128585,/metrics/pcl/fused/points_in,std_msgs/msg/Int32,50793
1774012230.612997,/metrics/pcl/fused/processing_ms,std_msgs/msg/Float32,199.27296447753906
1774012230.9005964,/metrics/pcl/fused/detections_count,std_msgs/msg/Int32,83
1774012230.900718,/metrics/pcl/fused/points_in,std_msgs/msg/Int32,50754
1774012230.900792,/metrics/pcl/fused/processing_ms,std_msgs/msg/Float32,193.59291076660156
1774012231.5000439,/metrics/pcl/fused/detections_count,std_msgs/msg/Int32,84
1774012231.5001514,/metrics/pcl/fused/points_in,std_msgs/msg/Int32,50779
1774012231.5002146,/metrics/pcl/fused/processing_ms,std_msgs/msg/Float32,194.28614807128906
1774012231.8080752,/metrics/pcl/fused/detections_count,std_msgs/msg/Int32,78
1774012231.808191,/metrics/pcl/fused/points_in,std_msgs/msg/Int32,50797
1774012231.8082697,/metrics/pcl/fused/processing_ms,std_msgs/msg/Float32,196.65234375
1774012232.1000705,/metrics/pcl/fused/detections_count,std_msgs/msg/Int32,82
1774012232.100181,/metrics/pcl/fused/points_in,std_msgs/msg/Int32,50731
1774012232.100244,/metrics/pcl/fused/processing_ms,std_msgs/msg/Float32,193.38430786132812
1774012232.4008203,/metrics/pcl/fused/detections_count,std_msgs/msg/Int32,81
1774012232.4009485,/metrics/pcl/fused/points_in,std_msgs/msg/Int32,50757
1774012232.401019,/metrics/pcl/fused/processing_ms,std_msgs/msg/Float32,194.35159301757812
1774012233.2956445,/metrics/pcl/fused/detections_count,std_msgs/msg/Int32,79
1774012233.2957659,/metrics/pcl/fused/points_in,std_msgs/msg/Int32,50850
1774012233.2958312,/metrics/pcl/fused/processing_ms,std_msgs/msg/Float32,192.48968505859375
1774012233.5930223,/metrics/pcl/fused/detections_count,std_msgs/msg/Int32,81
1774012233.593133,/metrics/pcl/fused/points_in,std_msgs/msg/Int32,50746
1774012233.5931964,/metrics/pcl/fused/processing_ms,std_msgs/msg/Float32,195.75730895996094
1774012234.7967286,/metrics/pcl/fused/detections_count,std_msgs/msg/Int32,85
1774012234.7968333,/metrics/pcl/fused/points_in,std_msgs/msg/Int32,50809
1774012234.79692,/metrics/pcl/fused/processing_ms,std_msgs/msg/Float32,195.0546417236328
1774012235.3987014,/metrics/pcl/fused/detections_count,std_msgs/msg/Int32,86
1774012235.3988237,/metrics/pcl/fused/points_in,std_msgs/msg/Int32,50839
1774012235.3988907,/metrics/pcl/fused/processing_ms,std_msgs/msg/Float32,195.96786499023438
1774012235.6936405,/metrics/pcl/fused/detections_count,std_msgs/msg/Int32,86
1774012235.69375,/metrics/pcl/fused/points_in,std_msgs/msg/Int32,50814
1774012235.6938121,/metrics/pcl/fused/processing_ms,std_msgs/msg/Float32,194.10763549804688
1774012235.999896,/metrics/pcl/fused/detections_count,std_msgs/msg/Int32,83
1774012236.0000107,/metrics/pcl/fused/points_in,std_msgs/msg/Int32,50850
1774012236.0000875,/metrics/pcl/fused/processing_ms,std_msgs/msg/Float32,198.026611328125
1774012236.299816,/metrics/pcl/fused/detections_count,std_msgs/msg/Int32,81
1774012236.2999651,/metrics/pcl/fused/points_in,std_msgs/msg/Int32,50840
1774012236.3000515,/metrics/pcl/fused/processing_ms,std_msgs/msg/Float32,192.38658142089844
1774012236.905662,/metrics/pcl/fused/detections_count,std_msgs/msg/Int32,81
1774012236.9057758,/metrics/pcl/fused/points_in,std_msgs/msg/Int32,50764
1774012236.9058335,/metrics/pcl/fused/processing_ms,std_msgs/msg/Float32,199.89141845703125
1774012237.20209,/metrics/pcl/fused/detections_count,std_msgs/msg/Int32,91
1774012237.2022095,/metrics/pcl/fused/points_in,std_msgs/msg/Int32,50874
1774012237.2022705,/metrics/pcl/fused/processing_ms,std_msgs/msg/Float32,196.3070831298828
1774012237.8174117,/metrics/pcl/fused/detections_count,std_msgs/msg/Int32,82
1774012237.8175836,/metrics/pcl/fused/points_in,std_msgs/msg/Int32,50826
1774012237.817673,/metrics/pcl/fused/processing_ms,std_msgs/msg/Float32,196.95411682128906
1774012238.1065052,/metrics/pcl/fused/detections_count,std_msgs/msg/Int32,87
1774012238.106629,/metrics/pcl/fused/points_in,std_msgs/msg/Int32,50770
1774012238.106693,/metrics/pcl/fused/processing_ms,std_msgs/msg/Float32,193.8872833251953
1774012238.7009256,/metrics/pcl/fused/detections_count,std_msgs/msg/Int32,85
1774012238.7010593,/metrics/pcl/fused/points_in,std_msgs/msg/Int32,50818
1774012238.7011454,/metrics/pcl/fused/processing_ms,std_msgs/msg/Float32,192.75173950195312
1774012239.3054945,/metrics/pcl/fused/detections_count,std_msgs/msg/Int32,87
1774012239.3056362,/metrics/pcl/fused/points_in,std_msgs/msg/Int32,50815
1774012239.3057284,/metrics/pcl/fused/processing_ms,std_msgs/msg/Float32,198.4822540283203
1774012239.6200705,/metrics/pcl/fused/detections_count,std_msgs/msg/Int32,87
1774012239.6201994,/metrics/pcl/fused/points_in,std_msgs/msg/Int32,50855
1774012239.6202729,/metrics/pcl/fused/processing_ms,std_msgs/msg/Float32,205.82838439941406
1774012240.21857,/metrics/pcl/fused/detections_count,std_msgs/msg/Int32,83
1774012240.2187314,/metrics/pcl/fused/points_in,std_msgs/msg/Int32,51000
1774012240.2188156,/metrics/pcl/fused/processing_ms,std_msgs/msg/Float32,207.5347900390625
1774012240.8260982,/metrics/pcl/fused/detections_count,std_msgs/msg/Int32,79
1774012240.8262155,/metrics/pcl/fused/points_in,std_msgs/msg/Int32,51187
1774012240.8262818,/metrics/pcl/fused/processing_ms,std_msgs/msg/Float32,206.366455078125
1774012241.1108532,/metrics/pcl/fused/detections_count,std_msgs/msg/Int32,81
1774012241.1109772,/metrics/pcl/fused/points_in,std_msgs/msg/Int32,51069
1774012241.1110463,/metrics/pcl/fused/processing_ms,std_msgs/msg/Float32,205.35890197753906
1774012241.7080648,/metrics/pcl/fused/detections_count,std_msgs/msg/Int32,85
1774012241.708176,/metrics/pcl/fused/points_in,std_msgs/msg/Int32,49240
1774012241.7082431,/metrics/pcl/fused/processing_ms,std_msgs/msg/Float32,202.20333862304688
1774012242.0166395,/metrics/pcl/fused/detections_count,std_msgs/msg/Int32,80
1774012242.0167398,/metrics/pcl/fused/points_in,std_msgs/msg/Int32,50482
1774012242.0167954,/metrics/pcl/fused/processing_ms,std_msgs/msg/Float32,211.9281463623047
1774012242.9082997,/metrics/pcl/fused/detections_count,std_msgs/msg/Int32,86
1774012242.90841,/metrics/pcl/fused/points_in,std_msgs/msg/Int32,51178
1774012242.9084764,/metrics/pcl/fused/processing_ms,std_msgs/msg/Float32,198.977783203125
1774012244.1055944,/metrics/pcl/fused/detections_count,std_msgs/msg/Int32,77
1774012244.1057029,/metrics/pcl/fused/points_in,std_msgs/msg/Int32,51082
1774012244.1057692,/metrics/pcl/fused/processing_ms,std_msgs/msg/Float32,198.90927124023438
1774012244.700932,/metrics/pcl/fused/detections_count,std_msgs/msg/Int32,86
1774012244.7010448,/metrics/pcl/fused/points_in,std_msgs/msg/Int32,51160
1774012244.701112,/metrics/pcl/fused/processing_ms,std_msgs/msg/Float32,196.0479278564453
1774012245.299311,/metrics/pcl/fused/detections_count,std_msgs/msg/Int32,78
1774012245.2994304,/metrics/pcl/fused/points_in,std_msgs/msg/Int32,51235
1774012245.2995613,/metrics/pcl/fused/processing_ms,std_msgs/msg/Float32,196.6187744140625
1774012245.5975523,/metrics/pcl/fused/detections_count,std_msgs/msg/Int32,82
1774012245.5976636,/metrics/pcl/fused/points_in,std_msgs/msg/Int32,51242
1774012245.5977256,/metrics/pcl/fused/processing_ms,std_msgs/msg/Float32,196.65960693359375
1774012245.9094326,/metrics/pcl/fused/detections_count,std_msgs/msg/Int32,85
1774012245.9095428,/metrics/pcl/fused/points_in,std_msgs/msg/Int32,51291
1774012245.9096067,/metrics/pcl/fused/processing_ms,std_msgs/msg/Float32,200.36380004882812
1774012246.2039304,/metrics/pcl/fused/detections_count,std_msgs/msg/Int32,80
1774012246.204041,/metrics/pcl/fused/points_in,std_msgs/msg/Int32,51292
1774012246.2041042,/metrics/pcl/fused/processing_ms,std_msgs/msg/Float32,193.9777374267578
1774012247.7073793,/metrics/pcl/fused/detections_count,std_msgs/msg/Int32,84
1774012247.7074883,/metrics/pcl/fused/points_in,std_msgs/msg/Int32,51283
1774012247.7075503,/metrics/pcl/fused/processing_ms,std_msgs/msg/Float32,201.71438598632812
1774012248.00754,/metrics/pcl/fused/detections_count,std_msgs/msg/Int32,81
1774012248.0076509,/metrics/pcl/fused/points_in,std_msgs/msg/Int32,51257
1774012248.0077198,/metrics/pcl/fused/processing_ms,std_msgs/msg/Float32,199.49549865722656
1774012248.3074083,/metrics/pcl/fused/detections_count,std_msgs/msg/Int32,82
1774012248.3075247,/metrics/pcl/fused/points_in,std_msgs/msg/Int32,51295
1774012248.3075895,/metrics/pcl/fused/processing_ms,std_msgs/msg/Float32,195.74266052246094
1774012248.599929,/metrics/pcl/fused/detections_count,std_msgs/msg/Int32,85
1774012248.600061,/metrics/pcl/fused/points_in,std_msgs/msg/Int32,51282
1774012248.6001232,/metrics/pcl/fused/processing_ms,std_msgs/msg/Float32,194.67578125
1774012249.5049396,/metrics/pcl/fused/detections_count,std_msgs/msg/Int32,80
1774012249.5050745,/metrics/pcl/fused/points_in,std_msgs/msg/Int32,51320
1774012249.5051577,/metrics/pcl/fused/processing_ms,std_msgs/msg/Float32,200.0313262939453
1774012249.8027954,/metrics/pcl/fused/detections_count,std_msgs/msg/Int32,86
1774012249.802927,/metrics/pcl/fused/points_in,std_msgs/msg/Int32,51297
1774012249.803007,/metrics/pcl/fused/processing_ms,std_msgs/msg/Float32,194.19456481933594
1774012251.006296,/metrics/pcl/fused/detections_count,std_msgs/msg/Int32,85
1774012251.0064266,/metrics/pcl/fused/points_in,std_msgs/msg/Int32,51354
1774012251.0065129,/metrics/pcl/fused/processing_ms,std_msgs/msg/Float32,198.11439514160156
1774012251.6055326,/metrics/pcl/fused/detections_count,std_msgs/msg/Int32,76
1774012251.605625,/metrics/pcl/fused/points_in,std_msgs/msg/Int32,51393
1774012251.6056774,/metrics/pcl/fused/processing_ms,std_msgs/msg/Float32,201.97854614257812
1774012252.2097046,/metrics/pcl/fused/detections_count,std_msgs/msg/Int32,83
1774012252.2098439,/metrics/pcl/fused/points_in,std_msgs/msg/Int32,51391
1774012252.2099504,/metrics/pcl/fused/processing_ms,std_msgs/msg/Float32,203.24261474609375
1774012252.5130038,/metrics/pcl/fused/detections_count,std_msgs/msg/Int32,85
1774012252.5131123,/metrics/pcl/fused/points_in,std_msgs/msg/Int32,51346
1774012252.5131783,/metrics/pcl/fused/processing_ms,std_msgs/msg/Float32,203.28672790527344
1774012252.806282,/metrics/pcl/fused/detections_count,std_msgs/msg/Int32,83
1774012252.8064024,/metrics/pcl/fused/points_in,std_msgs/msg/Int32,51237
1774012252.8064914,/metrics/pcl/fused/processing_ms,std_msgs/msg/Float32,197.13136291503906
1774012253.137047,/metrics/pcl/fused/detections_count,std_msgs/msg/Int32,81
1774012253.137177,/metrics/pcl/fused/points_in,std_msgs/msg/Int32,51085
1774012253.1372619,/metrics/pcl/fused/processing_ms,std_msgs/msg/Float32,207.6856689453125
1774012253.4100149,/metrics/pcl/fused/detections_count,std_msgs/msg/Int32,85
1774012253.410127,/metrics/pcl/fused/points_in,std_msgs/msg/Int32,50989
1774012253.4101925,/metrics/pcl/fused/processing_ms,std_msgs/msg/Float32,196.22850036621094
1774012253.7192013,/metrics/pcl/fused/detections_count,std_msgs/msg/Int32,81
1774012253.7193446,/metrics/pcl/fused/points_in,std_msgs/msg/Int32,50849
1774012253.7194295,/metrics/pcl/fused/processing_ms,std_msgs/msg/Float32,200.12637329101562
1774012254.0140727,/metrics/pcl/fused/detections_count,std_msgs/msg/Int32,82
1774012254.0141847,/metrics/pcl/fused/points_in,std_msgs/msg/Int32,50964
1774012254.0142493,/metrics/pcl/fused/processing_ms,std_msgs/msg/Float32,200.92864990234375
1774012254.6110861,/metrics/pcl/fused/detections_count,std_msgs/msg/Int32,80
1774012254.6112015,/metrics/pcl/fused/processing_ms,std_msgs/msg/Float32,200.01113891601562
1774012254.6153471,/metrics/pcl/fused/points_in,std_msgs/msg/Int32,51127
1774012254.9243696,/metrics/pcl/fused/detections_count,std_msgs/msg/Int32,84
1774012254.924483,/metrics/pcl/fused/points_in,std_msgs/msg/Int32,51150
1774012254.9245539,/metrics/pcl/fused/processing_ms,std_msgs/msg/Float32,202.43226623535156
1774012255.8165336,/metrics/pcl/fused/detections_count,std_msgs/msg/Int32,83
1774012255.8166375,/metrics/pcl/fused/points_in,std_msgs/msg/Int32,51041
1774012255.8166971,/metrics/pcl/fused/processing_ms,std_msgs/msg/Float32,205.655029296875
1774012256.1108057,/metrics/pcl/fused/detections_count,std_msgs/msg/Int32,88
1774012256.110929,/metrics/pcl/fused/points_in,std_msgs/msg/Int32,51030
1774012256.110997,/metrics/pcl/fused/processing_ms,std_msgs/msg/Float32,197.170166015625
1774012257.0110366,/metrics/pcl/fused/detections_count,std_msgs/msg/Int32,80
1774012257.0112042,/metrics/pcl/fused/points_in,std_msgs/msg/Int32,51001
1774012257.011292,/metrics/pcl/fused/processing_ms,std_msgs/msg/Float32,203.8529510498047
1774012257.3233697,/metrics/pcl/fused/detections_count,std_msgs/msg/Int32,79
1774012257.323476,/metrics/pcl/fused/points_in,std_msgs/msg/Int32,51073
1774012257.3235385,/metrics/pcl/fused/processing_ms,std_msgs/msg/Float32,206.8206787109375
1774012257.60264,/metrics/pcl/fused/detections_count,std_msgs/msg/Int32,83
1774012257.602752,/metrics/pcl/fused/points_in,std_msgs/msg/Int32,51016
1774012257.6028142,/metrics/pcl/fused/processing_ms,std_msgs/msg/Float32,195.9094696044922
1774012258.2196832,/metrics/pcl/fused/detections_count,std_msgs/msg/Int32,84
1774012258.2197902,/metrics/pcl/fused/points_in,std_msgs/msg/Int32,51017
1774012258.2198677,/metrics/pcl/fused/processing_ms,std_msgs/msg/Float32,202.43922424316406
1774012258.5161624,/metrics/pcl/fused/detections_count,std_msgs/msg/Int32,83
1774012258.5164382,/metrics/pcl/fused/points_in,std_msgs/msg/Int32,51146
1774012258.5165346,/metrics/pcl/fused/processing_ms,std_msgs/msg/Float32,206.4933624267578
1774012258.8039207,/metrics/pcl/fused/detections_count,std_msgs/msg/Int32,83
1774012258.8040638,/metrics/pcl/fused/points_in,std_msgs/msg/Int32,51115
1774012258.80416,/metrics/pcl/fused/processing_ms,std_msgs/msg/Float32,201.1122283935547
1774012259.121501,/metrics/pcl/fused/detections_count,std_msgs/msg/Int32,82
1774012259.1216402,/metrics/pcl/fused/points_in,std_msgs/msg/Int32,51291
1774012259.121726,/metrics/pcl/fused/processing_ms,std_msgs/msg/Float32,210.71054077148438
1774012259.4207644,/metrics/pcl/fused/detections_count,std_msgs/msg/Int32,83
1774012259.4209135,/metrics/pcl/fused/points_in,std_msgs/msg/Int32,51128
1774012259.4209726,/metrics/pcl/fused/processing_ms,std_msgs/msg/Float32,199.9531707763672
1774012260.3121302,/metrics/pcl/fused/detections_count,std_msgs/msg/Int32,82
1774012260.3122506,/metrics/pcl/fused/points_in,std_msgs/msg/Int32,51213
1774012260.312336,/metrics/pcl/fused/processing_ms,std_msgs/msg/Float32,202.0371551513672
1774012260.9113843,/metrics/pcl/fused/detections_count,std_msgs/msg/Int32,86
1774012260.911513,/metrics/pcl/fused/points_in,std_msgs/msg/Int32,51139
1774012260.9115698,/metrics/pcl/fused/processing_ms,std_msgs/msg/Float32,199.74256896972656
1774012261.2492628,/metrics/pcl/fused/detections_count,std_msgs/msg/Int32,85
1774012261.249371,/metrics/pcl/fused/points_in,std_msgs/msg/Int32,51110
1774012261.2494254,/metrics/pcl/fused/processing_ms,std_msgs/msg/Float32,197.6492156982422
1774012261.5053315,/metrics/pcl/fused/detections_count,std_msgs/msg/Int32,85
1774012261.5054553,/metrics/pcl/fused/points_in,std_msgs/msg/Int32,51116
1774012261.50552,/metrics/pcl/fused/processing_ms,std_msgs/msg/Float32,196.80162048339844
1774012261.8141713,/metrics/pcl/fused/detections_count,std_msgs/msg/Int32,84
1774012261.814288,/metrics/pcl/fused/points_in,std_msgs/msg/Int32,51091
1774012261.8143516,/metrics/pcl/fused/processing_ms,std_msgs/msg/Float32,193.45126342773438
1774012262.3985443,/metrics/pcl/fused/detections_count,std_msgs/msg/Int32,87
1774012262.3987064,/metrics/pcl/fused/points_in,std_msgs/msg/Int32,50923
1774012262.398767,/metrics/pcl/fused/processing_ms,std_msgs/msg/Float32,194.0823211669922
1774012263.3009546,/metrics/pcl/fused/detections_count,std_msgs/msg/Int32,79
1774012263.3010705,/metrics/pcl/fused/points_in,std_msgs/msg/Int32,50943
1774012263.3011281,/metrics/pcl/fused/processing_ms,std_msgs/msg/Float32,198.97235107421875
1774012263.9094946,/metrics/pcl/fused/detections_count,std_msgs/msg/Int32,87
1774012263.9096057,/metrics/pcl/fused/points_in,std_msgs/msg/Int32,50941
1774012263.9096699,/metrics/pcl/fused/processing_ms,std_msgs/msg/Float32,202.7970733642578
1774012264.5306606,/metrics/pcl/fused/detections_count,std_msgs/msg/Int32,83
1774012264.530787,/metrics/pcl/fused/points_in,std_msgs/msg/Int32,50932
1774012264.5308475,/metrics/pcl/fused/processing_ms,std_msgs/msg/Float32,199.7738800048828
1774012264.8130574,/metrics/pcl/fused/detections_count,std_msgs/msg/Int32,89
1774012264.8131592,/metrics/pcl/fused/points_in,std_msgs/msg/Int32,50948
1774012264.813212,/metrics/pcl/fused/processing_ms,std_msgs/msg/Float32,198.74758911132812
1774012265.1126764,/metrics/pcl/fused/detections_count,std_msgs/msg/Int32,84
1774012265.112789,/metrics/pcl/fused/points_in,std_msgs/msg/Int32,50961
1774012265.1128528,/metrics/pcl/fused/processing_ms,std_msgs/msg/Float32,198.1023406982422
1774012266.0228148,/metrics/pcl/fused/detections_count,std_msgs/msg/Int32,84
1774012266.0229478,/metrics/pcl/fused/points_in,std_msgs/msg/Int32,51024
1774012266.0230165,/metrics/pcl/fused/processing_ms,std_msgs/msg/Float32,209.4664306640625
1774012266.3049726,/metrics/pcl/fused/detections_count,std_msgs/msg/Int32,86
1774012266.3050854,/metrics/pcl/fused/points_in,std_msgs/msg/Int32,50970
1774012266.3051488,/metrics/pcl/fused/processing_ms,std_msgs/msg/Float32,192.3750762939453
1774012266.6037366,/metrics/pcl/fused/detections_count,std_msgs/msg/Int32,87
1774012266.6038585,/metrics/pcl/fused/points_in,std_msgs/msg/Int32,50981
1774012266.6039512,/metrics/pcl/fused/processing_ms,std_msgs/msg/Float32,195.3612060546875
1774012267.210078,/metrics/pcl/fused/detections_count,std_msgs/msg/Int32,85
1774012267.2101772,/metrics/pcl/fused/points_in,std_msgs/msg/Int32,50902
1774012267.2102337,/metrics/pcl/fused/processing_ms,std_msgs/msg/Float32,200.23831176757812
1774012267.5099082,/metrics/pcl/fused/detections_count,std_msgs/msg/Int32,89
1774012267.5100107,/metrics/pcl/fused/points_in,std_msgs/msg/Int32,50920
1774012267.5100646,/metrics/pcl/fused/processing_ms,std_msgs/msg/Float32,196.43649291992188
1774012267.8290586,/metrics/pcl/fused/detections_count,std_msgs/msg/Int32,81
1774012267.8291848,/metrics/pcl/fused/points_in,std_msgs/msg/Int32,51043
1774012267.829243,/metrics/pcl/fused/processing_ms,std_msgs/msg/Float32,214.12074279785156
1774012268.1168678,/metrics/pcl/fused/detections_count,std_msgs/msg/Int32,80
1774012268.1169848,/metrics/pcl/fused/points_in,std_msgs/msg/Int32,51119
1774012268.1170523,/metrics/pcl/fused/processing_ms,std_msgs/msg/Float32,200.03953552246094
1774012268.7074673,/metrics/pcl/fused/detections_count,std_msgs/msg/Int32,77
1774012268.7075799,/metrics/pcl/fused/points_in,std_msgs/msg/Int32,51049
1774012268.7076435,/metrics/pcl/fused/processing_ms,std_msgs/msg/Float32,199.6849365234375
1774012269.000922,/metrics/pcl/fused/detections_count,std_msgs/msg/Int32,84
1774012269.0010278,/metrics/pcl/fused/points_in,std_msgs/msg/Int32,51012
1774012269.00109,/metrics/pcl/fused/processing_ms,std_msgs/msg/Float32,197.31187438964844
1774012269.294763,/metrics/pcl/fused/detections_count,std_msgs/msg/Int32,84
1774012269.294885,/metrics/pcl/fused/points_in,std_msgs/msg/Int32,50886
1774012269.2949545,/metrics/pcl/fused/processing_ms,std_msgs/msg/Float32,191.93002319335938
1774012270.1947334,/metrics/pcl/fused/detections_count,std_msgs/msg/Int32,86
1774012270.1948423,/metrics/pcl/fused/points_in,std_msgs/msg/Int32,50781
1774012270.194926,/metrics/pcl/fused/processing_ms,std_msgs/msg/Float32,190.1802215576172
1774012270.8131542,/metrics/pcl/fused/detections_count,std_msgs/msg/Int32,79
1774012270.8132663,/metrics/pcl/fused/points_in,std_msgs/msg/Int32,50884
1774012270.8133307,/metrics/pcl/fused/processing_ms,std_msgs/msg/Float32,202.96261596679688
1774012272.0026739,/metrics/pcl/fused/detections_count,std_msgs/msg/Int32,85
1774012272.0028975,/metrics/pcl/fused/points_in,std_msgs/msg/Int32,50938
1774012272.003033,/metrics/pcl/fused/processing_ms,std_msgs/msg/Float32,194.68728637695312
1774012272.6080394,/metrics/pcl/fused/detections_count,std_msgs/msg/Int32,84
1774012272.6081705,/metrics/pcl/fused/points_in,std_msgs/msg/Int32,50906
1774012272.608249,/metrics/pcl/fused/processing_ms,std_msgs/msg/Float32,199.99331665039062
1774012272.9050539,/metrics/pcl/fused/detections_count,std_msgs/msg/Int32,82
1774012272.905208,/metrics/pcl/fused/points_in,std_msgs/msg/Int32,51085
1774012272.9052854,/metrics/pcl/fused/processing_ms,std_msgs/msg/Float32,196.50747680664062
1774012273.5087733,/metrics/pcl/fused/detections_count,std_msgs/msg/Int32,81
1774012273.508899,/metrics/pcl/fused/points_in,std_msgs/msg/Int32,50910
1774012273.509002,/metrics/pcl/fused/processing_ms,std_msgs/msg/Float32,197.31228637695312
1774012273.8141265,/metrics/pcl/fused/detections_count,std_msgs/msg/Int32,79
1774012273.814243,/metrics/pcl/fused/points_in,std_msgs/msg/Int32,50897
1774012273.8143115,/metrics/pcl/fused/processing_ms,std_msgs/msg/Float32,196.46949768066406
1774012275.0013826,/metrics/pcl/fused/detections_count,std_msgs/msg/Int32,79
1774012275.0014992,/metrics/pcl/fused/points_in,std_msgs/msg/Int32,51017
1774012275.001567,/metrics/pcl/fused/processing_ms,std_msgs/msg/Float32,195.79928588867188
1774012275.3096077,/metrics/pcl/fused/detections_count,std_msgs/msg/Int32,82
1774012275.3097103,/metrics/pcl/fused/points_in,std_msgs/msg/Int32,50914
1774012275.3097677,/metrics/pcl/fused/processing_ms,std_msgs/msg/Float32,199.93345642089844
1774012276.2075086,/metrics/pcl/fused/detections_count,std_msgs/msg/Int32,83
1774012276.2076075,/metrics/pcl/fused/points_in,std_msgs/msg/Int32,51034
1774012276.2076638,/metrics/pcl/fused/processing_ms,std_msgs/msg/Float32,201.43222045898438
1774012276.8123,/metrics/pcl/fused/detections_count,std_msgs/msg/Int32,81
1774012276.8124118,/metrics/pcl/fused/points_in,std_msgs/msg/Int32,50904
1774012276.8124793,/metrics/pcl/fused/processing_ms,std_msgs/msg/Float32,197.1292724609375
1774012277.421497,/metrics/pcl/fused/detections_count,std_msgs/msg/Int32,74
1774012277.4216018,/metrics/pcl/fused/points_in,std_msgs/msg/Int32,51004
1774012277.421664,/metrics/pcl/fused/processing_ms,std_msgs/msg/Float32,204.88150024414062
1774012278.0073051,/metrics/pcl/fused/detections_count,std_msgs/msg/Int32,83
1774012278.007415,/metrics/pcl/fused/points_in,std_msgs/msg/Int32,51012
1774012278.0074809,/metrics/pcl/fused/processing_ms,std_msgs/msg/Float32,200.0229034423828
1774012278.6108482,/metrics/pcl/fused/detections_count,std_msgs/msg/Int32,83
1774012278.6109848,/metrics/pcl/fused/points_in,std_msgs/msg/Int32,50910
1774012278.6110547,/metrics/pcl/fused/processing_ms,std_msgs/msg/Float32,200.90431213378906
1774012278.9137528,/metrics/pcl/fused/detections_count,std_msgs/msg/Int32,80
1774012278.9138935,/metrics/pcl/fused/points_in,std_msgs/msg/Int32,50954
1774012278.9139795,/metrics/pcl/fused/processing_ms,std_msgs/msg/Float32,198.50489807128906
1774012286.103808,/metrics/pcl/fused/detections_count,std_msgs/msg/Int32,86
1774012286.1039474,/metrics/pcl/fused/points_in,std_msgs/msg/Int32,50997
1774012286.104035,/metrics/pcl/fused/processing_ms,std_msgs/msg/Float32,193.88177490234375
1774012286.7046082,/metrics/pcl/fused/detections_count,std_msgs/msg/Int32,82
1774012286.7047274,/metrics/pcl/fused/points_in,std_msgs/msg/Int32,51102
1774012286.7047904,/metrics/pcl/fused/processing_ms,std_msgs/msg/Float32,198.8843536376953
1774012286.996808,/metrics/pcl/fused/detections_count,std_msgs/msg/Int32,86
1774012286.9969413,/metrics/pcl/fused/points_in,std_msgs/msg/Int32,50985
1774012286.9970202,/metrics/pcl/fused/processing_ms,std_msgs/msg/Float32,196.51580810546875
1774012287.2929466,/metrics/pcl/fused/detections_count,std_msgs/msg/Int32,85
1774012287.293055,/metrics/pcl/fused/points_in,std_msgs/msg/Int32,50877
1774012287.2931185,/metrics/pcl/fused/processing_ms,std_msgs/msg/Float32,192.77349853515625
1774012287.599993,/metrics/pcl/fused/detections_count,std_msgs/msg/Int32,83
1774012287.6001225,/metrics/pcl/fused/points_in,std_msgs/msg/Int32,50906
1774012287.600186,/metrics/pcl/fused/processing_ms,std_msgs/msg/Float32,199.6544647216797
1774012287.8991103,/metrics/pcl/fused/detections_count,std_msgs/msg/Int32,82
1774012287.8992312,/metrics/pcl/fused/points_in,std_msgs/msg/Int32,50835
1774012287.8993144,/metrics/pcl/fused/processing_ms,std_msgs/msg/Float32,197.64678955078125
1774012288.2040362,/metrics/pcl/fused/detections_count,std_msgs/msg/Int32,79
1774012288.2041557,/metrics/pcl/fused/points_in,std_msgs/msg/Int32,50904
1774012288.20423,/metrics/pcl/fused/processing_ms,std_msgs/msg/Float32,199.3445281982422
1774012288.505314,/metrics/pcl/fused/detections_count,std_msgs/msg/Int32,80
1774012288.5054286,/metrics/pcl/fused/points_in,std_msgs/msg/Int32,50957
1774012288.505493,/metrics/pcl/fused/processing_ms,std_msgs/msg/Float32,201.58047485351562
1774012289.098693,/metrics/pcl/fused/detections_count,std_msgs/msg/Int32,83
1774012289.0987968,/metrics/pcl/fused/points_in,std_msgs/msg/Int32,51045
1774012289.0988638,/metrics/pcl/fused/processing_ms,std_msgs/msg/Float32,196.40504455566406
1774012289.396297,/metrics/pcl/fused/detections_count,std_msgs/msg/Int32,81
1774012289.3964307,/metrics/pcl/fused/points_in,std_msgs/msg/Int32,50997
1774012289.3964994,/metrics/pcl/fused/processing_ms,std_msgs/msg/Float32,194.4359893798828
1774012290.0104768,/metrics/pcl/fused/detections_count,std_msgs/msg/Int32,82
1774012290.0105815,/metrics/pcl/fused/points_in,std_msgs/msg/Int32,51252
1774012290.0106432,/metrics/pcl/fused/processing_ms,std_msgs/msg/Float32,200.2591094970703
1774012290.607428,/metrics/pcl/fused/detections_count,std_msgs/msg/Int32,86
1774012290.607557,/metrics/pcl/fused/points_in,std_msgs/msg/Int32,51145
1774012290.6076298,/metrics/pcl/fused/processing_ms,std_msgs/msg/Float32,198.6027069091797
1774012290.9118364,/metrics/pcl/fused/detections_count,std_msgs/msg/Int32,85
1774012290.9119768,/metrics/pcl/fused/points_in,std_msgs/msg/Int32,51158
1774012290.9120498,/metrics/pcl/fused/processing_ms,std_msgs/msg/Float32,201.665771484375
1774012291.502492,/metrics/pcl/fused/detections_count,std_msgs/msg/Int32,83
1774012291.50264,/metrics/pcl/fused/points_in,std_msgs/msg/Int32,51041
1774012291.502708,/metrics/pcl/fused/processing_ms,std_msgs/msg/Float32,198.69619750976562
1774012291.814668,/metrics/pcl/fused/detections_count,std_msgs/msg/Int32,84
1774012291.814774,/metrics/pcl/fused/points_in,std_msgs/msg/Int32,51176
1774012291.8148274,/metrics/pcl/fused/processing_ms,std_msgs/msg/Float32,201.0861358642578
1774012292.106696,/metrics/pcl/fused/detections_count,std_msgs/msg/Int32,81
1774012292.1068075,/metrics/pcl/fused/points_in,std_msgs/msg/Int32,51137
1774012292.1068804,/metrics/pcl/fused/processing_ms,std_msgs/msg/Float32,196.90855407714844
1774012292.4014714,/metrics/pcl/fused/detections_count,std_msgs/msg/Int32,82
1774012292.4015918,/metrics/pcl/fused/points_in,std_msgs/msg/Int32,51059
1774012292.4016662,/metrics/pcl/fused/processing_ms,std_msgs/msg/Float32,195.80996704101562
1774012293.003606,/metrics/pcl/fused/detections_count,std_msgs/msg/Int32,87
1774012293.003727,/metrics/pcl/fused/points_in,std_msgs/msg/Int32,51092
1774012293.003794,/metrics/pcl/fused/processing_ms,std_msgs/msg/Float32,196.8995819091797
1774012293.3011866,/metrics/pcl/fused/detections_count,std_msgs/msg/Int32,82
1774012293.3012958,/metrics/pcl/fused/points_in,std_msgs/msg/Int32,51211
1774012293.3013577,/metrics/pcl/fused/processing_ms,std_msgs/msg/Float32,194.63145446777344
1774012293.909791,/metrics/pcl/fused/detections_count,std_msgs/msg/Int32,81
1774012293.909924,/metrics/pcl/fused/points_in,std_msgs/msg/Int32,51206
1774012293.9099946,/metrics/pcl/fused/processing_ms,std_msgs/msg/Float32,198.87693786621094
1774012294.5039024,/metrics/pcl/fused/detections_count,std_msgs/msg/Int32,85
1774012294.5040236,/metrics/pcl/fused/points_in,std_msgs/msg/Int32,51144
1774012294.5040932,/metrics/pcl/fused/processing_ms,std_msgs/msg/Float32,195.06126403808594
1774012294.8091233,/metrics/pcl/fused/detections_count,std_msgs/msg/Int32,82
1774012294.8092465,/metrics/pcl/fused/points_in,std_msgs/msg/Int32,51090
1774012294.8093207,/metrics/pcl/fused/processing_ms,std_msgs/msg/Float32,195.5912628173828
1774012295.7072344,/metrics/pcl/fused/detections_count,std_msgs/msg/Int32,82
1774012295.7073452,/metrics/pcl/fused/points_in,std_msgs/msg/Int32,50993
1774012295.7074077,/metrics/pcl/fused/processing_ms,std_msgs/msg/Float32,197.7622833251953
1774012296.0091383,/metrics/pcl/fused/detections_count,std_msgs/msg/Int32,81
1774012296.009268,/metrics/pcl/fused/points_in,std_msgs/msg/Int32,51070
1774012296.0093453,/metrics/pcl/fused/processing_ms,std_msgs/msg/Float32,197.15296936035156
1774012296.2974048,/metrics/pcl/fused/detections_count,std_msgs/msg/Int32,84
1774012296.2975202,/metrics/pcl/fused/points_in,std_msgs/msg/Int32,50909
1774012296.2975805,/metrics/pcl/fused/processing_ms,std_msgs/msg/Float32,190.80052185058594
1774012297.2079337,/metrics/pcl/fused/detections_count,std_msgs/msg/Int32,78
1774012297.208043,/metrics/pcl/fused/points_in,std_msgs/msg/Int32,51028
1774012297.2081072,/metrics/pcl/fused/processing_ms,std_msgs/msg/Float32,196.6549530029297
1774012298.1052039,/metrics/pcl/fused/detections_count,std_msgs/msg/Int32,89
1774012298.105341,/metrics/pcl/fused/points_in,std_msgs/msg/Int32,50730
1774012298.105463,/metrics/pcl/fused/processing_ms,std_msgs/msg/Float32,193.8511962890625
1774012299.9111333,/metrics/pcl/fused/detections_count,std_msgs/msg/Int32,86
1774012299.9112365,/metrics/pcl/fused/points_in,std_msgs/msg/Int32,50751
1774012299.9112966,/metrics/pcl/fused/processing_ms,std_msgs/msg/Float32,198.49856567382812
1774012300.8043108,/metrics/pcl/fused/detections_count,std_msgs/msg/Int32,79
1774012300.804426,/metrics/pcl/fused/points_in,std_msgs/msg/Int32,50830
1774012300.8044903,/metrics/pcl/fused/processing_ms,std_msgs/msg/Float32,194.40994262695312
1774012301.1010282,/metrics/pcl/fused/detections_count,std_msgs/msg/Int32,79
1774012301.101148,/metrics/pcl/fused/points_in,std_msgs/msg/Int32,50839
1774012301.1012213,/metrics/pcl/fused/processing_ms,std_msgs/msg/Float32,193.35003662109375
1774012301.705022,/metrics/pcl/fused/detections_count,std_msgs/msg/Int32,81
1774012301.705125,/metrics/pcl/fused/points_in,std_msgs/msg/Int32,50741
1774012301.7051842,/metrics/pcl/fused/processing_ms,std_msgs/msg/Float32,194.55535888671875
1774012302.001617,/metrics/pcl/fused/detections_count,std_msgs/msg/Int32,83
1774012302.0017333,/metrics/pcl/fused/points_in,std_msgs/msg/Int32,50872
1774012302.0017982,/metrics/pcl/fused/processing_ms,std_msgs/msg/Float32,194.04583740234375
1774012302.3036628,/metrics/pcl/fused/detections_count,std_msgs/msg/Int32,82
1774012302.3037724,/metrics/pcl/fused/points_in,std_msgs/msg/Int32,50884
1774012302.3038347,/metrics/pcl/fused/processing_ms,std_msgs/msg/Float32,194.74081420898438
1774012302.912117,/metrics/pcl/fused/detections_count,std_msgs/msg/Int32,81
1774012302.9122531,/metrics/pcl/fused/processing_ms,std_msgs/msg/Float32,201.93919372558594
1774012302.912552,/metrics/pcl/fused/points_in,std_msgs/msg/Int32,50895
1774012303.804546,/metrics/pcl/fused/detections_count,std_msgs/msg/Int32,83
1774012303.80467,/metrics/pcl/fused/points_in,std_msgs/msg/Int32,50967
1774012303.8047345,/metrics/pcl/fused/processing_ms,std_msgs/msg/Float32,196.27764892578125
1774012304.1131873,/metrics/pcl/fused/detections_count,std_msgs/msg/Int32,79
1774012304.113292,/metrics/pcl/fused/points_in,std_msgs/msg/Int32,50949
1774012304.1133564,/metrics/pcl/fused/processing_ms,std_msgs/msg/Float32,198.66184997558594
1774012304.4007797,/metrics/pcl/fused/detections_count,std_msgs/msg/Int32,74
1774012304.400904,/metrics/pcl/fused/points_in,std_msgs/msg/Int32,50993
1774012304.4009798,/metrics/pcl/fused/processing_ms,std_msgs/msg/Float32,197.20057678222656
1774012304.710236,/metrics/pcl/fused/detections_count,std_msgs/msg/Int32,81
1774012304.7103462,/metrics/pcl/fused/points_in,std_msgs/msg/Int32,51097
1774012304.710401,/metrics/pcl/fused/processing_ms,std_msgs/msg/Float32,202.4935302734375
1774012305.9047456,/metrics/pcl/fused/detections_count,std_msgs/msg/Int32,80
1774012305.904858,/metrics/pcl/fused/points_in,std_msgs/msg/Int32,50903
1774012305.9049408,/metrics/pcl/fused/processing_ms,std_msgs/msg/Float32,196.26695251464844
1774012306.2002678,/metrics/pcl/fused/detections_count,std_msgs/msg/Int32,82
1774012306.2003872,/metrics/pcl/fused/points_in,std_msgs/msg/Int32,50833
1774012306.2004604,/metrics/pcl/fused/processing_ms,std_msgs/msg/Float32,192.06419372558594
1774012306.5004127,/metrics/pcl/fused/detections_count,std_msgs/msg/Int32,90
1774012306.5005255,/metrics/pcl/fused/points_in,std_msgs/msg/Int32,50848
1774012306.5005898,/metrics/pcl/fused/processing_ms,std_msgs/msg/Float32,193.166259765625
1774012306.7942615,/metrics/pcl/fused/detections_count,std_msgs/msg/Int32,83
1774012306.7943902,/metrics/pcl/fused/points_in,std_msgs/msg/Int32,50893
1774012306.7944586,/metrics/pcl/fused/processing_ms,std_msgs/msg/Float32,190.43185424804688
1774012307.0968013,/metrics/pcl/fused/detections_count,std_msgs/msg/Int32,89
1774012307.0969503,/metrics/pcl/fused/points_in,std_msgs/msg/Int32,50842
1774012307.097023,/metrics/pcl/fused/processing_ms,std_msgs/msg/Float32,194.3987274169922
1774012308.0011797,/metrics/pcl/fused/detections_count,std_msgs/msg/Int32,84
1774012308.0013318,/metrics/pcl/fused/points_in,std_msgs/msg/Int32,50966
1774012308.0014052,/metrics/pcl/fused/processing_ms,std_msgs/msg/Float32,189.6506805419922
1774012308.9063904,/metrics/pcl/fused/detections_count,std_msgs/msg/Int32,86
1774012308.9065032,/metrics/pcl/fused/points_in,std_msgs/msg/Int32,51074
1774012308.9065688,/metrics/pcl/fused/processing_ms,std_msgs/msg/Float32,192.31246948242188
1774012309.2014332,/metrics/pcl/fused/detections_count,std_msgs/msg/Int32,78
1774012309.2015789,/metrics/pcl/fused/points_in,std_msgs/msg/Int32,50968
1774012309.2055128,/metrics/pcl/fused/processing_ms,std_msgs/msg/Float32,192.46197509765625
1774012309.8039627,/metrics/pcl/fused/detections_count,std_msgs/msg/Int32,82
1774012309.8040853,/metrics/pcl/fused/points_in,std_msgs/msg/Int32,50987
1774012309.8041623,/metrics/pcl/fused/processing_ms,std_msgs/msg/Float32,194.15679931640625
1774012310.7014296,/metrics/pcl/fused/detections_count,std_msgs/msg/Int32,82
1774012310.7015426,/metrics/pcl/fused/points_in,std_msgs/msg/Int32,51059
1774012310.7016084,/metrics/pcl/fused/processing_ms,std_msgs/msg/Float32,196.1487579345703
1774012311.6030266,/metrics/pcl/fused/detections_count,std_msgs/msg/Int32,81
1774012311.6031346,/metrics/pcl/fused/points_in,std_msgs/msg/Int32,50966
1774012311.6031992,/metrics/pcl/fused/processing_ms,std_msgs/msg/Float32,200.4464111328125
1774012311.9021528,/metrics/pcl/fused/detections_count,std_msgs/msg/Int32,84
1774012311.902264,/metrics/pcl/fused/points_in,std_msgs/msg/Int32,50883
1774012311.9023294,/metrics/pcl/fused/processing_ms,std_msgs/msg/Float32,197.14022827148438
1774012314.0024366,/metrics/pcl/fused/detections_count,std_msgs/msg/Int32,85
1774012314.0025752,/metrics/pcl/fused/points_in,std_msgs/msg/Int32,50878
1774012314.002666,/metrics/pcl/fused/processing_ms,std_msgs/msg/Float32,194.06747436523438
1774012314.5972626,/metrics/pcl/fused/detections_count,std_msgs/msg/Int32,85
1774012314.5974133,/metrics/pcl/fused/points_in,std_msgs/msg/Int32,50686
1774012314.6013553,/metrics/pcl/fused/processing_ms,std_msgs/msg/Float32,193.35865783691406
1774012314.9009745,/metrics/pcl/fused/detections_count,std_msgs/msg/Int32,87
1774012314.901085,/metrics/pcl/fused/points_in,std_msgs/msg/Int32,50811
1774012314.9011497,/metrics/pcl/fused/processing_ms,std_msgs/msg/Float32,193.32369995117188
1774012315.2025046,/metrics/pcl/fused/detections_count,std_msgs/msg/Int32,78
1774012315.2026227,/metrics/pcl/fused/points_in,std_msgs/msg/Int32,50837
1774012315.2026865,/metrics/pcl/fused/processing_ms,std_msgs/msg/Float32,197.6727752685547
1774012316.1051931,/metrics/pcl/fused/detections_count,std_msgs/msg/Int32,84
1774012316.1053066,/metrics/pcl/fused/points_in,std_msgs/msg/Int32,50682
1774012316.1053734,/metrics/pcl/fused/processing_ms,std_msgs/msg/Float32,197.082763671875
1774012316.7062778,/metrics/pcl/fused/detections_count,std_msgs/msg/Int32,83
1774012316.706391,/metrics/pcl/fused/points_in,std_msgs/msg/Int32,50692
1774012316.7064564,/metrics/pcl/fused/processing_ms,std_msgs/msg/Float32,199.56297302246094
1774012317.2993062,/metrics/pcl/fused/detections_count,std_msgs/msg/Int32,81
1774012317.299433,/metrics/pcl/fused/points_in,std_msgs/msg/Int32,50643
1774012317.299499,/metrics/pcl/fused/processing_ms,std_msgs/msg/Float32,193.31512451171875
1774012318.2080042,/metrics/pcl/fused/detections_count,std_msgs/msg/Int32,81
1774012318.2081215,/metrics/pcl/fused/points_in,std_msgs/msg/Int32,50686
1774012318.2081866,/metrics/pcl/fused/processing_ms,std_msgs/msg/Float32,195.88304138183594
1774012318.7968538,/metrics/pcl/fused/detections_count,std_msgs/msg/Int32,85
1774012318.7969797,/metrics/pcl/fused/points_in,std_msgs/msg/Int32,50724
1774012318.7970452,/metrics/pcl/fused/processing_ms,std_msgs/msg/Float32,193.14866638183594
1774012319.7051775,/metrics/pcl/fused/detections_count,std_msgs/msg/Int32,77
1774012319.7052891,/metrics/pcl/fused/points_in,std_msgs/msg/Int32,50781
1774012319.7053542,/metrics/pcl/fused/processing_ms,std_msgs/msg/Float32,194.84112548828125
1774012320.0138516,/metrics/pcl/fused/detections_count,std_msgs/msg/Int32,78
1774012320.0139775,/metrics/pcl/fused/points_in,std_msgs/msg/Int32,50761
1774012320.0140429,/metrics/pcl/fused/processing_ms,std_msgs/msg/Float32,195.06158447265625
1774012320.9171226,/metrics/pcl/fused/detections_count,std_msgs/msg/Int32,78
1774012320.917254,/metrics/pcl/fused/points_in,std_msgs/msg/Int32,50744
1774012320.917329,/metrics/pcl/fused/processing_ms,std_msgs/msg/Float32,202.3778533935547
1774012321.2235777,/metrics/pcl/fused/detections_count,std_msgs/msg/Int32,84
1774012321.2237003,/metrics/pcl/fused/points_in,std_msgs/msg/Int32,50897
1774012321.2237787,/metrics/pcl/fused/processing_ms,std_msgs/msg/Float32,192.81532287597656
1774012321.5012314,/metrics/pcl/fused/detections_count,std_msgs/msg/Int32,84
1774012321.5013254,/metrics/pcl/fused/points_in,std_msgs/msg/Int32,51117
1774012321.5013783,/metrics/pcl/fused/processing_ms,std_msgs/msg/Float32,194.94320678710938
1774012323.002031,/metrics/pcl/fused/detections_count,std_msgs/msg/Int32,76
1774012323.0021522,/metrics/pcl/fused/points_in,std_msgs/msg/Int32,51438
1774012323.0022173,/metrics/pcl/fused/processing_ms,std_msgs/msg/Float32,197.05738830566406
1774012323.2967534,/metrics/pcl/fused/detections_count,std_msgs/msg/Int32,81
1774012323.2968655,/metrics/pcl/fused/points_in,std_msgs/msg/Int32,51429
1774012323.2969606,/metrics/pcl/fused/processing_ms,std_msgs/msg/Float32,193.38992309570312
1774012323.613762,/metrics/pcl/fused/detections_count,std_msgs/msg/Int32,76
1774012323.6139226,/metrics/pcl/fused/points_in,std_msgs/msg/Int32,51414
1774012323.6140113,/metrics/pcl/fused/processing_ms,std_msgs/msg/Float32,201.46409606933594
1774012323.9123318,/metrics/pcl/fused/detections_count,std_msgs/msg/Int32,80
1774012323.912472,/metrics/pcl/fused/points_in,std_msgs/msg/Int32,51437
1774012323.9125445,/metrics/pcl/fused/processing_ms,std_msgs/msg/Float32,202.88729858398438
1774012324.2032309,/metrics/pcl/fused/detections_count,std_msgs/msg/Int32,74
1774012324.2033434,/metrics/pcl/fused/points_in,std_msgs/msg/Int32,51287
1774012324.2034066,/metrics/pcl/fused/processing_ms,std_msgs/msg/Float32,197.9550018310547
1774012324.49718,/metrics/pcl/fused/detections_count,std_msgs/msg/Int32,79
1774012324.4972978,/metrics/pcl/fused/points_in,std_msgs/msg/Int32,51296
1774012324.497363,/metrics/pcl/fused/processing_ms,std_msgs/msg/Float32,196.3886260986328
1774012324.803699,/metrics/pcl/fused/detections_count,std_msgs/msg/Int32,72
1774012324.803812,/metrics/pcl/fused/points_in,std_msgs/msg/Int32,51385
1774012324.8038867,/metrics/pcl/fused/processing_ms,std_msgs/msg/Float32,196.64016723632812
1774012325.109596,/metrics/pcl/fused/detections_count,std_msgs/msg/Int32,77
1774012325.1097114,/metrics/pcl/fused/points_in,std_msgs/msg/Int32,51472
1774012325.1097806,/metrics/pcl/fused/processing_ms,std_msgs/msg/Float32,203.11727905273438
1774012325.3966422,/metrics/pcl/fused/detections_count,std_msgs/msg/Int32,84
1774012325.3967638,/metrics/pcl/fused/points_in,std_msgs/msg/Int32,51148
1774012325.396829,/metrics/pcl/fused/processing_ms,std_msgs/msg/Float32,193.95863342285156
1774012325.699158,/metrics/pcl/fused/detections_count,std_msgs/msg/Int32,85
1774012325.6992676,/metrics/pcl/fused/points_in,std_msgs/msg/Int32,51261
1774012325.6993303,/metrics/pcl/fused/processing_ms,std_msgs/msg/Float32,195.9720001220703
1774012326.0049732,/metrics/pcl/fused/detections_count,std_msgs/msg/Int32,85
1774012326.0050828,/metrics/pcl/fused/points_in,std_msgs/msg/Int32,51170
1774012326.0051458,/metrics/pcl/fused/processing_ms,std_msgs/msg/Float32,196.7521209716797
1774012326.3094041,/metrics/pcl/fused/detections_count,std_msgs/msg/Int32,77
1774012326.3095133,/metrics/pcl/fused/points_in,std_msgs/msg/Int32,51312
1774012326.3095746,/metrics/pcl/fused/processing_ms,std_msgs/msg/Float32,198.04689025878906
1774012326.5996916,/metrics/pcl/fused/detections_count,std_msgs/msg/Int32,81
1774012326.599851,/metrics/pcl/fused/points_in,std_msgs/msg/Int32,51279
1774012326.599985,/metrics/pcl/fused/processing_ms,std_msgs/msg/Float32,199.01275634765625
1774012326.9001977,/metrics/pcl/fused/detections_count,std_msgs/msg/Int32,79
1774012326.9003048,/metrics/pcl/fused/points_in,std_msgs/msg/Int32,51214
1774012326.9003673,/metrics/pcl/fused/processing_ms,std_msgs/msg/Float32,194.4301300048828
1774012327.8024666,/metrics/pcl/fused/detections_count,std_msgs/msg/Int32,83
1774012327.8025782,/metrics/pcl/fused/points_in,std_msgs/msg/Int32,51144
1774012327.802642,/metrics/pcl/fused/processing_ms,std_msgs/msg/Float32,195.7637939453125
1774012328.1007094,/metrics/pcl/fused/detections_count,std_msgs/msg/Int32,80
1774012328.1008213,/metrics/pcl/fused/points_in,std_msgs/msg/Int32,51079
1774012328.1008954,/metrics/pcl/fused/processing_ms,std_msgs/msg/Float32,194.49374389648438
1774012328.3981502,/metrics/pcl/fused/detections_count,std_msgs/msg/Int32,79
1774012328.3982773,/metrics/pcl/fused/points_in,std_msgs/msg/Int32,51218
1774012328.3983326,/metrics/pcl/fused/processing_ms,std_msgs/msg/Float32,195.48455810546875
1774012328.7008886,/metrics/pcl/fused/detections_count,std_msgs/msg/Int32,82
1774012328.701001,/metrics/pcl/fused/points_in,std_msgs/msg/Int32,51215
1774012328.701065,/metrics/pcl/fused/processing_ms,std_msgs/msg/Float32,196.9662322998047
1774012328.999368,/metrics/pcl/fused/detections_count,std_msgs/msg/Int32,87
1774012328.9995248,/metrics/pcl/fused/points_in,std_msgs/msg/Int32,51170
1774012328.9996023,/metrics/pcl/fused/processing_ms,std_msgs/msg/Float32,195.94271850585938
1774012329.6104698,/metrics/pcl/fused/detections_count,std_msgs/msg/Int32,77
1774012329.6105807,/metrics/pcl/fused/points_in,std_msgs/msg/Int32,51123
1774012329.6106467,/metrics/pcl/fused/processing_ms,std_msgs/msg/Float32,199.84805297851562
1774012329.8952465,/metrics/pcl/fused/detections_count,std_msgs/msg/Int32,76
1774012329.8954294,/metrics/pcl/fused/points_in,std_msgs/msg/Int32,51136
1774012329.8954973,/metrics/pcl/fused/processing_ms,std_msgs/msg/Float32,196.53213500976562
1774012330.191167,/metrics/pcl/fused/detections_count,std_msgs/msg/Int32,79
1774012330.1912825,/metrics/pcl/fused/points_in,std_msgs/msg/Int32,51001
1774012330.1913474,/metrics/pcl/fused/processing_ms,std_msgs/msg/Float32,195.25262451171875
1774012330.8004043,/metrics/pcl/fused/detections_count,std_msgs/msg/Int32,77
1774012330.80052,/metrics/pcl/fused/points_in,std_msgs/msg/Int32,51039
1774012330.8005838,/metrics/pcl/fused/processing_ms,std_msgs/msg/Float32,200.46881103515625
1774012331.9985511,/metrics/pcl/fused/detections_count,std_msgs/msg/Int32,76
1774012331.9986997,/metrics/pcl/fused/points_in,std_msgs/msg/Int32,50988
1774012331.9987676,/metrics/pcl/fused/processing_ms,std_msgs/msg/Float32,196.9005126953125
1774012332.5987623,/metrics/pcl/fused/detections_count,std_msgs/msg/Int32,81
1774012332.598926,/metrics/pcl/fused/points_in,std_msgs/msg/Int32,51027
1774012332.5990057,/metrics/pcl/fused/processing_ms,std_msgs/msg/Float32,198.2590789794922
1774012332.893972,/metrics/pcl/fused/detections_count,std_msgs/msg/Int32,83
1774012332.8940861,/metrics/pcl/fused/points_in,std_msgs/msg/Int32,50975
1774012332.894151,/metrics/pcl/fused/processing_ms,std_msgs/msg/Float32,195.85008239746094
1774012333.1965878,/metrics/pcl/fused/detections_count,std_msgs/msg/Int32,77
1774012333.1967027,/metrics/pcl/fused/points_in,std_msgs/msg/Int32,51006
1774012333.196767,/metrics/pcl/fused/processing_ms,std_msgs/msg/Float32,197.97747802734375
1774012333.495087,/metrics/pcl/fused/detections_count,std_msgs/msg/Int32,80
1774012333.4951968,/metrics/pcl/fused/points_in,std_msgs/msg/Int32,51014
1774012333.4952614,/metrics/pcl/fused/processing_ms,std_msgs/msg/Float32,196.01596069335938
1774012333.7982285,/metrics/pcl/fused/detections_count,std_msgs/msg/Int32,80
1774012333.7983503,/metrics/pcl/fused/points_in,std_msgs/msg/Int32,51024
1774012333.7984211,/metrics/pcl/fused/processing_ms,std_msgs/msg/Float32,196.32229614257812
1774012334.094111,/metrics/pcl/fused/detections_count,std_msgs/msg/Int32,79
1774012334.094219,/metrics/pcl/fused/points_in,std_msgs/msg/Int32,51029
1774012334.0942888,/metrics/pcl/fused/processing_ms,std_msgs/msg/Float32,194.7831268310547
1774012334.697408,/metrics/pcl/fused/detections_count,std_msgs/msg/Int32,86
1774012334.6975224,/metrics/pcl/fused/points_in,std_msgs/msg/Int32,50882
1774012334.697594,/metrics/pcl/fused/processing_ms,std_msgs/msg/Float32,197.38027954101562
1774012334.9999657,/metrics/pcl/fused/detections_count,std_msgs/msg/Int32,75
1774012335.0000937,/metrics/pcl/fused/points_in,std_msgs/msg/Int32,50983
1774012335.000166,/metrics/pcl/fused/processing_ms,std_msgs/msg/Float32,199.7119598388672
1774012335.2958624,/metrics/pcl/fused/detections_count,std_msgs/msg/Int32,74
1774012335.295997,/metrics/pcl/fused/points_in,std_msgs/msg/Int32,50935
1774012335.2960691,/metrics/pcl/fused/processing_ms,std_msgs/msg/Float32,192.9605712890625
1774012335.6014662,/metrics/pcl/fused/detections_count,std_msgs/msg/Int32,80
1774012335.601588,/metrics/pcl/fused/points_in,std_msgs/msg/Int32,50968
1774012335.6016603,/metrics/pcl/fused/processing_ms,std_msgs/msg/Float32,197.58206176757812
1774012335.906349,/metrics/pcl/fused/detections_count,std_msgs/msg/Int32,83
1774012335.9064734,/metrics/pcl/fused/points_in,std_msgs/msg/Int32,51012
1774012335.9065464,/metrics/pcl/fused/processing_ms,std_msgs/msg/Float32,195.19744873046875
1774012336.2007136,/metrics/pcl/fused/detections_count,std_msgs/msg/Int32,74
1774012336.2009332,/metrics/pcl/fused/points_in,std_msgs/msg/Int32,50937
1774012336.2010267,/metrics/pcl/fused/processing_ms,std_msgs/msg/Float32,197.11314392089844
1774012336.4970074,/metrics/pcl/fused/detections_count,std_msgs/msg/Int32,82
1774012336.49712,/metrics/pcl/fused/points_in,std_msgs/msg/Int32,51071
1774012336.4971876,/metrics/pcl/fused/processing_ms,std_msgs/msg/Float32,198.30836486816406
1774012336.8014636,/metrics/pcl/fused/detections_count,std_msgs/msg/Int32,76
1774012336.801586,/metrics/pcl/fused/points_in,std_msgs/msg/Int32,51022
1774012336.8016741,/metrics/pcl/fused/processing_ms,std_msgs/msg/Float32,199.56069946289062
1774012337.0989747,/metrics/pcl/fused/detections_count,std_msgs/msg/Int32,78
1774012337.0990765,/metrics/pcl/fused/points_in,std_msgs/msg/Int32,50929
1774012337.099132,/metrics/pcl/fused/processing_ms,std_msgs/msg/Float32,197.70701599121094
1774012337.3945467,/metrics/pcl/fused/detections_count,std_msgs/msg/Int32,79
1774012337.3946583,/metrics/pcl/fused/points_in,std_msgs/msg/Int32,51070
1774012337.394721,/metrics/pcl/fused/processing_ms,std_msgs/msg/Float32,194.5715789794922
1774012337.696537,/metrics/pcl/fused/detections_count,std_msgs/msg/Int32,83
1774012337.696655,/metrics/pcl/fused/points_in,std_msgs/msg/Int32,51017
1774012337.69673,/metrics/pcl/fused/processing_ms,std_msgs/msg/Float32,191.82977294921875
1774012338.0069816,/metrics/pcl/fused/detections_count,std_msgs/msg/Int32,81
1774012338.0071075,/metrics/pcl/fused/points_in,std_msgs/msg/Int32,51084
1774012338.0071836,/metrics/pcl/fused/processing_ms,std_msgs/msg/Float32,198.3692169189453
1774012338.2936454,/metrics/pcl/fused/detections_count,std_msgs/msg/Int32,83
1774012338.2937686,/metrics/pcl/fused/points_in,std_msgs/msg/Int32,50956
1774012338.293843,/metrics/pcl/fused/processing_ms,std_msgs/msg/Float32,189.32382202148438
1774012338.5962138,/metrics/pcl/fused/detections_count,std_msgs/msg/Int32,77
1774012338.5963235,/metrics/pcl/fused/points_in,std_msgs/msg/Int32,50993
1774012338.596389,/metrics/pcl/fused/processing_ms,std_msgs/msg/Float32,193.12387084960938
1774012338.909007,/metrics/pcl/fused/detections_count,std_msgs/msg/Int32,81
1774012338.9091187,/metrics/pcl/fused/points_in,std_msgs/msg/Int32,50916
1774012338.90919,/metrics/pcl/fused/processing_ms,std_msgs/msg/Float32,203.6291046142578
1774012339.49749,/metrics/pcl/fused/detections_count,std_msgs/msg/Int32,83
1774012339.4976563,/metrics/pcl/fused/points_in,std_msgs/msg/Int32,51134
1774012339.4977505,/metrics/pcl/fused/processing_ms,std_msgs/msg/Float32,198.86077880859375
1774012339.8032265,/metrics/pcl/fused/detections_count,std_msgs/msg/Int32,82
1774012339.8033473,/metrics/pcl/fused/points_in,std_msgs/msg/Int32,51133
1774012339.8034148,/metrics/pcl/fused/processing_ms,std_msgs/msg/Float32,195.13607788085938
1774012340.1056569,/metrics/pcl/fused/detections_count,std_msgs/msg/Int32,76
1774012340.1057785,/metrics/pcl/fused/points_in,std_msgs/msg/Int32,51151
1774012340.1058521,/metrics/pcl/fused/processing_ms,std_msgs/msg/Float32,199.79896545410156
1774012340.397175,/metrics/pcl/fused/detections_count,std_msgs/msg/Int32,77
1774012340.397298,/metrics/pcl/fused/points_in,std_msgs/msg/Int32,51050
1774012340.397365,/metrics/pcl/fused/processing_ms,std_msgs/msg/Float32,196.62716674804688
1774012340.70317,/metrics/pcl/fused/detections_count,std_msgs/msg/Int32,82
1774012340.7032878,/metrics/pcl/fused/points_in,std_msgs/msg/Int32,51058
1774012340.7033575,/metrics/pcl/fused/processing_ms,std_msgs/msg/Float32,196.08380126953125
1774012341.00797,/metrics/pcl/fused/detections_count,std_msgs/msg/Int32,77
1774012341.0081222,/metrics/pcl/fused/points_in,std_msgs/msg/Int32,51130
1774012341.0081959,/metrics/pcl/fused/processing_ms,std_msgs/msg/Float32,201.4724578857422
1774012341.3015583,/metrics/pcl/fused/detections_count,std_msgs/msg/Int32,78
1774012341.3016746,/metrics/pcl/fused/points_in,std_msgs/msg/Int32,51070
1774012341.3017416,/metrics/pcl/fused/processing_ms,std_msgs/msg/Float32,199.06521606445312
1774012341.602047,/metrics/pcl/fused/detections_count,std_msgs/msg/Int32,78
1774012341.6021755,/metrics/pcl/fused/points_in,std_msgs/msg/Int32,51042
1774012341.602256,/metrics/pcl/fused/processing_ms,std_msgs/msg/Float32,196.90176391601562
1774012341.9010253,/metrics/pcl/fused/detections_count,std_msgs/msg/Int32,80
1774012341.9011595,/metrics/pcl/fused/points_in,std_msgs/msg/Int32,50901
1774012341.9012625,/metrics/pcl/fused/processing_ms,std_msgs/msg/Float32,193.7451629638672
1774012342.8062701,/metrics/pcl/fused/detections_count,std_msgs/msg/Int32,86
1774012342.8064673,/metrics/pcl/fused/points_in,std_msgs/msg/Int32,50788
1774012342.8065543,/metrics/pcl/fused/processing_ms,std_msgs/msg/Float32,199.28939819335938
1774012343.1027246,/metrics/pcl/fused/detections_count,std_msgs/msg/Int32,82
1774012343.1028376,/metrics/pcl/fused/points_in,std_msgs/msg/Int32,50939
1774012343.1029215,/metrics/pcl/fused/processing_ms,std_msgs/msg/Float32,197.08558654785156
1774012343.3976583,/metrics/pcl/fused/detections_count,std_msgs/msg/Int32,85
1774012343.3977792,/metrics/pcl/fused/points_in,std_msgs/msg/Int32,50827
1774012343.397856,/metrics/pcl/fused/processing_ms,std_msgs/msg/Float32,196.112548828125
1774012344.0093143,/metrics/pcl/fused/detections_count,std_msgs/msg/Int32,80
1774012344.0094335,/metrics/pcl/fused/points_in,std_msgs/msg/Int32,50946
1774012344.009508,/metrics/pcl/fused/processing_ms,std_msgs/msg/Float32,197.07716369628906
1774012344.296586,/metrics/pcl/fused/detections_count,std_msgs/msg/Int32,80
1774012344.2967315,/metrics/pcl/fused/points_in,std_msgs/msg/Int32,51035
1774012344.2968059,/metrics/pcl/fused/processing_ms,std_msgs/msg/Float32,193.32168579101562
1774012344.607096,/metrics/pcl/fused/detections_count,std_msgs/msg/Int32,81
1774012344.607206,/metrics/pcl/fused/points_in,std_msgs/msg/Int32,51035
1774012344.607271,/metrics/pcl/fused/processing_ms,std_msgs/msg/Float32,196.86856079101562
1774012344.9098268,/metrics/pcl/fused/detections_count,std_msgs/msg/Int32,78
1774012344.909945,/metrics/pcl/fused/points_in,std_msgs/msg/Int32,50865
1774012344.9100037,/metrics/pcl/fused/processing_ms,std_msgs/msg/Float32,200.80796813964844
1774012345.803834,/metrics/pcl/fused/detections_count,std_msgs/msg/Int32,74
1774012345.8039675,/metrics/pcl/fused/points_in,std_msgs/msg/Int32,51024
1774012345.8040369,/metrics/pcl/fused/processing_ms,std_msgs/msg/Float32,199.1628875732422
1774012346.1062033,/metrics/pcl/fused/detections_count,std_msgs/msg/Int32,82
1774012346.1063335,/metrics/pcl/fused/points_in,std_msgs/msg/Int32,51036
1774012346.1064162,/metrics/pcl/fused/processing_ms,std_msgs/msg/Float32,197.7982635498047
1774012346.4045775,/metrics/pcl/fused/detections_count,std_msgs/msg/Int32,85
1774012346.4046853,/metrics/pcl/fused/points_in,std_msgs/msg/Int32,51150
1774012346.404754,/metrics/pcl/fused/processing_ms,std_msgs/msg/Float32,196.2183074951172
1774012346.7124956,/metrics/pcl/fused/detections_count,std_msgs/msg/Int32,78
1774012346.7126036,/metrics/pcl/fused/points_in,std_msgs/msg/Int32,51085
1774012346.7126665,/metrics/pcl/fused/processing_ms,std_msgs/msg/Float32,198.41351318359375
1774012347.302788,/metrics/pcl/fused/detections_count,std_msgs/msg/Int32,81
1774012347.302947,/metrics/pcl/fused/points_in,std_msgs/msg/Int32,51074
1774012347.3030667,/metrics/pcl/fused/processing_ms,std_msgs/msg/Float32,193.43267822265625
1774012347.899849,/metrics/pcl/fused/detections_count,std_msgs/msg/Int32,81
1774012347.8999746,/metrics/pcl/fused/points_in,std_msgs/msg/Int32,50635
1774012347.9000406,/metrics/pcl/fused/processing_ms,std_msgs/msg/Float32,194.12840270996094
1774012348.2010722,/metrics/pcl/fused/detections_count,std_msgs/msg/Int32,80
1774012348.201198,/metrics/pcl/fused/points_in,std_msgs/msg/Int32,50484
1774012348.201265,/metrics/pcl/fused/processing_ms,std_msgs/msg/Float32,191.24200439453125
1774012348.7913628,/metrics/pcl/fused/detections_count,std_msgs/msg/Int32,84
1774012348.7915256,/metrics/pcl/fused/points_in,std_msgs/msg/Int32,50642
1774012348.7916124,/metrics/pcl/fused/processing_ms,std_msgs/msg/Float32,189.76710510253906
1774012349.0994196,/metrics/pcl/fused/detections_count,std_msgs/msg/Int32,81
1774012349.099533,/metrics/pcl/fused/points_in,std_msgs/msg/Int32,50619
1774012349.0995972,/metrics/pcl/fused/processing_ms,std_msgs/msg/Float32,193.17601013183594
1774012349.4212024,/metrics/pcl/fused/detections_count,std_msgs/msg/Int32,81
1774012349.4213643,/metrics/pcl/fused/points_in,std_msgs/msg/Int32,50762
1774012349.4214704,/metrics/pcl/fused/processing_ms,std_msgs/msg/Float32,197.9483184814453
1774012349.720535,/metrics/pcl/fused/detections_count,std_msgs/msg/Int32,85
1774012349.720709,/metrics/pcl/fused/points_in,std_msgs/msg/Int32,50927
1774012349.7207851,/metrics/pcl/fused/processing_ms,std_msgs/msg/Float32,205.24778747558594
1774012350.308594,/metrics/pcl/fused/detections_count,std_msgs/msg/Int32,89
1774012350.3087173,/metrics/pcl/fused/points_in,std_msgs/msg/Int32,50964
1774012350.3088048,/metrics/pcl/fused/processing_ms,std_msgs/msg/Float32,199.77700805664062
1774012350.6208398,/metrics/pcl/fused/detections_count,std_msgs/msg/Int32,83
1774012350.6209736,/metrics/pcl/fused/points_in,std_msgs/msg/Int32,50823
1774012350.621029,/metrics/pcl/fused/processing_ms,std_msgs/msg/Float32,208.7999267578125
1774012350.9260814,/metrics/pcl/fused/detections_count,std_msgs/msg/Int32,87
1774012350.9261978,/metrics/pcl/fused/processing_ms,std_msgs/msg/Float32,202.19786071777344
1774012350.9264786,/metrics/pcl/fused/points_in,std_msgs/msg/Int32,51111
1774012351.2002268,/metrics/pcl/fused/detections_count,std_msgs/msg/Int32,84
1774012351.2003384,/metrics/pcl/fused/points_in,std_msgs/msg/Int32,51049
1774012351.2004013,/metrics/pcl/fused/processing_ms,std_msgs/msg/Float32,194.91632080078125
1774012351.805463,/metrics/pcl/fused/detections_count,std_msgs/msg/Int32,77
1774012351.805569,/metrics/pcl/fused/points_in,std_msgs/msg/Int32,51041
1774012351.8056226,/metrics/pcl/fused/processing_ms,std_msgs/msg/Float32,198.718994140625
1774012352.1014073,/metrics/pcl/fused/detections_count,std_msgs/msg/Int32,91
1774012352.101516,/metrics/pcl/fused/points_in,std_msgs/msg/Int32,51162
1774012352.1015806,/metrics/pcl/fused/processing_ms,std_msgs/msg/Float32,193.7717742919922
1774012352.400611,/metrics/pcl/fused/detections_count,std_msgs/msg/Int32,81
1774012352.400722,/metrics/pcl/fused/points_in,std_msgs/msg/Int32,51258
1774012352.4007852,/metrics/pcl/fused/processing_ms,std_msgs/msg/Float32,196.03614807128906
1774012352.7043567,/metrics/pcl/fused/detections_count,std_msgs/msg/Int32,81
1774012352.7044644,/metrics/pcl/fused/points_in,std_msgs/msg/Int32,51202
1774012352.7045288,/metrics/pcl/fused/processing_ms,std_msgs/msg/Float32,199.4215545654297
1774012353.006803,/metrics/pcl/fused/detections_count,std_msgs/msg/Int32,81
1774012353.0069299,/metrics/pcl/fused/points_in,std_msgs/msg/Int32,50909
1774012353.0069976,/metrics/pcl/fused/processing_ms,std_msgs/msg/Float32,201.7397918701172
1774012353.298096,/metrics/pcl/fused/detections_count,std_msgs/msg/Int32,84
1774012353.2982059,/metrics/pcl/fused/points_in,std_msgs/msg/Int32,51076
1774012353.2982695,/metrics/pcl/fused/processing_ms,std_msgs/msg/Float32,193.92156982421875
1774012353.5970309,/metrics/pcl/fused/detections_count,std_msgs/msg/Int32,86
1774012353.5971406,/metrics/pcl/fused/points_in,std_msgs/msg/Int32,50983
1774012353.597202,/metrics/pcl/fused/processing_ms,std_msgs/msg/Float32,193.72703552246094
1774012353.9118662,/metrics/pcl/fused/detections_count,std_msgs/msg/Int32,82
1774012353.9120476,/metrics/pcl/fused/points_in,std_msgs/msg/Int32,51008
1774012353.9121616,/metrics/pcl/fused/processing_ms,std_msgs/msg/Float32,194.4156494140625
1774012354.2004876,/metrics/pcl/fused/detections_count,std_msgs/msg/Int32,85
1774012354.2005982,/metrics/pcl/fused/points_in,std_msgs/msg/Int32,51033
1774012354.200675,/metrics/pcl/fused/processing_ms,std_msgs/msg/Float32,194.87860107421875
1774012354.8013368,/metrics/pcl/fused/detections_count,std_msgs/msg/Int32,82
1774012354.8014483,/metrics/pcl/fused/points_in,std_msgs/msg/Int32,51282
1774012354.8015118,/metrics/pcl/fused/processing_ms,std_msgs/msg/Float32,203.3207550048828
1774012355.396591,/metrics/pcl/fused/detections_count,std_msgs/msg/Int32,87
1774012355.3966975,/metrics/pcl/fused/points_in,std_msgs/msg/Int32,51186
1774012355.3967533,/metrics/pcl/fused/processing_ms,std_msgs/msg/Float32,193.806396484375
1774012355.697327,/metrics/pcl/fused/detections_count,std_msgs/msg/Int32,81
1774012355.697439,/metrics/pcl/fused/points_in,std_msgs/msg/Int32,51233
1774012355.6975021,/metrics/pcl/fused/processing_ms,std_msgs/msg/Float32,199.88369750976562
1774012355.9956825,/metrics/pcl/fused/detections_count,std_msgs/msg/Int32,89
1774012355.9958286,/metrics/pcl/fused/points_in,std_msgs/msg/Int32,51245
1774012355.9959362,/metrics/pcl/fused/processing_ms,std_msgs/msg/Float32,195.11770629882812
1774012356.3009083,/metrics/pcl/fused/detections_count,std_msgs/msg/Int32,87
1774012356.3010087,/metrics/pcl/fused/points_in,std_msgs/msg/Int32,51317
1774012356.301063,/metrics/pcl/fused/processing_ms,std_msgs/msg/Float32,199.02920532226562
1774012356.6030052,/metrics/pcl/fused/detections_count,std_msgs/msg/Int32,81
1774012356.6031294,/metrics/pcl/fused/points_in,std_msgs/msg/Int32,51163
1774012356.603195,/metrics/pcl/fused/processing_ms,std_msgs/msg/Float32,200.72740173339844
1774012356.9192169,/metrics/pcl/fused/detections_count,std_msgs/msg/Int32,83
1774012356.9193928,/metrics/pcl/fused/points_in,std_msgs/msg/Int32,51339
1774012356.919473,/metrics/pcl/fused/processing_ms,std_msgs/msg/Float32,216.0732421875
1774012357.2242844,/metrics/pcl/fused/detections_count,std_msgs/msg/Int32,82
1774012357.224453,/metrics/pcl/fused/points_in,std_msgs/msg/Int32,51309
1774012357.2245448,/metrics/pcl/fused/processing_ms,std_msgs/msg/Float32,203.27474975585938
1774012357.5128145,/metrics/pcl/fused/detections_count,std_msgs/msg/Int32,84
1774012357.5129504,/metrics/pcl/fused/points_in,std_msgs/msg/Int32,51416
1774012357.5130293,/metrics/pcl/fused/processing_ms,std_msgs/msg/Float32,204.191650390625
1774012357.8139694,/metrics/pcl/fused/detections_count,std_msgs/msg/Int32,82
1774012357.814073,/metrics/pcl/fused/points_in,std_msgs/msg/Int32,51394
1774012357.8141415,/metrics/pcl/fused/processing_ms,std_msgs/msg/Float32,203.86231994628906
1774012358.3970153,/metrics/pcl/fused/detections_count,std_msgs/msg/Int32,82
1774012358.3971157,/metrics/pcl/fused/points_in,std_msgs/msg/Int32,51226
1774012358.3971705,/metrics/pcl/fused/processing_ms,std_msgs/msg/Float32,195.274169921875
1774012359.003479,/metrics/pcl/fused/detections_count,std_msgs/msg/Int32,83
1774012359.00359,/metrics/pcl/fused/points_in,std_msgs/msg/Int32,51019
1774012359.0036533,/metrics/pcl/fused/processing_ms,std_msgs/msg/Float32,200.73944091796875
1774012359.2998216,/metrics/pcl/fused/detections_count,std_msgs/msg/Int32,82
1774012359.2999382,/metrics/pcl/fused/points_in,std_msgs/msg/Int32,50929
1774012359.2999997,/metrics/pcl/fused/processing_ms,std_msgs/msg/Float32,198.67742919921875
1774012359.6186845,/metrics/pcl/fused/detections_count,std_msgs/msg/Int32,79
1774012359.6188102,/metrics/pcl/fused/points_in,std_msgs/msg/Int32,50961
1774012359.61889,/metrics/pcl/fused/processing_ms,std_msgs/msg/Float32,196.8654022216797
1774012359.9265726,/metrics/pcl/fused/detections_count,std_msgs/msg/Int32,81
1774012359.9266832,/metrics/pcl/fused/points_in,std_msgs/msg/Int32,50813
1774012359.9267476,/metrics/pcl/fused/processing_ms,std_msgs/msg/Float32,197.66444396972656
1774012360.1964843,/metrics/pcl/fused/detections_count,std_msgs/msg/Int32,84
1774012360.1965916,/metrics/pcl/fused/points_in,std_msgs/msg/Int32,50873
1774012360.1966548,/metrics/pcl/fused/processing_ms,std_msgs/msg/Float32,195.5660400390625
1774012360.497041,/metrics/pcl/fused/detections_count,std_msgs/msg/Int32,80
1774012360.4971848,/metrics/pcl/fused/points_in,std_msgs/msg/Int32,50799
1774012360.4972737,/metrics/pcl/fused/processing_ms,std_msgs/msg/Float32,192.88771057128906
1774012361.0934632,/metrics/pcl/fused/detections_count,std_msgs/msg/Int32,81
1774012361.0935802,/metrics/pcl/fused/points_in,std_msgs/msg/Int32,50776
1774012361.0936444,/metrics/pcl/fused/processing_ms,std_msgs/msg/Float32,193.06346130371094
1774012361.3940928,/metrics/pcl/fused/detections_count,std_msgs/msg/Int32,82
1774012361.394202,/metrics/pcl/fused/points_in,std_msgs/msg/Int32,50932
1774012361.3942666,/metrics/pcl/fused/processing_ms,std_msgs/msg/Float32,190.26507568359375
1774012361.7184455,/metrics/pcl/fused/detections_count,std_msgs/msg/Int32,79
1774012361.7185636,/metrics/pcl/fused/points_in,std_msgs/msg/Int32,51070
1774012361.7186306,/metrics/pcl/fused/processing_ms,std_msgs/msg/Float32,201.50047302246094
1774012362.0056825,/metrics/pcl/fused/detections_count,std_msgs/msg/Int32,83
1774012362.0058029,/metrics/pcl/fused/points_in,std_msgs/msg/Int32,50984
1774012362.0058808,/metrics/pcl/fused/processing_ms,std_msgs/msg/Float32,192.5749053955078
1774012362.5878656,/metrics/pcl/fused/detections_count,std_msgs/msg/Int32,87
1774012362.58799,/metrics/pcl/fused/points_in,std_msgs/msg/Int32,51058
1774012362.5880554,/metrics/pcl/fused/processing_ms,std_msgs/msg/Float32,189.6632080078125
1774012363.2036502,/metrics/pcl/fused/detections_count,std_msgs/msg/Int32,86
1774012363.2037647,/metrics/pcl/fused/points_in,std_msgs/msg/Int32,51091
1774012363.2038305,/metrics/pcl/fused/processing_ms,std_msgs/msg/Float32,194.37002563476562
1774012363.5040398,/metrics/pcl/fused/detections_count,std_msgs/msg/Int32,79
1774012363.5041661,/metrics/pcl/fused/points_in,std_msgs/msg/Int32,51237
1774012363.5042386,/metrics/pcl/fused/processing_ms,std_msgs/msg/Float32,201.32553100585938
1774012364.1259525,/metrics/pcl/fused/detections_count,std_msgs/msg/Int32,85
1774012364.1260834,/metrics/pcl/fused/points_in,std_msgs/msg/Int32,51086
1774012364.1261628,/metrics/pcl/fused/processing_ms,std_msgs/msg/Float32,197.327880859375
1774012364.4060571,/metrics/pcl/fused/detections_count,std_msgs/msg/Int32,86
1774012364.4061837,/metrics/pcl/fused/points_in,std_msgs/msg/Int32,51153
1774012364.4062586,/metrics/pcl/fused/processing_ms,std_msgs/msg/Float32,202.5684356689453
1774012364.706028,/metrics/pcl/fused/detections_count,std_msgs/msg/Int32,77
1774012364.7061422,/metrics/pcl/fused/points_in,std_msgs/msg/Int32,51148
1774012364.7062073,/metrics/pcl/fused/processing_ms,std_msgs/msg/Float32,201.47178649902344
1774012364.9972236,/metrics/pcl/fused/detections_count,std_msgs/msg/Int32,83
1774012364.9973347,/metrics/pcl/fused/points_in,std_msgs/msg/Int32,51205
1774012364.997399,/metrics/pcl/fused/processing_ms,std_msgs/msg/Float32,193.23780822753906
1774012365.3031838,/metrics/pcl/fused/detections_count,std_msgs/msg/Int32,82
1774012365.303295,/metrics/pcl/fused/points_in,std_msgs/msg/Int32,51164
1774012365.3033583,/metrics/pcl/fused/processing_ms,std_msgs/msg/Float32,196.18832397460938
1774012365.9119222,/metrics/pcl/fused/detections_count,std_msgs/msg/Int32,88
1774012365.912066,/metrics/pcl/fused/points_in,std_msgs/msg/Int32,50989
1774012365.9121468,/metrics/pcl/fused/processing_ms,std_msgs/msg/Float32,202.39276123046875
1774012366.2206597,/metrics/pcl/fused/detections_count,std_msgs/msg/Int32,81
1774012366.2207782,/metrics/pcl/fused/points_in,std_msgs/msg/Int32,51088
1774012366.2208412,/metrics/pcl/fused/processing_ms,std_msgs/msg/Float32,210.5753173828125
1774012366.5173857,/metrics/pcl/fused/detections_count,std_msgs/msg/Int32,83
1774012366.5174809,/metrics/pcl/fused/points_in,std_msgs/msg/Int32,51018
1774012366.5175347,/metrics/pcl/fused/processing_ms,std_msgs/msg/Float32,197.0321502685547
1774012366.8087828,/metrics/pcl/fused/detections_count,std_msgs/msg/Int32,78
1774012366.8089106,/metrics/pcl/fused/points_in,std_msgs/msg/Int32,50949
1774012366.80898,/metrics/pcl/fused/processing_ms,std_msgs/msg/Float32,198.5860595703125
1774012367.1089551,/metrics/pcl/fused/detections_count,std_msgs/msg/Int32,79
1774012367.1091337,/metrics/pcl/fused/points_in,std_msgs/msg/Int32,50815
1774012367.1092577,/metrics/pcl/fused/processing_ms,std_msgs/msg/Float32,199.91842651367188
1774012367.4051,/metrics/pcl/fused/detections_count,std_msgs/msg/Int32,79
1774012367.4052458,/metrics/pcl/fused/points_in,std_msgs/msg/Int32,50949
1774012367.4053419,/metrics/pcl/fused/processing_ms,std_msgs/msg/Float32,197.74424743652344
1774012367.7045443,/metrics/pcl/fused/detections_count,std_msgs/msg/Int32,76
1774012367.7047114,/metrics/pcl/fused/points_in,std_msgs/msg/Int32,50818
1774012367.7048247,/metrics/pcl/fused/processing_ms,std_msgs/msg/Float32,197.49156188964844
1774012368.0082722,/metrics/pcl/fused/detections_count,std_msgs/msg/Int32,81
1774012368.0084472,/metrics/pcl/fused/points_in,std_msgs/msg/Int32,50697
1774012368.0085495,/metrics/pcl/fused/processing_ms,std_msgs/msg/Float32,195.19602966308594
1774012368.3141418,/metrics/pcl/fused/detections_count,std_msgs/msg/Int32,82
1774012368.314289,/metrics/pcl/fused/points_in,std_msgs/msg/Int32,50609
1774012368.3143995,/metrics/pcl/fused/processing_ms,std_msgs/msg/Float32,191.492919921875
1774012368.6015143,/metrics/pcl/fused/detections_count,std_msgs/msg/Int32,78
1774012368.6016521,/metrics/pcl/fused/points_in,std_msgs/msg/Int32,50617
1774012368.6017454,/metrics/pcl/fused/processing_ms,std_msgs/msg/Float32,198.43002319335938
1774012368.9053583,/metrics/pcl/fused/detections_count,std_msgs/msg/Int32,79
1774012368.9055047,/metrics/pcl/fused/points_in,std_msgs/msg/Int32,50508
1774012368.9055963,/metrics/pcl/fused/processing_ms,std_msgs/msg/Float32,201.75796508789062
1774012369.2076964,/metrics/pcl/fused/detections_count,std_msgs/msg/Int32,84
1774012369.2078223,/metrics/pcl/fused/points_in,std_msgs/msg/Int32,50647
1774012369.207919,/metrics/pcl/fused/processing_ms,std_msgs/msg/Float32,195.7139129638672
1774012369.8135064,/metrics/pcl/fused/detections_count,std_msgs/msg/Int32,83
1774012369.8136458,/metrics/pcl/fused/points_in,std_msgs/msg/Int32,50694
1774012369.8137436,/metrics/pcl/fused/processing_ms,std_msgs/msg/Float32,198.1815185546875
1774012370.1076524,/metrics/pcl/fused/detections_count,std_msgs/msg/Int32,87
1774012370.1077607,/metrics/pcl/fused/points_in,std_msgs/msg/Int32,50635
1774012370.107818,/metrics/pcl/fused/processing_ms,std_msgs/msg/Float32,198.4102020263672
1774012370.4062023,/metrics/pcl/fused/detections_count,std_msgs/msg/Int32,90
1774012370.406373,/metrics/pcl/fused/points_in,std_msgs/msg/Int32,50763
1774012370.406449,/metrics/pcl/fused/processing_ms,std_msgs/msg/Float32,194.18296813964844
1774012370.726348,/metrics/pcl/fused/detections_count,std_msgs/msg/Int32,81
1774012370.726471,/metrics/pcl/fused/points_in,std_msgs/msg/Int32,50932
1774012370.7265384,/metrics/pcl/fused/processing_ms,std_msgs/msg/Float32,199.62925720214844
1774012371.0095413,/metrics/pcl/fused/detections_count,std_msgs/msg/Int32,80
1774012371.0097487,/metrics/pcl/fused/points_in,std_msgs/msg/Int32,50845
1774012371.0098562,/metrics/pcl/fused/processing_ms,std_msgs/msg/Float32,202.5137176513672
1774012371.3193579,/metrics/pcl/fused/detections_count,std_msgs/msg/Int32,80
1774012371.3195071,/metrics/pcl/fused/points_in,std_msgs/msg/Int32,50747
1774012371.3237233,/metrics/pcl/fused/processing_ms,std_msgs/msg/Float32,208.1581573486328
1774012371.6087368,/metrics/pcl/fused/detections_count,std_msgs/msg/Int32,85
1774012371.6088524,/metrics/pcl/fused/points_in,std_msgs/msg/Int32,50593
1774012371.6089427,/metrics/pcl/fused/processing_ms,std_msgs/msg/Float32,196.06179809570312
1774012371.9145408,/metrics/pcl/fused/detections_count,std_msgs/msg/Int32,87
1774012371.9146795,/metrics/pcl/fused/points_in,std_msgs/msg/Int32,50261
1774012371.9147673,/metrics/pcl/fused/processing_ms,std_msgs/msg/Float32,195.0820770263672
1774012372.211679,/metrics/pcl/fused/detections_count,std_msgs/msg/Int32,80
1774012372.2117903,/metrics/pcl/fused/points_in,std_msgs/msg/Int32,50233
1774012372.2118554,/metrics/pcl/fused/processing_ms,std_msgs/msg/Float32,196.28651428222656
1774012372.8004434,/metrics/pcl/fused/detections_count,std_msgs/msg/Int32,87
1774012372.8005543,/metrics/pcl/fused/points_in,std_msgs/msg/Int32,50293
1774012372.800622,/metrics/pcl/fused/processing_ms,std_msgs/msg/Float32,193.9611358642578
1774012373.1113863,/metrics/pcl/fused/detections_count,std_msgs/msg/Int32,84
1774012373.1114876,/metrics/pcl/fused/points_in,std_msgs/msg/Int32,50494
1774012373.1115427,/metrics/pcl/fused/processing_ms,std_msgs/msg/Float32,197.5886993408203
1774012373.7146666,/metrics/pcl/fused/detections_count,std_msgs/msg/Int32,82
1774012373.7147822,/metrics/pcl/fused/points_in,std_msgs/msg/Int32,50475
1774012373.7148514,/metrics/pcl/fused/processing_ms,std_msgs/msg/Float32,205.05621337890625
1774012374.6167207,/metrics/pcl/fused/detections_count,std_msgs/msg/Int32,82
1774012374.6168356,/metrics/pcl/fused/points_in,std_msgs/msg/Int32,50566
1774012374.6169343,/metrics/pcl/fused/processing_ms,std_msgs/msg/Float32,200.5992431640625
1774012375.2109592,/metrics/pcl/fused/detections_count,std_msgs/msg/Int32,86
1774012375.2110717,/metrics/pcl/fused/points_in,std_msgs/msg/Int32,50440
1774012375.211136,/metrics/pcl/fused/processing_ms,std_msgs/msg/Float32,194.08885192871094
1774012375.5175705,/metrics/pcl/fused/detections_count,std_msgs/msg/Int32,89
1774012375.517678,/metrics/pcl/fused/points_in,std_msgs/msg/Int32,50428
1774012375.5177422,/metrics/pcl/fused/processing_ms,std_msgs/msg/Float32,197.7561798095703
1774012375.8099377,/metrics/pcl/fused/detections_count,std_msgs/msg/Int32,85
1774012375.8100486,/metrics/pcl/fused/points_in,std_msgs/msg/Int32,50566
1774012375.8101118,/metrics/pcl/fused/processing_ms,std_msgs/msg/Float32,196.41102600097656
1774012376.3982728,/metrics/pcl/fused/detections_count,std_msgs/msg/Int32,86
1774012376.3983898,/metrics/pcl/fused/points_in,std_msgs/msg/Int32,50535
1774012376.3984644,/metrics/pcl/fused/processing_ms,std_msgs/msg/Float32,195.22096252441406
1774012376.712163,/metrics/pcl/fused/detections_count,std_msgs/msg/Int32,86
1774012376.712274,/metrics/pcl/fused/points_in,std_msgs/msg/Int32,50642
1774012376.712346,/metrics/pcl/fused/processing_ms,std_msgs/msg/Float32,197.9523468017578
1774012378.2131925,/metrics/pcl/fused/detections_count,std_msgs/msg/Int32,87
1774012378.2133503,/metrics/pcl/fused/points_in,std_msgs/msg/Int32,50565
1774012378.213478,/metrics/pcl/fused/processing_ms,std_msgs/msg/Float32,195.02076721191406
1774012378.7947628,/metrics/pcl/fused/detections_count,std_msgs/msg/Int32,79
1774012378.794888,/metrics/pcl/fused/points_in,std_msgs/msg/Int32,50605
1774012378.794961,/metrics/pcl/fused/processing_ms,std_msgs/msg/Float32,194.2364959716797
1774012379.9967644,/metrics/pcl/fused/detections_count,std_msgs/msg/Int32,85
1774012379.9968848,/metrics/pcl/fused/points_in,std_msgs/msg/Int32,50493
1774012379.9969544,/metrics/pcl/fused/processing_ms,std_msgs/msg/Float32,195.77679443359375
1774012380.5934432,/metrics/pcl/fused/detections_count,std_msgs/msg/Int32,88
1774012380.5935552,/metrics/pcl/fused/points_in,std_msgs/msg/Int32,50506
1774012380.5936198,/metrics/pcl/fused/processing_ms,std_msgs/msg/Float32,193.34710693359375
1774012381.1944175,/metrics/pcl/fused/detections_count,std_msgs/msg/Int32,81
1774012381.1945293,/metrics/pcl/fused/points_in,std_msgs/msg/Int32,50467
1774012381.1945908,/metrics/pcl/fused/processing_ms,std_msgs/msg/Float32,190.92691040039062
1774012381.7981236,/metrics/pcl/fused/detections_count,std_msgs/msg/Int32,79
1774012381.7982278,/metrics/pcl/fused/points_in,std_msgs/msg/Int32,50451
1774012381.7982845,/metrics/pcl/fused/processing_ms,std_msgs/msg/Float32,191.18995666503906
1774012382.092545,/metrics/pcl/fused/detections_count,std_msgs/msg/Int32,82
1774012382.0926604,/metrics/pcl/fused/points_in,std_msgs/msg/Int32,50458
1774012382.0927262,/metrics/pcl/fused/processing_ms,std_msgs/msg/Float32,191.9639434814453
1774012382.6974254,/metrics/pcl/fused/detections_count,std_msgs/msg/Int32,85
1774012382.6975422,/metrics/pcl/fused/points_in,std_msgs/msg/Int32,50434
1774012382.697618,/metrics/pcl/fused/processing_ms,std_msgs/msg/Float32,188.48731994628906
1774012382.9982495,/metrics/pcl/fused/detections_count,std_msgs/msg/Int32,84
1774012382.9983664,/metrics/pcl/fused/points_in,std_msgs/msg/Int32,50491
1774012382.9984303,/metrics/pcl/fused/processing_ms,std_msgs/msg/Float32,191.56410217285156
1774012383.295206,/metrics/pcl/fused/detections_count,std_msgs/msg/Int32,80
1774012383.2953136,/metrics/pcl/fused/points_in,std_msgs/msg/Int32,50452
1774012383.2953777,/metrics/pcl/fused/processing_ms,std_msgs/msg/Float32,190.88648986816406
1774012383.8948164,/metrics/pcl/fused/detections_count,std_msgs/msg/Int32,83
1774012383.8949454,/metrics/pcl/fused/points_in,std_msgs/msg/Int32,50486
1774012383.8950157,/metrics/pcl/fused/processing_ms,std_msgs/msg/Float32,192.69931030273438
1774012384.1961145,/metrics/pcl/fused/detections_count,std_msgs/msg/Int32,80
1774012384.1962352,/metrics/pcl/fused/points_in,std_msgs/msg/Int32,50485
1774012384.1963,/metrics/pcl/fused/processing_ms,std_msgs/msg/Float32,192.5862274169922
1774012384.4969175,/metrics/pcl/fused/detections_count,std_msgs/msg/Int32,78
1774012384.4970262,/metrics/pcl/fused/points_in,std_msgs/msg/Int32,50437
1774012384.4970903,/metrics/pcl/fused/processing_ms,std_msgs/msg/Float32,193.38687133789062
1774012384.7933028,/metrics/pcl/fused/detections_count,std_msgs/msg/Int32,86
1774012384.7934208,/metrics/pcl/fused/points_in,std_msgs/msg/Int32,50459
1774012384.7934945,/metrics/pcl/fused/processing_ms,std_msgs/msg/Float32,189.83551025390625
1774012385.1004212,/metrics/pcl/fused/detections_count,std_msgs/msg/Int32,82
1774012385.100524,/metrics/pcl/fused/points_in,std_msgs/msg/Int32,50384
1774012385.1005876,/metrics/pcl/fused/processing_ms,std_msgs/msg/Float32,192.933349609375
1774012385.3885665,/metrics/pcl/fused/detections_count,std_msgs/msg/Int32,82
1774012385.3886747,/metrics/pcl/fused/points_in,std_msgs/msg/Int32,50437
1774012385.38873,/metrics/pcl/fused/processing_ms,std_msgs/msg/Float32,187.48544311523438
1774012385.6960092,/metrics/pcl/fused/detections_count,std_msgs/msg/Int32,84
1774012385.6961186,/metrics/pcl/fused/points_in,std_msgs/msg/Int32,50440
1774012385.6961813,/metrics/pcl/fused/processing_ms,std_msgs/msg/Float32,189.5085906982422
1774012385.9969337,/metrics/pcl/fused/detections_count,std_msgs/msg/Int32,85
1774012385.9970458,/metrics/pcl/fused/points_in,std_msgs/msg/Int32,50457
1774012385.9971106,/metrics/pcl/fused/processing_ms,std_msgs/msg/Float32,193.6002197265625
1774012386.2922077,/metrics/pcl/fused/detections_count,std_msgs/msg/Int32,86
1774012386.2923186,/metrics/pcl/fused/points_in,std_msgs/msg/Int32,50458
1774012386.2923815,/metrics/pcl/fused/processing_ms,std_msgs/msg/Float32,190.0823516845703
1774012386.8960238,/metrics/pcl/fused/detections_count,std_msgs/msg/Int32,87
1774012386.8961506,/metrics/pcl/fused/points_in,std_msgs/msg/Int32,50583
1774012386.896227,/metrics/pcl/fused/processing_ms,std_msgs/msg/Float32,190.58746337890625
1774012387.1937842,/metrics/pcl/fused/detections_count,std_msgs/msg/Int32,86
1774012387.1939113,/metrics/pcl/fused/points_in,std_msgs/msg/Int32,50552
1774012387.1939795,/metrics/pcl/fused/processing_ms,std_msgs/msg/Float32,192.25450134277344
1774012387.4965725,/metrics/pcl/fused/detections_count,std_msgs/msg/Int32,88
1774012387.4966714,/metrics/pcl/fused/points_in,std_msgs/msg/Int32,50451
1774012387.496727,/metrics/pcl/fused/processing_ms,std_msgs/msg/Float32,190.7343292236328
1774012387.7916367,/metrics/pcl/fused/detections_count,std_msgs/msg/Int32,84
1774012387.7917776,/metrics/pcl/fused/points_in,std_msgs/msg/Int32,50722
1774012387.791851,/metrics/pcl/fused/processing_ms,std_msgs/msg/Float32,191.6843719482422
1774012388.100845,/metrics/pcl/fused/detections_count,std_msgs/msg/Int32,87
1774012388.1009643,/metrics/pcl/fused/points_in,std_msgs/msg/Int32,50793
1774012388.1010273,/metrics/pcl/fused/processing_ms,std_msgs/msg/Float32,195.20632934570312
1774012388.3984976,/metrics/pcl/fused/detections_count,std_msgs/msg/Int32,81
1774012388.3986082,/metrics/pcl/fused/points_in,std_msgs/msg/Int32,50683
1774012388.3986676,/metrics/pcl/fused/processing_ms,std_msgs/msg/Float32,198.0008544921875
1774012388.7066631,/metrics/pcl/fused/detections_count,std_msgs/msg/Int32,83
1774012388.7067943,/metrics/pcl/fused/points_in,std_msgs/msg/Int32,50659
1774012388.7068663,/metrics/pcl/fused/processing_ms,std_msgs/msg/Float32,197.85183715820312
1774012388.9901109,/metrics/pcl/fused/detections_count,std_msgs/msg/Int32,83
1774012388.9902244,/metrics/pcl/fused/points_in,std_msgs/msg/Int32,50551
1774012388.9902873,/metrics/pcl/fused/processing_ms,std_msgs/msg/Float32,187.78958129882812
1774012389.2967887,/metrics/pcl/fused/detections_count,std_msgs/msg/Int32,86
1774012389.2969108,/metrics/pcl/fused/points_in,std_msgs/msg/Int32,50507
1774012389.2969763,/metrics/pcl/fused/processing_ms,std_msgs/msg/Float32,191.99977111816406
1774012389.596156,/metrics/pcl/fused/detections_count,std_msgs/msg/Int32,88
1774012389.5962658,/metrics/pcl/fused/points_in,std_msgs/msg/Int32,50546
1774012389.5963311,/metrics/pcl/fused/processing_ms,std_msgs/msg/Float32,191.7576446533203
1774012389.905585,/metrics/pcl/fused/detections_count,std_msgs/msg/Int32,86
1774012389.9056952,/metrics/pcl/fused/points_in,std_msgs/msg/Int32,50571
1774012389.9057593,/metrics/pcl/fused/processing_ms,std_msgs/msg/Float32,197.6400604248047
1774012390.1971352,/metrics/pcl/fused/detections_count,std_msgs/msg/Int32,85
1774012390.197244,/metrics/pcl/fused/points_in,std_msgs/msg/Int32,50615
1774012390.1973066,/metrics/pcl/fused/processing_ms,std_msgs/msg/Float32,191.0240478515625
1774012391.3921814,/metrics/pcl/fused/detections_count,std_msgs/msg/Int32,85
1774012391.3922932,/metrics/pcl/fused/points_in,std_msgs/msg/Int32,50608
1774012391.3923576,/metrics/pcl/fused/processing_ms,std_msgs/msg/Float32,193.75196838378906
1774012392.0014634,/metrics/pcl/fused/detections_count,std_msgs/msg/Int32,79
1774012392.001584,/metrics/pcl/fused/points_in,std_msgs/msg/Int32,50639
1774012392.0016584,/metrics/pcl/fused/processing_ms,std_msgs/msg/Float32,191.22073364257812
1774012392.296083,/metrics/pcl/fused/detections_count,std_msgs/msg/Int32,86
1774012392.2962008,/metrics/pcl/fused/points_in,std_msgs/msg/Int32,50880
1774012392.3001783,/metrics/pcl/fused/processing_ms,std_msgs/msg/Float32,192.24278259277344
1774012392.9067361,/metrics/pcl/fused/detections_count,std_msgs/msg/Int32,85
1774012392.9068475,/metrics/pcl/fused/points_in,std_msgs/msg/Int32,50770
1774012392.906928,/metrics/pcl/fused/processing_ms,std_msgs/msg/Float32,196.0424041748047
1774012393.1988149,/metrics/pcl/fused/detections_count,std_msgs/msg/Int32,86
1774012393.1989486,/metrics/pcl/fused/points_in,std_msgs/msg/Int32,50638
1774012393.1990159,/metrics/pcl/fused/processing_ms,std_msgs/msg/Float32,194.10699462890625
1774012393.7947626,/metrics/pcl/fused/detections_count,std_msgs/msg/Int32,83
1774012393.7948883,/metrics/pcl/fused/points_in,std_msgs/msg/Int32,50613
1774012393.7949572,/metrics/pcl/fused/processing_ms,std_msgs/msg/Float32,189.13356018066406
1774012394.1004424,/metrics/pcl/fused/detections_count,std_msgs/msg/Int32,86
1774012394.1005485,/metrics/pcl/fused/points_in,std_msgs/msg/Int32,50564
1774012394.100612,/metrics/pcl/fused/processing_ms,std_msgs/msg/Float32,194.20431518554688
1774012394.3901815,/metrics/pcl/fused/detections_count,std_msgs/msg/Int32,88
1774012394.390287,/metrics/pcl/fused/points_in,std_msgs/msg/Int32,50550
1774012394.3903608,/metrics/pcl/fused/processing_ms,std_msgs/msg/Float32,190.15086364746094
1774012394.6937094,/metrics/pcl/fused/detections_count,std_msgs/msg/Int32,82
1774012394.6938329,/metrics/pcl/fused/points_in,std_msgs/msg/Int32,50541
1774012394.6939018,/metrics/pcl/fused/processing_ms,std_msgs/msg/Float32,190.51406860351562
1774012395.5969284,/metrics/pcl/fused/detections_count,std_msgs/msg/Int32,77
1774012395.5970457,/metrics/pcl/fused/points_in,std_msgs/msg/Int32,50655
1774012395.597108,/metrics/pcl/fused/processing_ms,std_msgs/msg/Float32,191.80752563476562
1774012396.2020738,/metrics/pcl/fused/detections_count,std_msgs/msg/Int32,81
1774012396.202184,/metrics/pcl/fused/points_in,std_msgs/msg/Int32,50679
1774012396.2022626,/metrics/pcl/fused/processing_ms,std_msgs/msg/Float32,192.87960815429688
1774012396.495318,/metrics/pcl/fused/detections_count,std_msgs/msg/Int32,88
1774012396.4954314,/metrics/pcl/fused/points_in,std_msgs/msg/Int32,50684
1774012396.4954958,/metrics/pcl/fused/processing_ms,std_msgs/msg/Float32,191.8660430908203
1774012396.794968,/metrics/pcl/fused/detections_count,std_msgs/msg/Int32,89
1774012396.7950778,/metrics/pcl/fused/points_in,std_msgs/msg/Int32,50705
1774012396.7951415,/metrics/pcl/fused/processing_ms,std_msgs/msg/Float32,191.11912536621094
1774012397.101794,/metrics/pcl/fused/detections_count,std_msgs/msg/Int32,76
1774012397.1019173,/metrics/pcl/fused/points_in,std_msgs/msg/Int32,50626
1774012397.1019888,/metrics/pcl/fused/processing_ms,std_msgs/msg/Float32,194.39938354492188
1774012397.3908863,/metrics/pcl/fused/detections_count,std_msgs/msg/Int32,77
1774012397.3910067,/metrics/pcl/fused/points_in,std_msgs/msg/Int32,50602
1774012397.3910775,/metrics/pcl/fused/processing_ms,std_msgs/msg/Float32,190.834228515625
1774012397.693162,/metrics/pcl/fused/detections_count,std_msgs/msg/Int32,81
1774012397.693274,/metrics/pcl/fused/points_in,std_msgs/msg/Int32,50596
1774012397.6933377,/metrics/pcl/fused/processing_ms,std_msgs/msg/Float32,192.95021057128906
1774012397.9956343,/metrics/pcl/fused/detections_count,std_msgs/msg/Int32,78
1774012397.9957445,/metrics/pcl/fused/points_in,std_msgs/msg/Int32,50617
1774012397.9958074,/metrics/pcl/fused/processing_ms,std_msgs/msg/Float32,193.6542205810547
1774012398.2894382,/metrics/pcl/fused/detections_count,std_msgs/msg/Int32,86
1774012398.289548,/metrics/pcl/fused/points_in,std_msgs/msg/Int32,50739
1774012398.2896254,/metrics/pcl/fused/processing_ms,std_msgs/msg/Float32,187.95582580566406
1774012398.592517,/metrics/pcl/fused/detections_count,std_msgs/msg/Int32,90
1774012398.5926282,/metrics/pcl/fused/points_in,std_msgs/msg/Int32,50735
1774012398.5926921,/metrics/pcl/fused/processing_ms,std_msgs/msg/Float32,191.6805877685547
1774012398.9015079,/metrics/pcl/fused/detections_count,std_msgs/msg/Int32,82
1774012398.9016201,/metrics/pcl/fused/points_in,std_msgs/msg/Int32,50750
1774012398.9016821,/metrics/pcl/fused/processing_ms,std_msgs/msg/Float32,197.68936157226562
1774012399.1969082,/metrics/pcl/fused/detections_count,std_msgs/msg/Int32,81
1774012399.1970212,/metrics/pcl/fused/points_in,std_msgs/msg/Int32,50748
1774012399.1970875,/metrics/pcl/fused/processing_ms,std_msgs/msg/Float32,194.02403259277344
1774012399.8014488,/metrics/pcl/fused/detections_count,std_msgs/msg/Int32,84
1774012399.8015606,/metrics/pcl/fused/points_in,std_msgs/msg/Int32,50712
1774012399.8016245,/metrics/pcl/fused/processing_ms,std_msgs/msg/Float32,195.62362670898438
1774012400.1047907,/metrics/pcl/fused/detections_count,std_msgs/msg/Int32,82
1774012400.104897,/metrics/pcl/fused/points_in,std_msgs/msg/Int32,50709
1774012400.1049554,/metrics/pcl/fused/processing_ms,std_msgs/msg/Float32,194.10928344726562
1774012400.3939602,/metrics/pcl/fused/detections_count,std_msgs/msg/Int32,88
1774012400.3940995,/metrics/pcl/fused/points_in,std_msgs/msg/Int32,50706
1774012400.3941758,/metrics/pcl/fused/processing_ms,std_msgs/msg/Float32,190.81600952148438
1774012400.70883,/metrics/pcl/fused/detections_count,std_msgs/msg/Int32,90
1774012400.7089472,/metrics/pcl/fused/points_in,std_msgs/msg/Int32,50749
1774012400.709012,/metrics/pcl/fused/processing_ms,std_msgs/msg/Float32,195.33096313476562
1774012401.294246,/metrics/pcl/fused/detections_count,std_msgs/msg/Int32,84
1774012401.2943618,/metrics/pcl/fused/points_in,std_msgs/msg/Int32,50762
1774012401.2944272,/metrics/pcl/fused/processing_ms,std_msgs/msg/Float32,190.3292694091797
1774012401.9000266,/metrics/pcl/fused/detections_count,std_msgs/msg/Int32,85
1774012401.9001377,/metrics/pcl/fused/points_in,std_msgs/msg/Int32,50943
1774012401.9002035,/metrics/pcl/fused/processing_ms,std_msgs/msg/Float32,194.49986267089844
1774012403.7022877,/metrics/pcl/fused/detections_count,std_msgs/msg/Int32,81
1774012403.7023962,/metrics/pcl/fused/points_in,std_msgs/msg/Int32,51702
1774012403.7024596,/metrics/pcl/fused/processing_ms,std_msgs/msg/Float32,199.46197509765625
1774012404.008495,/metrics/pcl/fused/detections_count,std_msgs/msg/Int32,83
1774012404.008627,/metrics/pcl/fused/points_in,std_msgs/msg/Int32,51678
1774012404.0087173,/metrics/pcl/fused/processing_ms,std_msgs/msg/Float32,203.01263427734375
1774012404.297786,/metrics/pcl/fused/detections_count,std_msgs/msg/Int32,82
1774012404.2979195,/metrics/pcl/fused/points_in,std_msgs/msg/Int32,51791
1774012404.297999,/metrics/pcl/fused/processing_ms,std_msgs/msg/Float32,196.616943359375
1774012404.6046705,/metrics/pcl/fused/detections_count,std_msgs/msg/Int32,80
1774012404.6047664,/metrics/pcl/fused/points_in,std_msgs/msg/Int32,51885
1774012404.6048355,/metrics/pcl/fused/processing_ms,std_msgs/msg/Float32,201.70603942871094
1774012404.9043727,/metrics/pcl/fused/detections_count,std_msgs/msg/Int32,81
1774012404.9044874,/metrics/pcl/fused/points_in,std_msgs/msg/Int32,51968
1774012404.9045691,/metrics/pcl/fused/processing_ms,std_msgs/msg/Float32,201.4486846923828
1774012405.2052062,/metrics/pcl/fused/detections_count,std_msgs/msg/Int32,79
1774012405.2053154,/metrics/pcl/fused/points_in,std_msgs/msg/Int32,51873
1774012405.2053769,/metrics/pcl/fused/processing_ms,std_msgs/msg/Float32,200.5592041015625
1774012406.0966012,/metrics/pcl/fused/detections_count,std_msgs/msg/Int32,84
1774012406.0966969,/metrics/pcl/fused/points_in,std_msgs/msg/Int32,51742
1774012406.0967493,/metrics/pcl/fused/processing_ms,std_msgs/msg/Float32,197.61415100097656
1774012406.3954635,/metrics/pcl/fused/detections_count,std_msgs/msg/Int32,86
1774012406.3956165,/metrics/pcl/fused/points_in,std_msgs/msg/Int32,51700
1774012406.3956718,/metrics/pcl/fused/processing_ms,std_msgs/msg/Float32,197.49951171875
1774012406.698087,/metrics/pcl/fused/detections_count,std_msgs/msg/Int32,80
1774012406.6981974,/metrics/pcl/fused/points_in,std_msgs/msg/Int32,51651
1774012406.6982613,/metrics/pcl/fused/processing_ms,std_msgs/msg/Float32,199.18397521972656
1774012407.002549,/metrics/pcl/fused/detections_count,std_msgs/msg/Int32,80
1774012407.0026608,/metrics/pcl/fused/points_in,std_msgs/msg/Int32,51665
1774012407.0027273,/metrics/pcl/fused/processing_ms,std_msgs/msg/Float32,201.48728942871094
1774012407.297443,/metrics/pcl/fused/detections_count,std_msgs/msg/Int32,78
1774012407.2975507,/metrics/pcl/fused/points_in,std_msgs/msg/Int32,51704
1774012407.2976255,/metrics/pcl/fused/processing_ms,std_msgs/msg/Float32,196.7605438232422
1774012407.603276,/metrics/pcl/fused/detections_count,std_msgs/msg/Int32,77
1774012407.603388,/metrics/pcl/fused/points_in,std_msgs/msg/Int32,51688
1774012407.6034517,/metrics/pcl/fused/processing_ms,std_msgs/msg/Float32,202.56690979003906
1774012407.9067283,/metrics/pcl/fused/detections_count,std_msgs/msg/Int32,77
1774012407.9068427,/metrics/pcl/fused/points_in,std_msgs/msg/Int32,51779
1774012407.9069488,/metrics/pcl/fused/processing_ms,std_msgs/msg/Float32,200.86471557617188
1774012408.2004304,/metrics/pcl/fused/detections_count,std_msgs/msg/Int32,75
1774012408.200548,/metrics/pcl/fused/points_in,std_msgs/msg/Int32,51670
1774012408.2006216,/metrics/pcl/fused/processing_ms,std_msgs/msg/Float32,197.72799682617188
1774012408.496495,/metrics/pcl/fused/detections_count,std_msgs/msg/Int32,85
1774012408.496607,/metrics/pcl/fused/points_in,std_msgs/msg/Int32,51782
1774012408.4966693,/metrics/pcl/fused/processing_ms,std_msgs/msg/Float32,198.2778778076172
1774012408.8145916,/metrics/pcl/fused/detections_count,std_msgs/msg/Int32,78
1774012408.8147018,/metrics/pcl/fused/points_in,std_msgs/msg/Int32,51712
1774012408.814767,/metrics/pcl/fused/processing_ms,std_msgs/msg/Float32,202.51968383789062
1774012409.7028441,/metrics/pcl/fused/detections_count,std_msgs/msg/Int32,78
1774012409.7030137,/metrics/pcl/fused/points_in,std_msgs/msg/Int32,51595
1774012409.7030907,/metrics/pcl/fused/processing_ms,std_msgs/msg/Float32,199.44180297851562
1774012410.001209,/metrics/pcl/fused/detections_count,std_msgs/msg/Int32,79
1774012410.001326,/metrics/pcl/fused/points_in,std_msgs/msg/Int32,51707
1774012410.0013955,/metrics/pcl/fused/processing_ms,std_msgs/msg/Float32,197.99745178222656
1774012410.6014643,/metrics/pcl/fused/detections_count,std_msgs/msg/Int32,80
1774012410.6015735,/metrics/pcl/fused/points_in,std_msgs/msg/Int32,51726
1774012410.6016505,/metrics/pcl/fused/processing_ms,std_msgs/msg/Float32,201.28585815429688
1774012410.906234,/metrics/pcl/fused/detections_count,std_msgs/msg/Int32,80
1774012410.9063408,/metrics/pcl/fused/points_in,std_msgs/msg/Int32,51774
1774012410.9064043,/metrics/pcl/fused/processing_ms,std_msgs/msg/Float32,201.4761962890625
1774012411.806539,/metrics/pcl/fused/detections_count,std_msgs/msg/Int32,76
1774012411.806657,/metrics/pcl/fused/points_in,std_msgs/msg/Int32,51702
1774012411.8067389,/metrics/pcl/fused/processing_ms,std_msgs/msg/Float32,206.13661193847656
1774012412.107907,/metrics/pcl/fused/detections_count,std_msgs/msg/Int32,83
1774012412.1080203,/metrics/pcl/fused/points_in,std_msgs/msg/Int32,51782
1774012412.1080863,/metrics/pcl/fused/processing_ms,std_msgs/msg/Float32,197.18295288085938
1774012412.4014835,/metrics/pcl/fused/detections_count,std_msgs/msg/Int32,81
1774012412.4015946,/metrics/pcl/fused/points_in,std_msgs/msg/Int32,51670
1774012412.401658,/metrics/pcl/fused/processing_ms,std_msgs/msg/Float32,200.93601989746094
1774012412.6972177,/metrics/pcl/fused/detections_count,std_msgs/msg/Int32,83
1774012412.697331,/metrics/pcl/fused/points_in,std_msgs/msg/Int32,51687
1774012412.6973956,/metrics/pcl/fused/processing_ms,std_msgs/msg/Float32,197.17893981933594
1774012413.0033128,/metrics/pcl/fused/detections_count,std_msgs/msg/Int32,78
1774012413.0034242,/metrics/pcl/fused/points_in,std_msgs/msg/Int32,51667
1774012413.0034876,/metrics/pcl/fused/processing_ms,std_msgs/msg/Float32,203.93601989746094
1774012413.2978117,/metrics/pcl/fused/detections_count,std_msgs/msg/Int32,78
1774012413.297937,/metrics/pcl/fused/points_in,std_msgs/msg/Int32,51722
1774012413.2980034,/metrics/pcl/fused/processing_ms,std_msgs/msg/Float32,199.8398895263672
1774012413.6005268,/metrics/pcl/fused/detections_count,std_msgs/msg/Int32,76
1774012413.6006386,/metrics/pcl/fused/points_in,std_msgs/msg/Int32,51752
1774012413.6007013,/metrics/pcl/fused/processing_ms,std_msgs/msg/Float32,199.1662139892578
1774012413.9037375,/metrics/pcl/fused/detections_count,std_msgs/msg/Int32,84
1774012413.9038606,/metrics/pcl/fused/points_in,std_msgs/msg/Int32,51740
1774012413.9039497,/metrics/pcl/fused/processing_ms,std_msgs/msg/Float32,200.48553466796875
1774012414.1994681,/metrics/pcl/fused/detections_count,std_msgs/msg/Int32,84
1774012414.1995769,/metrics/pcl/fused/points_in,std_msgs/msg/Int32,51686
1774012414.19964,/metrics/pcl/fused/processing_ms,std_msgs/msg/Float32,196.1062774658203
1774012414.4947755,/metrics/pcl/fused/detections_count,std_msgs/msg/Int32,83
1774012414.49491,/metrics/pcl/fused/points_in,std_msgs/msg/Int32,51700
1774012414.494988,/metrics/pcl/fused/processing_ms,std_msgs/msg/Float32,198.1668243408203
1774012414.8044436,/metrics/pcl/fused/detections_count,std_msgs/msg/Int32,81
1774012414.8045778,/metrics/pcl/fused/points_in,std_msgs/msg/Int32,51806
1774012414.8046508,/metrics/pcl/fused/processing_ms,std_msgs/msg/Float32,200.61862182617188
1774012415.1056705,/metrics/pcl/fused/detections_count,std_msgs/msg/Int32,83
1774012415.105793,/metrics/pcl/fused/points_in,std_msgs/msg/Int32,51799
1774012415.1058657,/metrics/pcl/fused/processing_ms,std_msgs/msg/Float32,200.9582061767578
1774012415.7088783,/metrics/pcl/fused/detections_count,std_msgs/msg/Int32,81
1774012415.709035,/metrics/pcl/fused/points_in,std_msgs/msg/Int32,51731
1774012415.7091086,/metrics/pcl/fused/processing_ms,std_msgs/msg/Float32,201.9982452392578
1774012416.0081363,/metrics/pcl/fused/detections_count,std_msgs/msg/Int32,86
1774012416.0082743,/metrics/pcl/fused/points_in,std_msgs/msg/Int32,51758
1774012416.0083594,/metrics/pcl/fused/processing_ms,std_msgs/msg/Float32,198.56573486328125
1774012416.2955499,/metrics/pcl/fused/detections_count,std_msgs/msg/Int32,89
1774012416.2956464,/metrics/pcl/fused/points_in,std_msgs/msg/Int32,51671
1774012416.2956984,/metrics/pcl/fused/processing_ms,std_msgs/msg/Float32,195.51998901367188
1774012416.5989885,/metrics/pcl/fused/detections_count,std_msgs/msg/Int32,91
1774012416.5991,/metrics/pcl/fused/points_in,std_msgs/msg/Int32,51720
1774012416.5991645,/metrics/pcl/fused/processing_ms,std_msgs/msg/Float32,197.71412658691406
1774012417.2038972,/metrics/pcl/fused/detections_count,std_msgs/msg/Int32,80
1774012417.2040074,/metrics/pcl/fused/points_in,std_msgs/msg/Int32,51791
1774012417.204084,/metrics/pcl/fused/processing_ms,std_msgs/msg/Float32,198.23170471191406
1774012417.5006485,/metrics/pcl/fused/detections_count,std_msgs/msg/Int32,83
1774012417.500788,/metrics/pcl/fused/points_in,std_msgs/msg/Int32,51686
1774012417.5008924,/metrics/pcl/fused/processing_ms,std_msgs/msg/Float32,198.16024780273438
1774012417.8016868,/metrics/pcl/fused/detections_count,std_msgs/msg/Int32,85
1774012417.8017983,/metrics/pcl/fused/points_in,std_msgs/msg/Int32,51727
1774012417.8018608,/metrics/pcl/fused/processing_ms,std_msgs/msg/Float32,195.5991668701172
1774012419.602602,/metrics/pcl/fused/detections_count,std_msgs/msg/Int32,83
1774012419.602717,/metrics/pcl/fused/points_in,std_msgs/msg/Int32,51529
1774012419.6027803,/metrics/pcl/fused/processing_ms,std_msgs/msg/Float32,196.33584594726562
1774012419.9088335,/metrics/pcl/fused/detections_count,std_msgs/msg/Int32,82
1774012419.9089525,/metrics/pcl/fused/points_in,std_msgs/msg/Int32,51302
1774012419.9090087,/metrics/pcl/fused/processing_ms,std_msgs/msg/Float32,202.18067932128906
1774012420.1975427,/metrics/pcl/fused/detections_count,std_msgs/msg/Int32,84
1774012420.1976538,/metrics/pcl/fused/points_in,std_msgs/msg/Int32,51435
1774012420.1977165,/metrics/pcl/fused/processing_ms,std_msgs/msg/Float32,194.7632598876953
1774012420.8038907,/metrics/pcl/fused/detections_count,std_msgs/msg/Int32,83
1774012420.804003,/metrics/pcl/fused/points_in,std_msgs/msg/Int32,51503
1774012420.8040667,/metrics/pcl/fused/processing_ms,std_msgs/msg/Float32,198.3353271484375
1774012421.1057549,/metrics/pcl/fused/detections_count,std_msgs/msg/Int32,83
1774012421.1058643,/metrics/pcl/fused/points_in,std_msgs/msg/Int32,51744
1774012421.1059449,/metrics/pcl/fused/processing_ms,std_msgs/msg/Float32,197.59703063964844
1774012421.699481,/metrics/pcl/fused/detections_count,std_msgs/msg/Int32,82
1774012421.699623,/metrics/pcl/fused/points_in,std_msgs/msg/Int32,51406
1774012421.6997378,/metrics/pcl/fused/processing_ms,std_msgs/msg/Float32,194.7487335205078
1774012421.9989862,/metrics/pcl/fused/detections_count,std_msgs/msg/Int32,91
1774012421.999108,/metrics/pcl/fused/points_in,std_msgs/msg/Int32,51532
1774012421.9991732,/metrics/pcl/fused/processing_ms,std_msgs/msg/Float32,197.96005249023438
1774012422.5987148,/metrics/pcl/fused/detections_count,std_msgs/msg/Int32,81
1774012422.5988317,/metrics/pcl/fused/points_in,std_msgs/msg/Int32,51390
1774012422.5989177,/metrics/pcl/fused/processing_ms,std_msgs/msg/Float32,195.84060668945312
1774012422.8986983,/metrics/pcl/fused/detections_count,std_msgs/msg/Int32,90
1774012422.8988142,/metrics/pcl/fused/points_in,std_msgs/msg/Int32,51439
1774012422.8989341,/metrics/pcl/fused/processing_ms,std_msgs/msg/Float32,196.24368286132812
1774012423.1944015,/metrics/pcl/fused/detections_count,std_msgs/msg/Int32,82
1774012423.1945088,/metrics/pcl/fused/points_in,std_msgs/msg/Int32,51470
1774012423.1945717,/metrics/pcl/fused/processing_ms,std_msgs/msg/Float32,191.36929321289062
1774012423.4917252,/metrics/pcl/fused/detections_count,std_msgs/msg/Int32,88
1774012423.4918342,/metrics/pcl/fused/points_in,std_msgs/msg/Int32,51472
1774012423.4919124,/metrics/pcl/fused/processing_ms,std_msgs/msg/Float32,191.81045532226562
1774012423.797102,/metrics/pcl/fused/detections_count,std_msgs/msg/Int32,87
1774012423.7972362,/metrics/pcl/fused/points_in,std_msgs/msg/Int32,51511
1774012423.7973394,/metrics/pcl/fused/processing_ms,std_msgs/msg/Float32,195.93861389160156
1774012424.0949724,/metrics/pcl/fused/detections_count,std_msgs/msg/Int32,86
1774012424.095105,/metrics/pcl/fused/points_in,std_msgs/msg/Int32,51463
1774012424.0951903,/metrics/pcl/fused/processing_ms,std_msgs/msg/Float32,194.85720825195312
1774012424.395941,/metrics/pcl/fused/detections_count,std_msgs/msg/Int32,81
1774012424.3960967,/metrics/pcl/fused/points_in,std_msgs/msg/Int32,51535
1774012424.3961792,/metrics/pcl/fused/processing_ms,std_msgs/msg/Float32,193.73313903808594
1774012424.7016282,/metrics/pcl/fused/detections_count,std_msgs/msg/Int32,81
1774012424.701754,/metrics/pcl/fused/points_in,std_msgs/msg/Int32,51493
1774012424.7018454,/metrics/pcl/fused/processing_ms,std_msgs/msg/Float32,196.33755493164062
1774012425.004398,/metrics/pcl/fused/detections_count,std_msgs/msg/Int32,88
1774012425.004528,/metrics/pcl/fused/points_in,std_msgs/msg/Int32,51587
1774012425.0046134,/metrics/pcl/fused/processing_ms,std_msgs/msg/Float32,195.509765625
1774012425.3035061,/metrics/pcl/fused/detections_count,std_msgs/msg/Int32,88
1774012425.3036354,/metrics/pcl/fused/points_in,std_msgs/msg/Int32,51606
1774012425.3037195,/metrics/pcl/fused/processing_ms,std_msgs/msg/Float32,192.64328002929688
1774012425.5996525,/metrics/pcl/fused/detections_count,std_msgs/msg/Int32,92
1774012425.5997639,/metrics/pcl/fused/points_in,std_msgs/msg/Int32,51514
1774012425.599827,/metrics/pcl/fused/processing_ms,std_msgs/msg/Float32,195.6513214111328
1774012425.902852,/metrics/pcl/fused/detections_count,std_msgs/msg/Int32,82
1774012425.9029746,/metrics/pcl/fused/points_in,std_msgs/msg/Int32,51425
1774012425.9030418,/metrics/pcl/fused/processing_ms,std_msgs/msg/Float32,194.7463836669922
1774012426.812349,/metrics/pcl/fused/detections_count,std_msgs/msg/Int32,86
1774012426.812458,/metrics/pcl/fused/points_in,std_msgs/msg/Int32,51444
1774012426.812529,/metrics/pcl/fused/processing_ms,std_msgs/msg/Float32,194.2610626220703
1774012427.9974427,/metrics/pcl/fused/detections_count,std_msgs/msg/Int32,82
1774012427.9975567,/metrics/pcl/fused/points_in,std_msgs/msg/Int32,51404
1774012427.9976208,/metrics/pcl/fused/processing_ms,std_msgs/msg/Float32,194.70303344726562
1774012428.5982926,/metrics/pcl/fused/detections_count,std_msgs/msg/Int32,84
1774012428.5984132,/metrics/pcl/fused/points_in,std_msgs/msg/Int32,51392
1774012428.5984857,/metrics/pcl/fused/processing_ms,std_msgs/msg/Float32,192.7713623046875
1774012429.1956728,/metrics/pcl/fused/detections_count,std_msgs/msg/Int32,84
1774012429.1957803,/metrics/pcl/fused/points_in,std_msgs/msg/Int32,51192
1774012429.1958425,/metrics/pcl/fused/processing_ms,std_msgs/msg/Float32,191.22439575195312
1774012429.4947371,/metrics/pcl/fused/detections_count,std_msgs/msg/Int32,90
1774012429.4948466,/metrics/pcl/fused/points_in,std_msgs/msg/Int32,51248
1774012429.494921,/metrics/pcl/fused/processing_ms,std_msgs/msg/Float32,197.1731414794922
1774012430.094128,/metrics/pcl/fused/detections_count,std_msgs/msg/Int32,86
1774012430.0942557,/metrics/pcl/fused/points_in,std_msgs/msg/Int32,51311
1774012430.0943222,/metrics/pcl/fused/processing_ms,std_msgs/msg/Float32,189.78941345214844
1774012430.6921782,/metrics/pcl/fused/detections_count,std_msgs/msg/Int32,86
1774012430.6922903,/metrics/pcl/fused/points_in,std_msgs/msg/Int32,51318
1774012430.6923566,/metrics/pcl/fused/processing_ms,std_msgs/msg/Float32,190.7553253173828
1774012430.991957,/metrics/pcl/fused/detections_count,std_msgs/msg/Int32,77
1774012430.9920626,/metrics/pcl/fused/points_in,std_msgs/msg/Int32,51230
1774012430.9921176,/metrics/pcl/fused/processing_ms,std_msgs/msg/Float32,191.10623168945312
1774012431.298351,/metrics/pcl/fused/detections_count,std_msgs/msg/Int32,86
1774012431.298458,/metrics/pcl/fused/points_in,std_msgs/msg/Int32,51285
1774012431.2985225,/metrics/pcl/fused/processing_ms,std_msgs/msg/Float32,190.10057067871094
1774012431.5919433,/metrics/pcl/fused/detections_count,std_msgs/msg/Int32,79
1774012431.5920587,/metrics/pcl/fused/points_in,std_msgs/msg/Int32,51254
1774012431.5921385,/metrics/pcl/fused/processing_ms,std_msgs/msg/Float32,191.88528442382812
1774012431.899136,/metrics/pcl/fused/detections_count,std_msgs/msg/Int32,85
1774012431.899246,/metrics/pcl/fused/points_in,std_msgs/msg/Int32,51449
1774012431.899313,/metrics/pcl/fused/processing_ms,std_msgs/msg/Float32,194.82748413085938
1774012432.1977258,/metrics/pcl/fused/detections_count,std_msgs/msg/Int32,83
1774012432.1978445,/metrics/pcl/fused/points_in,std_msgs/msg/Int32,51524
1774012432.1979432,/metrics/pcl/fused/processing_ms,std_msgs/msg/Float32,196.57424926757812
1774012432.4940946,/metrics/pcl/fused/detections_count,std_msgs/msg/Int32,84
1774012432.494206,/metrics/pcl/fused/points_in,std_msgs/msg/Int32,51590
1774012432.4942765,/metrics/pcl/fused/processing_ms,std_msgs/msg/Float32,195.6685028076172
1774012433.0996306,/metrics/pcl/fused/detections_count,std_msgs/msg/Int32,81
1774012433.099745,/metrics/pcl/fused/points_in,std_msgs/msg/Int32,51629
1774012433.0998113,/metrics/pcl/fused/processing_ms,std_msgs/msg/Float32,194.9024200439453
1774012433.398632,/metrics/pcl/fused/detections_count,std_msgs/msg/Int32,84
1774012433.3987424,/metrics/pcl/fused/points_in,std_msgs/msg/Int32,51786
1774012433.398806,/metrics/pcl/fused/processing_ms,std_msgs/msg/Float32,200.60891723632812
1774012433.6993105,/metrics/pcl/fused/detections_count,std_msgs/msg/Int32,85
1774012433.6994267,/metrics/pcl/fused/points_in,std_msgs/msg/Int32,51673
1774012433.6994903,/metrics/pcl/fused/processing_ms,std_msgs/msg/Float32,197.92665100097656
1774012434.0026941,/metrics/pcl/fused/detections_count,std_msgs/msg/Int32,83
1774012434.0028079,/metrics/pcl/fused/points_in,std_msgs/msg/Int32,51759
1774012434.002882,/metrics/pcl/fused/processing_ms,std_msgs/msg/Float32,197.81161499023438
1774012434.3004062,/metrics/pcl/fused/detections_count,std_msgs/msg/Int32,81
1774012434.300528,/metrics/pcl/fused/points_in,std_msgs/msg/Int32,51852
1774012434.3005927,/metrics/pcl/fused/processing_ms,std_msgs/msg/Float32,195.77352905273438
1774012434.9011743,/metrics/pcl/fused/detections_count,std_msgs/msg/Int32,85
1774012434.9012878,/metrics/pcl/fused/points_in,std_msgs/msg/Int32,51845
1774012434.901351,/metrics/pcl/fused/processing_ms,std_msgs/msg/Float32,201.3726043701172
1774012435.1991932,/metrics/pcl/fused/detections_count,std_msgs/msg/Int32,83
1774012435.1993024,/metrics/pcl/fused/points_in,std_msgs/msg/Int32,51896
1774012435.1993642,/metrics/pcl/fused/processing_ms,std_msgs/msg/Float32,198.78012084960938
1774012435.499243,/metrics/pcl/fused/detections_count,std_msgs/msg/Int32,85
1774012435.4993787,/metrics/pcl/fused/points_in,std_msgs/msg/Int32,51950
1774012435.4994416,/metrics/pcl/fused/processing_ms,std_msgs/msg/Float32,200.1517791748047
1774012435.802669,/metrics/pcl/fused/detections_count,std_msgs/msg/Int32,87
1774012435.8027866,/metrics/pcl/fused/points_in,std_msgs/msg/Int32,51802
1774012435.8028507,/metrics/pcl/fused/processing_ms,std_msgs/msg/Float32,201.7879638671875
1774012436.103064,/metrics/pcl/fused/detections_count,std_msgs/msg/Int32,84
1774012436.1031785,/metrics/pcl/fused/points_in,std_msgs/msg/Int32,51677
1774012436.1032436,/metrics/pcl/fused/processing_ms,std_msgs/msg/Float32,199.14889526367188
1774012436.3953974,/metrics/pcl/fused/detections_count,std_msgs/msg/Int32,83
1774012436.3955293,/metrics/pcl/fused/points_in,std_msgs/msg/Int32,51626
1774012436.3955963,/metrics/pcl/fused/processing_ms,std_msgs/msg/Float32,195.10304260253906
1774012436.700349,/metrics/pcl/fused/detections_count,std_msgs/msg/Int32,90
1774012436.7004678,/metrics/pcl/fused/points_in,std_msgs/msg/Int32,51422
1774012436.7005317,/metrics/pcl/fused/processing_ms,std_msgs/msg/Float32,195.98268127441406
1774012437.014914,/metrics/pcl/fused/detections_count,std_msgs/msg/Int32,86
1774012437.0150278,/metrics/pcl/fused/points_in,std_msgs/msg/Int32,51027
1774012437.015108,/metrics/pcl/fused/processing_ms,std_msgs/msg/Float32,205.83059692382812
1774012437.5902913,/metrics/pcl/fused/detections_count,std_msgs/msg/Int32,84
1774012437.5904102,/metrics/pcl/fused/points_in,std_msgs/msg/Int32,50851
1774012437.5904841,/metrics/pcl/fused/processing_ms,std_msgs/msg/Float32,190.00868225097656
1774012437.8919637,/metrics/pcl/fused/detections_count,std_msgs/msg/Int32,86
1774012437.8920727,/metrics/pcl/fused/points_in,std_msgs/msg/Int32,50763
1774012437.8921368,/metrics/pcl/fused/processing_ms,std_msgs/msg/Float32,188.63619995117188
1774012438.790385,/metrics/pcl/fused/detections_count,std_msgs/msg/Int32,83
1774012438.7905054,/metrics/pcl/fused/points_in,std_msgs/msg/Int32,50807
1774012438.7905624,/metrics/pcl/fused/processing_ms,std_msgs/msg/Float32,191.03199768066406
1774012439.9949152,/metrics/pcl/fused/detections_count,std_msgs/msg/Int32,84
1774012439.9950242,/metrics/pcl/fused/points_in,std_msgs/msg/Int32,50959
1774012439.9951,/metrics/pcl/fused/processing_ms,std_msgs/msg/Float32,194.8512420654297
1774012440.2908413,/metrics/pcl/fused/detections_count,std_msgs/msg/Int32,83
1774012440.2910204,/metrics/pcl/fused/points_in,std_msgs/msg/Int32,51138
1774012440.2911072,/metrics/pcl/fused/processing_ms,std_msgs/msg/Float32,192.4143829345703
1774012440.596301,/metrics/pcl/fused/detections_count,std_msgs/msg/Int32,83
1774012440.596478,/metrics/pcl/fused/points_in,std_msgs/msg/Int32,51258
1774012440.5965602,/metrics/pcl/fused/processing_ms,std_msgs/msg/Float32,196.6882781982422
1774012440.9026263,/metrics/pcl/fused/detections_count,std_msgs/msg/Int32,82
1774012440.9027543,/metrics/pcl/fused/points_in,std_msgs/msg/Int32,51155
1774012440.9028351,/metrics/pcl/fused/processing_ms,std_msgs/msg/Float32,197.24923706054688
1774012441.1913352,/metrics/pcl/fused/detections_count,std_msgs/msg/Int32,92
1774012441.1914701,/metrics/pcl/fused/points_in,std_msgs/msg/Int32,51041
1774012441.1915312,/metrics/pcl/fused/processing_ms,std_msgs/msg/Float32,191.3211212158203
1774012441.498778,/metrics/pcl/fused/detections_count,std_msgs/msg/Int32,82
1774012441.4989147,/metrics/pcl/fused/points_in,std_msgs/msg/Int32,51091
1774012441.4989824,/metrics/pcl/fused/processing_ms,std_msgs/msg/Float32,194.51296997070312
1774012441.8043866,/metrics/pcl/fused/detections_count,std_msgs/msg/Int32,87
1774012441.8044946,/metrics/pcl/fused/processing_ms,std_msgs/msg/Float32,195.97117614746094
1774012441.8046813,/metrics/pcl/fused/points_in,std_msgs/msg/Int32,51063
1774012442.1043913,/metrics/pcl/fused/detections_count,std_msgs/msg/Int32,82
1774012442.1045082,/metrics/pcl/fused/points_in,std_msgs/msg/Int32,50993
1774012442.1045747,/metrics/pcl/fused/processing_ms,std_msgs/msg/Float32,199.33935546875
1774012442.399959,/metrics/pcl/fused/detections_count,std_msgs/msg/Int32,85
1774012442.4000683,/metrics/pcl/fused/points_in,std_msgs/msg/Int32,51041
1774012442.4001322,/metrics/pcl/fused/processing_ms,std_msgs/msg/Float32,195.35931396484375
1774012442.6995509,/metrics/pcl/fused/detections_count,std_msgs/msg/Int32,84
1774012442.6996667,/metrics/pcl/fused/points_in,std_msgs/msg/Int32,51046
1774012442.6997306,/metrics/pcl/fused/processing_ms,std_msgs/msg/Float32,194.21136474609375
1774012443.0044065,/metrics/pcl/fused/detections_count,std_msgs/msg/Int32,82
1774012443.0045273,/metrics/pcl/fused/points_in,std_msgs/msg/Int32,51024
1774012443.0045974,/metrics/pcl/fused/processing_ms,std_msgs/msg/Float32,193.89706420898438
1774012443.2996452,/metrics/pcl/fused/detections_count,std_msgs/msg/Int32,80
1774012443.2997594,/metrics/pcl/fused/points_in,std_msgs/msg/Int32,51048
1774012443.299823,/metrics/pcl/fused/processing_ms,std_msgs/msg/Float32,196.4911651611328
1774012443.6045716,/metrics/pcl/fused/detections_count,std_msgs/msg/Int32,82
1774012443.604744,/metrics/pcl/fused/points_in,std_msgs/msg/Int32,51104
1774012443.604837,/metrics/pcl/fused/processing_ms,std_msgs/msg/Float32,199.94969177246094
1774012443.898458,/metrics/pcl/fused/detections_count,std_msgs/msg/Int32,83
1774012443.898568,/metrics/pcl/fused/points_in,std_msgs/msg/Int32,51026
1774012443.8986325,/metrics/pcl/fused/processing_ms,std_msgs/msg/Float32,196.41368103027344
1774012444.2010286,/metrics/pcl/fused/detections_count,std_msgs/msg/Int32,82
1774012444.20114,/metrics/pcl/fused/points_in,std_msgs/msg/Int32,51022
1774012444.2012057,/metrics/pcl/fused/processing_ms,std_msgs/msg/Float32,195.3347625732422
1774012444.5000248,/metrics/pcl/fused/detections_count,std_msgs/msg/Int32,76
1774012444.5001564,/metrics/pcl/fused/points_in,std_msgs/msg/Int32,50959
1774012444.5002108,/metrics/pcl/fused/processing_ms,std_msgs/msg/Float32,196.8866729736328
1774012444.795164,/metrics/pcl/fused/detections_count,std_msgs/msg/Int32,85
1774012444.7952743,/metrics/pcl/fused/points_in,std_msgs/msg/Int32,50958
1774012444.795337,/metrics/pcl/fused/processing_ms,std_msgs/msg/Float32,192.36135864257812
1774012445.1152182,/metrics/pcl/fused/detections_count,std_msgs/msg/Int32,82
1774012445.1153321,/metrics/pcl/fused/points_in,std_msgs/msg/Int32,50903
1774012445.11541,/metrics/pcl/fused/processing_ms,std_msgs/msg/Float32,200.10287475585938
1774012445.414458,/metrics/pcl/fused/detections_count,std_msgs/msg/Int32,81
1774012445.4145834,/metrics/pcl/fused/points_in,std_msgs/msg/Int32,50955
1774012445.4146514,/metrics/pcl/fused/processing_ms,std_msgs/msg/Float32,197.9766387939453
1774012445.7092428,/metrics/pcl/fused/detections_count,std_msgs/msg/Int32,86
1774012445.7093532,/metrics/pcl/fused/points_in,std_msgs/msg/Int32,51120
1774012445.709418,/metrics/pcl/fused/processing_ms,std_msgs/msg/Float32,200.30931091308594
1774012446.2995422,/metrics/pcl/fused/detections_count,std_msgs/msg/Int32,83
1774012446.2996514,/metrics/pcl/fused/points_in,std_msgs/msg/Int32,51014
1774012446.2997139,/metrics/pcl/fused/processing_ms,std_msgs/msg/Float32,194.58909606933594
1774012447.2114024,/metrics/pcl/fused/detections_count,std_msgs/msg/Int32,85
1774012447.2115152,/metrics/pcl/fused/points_in,std_msgs/msg/Int32,51076
1774012447.2115808,/metrics/pcl/fused/processing_ms,std_msgs/msg/Float32,199.89866638183594
1774012447.4992688,/metrics/pcl/fused/detections_count,std_msgs/msg/Int32,87
1774012447.4993968,/metrics/pcl/fused/points_in,std_msgs/msg/Int32,51205
1774012447.4994786,/metrics/pcl/fused/processing_ms,std_msgs/msg/Float32,192.89039611816406
1774012447.8033738,/metrics/pcl/fused/detections_count,std_msgs/msg/Int32,89
1774012447.8034832,/metrics/pcl/fused/points_in,std_msgs/msg/Int32,51052
1774012447.8035474,/metrics/pcl/fused/processing_ms,std_msgs/msg/Float32,195.35763549804688
1774012448.1090257,/metrics/pcl/fused/detections_count,std_msgs/msg/Int32,79
1774012448.109137,/metrics/pcl/fused/points_in,std_msgs/msg/Int32,51084
1774012448.1092017,/metrics/pcl/fused/processing_ms,std_msgs/msg/Float32,195.76107788085938
1774012448.6918776,/metrics/pcl/fused/detections_count,std_msgs/msg/Int32,86
1774012448.6919909,/metrics/pcl/fused/points_in,std_msgs/msg/Int32,51056
1774012448.6920524,/metrics/pcl/fused/processing_ms,std_msgs/msg/Float32,186.70742797851562
1774012449.0001376,/metrics/pcl/fused/detections_count,std_msgs/msg/Int32,81
1774012449.0002396,/metrics/pcl/fused/points_in,std_msgs/msg/Int32,51150
1774012449.0002987,/metrics/pcl/fused/processing_ms,std_msgs/msg/Float32,195.15443420410156
1774012449.2953367,/metrics/pcl/fused/detections_count,std_msgs/msg/Int32,84
1774012449.2954476,/metrics/pcl/fused/points_in,std_msgs/msg/Int32,51015
1774012449.2955098,/metrics/pcl/fused/processing_ms,std_msgs/msg/Float32,191.02880859375
1774012449.6006305,/metrics/pcl/fused/detections_count,std_msgs/msg/Int32,88
1774012449.6007426,/metrics/pcl/fused/points_in,std_msgs/msg/Int32,51141
1774012449.600805,/metrics/pcl/fused/processing_ms,std_msgs/msg/Float32,194.9231414794922
1774012449.9022222,/metrics/pcl/fused/detections_count,std_msgs/msg/Int32,84
1774012449.9023633,/metrics/pcl/fused/points_in,std_msgs/msg/Int32,51164
1774012449.9024203,/metrics/pcl/fused/processing_ms,std_msgs/msg/Float32,190.9547576904297
1774012450.2030873,/metrics/pcl/fused/detections_count,std_msgs/msg/Int32,84
1774012450.2031968,/metrics/pcl/fused/points_in,std_msgs/msg/Int32,51170
1774012450.203259,/metrics/pcl/fused/processing_ms,std_msgs/msg/Float32,193.83065795898438
1774012450.499746,/metrics/pcl/fused/detections_count,std_msgs/msg/Int32,85
1774012450.4998555,/metrics/pcl/fused/points_in,std_msgs/msg/Int32,51112
1774012450.4999378,/metrics/pcl/fused/processing_ms,std_msgs/msg/Float32,193.20655822753906
1774012450.8003063,/metrics/pcl/fused/detections_count,std_msgs/msg/Int32,89
1774012450.8004158,/metrics/pcl/fused/points_in,std_msgs/msg/Int32,51042
1774012450.8004794,/metrics/pcl/fused/processing_ms,std_msgs/msg/Float32,189.52137756347656
1774012451.1089463,/metrics/pcl/fused/detections_count,std_msgs/msg/Int32,85
1774012451.1090572,/metrics/pcl/fused/points_in,std_msgs/msg/Int32,51065
1774012451.1091216,/metrics/pcl/fused/processing_ms,std_msgs/msg/Float32,191.7971954345703
1774012451.691773,/metrics/pcl/fused/detections_count,std_msgs/msg/Int32,80
1774012451.69192,/metrics/pcl/fused/points_in,std_msgs/msg/Int32,50898
1774012451.6919878,/metrics/pcl/fused/processing_ms,std_msgs/msg/Float32,191.5110321044922
1774012451.9844875,/metrics/pcl/fused/detections_count,std_msgs/msg/Int32,83
1774012451.9846056,/metrics/pcl/fused/points_in,std_msgs/msg/Int32,50734
1774012451.9846702,/metrics/pcl/fused/processing_ms,std_msgs/msg/Float32,188.99488830566406
1774012452.2876325,/metrics/pcl/fused/detections_count,std_msgs/msg/Int32,83
1774012452.2877412,/metrics/pcl/fused/points_in,std_msgs/msg/Int32,50843
1774012452.2878036,/metrics/pcl/fused/processing_ms,std_msgs/msg/Float32,190.43589782714844
1774012452.8914523,/metrics/pcl/fused/detections_count,std_msgs/msg/Int32,77
1774012452.8915622,/metrics/pcl/fused/points_in,std_msgs/msg/Int32,50855
1774012452.8916245,/metrics/pcl/fused/processing_ms,std_msgs/msg/Float32,193.3911895751953
1774012453.1904135,/metrics/pcl/fused/detections_count,std_msgs/msg/Int32,85
1774012453.1905339,/metrics/pcl/fused/points_in,std_msgs/msg/Int32,50964
1774012453.1906047,/metrics/pcl/fused/processing_ms,std_msgs/msg/Float32,194.1572265625
1774012453.4833457,/metrics/pcl/fused/detections_count,std_msgs/msg/Int32,83
1774012453.4834583,/metrics/pcl/fused/points_in,std_msgs/msg/Int32,50828
1774012453.4835207,/metrics/pcl/fused/processing_ms,std_msgs/msg/Float32,189.09413146972656
1774012453.7953753,/metrics/pcl/fused/detections_count,std_msgs/msg/Int32,81
1774012453.7954843,/metrics/pcl/fused/points_in,std_msgs/msg/Int32,50919
1774012453.7955456,/metrics/pcl/fused/processing_ms,std_msgs/msg/Float32,191.0948028564453
1774012454.0893881,/metrics/pcl/fused/detections_count,std_msgs/msg/Int32,88
1774012454.0895104,/metrics/pcl/fused/points_in,std_msgs/msg/Int32,50774
1774012454.089585,/metrics/pcl/fused/processing_ms,std_msgs/msg/Float32,189.37457275390625
1774012454.387336,/metrics/pcl/fused/detections_count,std_msgs/msg/Int32,81
1774012454.3874495,/metrics/pcl/fused/points_in,std_msgs/msg/Int32,50932
1774012454.3875132,/metrics/pcl/fused/processing_ms,std_msgs/msg/Float32,189.24122619628906
1774012454.6879723,/metrics/pcl/fused/detections_count,std_msgs/msg/Int32,85
1774012454.688089,/metrics/pcl/fused/points_in,std_msgs/msg/Int32,50944
1774012454.688162,/metrics/pcl/fused/processing_ms,std_msgs/msg/Float32,190.33322143554688
1774012454.993031,/metrics/pcl/fused/detections_count,std_msgs/msg/Int32,86
1774012454.9931462,/metrics/pcl/fused/points_in,std_msgs/msg/Int32,50870
1774012454.9932125,/metrics/pcl/fused/processing_ms,std_msgs/msg/Float32,193.650390625
1774012455.2877295,/metrics/pcl/fused/detections_count,std_msgs/msg/Int32,79
1774012455.287841,/metrics/pcl/fused/points_in,std_msgs/msg/Int32,51003
1774012455.2879207,/metrics/pcl/fused/processing_ms,std_msgs/msg/Float32,190.07049560546875
1774012455.8957253,/metrics/pcl/fused/detections_count,std_msgs/msg/Int32,82
1774012455.8958464,/metrics/pcl/fused/points_in,std_msgs/msg/Int32,50880
1774012455.8959322,/metrics/pcl/fused/processing_ms,std_msgs/msg/Float32,193.5010223388672
1774012456.1901069,/metrics/pcl/fused/detections_count,std_msgs/msg/Int32,79
1774012456.1902153,/metrics/pcl/fused/points_in,std_msgs/msg/Int32,50872
1774012456.1902776,/metrics/pcl/fused/processing_ms,std_msgs/msg/Float32,191.11187744140625
1774012457.0959806,/metrics/pcl/fused/detections_count,std_msgs/msg/Int32,82
1774012457.096123,/metrics/pcl/fused/points_in,std_msgs/msg/Int32,51018
1774012457.096188,/metrics/pcl/fused/processing_ms,std_msgs/msg/Float32,189.8936767578125
1774012457.3875082,/metrics/pcl/fused/detections_count,std_msgs/msg/Int32,84
1774012457.3876066,/metrics/pcl/fused/points_in,std_msgs/msg/Int32,51056
1774012457.3876605,/metrics/pcl/fused/processing_ms,std_msgs/msg/Float32,190.51036071777344
1774012457.6949453,/metrics/pcl/fused/detections_count,std_msgs/msg/Int32,81
1774012457.695066,/metrics/pcl/fused/points_in,std_msgs/msg/Int32,51035
1774012457.6951394,/metrics/pcl/fused/processing_ms,std_msgs/msg/Float32,194.96554565429688
1774012458.0130692,/metrics/pcl/fused/detections_count,std_msgs/msg/Int32,90
1774012458.0131783,/metrics/pcl/fused/points_in,std_msgs/msg/Int32,50970
1774012458.0132554,/metrics/pcl/fused/processing_ms,std_msgs/msg/Float32,198.76548767089844
1774012458.2910821,/metrics/pcl/fused/detections_count,std_msgs/msg/Int32,82
1774012458.291192,/metrics/pcl/fused/points_in,std_msgs/msg/Int32,50861
1774012458.2912557,/metrics/pcl/fused/processing_ms,std_msgs/msg/Float32,192.71292114257812
1774012458.5896873,/metrics/pcl/fused/detections_count,std_msgs/msg/Int32,85
1774012458.5898473,/metrics/pcl/fused/points_in,std_msgs/msg/Int32,50928
1774012458.589925,/metrics/pcl/fused/processing_ms,std_msgs/msg/Float32,191.7873992919922
1774012458.8916168,/metrics/pcl/fused/detections_count,std_msgs/msg/Int32,81
1774012458.8917263,/metrics/pcl/fused/points_in,std_msgs/msg/Int32,51010
1774012458.8917878,/metrics/pcl/fused/processing_ms,std_msgs/msg/Float32,191.37454223632812
1774012459.1921885,/metrics/pcl/fused/detections_count,std_msgs/msg/Int32,85
1774012459.1923137,/metrics/pcl/fused/points_in,std_msgs/msg/Int32,50946
1774012459.192376,/metrics/pcl/fused/processing_ms,std_msgs/msg/Float32,189.9537811279297
1774012459.8012114,/metrics/pcl/fused/detections_count,std_msgs/msg/Int32,82
1774012459.8013227,/metrics/pcl/fused/points_in,std_msgs/msg/Int32,50892
1774012459.801385,/metrics/pcl/fused/processing_ms,std_msgs/msg/Float32,194.81312561035156
1774012460.0961034,/metrics/pcl/fused/detections_count,std_msgs/msg/Int32,91
1774012460.0962157,/metrics/pcl/fused/points_in,std_msgs/msg/Int32,50995
1774012460.0962784,/metrics/pcl/fused/processing_ms,std_msgs/msg/Float32,191.2740020751953
1774012460.693486,/metrics/pcl/fused/detections_count,std_msgs/msg/Int32,86
1774012460.6936007,/metrics/pcl/fused/points_in,std_msgs/msg/Int32,50959
1774012460.6936781,/metrics/pcl/fused/processing_ms,std_msgs/msg/Float32,190.45628356933594
1774012460.989129,/metrics/pcl/fused/detections_count,std_msgs/msg/Int32,85
1774012460.9892383,/metrics/pcl/fused/points_in,std_msgs/msg/Int32,50884
1774012460.989304,/metrics/pcl/fused/processing_ms,std_msgs/msg/Float32,191.34878540039062
1774012461.28659,/metrics/pcl/fused/detections_count,std_msgs/msg/Int32,88
1774012461.2867036,/metrics/pcl/fused/points_in,std_msgs/msg/Int32,50917
1774012461.28677,/metrics/pcl/fused/processing_ms,std_msgs/msg/Float32,188.37066650390625
1774012461.5869966,/metrics/pcl/fused/detections_count,std_msgs/msg/Int32,80
1774012461.5871232,/metrics/pcl/fused/points_in,std_msgs/msg/Int32,50916
1774012461.5871947,/metrics/pcl/fused/processing_ms,std_msgs/msg/Float32,189.5325927734375
1774012461.8914974,/metrics/pcl/fused/detections_count,std_msgs/msg/Int32,77
1774012461.8916075,/metrics/pcl/fused/points_in,std_msgs/msg/Int32,50923
1774012461.891673,/metrics/pcl/fused/processing_ms,std_msgs/msg/Float32,195.2700653076172
1774012462.793779,/metrics/pcl/fused/detections_count,std_msgs/msg/Int32,80
1774012462.7939532,/metrics/pcl/fused/points_in,std_msgs/msg/Int32,50916
1774012462.7940671,/metrics/pcl/fused/processing_ms,std_msgs/msg/Float32,192.7078399658203
1774012463.0890572,/metrics/pcl/fused/detections_count,std_msgs/msg/Int32,88
1774012463.0891643,/metrics/pcl/fused/points_in,std_msgs/msg/Int32,50855
1774012463.08922,/metrics/pcl/fused/processing_ms,std_msgs/msg/Float32,189.5866241455078
1774012463.7016423,/metrics/pcl/fused/detections_count,std_msgs/msg/Int32,84
1774012463.7017527,/metrics/pcl/fused/points_in,std_msgs/msg/Int32,51079
1774012463.7018275,/metrics/pcl/fused/processing_ms,std_msgs/msg/Float32,198.13772583007812
1774012464.0188339,/metrics/pcl/fused/detections_count,std_msgs/msg/Int32,85
1774012464.0189817,/metrics/pcl/fused/points_in,std_msgs/msg/Int32,51161
1774012464.0190637,/metrics/pcl/fused/processing_ms,std_msgs/msg/Float32,204.04051208496094
1774012464.642098,/metrics/pcl/fused/detections_count,std_msgs/msg/Int32,81
1774012464.642229,/metrics/pcl/fused/points_in,std_msgs/msg/Int32,51552
1774012464.642309,/metrics/pcl/fused/processing_ms,std_msgs/msg/Float32,220.13070678710938
1774012464.9390824,/metrics/pcl/fused/detections_count,std_msgs/msg/Int32,83
1774012464.9392262,/metrics/pcl/fused/points_in,std_msgs/msg/Int32,51724
1774012464.9393253,/metrics/pcl/fused/processing_ms,std_msgs/msg/Float32,215.73399353027344
1774012465.2327068,/metrics/pcl/fused/detections_count,std_msgs/msg/Int32,80
1774012465.2328303,/metrics/pcl/fused/points_in,std_msgs/msg/Int32,51775
1774012465.2329333,/metrics/pcl/fused/processing_ms,std_msgs/msg/Float32,214.9351348876953
1774012465.5102692,/metrics/pcl/fused/detections_count,std_msgs/msg/Int32,81
1774012465.5103788,/metrics/pcl/fused/points_in,std_msgs/msg/Int32,51823
1774012465.5104501,/metrics/pcl/fused/processing_ms,std_msgs/msg/Float32,202.2200927734375
1774012466.1159532,/metrics/pcl/fused/detections_count,std_msgs/msg/Int32,82
1774012466.1161482,/metrics/pcl/fused/points_in,std_msgs/msg/Int32,51806
1774012466.116234,/metrics/pcl/fused/processing_ms,std_msgs/msg/Float32,207.32705688476562
1774012466.708637,/metrics/pcl/fused/detections_count,std_msgs/msg/Int32,84
1774012466.708754,/metrics/pcl/fused/points_in,std_msgs/msg/Int32,51732
1774012466.7088292,/metrics/pcl/fused/processing_ms,std_msgs/msg/Float32,202.67640686035156
1774012467.0133862,/metrics/pcl/fused/detections_count,std_msgs/msg/Int32,80
1774012467.0134807,/metrics/pcl/fused/points_in,std_msgs/msg/Int32,51791
1774012467.013536,/metrics/pcl/fused/processing_ms,std_msgs/msg/Float32,205.2887725830078
1774012467.3131456,/metrics/pcl/fused/detections_count,std_msgs/msg/Int32,85
1774012467.3132503,/metrics/pcl/fused/points_in,std_msgs/msg/Int32,51665
1774012467.313314,/metrics/pcl/fused/processing_ms,std_msgs/msg/Float32,199.574951171875
1774012467.612072,/metrics/pcl/fused/detections_count,std_msgs/msg/Int32,80
1774012467.6122127,/metrics/pcl/fused/points_in,std_msgs/msg/Int32,51758
1774012467.61231,/metrics/pcl/fused/processing_ms,std_msgs/msg/Float32,206.63412475585938
1774012468.556568,/metrics/pcl/fused/detections_count,std_msgs/msg/Int32,77
1774012468.5566835,/metrics/pcl/fused/points_in,std_msgs/msg/Int32,51663
1774012468.5567644,/metrics/pcl/fused/processing_ms,std_msgs/msg/Float32,208.54074096679688
1774012468.820071,/metrics/pcl/fused/detections_count,std_msgs/msg/Int32,82
1774012468.8201878,/metrics/pcl/fused/points_in,std_msgs/msg/Int32,51685
1774012468.820257,/metrics/pcl/fused/processing_ms,std_msgs/msg/Float32,208.11361694335938
1774012469.1222236,/metrics/pcl/fused/detections_count,std_msgs/msg/Int32,83
1774012469.122377,/metrics/pcl/fused/points_in,std_msgs/msg/Int32,51609
1774012469.122477,/metrics/pcl/fused/processing_ms,std_msgs/msg/Float32,204.2665252685547
1774012469.4123974,/metrics/pcl/fused/detections_count,std_msgs/msg/Int32,82
1774012469.4125051,/metrics/pcl/fused/points_in,std_msgs/msg/Int32,51661
1774012469.4125698,/metrics/pcl/fused/processing_ms,std_msgs/msg/Float32,201.24002075195312
1774012469.7237008,/metrics/pcl/fused/detections_count,std_msgs/msg/Int32,83
1774012469.7238314,/metrics/pcl/fused/points_in,std_msgs/msg/Int32,51651
1774012469.7239234,/metrics/pcl/fused/processing_ms,std_msgs/msg/Float32,208.1736602783203
1774012470.023707,/metrics/pcl/fused/detections_count,std_msgs/msg/Int32,79
1774012470.0239434,/metrics/pcl/fused/points_in,std_msgs/msg/Int32,51741
1774012470.0240383,/metrics/pcl/fused/processing_ms,std_msgs/msg/Float32,208.8155517578125
1774012471.0163069,/metrics/pcl/fused/detections_count,std_msgs/msg/Int32,89
1774012471.01647,/metrics/pcl/fused/points_in,std_msgs/msg/Int32,51690
1774012471.016565,/metrics/pcl/fused/processing_ms,std_msgs/msg/Float32,229.96910095214844
1774012471.5107112,/metrics/pcl/fused/detections_count,std_msgs/msg/Int32,77
1774012471.5108988,/metrics/pcl/fused/points_in,std_msgs/msg/Int32,51720
1774012471.5109923,/metrics/pcl/fused/processing_ms,std_msgs/msg/Float32,278.7791442871094
1774012471.7967992,/metrics/pcl/fused/detections_count,std_msgs/msg/Int32,87
1774012471.7969766,/metrics/pcl/fused/points_in,std_msgs/msg/Int32,51706
1774012471.7970998,/metrics/pcl/fused/processing_ms,std_msgs/msg/Float32,238.2334442138672
1774012472.08102,/metrics/pcl/fused/detections_count,std_msgs/msg/Int32,80
1774012472.0811594,/metrics/pcl/fused/points_in,std_msgs/msg/Int32,51573
1774012472.0812528,/metrics/pcl/fused/processing_ms,std_msgs/msg/Float32,231.19309997558594
1774012472.3764246,/metrics/pcl/fused/detections_count,std_msgs/msg/Int32,82
1774012472.376576,/metrics/pcl/fused/points_in,std_msgs/msg/Int32,51636
1774012472.3766732,/metrics/pcl/fused/processing_ms,std_msgs/msg/Float32,230.9355926513672
1774012472.6695113,/metrics/pcl/fused/detections_count,std_msgs/msg/Int32,83
1774012472.6696525,/metrics/pcl/fused/points_in,std_msgs/msg/Int32,51663
1774012472.6697497,/metrics/pcl/fused/processing_ms,std_msgs/msg/Float32,214.4984893798828
1774012473.2337723,/metrics/pcl/fused/detections_count,std_msgs/msg/Int32,80
1774012473.2339077,/metrics/pcl/fused/points_in,std_msgs/msg/Int32,51703
1774012473.2339902,/metrics/pcl/fused/processing_ms,std_msgs/msg/Float32,211.84548950195312
1774012473.5279276,/metrics/pcl/fused/detections_count,std_msgs/msg/Int32,82
1774012473.5280585,/metrics/pcl/fused/points_in,std_msgs/msg/Int32,51644
1774012473.5281384,/metrics/pcl/fused/processing_ms,std_msgs/msg/Float32,216.06358337402344
1774012473.8589694,/metrics/pcl/fused/detections_count,std_msgs/msg/Int32,80
1774012473.8591135,/metrics/pcl/fused/points_in,std_msgs/msg/Int32,51792
1774012473.8591928,/metrics/pcl/fused/processing_ms,std_msgs/msg/Float32,227.310791015625
1774012474.1515718,/metrics/pcl/fused/detections_count,std_msgs/msg/Int32,80
1774012474.1517467,/metrics/pcl/fused/points_in,std_msgs/msg/Int32,51835
1774012474.1518426,/metrics/pcl/fused/processing_ms,std_msgs/msg/Float32,215.6881561279297
1774012474.4306548,/metrics/pcl/fused/detections_count,std_msgs/msg/Int32,84
1774012474.4307868,/metrics/pcl/fused/points_in,std_msgs/msg/Int32,51658
1774012474.4308672,/metrics/pcl/fused/processing_ms,std_msgs/msg/Float32,212.0359344482422
1774012474.7832665,/metrics/pcl/fused/detections_count,std_msgs/msg/Int32,84
1774012474.7834477,/metrics/pcl/fused/points_in,std_msgs/msg/Int32,51652
1774012474.7835693,/metrics/pcl/fused/processing_ms,std_msgs/msg/Float32,248.25148010253906
1774012475.1450243,/metrics/pcl/fused/detections_count,std_msgs/msg/Int32,84
1774012475.1451383,/metrics/pcl/fused/points_in,std_msgs/msg/Int32,51754
1774012475.145196,/metrics/pcl/fused/processing_ms,std_msgs/msg/Float32,208.82272338867188
1774012475.4602506,/metrics/pcl/fused/detections_count,std_msgs/msg/Int32,77
1774012475.4604285,/metrics/pcl/fused/points_in,std_msgs/msg/Int32,51920
1774012475.4605317,/metrics/pcl/fused/processing_ms,std_msgs/msg/Float32,236.11532592773438
1774012475.932429,/metrics/pcl/fused/detections_count,std_msgs/msg/Int32,79
1774012475.9332535,/metrics/pcl/fused/processing_ms,std_msgs/msg/Float32,289.61285400390625
1774012475.9338348,/metrics/pcl/fused/points_in,std_msgs/msg/Int32,51934
1774012476.4269671,/metrics/pcl/fused/detections_count,std_msgs/msg/Int32,83
1774012476.427083,/metrics/pcl/fused/points_in,std_msgs/msg/Int32,51868
1774012476.427147,/metrics/pcl/fused/processing_ms,std_msgs/msg/Float32,265.8160705566406
1774012476.870474,/metrics/pcl/fused/detections_count,std_msgs/msg/Int32,85
1774012476.8706076,/metrics/pcl/fused/points_in,std_msgs/msg/Int32,51941
1774012476.8706868,/metrics/pcl/fused/processing_ms,std_msgs/msg/Float32,282.79986572265625
1774012477.4267118,/metrics/pcl/fused/detections_count,std_msgs/msg/Int32,84
1774012477.4268653,/metrics/pcl/fused/points_in,std_msgs/msg/Int32,51962
1774012477.426971,/metrics/pcl/fused/processing_ms,std_msgs/msg/Float32,287.1017761230469
1774012477.9386835,/metrics/pcl/fused/detections_count,std_msgs/msg/Int32,78
1774012477.9388366,/metrics/pcl/fused/points_in,std_msgs/msg/Int32,51945
1774012477.9389374,/metrics/pcl/fused/processing_ms,std_msgs/msg/Float32,294.4964904785156
1774012478.937193,/metrics/pcl/fused/detections_count,std_msgs/msg/Int32,82
1774012478.9373686,/metrics/pcl/fused/points_in,std_msgs/msg/Int32,51904
1774012478.9375055,/metrics/pcl/fused/processing_ms,std_msgs/msg/Float32,268.6374206542969
1774012480.187013,/metrics/pcl/fused/detections_count,std_msgs/msg/Int32,86
1774012480.187378,/metrics/pcl/fused/points_in,std_msgs/msg/Int32,51864
1774012480.1875207,/metrics/pcl/fused/processing_ms,std_msgs/msg/Float32,556.0791015625
1774012480.8858232,/metrics/pcl/fused/detections_count,std_msgs/msg/Int32,84
1774012480.8860343,/metrics/pcl/fused/points_in,std_msgs/msg/Int32,51971
1774012480.886171,/metrics/pcl/fused/processing_ms,std_msgs/msg/Float32,429.9264221191406
1774012481.1463828,/metrics/pcl/fused/detections_count,std_msgs/msg/Int32,52
1774012481.1467981,/metrics/pcl/fused/points_in,std_msgs/msg/Int32,38807
1774012481.146948,/metrics/pcl/fused/processing_ms,std_msgs/msg/Float32,239.26402282714844
1774012481.9742162,/metrics/pcl/fused/detections_count,std_msgs/msg/Int32,89
1774012481.9744542,/metrics/pcl/fused/points_in,std_msgs/msg/Int32,51986
1774012481.9746058,/metrics/pcl/fused/processing_ms,std_msgs/msg/Float32,424.96380615234375
1774012482.4147599,/metrics/pcl/fused/detections_count,std_msgs/msg/Int32,85
1774012482.4158494,/metrics/pcl/fused/processing_ms,std_msgs/msg/Float32,346.2803649902344
1774012482.4169598,/metrics/pcl/fused/points_in,std_msgs/msg/Int32,51960
1774012483.1199725,/metrics/pcl/fused/detections_count,std_msgs/msg/Int32,79
1774012483.120145,/metrics/pcl/fused/points_in,std_msgs/msg/Int32,51837
1774012483.1202548,/metrics/pcl/fused/processing_ms,std_msgs/msg/Float32,422.3125915527344
1774012483.7327526,/metrics/pcl/fused/detections_count,std_msgs/msg/Int32,83
1774012483.7332058,/metrics/pcl/fused/points_in,std_msgs/msg/Int32,51905
1774012483.7333276,/metrics/pcl/fused/processing_ms,std_msgs/msg/Float32,383.0394287109375
1774012484.4963262,/metrics/pcl/fused/detections_count,std_msgs/msg/Int32,80
1774012484.4973369,/metrics/pcl/fused/processing_ms,std_msgs/msg/Float32,487.6446838378906
1774012484.498196,/metrics/pcl/fused/points_in,std_msgs/msg/Int32,51858
1774012485.237323,/metrics/pcl/fused/detections_count,std_msgs/msg/Int32,80
1774012485.237783,/metrics/pcl/fused/points_in,std_msgs/msg/Int32,52032
1774012485.23794,/metrics/pcl/fused/processing_ms,std_msgs/msg/Float32,544.634033203125
1774012485.7035873,/metrics/pcl/fused/detections_count,std_msgs/msg/Int32,77
1774012485.705849,/metrics/pcl/fused/points_in,std_msgs/msg/Int32,51941
1774012485.7060513,/metrics/pcl/fused/processing_ms,std_msgs/msg/Float32,304.4662780761719
1774012486.5462565,/metrics/pcl/fused/detections_count,std_msgs/msg/Int32,83
1774012486.5464945,/metrics/pcl/fused/points_in,std_msgs/msg/Int32,51856
1774012486.5466504,/metrics/pcl/fused/processing_ms,std_msgs/msg/Float32,534.6924438476562
1774012487.7881246,/metrics/pcl/fused/detections_count,std_msgs/msg/Int32,82
1774012487.7892716,/metrics/pcl/fused/processing_ms,std_msgs/msg/Float32,501.1746826171875
1774012487.7901847,/metrics/pcl/fused/points_in,std_msgs/msg/Int32,51788
1774012488.4929724,/metrics/pcl/fused/detections_count,std_msgs/msg/Int32,82
1774012488.4932222,/metrics/pcl/fused/points_in,std_msgs/msg/Int32,51780
1774012488.4933648,/metrics/pcl/fused/processing_ms,std_msgs/msg/Float32,471.23089599609375
1774012489.329884,/metrics/pcl/fused/detections_count,std_msgs/msg/Int32,80
1774012489.3323529,/metrics/pcl/fused/points_in,std_msgs/msg/Int32,51890
1774012489.33275,/metrics/pcl/fused/processing_ms,std_msgs/msg/Float32,454.1011047363281
1774012489.9149323,/metrics/pcl/fused/detections_count,std_msgs/msg/Int32,84
1774012489.9151163,/metrics/pcl/fused/points_in,std_msgs/msg/Int32,51849
1774012489.9152346,/metrics/pcl/fused/processing_ms,std_msgs/msg/Float32,348.16314697265625
1774012490.7976518,/metrics/pcl/fused/detections_count,std_msgs/msg/Int32,76
1774012490.7997844,/metrics/pcl/fused/points_in,std_msgs/msg/Int32,51894
1774012490.7999916,/metrics/pcl/fused/processing_ms,std_msgs/msg/Float32,473.86773681640625
1774012491.6004088,/metrics/pcl/fused/detections_count,std_msgs/msg/Int32,79
1774012491.6037102,/metrics/pcl/fused/points_in,std_msgs/msg/Int32,51882
1774012491.6040232,/metrics/pcl/fused/processing_ms,std_msgs/msg/Float32,445.5086364746094
1774012492.1941447,/metrics/pcl/fused/detections_count,std_msgs/msg/Int32,79
1774012492.195137,/metrics/pcl/fused/processing_ms,std_msgs/msg/Float32,315.54595947265625
1774012492.1959043,/metrics/pcl/fused/points_in,std_msgs/msg/Int32,51889
1774012492.993924,/metrics/pcl/fused/detections_count,std_msgs/msg/Int32,87
1774012492.9952164,/metrics/pcl/fused/processing_ms,std_msgs/msg/Float32,547.0625
1774012492.996045,/metrics/pcl/fused/points_in,std_msgs/msg/Int32,51774
1774012493.524177,/metrics/pcl/fused/detections_count,std_msgs/msg/Int32,83
1774012493.5253525,/metrics/pcl/fused/processing_ms,std_msgs/msg/Float32,476.6841735839844
1774012493.5264118,/metrics/pcl/fused/points_in,std_msgs/msg/Int32,51900
1774012494.0784664,/metrics/pcl/fused/detections_count,std_msgs/msg/Int32,80
1774012494.081182,/metrics/pcl/fused/points_in,std_msgs/msg/Int32,51843
1774012494.081442,/metrics/pcl/fused/processing_ms,std_msgs/msg/Float32,326.76617431640625
1774012494.73473,/metrics/pcl/fused/detections_count,std_msgs/msg/Int32,85
1774012494.7352488,/metrics/pcl/fused/points_in,std_msgs/msg/Int32,51898
1774012494.7354848,/metrics/pcl/fused/processing_ms,std_msgs/msg/Float32,337.6698303222656
1774012495.596843,/metrics/pcl/fused/detections_count,std_msgs/msg/Int32,80
1774012495.5979092,/metrics/pcl/fused/processing_ms,std_msgs/msg/Float32,419.07147216796875
1774012495.59876,/metrics/pcl/fused/points_in,std_msgs/msg/Int32,51940
1774012496.360561,/metrics/pcl/fused/detections_count,std_msgs/msg/Int32,85
1774012496.3619869,/metrics/pcl/fused/processing_ms,std_msgs/msg/Float32,391.34051513671875
1774012496.3685107,/metrics/pcl/fused/points_in,std_msgs/msg/Int32,51833
1774012497.369248,/metrics/pcl/fused/detections_count,std_msgs/msg/Int32,78
1774012497.3695161,/metrics/pcl/fused/points_in,std_msgs/msg/Int32,51823
1774012497.3696663,/metrics/pcl/fused/processing_ms,std_msgs/msg/Float32,647.0733642578125
1774012497.5425787,/metrics/pcl/fused/detections_count,std_msgs/msg/Int32,37
1774012497.5430496,/metrics/pcl/fused/points_in,std_msgs/msg/Int32,25950
1774012497.5431972,/metrics/pcl/fused/processing_ms,std_msgs/msg/Float32,175.26113891601562
1774012498.9853957,/metrics/pcl/fused/detections_count,std_msgs/msg/Int32,81
1774012498.9855585,/metrics/pcl/fused/points_in,std_msgs/msg/Int32,51940
1774012498.985639,/metrics/pcl/fused/processing_ms,std_msgs/msg/Float32,428.562255859375
1774012499.9360564,/metrics/pcl/fused/detections_count,std_msgs/msg/Int32,88
1774012499.936254,/metrics/pcl/fused/points_in,std_msgs/msg/Int32,51858
1774012499.9363396,/metrics/pcl/fused/processing_ms,std_msgs/msg/Float32,547.0271606445312
1774012500.601301,/metrics/pcl/fused/detections_count,std_msgs/msg/Int32,88
1774012500.6019452,/metrics/pcl/fused/points_in,std_msgs/msg/Int32,51828
1774012500.6021771,/metrics/pcl/fused/processing_ms,std_msgs/msg/Float32,464.243896484375
1774012501.1302114,/metrics/pcl/fused/detections_count,std_msgs/msg/Int32,87
1774012501.1312084,/metrics/pcl/fused/processing_ms,std_msgs/msg/Float32,432.9458312988281
1774012501.1333754,/metrics/pcl/fused/points_in,std_msgs/msg/Int32,51798
1774012501.8122373,/metrics/pcl/fused/detections_count,std_msgs/msg/Int32,84
1774012501.8124254,/metrics/pcl/fused/points_in,std_msgs/msg/Int32,51771
1774012501.8125226,/metrics/pcl/fused/processing_ms,std_msgs/msg/Float32,403.27691650390625
1774012502.5761771,/metrics/pcl/fused/detections_count,std_msgs/msg/Int32,89
1774012502.5782294,/metrics/pcl/fused/points_in,std_msgs/msg/Int32,51820
1774012502.5797362,/metrics/pcl/fused/processing_ms,std_msgs/msg/Float32,435.3809509277344
1774012503.172176,/metrics/pcl/fused/detections_count,std_msgs/msg/Int32,79
1774012503.1723766,/metrics/pcl/fused/points_in,std_msgs/msg/Int32,51712
1774012503.1724682,/metrics/pcl/fused/processing_ms,std_msgs/msg/Float32,495.4947814941406
1774012503.7814422,/metrics/pcl/fused/detections_count,std_msgs/msg/Int32,83
1774012503.7828436,/metrics/pcl/fused/processing_ms,std_msgs/msg/Float32,382.676025390625
1774012503.7836735,/metrics/pcl/fused/points_in,std_msgs/msg/Int32,51403
1774012504.433997,/metrics/pcl/fused/detections_count,std_msgs/msg/Int32,80
1774012504.4358559,/metrics/pcl/fused/points_in,std_msgs/msg/Int32,50794
1774012504.4360168,/metrics/pcl/fused/processing_ms,std_msgs/msg/Float32,435.350341796875
1774012505.8690858,/metrics/pcl/fused/detections_count,std_msgs/msg/Int32,81
1774012505.8716686,/metrics/pcl/fused/points_in,std_msgs/msg/Int32,51059
1774012505.8726113,/metrics/pcl/fused/processing_ms,std_msgs/msg/Float32,370.4163818359375
1774012506.473983,/metrics/pcl/fused/detections_count,std_msgs/msg/Int32,83
1774012506.4759927,/metrics/pcl/fused/points_in,std_msgs/msg/Int32,51070
1774012506.4761534,/metrics/pcl/fused/processing_ms,std_msgs/msg/Float32,376.9925231933594
1774012507.2135196,/metrics/pcl/fused/detections_count,std_msgs/msg/Int32,84
1774012507.2155638,/metrics/pcl/fused/processing_ms,std_msgs/msg/Float32,421.87884521484375
1774012507.219726,/metrics/pcl/fused/points_in,std_msgs/msg/Int32,51093
1774012507.946695,/metrics/pcl/fused/detections_count,std_msgs/msg/Int32,83
1774012507.946865,/metrics/pcl/fused/points_in,std_msgs/msg/Int32,51116
1774012507.947006,/metrics/pcl/fused/processing_ms,std_msgs/msg/Float32,402.2192687988281
1774012509.1536808,/metrics/pcl/fused/detections_count,std_msgs/msg/Int32,91
1774012509.1549633,/metrics/pcl/fused/processing_ms,std_msgs/msg/Float32,379.50347900390625
1774012509.1558464,/metrics/pcl/fused/points_in,std_msgs/msg/Int32,51323
1774012509.9462779,/metrics/pcl/fused/detections_count,std_msgs/msg/Int32,82
1774012509.9464464,/metrics/pcl/fused/points_in,std_msgs/msg/Int32,51172
1774012509.9465442,/metrics/pcl/fused/processing_ms,std_msgs/msg/Float32,445.7269287109375
