stamp_sec,topic,type,value
1774013796.6816406,/metrics/pcl/fused/detections_count,std_msgs/msg/Int32,33
1774013796.6818554,/metrics/pcl/fused/points_in,std_msgs/msg/Int32,10661
1774013796.6819792,/metrics/pcl/fused/processing_ms,std_msgs/msg/Float32,35.26228713989258
1774013796.7662354,/metrics/pcl/fused/detections_count,std_msgs/msg/Int32,33
1774013796.766345,/metrics/pcl/fused/points_in,std_msgs/msg/Int32,10669
1774013796.766409,/metrics/pcl/fused/processing_ms,std_msgs/msg/Float32,33.51618576049805
1774013796.9549162,/metrics/pcl/fused/detections_count,std_msgs/msg/Int32,45
1774013796.955034,/metrics/pcl/fused/points_in,std_msgs/msg/Int32,21519
1774013796.955099,/metrics/pcl/fused/processing_ms,std_msgs/msg/Float32,66.65496826171875
1774013797.0647874,/metrics/pcl/fused/detections_count,std_msgs/msg/Int32,53
1774013797.064954,/metrics/pcl/fused/points_in,std_msgs/msg/Int32,22170
1774013797.0650525,/metrics/pcl/fused/processing_ms,std_msgs/msg/Float32,64.7734375
1774013797.1785672,/metrics/pcl/fused/detections_count,std_msgs/msg/Int32,44
1774013797.1786876,/metrics/pcl/fused/points_in,std_msgs/msg/Int32,21519
1774013797.1787481,/metrics/pcl/fused/processing_ms,std_msgs/msg/Float32,64.93868255615234
1774013797.2876637,/metrics/pcl/fused/detections_count,std_msgs/msg/Int32,40
1774013797.287791,/metrics/pcl/fused/points_in,std_msgs/msg/Int32,21522
1774013797.2878547,/metrics/pcl/fused/processing_ms,std_msgs/msg/Float32,64.89315795898438
1774013797.3969545,/metrics/pcl/fused/detections_count,std_msgs/msg/Int32,47
1774013797.3970685,/metrics/pcl/fused/points_in,std_msgs/msg/Int32,21537
1774013797.3971498,/metrics/pcl/fused/processing_ms,std_msgs/msg/Float32,64.1285400390625
1774013797.5070145,/metrics/pcl/fused/detections_count,std_msgs/msg/Int32,45
1774013797.5071223,/metrics/pcl/fused/points_in,std_msgs/msg/Int32,21457
1774013797.5071855,/metrics/pcl/fused/processing_ms,std_msgs/msg/Float32,65.80650329589844
1774013797.6143239,/metrics/pcl/fused/detections_count,std_msgs/msg/Int32,38
1774013797.6144848,/metrics/pcl/fused/points_in,std_msgs/msg/Int32,21447
1774013797.6145701,/metrics/pcl/fused/processing_ms,std_msgs/msg/Float32,63.71217727661133
1774013797.7265236,/metrics/pcl/fused/detections_count,std_msgs/msg/Int32,38
1774013797.7266448,/metrics/pcl/fused/points_in,std_msgs/msg/Int32,21450
1774013797.7267048,/metrics/pcl/fused/processing_ms,std_msgs/msg/Float32,65.46426391601562
1774013797.8384392,/metrics/pcl/fused/detections_count,std_msgs/msg/Int32,41
1774013797.8385723,/metrics/pcl/fused/points_in,std_msgs/msg/Int32,21444
1774013797.8386533,/metrics/pcl/fused/processing_ms,std_msgs/msg/Float32,66.37261199951172
1774013797.946544,/metrics/pcl/fused/detections_count,std_msgs/msg/Int32,39
1774013797.9466536,/metrics/pcl/fused/points_in,std_msgs/msg/Int32,21476
1774013797.946717,/metrics/pcl/fused/processing_ms,std_msgs/msg/Float32,65.64228057861328
1774013798.0548196,/metrics/pcl/fused/detections_count,std_msgs/msg/Int32,44
1774013798.0549464,/metrics/pcl/fused/points_in,std_msgs/msg/Int32,21496
1774013798.0550146,/metrics/pcl/fused/processing_ms,std_msgs/msg/Float32,65.90652465820312
1774013798.163584,/metrics/pcl/fused/detections_count,std_msgs/msg/Int32,43
1774013798.1636915,/metrics/pcl/fused/points_in,std_msgs/msg/Int32,21518
1774013798.1637535,/metrics/pcl/fused/processing_ms,std_msgs/msg/Float32,63.00920867919922
1774013798.2724628,/metrics/pcl/fused/detections_count,std_msgs/msg/Int32,40
1774013798.2725832,/metrics/pcl/fused/points_in,std_msgs/msg/Int32,21598
1774013798.2726445,/metrics/pcl/fused/processing_ms,std_msgs/msg/Float32,63.759368896484375
1774013798.3817258,/metrics/pcl/fused/detections_count,std_msgs/msg/Int32,40
1774013798.3818429,/metrics/pcl/fused/points_in,std_msgs/msg/Int32,21571
1774013798.3819175,/metrics/pcl/fused/processing_ms,std_msgs/msg/Float32,64.29774475097656
1774013798.4906707,/metrics/pcl/fused/detections_count,std_msgs/msg/Int32,46
1774013798.490787,/metrics/pcl/fused/points_in,std_msgs/msg/Int32,21597
1774013798.4908466,/metrics/pcl/fused/processing_ms,std_msgs/msg/Float32,63.89104080200195
1774013798.6017725,/metrics/pcl/fused/detections_count,std_msgs/msg/Int32,39
1774013798.6019163,/metrics/pcl/fused/points_in,std_msgs/msg/Int32,21625
1774013798.6020005,/metrics/pcl/fused/processing_ms,std_msgs/msg/Float32,66.54754638671875
1774013798.7109973,/metrics/pcl/fused/detections_count,std_msgs/msg/Int32,42
1774013798.711128,/metrics/pcl/fused/points_in,std_msgs/msg/Int32,21563
1774013798.7112103,/metrics/pcl/fused/processing_ms,std_msgs/msg/Float32,64.59587097167969
1774013798.8198004,/metrics/pcl/fused/detections_count,std_msgs/msg/Int32,45
1774013798.8199282,/metrics/pcl/fused/points_in,std_msgs/msg/Int32,21551
1774013798.8199952,/metrics/pcl/fused/processing_ms,std_msgs/msg/Float32,64.32109832763672
1774013798.9302123,/metrics/pcl/fused/detections_count,std_msgs/msg/Int32,45
1774013798.9303217,/metrics/pcl/fused/points_in,std_msgs/msg/Int32,21623
1774013798.9303846,/metrics/pcl/fused/processing_ms,std_msgs/msg/Float32,63.36892318725586
1774013799.0416944,/metrics/pcl/fused/detections_count,std_msgs/msg/Int32,41
1774013799.0418046,/metrics/pcl/fused/points_in,std_msgs/msg/Int32,21527
1774013799.041863,/metrics/pcl/fused/processing_ms,std_msgs/msg/Float32,65.16249084472656
1774013799.1501954,/metrics/pcl/fused/detections_count,std_msgs/msg/Int32,42
1774013799.1503115,/metrics/pcl/fused/points_in,std_msgs/msg/Int32,21520
1774013799.1503677,/metrics/pcl/fused/processing_ms,std_msgs/msg/Float32,62.76139831542969
1774013799.2631488,/metrics/pcl/fused/detections_count,std_msgs/msg/Int32,43
1774013799.263289,/metrics/pcl/fused/points_in,std_msgs/msg/Int32,21494
1774013799.2633543,/metrics/pcl/fused/processing_ms,std_msgs/msg/Float32,64.4527816772461
1774013799.4606326,/metrics/pcl/fused/detections_count,std_msgs/msg/Int32,51
1774013799.460752,/metrics/pcl/fused/points_in,std_msgs/msg/Int32,29796
1774013799.4608183,/metrics/pcl/fused/processing_ms,std_msgs/msg/Float32,95.8169937133789
1774013799.6283243,/metrics/pcl/fused/detections_count,std_msgs/msg/Int32,49
1774013799.6284506,/metrics/pcl/fused/points_in,std_msgs/msg/Int32,29791
1774013799.628521,/metrics/pcl/fused/processing_ms,std_msgs/msg/Float32,95.0587158203125
1774013799.7958403,/metrics/pcl/fused/detections_count,std_msgs/msg/Int32,55
1774013799.79597,/metrics/pcl/fused/points_in,std_msgs/msg/Int32,29788
1774013799.7960432,/metrics/pcl/fused/processing_ms,std_msgs/msg/Float32,94.83745574951172
1774013799.9669445,/metrics/pcl/fused/detections_count,std_msgs/msg/Int32,51
1774013799.967062,/metrics/pcl/fused/points_in,std_msgs/msg/Int32,29800
1774013799.967128,/metrics/pcl/fused/processing_ms,std_msgs/msg/Float32,97.19515228271484
1774013800.1325865,/metrics/pcl/fused/detections_count,std_msgs/msg/Int32,49
1774013800.1327007,/metrics/pcl/fused/points_in,std_msgs/msg/Int32,29739
1774013800.1327639,/metrics/pcl/fused/processing_ms,std_msgs/msg/Float32,94.32573699951172
1774013800.3024607,/metrics/pcl/fused/detections_count,std_msgs/msg/Int32,53
1774013800.3025775,/metrics/pcl/fused/points_in,std_msgs/msg/Int32,29758
1774013800.3026488,/metrics/pcl/fused/processing_ms,std_msgs/msg/Float32,95.09400177001953
1774013800.4714127,/metrics/pcl/fused/detections_count,std_msgs/msg/Int32,54
1774013800.4715335,/metrics/pcl/fused/points_in,std_msgs/msg/Int32,29858
1774013800.4715996,/metrics/pcl/fused/processing_ms,std_msgs/msg/Float32,96.1730728149414
1774013800.637357,/metrics/pcl/fused/detections_count,std_msgs/msg/Int32,56
1774013800.6374705,/metrics/pcl/fused/points_in,std_msgs/msg/Int32,29758
1774013800.637536,/metrics/pcl/fused/processing_ms,std_msgs/msg/Float32,94.75711059570312
1774013800.8056922,/metrics/pcl/fused/detections_count,std_msgs/msg/Int32,50
1774013800.8058112,/metrics/pcl/fused/points_in,std_msgs/msg/Int32,29893
1774013800.8059042,/metrics/pcl/fused/processing_ms,std_msgs/msg/Float32,96.47909545898438
1774013800.9761164,/metrics/pcl/fused/detections_count,std_msgs/msg/Int32,50
1774013800.9762301,/metrics/pcl/fused/points_in,std_msgs/msg/Int32,29873
1774013800.976308,/metrics/pcl/fused/processing_ms,std_msgs/msg/Float32,95.38001251220703
1774013801.143644,/metrics/pcl/fused/detections_count,std_msgs/msg/Int32,49
1774013801.1437578,/metrics/pcl/fused/points_in,std_msgs/msg/Int32,29852
1774013801.1438205,/metrics/pcl/fused/processing_ms,std_msgs/msg/Float32,94.18090057373047
1774013801.3099103,/metrics/pcl/fused/detections_count,std_msgs/msg/Int32,49
1774013801.3100345,/metrics/pcl/fused/points_in,std_msgs/msg/Int32,29886
1774013801.3100986,/metrics/pcl/fused/processing_ms,std_msgs/msg/Float32,93.6110610961914
1774013801.4806654,/metrics/pcl/fused/detections_count,std_msgs/msg/Int32,57
1774013801.4808216,/metrics/pcl/fused/points_in,std_msgs/msg/Int32,29753
1774013801.4809122,/metrics/pcl/fused/processing_ms,std_msgs/msg/Float32,94.00579071044922
1774013801.6664479,/metrics/pcl/fused/detections_count,std_msgs/msg/Int32,53
1774013801.6665611,/metrics/pcl/fused/points_in,std_msgs/msg/Int32,29713
1774013801.6666229,/metrics/pcl/fused/processing_ms,std_msgs/msg/Float32,105.57205200195312
1774013801.8365943,/metrics/pcl/fused/detections_count,std_msgs/msg/Int32,45
1774013801.83673,/metrics/pcl/fused/points_in,std_msgs/msg/Int32,29726
1774013801.8368003,/metrics/pcl/fused/processing_ms,std_msgs/msg/Float32,97.5336685180664
1774013802.553144,/metrics/pcl/fused/detections_count,std_msgs/msg/Int32,74
1774013802.5532649,/metrics/pcl/fused/points_in,std_msgs/msg/Int32,40170
1774013802.5533345,/metrics/pcl/fused/processing_ms,std_msgs/msg/Float32,133.0543670654297
1774013802.7823105,/metrics/pcl/fused/detections_count,std_msgs/msg/Int32,82
1774013802.7824275,/metrics/pcl/fused/points_in,std_msgs/msg/Int32,40035
1774013802.7824922,/metrics/pcl/fused/processing_ms,std_msgs/msg/Float32,133.6160430908203
1774013804.8286605,/metrics/pcl/fused/detections_count,std_msgs/msg/Int32,79
1774013804.8287814,/metrics/pcl/fused/points_in,std_msgs/msg/Int32,40230
1774013804.8288472,/metrics/pcl/fused/processing_ms,std_msgs/msg/Float32,126.93544006347656
1774013805.0632546,/metrics/pcl/fused/detections_count,std_msgs/msg/Int32,80
1774013805.0633764,/metrics/pcl/fused/points_in,std_msgs/msg/Int32,40014
1774013805.063443,/metrics/pcl/fused/processing_ms,std_msgs/msg/Float32,128.750244140625
1774013805.2955306,/metrics/pcl/fused/detections_count,std_msgs/msg/Int32,81
1774013805.295644,/metrics/pcl/fused/points_in,std_msgs/msg/Int32,40088
1774013805.295709,/metrics/pcl/fused/processing_ms,std_msgs/msg/Float32,127.572021484375
1774013805.7593896,/metrics/pcl/fused/detections_count,std_msgs/msg/Int32,82
1774013805.7595072,/metrics/pcl/fused/points_in,std_msgs/msg/Int32,40047
1774013805.7595727,/metrics/pcl/fused/processing_ms,std_msgs/msg/Float32,129.6717529296875
1774013805.9915547,/metrics/pcl/fused/detections_count,std_msgs/msg/Int32,72
1774013805.991747,/metrics/pcl/fused/points_in,std_msgs/msg/Int32,39965
1774013805.9918199,/metrics/pcl/fused/processing_ms,std_msgs/msg/Float32,130.7091064453125
1774013806.2259235,/metrics/pcl/fused/detections_count,std_msgs/msg/Int32,75
1774013806.2260466,/metrics/pcl/fused/points_in,std_msgs/msg/Int32,40079
1774013806.2261114,/metrics/pcl/fused/processing_ms,std_msgs/msg/Float32,128.64857482910156
1774013806.4557397,/metrics/pcl/fused/detections_count,std_msgs/msg/Int32,77
1774013806.4558563,/metrics/pcl/fused/points_in,std_msgs/msg/Int32,40088
1774013806.4559345,/metrics/pcl/fused/processing_ms,std_msgs/msg/Float32,128.119140625
1774013806.9201748,/metrics/pcl/fused/detections_count,std_msgs/msg/Int32,79
1774013806.9203463,/metrics/pcl/fused/points_in,std_msgs/msg/Int32,40055
1774013806.9204245,/metrics/pcl/fused/processing_ms,std_msgs/msg/Float32,128.42588806152344
1774013807.1527412,/metrics/pcl/fused/detections_count,std_msgs/msg/Int32,83
1774013807.152854,/metrics/pcl/fused/points_in,std_msgs/msg/Int32,40013
1774013807.1529374,/metrics/pcl/fused/processing_ms,std_msgs/msg/Float32,127.50487518310547
1774013807.3858387,/metrics/pcl/fused/detections_count,std_msgs/msg/Int32,75
1774013807.385987,/metrics/pcl/fused/points_in,std_msgs/msg/Int32,39986
1774013807.386062,/metrics/pcl/fused/processing_ms,std_msgs/msg/Float32,128.1473846435547
1774013807.6190984,/metrics/pcl/fused/detections_count,std_msgs/msg/Int32,73
1774013807.6192076,/metrics/pcl/fused/points_in,std_msgs/msg/Int32,40019
1774013807.6192825,/metrics/pcl/fused/processing_ms,std_msgs/msg/Float32,130.853271484375
1774013808.3122807,/metrics/pcl/fused/detections_count,std_msgs/msg/Int32,85
1774013808.3123894,/metrics/pcl/fused/points_in,std_msgs/msg/Int32,39774
1774013808.3124523,/metrics/pcl/fused/processing_ms,std_msgs/msg/Float32,121.4950942993164
1774013808.552883,/metrics/pcl/fused/detections_count,std_msgs/msg/Int32,82
1774013808.5530488,/metrics/pcl/fused/points_in,std_msgs/msg/Int32,39851
1774013808.5531344,/metrics/pcl/fused/processing_ms,std_msgs/msg/Float32,128.1958465576172
1774013809.0181727,/metrics/pcl/fused/detections_count,std_msgs/msg/Int32,75
1774013809.018312,/metrics/pcl/fused/points_in,std_msgs/msg/Int32,40166
1774013809.018365,/metrics/pcl/fused/processing_ms,std_msgs/msg/Float32,129.11581420898438
1774013809.2483733,/metrics/pcl/fused/detections_count,std_msgs/msg/Int32,75
1774013809.2484825,/metrics/pcl/fused/points_in,std_msgs/msg/Int32,40080
1774013809.2485487,/metrics/pcl/fused/processing_ms,std_msgs/msg/Float32,126.47647857666016
1774013809.485569,/metrics/pcl/fused/detections_count,std_msgs/msg/Int32,81
1774013809.485679,/metrics/pcl/fused/points_in,std_msgs/msg/Int32,40161
1774013809.4857438,/metrics/pcl/fused/processing_ms,std_msgs/msg/Float32,130.35992431640625
1774013809.9531121,/metrics/pcl/fused/detections_count,std_msgs/msg/Int32,82
1774013809.953227,/metrics/pcl/fused/points_in,std_msgs/msg/Int32,40207
1774013809.9532948,/metrics/pcl/fused/processing_ms,std_msgs/msg/Float32,132.09432983398438
1774013810.1932929,/metrics/pcl/fused/detections_count,std_msgs/msg/Int32,78
1774013810.1933978,/metrics/pcl/fused/points_in,std_msgs/msg/Int32,40195
1774013810.1934597,/metrics/pcl/fused/processing_ms,std_msgs/msg/Float32,131.02005004882812
1774013810.4266977,/metrics/pcl/fused/detections_count,std_msgs/msg/Int32,79
1774013810.426805,/metrics/pcl/fused/points_in,std_msgs/msg/Int32,40203
1774013810.4268603,/metrics/pcl/fused/processing_ms,std_msgs/msg/Float32,129.3494415283203
1774013810.6651149,/metrics/pcl/fused/detections_count,std_msgs/msg/Int32,80
1774013810.6652746,/metrics/pcl/fused/points_in,std_msgs/msg/Int32,40174
1774013810.6653383,/metrics/pcl/fused/processing_ms,std_msgs/msg/Float32,132.54881286621094
1774013811.1400614,/metrics/pcl/fused/detections_count,std_msgs/msg/Int32,77
1774013811.1401725,/metrics/pcl/fused/points_in,std_msgs/msg/Int32,39946
1774013811.1402354,/metrics/pcl/fused/processing_ms,std_msgs/msg/Float32,127.82850646972656
1774013811.3735597,/metrics/pcl/fused/detections_count,std_msgs/msg/Int32,76
1774013811.373669,/metrics/pcl/fused/points_in,std_msgs/msg/Int32,39766
1774013811.373731,/metrics/pcl/fused/processing_ms,std_msgs/msg/Float32,125.17914581298828
1774013811.8555408,/metrics/pcl/fused/detections_count,std_msgs/msg/Int32,81
1774013811.8556497,/metrics/pcl/fused/points_in,std_msgs/msg/Int32,39795
1774013811.8557143,/metrics/pcl/fused/processing_ms,std_msgs/msg/Float32,130.98104858398438
1774013812.102938,/metrics/pcl/fused/detections_count,std_msgs/msg/Int32,76
1774013812.103105,/metrics/pcl/fused/points_in,std_msgs/msg/Int32,40003
1774013812.1031694,/metrics/pcl/fused/processing_ms,std_msgs/msg/Float32,129.5983123779297
1774013812.5812929,/metrics/pcl/fused/detections_count,std_msgs/msg/Int32,73
1774013812.581393,/metrics/pcl/fused/points_in,std_msgs/msg/Int32,39800
1774013812.5814478,/metrics/pcl/fused/processing_ms,std_msgs/msg/Float32,127.53349304199219
1774013813.0784326,/metrics/pcl/fused/detections_count,std_msgs/msg/Int32,78
1774013813.0785427,/metrics/pcl/fused/points_in,std_msgs/msg/Int32,39930
1774013813.0786045,/metrics/pcl/fused/processing_ms,std_msgs/msg/Float32,127.13521575927734
1774013813.3182492,/metrics/pcl/fused/detections_count,std_msgs/msg/Int32,77
1774013813.3184133,/metrics/pcl/fused/points_in,std_msgs/msg/Int32,39881
1774013813.3185575,/metrics/pcl/fused/processing_ms,std_msgs/msg/Float32,125.59486389160156
1774013813.5583165,/metrics/pcl/fused/detections_count,std_msgs/msg/Int32,82
1774013813.5584958,/metrics/pcl/fused/points_in,std_msgs/msg/Int32,39632
1774013813.558552,/metrics/pcl/fused/processing_ms,std_msgs/msg/Float32,125.90400695800781
1774013813.8045359,/metrics/pcl/fused/detections_count,std_msgs/msg/Int32,78
1774013813.8046458,/metrics/pcl/fused/points_in,std_msgs/msg/Int32,39532
1774013813.8047144,/metrics/pcl/fused/processing_ms,std_msgs/msg/Float32,125.06464385986328
1774013814.0490556,/metrics/pcl/fused/detections_count,std_msgs/msg/Int32,82
1774013814.0491529,/metrics/pcl/fused/points_in,std_msgs/msg/Int32,39494
1774013814.049208,/metrics/pcl/fused/processing_ms,std_msgs/msg/Float32,128.71890258789062
1774013814.2908268,/metrics/pcl/fused/detections_count,std_msgs/msg/Int32,82
1774013814.2909539,/metrics/pcl/fused/points_in,std_msgs/msg/Int32,39827
1774013814.291021,/metrics/pcl/fused/processing_ms,std_msgs/msg/Float32,126.82805633544922
1774013814.5342982,/metrics/pcl/fused/detections_count,std_msgs/msg/Int32,83
1774013814.534438,/metrics/pcl/fused/processing_ms,std_msgs/msg/Float32,130.44320678710938
1774013814.5346804,/metrics/pcl/fused/points_in,std_msgs/msg/Int32,39882
1774013814.7629511,/metrics/pcl/fused/detections_count,std_msgs/msg/Int32,81
1774013814.7630599,/metrics/pcl/fused/points_in,std_msgs/msg/Int32,39803
1774013814.7631245,/metrics/pcl/fused/processing_ms,std_msgs/msg/Float32,126.38265228271484
1774013814.9859333,/metrics/pcl/fused/detections_count,std_msgs/msg/Int32,79
1774013814.9860377,/metrics/pcl/fused/points_in,std_msgs/msg/Int32,39494
1774013814.9860978,/metrics/pcl/fused/processing_ms,std_msgs/msg/Float32,124.33847045898438
1774013815.2055633,/metrics/pcl/fused/detections_count,std_msgs/msg/Int32,78
1774013815.205676,/metrics/pcl/fused/points_in,std_msgs/msg/Int32,39351
1774013815.2057393,/metrics/pcl/fused/processing_ms,std_msgs/msg/Float32,122.81622314453125
1774013815.6428611,/metrics/pcl/fused/detections_count,std_msgs/msg/Int32,79
1774013815.6429734,/metrics/pcl/fused/points_in,std_msgs/msg/Int32,39324
1774013815.6430287,/metrics/pcl/fused/processing_ms,std_msgs/msg/Float32,123.52162170410156
1774013815.8627772,/metrics/pcl/fused/detections_count,std_msgs/msg/Int32,83
1774013815.8629007,/metrics/pcl/fused/points_in,std_msgs/msg/Int32,39397
1774013815.862969,/metrics/pcl/fused/processing_ms,std_msgs/msg/Float32,123.72286987304688
1774013816.523232,/metrics/pcl/fused/detections_count,std_msgs/msg/Int32,78
1774013816.5233417,/metrics/pcl/fused/points_in,std_msgs/msg/Int32,39378
1774013816.5234053,/metrics/pcl/fused/processing_ms,std_msgs/msg/Float32,121.92182922363281
1774013816.748862,/metrics/pcl/fused/detections_count,std_msgs/msg/Int32,80
1774013816.7489855,/metrics/pcl/fused/points_in,std_msgs/msg/Int32,39605
1774013816.749053,/metrics/pcl/fused/processing_ms,std_msgs/msg/Float32,124.83584594726562
1774013816.9705591,/metrics/pcl/fused/detections_count,std_msgs/msg/Int32,77
1774013816.970669,/metrics/pcl/fused/points_in,std_msgs/msg/Int32,39369
1774013816.9707336,/metrics/pcl/fused/processing_ms,std_msgs/msg/Float32,123.72318267822266
1774013817.196358,/metrics/pcl/fused/detections_count,std_msgs/msg/Int32,81
1774013817.1964686,/metrics/pcl/fused/points_in,std_msgs/msg/Int32,39256
1774013817.1965306,/metrics/pcl/fused/processing_ms,std_msgs/msg/Float32,122.90127563476562
1774013817.8769867,/metrics/pcl/fused/detections_count,std_msgs/msg/Int32,77
1774013817.8771381,/metrics/pcl/fused/points_in,std_msgs/msg/Int32,39643
1774013817.8772528,/metrics/pcl/fused/processing_ms,std_msgs/msg/Float32,134.27867126464844
1774013818.3286552,/metrics/pcl/fused/detections_count,std_msgs/msg/Int32,79
1774013818.3287897,/metrics/pcl/fused/points_in,std_msgs/msg/Int32,39490
1774013818.3288538,/metrics/pcl/fused/processing_ms,std_msgs/msg/Float32,122.49186706542969
1774013818.7937179,/metrics/pcl/fused/detections_count,std_msgs/msg/Int32,78
1774013818.793982,/metrics/pcl/fused/points_in,std_msgs/msg/Int32,39699
1774013818.7941518,/metrics/pcl/fused/processing_ms,std_msgs/msg/Float32,127.67897033691406
1774013819.018648,/metrics/pcl/fused/detections_count,std_msgs/msg/Int32,77
1774013819.0187607,/metrics/pcl/fused/points_in,std_msgs/msg/Int32,39649
1774013819.0188293,/metrics/pcl/fused/processing_ms,std_msgs/msg/Float32,123.93780517578125
1774013819.241322,/metrics/pcl/fused/detections_count,std_msgs/msg/Int32,74
1774013819.2414386,/metrics/pcl/fused/points_in,std_msgs/msg/Int32,39681
1774013819.2415133,/metrics/pcl/fused/processing_ms,std_msgs/msg/Float32,123.16693878173828
1774013819.4651387,/metrics/pcl/fused/detections_count,std_msgs/msg/Int32,83
1774013819.4652462,/metrics/pcl/fused/points_in,std_msgs/msg/Int32,39589
1774013819.4653096,/metrics/pcl/fused/processing_ms,std_msgs/msg/Float32,124.94876098632812
1774013819.6924498,/metrics/pcl/fused/detections_count,std_msgs/msg/Int32,79
1774013819.6925597,/metrics/pcl/fused/points_in,std_msgs/msg/Int32,39460
1774013819.6926203,/metrics/pcl/fused/processing_ms,std_msgs/msg/Float32,124.1199951171875
1774013819.92257,/metrics/pcl/fused/detections_count,std_msgs/msg/Int32,79
1774013819.9226878,/metrics/pcl/fused/points_in,std_msgs/msg/Int32,39469
1774013819.922761,/metrics/pcl/fused/processing_ms,std_msgs/msg/Float32,124.53170013427734
1774013820.1529202,/metrics/pcl/fused/detections_count,std_msgs/msg/Int32,75
1774013820.1530209,/metrics/pcl/fused/points_in,std_msgs/msg/Int32,39574
1774013820.153097,/metrics/pcl/fused/processing_ms,std_msgs/msg/Float32,125.36666107177734
1774013820.6065474,/metrics/pcl/fused/detections_count,std_msgs/msg/Int32,81
1774013820.6066644,/metrics/pcl/fused/points_in,std_msgs/msg/Int32,39792
1774013820.6067297,/metrics/pcl/fused/processing_ms,std_msgs/msg/Float32,125.02165985107422
1774013820.8396142,/metrics/pcl/fused/detections_count,std_msgs/msg/Int32,77
1774013820.8397386,/metrics/pcl/fused/points_in,std_msgs/msg/Int32,39770
1774013820.839834,/metrics/pcl/fused/processing_ms,std_msgs/msg/Float32,127.90835571289062
1774013821.0660028,/metrics/pcl/fused/detections_count,std_msgs/msg/Int32,77
1774013821.066151,/metrics/pcl/fused/points_in,std_msgs/msg/Int32,39623
1774013821.0662036,/metrics/pcl/fused/processing_ms,std_msgs/msg/Float32,123.1141586303711
1774013821.2970996,/metrics/pcl/fused/detections_count,std_msgs/msg/Int32,80
1774013821.297221,/metrics/pcl/fused/points_in,std_msgs/msg/Int32,39667
1774013821.2972908,/metrics/pcl/fused/processing_ms,std_msgs/msg/Float32,124.93045806884766
1774013821.5249314,/metrics/pcl/fused/detections_count,std_msgs/msg/Int32,78
1774013821.5250547,/metrics/pcl/fused/points_in,std_msgs/msg/Int32,39528
1774013821.5251217,/metrics/pcl/fused/processing_ms,std_msgs/msg/Float32,122.1108627319336
1774013822.2278395,/metrics/pcl/fused/detections_count,std_msgs/msg/Int32,73
1774013822.2279701,/metrics/pcl/fused/points_in,std_msgs/msg/Int32,40484
1774013822.228036,/metrics/pcl/fused/processing_ms,std_msgs/msg/Float32,130.94447326660156
1774013822.4571576,/metrics/pcl/fused/detections_count,std_msgs/msg/Int32,72
1774013822.4572704,/metrics/pcl/fused/points_in,std_msgs/msg/Int32,40447
1774013822.4573345,/metrics/pcl/fused/processing_ms,std_msgs/msg/Float32,132.2599334716797
1774013822.6866775,/metrics/pcl/fused/detections_count,std_msgs/msg/Int32,76
1774013822.6867948,/metrics/pcl/fused/points_in,std_msgs/msg/Int32,40277
1774013822.6868634,/metrics/pcl/fused/processing_ms,std_msgs/msg/Float32,130.54354858398438
1774013823.1508145,/metrics/pcl/fused/detections_count,std_msgs/msg/Int32,77
1774013823.150937,/metrics/pcl/fused/points_in,std_msgs/msg/Int32,40284
1774013823.1510043,/metrics/pcl/fused/processing_ms,std_msgs/msg/Float32,130.83602905273438
1774013823.3782518,/metrics/pcl/fused/detections_count,std_msgs/msg/Int32,78
1774013823.37837,/metrics/pcl/fused/points_in,std_msgs/msg/Int32,40210
1774013823.3784387,/metrics/pcl/fused/processing_ms,std_msgs/msg/Float32,129.20298767089844
1774013825.0129793,/metrics/pcl/fused/detections_count,std_msgs/msg/Int32,77
1774013825.0131187,/metrics/pcl/fused/points_in,std_msgs/msg/Int32,40298
1774013825.0131984,/metrics/pcl/fused/processing_ms,std_msgs/msg/Float32,134.29913330078125
1774013825.2410622,/metrics/pcl/fused/detections_count,std_msgs/msg/Int32,68
1774013825.2411582,/metrics/pcl/fused/points_in,std_msgs/msg/Int32,40248
1774013825.2412164,/metrics/pcl/fused/processing_ms,std_msgs/msg/Float32,130.90597534179688
1774013825.4697993,/metrics/pcl/fused/detections_count,std_msgs/msg/Int32,73
1774013825.4699395,/metrics/pcl/fused/points_in,std_msgs/msg/Int32,40288
1774013825.4700131,/metrics/pcl/fused/processing_ms,std_msgs/msg/Float32,131.8101806640625
1774013825.6996443,/metrics/pcl/fused/detections_count,std_msgs/msg/Int32,78
1774013825.6997564,/metrics/pcl/fused/points_in,std_msgs/msg/Int32,40256
1774013825.6998212,/metrics/pcl/fused/processing_ms,std_msgs/msg/Float32,130.43820190429688
1774013825.9407692,/metrics/pcl/fused/detections_count,std_msgs/msg/Int32,84
1774013825.9408975,/metrics/pcl/fused/points_in,std_msgs/msg/Int32,40257
1774013825.9409673,/metrics/pcl/fused/processing_ms,std_msgs/msg/Float32,136.3985137939453
1774013826.1684434,/metrics/pcl/fused/detections_count,std_msgs/msg/Int32,81
1774013826.1685498,/metrics/pcl/fused/points_in,std_msgs/msg/Int32,40164
1774013826.1686192,/metrics/pcl/fused/processing_ms,std_msgs/msg/Float32,128.33615112304688
1774013826.6318293,/metrics/pcl/fused/detections_count,std_msgs/msg/Int32,72
1774013826.6319385,/metrics/pcl/fused/points_in,std_msgs/msg/Int32,40068
1774013826.6319964,/metrics/pcl/fused/processing_ms,std_msgs/msg/Float32,128.91281127929688
1774013826.867888,/metrics/pcl/fused/detections_count,std_msgs/msg/Int32,76
1774013826.8679993,/metrics/pcl/fused/points_in,std_msgs/msg/Int32,40111
1774013826.8680625,/metrics/pcl/fused/processing_ms,std_msgs/msg/Float32,130.66720581054688
1774013827.102167,/metrics/pcl/fused/detections_count,std_msgs/msg/Int32,73
1774013827.1022768,/metrics/pcl/fused/points_in,std_msgs/msg/Int32,40218
1774013827.1023383,/metrics/pcl/fused/processing_ms,std_msgs/msg/Float32,130.83457946777344
1774013827.569185,/metrics/pcl/fused/detections_count,std_msgs/msg/Int32,79
1774013827.5692945,/metrics/pcl/fused/points_in,std_msgs/msg/Int32,40045
1774013827.5693583,/metrics/pcl/fused/processing_ms,std_msgs/msg/Float32,132.73117065429688
1774013828.0339894,/metrics/pcl/fused/detections_count,std_msgs/msg/Int32,77
1774013828.0341,/metrics/pcl/fused/points_in,std_msgs/msg/Int32,40091
1774013828.0341625,/metrics/pcl/fused/processing_ms,std_msgs/msg/Float32,130.25100708007812
1774013828.267313,/metrics/pcl/fused/detections_count,std_msgs/msg/Int32,79
1774013828.2674234,/metrics/pcl/fused/points_in,std_msgs/msg/Int32,39997
1774013828.2674859,/metrics/pcl/fused/processing_ms,std_msgs/msg/Float32,128.93479919433594
1774013828.5007815,/metrics/pcl/fused/detections_count,std_msgs/msg/Int32,75
1774013828.5009053,/metrics/pcl/fused/points_in,std_msgs/msg/Int32,39985
1774013828.5009754,/metrics/pcl/fused/processing_ms,std_msgs/msg/Float32,128.35943603515625
1774013828.7346284,/metrics/pcl/fused/detections_count,std_msgs/msg/Int32,77
1774013828.7347481,/metrics/pcl/fused/points_in,std_msgs/msg/Int32,39998
1774013828.7348232,/metrics/pcl/fused/processing_ms,std_msgs/msg/Float32,126.29032897949219
1774013828.9714928,/metrics/pcl/fused/detections_count,std_msgs/msg/Int32,82
1774013828.971606,/metrics/pcl/fused/points_in,std_msgs/msg/Int32,40008
1774013828.9716694,/metrics/pcl/fused/processing_ms,std_msgs/msg/Float32,126.62955474853516
1774013829.4352477,/metrics/pcl/fused/detections_count,std_msgs/msg/Int32,80
1774013829.4353478,/metrics/pcl/fused/points_in,std_msgs/msg/Int32,39981
1774013829.4354088,/metrics/pcl/fused/processing_ms,std_msgs/msg/Float32,125.91635131835938
1774013829.671139,/metrics/pcl/fused/detections_count,std_msgs/msg/Int32,83
1774013829.6712797,/metrics/pcl/fused/points_in,std_msgs/msg/Int32,39737
1774013829.6713839,/metrics/pcl/fused/processing_ms,std_msgs/msg/Float32,127.10188293457031
1774013829.8990116,/metrics/pcl/fused/detections_count,std_msgs/msg/Int32,74
1774013829.8991158,/metrics/pcl/fused/points_in,std_msgs/msg/Int32,39661
1774013829.8991752,/metrics/pcl/fused/processing_ms,std_msgs/msg/Float32,123.96704864501953
1774013830.3675458,/metrics/pcl/fused/detections_count,std_msgs/msg/Int32,80
1774013830.3676548,/metrics/pcl/fused/points_in,std_msgs/msg/Int32,39797
1774013830.3677177,/metrics/pcl/fused/processing_ms,std_msgs/msg/Float32,125.32232666015625
1774013830.5999303,/metrics/pcl/fused/detections_count,std_msgs/msg/Int32,76
1774013830.6000695,/metrics/pcl/fused/points_in,std_msgs/msg/Int32,39598
1774013830.6001282,/metrics/pcl/fused/processing_ms,std_msgs/msg/Float32,121.88392639160156
1774013830.8350427,/metrics/pcl/fused/detections_count,std_msgs/msg/Int32,81
1774013830.8351812,/metrics/pcl/fused/points_in,std_msgs/msg/Int32,39539
1774013830.8352818,/metrics/pcl/fused/processing_ms,std_msgs/msg/Float32,123.27135467529297
1774013831.0731497,/metrics/pcl/fused/detections_count,std_msgs/msg/Int32,85
1774013831.0732772,/metrics/pcl/fused/processing_ms,std_msgs/msg/Float32,122.79900360107422
1774013831.0734892,/metrics/pcl/fused/points_in,std_msgs/msg/Int32,39469
1774013831.3075423,/metrics/pcl/fused/detections_count,std_msgs/msg/Int32,82
1774013831.3076518,/metrics/pcl/fused/points_in,std_msgs/msg/Int32,39351
1774013831.3077147,/metrics/pcl/fused/processing_ms,std_msgs/msg/Float32,120.76902770996094
1774013831.5438466,/metrics/pcl/fused/detections_count,std_msgs/msg/Int32,77
1774013831.5439765,/metrics/pcl/fused/points_in,std_msgs/msg/Int32,39319
1774013831.5440536,/metrics/pcl/fused/processing_ms,std_msgs/msg/Float32,123.82272338867188
1774013831.7761467,/metrics/pcl/fused/detections_count,std_msgs/msg/Int32,80
1774013831.7762656,/metrics/pcl/fused/points_in,std_msgs/msg/Int32,39405
1774013831.7763393,/metrics/pcl/fused/processing_ms,std_msgs/msg/Float32,122.90482330322266
1774013832.0126603,/metrics/pcl/fused/detections_count,std_msgs/msg/Int32,75
1774013832.0127697,/metrics/pcl/fused/points_in,std_msgs/msg/Int32,39415
1774013832.0128324,/metrics/pcl/fused/processing_ms,std_msgs/msg/Float32,123.81964874267578
1774013832.4785762,/metrics/pcl/fused/detections_count,std_msgs/msg/Int32,76
1774013832.478684,/metrics/pcl/fused/points_in,std_msgs/msg/Int32,39397
1774013832.478747,/metrics/pcl/fused/processing_ms,std_msgs/msg/Float32,125.31163024902344
1774013832.7156968,/metrics/pcl/fused/detections_count,std_msgs/msg/Int32,81
1774013832.7158108,/metrics/pcl/fused/points_in,std_msgs/msg/Int32,39369
1774013832.7158852,/metrics/pcl/fused/processing_ms,std_msgs/msg/Float32,124.17031860351562
1774013832.9528503,/metrics/pcl/fused/detections_count,std_msgs/msg/Int32,83
1774013832.952976,/metrics/pcl/fused/points_in,std_msgs/msg/Int32,39503
1774013832.9530406,/metrics/pcl/fused/processing_ms,std_msgs/msg/Float32,126.28801727294922
1774013833.1939764,/metrics/pcl/fused/detections_count,std_msgs/msg/Int32,78
1774013833.1940923,/metrics/pcl/fused/points_in,std_msgs/msg/Int32,39335
1774013833.194157,/metrics/pcl/fused/processing_ms,std_msgs/msg/Float32,123.24598693847656
1774013833.4308598,/metrics/pcl/fused/detections_count,std_msgs/msg/Int32,79
1774013833.4309833,/metrics/pcl/fused/points_in,std_msgs/msg/Int32,39334
1774013833.4310477,/metrics/pcl/fused/processing_ms,std_msgs/msg/Float32,122.3034439086914
1774013833.6781921,/metrics/pcl/fused/detections_count,std_msgs/msg/Int32,84
1774013833.6783214,/metrics/pcl/fused/points_in,std_msgs/msg/Int32,39327
1774013833.6783836,/metrics/pcl/fused/processing_ms,std_msgs/msg/Float32,123.6068115234375
1774013833.908845,/metrics/pcl/fused/detections_count,std_msgs/msg/Int32,82
1774013833.9089751,/metrics/pcl/fused/points_in,std_msgs/msg/Int32,39441
1774013833.9090414,/metrics/pcl/fused/processing_ms,std_msgs/msg/Float32,125.29865264892578
1774013834.1293209,/metrics/pcl/fused/detections_count,std_msgs/msg/Int32,78
1774013834.1294475,/metrics/pcl/fused/points_in,std_msgs/msg/Int32,39433
1774013834.129513,/metrics/pcl/fused/processing_ms,std_msgs/msg/Float32,122.9120101928711
1774013834.573641,/metrics/pcl/fused/detections_count,std_msgs/msg/Int32,79
1774013834.5737565,/metrics/pcl/fused/points_in,std_msgs/msg/Int32,39582
1774013834.5738204,/metrics/pcl/fused/processing_ms,std_msgs/msg/Float32,126.16064453125
1774013834.7907357,/metrics/pcl/fused/detections_count,std_msgs/msg/Int32,77
1774013834.7908669,/metrics/pcl/fused/points_in,std_msgs/msg/Int32,39510
1774013834.79095,/metrics/pcl/fused/processing_ms,std_msgs/msg/Float32,126.20394897460938
1774013835.015702,/metrics/pcl/fused/detections_count,std_msgs/msg/Int32,73
1774013835.015842,/metrics/pcl/fused/points_in,std_msgs/msg/Int32,39568
1774013835.0159338,/metrics/pcl/fused/processing_ms,std_msgs/msg/Float32,126.3866195678711
1774013835.2373502,/metrics/pcl/fused/detections_count,std_msgs/msg/Int32,84
1774013835.2374804,/metrics/pcl/fused/points_in,std_msgs/msg/Int32,39577
1774013835.2375443,/metrics/pcl/fused/processing_ms,std_msgs/msg/Float32,124.31842803955078
1774013835.4574623,/metrics/pcl/fused/detections_count,std_msgs/msg/Int32,83
1774013835.4575834,/metrics/pcl/fused/processing_ms,std_msgs/msg/Float32,124.95176696777344
1774013835.45782,/metrics/pcl/fused/points_in,std_msgs/msg/Int32,39521
1774013835.68251,/metrics/pcl/fused/detections_count,std_msgs/msg/Int32,81
1774013835.6826255,/metrics/pcl/fused/points_in,std_msgs/msg/Int32,39571
1774013835.6827128,/metrics/pcl/fused/processing_ms,std_msgs/msg/Float32,126.47357177734375
1774013835.9053714,/metrics/pcl/fused/detections_count,std_msgs/msg/Int32,80
1774013835.905482,/metrics/pcl/fused/points_in,std_msgs/msg/Int32,39528
1774013835.905547,/metrics/pcl/fused/processing_ms,std_msgs/msg/Float32,123.54021453857422
1774013836.1318116,/metrics/pcl/fused/detections_count,std_msgs/msg/Int32,76
1774013836.1319532,/metrics/pcl/fused/points_in,std_msgs/msg/Int32,39531
1774013836.1359196,/metrics/pcl/fused/processing_ms,std_msgs/msg/Float32,123.2699966430664
1774013836.352493,/metrics/pcl/fused/detections_count,std_msgs/msg/Int32,85
1774013836.352605,/metrics/pcl/fused/points_in,std_msgs/msg/Int32,39416
1774013836.352672,/metrics/pcl/fused/processing_ms,std_msgs/msg/Float32,121.5325927734375
1774013836.5819557,/metrics/pcl/fused/detections_count,std_msgs/msg/Int32,76
1774013836.582077,/metrics/pcl/fused/points_in,std_msgs/msg/Int32,39642
1774013836.58215,/metrics/pcl/fused/processing_ms,std_msgs/msg/Float32,125.6943588256836
1774013836.8083234,/metrics/pcl/fused/detections_count,std_msgs/msg/Int32,83
1774013836.8085208,/metrics/pcl/fused/points_in,std_msgs/msg/Int32,39556
1774013836.8085973,/metrics/pcl/fused/processing_ms,std_msgs/msg/Float32,125.66551208496094
1774013837.0329576,/metrics/pcl/fused/detections_count,std_msgs/msg/Int32,78
1774013837.0331118,/metrics/pcl/fused/points_in,std_msgs/msg/Int32,39664
1774013837.0331929,/metrics/pcl/fused/processing_ms,std_msgs/msg/Float32,126.22480010986328
1774013837.4836457,/metrics/pcl/fused/detections_count,std_msgs/msg/Int32,83
1774013837.4837615,/metrics/pcl/fused/points_in,std_msgs/msg/Int32,39549
1774013837.4838278,/metrics/pcl/fused/processing_ms,std_msgs/msg/Float32,125.1229019165039
1774013837.7069921,/metrics/pcl/fused/detections_count,std_msgs/msg/Int32,77
1774013837.707105,/metrics/pcl/fused/points_in,std_msgs/msg/Int32,39517
1774013837.7071698,/metrics/pcl/fused/processing_ms,std_msgs/msg/Float32,124.3150863647461
1774013837.93326,/metrics/pcl/fused/detections_count,std_msgs/msg/Int32,78
1774013837.9334116,/metrics/pcl/fused/points_in,std_msgs/msg/Int32,39474
1774013837.9335124,/metrics/pcl/fused/processing_ms,std_msgs/msg/Float32,125.875732421875
1774013838.3837128,/metrics/pcl/fused/detections_count,std_msgs/msg/Int32,83
1774013838.383832,/metrics/pcl/fused/points_in,std_msgs/msg/Int32,39705
1774013838.3839269,/metrics/pcl/fused/processing_ms,std_msgs/msg/Float32,123.77889251708984
1774013838.6102378,/metrics/pcl/fused/detections_count,std_msgs/msg/Int32,78
1774013838.6103618,/metrics/pcl/fused/points_in,std_msgs/msg/Int32,39537
1774013838.610425,/metrics/pcl/fused/processing_ms,std_msgs/msg/Float32,126.35780334472656
1774013839.0609155,/metrics/pcl/fused/detections_count,std_msgs/msg/Int32,80
1774013839.061049,/metrics/pcl/fused/points_in,std_msgs/msg/Int32,39601
1774013839.061132,/metrics/pcl/fused/processing_ms,std_msgs/msg/Float32,126.07778930664062
1774013839.2857108,/metrics/pcl/fused/detections_count,std_msgs/msg/Int32,76
1774013839.2858381,/metrics/pcl/fused/points_in,std_msgs/msg/Int32,39558
1774013839.2859175,/metrics/pcl/fused/processing_ms,std_msgs/msg/Float32,125.03772735595703
1774013839.5151994,/metrics/pcl/fused/detections_count,std_msgs/msg/Int32,81
1774013839.5153127,/metrics/pcl/fused/points_in,std_msgs/msg/Int32,39505
1774013839.515375,/metrics/pcl/fused/processing_ms,std_msgs/msg/Float32,129.24636840820312
1774013839.7409775,/metrics/pcl/fused/detections_count,std_msgs/msg/Int32,77
1774013839.7410758,/metrics/pcl/fused/points_in,std_msgs/msg/Int32,39598
1774013839.7411296,/metrics/pcl/fused/processing_ms,std_msgs/msg/Float32,127.53941345214844
1774013839.971142,/metrics/pcl/fused/detections_count,std_msgs/msg/Int32,73
1774013839.9712882,/metrics/pcl/fused/points_in,std_msgs/msg/Int32,39565
1774013839.9713924,/metrics/pcl/fused/processing_ms,std_msgs/msg/Float32,130.71229553222656
1774013840.2036312,/metrics/pcl/fused/detections_count,std_msgs/msg/Int32,80
1774013840.203739,/metrics/pcl/fused/points_in,std_msgs/msg/Int32,39479
1774013840.203801,/metrics/pcl/fused/processing_ms,std_msgs/msg/Float32,130.35504150390625
1774013840.4300714,/metrics/pcl/fused/detections_count,std_msgs/msg/Int32,84
1774013840.4301817,/metrics/pcl/fused/points_in,std_msgs/msg/Int32,39499
1774013840.430247,/metrics/pcl/fused/processing_ms,std_msgs/msg/Float32,126.77444458007812
1774013840.6574829,/metrics/pcl/fused/detections_count,std_msgs/msg/Int32,78
1774013840.657602,/metrics/pcl/fused/points_in,std_msgs/msg/Int32,39587
1774013840.6576755,/metrics/pcl/fused/processing_ms,std_msgs/msg/Float32,126.0002212524414
1774013840.8875859,/metrics/pcl/fused/detections_count,std_msgs/msg/Int32,74
1774013840.8877125,/metrics/pcl/fused/points_in,std_msgs/msg/Int32,39480
1774013840.8877757,/metrics/pcl/fused/processing_ms,std_msgs/msg/Float32,127.24787139892578
1774013841.1169791,/metrics/pcl/fused/detections_count,std_msgs/msg/Int32,75
1774013841.117108,/metrics/pcl/fused/points_in,std_msgs/msg/Int32,39576
1774013841.1171756,/metrics/pcl/fused/processing_ms,std_msgs/msg/Float32,125.99481201171875
1774013841.3447514,/metrics/pcl/fused/detections_count,std_msgs/msg/Int32,75
1774013841.3449166,/metrics/pcl/fused/points_in,std_msgs/msg/Int32,39750
1774013841.345005,/metrics/pcl/fused/processing_ms,std_msgs/msg/Float32,125.34505462646484
1774013841.5732028,/metrics/pcl/fused/detections_count,std_msgs/msg/Int32,77
1774013841.5733218,/metrics/pcl/fused/points_in,std_msgs/msg/Int32,39865
1774013841.573387,/metrics/pcl/fused/processing_ms,std_msgs/msg/Float32,127.31710815429688
1774013841.8042216,/metrics/pcl/fused/detections_count,std_msgs/msg/Int32,84
1774013841.8043172,/metrics/pcl/fused/points_in,std_msgs/msg/Int32,39898
1774013841.8043714,/metrics/pcl/fused/processing_ms,std_msgs/msg/Float32,127.98258972167969
1774013842.263618,/metrics/pcl/fused/detections_count,std_msgs/msg/Int32,84
1774013842.2637274,/metrics/pcl/fused/points_in,std_msgs/msg/Int32,39955
1774013842.2637901,/metrics/pcl/fused/processing_ms,std_msgs/msg/Float32,127.42911529541016
1774013842.496292,/metrics/pcl/fused/detections_count,std_msgs/msg/Int32,77
1774013842.4964123,/metrics/pcl/fused/points_in,std_msgs/msg/Int32,40007
1774013842.4964664,/metrics/pcl/fused/processing_ms,std_msgs/msg/Float32,130.0419921875
1774013842.7255447,/metrics/pcl/fused/detections_count,std_msgs/msg/Int32,75
1774013842.7256749,/metrics/pcl/fused/points_in,std_msgs/msg/Int32,39845
1774013842.7257364,/metrics/pcl/fused/processing_ms,std_msgs/msg/Float32,128.0232391357422
1774013842.9609509,/metrics/pcl/fused/detections_count,std_msgs/msg/Int32,75
1774013842.9610667,/metrics/pcl/fused/points_in,std_msgs/msg/Int32,39736
1774013842.961124,/metrics/pcl/fused/processing_ms,std_msgs/msg/Float32,128.9152374267578
1774013843.1938307,/metrics/pcl/fused/detections_count,std_msgs/msg/Int32,80
1774013843.1939561,/metrics/pcl/fused/points_in,std_msgs/msg/Int32,39733
1774013843.194024,/metrics/pcl/fused/processing_ms,std_msgs/msg/Float32,127.1435775756836
1774013843.655491,/metrics/pcl/fused/detections_count,std_msgs/msg/Int32,77
1774013843.655704,/metrics/pcl/fused/points_in,std_msgs/msg/Int32,39654
1774013843.6557927,/metrics/pcl/fused/processing_ms,std_msgs/msg/Float32,129.37982177734375
1774013844.1198058,/metrics/pcl/fused/detections_count,std_msgs/msg/Int32,74
1774013844.1199367,/metrics/pcl/fused/points_in,std_msgs/msg/Int32,39766
1774013844.1200058,/metrics/pcl/fused/processing_ms,std_msgs/msg/Float32,126.51146697998047
1774013844.3527496,/metrics/pcl/fused/detections_count,std_msgs/msg/Int32,80
1774013844.352868,/metrics/pcl/fused/points_in,std_msgs/msg/Int32,39832
1774013844.3529515,/metrics/pcl/fused/processing_ms,std_msgs/msg/Float32,126.93123626708984
1774013844.5864007,/metrics/pcl/fused/detections_count,std_msgs/msg/Int32,80
1774013844.58651,/metrics/pcl/fused/points_in,std_msgs/msg/Int32,39827
1774013844.5865657,/metrics/pcl/fused/processing_ms,std_msgs/msg/Float32,127.2511978149414
1774013844.822954,/metrics/pcl/fused/detections_count,std_msgs/msg/Int32,78
1774013844.8230712,/metrics/pcl/fused/points_in,std_msgs/msg/Int32,39854
1774013844.8231373,/metrics/pcl/fused/processing_ms,std_msgs/msg/Float32,128.44700622558594
1774013845.2877715,/metrics/pcl/fused/detections_count,std_msgs/msg/Int32,80
1774013845.2879114,/metrics/pcl/fused/points_in,std_msgs/msg/Int32,39635
1774013845.287983,/metrics/pcl/fused/processing_ms,std_msgs/msg/Float32,123.57671356201172
1774013845.526509,/metrics/pcl/fused/detections_count,std_msgs/msg/Int32,77
1774013845.5266273,/metrics/pcl/fused/points_in,std_msgs/msg/Int32,39612
1774013845.5266998,/metrics/pcl/fused/processing_ms,std_msgs/msg/Float32,127.74441528320312
1774013846.0022364,/metrics/pcl/fused/detections_count,std_msgs/msg/Int32,77
1774013846.0023513,/metrics/pcl/fused/points_in,std_msgs/msg/Int32,39954
1774013846.0024161,/metrics/pcl/fused/processing_ms,std_msgs/msg/Float32,130.17239379882812
1774013846.236018,/metrics/pcl/fused/detections_count,std_msgs/msg/Int32,85
1774013846.236131,/metrics/pcl/fused/points_in,std_msgs/msg/Int32,40002
1774013846.2361958,/metrics/pcl/fused/processing_ms,std_msgs/msg/Float32,128.60333251953125
1774013846.466465,/metrics/pcl/fused/detections_count,std_msgs/msg/Int32,79
1774013846.4665756,/metrics/pcl/fused/points_in,std_msgs/msg/Int32,39814
1774013846.4666386,/metrics/pcl/fused/processing_ms,std_msgs/msg/Float32,127.13248443603516
1774013846.6992538,/metrics/pcl/fused/detections_count,std_msgs/msg/Int32,79
1774013846.6993673,/metrics/pcl/fused/points_in,std_msgs/msg/Int32,39592
1774013846.699431,/metrics/pcl/fused/processing_ms,std_msgs/msg/Float32,124.67462158203125
1774013846.9307957,/metrics/pcl/fused/detections_count,std_msgs/msg/Int32,81
1774013846.9309218,/metrics/pcl/fused/points_in,std_msgs/msg/Int32,39547
1774013846.9309907,/metrics/pcl/fused/processing_ms,std_msgs/msg/Float32,123.95722961425781
1774013847.3942707,/metrics/pcl/fused/detections_count,std_msgs/msg/Int32,76
1774013847.3943808,/metrics/pcl/fused/points_in,std_msgs/msg/Int32,39275
1774013847.3944442,/metrics/pcl/fused/processing_ms,std_msgs/msg/Float32,122.98887634277344
1774013848.0918534,/metrics/pcl/fused/detections_count,std_msgs/msg/Int32,78
1774013848.0919778,/metrics/pcl/fused/points_in,std_msgs/msg/Int32,39511
1774013848.0920417,/metrics/pcl/fused/processing_ms,std_msgs/msg/Float32,123.90940856933594
1774013848.5617793,/metrics/pcl/fused/detections_count,std_msgs/msg/Int32,79
1774013848.5619013,/metrics/pcl/fused/points_in,std_msgs/msg/Int32,39707
1774013848.5619707,/metrics/pcl/fused/processing_ms,std_msgs/msg/Float32,125.69378662109375
1774013848.79584,/metrics/pcl/fused/detections_count,std_msgs/msg/Int32,82
1774013848.7959564,/metrics/pcl/fused/points_in,std_msgs/msg/Int32,39801
1774013848.7960093,/metrics/pcl/fused/processing_ms,std_msgs/msg/Float32,126.72057342529297
1774013849.0278265,/metrics/pcl/fused/detections_count,std_msgs/msg/Int32,76
1774013849.0279477,/metrics/pcl/fused/points_in,std_msgs/msg/Int32,39687
1774013849.0280159,/metrics/pcl/fused/processing_ms,std_msgs/msg/Float32,124.42645263671875
1774013849.2627578,/metrics/pcl/fused/detections_count,std_msgs/msg/Int32,77
1774013849.262868,/metrics/pcl/fused/points_in,std_msgs/msg/Int32,39661
1774013849.2629435,/metrics/pcl/fused/processing_ms,std_msgs/msg/Float32,125.13409423828125
1774013849.7333386,/metrics/pcl/fused/detections_count,std_msgs/msg/Int32,80
1774013849.7334528,/metrics/pcl/fused/points_in,std_msgs/msg/Int32,39726
1774013849.7335165,/metrics/pcl/fused/processing_ms,std_msgs/msg/Float32,126.40779113769531
1774013849.970069,/metrics/pcl/fused/detections_count,std_msgs/msg/Int32,76
1774013849.9701817,/metrics/pcl/fused/points_in,std_msgs/msg/Int32,39717
1774013849.9702458,/metrics/pcl/fused/processing_ms,std_msgs/msg/Float32,125.41915130615234
1774013850.2033584,/metrics/pcl/fused/detections_count,std_msgs/msg/Int32,77
1774013850.2034702,/metrics/pcl/fused/points_in,std_msgs/msg/Int32,39752
1774013850.2035322,/metrics/pcl/fused/processing_ms,std_msgs/msg/Float32,124.0806884765625
1774013850.4389894,/metrics/pcl/fused/detections_count,std_msgs/msg/Int32,79
1774013850.4391065,/metrics/pcl/fused/points_in,std_msgs/msg/Int32,39782
1774013850.4391704,/metrics/pcl/fused/processing_ms,std_msgs/msg/Float32,126.37496948242188
1774013850.6721747,/metrics/pcl/fused/detections_count,std_msgs/msg/Int32,83
1774013850.6722949,/metrics/pcl/fused/points_in,std_msgs/msg/Int32,39798
1774013850.6723695,/metrics/pcl/fused/processing_ms,std_msgs/msg/Float32,123.1030044555664
1774013851.1420865,/metrics/pcl/fused/detections_count,std_msgs/msg/Int32,84
1774013851.1421883,/metrics/pcl/fused/points_in,std_msgs/msg/Int32,39658
1774013851.1422398,/metrics/pcl/fused/processing_ms,std_msgs/msg/Float32,122.1742935180664
1774013851.8430593,/metrics/pcl/fused/detections_count,std_msgs/msg/Int32,80
1774013851.8431575,/metrics/pcl/fused/points_in,std_msgs/msg/Int32,38131
1774013851.8432097,/metrics/pcl/fused/processing_ms,std_msgs/msg/Float32,119.38800048828125
1774013852.0810676,/metrics/pcl/fused/detections_count,std_msgs/msg/Int32,81
1774013852.081161,/metrics/pcl/fused/points_in,std_msgs/msg/Int32,37465
1774013852.0812137,/metrics/pcl/fused/processing_ms,std_msgs/msg/Float32,120.92774963378906
1774013852.560918,/metrics/pcl/fused/detections_count,std_msgs/msg/Int32,79
1774013852.5610497,/metrics/pcl/fused/points_in,std_msgs/msg/Int32,38640
1774013852.5611312,/metrics/pcl/fused/processing_ms,std_msgs/msg/Float32,129.7581024169922
1774013853.025564,/metrics/pcl/fused/detections_count,std_msgs/msg/Int32,79
1774013853.0256858,/metrics/pcl/fused/points_in,std_msgs/msg/Int32,38138
1774013853.025759,/metrics/pcl/fused/processing_ms,std_msgs/msg/Float32,122.62386322021484
1774013853.2533681,/metrics/pcl/fused/detections_count,std_msgs/msg/Int32,75
1774013853.253485,/metrics/pcl/fused/points_in,std_msgs/msg/Int32,38395
1774013853.2535532,/metrics/pcl/fused/processing_ms,std_msgs/msg/Float32,122.96070861816406
1774013853.4790516,/metrics/pcl/fused/detections_count,std_msgs/msg/Int32,75
1774013853.4791696,/metrics/pcl/fused/points_in,std_msgs/msg/Int32,38630
1774013853.479236,/metrics/pcl/fused/processing_ms,std_msgs/msg/Float32,126.10514831542969
1774013854.1719275,/metrics/pcl/fused/detections_count,std_msgs/msg/Int32,74
1774013854.1720347,/metrics/pcl/fused/points_in,std_msgs/msg/Int32,42418
1774013854.1721022,/metrics/pcl/fused/processing_ms,std_msgs/msg/Float32,148.11782836914062
1774013854.3924878,/metrics/pcl/fused/detections_count,std_msgs/msg/Int32,79
1774013854.3925953,/metrics/pcl/fused/points_in,std_msgs/msg/Int32,42352
1774013854.3926673,/metrics/pcl/fused/processing_ms,std_msgs/msg/Float32,141.0648956298828
1774013854.621689,/metrics/pcl/fused/detections_count,std_msgs/msg/Int32,76
1774013854.6217926,/metrics/pcl/fused/points_in,std_msgs/msg/Int32,42477
1774013854.6218476,/metrics/pcl/fused/processing_ms,std_msgs/msg/Float32,144.37986755371094
1774013854.8494806,/metrics/pcl/fused/detections_count,std_msgs/msg/Int32,85
1774013854.849614,/metrics/pcl/fused/points_in,std_msgs/msg/Int32,42411
1774013854.8497179,/metrics/pcl/fused/processing_ms,std_msgs/msg/Float32,144.3619384765625
1774013855.0762255,/metrics/pcl/fused/detections_count,std_msgs/msg/Int32,81
1774013855.0763326,/metrics/pcl/fused/points_in,std_msgs/msg/Int32,42485
1774013855.0763953,/metrics/pcl/fused/processing_ms,std_msgs/msg/Float32,142.97406005859375
1774013855.301667,/metrics/pcl/fused/detections_count,std_msgs/msg/Int32,79
1774013855.30178,/metrics/pcl/fused/points_in,std_msgs/msg/Int32,42493
1774013855.301856,/metrics/pcl/fused/processing_ms,std_msgs/msg/Float32,141.16201782226562
1774013855.7514415,/metrics/pcl/fused/detections_count,std_msgs/msg/Int32,81
1774013855.7515504,/metrics/pcl/fused/points_in,std_msgs/msg/Int32,42529
1774013855.7516267,/metrics/pcl/fused/processing_ms,std_msgs/msg/Float32,141.1226348876953
1774013855.9800756,/metrics/pcl/fused/detections_count,std_msgs/msg/Int32,79
1774013855.9801836,/metrics/pcl/fused/points_in,std_msgs/msg/Int32,42437
1774013855.980247,/metrics/pcl/fused/processing_ms,std_msgs/msg/Float32,142.42178344726562
1774013856.2080715,/metrics/pcl/fused/detections_count,std_msgs/msg/Int32,85
1774013856.2081802,/metrics/pcl/fused/points_in,std_msgs/msg/Int32,42442
1774013856.2082446,/metrics/pcl/fused/processing_ms,std_msgs/msg/Float32,142.22764587402344
1774013856.6636853,/metrics/pcl/fused/detections_count,std_msgs/msg/Int32,87
1774013856.663788,/metrics/pcl/fused/points_in,std_msgs/msg/Int32,42464
1774013856.663842,/metrics/pcl/fused/processing_ms,std_msgs/msg/Float32,142.39358520507812
1774013856.895918,/metrics/pcl/fused/detections_count,std_msgs/msg/Int32,86
1774013856.896013,/metrics/pcl/fused/points_in,std_msgs/msg/Int32,42362
1774013856.8960655,/metrics/pcl/fused/processing_ms,std_msgs/msg/Float32,143.5645294189453
1774013857.1249046,/metrics/pcl/fused/detections_count,std_msgs/msg/Int32,77
1774013857.1250207,/metrics/pcl/fused/points_in,std_msgs/msg/Int32,42332
1774013857.1250815,/metrics/pcl/fused/processing_ms,std_msgs/msg/Float32,143.12173461914062
1774013857.5661008,/metrics/pcl/fused/detections_count,std_msgs/msg/Int32,66
1774013857.5662122,/metrics/pcl/fused/processing_ms,std_msgs/msg/Float32,133.6708221435547
1774013857.5664008,/metrics/pcl/fused/points_in,std_msgs/msg/Int32,39567
1774013857.7931077,/metrics/pcl/fused/detections_count,std_msgs/msg/Int32,75
1774013857.793218,/metrics/pcl/fused/points_in,std_msgs/msg/Int32,38627
1774013857.7932825,/metrics/pcl/fused/processing_ms,std_msgs/msg/Float32,133.9089813232422
1774013858.0204153,/metrics/pcl/fused/detections_count,std_msgs/msg/Int32,81
1774013858.020532,/metrics/pcl/fused/points_in,std_msgs/msg/Int32,38845
1774013858.020599,/metrics/pcl/fused/processing_ms,std_msgs/msg/Float32,134.79261779785156
1774013858.7082574,/metrics/pcl/fused/detections_count,std_msgs/msg/Int32,77
1774013858.7083669,/metrics/pcl/fused/points_in,std_msgs/msg/Int32,40075
1774013858.7084312,/metrics/pcl/fused/processing_ms,std_msgs/msg/Float32,138.38809204101562
1774013858.9406676,/metrics/pcl/fused/detections_count,std_msgs/msg/Int32,84
1774013858.9407814,/metrics/pcl/fused/points_in,std_msgs/msg/Int32,40481
1774013858.9408379,/metrics/pcl/fused/processing_ms,std_msgs/msg/Float32,141.75367736816406
1774013859.3967338,/metrics/pcl/fused/detections_count,std_msgs/msg/Int32,79
1774013859.3968403,/metrics/pcl/fused/points_in,std_msgs/msg/Int32,41079
1774013859.3969162,/metrics/pcl/fused/processing_ms,std_msgs/msg/Float32,139.05227661132812
1774013859.859701,/metrics/pcl/fused/detections_count,std_msgs/msg/Int32,78
1774013859.8597991,/metrics/pcl/fused/points_in,std_msgs/msg/Int32,41514
1774013859.8598669,/metrics/pcl/fused/processing_ms,std_msgs/msg/Float32,140.5390167236328
1774013860.0944374,/metrics/pcl/fused/detections_count,std_msgs/msg/Int32,81
1774013860.0945342,/metrics/pcl/fused/points_in,std_msgs/msg/Int32,41558
1774013860.0945866,/metrics/pcl/fused/processing_ms,std_msgs/msg/Float32,141.13026428222656
1774013860.3259618,/metrics/pcl/fused/detections_count,std_msgs/msg/Int32,82
1774013860.3260736,/metrics/pcl/fused/points_in,std_msgs/msg/Int32,41819
1774013860.3261373,/metrics/pcl/fused/processing_ms,std_msgs/msg/Float32,139.92233276367188
1774013860.5560029,/metrics/pcl/fused/detections_count,std_msgs/msg/Int32,80
1774013860.5561175,/metrics/pcl/fused/points_in,std_msgs/msg/Int32,41870
1774013860.5561852,/metrics/pcl/fused/processing_ms,std_msgs/msg/Float32,140.2451171875
1774013860.797147,/metrics/pcl/fused/detections_count,std_msgs/msg/Int32,78
1774013860.7972417,/metrics/pcl/fused/points_in,std_msgs/msg/Int32,41929
1774013860.7972953,/metrics/pcl/fused/processing_ms,std_msgs/msg/Float32,141.22900390625
1774013861.0297182,/metrics/pcl/fused/detections_count,std_msgs/msg/Int32,88
1774013861.0298338,/metrics/pcl/fused/points_in,std_msgs/msg/Int32,41917
1774013861.0299132,/metrics/pcl/fused/processing_ms,std_msgs/msg/Float32,136.98483276367188
1774013861.266756,/metrics/pcl/fused/detections_count,std_msgs/msg/Int32,74
1774013861.266865,/metrics/pcl/fused/points_in,std_msgs/msg/Int32,42050
1774013861.266944,/metrics/pcl/fused/processing_ms,std_msgs/msg/Float32,140.1240234375
1774013861.5009916,/metrics/pcl/fused/detections_count,std_msgs/msg/Int32,74
1774013861.5011017,/metrics/pcl/fused/points_in,std_msgs/msg/Int32,42004
1774013861.5011656,/metrics/pcl/fused/processing_ms,std_msgs/msg/Float32,139.89300537109375
1774013861.7370193,/metrics/pcl/fused/detections_count,std_msgs/msg/Int32,80
1774013861.7371218,/metrics/pcl/fused/points_in,std_msgs/msg/Int32,42000
1774013861.7371838,/metrics/pcl/fused/processing_ms,std_msgs/msg/Float32,143.20330810546875
1774013861.9712906,/metrics/pcl/fused/detections_count,std_msgs/msg/Int32,79
1774013861.971411,/metrics/pcl/fused/points_in,std_msgs/msg/Int32,41942
1774013861.9714832,/metrics/pcl/fused/processing_ms,std_msgs/msg/Float32,140.2764434814453
1774013862.2052119,/metrics/pcl/fused/detections_count,std_msgs/msg/Int32,84
1774013862.205324,/metrics/pcl/fused/points_in,std_msgs/msg/Int32,42166
1774013862.2053866,/metrics/pcl/fused/processing_ms,std_msgs/msg/Float32,138.827392578125
1774013862.4385755,/metrics/pcl/fused/detections_count,std_msgs/msg/Int32,85
1774013862.438691,/metrics/pcl/fused/points_in,std_msgs/msg/Int32,42124
1774013862.4387534,/metrics/pcl/fused/processing_ms,std_msgs/msg/Float32,140.47085571289062
1774013862.6719415,/metrics/pcl/fused/detections_count,std_msgs/msg/Int32,74
1774013862.6720543,/metrics/pcl/fused/points_in,std_msgs/msg/Int32,42189
1774013862.6721275,/metrics/pcl/fused/processing_ms,std_msgs/msg/Float32,141.0787811279297
1774013862.9095116,/metrics/pcl/fused/detections_count,std_msgs/msg/Int32,81
1774013862.9096243,/metrics/pcl/fused/points_in,std_msgs/msg/Int32,42140
1774013862.9096866,/metrics/pcl/fused/processing_ms,std_msgs/msg/Float32,140.44017028808594
1774013863.3757062,/metrics/pcl/fused/detections_count,std_msgs/msg/Int32,72
1774013863.3758173,/metrics/pcl/fused/points_in,std_msgs/msg/Int32,42366
1774013863.3758936,/metrics/pcl/fused/processing_ms,std_msgs/msg/Float32,141.7677459716797
1774013863.8525984,/metrics/pcl/fused/detections_count,std_msgs/msg/Int32,80
1774013863.8526947,/metrics/pcl/fused/points_in,std_msgs/msg/Int32,42293
1774013863.852747,/metrics/pcl/fused/processing_ms,std_msgs/msg/Float32,147.51870727539062
1774013864.0882232,/metrics/pcl/fused/detections_count,std_msgs/msg/Int32,81
1774013864.0883224,/metrics/pcl/fused/points_in,std_msgs/msg/Int32,42302
1774013864.0883753,/metrics/pcl/fused/processing_ms,std_msgs/msg/Float32,142.25509643554688
1774013864.5584478,/metrics/pcl/fused/detections_count,std_msgs/msg/Int32,83
1774013864.5586135,/metrics/pcl/fused/points_in,std_msgs/msg/Int32,42292
1774013864.558702,/metrics/pcl/fused/processing_ms,std_msgs/msg/Float32,142.70533752441406
1774013864.7986474,/metrics/pcl/fused/detections_count,std_msgs/msg/Int32,80
1774013864.79876,/metrics/pcl/fused/points_in,std_msgs/msg/Int32,42254
1774013864.798822,/metrics/pcl/fused/processing_ms,std_msgs/msg/Float32,141.5917205810547
1774013865.038002,/metrics/pcl/fused/detections_count,std_msgs/msg/Int32,82
1774013865.0381024,/metrics/pcl/fused/points_in,std_msgs/msg/Int32,42350
1774013865.0381565,/metrics/pcl/fused/processing_ms,std_msgs/msg/Float32,145.3158721923828
1774013865.268067,/metrics/pcl/fused/detections_count,std_msgs/msg/Int32,77
1774013865.2681782,/metrics/pcl/fused/points_in,std_msgs/msg/Int32,42237
1774013865.2682416,/metrics/pcl/fused/processing_ms,std_msgs/msg/Float32,139.9488983154297
1774013865.5064766,/metrics/pcl/fused/detections_count,std_msgs/msg/Int32,80
1774013865.5065956,/metrics/pcl/fused/points_in,std_msgs/msg/Int32,42367
1774013865.506659,/metrics/pcl/fused/processing_ms,std_msgs/msg/Float32,140.29649353027344
1774013865.7424495,/metrics/pcl/fused/detections_count,std_msgs/msg/Int32,84
1774013865.74257,/metrics/pcl/fused/points_in,std_msgs/msg/Int32,42332
1774013865.7426372,/metrics/pcl/fused/processing_ms,std_msgs/msg/Float32,139.08203125
1774013865.9915423,/metrics/pcl/fused/detections_count,std_msgs/msg/Int32,76
1774013865.9917085,/metrics/pcl/fused/points_in,std_msgs/msg/Int32,42239
1774013865.9917953,/metrics/pcl/fused/processing_ms,std_msgs/msg/Float32,144.06350708007812
1774013866.224846,/metrics/pcl/fused/detections_count,std_msgs/msg/Int32,81
1774013866.2250168,/metrics/pcl/fused/points_in,std_msgs/msg/Int32,42263
1774013866.2250855,/metrics/pcl/fused/processing_ms,std_msgs/msg/Float32,141.1463623046875
1774013866.7015917,/metrics/pcl/fused/detections_count,std_msgs/msg/Int32,83
1774013866.7017012,/metrics/pcl/fused/points_in,std_msgs/msg/Int32,42376
1774013866.7017653,/metrics/pcl/fused/processing_ms,std_msgs/msg/Float32,146.44049072265625
1774013866.938255,/metrics/pcl/fused/detections_count,std_msgs/msg/Int32,83
1774013866.9383686,/metrics/pcl/fused/points_in,std_msgs/msg/Int32,42268
1774013866.938432,/metrics/pcl/fused/processing_ms,std_msgs/msg/Float32,140.88230895996094
1774013867.17655,/metrics/pcl/fused/detections_count,std_msgs/msg/Int32,81
1774013867.176708,/metrics/pcl/fused/points_in,std_msgs/msg/Int32,42344
1774013867.17678,/metrics/pcl/fused/processing_ms,std_msgs/msg/Float32,142.05630493164062
1774013867.4099238,/metrics/pcl/fused/detections_count,std_msgs/msg/Int32,81
1774013867.410034,/metrics/pcl/fused/points_in,std_msgs/msg/Int32,42383
1774013867.4100974,/metrics/pcl/fused/processing_ms,std_msgs/msg/Float32,141.05068969726562
1774013867.648454,/metrics/pcl/fused/detections_count,std_msgs/msg/Int32,86
1774013867.6486118,/metrics/pcl/fused/points_in,std_msgs/msg/Int32,42474
1774013867.6486828,/metrics/pcl/fused/processing_ms,std_msgs/msg/Float32,142.5698699951172
1774013867.8935733,/metrics/pcl/fused/detections_count,std_msgs/msg/Int32,81
1774013867.8937163,/metrics/pcl/fused/points_in,std_msgs/msg/Int32,42541
1774013867.8938005,/metrics/pcl/fused/processing_ms,std_msgs/msg/Float32,146.59228515625
1774013868.3669283,/metrics/pcl/fused/detections_count,std_msgs/msg/Int32,74
1774013868.367052,/metrics/pcl/fused/points_in,std_msgs/msg/Int32,42400
1774013868.367133,/metrics/pcl/fused/processing_ms,std_msgs/msg/Float32,144.62306213378906
1774013868.6066258,/metrics/pcl/fused/detections_count,std_msgs/msg/Int32,86
1774013868.6067364,/metrics/pcl/fused/points_in,std_msgs/msg/Int32,42518
1774013868.606799,/metrics/pcl/fused/processing_ms,std_msgs/msg/Float32,144.84405517578125
1774013868.841378,/metrics/pcl/fused/detections_count,std_msgs/msg/Int32,78
1774013868.8414888,/metrics/pcl/fused/points_in,std_msgs/msg/Int32,42419
1774013868.841556,/metrics/pcl/fused/processing_ms,std_msgs/msg/Float32,141.1092529296875
1774013869.0833926,/metrics/pcl/fused/detections_count,std_msgs/msg/Int32,75
1774013869.083512,/metrics/pcl/fused/points_in,std_msgs/msg/Int32,42377
1774013869.0835793,/metrics/pcl/fused/processing_ms,std_msgs/msg/Float32,144.95263671875
1774013869.3183296,/metrics/pcl/fused/detections_count,std_msgs/msg/Int32,77
1774013869.3184516,/metrics/pcl/fused/points_in,std_msgs/msg/Int32,42415
1774013869.318526,/metrics/pcl/fused/processing_ms,std_msgs/msg/Float32,140.99224853515625
1774013869.5584157,/metrics/pcl/fused/detections_count,std_msgs/msg/Int32,83
1774013869.5585833,/metrics/pcl/fused/points_in,std_msgs/msg/Int32,42367
1774013869.5586708,/metrics/pcl/fused/processing_ms,std_msgs/msg/Float32,144.75047302246094
1774013869.8028638,/metrics/pcl/fused/detections_count,std_msgs/msg/Int32,79
1774013869.8029766,/metrics/pcl/fused/points_in,std_msgs/msg/Int32,42411
1774013869.803039,/metrics/pcl/fused/processing_ms,std_msgs/msg/Float32,146.35293579101562
1774013870.0410779,/metrics/pcl/fused/detections_count,std_msgs/msg/Int32,83
1774013870.0411975,/metrics/pcl/fused/points_in,std_msgs/msg/Int32,42448
1774013870.0412724,/metrics/pcl/fused/processing_ms,std_msgs/msg/Float32,143.1123046875
1774013870.5163865,/metrics/pcl/fused/detections_count,std_msgs/msg/Int32,80
1774013870.516527,/metrics/pcl/fused/points_in,std_msgs/msg/Int32,42502
1774013870.516619,/metrics/pcl/fused/processing_ms,std_msgs/msg/Float32,142.2675323486328
1774013870.7629995,/metrics/pcl/fused/detections_count,std_msgs/msg/Int32,75
1774013870.7631297,/metrics/pcl/fused/points_in,std_msgs/msg/Int32,42364
1774013870.7632127,/metrics/pcl/fused/processing_ms,std_msgs/msg/Float32,141.2967071533203
1774013871.7332094,/metrics/pcl/fused/detections_count,std_msgs/msg/Int32,78
1774013871.73332,/metrics/pcl/fused/points_in,std_msgs/msg/Int32,42457
1774013871.7333763,/metrics/pcl/fused/processing_ms,std_msgs/msg/Float32,142.01821899414062
1774013871.9771366,/metrics/pcl/fused/detections_count,std_msgs/msg/Int32,79
1774013871.9772701,/metrics/pcl/fused/points_in,std_msgs/msg/Int32,42492
1774013871.9773376,/metrics/pcl/fused/processing_ms,std_msgs/msg/Float32,142.34402465820312
1774013872.2302434,/metrics/pcl/fused/detections_count,std_msgs/msg/Int32,77
1774013872.2303865,/metrics/pcl/fused/points_in,std_msgs/msg/Int32,42331
1774013872.230502,/metrics/pcl/fused/processing_ms,std_msgs/msg/Float32,143.79107666015625
1774013872.4598796,/metrics/pcl/fused/detections_count,std_msgs/msg/Int32,75
1774013872.4599915,/metrics/pcl/fused/points_in,std_msgs/msg/Int32,42353
1774013872.4600565,/metrics/pcl/fused/processing_ms,std_msgs/msg/Float32,143.1589813232422
1774013872.6896644,/metrics/pcl/fused/detections_count,std_msgs/msg/Int32,78
1774013872.6897721,/metrics/pcl/fused/points_in,std_msgs/msg/Int32,42378
1774013872.6898355,/metrics/pcl/fused/processing_ms,std_msgs/msg/Float32,143.48020935058594
1774013872.9212105,/metrics/pcl/fused/detections_count,std_msgs/msg/Int32,77
1774013872.921349,/metrics/pcl/fused/points_in,std_msgs/msg/Int32,42515
1774013872.9214125,/metrics/pcl/fused/processing_ms,std_msgs/msg/Float32,142.57823181152344
1774013873.1556313,/metrics/pcl/fused/detections_count,std_msgs/msg/Int32,83
1774013873.1557403,/metrics/pcl/fused/points_in,std_msgs/msg/Int32,42424
1774013873.1558042,/metrics/pcl/fused/processing_ms,std_msgs/msg/Float32,142.71231079101562
1774013873.6129124,/metrics/pcl/fused/detections_count,std_msgs/msg/Int32,80
1774013873.6130207,/metrics/pcl/fused/points_in,std_msgs/msg/Int32,42442
1774013873.61309,/metrics/pcl/fused/processing_ms,std_msgs/msg/Float32,141.6748809814453
1774013873.8471162,/metrics/pcl/fused/detections_count,std_msgs/msg/Int32,83
1774013873.847239,/metrics/pcl/fused/points_in,std_msgs/msg/Int32,42365
1774013873.8473036,/metrics/pcl/fused/processing_ms,std_msgs/msg/Float32,142.08853149414062
1774013874.3000152,/metrics/pcl/fused/detections_count,std_msgs/msg/Int32,87
1774013874.3001256,/metrics/pcl/fused/points_in,std_msgs/msg/Int32,42391
1774013874.3001893,/metrics/pcl/fused/processing_ms,std_msgs/msg/Float32,138.51980590820312
1774013874.9944608,/metrics/pcl/fused/detections_count,std_msgs/msg/Int32,81
1774013874.9945579,/metrics/pcl/fused/points_in,std_msgs/msg/Int32,42333
1774013874.9946134,/metrics/pcl/fused/processing_ms,std_msgs/msg/Float32,141.6087646484375
1774013875.228514,/metrics/pcl/fused/detections_count,std_msgs/msg/Int32,84
1774013875.2286198,/metrics/pcl/fused/points_in,std_msgs/msg/Int32,42390
1774013875.2286818,/metrics/pcl/fused/processing_ms,std_msgs/msg/Float32,139.84902954101562
1774013875.4602945,/metrics/pcl/fused/detections_count,std_msgs/msg/Int32,78
1774013875.4604053,/metrics/pcl/fused/points_in,std_msgs/msg/Int32,42253
1774013875.4604688,/metrics/pcl/fused/processing_ms,std_msgs/msg/Float32,141.43524169921875
1774013875.6915138,/metrics/pcl/fused/detections_count,std_msgs/msg/Int32,78
1774013875.6916783,/metrics/pcl/fused/points_in,std_msgs/msg/Int32,42325
1774013875.6917455,/metrics/pcl/fused/processing_ms,std_msgs/msg/Float32,141.45652770996094
1774013875.9260685,/metrics/pcl/fused/detections_count,std_msgs/msg/Int32,83
1774013875.9261801,/metrics/pcl/fused/points_in,std_msgs/msg/Int32,42412
1774013875.9262445,/metrics/pcl/fused/processing_ms,std_msgs/msg/Float32,142.010986328125
1774013876.8552165,/metrics/pcl/fused/detections_count,std_msgs/msg/Int32,77
1774013876.855336,/metrics/pcl/fused/points_in,std_msgs/msg/Int32,42210
1774013876.8553908,/metrics/pcl/fused/processing_ms,std_msgs/msg/Float32,141.79893493652344
1774013877.316416,/metrics/pcl/fused/detections_count,std_msgs/msg/Int32,83
1774013877.316607,/metrics/pcl/fused/points_in,std_msgs/msg/Int32,42410
1774013877.3167691,/metrics/pcl/fused/processing_ms,std_msgs/msg/Float32,140.7700653076172
1774013877.5486689,/metrics/pcl/fused/detections_count,std_msgs/msg/Int32,81
1774013877.5487761,/metrics/pcl/fused/points_in,std_msgs/msg/Int32,42302
1774013877.5488389,/metrics/pcl/fused/processing_ms,std_msgs/msg/Float32,143.90792846679688
1774013877.780107,/metrics/pcl/fused/detections_count,std_msgs/msg/Int32,76
1774013877.7802193,/metrics/pcl/fused/points_in,std_msgs/msg/Int32,42407
1774013877.7802856,/metrics/pcl/fused/processing_ms,std_msgs/msg/Float32,145.63743591308594
1774013878.0112984,/metrics/pcl/fused/detections_count,std_msgs/msg/Int32,85
1774013878.0114045,/metrics/pcl/fused/points_in,std_msgs/msg/Int32,42430
1774013878.0114672,/metrics/pcl/fused/processing_ms,std_msgs/msg/Float32,142.47970581054688
1774013878.2445142,/metrics/pcl/fused/detections_count,std_msgs/msg/Int32,74
1774013878.2446227,/metrics/pcl/fused/points_in,std_msgs/msg/Int32,42455
1774013878.2446837,/metrics/pcl/fused/processing_ms,std_msgs/msg/Float32,142.6324920654297
1774013878.4758368,/metrics/pcl/fused/detections_count,std_msgs/msg/Int32,80
1774013878.4759586,/metrics/pcl/fused/points_in,std_msgs/msg/Int32,42430
1774013878.476012,/metrics/pcl/fused/processing_ms,std_msgs/msg/Float32,143.64892578125
1774013878.9393408,/metrics/pcl/fused/detections_count,std_msgs/msg/Int32,76
1774013878.9394522,/metrics/pcl/fused/points_in,std_msgs/msg/Int32,42399
1774013878.939517,/metrics/pcl/fused/processing_ms,std_msgs/msg/Float32,142.8761444091797
1774013879.3993566,/metrics/pcl/fused/detections_count,std_msgs/msg/Int32,85
1774013879.3994937,/metrics/pcl/fused/points_in,std_msgs/msg/Int32,42353
1774013879.3995724,/metrics/pcl/fused/processing_ms,std_msgs/msg/Float32,141.73553466796875
1774013879.635426,/metrics/pcl/fused/detections_count,std_msgs/msg/Int32,79
1774013879.6355321,/metrics/pcl/fused/points_in,std_msgs/msg/Int32,42442
1774013879.6356199,/metrics/pcl/fused/processing_ms,std_msgs/msg/Float32,146.11300659179688
1774013879.8694239,/metrics/pcl/fused/detections_count,std_msgs/msg/Int32,80
1774013879.8695335,/metrics/pcl/fused/points_in,std_msgs/msg/Int32,42466
1774013879.8695965,/metrics/pcl/fused/processing_ms,std_msgs/msg/Float32,143.84396362304688
1774013880.1068141,/metrics/pcl/fused/detections_count,std_msgs/msg/Int32,82
1774013880.1069345,/metrics/pcl/fused/points_in,std_msgs/msg/Int32,42410
1774013880.1070042,/metrics/pcl/fused/processing_ms,std_msgs/msg/Float32,144.91265869140625
1774013880.336998,/metrics/pcl/fused/detections_count,std_msgs/msg/Int32,80
1774013880.3370938,/metrics/pcl/fused/points_in,std_msgs/msg/Int32,42381
1774013880.3371465,/metrics/pcl/fused/processing_ms,std_msgs/msg/Float32,142.62997436523438
1774013880.8088672,/metrics/pcl/fused/detections_count,std_msgs/msg/Int32,79
1774013880.8089845,/metrics/pcl/fused/points_in,std_msgs/msg/Int32,42457
1774013880.8090477,/metrics/pcl/fused/processing_ms,std_msgs/msg/Float32,145.64459228515625
1774013881.280309,/metrics/pcl/fused/detections_count,std_msgs/msg/Int32,77
1774013881.280427,/metrics/pcl/fused/points_in,std_msgs/msg/Int32,42546
1774013881.280494,/metrics/pcl/fused/processing_ms,std_msgs/msg/Float32,146.37156677246094
1774013881.510345,/metrics/pcl/fused/detections_count,std_msgs/msg/Int32,81
1774013881.5104806,/metrics/pcl/fused/points_in,std_msgs/msg/Int32,42399
1774013881.5105577,/metrics/pcl/fused/processing_ms,std_msgs/msg/Float32,141.70465087890625
1774013882.2165823,/metrics/pcl/fused/detections_count,std_msgs/msg/Int32,86
1774013882.2167764,/metrics/pcl/fused/points_in,std_msgs/msg/Int32,42273
1774013882.2168553,/metrics/pcl/fused/processing_ms,std_msgs/msg/Float32,140.8516082763672
1774013882.9254267,/metrics/pcl/fused/detections_count,std_msgs/msg/Int32,79
1774013882.925536,/metrics/pcl/fused/points_in,std_msgs/msg/Int32,42413
1774013882.9255986,/metrics/pcl/fused/processing_ms,std_msgs/msg/Float32,142.96640014648438
1774013883.164593,/metrics/pcl/fused/detections_count,std_msgs/msg/Int32,78
1774013883.164703,/metrics/pcl/fused/points_in,std_msgs/msg/Int32,42480
1774013883.1647663,/metrics/pcl/fused/processing_ms,std_msgs/msg/Float32,144.51466369628906
1774013883.400912,/metrics/pcl/fused/detections_count,std_msgs/msg/Int32,76
1774013883.4010527,/metrics/pcl/fused/points_in,std_msgs/msg/Int32,42563
1774013883.40111,/metrics/pcl/fused/processing_ms,std_msgs/msg/Float32,144.0210418701172
1774013883.6440613,/metrics/pcl/fused/detections_count,std_msgs/msg/Int32,72
1774013883.644196,/metrics/pcl/fused/points_in,std_msgs/msg/Int32,42571
1774013883.6443064,/metrics/pcl/fused/processing_ms,std_msgs/msg/Float32,151.54339599609375
1774013883.8751707,/metrics/pcl/fused/detections_count,std_msgs/msg/Int32,83
1774013883.8752732,/metrics/pcl/fused/points_in,std_msgs/msg/Int32,42362
1774013883.8753355,/metrics/pcl/fused/processing_ms,std_msgs/msg/Float32,142.37718200683594
1774013884.3472915,/metrics/pcl/fused/detections_count,std_msgs/msg/Int32,82
1774013884.3474002,/metrics/pcl/fused/points_in,std_msgs/msg/Int32,42443
1774013884.347466,/metrics/pcl/fused/processing_ms,std_msgs/msg/Float32,142.21397399902344
1774013884.5854075,/metrics/pcl/fused/detections_count,std_msgs/msg/Int32,76
1774013884.5855362,/metrics/pcl/fused/points_in,std_msgs/msg/Int32,42412
1774013884.5856242,/metrics/pcl/fused/processing_ms,std_msgs/msg/Float32,144.1592254638672
1774013884.826837,/metrics/pcl/fused/detections_count,std_msgs/msg/Int32,74
1774013884.8269565,/metrics/pcl/fused/points_in,std_msgs/msg/Int32,42568
1774013884.8270266,/metrics/pcl/fused/processing_ms,std_msgs/msg/Float32,145.90325927734375
1774013885.0646071,/metrics/pcl/fused/detections_count,std_msgs/msg/Int32,83
1774013885.064753,/metrics/pcl/fused/points_in,std_msgs/msg/Int32,42465
1774013885.0648305,/metrics/pcl/fused/processing_ms,std_msgs/msg/Float32,144.6022186279297
1774013885.3008614,/metrics/pcl/fused/detections_count,std_msgs/msg/Int32,80
1774013885.3009837,/metrics/pcl/fused/points_in,std_msgs/msg/Int32,42372
1774013885.301052,/metrics/pcl/fused/processing_ms,std_msgs/msg/Float32,143.64114379882812
1774013885.5442717,/metrics/pcl/fused/detections_count,std_msgs/msg/Int32,76
1774013885.544441,/metrics/pcl/fused/points_in,std_msgs/msg/Int32,42420
1774013885.5445397,/metrics/pcl/fused/processing_ms,std_msgs/msg/Float32,146.15696716308594
1774013885.779084,/metrics/pcl/fused/detections_count,std_msgs/msg/Int32,79
1774013885.7791934,/metrics/pcl/fused/points_in,std_msgs/msg/Int32,42398
1774013885.7792733,/metrics/pcl/fused/processing_ms,std_msgs/msg/Float32,144.22677612304688
1774013886.024243,/metrics/pcl/fused/detections_count,std_msgs/msg/Int32,81
1774013886.0244184,/metrics/pcl/fused/points_in,std_msgs/msg/Int32,42374
1774013886.0244918,/metrics/pcl/fused/processing_ms,std_msgs/msg/Float32,145.60829162597656
1774013886.2563179,/metrics/pcl/fused/detections_count,std_msgs/msg/Int32,72
1774013886.2564304,/metrics/pcl/fused/points_in,std_msgs/msg/Int32,42475
1774013886.2564962,/metrics/pcl/fused/processing_ms,std_msgs/msg/Float32,141.55418395996094
1774013886.4947793,/metrics/pcl/fused/detections_count,std_msgs/msg/Int32,77
1774013886.4949014,/metrics/pcl/fused/points_in,std_msgs/msg/Int32,42419
1774013886.4949741,/metrics/pcl/fused/processing_ms,std_msgs/msg/Float32,141.14625549316406
1774013886.7356904,/metrics/pcl/fused/detections_count,std_msgs/msg/Int32,77
1774013886.7358074,/metrics/pcl/fused/points_in,std_msgs/msg/Int32,42459
1774013886.735887,/metrics/pcl/fused/processing_ms,std_msgs/msg/Float32,144.41946411132812
1774013886.9744728,/metrics/pcl/fused/detections_count,std_msgs/msg/Int32,75
1774013886.9745882,/metrics/pcl/fused/points_in,std_msgs/msg/Int32,42570
1774013886.9746594,/metrics/pcl/fused/processing_ms,std_msgs/msg/Float32,142.67510986328125
1774013887.2116382,/metrics/pcl/fused/detections_count,std_msgs/msg/Int32,80
1774013887.211749,/metrics/pcl/fused/points_in,std_msgs/msg/Int32,42323
1774013887.2118149,/metrics/pcl/fused/processing_ms,std_msgs/msg/Float32,142.0401611328125
1774013887.4485815,/metrics/pcl/fused/detections_count,std_msgs/msg/Int32,77
1774013887.4486837,/metrics/pcl/fused/points_in,std_msgs/msg/Int32,42425
1774013887.4487376,/metrics/pcl/fused/processing_ms,std_msgs/msg/Float32,142.63421630859375
1774013887.6880796,/metrics/pcl/fused/detections_count,std_msgs/msg/Int32,80
1774013887.688224,/metrics/pcl/fused/points_in,std_msgs/msg/Int32,42414
1774013887.688299,/metrics/pcl/fused/processing_ms,std_msgs/msg/Float32,144.81410217285156
1774013887.922925,/metrics/pcl/fused/detections_count,std_msgs/msg/Int32,81
1774013887.9230468,/metrics/pcl/fused/points_in,std_msgs/msg/Int32,42518
1774013887.923133,/metrics/pcl/fused/processing_ms,std_msgs/msg/Float32,142.19378662109375
1774013888.897944,/metrics/pcl/fused/detections_count,std_msgs/msg/Int32,80
1774013888.898049,/metrics/pcl/fused/points_in,std_msgs/msg/Int32,42514
1774013888.8981109,/metrics/pcl/fused/processing_ms,std_msgs/msg/Float32,142.3638916015625
1774013889.613155,/metrics/pcl/fused/detections_count,std_msgs/msg/Int32,78
1774013889.6132655,/metrics/pcl/fused/points_in,std_msgs/msg/Int32,42531
1774013889.6133301,/metrics/pcl/fused/processing_ms,std_msgs/msg/Float32,143.0919189453125
1774013889.8558862,/metrics/pcl/fused/detections_count,std_msgs/msg/Int32,80
1774013889.8559828,/metrics/pcl/fused/points_in,std_msgs/msg/Int32,42564
1774013889.8560336,/metrics/pcl/fused/processing_ms,std_msgs/msg/Float32,145.18336486816406
1774013890.3313255,/metrics/pcl/fused/detections_count,std_msgs/msg/Int32,83
1774013890.3314388,/metrics/pcl/fused/points_in,std_msgs/msg/Int32,42561
1774013890.33152,/metrics/pcl/fused/processing_ms,std_msgs/msg/Float32,143.44314575195312
1774013890.5721045,/metrics/pcl/fused/detections_count,std_msgs/msg/Int32,76
1774013890.5722222,/metrics/pcl/fused/points_in,std_msgs/msg/Int32,42464
1774013890.5722857,/metrics/pcl/fused/processing_ms,std_msgs/msg/Float32,143.01812744140625
1774013890.8191848,/metrics/pcl/fused/detections_count,std_msgs/msg/Int32,77
1774013890.8193007,/metrics/pcl/fused/points_in,std_msgs/msg/Int32,42479
1774013890.8193722,/metrics/pcl/fused/processing_ms,std_msgs/msg/Float32,144.89129638671875
1774013891.0620444,/metrics/pcl/fused/detections_count,std_msgs/msg/Int32,75
1774013891.0621781,/metrics/pcl/fused/points_in,std_msgs/msg/Int32,42551
1774013891.062251,/metrics/pcl/fused/processing_ms,std_msgs/msg/Float32,145.93209838867188
1774013891.3050783,/metrics/pcl/fused/detections_count,std_msgs/msg/Int32,76
1774013891.3052456,/metrics/pcl/fused/points_in,std_msgs/msg/Int32,42552
1774013891.305319,/metrics/pcl/fused/processing_ms,std_msgs/msg/Float32,142.48941040039062
1774013891.5499382,/metrics/pcl/fused/detections_count,std_msgs/msg/Int32,78
1774013891.5500593,/metrics/pcl/fused/points_in,std_msgs/msg/Int32,42600
1774013891.5501409,/metrics/pcl/fused/processing_ms,std_msgs/msg/Float32,146.34225463867188
1774013891.797966,/metrics/pcl/fused/detections_count,std_msgs/msg/Int32,83
1774013891.7980764,/metrics/pcl/fused/points_in,std_msgs/msg/Int32,42475
1774013891.7981448,/metrics/pcl/fused/processing_ms,std_msgs/msg/Float32,145.6783905029297
1774013892.0261438,/metrics/pcl/fused/detections_count,std_msgs/msg/Int32,77
1774013892.0262632,/metrics/pcl/fused/points_in,std_msgs/msg/Int32,42503
1774013892.0263414,/metrics/pcl/fused/processing_ms,std_msgs/msg/Float32,143.3327178955078
1774013892.252733,/metrics/pcl/fused/detections_count,std_msgs/msg/Int32,74
1774013892.2528367,/metrics/pcl/fused/points_in,std_msgs/msg/Int32,42526
1774013892.2529018,/metrics/pcl/fused/processing_ms,std_msgs/msg/Float32,142.2600860595703
1774013892.4771757,/metrics/pcl/fused/detections_count,std_msgs/msg/Int32,86
1774013892.4772866,/metrics/pcl/fused/points_in,std_msgs/msg/Int32,42553
1774013892.477355,/metrics/pcl/fused/processing_ms,std_msgs/msg/Float32,142.78126525878906
1774013893.1503396,/metrics/pcl/fused/detections_count,std_msgs/msg/Int32,81
1774013893.1504471,/metrics/pcl/fused/points_in,std_msgs/msg/Int32,42563
1774013893.1505144,/metrics/pcl/fused/processing_ms,std_msgs/msg/Float32,145.696533203125
1774013893.3755455,/metrics/pcl/fused/detections_count,std_msgs/msg/Int32,80
1774013893.3756545,/metrics/pcl/fused/points_in,std_msgs/msg/Int32,42534
1774013893.3757215,/metrics/pcl/fused/processing_ms,std_msgs/msg/Float32,145.34524536132812
1774013893.8250604,/metrics/pcl/fused/detections_count,std_msgs/msg/Int32,73
1774013893.8251793,/metrics/pcl/fused/points_in,std_msgs/msg/Int32,42528
1774013893.8252563,/metrics/pcl/fused/processing_ms,std_msgs/msg/Float32,143.8337860107422
1774013894.050115,/metrics/pcl/fused/detections_count,std_msgs/msg/Int32,79
1774013894.0502357,/metrics/pcl/fused/points_in,std_msgs/msg/Int32,42534
1774013894.0503037,/metrics/pcl/fused/processing_ms,std_msgs/msg/Float32,141.98329162597656
1774013894.2766674,/metrics/pcl/fused/detections_count,std_msgs/msg/Int32,82
1774013894.2767887,/metrics/pcl/fused/points_in,std_msgs/msg/Int32,42601
1774013894.2768528,/metrics/pcl/fused/processing_ms,std_msgs/msg/Float32,142.07437133789062
1774013894.7256794,/metrics/pcl/fused/detections_count,std_msgs/msg/Int32,79
1774013894.7258458,/metrics/pcl/fused/points_in,std_msgs/msg/Int32,42554
1774013894.7259886,/metrics/pcl/fused/processing_ms,std_msgs/msg/Float32,142.03338623046875
1774013894.952842,/metrics/pcl/fused/detections_count,std_msgs/msg/Int32,81
1774013894.952988,/metrics/pcl/fused/points_in,std_msgs/msg/Int32,42469
1774013894.9530582,/metrics/pcl/fused/processing_ms,std_msgs/msg/Float32,143.40626525878906
1774013895.180793,/metrics/pcl/fused/detections_count,std_msgs/msg/Int32,76
1774013895.1809149,/metrics/pcl/fused/points_in,std_msgs/msg/Int32,42526
1774013895.1809819,/metrics/pcl/fused/processing_ms,std_msgs/msg/Float32,141.90560913085938
1774013895.4092724,/metrics/pcl/fused/detections_count,std_msgs/msg/Int32,77
1774013895.409388,/metrics/pcl/fused/points_in,std_msgs/msg/Int32,42572
1774013895.4094608,/metrics/pcl/fused/processing_ms,std_msgs/msg/Float32,141.7862091064453
1774013895.642545,/metrics/pcl/fused/detections_count,std_msgs/msg/Int32,76
1774013895.6426454,/metrics/pcl/fused/points_in,std_msgs/msg/Int32,42508
1774013895.6427186,/metrics/pcl/fused/processing_ms,std_msgs/msg/Float32,143.57498168945312
1774013895.8707883,/metrics/pcl/fused/detections_count,std_msgs/msg/Int32,84
1774013895.8709276,/metrics/pcl/fused/points_in,std_msgs/msg/Int32,42556
1774013895.870998,/metrics/pcl/fused/processing_ms,std_msgs/msg/Float32,143.14259338378906
1774013896.5537264,/metrics/pcl/fused/detections_count,std_msgs/msg/Int32,76
1774013896.5538588,/metrics/pcl/fused/points_in,std_msgs/msg/Int32,42457
1774013896.5539389,/metrics/pcl/fused/processing_ms,std_msgs/msg/Float32,143.0628662109375
1774013896.7830803,/metrics/pcl/fused/detections_count,std_msgs/msg/Int32,86
1774013896.7831929,/metrics/pcl/fused/points_in,std_msgs/msg/Int32,42598
1774013896.7832592,/metrics/pcl/fused/processing_ms,std_msgs/msg/Float32,141.46865844726562
1774013897.0182738,/metrics/pcl/fused/detections_count,std_msgs/msg/Int32,79
1774013897.0183713,/metrics/pcl/fused/points_in,std_msgs/msg/Int32,42399
1774013897.018426,/metrics/pcl/fused/processing_ms,std_msgs/msg/Float32,142.69363403320312
1774013897.2486632,/metrics/pcl/fused/detections_count,std_msgs/msg/Int32,80
1774013897.2487767,/metrics/pcl/fused/points_in,std_msgs/msg/Int32,42497
1774013897.2488341,/metrics/pcl/fused/processing_ms,std_msgs/msg/Float32,142.72824096679688
1774013897.7143555,/metrics/pcl/fused/detections_count,std_msgs/msg/Int32,75
1774013897.7144625,/metrics/pcl/fused/points_in,std_msgs/msg/Int32,42437
1774013897.7145264,/metrics/pcl/fused/processing_ms,std_msgs/msg/Float32,146.69308471679688
1774013898.1726027,/metrics/pcl/fused/detections_count,std_msgs/msg/Int32,79
1774013898.1727097,/metrics/pcl/fused/points_in,std_msgs/msg/Int32,42487
1774013898.1727743,/metrics/pcl/fused/processing_ms,std_msgs/msg/Float32,145.01162719726562
1774013898.3993626,/metrics/pcl/fused/detections_count,std_msgs/msg/Int32,77
1774013898.399464,/metrics/pcl/fused/points_in,std_msgs/msg/Int32,42468
1774013898.3995192,/metrics/pcl/fused/processing_ms,std_msgs/msg/Float32,144.13754272460938
1774013898.632909,/metrics/pcl/fused/detections_count,std_msgs/msg/Int32,82
1774013898.6330194,/metrics/pcl/fused/points_in,std_msgs/msg/Int32,42387
1774013898.6330802,/metrics/pcl/fused/processing_ms,std_msgs/msg/Float32,148.01568603515625
1774013898.857943,/metrics/pcl/fused/detections_count,std_msgs/msg/Int32,77
1774013898.8580828,/metrics/pcl/fused/points_in,std_msgs/msg/Int32,42413
1774013898.8581774,/metrics/pcl/fused/processing_ms,std_msgs/msg/Float32,144.61180114746094
1774013899.5514724,/metrics/pcl/fused/detections_count,std_msgs/msg/Int32,75
1774013899.551588,/metrics/pcl/fused/points_in,std_msgs/msg/Int32,42477
1774013899.5516808,/metrics/pcl/fused/processing_ms,std_msgs/msg/Float32,147.53225708007812
1774013900.0165827,/metrics/pcl/fused/detections_count,std_msgs/msg/Int32,77
1774013900.016695,/metrics/pcl/fused/points_in,std_msgs/msg/Int32,42474
1774013900.0167673,/metrics/pcl/fused/processing_ms,std_msgs/msg/Float32,148.9091339111328
1774013900.2444553,/metrics/pcl/fused/detections_count,std_msgs/msg/Int32,79
1774013900.244564,/metrics/pcl/fused/points_in,std_msgs/msg/Int32,42462
1774013900.2446263,/metrics/pcl/fused/processing_ms,std_msgs/msg/Float32,143.23361206054688
1774013900.7117631,/metrics/pcl/fused/detections_count,std_msgs/msg/Int32,80
1774013900.7118833,/metrics/pcl/fused/points_in,std_msgs/msg/Int32,42429
1774013900.711954,/metrics/pcl/fused/processing_ms,std_msgs/msg/Float32,145.39271545410156
1774013900.9487386,/metrics/pcl/fused/detections_count,std_msgs/msg/Int32,82
1774013900.9488478,/metrics/pcl/fused/points_in,std_msgs/msg/Int32,42330
1774013900.9489336,/metrics/pcl/fused/processing_ms,std_msgs/msg/Float32,148.45118713378906
1774013901.4134097,/metrics/pcl/fused/detections_count,std_msgs/msg/Int32,77
1774013901.4135618,/metrics/pcl/fused/points_in,std_msgs/msg/Int32,42352
1774013901.4136364,/metrics/pcl/fused/processing_ms,std_msgs/msg/Float32,142.59486389160156
1774013901.6522613,/metrics/pcl/fused/detections_count,std_msgs/msg/Int32,84
1774013901.6523778,/metrics/pcl/fused/points_in,std_msgs/msg/Int32,42344
1774013901.6524534,/metrics/pcl/fused/processing_ms,std_msgs/msg/Float32,148.08544921875
1774013901.8874967,/metrics/pcl/fused/detections_count,std_msgs/msg/Int32,79
1774013901.8876138,/metrics/pcl/fused/points_in,std_msgs/msg/Int32,42508
1774013901.8876905,/metrics/pcl/fused/processing_ms,std_msgs/msg/Float32,145.6334686279297
1774013902.1182067,/metrics/pcl/fused/detections_count,std_msgs/msg/Int32,84
1774013902.1183226,/metrics/pcl/fused/points_in,std_msgs/msg/Int32,42363
1774013902.118394,/metrics/pcl/fused/processing_ms,std_msgs/msg/Float32,139.02626037597656
1774013902.3558054,/metrics/pcl/fused/detections_count,std_msgs/msg/Int32,77
1774013902.355929,/metrics/pcl/fused/points_in,std_msgs/msg/Int32,42274
1774013902.3559954,/metrics/pcl/fused/processing_ms,std_msgs/msg/Float32,141.97027587890625
1774013902.5944698,/metrics/pcl/fused/detections_count,std_msgs/msg/Int32,83
1774013902.594597,/metrics/pcl/fused/points_in,std_msgs/msg/Int32,42422
1774013902.594667,/metrics/pcl/fused/processing_ms,std_msgs/msg/Float32,143.2816925048828
1774013902.834607,/metrics/pcl/fused/detections_count,std_msgs/msg/Int32,83
1774013902.834701,/metrics/pcl/fused/points_in,std_msgs/msg/Int32,42424
1774013902.8347518,/metrics/pcl/fused/processing_ms,std_msgs/msg/Float32,145.3499298095703
1774013903.0730016,/metrics/pcl/fused/detections_count,std_msgs/msg/Int32,77
1774013903.0731156,/metrics/pcl/fused/points_in,std_msgs/msg/Int32,42332
1774013903.0731807,/metrics/pcl/fused/processing_ms,std_msgs/msg/Float32,144.71438598632812
1774013903.3047695,/metrics/pcl/fused/detections_count,std_msgs/msg/Int32,81
1774013903.3049314,/metrics/pcl/fused/points_in,std_msgs/msg/Int32,42255
1774013903.305041,/metrics/pcl/fused/processing_ms,std_msgs/msg/Float32,140.64231872558594
1774013903.5447023,/metrics/pcl/fused/detections_count,std_msgs/msg/Int32,79
1774013903.5448096,/metrics/pcl/fused/points_in,std_msgs/msg/Int32,42188
1774013903.5448854,/metrics/pcl/fused/processing_ms,std_msgs/msg/Float32,144.91539001464844
1774013903.7817993,/metrics/pcl/fused/detections_count,std_msgs/msg/Int32,86
1774013903.7819352,/metrics/pcl/fused/points_in,std_msgs/msg/Int32,42112
1774013903.7820067,/metrics/pcl/fused/processing_ms,std_msgs/msg/Float32,142.812255859375
1774013904.0157208,/metrics/pcl/fused/detections_count,std_msgs/msg/Int32,84
1774013904.0158348,/metrics/pcl/fused/points_in,std_msgs/msg/Int32,42002
1774013904.0159125,/metrics/pcl/fused/processing_ms,std_msgs/msg/Float32,140.25526428222656
1774013904.2556689,/metrics/pcl/fused/detections_count,std_msgs/msg/Int32,81
1774013904.2557786,/metrics/pcl/fused/points_in,std_msgs/msg/Int32,42194
1774013904.2558424,/metrics/pcl/fused/processing_ms,std_msgs/msg/Float32,140.29656982421875
1774013904.4918294,/metrics/pcl/fused/detections_count,std_msgs/msg/Int32,81
1774013904.4919672,/metrics/pcl/fused/points_in,std_msgs/msg/Int32,42024
1774013904.4920444,/metrics/pcl/fused/processing_ms,std_msgs/msg/Float32,141.96556091308594
1774013904.7304633,/metrics/pcl/fused/detections_count,std_msgs/msg/Int32,82
1774013904.730563,/metrics/pcl/fused/points_in,std_msgs/msg/Int32,42044
1774013904.7306151,/metrics/pcl/fused/processing_ms,std_msgs/msg/Float32,141.49078369140625
1774013904.9672334,/metrics/pcl/fused/detections_count,std_msgs/msg/Int32,81
1774013904.9673882,/metrics/pcl/fused/points_in,std_msgs/msg/Int32,42010
1774013904.9674718,/metrics/pcl/fused/processing_ms,std_msgs/msg/Float32,141.9892578125
1774013905.2017894,/metrics/pcl/fused/detections_count,std_msgs/msg/Int32,83
1774013905.201915,/metrics/pcl/fused/points_in,std_msgs/msg/Int32,42005
1774013905.201983,/metrics/pcl/fused/processing_ms,std_msgs/msg/Float32,141.9941864013672
1774013906.6069849,/metrics/pcl/fused/detections_count,std_msgs/msg/Int32,80
1774013906.607113,/metrics/pcl/fused/points_in,std_msgs/msg/Int32,41356
1774013906.6071765,/metrics/pcl/fused/processing_ms,std_msgs/msg/Float32,138.97059631347656
1774013908.0293083,/metrics/pcl/fused/detections_count,std_msgs/msg/Int32,77
1774013908.0294158,/metrics/pcl/fused/points_in,std_msgs/msg/Int32,40870
1774013908.0294797,/metrics/pcl/fused/processing_ms,std_msgs/msg/Float32,146.63206481933594
1774013908.2569427,/metrics/pcl/fused/detections_count,std_msgs/msg/Int32,85
1774013908.2570546,/metrics/pcl/fused/points_in,std_msgs/msg/Int32,40819
1774013908.2571313,/metrics/pcl/fused/processing_ms,std_msgs/msg/Float32,136.66293334960938
1774013908.972991,/metrics/pcl/fused/detections_count,std_msgs/msg/Int32,79
1774013908.973098,/metrics/pcl/fused/points_in,std_msgs/msg/Int32,40789
1774013908.9731624,/metrics/pcl/fused/processing_ms,std_msgs/msg/Float32,140.76869201660156
1774013909.4524825,/metrics/pcl/fused/detections_count,std_msgs/msg/Int32,73
1774013909.4525976,/metrics/pcl/fused/points_in,std_msgs/msg/Int32,40622
1774013909.4526618,/metrics/pcl/fused/processing_ms,std_msgs/msg/Float32,143.73721313476562
1774013909.68657,/metrics/pcl/fused/detections_count,std_msgs/msg/Int32,78
1774013909.6867158,/metrics/pcl/fused/points_in,std_msgs/msg/Int32,40884
1774013909.6868289,/metrics/pcl/fused/processing_ms,std_msgs/msg/Float32,138.2262725830078
1774013910.1651728,/metrics/pcl/fused/detections_count,std_msgs/msg/Int32,78
1774013910.1653202,/metrics/pcl/fused/points_in,std_msgs/msg/Int32,41708
1774013910.1692917,/metrics/pcl/fused/processing_ms,std_msgs/msg/Float32,137.275634765625
1774013910.8968215,/metrics/pcl/fused/detections_count,std_msgs/msg/Int32,72
1774013910.896963,/metrics/pcl/fused/points_in,std_msgs/msg/Int32,41260
1774013910.8970516,/metrics/pcl/fused/processing_ms,std_msgs/msg/Float32,141.450927734375
1774013911.1418476,/metrics/pcl/fused/detections_count,std_msgs/msg/Int32,79
1774013911.141991,/metrics/pcl/fused/points_in,std_msgs/msg/Int32,42047
1774013911.1420755,/metrics/pcl/fused/processing_ms,std_msgs/msg/Float32,139.89569091796875
1774013911.375424,/metrics/pcl/fused/detections_count,std_msgs/msg/Int32,79
1774013911.3755507,/metrics/pcl/fused/points_in,std_msgs/msg/Int32,42509
1774013911.375635,/metrics/pcl/fused/processing_ms,std_msgs/msg/Float32,145.09341430664062
1774013911.5974762,/metrics/pcl/fused/detections_count,std_msgs/msg/Int32,80
1774013911.5975838,/metrics/pcl/fused/points_in,std_msgs/msg/Int32,42415
1774013911.597646,/metrics/pcl/fused/processing_ms,std_msgs/msg/Float32,141.9490203857422
1774013911.8273864,/metrics/pcl/fused/detections_count,std_msgs/msg/Int32,75
1774013911.8274896,/metrics/pcl/fused/points_in,std_msgs/msg/Int32,42111
1774013911.8275518,/metrics/pcl/fused/processing_ms,std_msgs/msg/Float32,144.17466735839844
1774013912.4947832,/metrics/pcl/fused/detections_count,std_msgs/msg/Int32,76
1774013912.4949315,/metrics/pcl/fused/points_in,std_msgs/msg/Int32,40491
1774013912.495002,/metrics/pcl/fused/processing_ms,std_msgs/msg/Float32,141.10560607910156
1774013912.719201,/metrics/pcl/fused/detections_count,std_msgs/msg/Int32,75
1774013912.719354,/metrics/pcl/fused/points_in,std_msgs/msg/Int32,40129
1774013912.7194195,/metrics/pcl/fused/processing_ms,std_msgs/msg/Float32,137.7654266357422
1774013912.9424899,/metrics/pcl/fused/detections_count,std_msgs/msg/Int32,80
1774013912.9425883,/metrics/pcl/fused/points_in,std_msgs/msg/Int32,39968
1774013912.9426413,/metrics/pcl/fused/processing_ms,std_msgs/msg/Float32,135.3073272705078
1774013913.1692238,/metrics/pcl/fused/detections_count,std_msgs/msg/Int32,74
1774013913.1693528,/metrics/pcl/fused/points_in,std_msgs/msg/Int32,39941
1774013913.169422,/metrics/pcl/fused/processing_ms,std_msgs/msg/Float32,136.51795959472656
1774013913.3953702,/metrics/pcl/fused/detections_count,std_msgs/msg/Int32,77
1774013913.3954897,/metrics/pcl/fused/points_in,std_msgs/msg/Int32,39876
1774013913.3955634,/metrics/pcl/fused/processing_ms,std_msgs/msg/Float32,135.79920959472656
1774013913.6228635,/metrics/pcl/fused/detections_count,std_msgs/msg/Int32,74
1774013913.622983,/metrics/pcl/fused/points_in,std_msgs/msg/Int32,40333
1774013913.623049,/metrics/pcl/fused/processing_ms,std_msgs/msg/Float32,138.19186401367188
1774013914.0773733,/metrics/pcl/fused/detections_count,std_msgs/msg/Int32,73
1774013914.0774825,/metrics/pcl/fused/points_in,std_msgs/msg/Int32,41497
1774013914.0775452,/metrics/pcl/fused/processing_ms,std_msgs/msg/Float32,140.94253540039062
1774013914.757905,/metrics/pcl/fused/detections_count,std_msgs/msg/Int32,80
1774013914.758051,/metrics/pcl/fused/points_in,std_msgs/msg/Int32,42383
1774013914.7581632,/metrics/pcl/fused/processing_ms,std_msgs/msg/Float32,142.43252563476562
1774013914.9885936,/metrics/pcl/fused/detections_count,std_msgs/msg/Int32,78
1774013914.9886916,/metrics/pcl/fused/points_in,std_msgs/msg/Int32,42350
1774013914.9887667,/metrics/pcl/fused/processing_ms,std_msgs/msg/Float32,145.57867431640625
1774013915.6652753,/metrics/pcl/fused/detections_count,std_msgs/msg/Int32,70
1774013915.6653848,/metrics/pcl/fused/points_in,std_msgs/msg/Int32,40877
1774013915.6654487,/metrics/pcl/fused/processing_ms,std_msgs/msg/Float32,140.7396697998047
1774013915.8939784,/metrics/pcl/fused/detections_count,std_msgs/msg/Int32,76
1774013915.894109,/metrics/pcl/fused/points_in,std_msgs/msg/Int32,39166
1774013915.8941922,/metrics/pcl/fused/processing_ms,std_msgs/msg/Float32,138.01358032226562
1774013916.1127055,/metrics/pcl/fused/detections_count,std_msgs/msg/Int32,78
1774013916.1128132,/metrics/pcl/fused/points_in,std_msgs/msg/Int32,38125
1774013916.112906,/metrics/pcl/fused/processing_ms,std_msgs/msg/Float32,130.68289184570312
1774013916.3416462,/metrics/pcl/fused/detections_count,std_msgs/msg/Int32,69
1774013916.3417616,/metrics/pcl/fused/points_in,std_msgs/msg/Int32,39219
1774013916.3418317,/metrics/pcl/fused/processing_ms,std_msgs/msg/Float32,133.34893798828125
1774013916.5721388,/metrics/pcl/fused/detections_count,std_msgs/msg/Int32,72
1774013916.5722673,/metrics/pcl/fused/points_in,std_msgs/msg/Int32,40357
1774013916.572333,/metrics/pcl/fused/processing_ms,std_msgs/msg/Float32,136.3953857421875
1774013917.0291243,/metrics/pcl/fused/detections_count,std_msgs/msg/Int32,75
1774013917.029286,/metrics/pcl/fused/points_in,std_msgs/msg/Int32,40378
1774013917.0293849,/metrics/pcl/fused/processing_ms,std_msgs/msg/Float32,138.0533905029297
1774013917.2589986,/metrics/pcl/fused/detections_count,std_msgs/msg/Int32,81
1774013917.2590973,/metrics/pcl/fused/points_in,std_msgs/msg/Int32,40518
1774013917.2591534,/metrics/pcl/fused/processing_ms,std_msgs/msg/Float32,139.7066192626953
1774013917.4872396,/metrics/pcl/fused/detections_count,std_msgs/msg/Int32,76
1774013917.487351,/metrics/pcl/fused/points_in,std_msgs/msg/Int32,40728
1774013917.4874144,/metrics/pcl/fused/processing_ms,std_msgs/msg/Float32,140.63282775878906
1774013917.718125,/metrics/pcl/fused/detections_count,std_msgs/msg/Int32,81
1774013917.7182384,/metrics/pcl/fused/points_in,std_msgs/msg/Int32,40772
1774013917.7183022,/metrics/pcl/fused/processing_ms,std_msgs/msg/Float32,139.79342651367188
1774013917.946452,/metrics/pcl/fused/detections_count,std_msgs/msg/Int32,76
1774013917.9465818,/metrics/pcl/fused/points_in,std_msgs/msg/Int32,40829
1774013917.9466684,/metrics/pcl/fused/processing_ms,std_msgs/msg/Float32,139.00115966796875
1774013918.179198,/metrics/pcl/fused/detections_count,std_msgs/msg/Int32,72
1774013918.1793275,/metrics/pcl/fused/points_in,std_msgs/msg/Int32,41059
1774013918.1794121,/metrics/pcl/fused/processing_ms,std_msgs/msg/Float32,139.84214782714844
1774013918.4086654,/metrics/pcl/fused/detections_count,std_msgs/msg/Int32,81
1774013918.408788,/metrics/pcl/fused/points_in,std_msgs/msg/Int32,41099
1774013918.4088845,/metrics/pcl/fused/processing_ms,std_msgs/msg/Float32,139.59841918945312
1774013918.640777,/metrics/pcl/fused/detections_count,std_msgs/msg/Int32,74
1774013918.640901,/metrics/pcl/fused/points_in,std_msgs/msg/Int32,41392
1774013918.640971,/metrics/pcl/fused/processing_ms,std_msgs/msg/Float32,142.7791290283203
1774013918.87396,/metrics/pcl/fused/detections_count,std_msgs/msg/Int32,84
1774013918.8740766,/metrics/pcl/fused/points_in,std_msgs/msg/Int32,41510
1774013918.8741496,/metrics/pcl/fused/processing_ms,std_msgs/msg/Float32,141.42352294921875
1774013919.1146705,/metrics/pcl/fused/detections_count,std_msgs/msg/Int32,73
1774013919.114784,/metrics/pcl/fused/points_in,std_msgs/msg/Int32,41632
1774013919.1148465,/metrics/pcl/fused/processing_ms,std_msgs/msg/Float32,145.51840209960938
1774013919.5772955,/metrics/pcl/fused/detections_count,std_msgs/msg/Int32,81
1774013919.577417,/metrics/pcl/fused/points_in,std_msgs/msg/Int32,42019
1774013919.577481,/metrics/pcl/fused/processing_ms,std_msgs/msg/Float32,143.6960906982422
1774013919.809597,/metrics/pcl/fused/detections_count,std_msgs/msg/Int32,79
1774013919.8096907,/metrics/pcl/fused/points_in,std_msgs/msg/Int32,42061
1774013919.809745,/metrics/pcl/fused/processing_ms,std_msgs/msg/Float32,142.09263610839844
1774013920.0465155,/metrics/pcl/fused/detections_count,std_msgs/msg/Int32,76
1774013920.046626,/metrics/pcl/fused/points_in,std_msgs/msg/Int32,42258
1774013920.0466847,/metrics/pcl/fused/processing_ms,std_msgs/msg/Float32,146.0517120361328
1774013920.510027,/metrics/pcl/fused/detections_count,std_msgs/msg/Int32,77
1774013920.5101972,/metrics/pcl/fused/points_in,std_msgs/msg/Int32,42427
1774013920.510313,/metrics/pcl/fused/processing_ms,std_msgs/msg/Float32,144.31895446777344
1774013920.742894,/metrics/pcl/fused/detections_count,std_msgs/msg/Int32,75
1774013920.743048,/metrics/pcl/fused/points_in,std_msgs/msg/Int32,42404
1774013920.7431312,/metrics/pcl/fused/processing_ms,std_msgs/msg/Float32,142.8626708984375
1774013920.9767947,/metrics/pcl/fused/detections_count,std_msgs/msg/Int32,79
1774013920.9768994,/metrics/pcl/fused/points_in,std_msgs/msg/Int32,42451
1774013920.9769557,/metrics/pcl/fused/processing_ms,std_msgs/msg/Float32,142.2124786376953
1774013921.213298,/metrics/pcl/fused/detections_count,std_msgs/msg/Int32,81
1774013921.21341,/metrics/pcl/fused/points_in,std_msgs/msg/Int32,42353
1774013921.213492,/metrics/pcl/fused/processing_ms,std_msgs/msg/Float32,141.9396514892578
1774013921.445314,/metrics/pcl/fused/detections_count,std_msgs/msg/Int32,83
1774013921.4454238,/metrics/pcl/fused/points_in,std_msgs/msg/Int32,42333
1774013921.445486,/metrics/pcl/fused/processing_ms,std_msgs/msg/Float32,139.97689819335938
1774013921.681634,/metrics/pcl/fused/detections_count,std_msgs/msg/Int32,79
1774013921.681743,/metrics/pcl/fused/points_in,std_msgs/msg/Int32,42313
1774013921.681806,/metrics/pcl/fused/processing_ms,std_msgs/msg/Float32,144.0230712890625
1774013921.9206977,/metrics/pcl/fused/detections_count,std_msgs/msg/Int32,81
1774013921.920808,/metrics/pcl/fused/points_in,std_msgs/msg/Int32,42279
1774013921.9208822,/metrics/pcl/fused/processing_ms,std_msgs/msg/Float32,143.5963592529297
1774013922.1564264,/metrics/pcl/fused/detections_count,std_msgs/msg/Int32,80
1774013922.156533,/metrics/pcl/fused/points_in,std_msgs/msg/Int32,42252
1774013922.1565948,/metrics/pcl/fused/processing_ms,std_msgs/msg/Float32,142.89227294921875
1774013922.3964477,/metrics/pcl/fused/detections_count,std_msgs/msg/Int32,83
1774013922.3965554,/metrics/pcl/fused/points_in,std_msgs/msg/Int32,42235
1774013922.3966174,/metrics/pcl/fused/processing_ms,std_msgs/msg/Float32,144.17050170898438
1774013922.633182,/metrics/pcl/fused/detections_count,std_msgs/msg/Int32,77
1774013922.6332881,/metrics/pcl/fused/points_in,std_msgs/msg/Int32,42306
1774013922.6333525,/metrics/pcl/fused/processing_ms,std_msgs/msg/Float32,144.3503875732422
1774013922.8717597,/metrics/pcl/fused/detections_count,std_msgs/msg/Int32,73
1774013922.8718877,/metrics/pcl/fused/points_in,std_msgs/msg/Int32,42247
1774013922.8719616,/metrics/pcl/fused/processing_ms,std_msgs/msg/Float32,145.50933837890625
1774013923.350203,/metrics/pcl/fused/detections_count,std_msgs/msg/Int32,77
1774013923.350304,/metrics/pcl/fused/points_in,std_msgs/msg/Int32,42357
1774013923.3503578,/metrics/pcl/fused/processing_ms,std_msgs/msg/Float32,141.81727600097656
1774013923.591163,/metrics/pcl/fused/detections_count,std_msgs/msg/Int32,73
1774013923.5912845,/metrics/pcl/fused/points_in,std_msgs/msg/Int32,42321
1774013923.591351,/metrics/pcl/fused/processing_ms,std_msgs/msg/Float32,144.07489013671875
1774013923.827561,/metrics/pcl/fused/detections_count,std_msgs/msg/Int32,74
1774013923.8276713,/metrics/pcl/fused/points_in,std_msgs/msg/Int32,42351
1774013923.8277402,/metrics/pcl/fused/processing_ms,std_msgs/msg/Float32,143.09323120117188
1774013924.2949572,/metrics/pcl/fused/detections_count,std_msgs/msg/Int32,80
1774013924.2951066,/metrics/pcl/fused/processing_ms,std_msgs/msg/Float32,139.8225555419922
1774013924.295347,/metrics/pcl/fused/points_in,std_msgs/msg/Int32,42378
1774013924.5303593,/metrics/pcl/fused/detections_count,std_msgs/msg/Int32,75
1774013924.5304723,/metrics/pcl/fused/points_in,std_msgs/msg/Int32,42384
1774013924.5305405,/metrics/pcl/fused/processing_ms,std_msgs/msg/Float32,141.81332397460938
1774013925.236407,/metrics/pcl/fused/detections_count,std_msgs/msg/Int32,75
1774013925.2365162,/metrics/pcl/fused/points_in,std_msgs/msg/Int32,42215
1774013925.2365794,/metrics/pcl/fused/processing_ms,std_msgs/msg/Float32,142.18869018554688
1774013925.7112753,/metrics/pcl/fused/detections_count,std_msgs/msg/Int32,73
1774013925.7113855,/metrics/pcl/fused/points_in,std_msgs/msg/Int32,42289
1774013925.7114487,/metrics/pcl/fused/processing_ms,std_msgs/msg/Float32,149.09507751464844
1774013925.9430902,/metrics/pcl/fused/detections_count,std_msgs/msg/Int32,81
1774013925.943206,/metrics/pcl/fused/points_in,std_msgs/msg/Int32,42381
1774013925.9432733,/metrics/pcl/fused/processing_ms,std_msgs/msg/Float32,142.90554809570312
1774013926.1832151,/metrics/pcl/fused/detections_count,std_msgs/msg/Int32,82
1774013926.1833498,/metrics/pcl/fused/points_in,std_msgs/msg/Int32,42498
1774013926.183451,/metrics/pcl/fused/processing_ms,std_msgs/msg/Float32,141.9873046875
1774013926.4235706,/metrics/pcl/fused/detections_count,std_msgs/msg/Int32,78
1774013926.4236782,/metrics/pcl/fused/points_in,std_msgs/msg/Int32,42524
1774013926.423744,/metrics/pcl/fused/processing_ms,std_msgs/msg/Float32,143.07809448242188
1774013926.6646004,/metrics/pcl/fused/detections_count,std_msgs/msg/Int32,81
1774013926.6647534,/metrics/pcl/fused/points_in,std_msgs/msg/Int32,42505
1774013926.6648238,/metrics/pcl/fused/processing_ms,std_msgs/msg/Float32,144.2841796875
1774013926.9016113,/metrics/pcl/fused/detections_count,std_msgs/msg/Int32,82
1774013926.901729,/metrics/pcl/fused/points_in,std_msgs/msg/Int32,42347
1774013926.9018006,/metrics/pcl/fused/processing_ms,std_msgs/msg/Float32,143.8802032470703
1774013927.1391447,/metrics/pcl/fused/detections_count,std_msgs/msg/Int32,83
1774013927.139252,/metrics/pcl/fused/points_in,std_msgs/msg/Int32,42354
1774013927.139313,/metrics/pcl/fused/processing_ms,std_msgs/msg/Float32,139.1328125
1774013927.6179926,/metrics/pcl/fused/detections_count,std_msgs/msg/Int32,78
1774013927.6181188,/metrics/pcl/fused/points_in,std_msgs/msg/Int32,42501
1774013927.6182022,/metrics/pcl/fused/processing_ms,std_msgs/msg/Float32,142.43917846679688
1774013927.856654,/metrics/pcl/fused/detections_count,std_msgs/msg/Int32,81
1774013927.856774,/metrics/pcl/fused/points_in,std_msgs/msg/Int32,42401
1774013927.8568566,/metrics/pcl/fused/processing_ms,std_msgs/msg/Float32,144.173095703125
1774013928.0980136,/metrics/pcl/fused/detections_count,std_msgs/msg/Int32,83
1774013928.0981228,/metrics/pcl/fused/points_in,std_msgs/msg/Int32,42454
1774013928.0981855,/metrics/pcl/fused/processing_ms,std_msgs/msg/Float32,142.1465301513672
1774013928.3354173,/metrics/pcl/fused/detections_count,std_msgs/msg/Int32,87
1774013928.3355305,/metrics/pcl/fused/points_in,std_msgs/msg/Int32,42331
1774013928.3355865,/metrics/pcl/fused/processing_ms,std_msgs/msg/Float32,139.6566619873047
1774013928.581671,/metrics/pcl/fused/detections_count,std_msgs/msg/Int32,74
1774013928.5817823,/metrics/pcl/fused/points_in,std_msgs/msg/Int32,42446
1774013928.5818465,/metrics/pcl/fused/processing_ms,std_msgs/msg/Float32,143.7097625732422
1774013929.0683484,/metrics/pcl/fused/detections_count,std_msgs/msg/Int32,80
1774013929.0684433,/metrics/pcl/fused/points_in,std_msgs/msg/Int32,42523
1774013929.0684998,/metrics/pcl/fused/processing_ms,std_msgs/msg/Float32,146.63626098632812
1774013929.307211,/metrics/pcl/fused/detections_count,std_msgs/msg/Int32,79
1774013929.3073194,/metrics/pcl/fused/points_in,std_msgs/msg/Int32,42621
1774013929.3073924,/metrics/pcl/fused/processing_ms,std_msgs/msg/Float32,144.0044403076172
1774013929.7914956,/metrics/pcl/fused/detections_count,std_msgs/msg/Int32,79
1774013929.791607,/metrics/pcl/fused/points_in,std_msgs/msg/Int32,42489
1774013929.7916656,/metrics/pcl/fused/processing_ms,std_msgs/msg/Float32,144.93943786621094
1774013930.0368826,/metrics/pcl/fused/detections_count,std_msgs/msg/Int32,75
1774013930.0370493,/metrics/pcl/fused/points_in,std_msgs/msg/Int32,42445
1774013930.0371497,/metrics/pcl/fused/processing_ms,std_msgs/msg/Float32,142.24839782714844
1774013930.283928,/metrics/pcl/fused/detections_count,std_msgs/msg/Int32,80
1774013930.2840378,/metrics/pcl/fused/points_in,std_msgs/msg/Int32,42579
1774013930.2841063,/metrics/pcl/fused/processing_ms,std_msgs/msg/Float32,142.2538604736328
1774013930.53002,/metrics/pcl/fused/detections_count,std_msgs/msg/Int32,76
1774013930.5301354,/metrics/pcl/fused/points_in,std_msgs/msg/Int32,42515
1774013930.530207,/metrics/pcl/fused/processing_ms,std_msgs/msg/Float32,142.7466278076172
1774013930.764138,/metrics/pcl/fused/detections_count,std_msgs/msg/Int32,76
1774013930.7642655,/metrics/pcl/fused/points_in,std_msgs/msg/Int32,42377
1774013930.7643526,/metrics/pcl/fused/processing_ms,std_msgs/msg/Float32,144.01258850097656
1774013931.2166662,/metrics/pcl/fused/detections_count,std_msgs/msg/Int32,81
1774013931.2167752,/metrics/pcl/fused/points_in,std_msgs/msg/Int32,42403
1774013931.216838,/metrics/pcl/fused/processing_ms,std_msgs/msg/Float32,140.4358367919922
1774013931.4499547,/metrics/pcl/fused/detections_count,std_msgs/msg/Int32,82
1774013931.4500775,/metrics/pcl/fused/points_in,std_msgs/msg/Int32,42310
1774013931.4501536,/metrics/pcl/fused/processing_ms,std_msgs/msg/Float32,144.63255310058594
1774013931.6725235,/metrics/pcl/fused/detections_count,std_msgs/msg/Int32,78
1774013931.6726205,/metrics/pcl/fused/points_in,std_msgs/msg/Int32,42299
1774013931.67268,/metrics/pcl/fused/processing_ms,std_msgs/msg/Float32,141.56442260742188
1774013931.9012017,/metrics/pcl/fused/detections_count,std_msgs/msg/Int32,77
1774013931.9013197,/metrics/pcl/fused/points_in,std_msgs/msg/Int32,42445
1774013931.901393,/metrics/pcl/fused/processing_ms,std_msgs/msg/Float32,141.25376892089844
1774013932.1294634,/metrics/pcl/fused/detections_count,std_msgs/msg/Int32,84
1774013932.1295805,/metrics/pcl/fused/points_in,std_msgs/msg/Int32,42511
1774013932.1297007,/metrics/pcl/fused/processing_ms,std_msgs/msg/Float32,141.3891143798828
1774013932.3551967,/metrics/pcl/fused/detections_count,std_msgs/msg/Int32,76
1774013932.3553262,/metrics/pcl/fused/points_in,std_msgs/msg/Int32,42382
1774013932.3554044,/metrics/pcl/fused/processing_ms,std_msgs/msg/Float32,142.12335205078125
1774013932.8198936,/metrics/pcl/fused/detections_count,std_msgs/msg/Int32,83
1774013932.8200037,/metrics/pcl/fused/points_in,std_msgs/msg/Int32,42364
1774013932.8200684,/metrics/pcl/fused/processing_ms,std_msgs/msg/Float32,142.01220703125
1774013933.0544147,/metrics/pcl/fused/detections_count,std_msgs/msg/Int32,78
1774013933.0545893,/metrics/pcl/fused/points_in,std_msgs/msg/Int32,42441
1774013933.054718,/metrics/pcl/fused/processing_ms,std_msgs/msg/Float32,146.30215454101562
1774013933.2765837,/metrics/pcl/fused/detections_count,std_msgs/msg/Int32,80
1774013933.2766905,/metrics/pcl/fused/points_in,std_msgs/msg/Int32,42426
1774013933.2767532,/metrics/pcl/fused/processing_ms,std_msgs/msg/Float32,141.918212890625
1774013933.5032356,/metrics/pcl/fused/detections_count,std_msgs/msg/Int32,84
1774013933.503345,/metrics/pcl/fused/points_in,std_msgs/msg/Int32,42309
1774013933.5034094,/metrics/pcl/fused/processing_ms,std_msgs/msg/Float32,142.87818908691406
1774013933.9632986,/metrics/pcl/fused/detections_count,std_msgs/msg/Int32,84
1774013933.963395,/metrics/pcl/fused/points_in,std_msgs/msg/Int32,42423
1774013933.9634511,/metrics/pcl/fused/processing_ms,std_msgs/msg/Float32,144.3309783935547
1774013934.1930683,/metrics/pcl/fused/detections_count,std_msgs/msg/Int32,80
1774013934.1931646,/metrics/pcl/fused/points_in,std_msgs/msg/Int32,42427
1774013934.1932194,/metrics/pcl/fused/processing_ms,std_msgs/msg/Float32,143.37828063964844
1774013934.4214354,/metrics/pcl/fused/detections_count,std_msgs/msg/Int32,80
1774013934.4215631,/metrics/pcl/fused/points_in,std_msgs/msg/Int32,42485
1774013934.4216456,/metrics/pcl/fused/processing_ms,std_msgs/msg/Float32,142.12408447265625
1774013934.650395,/metrics/pcl/fused/detections_count,std_msgs/msg/Int32,85
1774013934.650503,/metrics/pcl/fused/points_in,std_msgs/msg/Int32,42397
1774013934.6505704,/metrics/pcl/fused/processing_ms,std_msgs/msg/Float32,141.81336975097656
1774013935.1095595,/metrics/pcl/fused/detections_count,std_msgs/msg/Int32,78
1774013935.1096663,/metrics/pcl/fused/points_in,std_msgs/msg/Int32,42435
1774013935.1097288,/metrics/pcl/fused/processing_ms,std_msgs/msg/Float32,143.03848266601562
1774013935.5638607,/metrics/pcl/fused/detections_count,std_msgs/msg/Int32,75
1774013935.5639825,/metrics/pcl/fused/points_in,std_msgs/msg/Int32,42251
1774013935.5640473,/metrics/pcl/fused/processing_ms,std_msgs/msg/Float32,142.64727783203125
1774013935.7965207,/metrics/pcl/fused/detections_count,std_msgs/msg/Int32,77
1774013935.7966158,/metrics/pcl/fused/points_in,std_msgs/msg/Int32,42459
1774013935.7966702,/metrics/pcl/fused/processing_ms,std_msgs/msg/Float32,146.332275390625
1774013936.026047,/metrics/pcl/fused/detections_count,std_msgs/msg/Int32,78
1774013936.0261438,/metrics/pcl/fused/points_in,std_msgs/msg/Int32,42440
1774013936.026198,/metrics/pcl/fused/processing_ms,std_msgs/msg/Float32,144.37896728515625
1774013936.2541785,/metrics/pcl/fused/detections_count,std_msgs/msg/Int32,79
1774013936.254303,/metrics/pcl/fused/points_in,std_msgs/msg/Int32,42332
1774013936.254391,/metrics/pcl/fused/processing_ms,std_msgs/msg/Float32,142.7229766845703
1774013936.4807255,/metrics/pcl/fused/detections_count,std_msgs/msg/Int32,79
1774013936.4808383,/metrics/pcl/fused/points_in,std_msgs/msg/Int32,42326
1774013936.4809122,/metrics/pcl/fused/processing_ms,std_msgs/msg/Float32,141.1969757080078
1774013936.7140884,/metrics/pcl/fused/detections_count,std_msgs/msg/Int32,78
1774013936.714198,/metrics/pcl/fused/points_in,std_msgs/msg/Int32,42397
1774013936.7142665,/metrics/pcl/fused/processing_ms,std_msgs/msg/Float32,143.60858154296875
1774013937.4030147,/metrics/pcl/fused/detections_count,std_msgs/msg/Int32,81
1774013937.4031243,/metrics/pcl/fused/points_in,std_msgs/msg/Int32,42445
1774013937.4031894,/metrics/pcl/fused/processing_ms,std_msgs/msg/Float32,144.24078369140625
1774013937.6327016,/metrics/pcl/fused/detections_count,std_msgs/msg/Int32,76
1774013937.6328099,/metrics/pcl/fused/points_in,std_msgs/msg/Int32,42462
1774013937.632885,/metrics/pcl/fused/processing_ms,std_msgs/msg/Float32,144.40655517578125
1774013937.8637536,/metrics/pcl/fused/detections_count,std_msgs/msg/Int32,84
1774013937.8638885,/metrics/pcl/fused/points_in,std_msgs/msg/Int32,42392
1774013937.8639617,/metrics/pcl/fused/processing_ms,std_msgs/msg/Float32,143.13026428222656
1774013938.096048,/metrics/pcl/fused/detections_count,std_msgs/msg/Int32,80
1774013938.0961637,/metrics/pcl/fused/points_in,std_msgs/msg/Int32,42428
1774013938.0962725,/metrics/pcl/fused/processing_ms,std_msgs/msg/Float32,144.2571258544922
1774013938.3275356,/metrics/pcl/fused/detections_count,std_msgs/msg/Int32,78
1774013938.327652,/metrics/pcl/fused/points_in,std_msgs/msg/Int32,42362
1774013938.3277137,/metrics/pcl/fused/processing_ms,std_msgs/msg/Float32,142.6517791748047
1774013938.5619562,/metrics/pcl/fused/detections_count,std_msgs/msg/Int32,79
1774013938.5620682,/metrics/pcl/fused/points_in,std_msgs/msg/Int32,42376
1774013938.5621376,/metrics/pcl/fused/processing_ms,std_msgs/msg/Float32,144.95498657226562
1774013938.7935536,/metrics/pcl/fused/detections_count,std_msgs/msg/Int32,83
1774013938.7936733,/metrics/pcl/fused/points_in,std_msgs/msg/Int32,42356
1774013938.7937517,/metrics/pcl/fused/processing_ms,std_msgs/msg/Float32,142.92047119140625
1774013939.0310423,/metrics/pcl/fused/detections_count,std_msgs/msg/Int32,81
1774013939.0311518,/metrics/pcl/fused/points_in,std_msgs/msg/Int32,42452
1774013939.0312307,/metrics/pcl/fused/processing_ms,std_msgs/msg/Float32,143.8251495361328
1774013939.4935715,/metrics/pcl/fused/detections_count,std_msgs/msg/Int32,77
1774013939.4936814,/metrics/pcl/fused/points_in,std_msgs/msg/Int32,42462
1774013939.493744,/metrics/pcl/fused/processing_ms,std_msgs/msg/Float32,142.264404296875
1774013939.7297208,/metrics/pcl/fused/detections_count,std_msgs/msg/Int32,81
1774013939.7298353,/metrics/pcl/fused/points_in,std_msgs/msg/Int32,42418
1774013939.7299109,/metrics/pcl/fused/processing_ms,std_msgs/msg/Float32,143.96751403808594
1774013940.4325085,/metrics/pcl/fused/detections_count,std_msgs/msg/Int32,78
1774013940.432628,/metrics/pcl/fused/points_in,std_msgs/msg/Int32,42439
1774013940.4326916,/metrics/pcl/fused/processing_ms,std_msgs/msg/Float32,142.375244140625
1774013940.9060771,/metrics/pcl/fused/detections_count,std_msgs/msg/Int32,75
1774013940.9062111,/metrics/pcl/fused/processing_ms,std_msgs/msg/Float32,142.26368713378906
1774013940.906504,/metrics/pcl/fused/points_in,std_msgs/msg/Int32,42379
1774013941.1476038,/metrics/pcl/fused/detections_count,std_msgs/msg/Int32,80
1774013941.1477134,/metrics/pcl/fused/points_in,std_msgs/msg/Int32,42406
1774013941.1477792,/metrics/pcl/fused/processing_ms,std_msgs/msg/Float32,145.6416473388672
1774013941.3810468,/metrics/pcl/fused/detections_count,std_msgs/msg/Int32,85
1774013941.3811574,/metrics/pcl/fused/points_in,std_msgs/msg/Int32,42420
1774013941.3812268,/metrics/pcl/fused/processing_ms,std_msgs/msg/Float32,143.1187286376953
1774013941.853618,/metrics/pcl/fused/detections_count,std_msgs/msg/Int32,76
1774013941.8537483,/metrics/pcl/fused/points_in,std_msgs/msg/Int32,42408
1774013941.8538325,/metrics/pcl/fused/processing_ms,std_msgs/msg/Float32,143.5450897216797
1774013942.0891888,/metrics/pcl/fused/detections_count,std_msgs/msg/Int32,81
1774013942.0893307,/metrics/pcl/fused/points_in,std_msgs/msg/Int32,42416
1774013942.0894003,/metrics/pcl/fused/processing_ms,std_msgs/msg/Float32,142.1683807373047
1774013942.3264918,/metrics/pcl/fused/detections_count,std_msgs/msg/Int32,80
1774013942.3265986,/metrics/pcl/fused/points_in,std_msgs/msg/Int32,42410
1774013942.3266687,/metrics/pcl/fused/processing_ms,std_msgs/msg/Float32,141.5048370361328
1774013942.5620043,/metrics/pcl/fused/detections_count,std_msgs/msg/Int32,81
1774013942.5621333,/metrics/pcl/fused/points_in,std_msgs/msg/Int32,42439
1774013942.5622172,/metrics/pcl/fused/processing_ms,std_msgs/msg/Float32,142.03929138183594
1774013943.034795,/metrics/pcl/fused/detections_count,std_msgs/msg/Int32,75
1774013943.0349164,/metrics/pcl/fused/points_in,std_msgs/msg/Int32,42227
1774013943.0349846,/metrics/pcl/fused/processing_ms,std_msgs/msg/Float32,141.9185791015625
1774013943.5042477,/metrics/pcl/fused/detections_count,std_msgs/msg/Int32,76
1774013943.504402,/metrics/pcl/fused/processing_ms,std_msgs/msg/Float32,143.77516174316406
1774013943.504592,/metrics/pcl/fused/points_in,std_msgs/msg/Int32,42447
1774013943.7412763,/metrics/pcl/fused/detections_count,std_msgs/msg/Int32,78
1774013943.741385,/metrics/pcl/fused/points_in,std_msgs/msg/Int32,42388
1774013943.7414472,/metrics/pcl/fused/processing_ms,std_msgs/msg/Float32,142.930419921875
1774013943.9776592,/metrics/pcl/fused/detections_count,std_msgs/msg/Int32,80
1774013943.977824,/metrics/pcl/fused/points_in,std_msgs/msg/Int32,42424
1774013943.9779115,/metrics/pcl/fused/processing_ms,std_msgs/msg/Float32,142.59457397460938
1774013944.2129142,/metrics/pcl/fused/detections_count,std_msgs/msg/Int32,82
1774013944.2130249,/metrics/pcl/fused/points_in,std_msgs/msg/Int32,42425
1774013944.213087,/metrics/pcl/fused/processing_ms,std_msgs/msg/Float32,139.5904083251953
1774013944.6874275,/metrics/pcl/fused/detections_count,std_msgs/msg/Int32,76
1774013944.6875398,/metrics/pcl/fused/points_in,std_msgs/msg/Int32,42405
1774013944.6876028,/metrics/pcl/fused/processing_ms,std_msgs/msg/Float32,142.12661743164062
1774013944.9308572,/metrics/pcl/fused/detections_count,std_msgs/msg/Int32,74
1774013944.9309812,/metrics/pcl/fused/points_in,std_msgs/msg/Int32,42370
1774013944.9310627,/metrics/pcl/fused/processing_ms,std_msgs/msg/Float32,144.2858123779297
1774013945.407483,/metrics/pcl/fused/detections_count,std_msgs/msg/Int32,73
1774013945.4075737,/metrics/pcl/fused/points_in,std_msgs/msg/Int32,42420
1774013945.4076285,/metrics/pcl/fused/processing_ms,std_msgs/msg/Float32,145.2082061767578
1774013945.6485708,/metrics/pcl/fused/detections_count,std_msgs/msg/Int32,74
1774013945.6486807,/metrics/pcl/fused/points_in,std_msgs/msg/Int32,42474
1774013945.648747,/metrics/pcl/fused/processing_ms,std_msgs/msg/Float32,149.7258758544922
1774013945.880272,/metrics/pcl/fused/detections_count,std_msgs/msg/Int32,78
1774013945.880372,/metrics/pcl/fused/points_in,std_msgs/msg/Int32,42446
1774013945.8804352,/metrics/pcl/fused/processing_ms,std_msgs/msg/Float32,143.205810546875
1774013946.119296,/metrics/pcl/fused/detections_count,std_msgs/msg/Int32,87
1774013946.1194954,/metrics/pcl/fused/points_in,std_msgs/msg/Int32,42480
1774013946.119575,/metrics/pcl/fused/processing_ms,std_msgs/msg/Float32,141.6191864013672
1774013946.3596,/metrics/pcl/fused/detections_count,std_msgs/msg/Int32,76
1774013946.359707,/metrics/pcl/fused/points_in,std_msgs/msg/Int32,42450
1774013946.359772,/metrics/pcl/fused/processing_ms,std_msgs/msg/Float32,142.5679168701172
1774013946.5988035,/metrics/pcl/fused/detections_count,std_msgs/msg/Int32,81
1774013946.5989404,/metrics/pcl/fused/points_in,std_msgs/msg/Int32,42448
1774013946.5990117,/metrics/pcl/fused/processing_ms,std_msgs/msg/Float32,143.1010284423828
1774013946.8411143,/metrics/pcl/fused/detections_count,std_msgs/msg/Int32,75
1774013946.8412278,/metrics/pcl/fused/points_in,std_msgs/msg/Int32,42404
1774013946.8412921,/metrics/pcl/fused/processing_ms,std_msgs/msg/Float32,143.30340576171875
1774013947.0844975,/metrics/pcl/fused/detections_count,std_msgs/msg/Int32,80
1774013947.084609,/metrics/pcl/fused/points_in,std_msgs/msg/Int32,42411
1774013947.0885816,/metrics/pcl/fused/processing_ms,std_msgs/msg/Float32,144.5493927001953
1774013947.3274462,/metrics/pcl/fused/detections_count,std_msgs/msg/Int32,81
1774013947.327559,/metrics/pcl/fused/points_in,std_msgs/msg/Int32,42421
1774013947.327625,/metrics/pcl/fused/processing_ms,std_msgs/msg/Float32,143.04273986816406
1774013947.5639915,/metrics/pcl/fused/detections_count,std_msgs/msg/Int32,85
1774013947.564113,/metrics/pcl/fused/points_in,std_msgs/msg/Int32,42376
1774013947.5641804,/metrics/pcl/fused/processing_ms,std_msgs/msg/Float32,139.85244750976562
1774013947.8155134,/metrics/pcl/fused/detections_count,std_msgs/msg/Int32,77
1774013947.815646,/metrics/pcl/fused/points_in,std_msgs/msg/Int32,42570
1774013947.8157253,/metrics/pcl/fused/processing_ms,std_msgs/msg/Float32,144.79725646972656
1774013948.0580919,/metrics/pcl/fused/detections_count,std_msgs/msg/Int32,76
1774013948.058211,/metrics/pcl/fused/points_in,std_msgs/msg/Int32,42429
1774013948.0582962,/metrics/pcl/fused/processing_ms,std_msgs/msg/Float32,143.52423095703125
1774013948.2991753,/metrics/pcl/fused/detections_count,std_msgs/msg/Int32,78
1774013948.2992933,/metrics/pcl/fused/points_in,std_msgs/msg/Int32,42445
1774013948.2993715,/metrics/pcl/fused/processing_ms,std_msgs/msg/Float32,141.6026611328125
1774013948.541799,/metrics/pcl/fused/detections_count,std_msgs/msg/Int32,79
1774013948.5419319,/metrics/pcl/fused/points_in,std_msgs/msg/Int32,42447
1774013948.5420048,/metrics/pcl/fused/processing_ms,std_msgs/msg/Float32,142.29254150390625
1774013948.7860014,/metrics/pcl/fused/detections_count,std_msgs/msg/Int32,77
1774013948.786119,/metrics/pcl/fused/points_in,std_msgs/msg/Int32,42483
1774013948.7861881,/metrics/pcl/fused/processing_ms,std_msgs/msg/Float32,146.26629638671875
1774013949.0233886,/metrics/pcl/fused/detections_count,std_msgs/msg/Int32,75
1774013949.0235033,/metrics/pcl/fused/points_in,std_msgs/msg/Int32,42464
1774013949.023569,/metrics/pcl/fused/processing_ms,std_msgs/msg/Float32,140.5596923828125
1774013949.2655647,/metrics/pcl/fused/detections_count,std_msgs/msg/Int32,81
1774013949.265693,/metrics/pcl/fused/points_in,std_msgs/msg/Int32,42408
1774013949.265757,/metrics/pcl/fused/processing_ms,std_msgs/msg/Float32,142.05630493164062
1774013949.5115194,/metrics/pcl/fused/detections_count,std_msgs/msg/Int32,81
1774013949.5117102,/metrics/pcl/fused/points_in,std_msgs/msg/Int32,42492
1774013949.5117815,/metrics/pcl/fused/processing_ms,std_msgs/msg/Float32,143.48521423339844
1774013949.7557507,/metrics/pcl/fused/detections_count,std_msgs/msg/Int32,79
1774013949.7559047,/metrics/pcl/fused/points_in,std_msgs/msg/Int32,42404
1774013949.7559967,/metrics/pcl/fused/processing_ms,std_msgs/msg/Float32,145.6674041748047
1774013949.9989278,/metrics/pcl/fused/detections_count,std_msgs/msg/Int32,73
1774013949.9990354,/metrics/pcl/fused/points_in,std_msgs/msg/Int32,42482
1774013949.9991024,/metrics/pcl/fused/processing_ms,std_msgs/msg/Float32,141.60684204101562
1774013950.229408,/metrics/pcl/fused/detections_count,std_msgs/msg/Int32,79
1774013950.229517,/metrics/pcl/fused/points_in,std_msgs/msg/Int32,42475
1774013950.2295809,/metrics/pcl/fused/processing_ms,std_msgs/msg/Float32,141.60960388183594
1774013950.4557831,/metrics/pcl/fused/detections_count,std_msgs/msg/Int32,80
1774013950.4559531,/metrics/pcl/fused/points_in,std_msgs/msg/Int32,42454
1774013950.456021,/metrics/pcl/fused/processing_ms,std_msgs/msg/Float32,142.85130310058594
1774013950.6815376,/metrics/pcl/fused/detections_count,std_msgs/msg/Int32,80
1774013950.6816597,/metrics/pcl/fused/points_in,std_msgs/msg/Int32,42447
1774013950.6817226,/metrics/pcl/fused/processing_ms,std_msgs/msg/Float32,142.83758544921875
1774013950.9091928,/metrics/pcl/fused/detections_count,std_msgs/msg/Int32,83
1774013950.9093058,/metrics/pcl/fused/points_in,std_msgs/msg/Int32,42458
1774013950.909377,/metrics/pcl/fused/processing_ms,std_msgs/msg/Float32,143.83572387695312
1774013951.1336353,/metrics/pcl/fused/detections_count,std_msgs/msg/Int32,81
1774013951.1337419,/metrics/pcl/fused/points_in,std_msgs/msg/Int32,42517
1774013951.1338043,/metrics/pcl/fused/processing_ms,std_msgs/msg/Float32,144.31700134277344
1774013951.3535364,/metrics/pcl/fused/detections_count,std_msgs/msg/Int32,78
1774013951.3536441,/metrics/pcl/fused/points_in,std_msgs/msg/Int32,42486
1774013951.3537092,/metrics/pcl/fused/processing_ms,std_msgs/msg/Float32,141.31185913085938
1774013951.5787294,/metrics/pcl/fused/detections_count,std_msgs/msg/Int32,76
1774013951.5788379,/metrics/pcl/fused/points_in,std_msgs/msg/Int32,42499
1774013951.578912,/metrics/pcl/fused/processing_ms,std_msgs/msg/Float32,143.34786987304688
1774013951.8075116,/metrics/pcl/fused/detections_count,std_msgs/msg/Int32,80
1774013951.8076205,/metrics/pcl/fused/points_in,std_msgs/msg/Int32,42571
1774013951.807681,/metrics/pcl/fused/processing_ms,std_msgs/msg/Float32,146.41761779785156
1774013952.027297,/metrics/pcl/fused/detections_count,std_msgs/msg/Int32,78
1774013952.0274155,/metrics/pcl/fused/points_in,std_msgs/msg/Int32,42509
1774013952.0274909,/metrics/pcl/fused/processing_ms,std_msgs/msg/Float32,141.88848876953125
1774013952.249699,/metrics/pcl/fused/detections_count,std_msgs/msg/Int32,81
1774013952.2498071,/metrics/pcl/fused/points_in,std_msgs/msg/Int32,42362
1774013952.2498808,/metrics/pcl/fused/processing_ms,std_msgs/msg/Float32,140.11648559570312
1774013952.7038603,/metrics/pcl/fused/detections_count,std_msgs/msg/Int32,72
1774013952.7039816,/metrics/pcl/fused/points_in,std_msgs/msg/Int32,42420
1774013952.7040446,/metrics/pcl/fused/processing_ms,std_msgs/msg/Float32,142.90603637695312
1774013952.9316468,/metrics/pcl/fused/detections_count,std_msgs/msg/Int32,78
1774013952.9317517,/metrics/pcl/fused/points_in,std_msgs/msg/Int32,42465
1774013952.9318144,/metrics/pcl/fused/processing_ms,std_msgs/msg/Float32,142.35137939453125
1774013953.1600327,/metrics/pcl/fused/detections_count,std_msgs/msg/Int32,82
1774013953.1601815,/metrics/pcl/fused/points_in,std_msgs/msg/Int32,42416
1774013953.160242,/metrics/pcl/fused/processing_ms,std_msgs/msg/Float32,141.51467895507812
1774013953.3875942,/metrics/pcl/fused/detections_count,std_msgs/msg/Int32,83
1774013953.3876889,/metrics/pcl/fused/points_in,std_msgs/msg/Int32,42500
1774013953.387742,/metrics/pcl/fused/processing_ms,std_msgs/msg/Float32,140.85621643066406
1774013953.6172779,/metrics/pcl/fused/detections_count,std_msgs/msg/Int32,80
1774013953.617378,/metrics/pcl/fused/points_in,std_msgs/msg/Int32,42418
1774013953.617439,/metrics/pcl/fused/processing_ms,std_msgs/msg/Float32,142.7396240234375
1774013953.8482363,/metrics/pcl/fused/detections_count,std_msgs/msg/Int32,75
1774013953.848345,/metrics/pcl/fused/points_in,std_msgs/msg/Int32,42417
1774013953.8484097,/metrics/pcl/fused/processing_ms,std_msgs/msg/Float32,141.9270477294922
1774013954.0781615,/metrics/pcl/fused/detections_count,std_msgs/msg/Int32,79
1774013954.0782676,/metrics/pcl/fused/points_in,std_msgs/msg/Int32,42416
1774013954.0783327,/metrics/pcl/fused/processing_ms,std_msgs/msg/Float32,141.95034790039062
1774013954.3072922,/metrics/pcl/fused/detections_count,std_msgs/msg/Int32,74
1774013954.3074074,/metrics/pcl/fused/points_in,std_msgs/msg/Int32,42417
1774013954.307475,/metrics/pcl/fused/processing_ms,std_msgs/msg/Float32,141.33013916015625
1774013954.5425003,/metrics/pcl/fused/detections_count,std_msgs/msg/Int32,81
1774013954.5426128,/metrics/pcl/fused/points_in,std_msgs/msg/Int32,42344
1774013954.5426738,/metrics/pcl/fused/processing_ms,std_msgs/msg/Float32,149.05303955078125
1774013954.791604,/metrics/pcl/fused/detections_count,std_msgs/msg/Int32,81
1774013954.7917593,/metrics/pcl/fused/points_in,std_msgs/msg/Int32,42445
1774013954.7918308,/metrics/pcl/fused/processing_ms,std_msgs/msg/Float32,143.27886962890625
1774013955.0224009,/metrics/pcl/fused/detections_count,std_msgs/msg/Int32,78
1774013955.0225074,/metrics/pcl/fused/points_in,std_msgs/msg/Int32,42359
1774013955.0225701,/metrics/pcl/fused/processing_ms,std_msgs/msg/Float32,143.8131561279297
1774013955.2498205,/metrics/pcl/fused/detections_count,std_msgs/msg/Int32,79
1774013955.2499588,/metrics/pcl/fused/points_in,std_msgs/msg/Int32,42322
1774013955.2500274,/metrics/pcl/fused/processing_ms,std_msgs/msg/Float32,141.98031616210938
1774013955.4821963,/metrics/pcl/fused/detections_count,std_msgs/msg/Int32,80
1774013955.4823084,/metrics/pcl/fused/points_in,std_msgs/msg/Int32,42406
1774013955.482375,/metrics/pcl/fused/processing_ms,std_msgs/msg/Float32,143.90646362304688
1774013955.714621,/metrics/pcl/fused/detections_count,std_msgs/msg/Int32,81
1774013955.7147388,/metrics/pcl/fused/points_in,std_msgs/msg/Int32,42323
1774013955.7148125,/metrics/pcl/fused/processing_ms,std_msgs/msg/Float32,145.96302795410156
1774013956.1811595,/metrics/pcl/fused/detections_count,std_msgs/msg/Int32,86
1774013956.181262,/metrics/pcl/fused/points_in,std_msgs/msg/Int32,42459
1774013956.1813257,/metrics/pcl/fused/processing_ms,std_msgs/msg/Float32,145.05889892578125
1774013956.4111478,/metrics/pcl/fused/detections_count,std_msgs/msg/Int32,81
1774013956.4112554,/metrics/pcl/fused/points_in,std_msgs/msg/Int32,42345
1774013956.411318,/metrics/pcl/fused/processing_ms,std_msgs/msg/Float32,142.54217529296875
1774013956.640889,/metrics/pcl/fused/detections_count,std_msgs/msg/Int32,82
1774013956.6409972,/metrics/pcl/fused/points_in,std_msgs/msg/Int32,42355
1774013956.6410615,/metrics/pcl/fused/processing_ms,std_msgs/msg/Float32,141.86825561523438
1774013956.87445,/metrics/pcl/fused/detections_count,std_msgs/msg/Int32,76
1774013956.8745894,/metrics/pcl/fused/points_in,std_msgs/msg/Int32,42500
1774013956.874686,/metrics/pcl/fused/processing_ms,std_msgs/msg/Float32,144.4426727294922
1774013957.0998197,/metrics/pcl/fused/detections_count,std_msgs/msg/Int32,81
1774013957.0999477,/metrics/pcl/fused/processing_ms,std_msgs/msg/Float32,141.94088745117188
1774013957.1001651,/metrics/pcl/fused/points_in,std_msgs/msg/Int32,42499
1774013957.3295226,/metrics/pcl/fused/detections_count,std_msgs/msg/Int32,80
1774013957.329638,/metrics/pcl/fused/points_in,std_msgs/msg/Int32,42427
1774013957.329702,/metrics/pcl/fused/processing_ms,std_msgs/msg/Float32,140.8863067626953
1774013957.5638855,/metrics/pcl/fused/detections_count,std_msgs/msg/Int32,77
1774013957.563981,/metrics/pcl/fused/points_in,std_msgs/msg/Int32,42382
1774013957.5640345,/metrics/pcl/fused/processing_ms,std_msgs/msg/Float32,142.75006103515625
1774013957.7984185,/metrics/pcl/fused/detections_count,std_msgs/msg/Int32,83
1774013957.7985327,/metrics/pcl/fused/points_in,std_msgs/msg/Int32,42430
1774013957.7986045,/metrics/pcl/fused/processing_ms,std_msgs/msg/Float32,143.75320434570312
1774013958.0283084,/metrics/pcl/fused/detections_count,std_msgs/msg/Int32,82
1774013958.0284257,/metrics/pcl/fused/points_in,std_msgs/msg/Int32,42404
1774013958.0284915,/metrics/pcl/fused/processing_ms,std_msgs/msg/Float32,140.26683044433594
1774013958.2643824,/metrics/pcl/fused/detections_count,std_msgs/msg/Int32,76
1774013958.2644916,/metrics/pcl/fused/points_in,std_msgs/msg/Int32,42433
1774013958.264554,/metrics/pcl/fused/processing_ms,std_msgs/msg/Float32,141.0110321044922
1774013958.5031407,/metrics/pcl/fused/detections_count,std_msgs/msg/Int32,78
1774013958.5032454,/metrics/pcl/fused/points_in,std_msgs/msg/Int32,42448
1774013958.5032985,/metrics/pcl/fused/processing_ms,std_msgs/msg/Float32,145.81903076171875
1774013958.967224,/metrics/pcl/fused/detections_count,std_msgs/msg/Int32,81
1774013958.9673355,/metrics/pcl/fused/points_in,std_msgs/msg/Int32,42347
1774013958.9673977,/metrics/pcl/fused/processing_ms,std_msgs/msg/Float32,141.3942413330078
1774013959.2051532,/metrics/pcl/fused/detections_count,std_msgs/msg/Int32,73
1774013959.2052622,/metrics/pcl/fused/points_in,std_msgs/msg/Int32,42382
1774013959.2053266,/metrics/pcl/fused/processing_ms,std_msgs/msg/Float32,143.92715454101562
1774013959.6683006,/metrics/pcl/fused/detections_count,std_msgs/msg/Int32,76
1774013959.6684115,/metrics/pcl/fused/points_in,std_msgs/msg/Int32,42404
1774013959.6684735,/metrics/pcl/fused/processing_ms,std_msgs/msg/Float32,144.03387451171875
1774013959.9071016,/metrics/pcl/fused/detections_count,std_msgs/msg/Int32,75
1774013959.9072556,/metrics/pcl/fused/points_in,std_msgs/msg/Int32,42405
1774013959.9073088,/metrics/pcl/fused/processing_ms,std_msgs/msg/Float32,143.31448364257812
1774013960.1422176,/metrics/pcl/fused/detections_count,std_msgs/msg/Int32,80
1774013960.142332,/metrics/pcl/fused/points_in,std_msgs/msg/Int32,42474
1774013960.1423972,/metrics/pcl/fused/processing_ms,std_msgs/msg/Float32,143.60433959960938
1774013960.3759787,/metrics/pcl/fused/detections_count,std_msgs/msg/Int32,83
1774013960.3760855,/metrics/pcl/fused/points_in,std_msgs/msg/Int32,42402
1774013960.376147,/metrics/pcl/fused/processing_ms,std_msgs/msg/Float32,141.95350646972656
1774013960.8420193,/metrics/pcl/fused/detections_count,std_msgs/msg/Int32,75
1774013960.8421373,/metrics/pcl/fused/points_in,std_msgs/msg/Int32,42455
1774013960.8422143,/metrics/pcl/fused/processing_ms,std_msgs/msg/Float32,143.40512084960938
1774013961.0745506,/metrics/pcl/fused/detections_count,std_msgs/msg/Int32,77
1774013961.074656,/metrics/pcl/fused/points_in,std_msgs/msg/Int32,42341
1774013961.074723,/metrics/pcl/fused/processing_ms,std_msgs/msg/Float32,143.67234802246094
1774013961.3144805,/metrics/pcl/fused/detections_count,std_msgs/msg/Int32,79
1774013961.3145826,/metrics/pcl/fused/points_in,std_msgs/msg/Int32,42357
1774013961.3146455,/metrics/pcl/fused/processing_ms,std_msgs/msg/Float32,146.47996520996094
1774013961.545922,/metrics/pcl/fused/detections_count,std_msgs/msg/Int32,80
1774013961.5460188,/metrics/pcl/fused/points_in,std_msgs/msg/Int32,42351
1774013961.546071,/metrics/pcl/fused/processing_ms,std_msgs/msg/Float32,143.58753967285156
1774013961.786547,/metrics/pcl/fused/detections_count,std_msgs/msg/Int32,85
1774013961.7866552,/metrics/pcl/fused/points_in,std_msgs/msg/Int32,42338
1774013961.78672,/metrics/pcl/fused/processing_ms,std_msgs/msg/Float32,148.72189331054688
1774013962.022881,/metrics/pcl/fused/detections_count,std_msgs/msg/Int32,82
1774013962.0230453,/metrics/pcl/fused/points_in,std_msgs/msg/Int32,42284
1774013962.023169,/metrics/pcl/fused/processing_ms,std_msgs/msg/Float32,142.11155700683594
1774013962.257345,/metrics/pcl/fused/detections_count,std_msgs/msg/Int32,77
1774013962.2574494,/metrics/pcl/fused/points_in,std_msgs/msg/Int32,42444
1774013962.257513,/metrics/pcl/fused/processing_ms,std_msgs/msg/Float32,142.61329650878906
1774013962.4960155,/metrics/pcl/fused/detections_count,std_msgs/msg/Int32,80
1774013962.4961393,/metrics/pcl/fused/points_in,std_msgs/msg/Int32,42335
1774013962.4962032,/metrics/pcl/fused/processing_ms,std_msgs/msg/Float32,142.9564971923828
1774013962.730236,/metrics/pcl/fused/detections_count,std_msgs/msg/Int32,81
1774013962.730378,/metrics/pcl/fused/points_in,std_msgs/msg/Int32,42427
1774013962.7304726,/metrics/pcl/fused/processing_ms,std_msgs/msg/Float32,141.7017059326172
1774013962.9682758,/metrics/pcl/fused/detections_count,std_msgs/msg/Int32,79
1774013962.9683871,/metrics/pcl/fused/points_in,std_msgs/msg/Int32,42500
1774013962.96845,/metrics/pcl/fused/processing_ms,std_msgs/msg/Float32,142.49969482421875
1774013963.203805,/metrics/pcl/fused/detections_count,std_msgs/msg/Int32,79
1774013963.2039237,/metrics/pcl/fused/points_in,std_msgs/msg/Int32,42349
1774013963.204013,/metrics/pcl/fused/processing_ms,std_msgs/msg/Float32,141.01507568359375
1774013963.9105144,/metrics/pcl/fused/detections_count,std_msgs/msg/Int32,79
1774013963.9106393,/metrics/pcl/fused/points_in,std_msgs/msg/Int32,42320
1774013963.910712,/metrics/pcl/fused/processing_ms,std_msgs/msg/Float32,143.36465454101562
1774013964.1455088,/metrics/pcl/fused/detections_count,std_msgs/msg/Int32,86
1774013964.1456196,/metrics/pcl/fused/points_in,std_msgs/msg/Int32,42408
1774013964.145684,/metrics/pcl/fused/processing_ms,std_msgs/msg/Float32,142.3729248046875
1774013964.382849,/metrics/pcl/fused/detections_count,std_msgs/msg/Int32,81
1774013964.382968,/metrics/pcl/fused/points_in,std_msgs/msg/Int32,42477
1774013964.3830311,/metrics/pcl/fused/processing_ms,std_msgs/msg/Float32,141.62451171875
1774013964.8577065,/metrics/pcl/fused/detections_count,std_msgs/msg/Int32,75
1774013964.8578324,/metrics/pcl/fused/points_in,std_msgs/msg/Int32,42513
1774013964.8579116,/metrics/pcl/fused/processing_ms,std_msgs/msg/Float32,145.95082092285156
1774013965.0921245,/metrics/pcl/fused/detections_count,std_msgs/msg/Int32,79
1774013965.0922318,/metrics/pcl/fused/points_in,std_msgs/msg/Int32,42485
1774013965.0922942,/metrics/pcl/fused/processing_ms,std_msgs/msg/Float32,141.96412658691406
1774013965.325194,/metrics/pcl/fused/detections_count,std_msgs/msg/Int32,77
1774013965.3253114,/metrics/pcl/fused/points_in,std_msgs/msg/Int32,42372
1774013965.325394,/metrics/pcl/fused/processing_ms,std_msgs/msg/Float32,140.53955078125
1774013965.801146,/metrics/pcl/fused/detections_count,std_msgs/msg/Int32,76
1774013965.801293,/metrics/pcl/fused/points_in,std_msgs/msg/Int32,42385
1774013965.801356,/metrics/pcl/fused/processing_ms,std_msgs/msg/Float32,143.60781860351562
1774013966.0409088,/metrics/pcl/fused/detections_count,std_msgs/msg/Int32,86
1774013966.041035,/metrics/pcl/fused/points_in,std_msgs/msg/Int32,42398
1774013966.0410986,/metrics/pcl/fused/processing_ms,std_msgs/msg/Float32,143.1383056640625
1774013966.2813618,/metrics/pcl/fused/detections_count,std_msgs/msg/Int32,83
1774013966.28153,/metrics/pcl/fused/points_in,std_msgs/msg/Int32,42462
1774013966.2816198,/metrics/pcl/fused/processing_ms,std_msgs/msg/Float32,142.96090698242188
1774013966.5225165,/metrics/pcl/fused/detections_count,std_msgs/msg/Int32,86
1774013966.5226238,/metrics/pcl/fused/points_in,std_msgs/msg/Int32,42475
1774013966.5226867,/metrics/pcl/fused/processing_ms,std_msgs/msg/Float32,143.36691284179688
1774013966.7627075,/metrics/pcl/fused/detections_count,std_msgs/msg/Int32,84
1774013966.762828,/metrics/pcl/fused/points_in,std_msgs/msg/Int32,42539
1774013966.7629285,/metrics/pcl/fused/processing_ms,std_msgs/msg/Float32,143.201904296875
1774013967.0050578,/metrics/pcl/fused/detections_count,std_msgs/msg/Int32,83
1774013967.0051696,/metrics/pcl/fused/points_in,std_msgs/msg/Int32,42382
1774013967.0052347,/metrics/pcl/fused/processing_ms,std_msgs/msg/Float32,143.45556640625
1774013967.247041,/metrics/pcl/fused/detections_count,std_msgs/msg/Int32,80
1774013967.2471378,/metrics/pcl/fused/points_in,std_msgs/msg/Int32,42456
1774013967.247191,/metrics/pcl/fused/processing_ms,std_msgs/msg/Float32,143.22305297851562
1774013967.7319937,/metrics/pcl/fused/detections_count,std_msgs/msg/Int32,77
1774013967.732106,/metrics/pcl/fused/points_in,std_msgs/msg/Int32,42500
1774013967.7321708,/metrics/pcl/fused/processing_ms,std_msgs/msg/Float32,144.5032196044922
1774013968.4609818,/metrics/pcl/fused/detections_count,std_msgs/msg/Int32,83
1774013968.4611387,/metrics/pcl/fused/points_in,std_msgs/msg/Int32,42540
1774013968.4612045,/metrics/pcl/fused/processing_ms,std_msgs/msg/Float32,140.6085205078125
1774013968.7110856,/metrics/pcl/fused/detections_count,std_msgs/msg/Int32,81
1774013968.711212,/metrics/pcl/fused/points_in,std_msgs/msg/Int32,42472
1774013968.7112763,/metrics/pcl/fused/processing_ms,std_msgs/msg/Float32,143.4827117919922
1774013969.6707199,/metrics/pcl/fused/detections_count,std_msgs/msg/Int32,81
1774013969.670847,/metrics/pcl/fused/points_in,std_msgs/msg/Int32,42368
1774013969.6709352,/metrics/pcl/fused/processing_ms,std_msgs/msg/Float32,145.9761199951172
1774013969.896169,/metrics/pcl/fused/detections_count,std_msgs/msg/Int32,79
1774013969.8963327,/metrics/pcl/fused/processing_ms,std_msgs/msg/Float32,145.0286407470703
1774013969.8966866,/metrics/pcl/fused/points_in,std_msgs/msg/Int32,42303
1774013970.340531,/metrics/pcl/fused/detections_count,std_msgs/msg/Int32,79
1774013970.3406377,/metrics/pcl/fused/points_in,std_msgs/msg/Int32,42389
1774013970.3406994,/metrics/pcl/fused/processing_ms,std_msgs/msg/Float32,141.8828582763672
1774013970.564408,/metrics/pcl/fused/detections_count,std_msgs/msg/Int32,81
1774013970.5645196,/metrics/pcl/fused/points_in,std_msgs/msg/Int32,42437
1774013970.5645847,/metrics/pcl/fused/processing_ms,std_msgs/msg/Float32,142.27978515625
1774013971.2377186,/metrics/pcl/fused/detections_count,std_msgs/msg/Int32,81
1774013971.2378316,/metrics/pcl/fused/points_in,std_msgs/msg/Int32,42450
1774013971.2379148,/metrics/pcl/fused/processing_ms,std_msgs/msg/Float32,141.69300842285156
1774013971.9136894,/metrics/pcl/fused/detections_count,std_msgs/msg/Int32,81
1774013971.9138088,/metrics/pcl/fused/points_in,std_msgs/msg/Int32,42360
1774013971.9138951,/metrics/pcl/fused/processing_ms,std_msgs/msg/Float32,141.80023193359375
1774013972.1430886,/metrics/pcl/fused/detections_count,std_msgs/msg/Int32,78
1774013972.1431963,/metrics/pcl/fused/points_in,std_msgs/msg/Int32,42502
1774013972.1432607,/metrics/pcl/fused/processing_ms,std_msgs/msg/Float32,143.884765625
1774013972.5942054,/metrics/pcl/fused/detections_count,std_msgs/msg/Int32,78
1774013972.5943305,/metrics/pcl/fused/points_in,std_msgs/msg/Int32,42412
1774013972.5944002,/metrics/pcl/fused/processing_ms,std_msgs/msg/Float32,145.40692138671875
1774013972.8238873,/metrics/pcl/fused/detections_count,std_msgs/msg/Int32,74
1774013972.8239858,/metrics/pcl/fused/points_in,std_msgs/msg/Int32,42392
1774013972.8240407,/metrics/pcl/fused/processing_ms,std_msgs/msg/Float32,143.3560028076172
1774013973.0508547,/metrics/pcl/fused/detections_count,std_msgs/msg/Int32,76
1774013973.0509763,/metrics/pcl/fused/points_in,std_msgs/msg/Int32,42495
1774013973.0510468,/metrics/pcl/fused/processing_ms,std_msgs/msg/Float32,142.1993865966797
1774013973.5037055,/metrics/pcl/fused/detections_count,std_msgs/msg/Int32,81
1774013973.5038035,/metrics/pcl/fused/points_in,std_msgs/msg/Int32,42382
1774013973.5038574,/metrics/pcl/fused/processing_ms,std_msgs/msg/Float32,142.2150421142578
1774013973.7343771,/metrics/pcl/fused/detections_count,std_msgs/msg/Int32,79
1774013973.7344732,/metrics/pcl/fused/points_in,std_msgs/msg/Int32,42422
1774013973.7345257,/metrics/pcl/fused/processing_ms,std_msgs/msg/Float32,142.31358337402344
1774013974.1983135,/metrics/pcl/fused/detections_count,std_msgs/msg/Int32,76
1774013974.1984236,/metrics/pcl/fused/points_in,std_msgs/msg/Int32,42478
1774013974.198495,/metrics/pcl/fused/processing_ms,std_msgs/msg/Float32,144.32855224609375
1774013974.8874595,/metrics/pcl/fused/detections_count,std_msgs/msg/Int32,80
1774013974.887603,/metrics/pcl/fused/points_in,std_msgs/msg/Int32,42442
1774013974.8876927,/metrics/pcl/fused/processing_ms,std_msgs/msg/Float32,140.94525146484375
1774013975.3511188,/metrics/pcl/fused/detections_count,std_msgs/msg/Int32,76
1774013975.3512282,/metrics/pcl/fused/points_in,std_msgs/msg/Int32,42408
1774013975.351295,/metrics/pcl/fused/processing_ms,std_msgs/msg/Float32,139.85122680664062
1774013975.8197927,/metrics/pcl/fused/detections_count,std_msgs/msg/Int32,82
1774013975.8199117,/metrics/pcl/fused/points_in,std_msgs/msg/Int32,42451
1774013975.823885,/metrics/pcl/fused/processing_ms,std_msgs/msg/Float32,146.0775146484375
1774013976.5088983,/metrics/pcl/fused/detections_count,std_msgs/msg/Int32,81
1774013976.5090287,/metrics/pcl/fused/points_in,std_msgs/msg/Int32,42454
1774013976.5091028,/metrics/pcl/fused/processing_ms,std_msgs/msg/Float32,149.88404846191406
1774013976.9761195,/metrics/pcl/fused/detections_count,std_msgs/msg/Int32,78
1774013976.9762623,/metrics/pcl/fused/points_in,std_msgs/msg/Int32,42493
1774013976.9763477,/metrics/pcl/fused/processing_ms,std_msgs/msg/Float32,146.35952758789062
1774013977.433446,/metrics/pcl/fused/detections_count,std_msgs/msg/Int32,75
1774013977.4335568,/metrics/pcl/fused/points_in,std_msgs/msg/Int32,42471
1774013977.4336221,/metrics/pcl/fused/processing_ms,std_msgs/msg/Float32,142.38343811035156
1774013978.353119,/metrics/pcl/fused/detections_count,std_msgs/msg/Int32,82
1774013978.353244,/metrics/pcl/fused/points_in,std_msgs/msg/Int32,42517
1774013978.353322,/metrics/pcl/fused/processing_ms,std_msgs/msg/Float32,142.59664916992188
1774013978.5917096,/metrics/pcl/fused/detections_count,std_msgs/msg/Int32,85
1774013978.5918195,/metrics/pcl/fused/points_in,std_msgs/msg/Int32,42462
1774013978.5918982,/metrics/pcl/fused/processing_ms,std_msgs/msg/Float32,145.60154724121094
1774013978.8249063,/metrics/pcl/fused/detections_count,std_msgs/msg/Int32,76
1774013978.8250551,/metrics/pcl/fused/points_in,std_msgs/msg/Int32,42462
1774013978.8251336,/metrics/pcl/fused/processing_ms,std_msgs/msg/Float32,145.3386688232422
1774013979.5213354,/metrics/pcl/fused/detections_count,std_msgs/msg/Int32,76
1774013979.521447,/metrics/pcl/fused/points_in,std_msgs/msg/Int32,42363
1774013979.5215287,/metrics/pcl/fused/processing_ms,std_msgs/msg/Float32,143.50839233398438
1774013979.7544987,/metrics/pcl/fused/detections_count,std_msgs/msg/Int32,84
1774013979.75463,/metrics/pcl/fused/points_in,std_msgs/msg/Int32,42482
1774013979.7546968,/metrics/pcl/fused/processing_ms,std_msgs/msg/Float32,143.20872497558594
1774013979.9950817,/metrics/pcl/fused/detections_count,std_msgs/msg/Int32,78
1774013979.9951928,/metrics/pcl/fused/points_in,std_msgs/msg/Int32,42502
1774013979.9952588,/metrics/pcl/fused/processing_ms,std_msgs/msg/Float32,147.68153381347656
1774013980.4569423,/metrics/pcl/fused/detections_count,std_msgs/msg/Int32,76
1774013980.4571311,/metrics/pcl/fused/points_in,std_msgs/msg/Int32,42468
1774013980.4572313,/metrics/pcl/fused/processing_ms,std_msgs/msg/Float32,142.19076538085938
1774013980.6907353,/metrics/pcl/fused/detections_count,std_msgs/msg/Int32,74
1774013980.690857,/metrics/pcl/fused/points_in,std_msgs/msg/Int32,42426
1774013980.6909564,/metrics/pcl/fused/processing_ms,std_msgs/msg/Float32,143.2683868408203
1774013980.9280758,/metrics/pcl/fused/detections_count,std_msgs/msg/Int32,79
1774013980.9281785,/metrics/pcl/fused/points_in,std_msgs/msg/Int32,42469
1774013980.9282334,/metrics/pcl/fused/processing_ms,std_msgs/msg/Float32,141.69729614257812
1774013981.1653633,/metrics/pcl/fused/detections_count,std_msgs/msg/Int32,78
1774013981.1654825,/metrics/pcl/fused/points_in,std_msgs/msg/Int32,42392
1774013981.1655648,/metrics/pcl/fused/processing_ms,std_msgs/msg/Float32,143.2791748046875
1774013981.3983808,/metrics/pcl/fused/detections_count,std_msgs/msg/Int32,80
1774013981.3985093,/metrics/pcl/fused/points_in,std_msgs/msg/Int32,42405
1774013981.3985746,/metrics/pcl/fused/processing_ms,std_msgs/msg/Float32,140.73492431640625
1774013981.8715956,/metrics/pcl/fused/detections_count,std_msgs/msg/Int32,79
1774013981.8717117,/metrics/pcl/fused/points_in,std_msgs/msg/Int32,42549
1774013981.871776,/metrics/pcl/fused/processing_ms,std_msgs/msg/Float32,143.958740234375
1774013982.1112554,/metrics/pcl/fused/detections_count,std_msgs/msg/Int32,76
1774013982.1113641,/metrics/pcl/fused/points_in,std_msgs/msg/Int32,42401
1774013982.1114275,/metrics/pcl/fused/processing_ms,std_msgs/msg/Float32,141.9833984375
1774013982.8237016,/metrics/pcl/fused/detections_count,std_msgs/msg/Int32,77
1774013982.823853,/metrics/pcl/fused/points_in,std_msgs/msg/Int32,42475
1774013982.8239365,/metrics/pcl/fused/processing_ms,std_msgs/msg/Float32,143.57699584960938
1774013983.062399,/metrics/pcl/fused/detections_count,std_msgs/msg/Int32,77
1774013983.062513,/metrics/pcl/fused/points_in,std_msgs/msg/Int32,42482
1774013983.0625782,/metrics/pcl/fused/processing_ms,std_msgs/msg/Float32,144.02496337890625
1774013983.5340176,/metrics/pcl/fused/detections_count,std_msgs/msg/Int32,78
1774013983.5341406,/metrics/pcl/fused/points_in,std_msgs/msg/Int32,42369
1774013983.5342128,/metrics/pcl/fused/processing_ms,std_msgs/msg/Float32,141.9700164794922
1774013983.773778,/metrics/pcl/fused/detections_count,std_msgs/msg/Int32,79
1774013983.7739055,/metrics/pcl/fused/points_in,std_msgs/msg/Int32,42452
1774013983.773973,/metrics/pcl/fused/processing_ms,std_msgs/msg/Float32,142.86361694335938
1774013984.0118897,/metrics/pcl/fused/detections_count,std_msgs/msg/Int32,76
1774013984.0120802,/metrics/pcl/fused/points_in,std_msgs/msg/Int32,42411
1774013984.012202,/metrics/pcl/fused/processing_ms,std_msgs/msg/Float32,143.62060546875
1774013984.248053,/metrics/pcl/fused/detections_count,std_msgs/msg/Int32,79
1774013984.2481503,/metrics/pcl/fused/points_in,std_msgs/msg/Int32,42514
1774013984.2482061,/metrics/pcl/fused/processing_ms,std_msgs/msg/Float32,145.69683837890625
1774013984.4818335,/metrics/pcl/fused/detections_count,std_msgs/msg/Int32,79
1774013984.4819503,/metrics/pcl/fused/points_in,std_msgs/msg/Int32,42501
1774013984.4820275,/metrics/pcl/fused/processing_ms,std_msgs/msg/Float32,143.4610595703125
1774013984.7170317,/metrics/pcl/fused/detections_count,std_msgs/msg/Int32,76
1774013984.7171285,/metrics/pcl/fused/points_in,std_msgs/msg/Int32,42470
1774013984.7171803,/metrics/pcl/fused/processing_ms,std_msgs/msg/Float32,142.98887634277344
1774013984.960053,/metrics/pcl/fused/detections_count,std_msgs/msg/Int32,80
1774013984.9601603,/metrics/pcl/fused/points_in,std_msgs/msg/Int32,42395
1774013984.9602275,/metrics/pcl/fused/processing_ms,std_msgs/msg/Float32,146.0953369140625
1774013985.6671956,/metrics/pcl/fused/detections_count,std_msgs/msg/Int32,79
1774013985.6673074,/metrics/pcl/fused/points_in,std_msgs/msg/Int32,42464
1774013985.6673715,/metrics/pcl/fused/processing_ms,std_msgs/msg/Float32,145.12384033203125
1774013985.9025419,/metrics/pcl/fused/detections_count,std_msgs/msg/Int32,77
1774013985.9026556,/metrics/pcl/fused/points_in,std_msgs/msg/Int32,42418
1774013985.9027236,/metrics/pcl/fused/processing_ms,std_msgs/msg/Float32,144.55996704101562
1774013986.3760352,/metrics/pcl/fused/detections_count,std_msgs/msg/Int32,77
1774013986.3761818,/metrics/pcl/fused/points_in,std_msgs/msg/Int32,42462
1774013986.3762803,/metrics/pcl/fused/processing_ms,std_msgs/msg/Float32,144.24789428710938
1774013986.6158092,/metrics/pcl/fused/detections_count,std_msgs/msg/Int32,78
1774013986.615924,/metrics/pcl/fused/points_in,std_msgs/msg/Int32,42510
1774013986.615998,/metrics/pcl/fused/processing_ms,std_msgs/msg/Float32,145.9953155517578
1774013986.85837,/metrics/pcl/fused/detections_count,std_msgs/msg/Int32,80
1774013986.8584802,/metrics/pcl/fused/points_in,std_msgs/msg/Int32,42486
1774013986.858546,/metrics/pcl/fused/processing_ms,std_msgs/msg/Float32,145.59951782226562
1774013987.0951407,/metrics/pcl/fused/detections_count,std_msgs/msg/Int32,78
1774013987.0952787,/metrics/pcl/fused/points_in,std_msgs/msg/Int32,42456
1774013987.095332,/metrics/pcl/fused/processing_ms,std_msgs/msg/Float32,143.8524169921875
1774013987.571631,/metrics/pcl/fused/detections_count,std_msgs/msg/Int32,78
1774013987.5717406,/metrics/pcl/fused/points_in,std_msgs/msg/Int32,42501
1774013987.5718098,/metrics/pcl/fused/processing_ms,std_msgs/msg/Float32,142.78189086914062
1774013987.8174016,/metrics/pcl/fused/detections_count,std_msgs/msg/Int32,83
1774013987.817528,/metrics/pcl/fused/points_in,std_msgs/msg/Int32,42345
1774013987.8176005,/metrics/pcl/fused/processing_ms,std_msgs/msg/Float32,144.20396423339844
1774013988.0559862,/metrics/pcl/fused/detections_count,std_msgs/msg/Int32,82
1774013988.0560992,/metrics/pcl/fused/points_in,std_msgs/msg/Int32,42387
1774013988.0561862,/metrics/pcl/fused/processing_ms,std_msgs/msg/Float32,142.48513793945312
1774013988.5402148,/metrics/pcl/fused/detections_count,std_msgs/msg/Int32,79
1774013988.5403352,/metrics/pcl/fused/points_in,std_msgs/msg/Int32,42380
1774013988.540401,/metrics/pcl/fused/processing_ms,std_msgs/msg/Float32,144.79733276367188
1774013988.782821,/metrics/pcl/fused/detections_count,std_msgs/msg/Int32,81
1774013988.7829373,/metrics/pcl/fused/points_in,std_msgs/msg/Int32,42429
1774013988.783006,/metrics/pcl/fused/processing_ms,std_msgs/msg/Float32,144.21603393554688
1774013989.2375154,/metrics/pcl/fused/detections_count,std_msgs/msg/Int32,76
1774013989.2376401,/metrics/pcl/fused/points_in,std_msgs/msg/Int32,42429
1774013989.2377017,/metrics/pcl/fused/processing_ms,std_msgs/msg/Float32,143.22561645507812
1774013989.466532,/metrics/pcl/fused/detections_count,std_msgs/msg/Int32,81
1774013989.466639,/metrics/pcl/fused/points_in,std_msgs/msg/Int32,42348
1774013989.466702,/metrics/pcl/fused/processing_ms,std_msgs/msg/Float32,145.6072540283203
1774013989.6895545,/metrics/pcl/fused/detections_count,std_msgs/msg/Int32,79
1774013989.6896608,/metrics/pcl/fused/points_in,std_msgs/msg/Int32,42288
1774013989.6897235,/metrics/pcl/fused/processing_ms,std_msgs/msg/Float32,143.73182678222656
1774013989.917993,/metrics/pcl/fused/detections_count,std_msgs/msg/Int32,81
1774013989.9180882,/metrics/pcl/fused/points_in,std_msgs/msg/Int32,42264
1774013989.9181423,/metrics/pcl/fused/processing_ms,std_msgs/msg/Float32,145.02569580078125
1774013990.1426468,/metrics/pcl/fused/detections_count,std_msgs/msg/Int32,82
1774013990.1427436,/metrics/pcl/fused/points_in,std_msgs/msg/Int32,42400
1774013990.1428022,/metrics/pcl/fused/processing_ms,std_msgs/msg/Float32,143.6158905029297
1774013990.5912857,/metrics/pcl/fused/detections_count,std_msgs/msg/Int32,82
1774013990.5913851,/metrics/pcl/fused/points_in,std_msgs/msg/Int32,42327
1774013990.5914392,/metrics/pcl/fused/processing_ms,std_msgs/msg/Float32,143.0525665283203
1774013990.8162818,/metrics/pcl/fused/detections_count,std_msgs/msg/Int32,83
1774013990.8164065,/metrics/pcl/fused/points_in,std_msgs/msg/Int32,42367
1774013990.8165064,/metrics/pcl/fused/processing_ms,std_msgs/msg/Float32,141.1678009033203
1774013991.4981833,/metrics/pcl/fused/detections_count,std_msgs/msg/Int32,81
1774013991.498282,/metrics/pcl/fused/points_in,std_msgs/msg/Int32,42368
1774013991.4983358,/metrics/pcl/fused/processing_ms,std_msgs/msg/Float32,142.69784545898438
1774013991.7294967,/metrics/pcl/fused/detections_count,std_msgs/msg/Int32,79
1774013991.7296004,/metrics/pcl/fused/points_in,std_msgs/msg/Int32,42395
1774013991.729653,/metrics/pcl/fused/processing_ms,std_msgs/msg/Float32,145.03970336914062
1774013991.9561968,/metrics/pcl/fused/detections_count,std_msgs/msg/Int32,82
1774013991.9562948,/metrics/pcl/fused/points_in,std_msgs/msg/Int32,42306
1774013991.9563627,/metrics/pcl/fused/processing_ms,std_msgs/msg/Float32,141.2362060546875
1774013992.1923935,/metrics/pcl/fused/detections_count,std_msgs/msg/Int32,83
1774013992.1925023,/metrics/pcl/fused/points_in,std_msgs/msg/Int32,42495
1774013992.1925914,/metrics/pcl/fused/processing_ms,std_msgs/msg/Float32,146.53359985351562
1774013992.4220672,/metrics/pcl/fused/detections_count,std_msgs/msg/Int32,79
1774013992.422178,/metrics/pcl/fused/points_in,std_msgs/msg/Int32,42437
1774013992.4222507,/metrics/pcl/fused/processing_ms,std_msgs/msg/Float32,144.59165954589844
1774013992.6493876,/metrics/pcl/fused/detections_count,std_msgs/msg/Int32,82
1774013992.6495543,/metrics/pcl/fused/points_in,std_msgs/msg/Int32,42312
1774013992.6496222,/metrics/pcl/fused/processing_ms,std_msgs/msg/Float32,142.04042053222656
1774013993.1221402,/metrics/pcl/fused/detections_count,std_msgs/msg/Int32,79
1774013993.1222587,/metrics/pcl/fused/points_in,std_msgs/msg/Int32,42332
1774013993.1223304,/metrics/pcl/fused/processing_ms,std_msgs/msg/Float32,145.94053649902344
1774013993.3490677,/metrics/pcl/fused/detections_count,std_msgs/msg/Int32,80
1774013993.3492124,/metrics/pcl/fused/points_in,std_msgs/msg/Int32,42474
1774013993.3493094,/metrics/pcl/fused/processing_ms,std_msgs/msg/Float32,141.19161987304688
1774013993.5847957,/metrics/pcl/fused/detections_count,std_msgs/msg/Int32,83
1774013993.584902,/metrics/pcl/fused/points_in,std_msgs/msg/Int32,42396
1774013993.5849607,/metrics/pcl/fused/processing_ms,std_msgs/msg/Float32,145.02630615234375
1774013993.8156037,/metrics/pcl/fused/detections_count,std_msgs/msg/Int32,81
1774013993.8157544,/metrics/pcl/fused/processing_ms,std_msgs/msg/Float32,144.63026428222656
1774013993.816092,/metrics/pcl/fused/points_in,std_msgs/msg/Int32,42486
1774013994.044756,/metrics/pcl/fused/detections_count,std_msgs/msg/Int32,83
1774013994.044929,/metrics/pcl/fused/points_in,std_msgs/msg/Int32,42325
1774013994.045012,/metrics/pcl/fused/processing_ms,std_msgs/msg/Float32,141.42335510253906
1774013994.2787418,/metrics/pcl/fused/detections_count,std_msgs/msg/Int32,76
1774013994.278865,/metrics/pcl/fused/points_in,std_msgs/msg/Int32,42549
1774013994.2789602,/metrics/pcl/fused/processing_ms,std_msgs/msg/Float32,144.2751922607422
1774013994.5077028,/metrics/pcl/fused/detections_count,std_msgs/msg/Int32,78
1774013994.507814,/metrics/pcl/fused/points_in,std_msgs/msg/Int32,42460
1774013994.5078888,/metrics/pcl/fused/processing_ms,std_msgs/msg/Float32,142.51596069335938
1774013994.741303,/metrics/pcl/fused/detections_count,std_msgs/msg/Int32,78
1774013994.7414155,/metrics/pcl/fused/points_in,std_msgs/msg/Int32,42347
1774013994.741478,/metrics/pcl/fused/processing_ms,std_msgs/msg/Float32,143.13710021972656
1774013994.9745426,/metrics/pcl/fused/detections_count,std_msgs/msg/Int32,81
1774013994.974653,/metrics/pcl/fused/points_in,std_msgs/msg/Int32,42405
1774013994.9747162,/metrics/pcl/fused/processing_ms,std_msgs/msg/Float32,140.2616424560547
1774013995.2079358,/metrics/pcl/fused/detections_count,std_msgs/msg/Int32,76
1774013995.208071,/metrics/pcl/fused/points_in,std_msgs/msg/Int32,42434
1774013995.2081325,/metrics/pcl/fused/processing_ms,std_msgs/msg/Float32,139.29200744628906
1774013995.4431987,/metrics/pcl/fused/detections_count,std_msgs/msg/Int32,83
1774013995.443317,/metrics/pcl/fused/points_in,std_msgs/msg/Int32,42383
1774013995.4433918,/metrics/pcl/fused/processing_ms,std_msgs/msg/Float32,140.0817413330078
1774013995.6795628,/metrics/pcl/fused/detections_count,std_msgs/msg/Int32,77
1774013995.6796856,/metrics/pcl/fused/points_in,std_msgs/msg/Int32,42519
1774013995.6797616,/metrics/pcl/fused/processing_ms,std_msgs/msg/Float32,143.98699951171875
1774013995.9096985,/metrics/pcl/fused/detections_count,std_msgs/msg/Int32,84
1774013995.909848,/metrics/pcl/fused/points_in,std_msgs/msg/Int32,42501
1774013995.9099994,/metrics/pcl/fused/processing_ms,std_msgs/msg/Float32,139.74241638183594
1774013996.3732297,/metrics/pcl/fused/detections_count,std_msgs/msg/Int32,82
1774013996.37334,/metrics/pcl/fused/points_in,std_msgs/msg/Int32,42398
1774013996.3734026,/metrics/pcl/fused/processing_ms,std_msgs/msg/Float32,140.51893615722656
1774013996.842229,/metrics/pcl/fused/detections_count,std_msgs/msg/Int32,77
1774013996.8423395,/metrics/pcl/fused/points_in,std_msgs/msg/Int32,42469
1774013996.8424175,/metrics/pcl/fused/processing_ms,std_msgs/msg/Float32,144.67437744140625
1774013997.0753717,/metrics/pcl/fused/detections_count,std_msgs/msg/Int32,78
1774013997.0754895,/metrics/pcl/fused/points_in,std_msgs/msg/Int32,42537
1774013997.0755653,/metrics/pcl/fused/processing_ms,std_msgs/msg/Float32,141.8268585205078
1774013997.3105037,/metrics/pcl/fused/detections_count,std_msgs/msg/Int32,83
1774013997.3106096,/metrics/pcl/fused/points_in,std_msgs/msg/Int32,42490
1774013997.3106737,/metrics/pcl/fused/processing_ms,std_msgs/msg/Float32,138.21011352539062
1774013997.545735,/metrics/pcl/fused/detections_count,std_msgs/msg/Int32,80
1774013997.545898,/metrics/pcl/fused/points_in,std_msgs/msg/Int32,42456
1774013997.5459936,/metrics/pcl/fused/processing_ms,std_msgs/msg/Float32,142.11119079589844
1774013998.2504368,/metrics/pcl/fused/detections_count,std_msgs/msg/Int32,78
1774013998.2505572,/metrics/pcl/fused/points_in,std_msgs/msg/Int32,42493
1774013998.250627,/metrics/pcl/fused/processing_ms,std_msgs/msg/Float32,141.97683715820312
1774013998.4847627,/metrics/pcl/fused/detections_count,std_msgs/msg/Int32,81
1774013998.4848673,/metrics/pcl/fused/points_in,std_msgs/msg/Int32,42421
1774013998.4849412,/metrics/pcl/fused/processing_ms,std_msgs/msg/Float32,141.71543884277344
1774013998.735831,/metrics/pcl/fused/detections_count,std_msgs/msg/Int32,78
1774013998.7359395,/metrics/pcl/fused/points_in,std_msgs/msg/Int32,42427
1774013998.735997,/metrics/pcl/fused/processing_ms,std_msgs/msg/Float32,153.70501708984375
1774013998.9761753,/metrics/pcl/fused/detections_count,std_msgs/msg/Int32,78
1774013998.9763105,/metrics/pcl/fused/points_in,std_msgs/msg/Int32,42511
1774013998.9763978,/metrics/pcl/fused/processing_ms,std_msgs/msg/Float32,145.31884765625
1774013999.2132092,/metrics/pcl/fused/detections_count,std_msgs/msg/Int32,79
1774013999.2133145,/metrics/pcl/fused/points_in,std_msgs/msg/Int32,42442
1774013999.2133763,/metrics/pcl/fused/processing_ms,std_msgs/msg/Float32,145.4522705078125
1774013999.445896,/metrics/pcl/fused/detections_count,std_msgs/msg/Int32,71
1774013999.446013,/metrics/pcl/fused/points_in,std_msgs/msg/Int32,42384
1774013999.446076,/metrics/pcl/fused/processing_ms,std_msgs/msg/Float32,142.84117126464844
1774013999.923242,/metrics/pcl/fused/detections_count,std_msgs/msg/Int32,76
1774013999.9233568,/metrics/pcl/fused/points_in,std_msgs/msg/Int32,42588
1774013999.923425,/metrics/pcl/fused/processing_ms,std_msgs/msg/Float32,142.96002197265625
1774014000.164889,/metrics/pcl/fused/detections_count,std_msgs/msg/Int32,79
1774014000.1649861,/metrics/pcl/fused/points_in,std_msgs/msg/Int32,42526
1774014000.1650407,/metrics/pcl/fused/processing_ms,std_msgs/msg/Float32,143.13510131835938
1774014000.6369011,/metrics/pcl/fused/detections_count,std_msgs/msg/Int32,79
1774014000.6370018,/metrics/pcl/fused/points_in,std_msgs/msg/Int32,42444
1774014000.6370533,/metrics/pcl/fused/processing_ms,std_msgs/msg/Float32,141.91368103027344
1774014000.8769932,/metrics/pcl/fused/detections_count,std_msgs/msg/Int32,83
1774014000.8771036,/metrics/pcl/fused/points_in,std_msgs/msg/Int32,42449
1774014000.8771694,/metrics/pcl/fused/processing_ms,std_msgs/msg/Float32,143.06576538085938
1774014001.1226296,/metrics/pcl/fused/detections_count,std_msgs/msg/Int32,75
1774014001.1227443,/metrics/pcl/fused/points_in,std_msgs/msg/Int32,42447
1774014001.1228094,/metrics/pcl/fused/processing_ms,std_msgs/msg/Float32,142.1365203857422
1774014001.3595784,/metrics/pcl/fused/detections_count,std_msgs/msg/Int32,72
1774014001.3596897,/metrics/pcl/fused/points_in,std_msgs/msg/Int32,42530
1774014001.3597498,/metrics/pcl/fused/processing_ms,std_msgs/msg/Float32,141.82406616210938
1774014002.078641,/metrics/pcl/fused/detections_count,std_msgs/msg/Int32,79
1774014002.0787563,/metrics/pcl/fused/points_in,std_msgs/msg/Int32,42366
1774014002.0788183,/metrics/pcl/fused/processing_ms,std_msgs/msg/Float32,143.197021484375
1774014002.317402,/metrics/pcl/fused/detections_count,std_msgs/msg/Int32,77
1774014002.3175106,/metrics/pcl/fused/points_in,std_msgs/msg/Int32,42401
1774014002.3175664,/metrics/pcl/fused/processing_ms,std_msgs/msg/Float32,141.8586883544922
1774014002.5580614,/metrics/pcl/fused/detections_count,std_msgs/msg/Int32,76
1774014002.558191,/metrics/pcl/fused/points_in,std_msgs/msg/Int32,42543
1774014002.5582545,/metrics/pcl/fused/processing_ms,std_msgs/msg/Float32,143.4347686767578
1774014002.7938187,/metrics/pcl/fused/detections_count,std_msgs/msg/Int32,79
1774014002.7939608,/metrics/pcl/fused/points_in,std_msgs/msg/Int32,42380
1774014002.7940366,/metrics/pcl/fused/processing_ms,std_msgs/msg/Float32,140.98324584960938
1774014003.0348108,/metrics/pcl/fused/detections_count,std_msgs/msg/Int32,75
1774014003.0349658,/metrics/pcl/fused/points_in,std_msgs/msg/Int32,42496
1774014003.0350595,/metrics/pcl/fused/processing_ms,std_msgs/msg/Float32,140.94361877441406
1774014003.5067716,/metrics/pcl/fused/detections_count,std_msgs/msg/Int32,82
1774014003.5069048,/metrics/pcl/fused/points_in,std_msgs/msg/Int32,42454
1774014003.5069942,/metrics/pcl/fused/processing_ms,std_msgs/msg/Float32,141.04319763183594
1774014003.7534416,/metrics/pcl/fused/detections_count,std_msgs/msg/Int32,77
1774014003.7535622,/metrics/pcl/fused/points_in,std_msgs/msg/Int32,42327
1774014003.753629,/metrics/pcl/fused/processing_ms,std_msgs/msg/Float32,140.94236755371094
1774014003.9961126,/metrics/pcl/fused/detections_count,std_msgs/msg/Int32,77
1774014003.996219,/metrics/pcl/fused/points_in,std_msgs/msg/Int32,42479
1774014003.9962862,/metrics/pcl/fused/processing_ms,std_msgs/msg/Float32,141.80215454101562
1774014004.2325091,/metrics/pcl/fused/detections_count,std_msgs/msg/Int32,83
1774014004.2326221,/metrics/pcl/fused/points_in,std_msgs/msg/Int32,42360
1774014004.232704,/metrics/pcl/fused/processing_ms,std_msgs/msg/Float32,138.4549102783203
1774014004.473636,/metrics/pcl/fused/detections_count,std_msgs/msg/Int32,77
1774014004.473744,/metrics/pcl/fused/points_in,std_msgs/msg/Int32,42360
1774014004.473807,/metrics/pcl/fused/processing_ms,std_msgs/msg/Float32,140.7289276123047
1774014004.7128139,/metrics/pcl/fused/detections_count,std_msgs/msg/Int32,77
1774014004.7129917,/metrics/pcl/fused/points_in,std_msgs/msg/Int32,42550
1774014004.713065,/metrics/pcl/fused/processing_ms,std_msgs/msg/Float32,141.155029296875
1774014005.4312027,/metrics/pcl/fused/detections_count,std_msgs/msg/Int32,79
1774014005.4313114,/metrics/pcl/fused/points_in,std_msgs/msg/Int32,42402
1774014005.4313807,/metrics/pcl/fused/processing_ms,std_msgs/msg/Float32,144.02963256835938
1774014005.9108064,/metrics/pcl/fused/detections_count,std_msgs/msg/Int32,74
1774014005.9109323,/metrics/pcl/fused/points_in,std_msgs/msg/Int32,42442
1774014005.9109998,/metrics/pcl/fused/processing_ms,std_msgs/msg/Float32,145.22779846191406
1774014006.1506195,/metrics/pcl/fused/detections_count,std_msgs/msg/Int32,84
1774014006.1507246,/metrics/pcl/fused/points_in,std_msgs/msg/Int32,42553
1774014006.1508126,/metrics/pcl/fused/processing_ms,std_msgs/msg/Float32,141.9337921142578
1774014006.3924077,/metrics/pcl/fused/detections_count,std_msgs/msg/Int32,77
1774014006.3925176,/metrics/pcl/fused/points_in,std_msgs/msg/Int32,42456
1774014006.3925798,/metrics/pcl/fused/processing_ms,std_msgs/msg/Float32,142.364013671875
1774014006.8734267,/metrics/pcl/fused/detections_count,std_msgs/msg/Int32,83
1774014006.8735337,/metrics/pcl/fused/points_in,std_msgs/msg/Int32,42297
1774014006.8735902,/metrics/pcl/fused/processing_ms,std_msgs/msg/Float32,143.27914428710938
1774014007.1154654,/metrics/pcl/fused/detections_count,std_msgs/msg/Int32,85
1774014007.1155758,/metrics/pcl/fused/points_in,std_msgs/msg/Int32,42484
1774014007.1156409,/metrics/pcl/fused/processing_ms,std_msgs/msg/Float32,143.21640014648438
1774014007.597954,/metrics/pcl/fused/detections_count,std_msgs/msg/Int32,78
1774014007.5980663,/metrics/pcl/fused/points_in,std_msgs/msg/Int32,42468
1774014007.5981328,/metrics/pcl/fused/processing_ms,std_msgs/msg/Float32,143.12071228027344
1774014007.8448067,/metrics/pcl/fused/detections_count,std_msgs/msg/Int32,81
1774014007.8449311,/metrics/pcl/fused/points_in,std_msgs/msg/Int32,42616
1774014007.8449907,/metrics/pcl/fused/processing_ms,std_msgs/msg/Float32,144.45997619628906
1774014008.0877416,/metrics/pcl/fused/detections_count,std_msgs/msg/Int32,81
1774014008.0878634,/metrics/pcl/fused/points_in,std_msgs/msg/Int32,42503
1774014008.0879343,/metrics/pcl/fused/processing_ms,std_msgs/msg/Float32,145.33233642578125
1774014008.3277564,/metrics/pcl/fused/detections_count,std_msgs/msg/Int32,78
1774014008.327962,/metrics/pcl/fused/points_in,std_msgs/msg/Int32,42458
1774014008.3280308,/metrics/pcl/fused/processing_ms,std_msgs/msg/Float32,140.56936645507812
1774014008.5580318,/metrics/pcl/fused/detections_count,std_msgs/msg/Int32,81
1774014008.5581543,/metrics/pcl/fused/points_in,std_msgs/msg/Int32,42473
1774014008.558214,/metrics/pcl/fused/processing_ms,std_msgs/msg/Float32,143.38436889648438
1774014009.6822386,/metrics/pcl/fused/detections_count,std_msgs/msg/Int32,83
1774014009.6823478,/metrics/pcl/fused/points_in,std_msgs/msg/Int32,42445
1774014009.6824121,/metrics/pcl/fused/processing_ms,std_msgs/msg/Float32,143.15748596191406
1774014009.9101226,/metrics/pcl/fused/detections_count,std_msgs/msg/Int32,74
1774014009.9102316,/metrics/pcl/fused/points_in,std_msgs/msg/Int32,42456
1774014009.910296,/metrics/pcl/fused/processing_ms,std_msgs/msg/Float32,143.5128631591797
1774014010.1365426,/metrics/pcl/fused/detections_count,std_msgs/msg/Int32,77
1774014010.1366389,/metrics/pcl/fused/points_in,std_msgs/msg/Int32,42580
1774014010.1366906,/metrics/pcl/fused/processing_ms,std_msgs/msg/Float32,144.36502075195312
1774014010.8129904,/metrics/pcl/fused/detections_count,std_msgs/msg/Int32,75
1774014010.8130977,/metrics/pcl/fused/points_in,std_msgs/msg/Int32,42485
1774014010.81316,/metrics/pcl/fused/processing_ms,std_msgs/msg/Float32,143.93243408203125
1774014011.040659,/metrics/pcl/fused/detections_count,std_msgs/msg/Int32,80
1774014011.0407617,/metrics/pcl/fused/points_in,std_msgs/msg/Int32,42590
1774014011.040816,/metrics/pcl/fused/processing_ms,std_msgs/msg/Float32,144.86703491210938
1774014011.264153,/metrics/pcl/fused/detections_count,std_msgs/msg/Int32,76
1774014011.2642617,/metrics/pcl/fused/points_in,std_msgs/msg/Int32,42517
1774014011.2643251,/metrics/pcl/fused/processing_ms,std_msgs/msg/Float32,142.05050659179688
1774014011.4912121,/metrics/pcl/fused/detections_count,std_msgs/msg/Int32,82
1774014011.4913354,/metrics/pcl/fused/points_in,std_msgs/msg/Int32,42496
1774014011.491401,/metrics/pcl/fused/processing_ms,std_msgs/msg/Float32,145.91163635253906
1774014011.7151353,/metrics/pcl/fused/detections_count,std_msgs/msg/Int32,77
1774014011.7152512,/metrics/pcl/fused/points_in,std_msgs/msg/Int32,42450
1774014011.7153249,/metrics/pcl/fused/processing_ms,std_msgs/msg/Float32,142.32080078125
1774014012.3925943,/metrics/pcl/fused/detections_count,std_msgs/msg/Int32,85
1774014012.3927047,/metrics/pcl/fused/points_in,std_msgs/msg/Int32,42566
1774014012.392779,/metrics/pcl/fused/processing_ms,std_msgs/msg/Float32,142.62940979003906
1774014012.8464186,/metrics/pcl/fused/detections_count,std_msgs/msg/Int32,82
1774014012.8465183,/metrics/pcl/fused/points_in,std_msgs/msg/Int32,42404
1774014012.8465729,/metrics/pcl/fused/processing_ms,std_msgs/msg/Float32,142.9821014404297
1774014013.2994742,/metrics/pcl/fused/detections_count,std_msgs/msg/Int32,84
1774014013.2995815,/metrics/pcl/fused/points_in,std_msgs/msg/Int32,42545
1774014013.299644,/metrics/pcl/fused/processing_ms,std_msgs/msg/Float32,139.98997497558594
1774014013.5326524,/metrics/pcl/fused/detections_count,std_msgs/msg/Int32,74
1774014013.5327542,/metrics/pcl/fused/points_in,std_msgs/msg/Int32,42454
1774014013.5328097,/metrics/pcl/fused/processing_ms,std_msgs/msg/Float32,144.11825561523438
1774014013.7611663,/metrics/pcl/fused/detections_count,std_msgs/msg/Int32,73
1774014013.761299,/metrics/pcl/fused/points_in,std_msgs/msg/Int32,42466
1774014013.7613559,/metrics/pcl/fused/processing_ms,std_msgs/msg/Float32,144.66851806640625
1774014014.4436142,/metrics/pcl/fused/detections_count,std_msgs/msg/Int32,79
1774014014.4437335,/metrics/pcl/fused/points_in,std_msgs/msg/Int32,42488
1774014014.4437904,/metrics/pcl/fused/processing_ms,std_msgs/msg/Float32,143.123046875
1774014014.9026413,/metrics/pcl/fused/detections_count,std_msgs/msg/Int32,81
1774014014.9027557,/metrics/pcl/fused/points_in,std_msgs/msg/Int32,42404
1774014014.9028254,/metrics/pcl/fused/processing_ms,std_msgs/msg/Float32,142.21649169921875
1774014015.1349006,/metrics/pcl/fused/detections_count,std_msgs/msg/Int32,77
1774014015.1350052,/metrics/pcl/fused/points_in,std_msgs/msg/Int32,42416
1774014015.1350677,/metrics/pcl/fused/processing_ms,std_msgs/msg/Float32,141.50022888183594
1774014015.3661063,/metrics/pcl/fused/detections_count,std_msgs/msg/Int32,76
1774014015.3662226,/metrics/pcl/fused/points_in,std_msgs/msg/Int32,42357
1774014015.3662894,/metrics/pcl/fused/processing_ms,std_msgs/msg/Float32,142.0344696044922
1774014015.829094,/metrics/pcl/fused/detections_count,std_msgs/msg/Int32,77
1774014015.8292036,/metrics/pcl/fused/points_in,std_msgs/msg/Int32,42372
1774014015.829271,/metrics/pcl/fused/processing_ms,std_msgs/msg/Float32,144.22512817382812
1774014016.0644982,/metrics/pcl/fused/detections_count,std_msgs/msg/Int32,79
1774014016.064593,/metrics/pcl/fused/points_in,std_msgs/msg/Int32,42401
1774014016.0646455,/metrics/pcl/fused/processing_ms,std_msgs/msg/Float32,144.85755920410156
1774014016.5257673,/metrics/pcl/fused/detections_count,std_msgs/msg/Int32,79
1774014016.5258949,/metrics/pcl/fused/points_in,std_msgs/msg/Int32,42422
1774014016.5259678,/metrics/pcl/fused/processing_ms,std_msgs/msg/Float32,144.77197265625
1774014016.7581253,/metrics/pcl/fused/detections_count,std_msgs/msg/Int32,73
1774014016.7582393,/metrics/pcl/fused/points_in,std_msgs/msg/Int32,42441
1774014016.7583125,/metrics/pcl/fused/processing_ms,std_msgs/msg/Float32,144.4661102294922
1774014016.9937136,/metrics/pcl/fused/detections_count,std_msgs/msg/Int32,77
1774014016.993831,/metrics/pcl/fused/points_in,std_msgs/msg/Int32,42494
1774014016.9939184,/metrics/pcl/fused/processing_ms,std_msgs/msg/Float32,146.1870880126953
1774014017.6881444,/metrics/pcl/fused/detections_count,std_msgs/msg/Int32,78
1774014017.6882627,/metrics/pcl/fused/points_in,std_msgs/msg/Int32,42451
1774014017.6883373,/metrics/pcl/fused/processing_ms,std_msgs/msg/Float32,145.21923828125
1774014017.928964,/metrics/pcl/fused/detections_count,std_msgs/msg/Int32,79
1774014017.929144,/metrics/pcl/fused/points_in,std_msgs/msg/Int32,42485
1774014017.92927,/metrics/pcl/fused/processing_ms,std_msgs/msg/Float32,144.064697265625
1774014018.3899055,/metrics/pcl/fused/detections_count,std_msgs/msg/Int32,82
1774014018.3899987,/metrics/pcl/fused/points_in,std_msgs/msg/Int32,42383
1774014018.3900514,/metrics/pcl/fused/processing_ms,std_msgs/msg/Float32,143.9804229736328
1774014018.6241236,/metrics/pcl/fused/detections_count,std_msgs/msg/Int32,77
1774014018.6242204,/metrics/pcl/fused/points_in,std_msgs/msg/Int32,42512
1774014018.624273,/metrics/pcl/fused/processing_ms,std_msgs/msg/Float32,144.8938446044922
1774014019.0882065,/metrics/pcl/fused/detections_count,std_msgs/msg/Int32,78
1774014019.0883057,/metrics/pcl/fused/points_in,std_msgs/msg/Int32,42527
1774014019.0883589,/metrics/pcl/fused/processing_ms,std_msgs/msg/Float32,144.20361328125
1774014019.3228424,/metrics/pcl/fused/detections_count,std_msgs/msg/Int32,77
1774014019.322995,/metrics/pcl/fused/points_in,std_msgs/msg/Int32,42462
1774014019.3268828,/metrics/pcl/fused/processing_ms,std_msgs/msg/Float32,143.120849609375
1774014020.025901,/metrics/pcl/fused/detections_count,std_msgs/msg/Int32,77
1774014020.0260093,/metrics/pcl/fused/points_in,std_msgs/msg/Int32,42538
1774014020.0260727,/metrics/pcl/fused/processing_ms,std_msgs/msg/Float32,144.4628143310547
1774014020.2600276,/metrics/pcl/fused/detections_count,std_msgs/msg/Int32,82
1774014020.2601507,/metrics/pcl/fused/points_in,std_msgs/msg/Int32,42442
1774014020.2602565,/metrics/pcl/fused/processing_ms,std_msgs/msg/Float32,141.8062286376953
1774014020.495048,/metrics/pcl/fused/detections_count,std_msgs/msg/Int32,76
1774014020.4951584,/metrics/pcl/fused/points_in,std_msgs/msg/Int32,42300
1774014020.4952333,/metrics/pcl/fused/processing_ms,std_msgs/msg/Float32,144.4072723388672
1774014020.7415519,/metrics/pcl/fused/detections_count,std_msgs/msg/Int32,78
1774014020.74175,/metrics/pcl/fused/points_in,std_msgs/msg/Int32,42386
1774014020.7418358,/metrics/pcl/fused/processing_ms,std_msgs/msg/Float32,149.08937072753906
1774014020.9997754,/metrics/pcl/fused/detections_count,std_msgs/msg/Int32,77
1774014020.9999213,/metrics/pcl/fused/points_in,std_msgs/msg/Int32,42286
1774014020.9999852,/metrics/pcl/fused/processing_ms,std_msgs/msg/Float32,143.70794677734375
1774014021.228781,/metrics/pcl/fused/detections_count,std_msgs/msg/Int32,77
1774014021.2288847,/metrics/pcl/fused/points_in,std_msgs/msg/Int32,42273
1774014021.2289429,/metrics/pcl/fused/processing_ms,std_msgs/msg/Float32,140.89305114746094
1774014021.466041,/metrics/pcl/fused/detections_count,std_msgs/msg/Int32,78
1774014021.4661603,/metrics/pcl/fused/points_in,std_msgs/msg/Int32,42126
1774014021.4662333,/metrics/pcl/fused/processing_ms,std_msgs/msg/Float32,142.89776611328125
1774014021.7016318,/metrics/pcl/fused/detections_count,std_msgs/msg/Int32,78
1774014021.7017503,/metrics/pcl/fused/points_in,std_msgs/msg/Int32,42140
1774014021.701824,/metrics/pcl/fused/processing_ms,std_msgs/msg/Float32,142.9353790283203
1774014021.9369178,/metrics/pcl/fused/detections_count,std_msgs/msg/Int32,85
1774014021.9370291,/metrics/pcl/fused/points_in,std_msgs/msg/Int32,42223
1774014021.9370885,/metrics/pcl/fused/processing_ms,std_msgs/msg/Float32,144.51930236816406
1774014022.171866,/metrics/pcl/fused/detections_count,std_msgs/msg/Int32,86
1774014022.1719828,/metrics/pcl/fused/points_in,std_msgs/msg/Int32,42231
1774014022.1720452,/metrics/pcl/fused/processing_ms,std_msgs/msg/Float32,140.3624267578125
1774014022.4104416,/metrics/pcl/fused/detections_count,std_msgs/msg/Int32,82
1774014022.4105494,/metrics/pcl/fused/points_in,std_msgs/msg/Int32,42233
1774014022.410617,/metrics/pcl/fused/processing_ms,std_msgs/msg/Float32,143.4091033935547
1774014022.6450746,/metrics/pcl/fused/detections_count,std_msgs/msg/Int32,78
1774014022.6451728,/metrics/pcl/fused/points_in,std_msgs/msg/Int32,41915
1774014022.6452248,/metrics/pcl/fused/processing_ms,std_msgs/msg/Float32,143.0686492919922
1774014022.8822126,/metrics/pcl/fused/detections_count,std_msgs/msg/Int32,82
1774014022.8823218,/metrics/pcl/fused/points_in,std_msgs/msg/Int32,41739
1774014022.8823848,/metrics/pcl/fused/processing_ms,std_msgs/msg/Float32,140.2074432373047
1774014023.1210458,/metrics/pcl/fused/detections_count,std_msgs/msg/Int32,82
1774014023.121152,/metrics/pcl/fused/points_in,std_msgs/msg/Int32,41710
1774014023.1212127,/metrics/pcl/fused/processing_ms,std_msgs/msg/Float32,141.71121215820312
1774014023.3563638,/metrics/pcl/fused/detections_count,std_msgs/msg/Int32,82
1774014023.3564851,/metrics/pcl/fused/points_in,std_msgs/msg/Int32,41734
1774014023.3565435,/metrics/pcl/fused/processing_ms,std_msgs/msg/Float32,138.91143798828125
1774014023.5975547,/metrics/pcl/fused/detections_count,std_msgs/msg/Int32,80
1774014023.5977006,/metrics/pcl/fused/points_in,std_msgs/msg/Int32,41793
1774014023.5977705,/metrics/pcl/fused/processing_ms,std_msgs/msg/Float32,144.25228881835938
1774014023.8307264,/metrics/pcl/fused/detections_count,std_msgs/msg/Int32,83
1774014023.830836,/metrics/pcl/fused/points_in,std_msgs/msg/Int32,41627
1774014023.830911,/metrics/pcl/fused/processing_ms,std_msgs/msg/Float32,139.99752807617188
1774014024.0689633,/metrics/pcl/fused/detections_count,std_msgs/msg/Int32,77
1774014024.069067,/metrics/pcl/fused/processing_ms,std_msgs/msg/Float32,141.35101318359375
1774014024.0692623,/metrics/pcl/fused/points_in,std_msgs/msg/Int32,41479
1774014024.3008533,/metrics/pcl/fused/detections_count,std_msgs/msg/Int32,78
1774014024.3009753,/metrics/pcl/fused/points_in,std_msgs/msg/Int32,41370
1774014024.3010504,/metrics/pcl/fused/processing_ms,std_msgs/msg/Float32,139.85325622558594
1774014024.536752,/metrics/pcl/fused/detections_count,std_msgs/msg/Int32,79
1774014024.5369277,/metrics/pcl/fused/points_in,std_msgs/msg/Int32,41383
1774014024.5408094,/metrics/pcl/fused/processing_ms,std_msgs/msg/Float32,140.44754028320312
1774014024.7714725,/metrics/pcl/fused/detections_count,std_msgs/msg/Int32,74
1774014024.771588,/metrics/pcl/fused/points_in,std_msgs/msg/Int32,41233
1774014024.77166,/metrics/pcl/fused/processing_ms,std_msgs/msg/Float32,139.40078735351562
1774014025.009135,/metrics/pcl/fused/detections_count,std_msgs/msg/Int32,81
1774014025.0092459,/metrics/pcl/fused/points_in,std_msgs/msg/Int32,41185
1774014025.0093079,/metrics/pcl/fused/processing_ms,std_msgs/msg/Float32,139.8142852783203
1774014025.2465081,/metrics/pcl/fused/detections_count,std_msgs/msg/Int32,83
1774014025.246616,/metrics/pcl/fused/points_in,std_msgs/msg/Int32,40969
1774014025.2466786,/metrics/pcl/fused/processing_ms,std_msgs/msg/Float32,137.04090881347656
1774014025.4814036,/metrics/pcl/fused/detections_count,std_msgs/msg/Int32,78
1774014025.4815211,/metrics/pcl/fused/points_in,std_msgs/msg/Int32,41011
1774014025.4815943,/metrics/pcl/fused/processing_ms,std_msgs/msg/Float32,138.81199645996094
1774014025.7226365,/metrics/pcl/fused/detections_count,std_msgs/msg/Int32,76
1774014025.7227545,/metrics/pcl/fused/points_in,std_msgs/msg/Int32,41210
1774014025.7228253,/metrics/pcl/fused/processing_ms,std_msgs/msg/Float32,139.75399780273438
1774014025.9618182,/metrics/pcl/fused/detections_count,std_msgs/msg/Int32,71
1774014025.961926,/metrics/pcl/fused/points_in,std_msgs/msg/Int32,40993
1774014025.961982,/metrics/pcl/fused/processing_ms,std_msgs/msg/Float32,142.16822814941406
1774014026.1959698,/metrics/pcl/fused/detections_count,std_msgs/msg/Int32,78
1774014026.1960948,/metrics/pcl/fused/points_in,std_msgs/msg/Int32,40883
1774014026.1961627,/metrics/pcl/fused/processing_ms,std_msgs/msg/Float32,139.2216339111328
1774014026.4336066,/metrics/pcl/fused/detections_count,std_msgs/msg/Int32,77
1774014026.433716,/metrics/pcl/fused/points_in,std_msgs/msg/Int32,41611
1774014026.4337974,/metrics/pcl/fused/processing_ms,std_msgs/msg/Float32,136.9793701171875
1774014026.6781187,/metrics/pcl/fused/detections_count,std_msgs/msg/Int32,76
1774014026.6782086,/metrics/pcl/fused/points_in,std_msgs/msg/Int32,41654
1774014026.6782796,/metrics/pcl/fused/processing_ms,std_msgs/msg/Float32,144.2315216064453
1774014026.9266646,/metrics/pcl/fused/detections_count,std_msgs/msg/Int32,71
1774014026.9267755,/metrics/pcl/fused/points_in,std_msgs/msg/Int32,41327
1774014026.9268377,/metrics/pcl/fused/processing_ms,std_msgs/msg/Float32,141.1266632080078
1774014027.172899,/metrics/pcl/fused/detections_count,std_msgs/msg/Int32,77
1774014027.1729984,/metrics/pcl/fused/points_in,std_msgs/msg/Int32,42201
1774014027.1730504,/metrics/pcl/fused/processing_ms,std_msgs/msg/Float32,142.4372100830078
1774014027.4127018,/metrics/pcl/fused/detections_count,std_msgs/msg/Int32,78
1774014027.4128141,/metrics/pcl/fused/points_in,std_msgs/msg/Int32,42401
1774014027.4129155,/metrics/pcl/fused/processing_ms,std_msgs/msg/Float32,143.01336669921875
1774014027.6588335,/metrics/pcl/fused/detections_count,std_msgs/msg/Int32,84
1774014027.6589658,/metrics/pcl/fused/points_in,std_msgs/msg/Int32,42487
1774014027.6590488,/metrics/pcl/fused/processing_ms,std_msgs/msg/Float32,143.81503295898438
1774014027.8854837,/metrics/pcl/fused/detections_count,std_msgs/msg/Int32,84
1774014027.8855944,/metrics/pcl/fused/points_in,std_msgs/msg/Int32,42342
1774014027.8856575,/metrics/pcl/fused/processing_ms,std_msgs/msg/Float32,141.361328125
1774014028.1129782,/metrics/pcl/fused/detections_count,std_msgs/msg/Int32,81
1774014028.1130862,/metrics/pcl/fused/points_in,std_msgs/msg/Int32,41860
1774014028.113148,/metrics/pcl/fused/processing_ms,std_msgs/msg/Float32,139.21694946289062
1774014028.3400433,/metrics/pcl/fused/detections_count,std_msgs/msg/Int32,72
1774014028.3402016,/metrics/pcl/fused/points_in,std_msgs/msg/Int32,41291
1774014028.3402581,/metrics/pcl/fused/processing_ms,std_msgs/msg/Float32,137.55453491210938
1774014028.5623538,/metrics/pcl/fused/detections_count,std_msgs/msg/Int32,77
1774014028.562513,/metrics/pcl/fused/points_in,std_msgs/msg/Int32,40379
1774014028.562592,/metrics/pcl/fused/processing_ms,std_msgs/msg/Float32,135.89686584472656
1774014028.7835598,/metrics/pcl/fused/detections_count,std_msgs/msg/Int32,72
1774014028.7836714,/metrics/pcl/fused/points_in,std_msgs/msg/Int32,39256
1774014028.7837405,/metrics/pcl/fused/processing_ms,std_msgs/msg/Float32,131.7742919921875
1774014029.00517,/metrics/pcl/fused/detections_count,std_msgs/msg/Int32,75
1774014029.0052893,/metrics/pcl/fused/points_in,std_msgs/msg/Int32,38363
1774014029.0053546,/metrics/pcl/fused/processing_ms,std_msgs/msg/Float32,129.01904296875
1774014029.2260458,/metrics/pcl/fused/detections_count,std_msgs/msg/Int32,76
1774014029.2261684,/metrics/pcl/fused/points_in,std_msgs/msg/Int32,37735
1774014029.2262442,/metrics/pcl/fused/processing_ms,std_msgs/msg/Float32,126.93594360351562
1774014029.448282,/metrics/pcl/fused/detections_count,std_msgs/msg/Int32,75
1774014029.448434,/metrics/pcl/fused/points_in,std_msgs/msg/Int32,37873
1774014029.4485083,/metrics/pcl/fused/processing_ms,std_msgs/msg/Float32,130.40435791015625
1774014029.8946252,/metrics/pcl/fused/detections_count,std_msgs/msg/Int32,80
1774014029.8947484,/metrics/pcl/fused/points_in,std_msgs/msg/Int32,38585
1774014029.8948147,/metrics/pcl/fused/processing_ms,std_msgs/msg/Float32,131.50570678710938
1774014030.1204069,/metrics/pcl/fused/detections_count,std_msgs/msg/Int32,82
1774014030.120537,/metrics/pcl/fused/points_in,std_msgs/msg/Int32,39001
1774014030.120624,/metrics/pcl/fused/processing_ms,std_msgs/msg/Float32,130.02728271484375
1774014030.5705013,/metrics/pcl/fused/detections_count,std_msgs/msg/Int32,85
1774014030.5706167,/metrics/pcl/fused/points_in,std_msgs/msg/Int32,38425
1774014030.570686,/metrics/pcl/fused/processing_ms,std_msgs/msg/Float32,132.51272583007812
1774014030.7937639,/metrics/pcl/fused/detections_count,std_msgs/msg/Int32,77
1774014030.793909,/metrics/pcl/fused/points_in,std_msgs/msg/Int32,38166
1774014030.7939954,/metrics/pcl/fused/processing_ms,std_msgs/msg/Float32,128.20657348632812
1774014031.0189111,/metrics/pcl/fused/detections_count,std_msgs/msg/Int32,83
1774014031.019021,/metrics/pcl/fused/points_in,std_msgs/msg/Int32,38542
1774014031.0190892,/metrics/pcl/fused/processing_ms,std_msgs/msg/Float32,127.39787292480469
1774014031.2444556,/metrics/pcl/fused/detections_count,std_msgs/msg/Int32,80
1774014031.2445664,/metrics/pcl/fused/points_in,std_msgs/msg/Int32,39056
1774014031.2446313,/metrics/pcl/fused/processing_ms,std_msgs/msg/Float32,128.10231018066406
1774014031.4749866,/metrics/pcl/fused/detections_count,std_msgs/msg/Int32,82
1774014031.4750996,/metrics/pcl/fused/points_in,std_msgs/msg/Int32,39736
1774014031.4751644,/metrics/pcl/fused/processing_ms,std_msgs/msg/Float32,134.3368682861328
1774014031.703215,/metrics/pcl/fused/detections_count,std_msgs/msg/Int32,85
1774014031.7033267,/metrics/pcl/fused/points_in,std_msgs/msg/Int32,40055
1774014031.703396,/metrics/pcl/fused/processing_ms,std_msgs/msg/Float32,135.7045135498047
1774014032.1591978,/metrics/pcl/fused/detections_count,std_msgs/msg/Int32,85
1774014032.1593194,/metrics/pcl/fused/points_in,std_msgs/msg/Int32,40254
1774014032.1593993,/metrics/pcl/fused/processing_ms,std_msgs/msg/Float32,136.4642333984375
1774014032.3860607,/metrics/pcl/fused/detections_count,std_msgs/msg/Int32,77
1774014032.3861747,/metrics/pcl/fused/points_in,std_msgs/msg/Int32,40538
1774014032.3862388,/metrics/pcl/fused/processing_ms,std_msgs/msg/Float32,136.6869659423828
1774014032.6125844,/metrics/pcl/fused/detections_count,std_msgs/msg/Int32,80
1774014032.6127052,/metrics/pcl/fused/points_in,std_msgs/msg/Int32,40615
1774014032.6127782,/metrics/pcl/fused/processing_ms,std_msgs/msg/Float32,137.79360961914062
1774014032.8395147,/metrics/pcl/fused/detections_count,std_msgs/msg/Int32,82
1774014032.8396728,/metrics/pcl/fused/points_in,std_msgs/msg/Int32,40786
1774014032.8397489,/metrics/pcl/fused/processing_ms,std_msgs/msg/Float32,136.9692840576172
1774014033.2918797,/metrics/pcl/fused/detections_count,std_msgs/msg/Int32,77
1774014033.2920077,/metrics/pcl/fused/points_in,std_msgs/msg/Int32,40750
1774014033.2920833,/metrics/pcl/fused/processing_ms,std_msgs/msg/Float32,135.260498046875
1774014033.5236442,/metrics/pcl/fused/detections_count,std_msgs/msg/Int32,84
1774014033.523755,/metrics/pcl/fused/points_in,std_msgs/msg/Int32,40623
1774014033.5238178,/metrics/pcl/fused/processing_ms,std_msgs/msg/Float32,134.4243621826172
1774014033.755309,/metrics/pcl/fused/detections_count,std_msgs/msg/Int32,85
1774014033.7554164,/metrics/pcl/fused/points_in,std_msgs/msg/Int32,40320
1774014033.7554793,/metrics/pcl/fused/processing_ms,std_msgs/msg/Float32,136.34278869628906
1774014034.447181,/metrics/pcl/fused/detections_count,std_msgs/msg/Int32,77
1774014034.4472911,/metrics/pcl/fused/points_in,std_msgs/msg/Int32,40245
1774014034.4473548,/metrics/pcl/fused/processing_ms,std_msgs/msg/Float32,136.79742431640625
1774014034.681737,/metrics/pcl/fused/detections_count,std_msgs/msg/Int32,74
1774014034.6818554,/metrics/pcl/fused/points_in,std_msgs/msg/Int32,40314
1774014034.6819432,/metrics/pcl/fused/processing_ms,std_msgs/msg/Float32,137.24044799804688
1774014034.9111452,/metrics/pcl/fused/detections_count,std_msgs/msg/Int32,82
1774014034.9112694,/metrics/pcl/fused/points_in,std_msgs/msg/Int32,39985
1774014034.9113426,/metrics/pcl/fused/processing_ms,std_msgs/msg/Float32,131.5818634033203
1774014035.1489131,/metrics/pcl/fused/detections_count,std_msgs/msg/Int32,80
1774014035.1490266,/metrics/pcl/fused/points_in,std_msgs/msg/Int32,39901
1774014035.1490905,/metrics/pcl/fused/processing_ms,std_msgs/msg/Float32,133.1552276611328
1774014035.3825595,/metrics/pcl/fused/detections_count,std_msgs/msg/Int32,78
1774014035.382675,/metrics/pcl/fused/points_in,std_msgs/msg/Int32,40038
1774014035.3827395,/metrics/pcl/fused/processing_ms,std_msgs/msg/Float32,132.72726440429688
1774014035.618199,/metrics/pcl/fused/detections_count,std_msgs/msg/Int32,79
1774014035.618303,/metrics/pcl/fused/points_in,std_msgs/msg/Int32,40151
1774014035.6183646,/metrics/pcl/fused/processing_ms,std_msgs/msg/Float32,134.70803833007812
1774014035.8590157,/metrics/pcl/fused/detections_count,std_msgs/msg/Int32,88
1774014035.8591242,/metrics/pcl/fused/points_in,std_msgs/msg/Int32,40350
1774014035.8591866,/metrics/pcl/fused/processing_ms,std_msgs/msg/Float32,137.42552185058594
1774014036.556908,/metrics/pcl/fused/detections_count,std_msgs/msg/Int32,83
1774014036.5570035,/metrics/pcl/fused/points_in,std_msgs/msg/Int32,40862
1774014036.5570562,/metrics/pcl/fused/processing_ms,std_msgs/msg/Float32,137.64544677734375
1774014037.2647128,/metrics/pcl/fused/detections_count,std_msgs/msg/Int32,81
1774014037.264826,/metrics/pcl/fused/points_in,std_msgs/msg/Int32,40785
1774014037.2649107,/metrics/pcl/fused/processing_ms,std_msgs/msg/Float32,134.70350646972656
1774014037.5042791,/metrics/pcl/fused/detections_count,std_msgs/msg/Int32,81
1774014037.5044217,/metrics/pcl/fused/points_in,std_msgs/msg/Int32,40693
1774014037.5045109,/metrics/pcl/fused/processing_ms,std_msgs/msg/Float32,135.81471252441406
1774014037.7450583,/metrics/pcl/fused/detections_count,std_msgs/msg/Int32,82
1774014037.7451797,/metrics/pcl/fused/points_in,std_msgs/msg/Int32,40834
1774014037.7452538,/metrics/pcl/fused/processing_ms,std_msgs/msg/Float32,138.7236785888672
1774014038.6993384,/metrics/pcl/fused/detections_count,std_msgs/msg/Int32,76
1774014038.6994548,/metrics/pcl/fused/points_in,std_msgs/msg/Int32,40756
1774014038.6995301,/metrics/pcl/fused/processing_ms,std_msgs/msg/Float32,140.63043212890625
1774014038.9397862,/metrics/pcl/fused/detections_count,std_msgs/msg/Int32,82
1774014038.9399283,/metrics/pcl/fused/points_in,std_msgs/msg/Int32,40855
1774014038.9400141,/metrics/pcl/fused/processing_ms,std_msgs/msg/Float32,138.4265899658203
1774014039.1786501,/metrics/pcl/fused/detections_count,std_msgs/msg/Int32,78
1774014039.1787562,/metrics/pcl/fused/points_in,std_msgs/msg/Int32,40803
1774014039.178817,/metrics/pcl/fused/processing_ms,std_msgs/msg/Float32,139.45388793945312
1774014039.421488,/metrics/pcl/fused/detections_count,std_msgs/msg/Int32,77
1774014039.421598,/metrics/pcl/fused/points_in,std_msgs/msg/Int32,40686
1774014039.421661,/metrics/pcl/fused/processing_ms,std_msgs/msg/Float32,140.442138671875
1774014039.6634402,/metrics/pcl/fused/detections_count,std_msgs/msg/Int32,81
1774014039.6635458,/metrics/pcl/fused/points_in,std_msgs/msg/Int32,40661
1774014039.6636078,/metrics/pcl/fused/processing_ms,std_msgs/msg/Float32,138.43020629882812
1774014040.1463027,/metrics/pcl/fused/detections_count,std_msgs/msg/Int32,84
1774014040.1464016,/metrics/pcl/fused/points_in,std_msgs/msg/Int32,40639
1774014040.146453,/metrics/pcl/fused/processing_ms,std_msgs/msg/Float32,135.77325439453125
1774014040.3898478,/metrics/pcl/fused/detections_count,std_msgs/msg/Int32,75
1774014040.3899765,/metrics/pcl/fused/points_in,std_msgs/msg/Int32,40791
1774014040.3900578,/metrics/pcl/fused/processing_ms,std_msgs/msg/Float32,137.34988403320312
1774014040.6305513,/metrics/pcl/fused/detections_count,std_msgs/msg/Int32,75
1774014040.6306958,/metrics/pcl/fused/points_in,std_msgs/msg/Int32,40977
1774014040.630758,/metrics/pcl/fused/processing_ms,std_msgs/msg/Float32,136.79367065429688
1774014040.8741767,/metrics/pcl/fused/detections_count,std_msgs/msg/Int32,78
1774014040.8743157,/metrics/pcl/fused/points_in,std_msgs/msg/Int32,40979
1774014040.874398,/metrics/pcl/fused/processing_ms,std_msgs/msg/Float32,139.21034240722656
1774014041.121365,/metrics/pcl/fused/detections_count,std_msgs/msg/Int32,82
1774014041.1214745,/metrics/pcl/fused/points_in,std_msgs/msg/Int32,40961
1774014041.1215377,/metrics/pcl/fused/processing_ms,std_msgs/msg/Float32,140.7535400390625
1774014041.3580608,/metrics/pcl/fused/detections_count,std_msgs/msg/Int32,80
1774014041.3581693,/metrics/pcl/fused/points_in,std_msgs/msg/Int32,40965
1774014041.3582525,/metrics/pcl/fused/processing_ms,std_msgs/msg/Float32,138.3209686279297
1774014041.5999084,/metrics/pcl/fused/detections_count,std_msgs/msg/Int32,88
1774014041.6000197,/metrics/pcl/fused/points_in,std_msgs/msg/Int32,40666
1774014041.6000826,/metrics/pcl/fused/processing_ms,std_msgs/msg/Float32,135.65365600585938
1774014041.8441494,/metrics/pcl/fused/detections_count,std_msgs/msg/Int32,78
1774014041.8442793,/metrics/pcl/fused/points_in,std_msgs/msg/Int32,40786
1774014041.8443646,/metrics/pcl/fused/processing_ms,std_msgs/msg/Float32,138.80767822265625
1774014042.0871189,/metrics/pcl/fused/detections_count,std_msgs/msg/Int32,83
1774014042.0872514,/metrics/pcl/fused/points_in,std_msgs/msg/Int32,40698
1774014042.0873365,/metrics/pcl/fused/processing_ms,std_msgs/msg/Float32,139.60423278808594
1774014042.324376,/metrics/pcl/fused/detections_count,std_msgs/msg/Int32,77
1774014042.324503,/metrics/pcl/fused/points_in,std_msgs/msg/Int32,40494
1774014042.3245869,/metrics/pcl/fused/processing_ms,std_msgs/msg/Float32,135.1204833984375
1774014042.5657618,/metrics/pcl/fused/detections_count,std_msgs/msg/Int32,77
1774014042.5658977,/metrics/pcl/fused/points_in,std_msgs/msg/Int32,40712
1774014042.565976,/metrics/pcl/fused/processing_ms,std_msgs/msg/Float32,136.3566436767578
1774014042.8185494,/metrics/pcl/fused/detections_count,std_msgs/msg/Int32,79
1774014042.818687,/metrics/pcl/fused/points_in,std_msgs/msg/Int32,40789
1774014042.818774,/metrics/pcl/fused/processing_ms,std_msgs/msg/Float32,141.45712280273438
1774014043.0692682,/metrics/pcl/fused/detections_count,std_msgs/msg/Int32,77
1774014043.0694168,/metrics/pcl/fused/points_in,std_msgs/msg/Int32,40714
1774014043.0695226,/metrics/pcl/fused/processing_ms,std_msgs/msg/Float32,137.49192810058594
1774014043.3113894,/metrics/pcl/fused/detections_count,std_msgs/msg/Int32,80
1774014043.3114948,/metrics/pcl/fused/points_in,std_msgs/msg/Int32,40673
1774014043.3115656,/metrics/pcl/fused/processing_ms,std_msgs/msg/Float32,135.86497497558594
1774014043.5574162,/metrics/pcl/fused/detections_count,std_msgs/msg/Int32,75
1774014043.5575612,/metrics/pcl/fused/points_in,std_msgs/msg/Int32,40762
1774014043.5576482,/metrics/pcl/fused/processing_ms,std_msgs/msg/Float32,138.71817016601562
1774014044.0440042,/metrics/pcl/fused/detections_count,std_msgs/msg/Int32,78
1774014044.0441282,/metrics/pcl/fused/points_in,std_msgs/msg/Int32,40793
1774014044.0442054,/metrics/pcl/fused/processing_ms,std_msgs/msg/Float32,138.38955688476562
1774014044.5297327,/metrics/pcl/fused/detections_count,std_msgs/msg/Int32,79
1774014044.5298622,/metrics/pcl/fused/points_in,std_msgs/msg/Int32,40729
1774014044.529975,/metrics/pcl/fused/processing_ms,std_msgs/msg/Float32,138.44410705566406
1774014045.7512689,/metrics/pcl/fused/detections_count,std_msgs/msg/Int32,78
1774014045.75138,/metrics/pcl/fused/points_in,std_msgs/msg/Int32,40821
1774014045.751443,/metrics/pcl/fused/processing_ms,std_msgs/msg/Float32,139.3985595703125
1774014045.9924805,/metrics/pcl/fused/detections_count,std_msgs/msg/Int32,81
1774014045.9926398,/metrics/pcl/fused/points_in,std_msgs/msg/Int32,40993
1774014045.9927328,/metrics/pcl/fused/processing_ms,std_msgs/msg/Float32,136.6087646484375
1774014046.2400024,/metrics/pcl/fused/detections_count,std_msgs/msg/Int32,72
1774014046.240124,/metrics/pcl/fused/points_in,std_msgs/msg/Int32,40693
1774014046.2401907,/metrics/pcl/fused/processing_ms,std_msgs/msg/Float32,136.38218688964844
1774014046.482525,/metrics/pcl/fused/detections_count,std_msgs/msg/Int32,76
1774014046.4826322,/metrics/pcl/fused/points_in,std_msgs/msg/Int32,40566
1774014046.4826949,/metrics/pcl/fused/processing_ms,std_msgs/msg/Float32,136.1715850830078
1774014046.7259748,/metrics/pcl/fused/detections_count,std_msgs/msg/Int32,74
1774014046.7260857,/metrics/pcl/fused/points_in,std_msgs/msg/Int32,40509
1774014046.7261856,/metrics/pcl/fused/processing_ms,std_msgs/msg/Float32,136.3141632080078
1774014047.2197628,/metrics/pcl/fused/detections_count,std_msgs/msg/Int32,68
1774014047.2198813,/metrics/pcl/fused/points_in,std_msgs/msg/Int32,40595
1774014047.2199497,/metrics/pcl/fused/processing_ms,std_msgs/msg/Float32,138.37179565429688
1774014047.896655,/metrics/pcl/fused/detections_count,std_msgs/msg/Int32,77
1774014047.89677,/metrics/pcl/fused/points_in,std_msgs/msg/Int32,40806
1774014047.8968349,/metrics/pcl/fused/processing_ms,std_msgs/msg/Float32,138.5314483642578
1774014048.1195543,/metrics/pcl/fused/detections_count,std_msgs/msg/Int32,78
1774014048.1196818,/metrics/pcl/fused/points_in,std_msgs/msg/Int32,40778
1774014048.1197634,/metrics/pcl/fused/processing_ms,std_msgs/msg/Float32,137.07025146484375
1774014048.3428133,/metrics/pcl/fused/detections_count,std_msgs/msg/Int32,76
1774014048.3429492,/metrics/pcl/fused/points_in,std_msgs/msg/Int32,40903
1774014048.3430552,/metrics/pcl/fused/processing_ms,std_msgs/msg/Float32,137.08802795410156
1774014048.56378,/metrics/pcl/fused/detections_count,std_msgs/msg/Int32,84
1774014048.563902,/metrics/pcl/fused/points_in,std_msgs/msg/Int32,40936
1774014048.5639756,/metrics/pcl/fused/processing_ms,std_msgs/msg/Float32,134.6254119873047
1774014048.7910666,/metrics/pcl/fused/detections_count,std_msgs/msg/Int32,78
1774014048.791219,/metrics/pcl/fused/points_in,std_msgs/msg/Int32,40602
1774014048.7913163,/metrics/pcl/fused/processing_ms,std_msgs/msg/Float32,135.8077392578125
1774014049.2367396,/metrics/pcl/fused/detections_count,std_msgs/msg/Int32,86
1774014049.2368631,/metrics/pcl/fused/points_in,std_msgs/msg/Int32,40432
1774014049.2369566,/metrics/pcl/fused/processing_ms,std_msgs/msg/Float32,133.35678100585938
1774014049.4683228,/metrics/pcl/fused/detections_count,std_msgs/msg/Int32,82
1774014049.4684315,/metrics/pcl/fused/points_in,std_msgs/msg/Int32,40678
1774014049.4684947,/metrics/pcl/fused/processing_ms,std_msgs/msg/Float32,139.01756286621094
1774014049.6975589,/metrics/pcl/fused/detections_count,std_msgs/msg/Int32,85
1774014049.6976817,/metrics/pcl/fused/points_in,std_msgs/msg/Int32,40748
1774014049.6977654,/metrics/pcl/fused/processing_ms,std_msgs/msg/Float32,140.85458374023438
1774014049.9207292,/metrics/pcl/fused/detections_count,std_msgs/msg/Int32,84
1774014049.9208388,/metrics/pcl/fused/points_in,std_msgs/msg/Int32,40777
1774014049.920925,/metrics/pcl/fused/processing_ms,std_msgs/msg/Float32,136.66195678710938
1774014050.1453893,/metrics/pcl/fused/detections_count,std_msgs/msg/Int32,78
1774014050.1455019,/metrics/pcl/fused/points_in,std_msgs/msg/Int32,40097
1774014050.1455584,/metrics/pcl/fused/processing_ms,std_msgs/msg/Float32,135.09423828125
1774014050.3698616,/metrics/pcl/fused/detections_count,std_msgs/msg/Int32,76
1774014050.3700378,/metrics/pcl/fused/points_in,std_msgs/msg/Int32,39716
1774014050.3701646,/metrics/pcl/fused/processing_ms,std_msgs/msg/Float32,132.645263671875
1774014050.5964334,/metrics/pcl/fused/detections_count,std_msgs/msg/Int32,86
1774014050.5965433,/metrics/pcl/fused/points_in,std_msgs/msg/Int32,40423
1774014050.596607,/metrics/pcl/fused/processing_ms,std_msgs/msg/Float32,133.2484130859375
1774014050.8253353,/metrics/pcl/fused/detections_count,std_msgs/msg/Int32,78
1774014050.8254378,/metrics/pcl/fused/points_in,std_msgs/msg/Int32,40269
1774014050.8254964,/metrics/pcl/fused/processing_ms,std_msgs/msg/Float32,133.25222778320312
1774014051.0580363,/metrics/pcl/fused/detections_count,std_msgs/msg/Int32,83
1774014051.058178,/metrics/pcl/fused/points_in,std_msgs/msg/Int32,40508
1774014051.0582707,/metrics/pcl/fused/processing_ms,std_msgs/msg/Float32,134.27572631835938
1774014051.2878096,/metrics/pcl/fused/detections_count,std_msgs/msg/Int32,79
1774014051.287926,/metrics/pcl/fused/points_in,std_msgs/msg/Int32,40779
1774014051.287985,/metrics/pcl/fused/processing_ms,std_msgs/msg/Float32,136.75596618652344
1774014051.5129273,/metrics/pcl/fused/detections_count,std_msgs/msg/Int32,80
1774014051.5130343,/metrics/pcl/fused/points_in,std_msgs/msg/Int32,40809
1774014051.5130968,/metrics/pcl/fused/processing_ms,std_msgs/msg/Float32,135.5317840576172
1774014051.741712,/metrics/pcl/fused/detections_count,std_msgs/msg/Int32,81
1774014051.741837,/metrics/pcl/fused/points_in,std_msgs/msg/Int32,40278
1774014051.7419243,/metrics/pcl/fused/processing_ms,std_msgs/msg/Float32,134.03582763671875
1774014051.9606624,/metrics/pcl/fused/detections_count,std_msgs/msg/Int32,85
1774014051.9607813,/metrics/pcl/fused/points_in,std_msgs/msg/Int32,39615
1774014051.960856,/metrics/pcl/fused/processing_ms,std_msgs/msg/Float32,124.46149444580078
1774014052.1909716,/metrics/pcl/fused/detections_count,std_msgs/msg/Int32,87
1774014052.1911077,/metrics/pcl/fused/points_in,std_msgs/msg/Int32,39495
1774014052.1911974,/metrics/pcl/fused/processing_ms,std_msgs/msg/Float32,125.64323425292969
1774014052.417482,/metrics/pcl/fused/detections_count,std_msgs/msg/Int32,82
1774014052.4176683,/metrics/pcl/fused/points_in,std_msgs/msg/Int32,39062
1774014052.4177635,/metrics/pcl/fused/processing_ms,std_msgs/msg/Float32,122.63761901855469
1774014052.8743193,/metrics/pcl/fused/detections_count,std_msgs/msg/Int32,80
1774014052.8744264,/metrics/pcl/fused/points_in,std_msgs/msg/Int32,38291
1774014052.8744895,/metrics/pcl/fused/processing_ms,std_msgs/msg/Float32,122.44577026367188
1774014053.1002355,/metrics/pcl/fused/detections_count,std_msgs/msg/Int32,84
1774014053.1003447,/metrics/pcl/fused/points_in,std_msgs/msg/Int32,38101
1774014053.1004057,/metrics/pcl/fused/processing_ms,std_msgs/msg/Float32,117.52362060546875
1774014053.3280666,/metrics/pcl/fused/detections_count,std_msgs/msg/Int32,83
1774014053.3281744,/metrics/pcl/fused/points_in,std_msgs/msg/Int32,37412
1774014053.3282382,/metrics/pcl/fused/processing_ms,std_msgs/msg/Float32,116.65865325927734
1774014053.558625,/metrics/pcl/fused/detections_count,std_msgs/msg/Int32,81
1774014053.558742,/metrics/pcl/fused/points_in,std_msgs/msg/Int32,36945
1774014053.558819,/metrics/pcl/fused/processing_ms,std_msgs/msg/Float32,118.80902862548828
1774014053.7896702,/metrics/pcl/fused/detections_count,std_msgs/msg/Int32,87
1774014053.789792,/metrics/pcl/fused/points_in,std_msgs/msg/Int32,36545
1774014053.7898562,/metrics/pcl/fused/processing_ms,std_msgs/msg/Float32,114.60098266601562
1774014054.0230503,/metrics/pcl/fused/detections_count,std_msgs/msg/Int32,81
1774014054.0232077,/metrics/pcl/fused/points_in,std_msgs/msg/Int32,36350
1774014054.0232832,/metrics/pcl/fused/processing_ms,std_msgs/msg/Float32,114.14202880859375
1774014054.2508404,/metrics/pcl/fused/detections_count,std_msgs/msg/Int32,78
1774014054.25101,/metrics/pcl/fused/points_in,std_msgs/msg/Int32,36115
1774014054.251081,/metrics/pcl/fused/processing_ms,std_msgs/msg/Float32,112.10818481445312
1774014054.4808311,/metrics/pcl/fused/detections_count,std_msgs/msg/Int32,83
1774014054.4809737,/metrics/pcl/fused/points_in,std_msgs/msg/Int32,35618
1774014054.4810371,/metrics/pcl/fused/processing_ms,std_msgs/msg/Float32,111.47820281982422
1774014054.7141135,/metrics/pcl/fused/detections_count,std_msgs/msg/Int32,82
1774014054.714221,/metrics/pcl/fused/points_in,std_msgs/msg/Int32,35642
1774014054.7142906,/metrics/pcl/fused/processing_ms,std_msgs/msg/Float32,110.75891876220703
1774014054.9480786,/metrics/pcl/fused/detections_count,std_msgs/msg/Int32,78
1774014054.9482074,/metrics/pcl/fused/points_in,std_msgs/msg/Int32,35716
1774014054.9482925,/metrics/pcl/fused/processing_ms,std_msgs/msg/Float32,112.74010467529297
1774014055.177348,/metrics/pcl/fused/detections_count,std_msgs/msg/Int32,74
1774014055.1774783,/metrics/pcl/fused/points_in,std_msgs/msg/Int32,36012
1774014055.1775372,/metrics/pcl/fused/processing_ms,std_msgs/msg/Float32,110.344970703125
1774014055.413743,/metrics/pcl/fused/detections_count,std_msgs/msg/Int32,79
1774014055.4138613,/metrics/pcl/fused/points_in,std_msgs/msg/Int32,36233
1774014055.4139545,/metrics/pcl/fused/processing_ms,std_msgs/msg/Float32,113.22811126708984
1774014055.6490455,/metrics/pcl/fused/detections_count,std_msgs/msg/Int32,78
1774014055.649158,/metrics/pcl/fused/points_in,std_msgs/msg/Int32,36188
1774014055.6492295,/metrics/pcl/fused/processing_ms,std_msgs/msg/Float32,115.69032287597656
1774014055.879467,/metrics/pcl/fused/detections_count,std_msgs/msg/Int32,81
1774014055.8795846,/metrics/pcl/fused/points_in,std_msgs/msg/Int32,35338
1774014055.879648,/metrics/pcl/fused/processing_ms,std_msgs/msg/Float32,109.0864028930664
1774014056.1095197,/metrics/pcl/fused/detections_count,std_msgs/msg/Int32,81
1774014056.1096287,/metrics/pcl/fused/points_in,std_msgs/msg/Int32,35020
1774014056.1096904,/metrics/pcl/fused/processing_ms,std_msgs/msg/Float32,108.62287139892578
1774014056.338208,/metrics/pcl/fused/detections_count,std_msgs/msg/Int32,77
1774014056.3383138,/metrics/pcl/fused/points_in,std_msgs/msg/Int32,34624
1774014056.3383806,/metrics/pcl/fused/processing_ms,std_msgs/msg/Float32,106.75579071044922
1774014056.5698876,/metrics/pcl/fused/detections_count,std_msgs/msg/Int32,79
1774014056.5699997,/metrics/pcl/fused/points_in,std_msgs/msg/Int32,34933
1774014056.5700655,/metrics/pcl/fused/processing_ms,std_msgs/msg/Float32,106.89554595947266
1774014056.8057191,/metrics/pcl/fused/detections_count,std_msgs/msg/Int32,74
1774014056.8058372,/metrics/pcl/fused/points_in,std_msgs/msg/Int32,35544
1774014056.8059158,/metrics/pcl/fused/processing_ms,std_msgs/msg/Float32,110.7215347290039
1774014057.0363238,/metrics/pcl/fused/detections_count,std_msgs/msg/Int32,80
1774014057.0364323,/metrics/pcl/fused/points_in,std_msgs/msg/Int32,35397
1774014057.0364861,/metrics/pcl/fused/processing_ms,std_msgs/msg/Float32,107.49547576904297
1774014057.2739356,/metrics/pcl/fused/detections_count,std_msgs/msg/Int32,77
1774014057.2740421,/metrics/pcl/fused/points_in,std_msgs/msg/Int32,36028
1774014057.2741055,/metrics/pcl/fused/processing_ms,std_msgs/msg/Float32,109.78909301757812
1774014057.5075011,/metrics/pcl/fused/detections_count,std_msgs/msg/Int32,74
1774014057.5076137,/metrics/pcl/fused/points_in,std_msgs/msg/Int32,35841
1774014057.5076766,/metrics/pcl/fused/processing_ms,std_msgs/msg/Float32,109.21055603027344
1774014057.7482312,/metrics/pcl/fused/detections_count,std_msgs/msg/Int32,76
1774014057.7483523,/metrics/pcl/fused/points_in,std_msgs/msg/Int32,36074
1774014057.748415,/metrics/pcl/fused/processing_ms,std_msgs/msg/Float32,115.12467193603516
1774014057.9880927,/metrics/pcl/fused/detections_count,std_msgs/msg/Int32,77
1774014057.9881907,/metrics/pcl/fused/points_in,std_msgs/msg/Int32,36590
1774014057.9882438,/metrics/pcl/fused/processing_ms,std_msgs/msg/Float32,115.34635925292969
1774014058.2219658,/metrics/pcl/fused/detections_count,std_msgs/msg/Int32,76
1774014058.222076,/metrics/pcl/fused/points_in,std_msgs/msg/Int32,36670
1774014058.2221398,/metrics/pcl/fused/processing_ms,std_msgs/msg/Float32,114.32312774658203
1774014058.4594448,/metrics/pcl/fused/detections_count,std_msgs/msg/Int32,74
1774014058.4595602,/metrics/pcl/fused/points_in,std_msgs/msg/Int32,37124
1774014058.4596152,/metrics/pcl/fused/processing_ms,std_msgs/msg/Float32,116.91974639892578
1774014058.705923,/metrics/pcl/fused/detections_count,std_msgs/msg/Int32,78
1774014058.70603,/metrics/pcl/fused/points_in,std_msgs/msg/Int32,37038
1774014058.7060933,/metrics/pcl/fused/processing_ms,std_msgs/msg/Float32,121.430908203125
1774014058.9486165,/metrics/pcl/fused/detections_count,std_msgs/msg/Int32,72
1774014058.9487283,/metrics/pcl/fused/points_in,std_msgs/msg/Int32,36585
1774014058.9487917,/metrics/pcl/fused/processing_ms,std_msgs/msg/Float32,113.84222412109375
1774014059.1844778,/metrics/pcl/fused/detections_count,std_msgs/msg/Int32,80
1774014059.184621,/metrics/pcl/fused/points_in,std_msgs/msg/Int32,36498
1774014059.1885095,/metrics/pcl/fused/processing_ms,std_msgs/msg/Float32,111.71574401855469
1774014059.4247804,/metrics/pcl/fused/detections_count,std_msgs/msg/Int32,74
1774014059.424899,/metrics/pcl/fused/points_in,std_msgs/msg/Int32,36621
1774014059.4249606,/metrics/pcl/fused/processing_ms,std_msgs/msg/Float32,114.1192855834961
1774014059.6692219,/metrics/pcl/fused/detections_count,std_msgs/msg/Int32,75
1774014059.6693223,/metrics/pcl/fused/points_in,std_msgs/msg/Int32,37004
1774014059.6693738,/metrics/pcl/fused/processing_ms,std_msgs/msg/Float32,118.66893768310547
1774014059.9055622,/metrics/pcl/fused/detections_count,std_msgs/msg/Int32,72
1774014059.90566,/metrics/pcl/fused/points_in,std_msgs/msg/Int32,36968
1774014059.9057152,/metrics/pcl/fused/processing_ms,std_msgs/msg/Float32,115.25796508789062
1774014060.1415498,/metrics/pcl/fused/detections_count,std_msgs/msg/Int32,74
1774014060.1416588,/metrics/pcl/fused/points_in,std_msgs/msg/Int32,36964
1774014060.1417215,/metrics/pcl/fused/processing_ms,std_msgs/msg/Float32,113.7509994506836
1774014060.376649,/metrics/pcl/fused/detections_count,std_msgs/msg/Int32,75
1774014060.376753,/metrics/pcl/fused/points_in,std_msgs/msg/Int32,36788
1774014060.3768075,/metrics/pcl/fused/processing_ms,std_msgs/msg/Float32,114.00472259521484
1774014060.6130676,/metrics/pcl/fused/detections_count,std_msgs/msg/Int32,80
1774014060.6131737,/metrics/pcl/fused/points_in,std_msgs/msg/Int32,36727
1774014060.6132278,/metrics/pcl/fused/processing_ms,std_msgs/msg/Float32,112.9871826171875
1774014060.8509912,/metrics/pcl/fused/detections_count,std_msgs/msg/Int32,72
1774014060.851112,/metrics/pcl/fused/points_in,std_msgs/msg/Int32,36666
1774014060.8511777,/metrics/pcl/fused/processing_ms,std_msgs/msg/Float32,113.89545440673828
1774014061.0925963,/metrics/pcl/fused/detections_count,std_msgs/msg/Int32,77
1774014061.0927038,/metrics/pcl/fused/points_in,std_msgs/msg/Int32,36783
1774014061.09281,/metrics/pcl/fused/processing_ms,std_msgs/msg/Float32,115.62285614013672
1774014061.3269322,/metrics/pcl/fused/detections_count,std_msgs/msg/Int32,76
1774014061.32704,/metrics/pcl/fused/points_in,std_msgs/msg/Int32,36723
1774014061.3271024,/metrics/pcl/fused/processing_ms,std_msgs/msg/Float32,114.7448501586914
1774014061.56805,/metrics/pcl/fused/detections_count,std_msgs/msg/Int32,73
1774014061.5681593,/metrics/pcl/fused/points_in,std_msgs/msg/Int32,36727
1774014061.5682223,/metrics/pcl/fused/processing_ms,std_msgs/msg/Float32,117.03507232666016
1774014061.8022738,/metrics/pcl/fused/detections_count,std_msgs/msg/Int32,77
1774014061.8024049,/metrics/pcl/fused/points_in,std_msgs/msg/Int32,36796
1774014061.8024933,/metrics/pcl/fused/processing_ms,std_msgs/msg/Float32,112.382080078125
1774014062.51526,/metrics/pcl/fused/detections_count,std_msgs/msg/Int32,75
1774014062.5153666,/metrics/pcl/fused/points_in,std_msgs/msg/Int32,37016
1774014062.5154214,/metrics/pcl/fused/processing_ms,std_msgs/msg/Float32,114.5620346069336
1774014062.7582254,/metrics/pcl/fused/detections_count,std_msgs/msg/Int32,82
1774014062.7583385,/metrics/pcl/fused/points_in,std_msgs/msg/Int32,36934
1774014062.7583945,/metrics/pcl/fused/processing_ms,std_msgs/msg/Float32,116.9134521484375
1774014062.9983935,/metrics/pcl/fused/detections_count,std_msgs/msg/Int32,76
1774014062.9985073,/metrics/pcl/fused/points_in,std_msgs/msg/Int32,37239
1774014062.9985726,/metrics/pcl/fused/processing_ms,std_msgs/msg/Float32,118.83200073242188
1774014063.2357502,/metrics/pcl/fused/detections_count,std_msgs/msg/Int32,83
1774014063.235859,/metrics/pcl/fused/points_in,std_msgs/msg/Int32,37287
1774014063.2359385,/metrics/pcl/fused/processing_ms,std_msgs/msg/Float32,116.04277801513672
1774014063.47503,/metrics/pcl/fused/detections_count,std_msgs/msg/Int32,79
1774014063.475129,/metrics/pcl/fused/points_in,std_msgs/msg/Int32,37015
1774014063.4751832,/metrics/pcl/fused/processing_ms,std_msgs/msg/Float32,118.0889892578125
1774014063.71244,/metrics/pcl/fused/detections_count,std_msgs/msg/Int32,76
1774014063.7125554,/metrics/pcl/fused/points_in,std_msgs/msg/Int32,36859
1774014063.7126336,/metrics/pcl/fused/processing_ms,std_msgs/msg/Float32,114.54803466796875
1774014063.95373,/metrics/pcl/fused/detections_count,std_msgs/msg/Int32,80
1774014063.9538581,/metrics/pcl/fused/points_in,std_msgs/msg/Int32,37285
1774014063.9539287,/metrics/pcl/fused/processing_ms,std_msgs/msg/Float32,118.316162109375
1774014064.1903086,/metrics/pcl/fused/detections_count,std_msgs/msg/Int32,79
1774014064.1904178,/metrics/pcl/fused/points_in,std_msgs/msg/Int32,37691
1774014064.1904936,/metrics/pcl/fused/processing_ms,std_msgs/msg/Float32,116.00174713134766
1774014064.432724,/metrics/pcl/fused/detections_count,std_msgs/msg/Int32,83
1774014064.4328403,/metrics/pcl/fused/points_in,std_msgs/msg/Int32,38231
1774014064.432941,/metrics/pcl/fused/processing_ms,std_msgs/msg/Float32,120.71961212158203
1774014064.675122,/metrics/pcl/fused/detections_count,std_msgs/msg/Int32,76
1774014064.6752288,/metrics/pcl/fused/points_in,std_msgs/msg/Int32,38709
1774014064.6752887,/metrics/pcl/fused/processing_ms,std_msgs/msg/Float32,125.65413665771484
1774014064.91854,/metrics/pcl/fused/detections_count,std_msgs/msg/Int32,74
1774014064.9187963,/metrics/pcl/fused/points_in,std_msgs/msg/Int32,38603
1774014064.9189105,/metrics/pcl/fused/processing_ms,std_msgs/msg/Float32,126.68842315673828
1774014065.1613488,/metrics/pcl/fused/detections_count,std_msgs/msg/Int32,77
1774014065.1614683,/metrics/pcl/fused/points_in,std_msgs/msg/Int32,38238
1774014065.1615386,/metrics/pcl/fused/processing_ms,std_msgs/msg/Float32,118.19001007080078
1774014065.4023452,/metrics/pcl/fused/detections_count,std_msgs/msg/Int32,77
1774014065.402454,/metrics/pcl/fused/points_in,std_msgs/msg/Int32,38141
1774014065.4025197,/metrics/pcl/fused/processing_ms,std_msgs/msg/Float32,117.72401428222656
1774014065.6505377,/metrics/pcl/fused/detections_count,std_msgs/msg/Int32,81
1774014065.6506474,/metrics/pcl/fused/points_in,std_msgs/msg/Int32,38408
1774014065.6507108,/metrics/pcl/fused/processing_ms,std_msgs/msg/Float32,121.65283966064453
1774014065.8939126,/metrics/pcl/fused/detections_count,std_msgs/msg/Int32,74
1774014065.8940263,/metrics/pcl/fused/points_in,std_msgs/msg/Int32,38598
1774014065.8940892,/metrics/pcl/fused/processing_ms,std_msgs/msg/Float32,121.10393524169922
1774014066.3796635,/metrics/pcl/fused/detections_count,std_msgs/msg/Int32,79
1774014066.379772,/metrics/pcl/fused/points_in,std_msgs/msg/Int32,38699
1774014066.3798327,/metrics/pcl/fused/processing_ms,std_msgs/msg/Float32,122.172119140625
1774014066.6142786,/metrics/pcl/fused/detections_count,std_msgs/msg/Int32,80
1774014066.614387,/metrics/pcl/fused/points_in,std_msgs/msg/Int32,37653
1774014066.6144505,/metrics/pcl/fused/processing_ms,std_msgs/msg/Float32,115.5447769165039
1774014066.835305,/metrics/pcl/fused/detections_count,std_msgs/msg/Int32,77
1774014066.835489,/metrics/pcl/fused/points_in,std_msgs/msg/Int32,35771
1774014066.835559,/metrics/pcl/fused/processing_ms,std_msgs/msg/Float32,106.26594543457031
1774014067.0632038,/metrics/pcl/fused/detections_count,std_msgs/msg/Int32,70
1774014067.0633194,/metrics/pcl/fused/points_in,std_msgs/msg/Int32,36350
1774014067.063384,/metrics/pcl/fused/processing_ms,std_msgs/msg/Float32,112.68206024169922
1774014067.2881243,/metrics/pcl/fused/detections_count,std_msgs/msg/Int32,75
1774014067.2882335,/metrics/pcl/fused/points_in,std_msgs/msg/Int32,37110
1774014067.288297,/metrics/pcl/fused/processing_ms,std_msgs/msg/Float32,115.07891082763672
1774014067.514178,/metrics/pcl/fused/detections_count,std_msgs/msg/Int32,80
1774014067.5142894,/metrics/pcl/fused/points_in,std_msgs/msg/Int32,38408
1774014067.5143535,/metrics/pcl/fused/processing_ms,std_msgs/msg/Float32,118.19011688232422
1774014067.9705136,/metrics/pcl/fused/detections_count,std_msgs/msg/Int32,73
1774014067.9706242,/metrics/pcl/fused/points_in,std_msgs/msg/Int32,38625
1774014067.970687,/metrics/pcl/fused/processing_ms,std_msgs/msg/Float32,120.47464752197266
1774014068.422812,/metrics/pcl/fused/detections_count,std_msgs/msg/Int32,77
1774014068.4229345,/metrics/pcl/fused/points_in,std_msgs/msg/Int32,38639
1774014068.4230034,/metrics/pcl/fused/processing_ms,std_msgs/msg/Float32,123.23570251464844
1774014068.6476455,/metrics/pcl/fused/detections_count,std_msgs/msg/Int32,74
1774014068.6477642,/metrics/pcl/fused/points_in,std_msgs/msg/Int32,38676
1774014068.6478271,/metrics/pcl/fused/processing_ms,std_msgs/msg/Float32,120.4969253540039
1774014068.8737056,/metrics/pcl/fused/detections_count,std_msgs/msg/Int32,75
1774014068.8738372,/metrics/pcl/fused/points_in,std_msgs/msg/Int32,38638
1774014068.873939,/metrics/pcl/fused/processing_ms,std_msgs/msg/Float32,120.77981567382812
1774014069.098017,/metrics/pcl/fused/detections_count,std_msgs/msg/Int32,70
1774014069.0981405,/metrics/pcl/fused/points_in,std_msgs/msg/Int32,38749
1774014069.0982146,/metrics/pcl/fused/processing_ms,std_msgs/msg/Float32,121.96150207519531
1774014069.3227513,/metrics/pcl/fused/detections_count,std_msgs/msg/Int32,81
1774014069.3228672,/metrics/pcl/fused/points_in,std_msgs/msg/Int32,38821
1774014069.3229506,/metrics/pcl/fused/processing_ms,std_msgs/msg/Float32,123.78904724121094
1774014069.5494723,/metrics/pcl/fused/detections_count,std_msgs/msg/Int32,80
1774014069.5495987,/metrics/pcl/fused/points_in,std_msgs/msg/Int32,38793
1774014069.5496655,/metrics/pcl/fused/processing_ms,std_msgs/msg/Float32,121.1441879272461
1774014069.7875683,/metrics/pcl/fused/detections_count,std_msgs/msg/Int32,80
1774014069.7876835,/metrics/pcl/fused/points_in,std_msgs/msg/Int32,38806
1774014069.7877517,/metrics/pcl/fused/processing_ms,std_msgs/msg/Float32,121.9110336303711
1774014070.0181139,/metrics/pcl/fused/detections_count,std_msgs/msg/Int32,78
1774014070.0182106,/metrics/pcl/fused/points_in,std_msgs/msg/Int32,38815
1774014070.0182674,/metrics/pcl/fused/processing_ms,std_msgs/msg/Float32,121.82673645019531
1774014070.2457232,/metrics/pcl/fused/detections_count,std_msgs/msg/Int32,81
1774014070.2458215,/metrics/pcl/fused/points_in,std_msgs/msg/Int32,38818
1774014070.2459178,/metrics/pcl/fused/processing_ms,std_msgs/msg/Float32,121.84503173828125
1774014070.7043986,/metrics/pcl/fused/detections_count,std_msgs/msg/Int32,73
1774014070.704497,/metrics/pcl/fused/points_in,std_msgs/msg/Int32,38792
1774014070.7045555,/metrics/pcl/fused/processing_ms,std_msgs/msg/Float32,121.39775085449219
1774014070.930977,/metrics/pcl/fused/detections_count,std_msgs/msg/Int32,81
1774014070.9310915,/metrics/pcl/fused/points_in,std_msgs/msg/Int32,38827
1774014070.9311726,/metrics/pcl/fused/processing_ms,std_msgs/msg/Float32,120.47201538085938
1774014071.622467,/metrics/pcl/fused/detections_count,std_msgs/msg/Int32,78
1774014071.6226468,/metrics/pcl/fused/points_in,std_msgs/msg/Int32,38809
1774014071.6227858,/metrics/pcl/fused/processing_ms,std_msgs/msg/Float32,128.0118408203125
1774014072.0694766,/metrics/pcl/fused/detections_count,std_msgs/msg/Int32,74
1774014072.0695915,/metrics/pcl/fused/points_in,std_msgs/msg/Int32,38917
1774014072.0696561,/metrics/pcl/fused/processing_ms,std_msgs/msg/Float32,123.00595092773438
1774014072.295935,/metrics/pcl/fused/detections_count,std_msgs/msg/Int32,75
1774014072.2960987,/metrics/pcl/fused/points_in,std_msgs/msg/Int32,38874
1774014072.2961862,/metrics/pcl/fused/processing_ms,std_msgs/msg/Float32,122.8368911743164
1774014072.5207248,/metrics/pcl/fused/detections_count,std_msgs/msg/Int32,73
1774014072.5208445,/metrics/pcl/fused/points_in,std_msgs/msg/Int32,38870
1774014072.520935,/metrics/pcl/fused/processing_ms,std_msgs/msg/Float32,124.20296478271484
1774014072.7441819,/metrics/pcl/fused/detections_count,std_msgs/msg/Int32,72
1774014072.7443347,/metrics/pcl/fused/points_in,std_msgs/msg/Int32,38733
1774014072.7444353,/metrics/pcl/fused/processing_ms,std_msgs/msg/Float32,122.07933807373047
1774014072.976535,/metrics/pcl/fused/detections_count,std_msgs/msg/Int32,75
1774014072.9766445,/metrics/pcl/fused/points_in,std_msgs/msg/Int32,38801
1774014072.9767077,/metrics/pcl/fused/processing_ms,std_msgs/msg/Float32,126.254638671875
1774014073.203093,/metrics/pcl/fused/detections_count,std_msgs/msg/Int32,73
1774014073.2032022,/metrics/pcl/fused/points_in,std_msgs/msg/Int32,38816
1774014073.203265,/metrics/pcl/fused/processing_ms,std_msgs/msg/Float32,122.16477966308594
1774014073.4293144,/metrics/pcl/fused/detections_count,std_msgs/msg/Int32,75
1774014073.4294236,/metrics/pcl/fused/points_in,std_msgs/msg/Int32,38798
1774014073.4294877,/metrics/pcl/fused/processing_ms,std_msgs/msg/Float32,118.96648406982422
1774014073.666834,/metrics/pcl/fused/detections_count,std_msgs/msg/Int32,80
1774014073.6669745,/metrics/pcl/fused/points_in,std_msgs/msg/Int32,38801
1774014073.6670382,/metrics/pcl/fused/processing_ms,std_msgs/msg/Float32,123.85387420654297
1774014073.8946579,/metrics/pcl/fused/detections_count,std_msgs/msg/Int32,82
1774014073.8947673,/metrics/pcl/fused/points_in,std_msgs/msg/Int32,38707
1774014073.8948357,/metrics/pcl/fused/processing_ms,std_msgs/msg/Float32,119.13397979736328
1774014074.1305678,/metrics/pcl/fused/detections_count,std_msgs/msg/Int32,77
1774014074.1306777,/metrics/pcl/fused/points_in,std_msgs/msg/Int32,38880
1774014074.1307414,/metrics/pcl/fused/processing_ms,std_msgs/msg/Float32,125.07572937011719
1774014074.3571436,/metrics/pcl/fused/detections_count,std_msgs/msg/Int32,80
1774014074.3572748,/metrics/pcl/fused/points_in,std_msgs/msg/Int32,38834
1774014074.3573403,/metrics/pcl/fused/processing_ms,std_msgs/msg/Float32,123.19810485839844
1774014074.8138382,/metrics/pcl/fused/detections_count,std_msgs/msg/Int32,82
1774014074.81397,/metrics/pcl/fused/points_in,std_msgs/msg/Int32,38745
1774014074.8140347,/metrics/pcl/fused/processing_ms,std_msgs/msg/Float32,121.48519134521484
1774014075.2775705,/metrics/pcl/fused/detections_count,std_msgs/msg/Int32,74
1774014075.2776768,/metrics/pcl/fused/points_in,std_msgs/msg/Int32,38724
1774014075.2777386,/metrics/pcl/fused/processing_ms,std_msgs/msg/Float32,122.13043212890625
1774014075.5088444,/metrics/pcl/fused/detections_count,std_msgs/msg/Int32,74
1774014075.5089734,/metrics/pcl/fused/points_in,std_msgs/msg/Int32,38762
1774014075.5090444,/metrics/pcl/fused/processing_ms,std_msgs/msg/Float32,124.3533935546875
1774014075.7382202,/metrics/pcl/fused/detections_count,std_msgs/msg/Int32,68
1774014075.7383885,/metrics/pcl/fused/points_in,std_msgs/msg/Int32,38811
1774014075.7384865,/metrics/pcl/fused/processing_ms,std_msgs/msg/Float32,122.22856903076172
1774014076.2017527,/metrics/pcl/fused/detections_count,std_msgs/msg/Int32,76
1774014076.2018864,/metrics/pcl/fused/points_in,std_msgs/msg/Int32,38928
1774014076.2019618,/metrics/pcl/fused/processing_ms,std_msgs/msg/Float32,122.12088775634766
1774014076.4324303,/metrics/pcl/fused/detections_count,std_msgs/msg/Int32,75
1774014076.4325566,/metrics/pcl/fused/points_in,std_msgs/msg/Int32,38910
1774014076.4326334,/metrics/pcl/fused/processing_ms,std_msgs/msg/Float32,121.4166488647461
1774014076.666327,/metrics/pcl/fused/detections_count,std_msgs/msg/Int32,76
1774014076.6664517,/metrics/pcl/fused/points_in,std_msgs/msg/Int32,38847
1774014076.666519,/metrics/pcl/fused/processing_ms,std_msgs/msg/Float32,125.02445983886719
1774014076.8972578,/metrics/pcl/fused/detections_count,std_msgs/msg/Int32,81
1774014076.8973498,/metrics/pcl/fused/points_in,std_msgs/msg/Int32,38275
1774014076.8974185,/metrics/pcl/fused/processing_ms,std_msgs/msg/Float32,120.14517974853516
1774014077.125096,/metrics/pcl/fused/detections_count,std_msgs/msg/Int32,77
1774014077.1252027,/metrics/pcl/fused/points_in,std_msgs/msg/Int32,37234
1774014077.1252654,/metrics/pcl/fused/processing_ms,std_msgs/msg/Float32,115.12002563476562
1774014077.3547156,/metrics/pcl/fused/detections_count,std_msgs/msg/Int32,78
1774014077.3548417,/metrics/pcl/fused/points_in,std_msgs/msg/Int32,37148
1774014077.3549404,/metrics/pcl/fused/processing_ms,std_msgs/msg/Float32,114.14228057861328
1774014077.5878162,/metrics/pcl/fused/detections_count,std_msgs/msg/Int32,76
1774014077.5879965,/metrics/pcl/fused/points_in,std_msgs/msg/Int32,37272
1774014077.588092,/metrics/pcl/fused/processing_ms,std_msgs/msg/Float32,117.25225830078125
1774014077.8164463,/metrics/pcl/fused/detections_count,std_msgs/msg/Int32,76
1774014077.8165982,/metrics/pcl/fused/points_in,std_msgs/msg/Int32,36721
1774014077.8167002,/metrics/pcl/fused/processing_ms,std_msgs/msg/Float32,111.44854736328125
1774014078.062658,/metrics/pcl/fused/detections_count,std_msgs/msg/Int32,76
1774014078.0627875,/metrics/pcl/fused/points_in,std_msgs/msg/Int32,38999
1774014078.0628638,/metrics/pcl/fused/processing_ms,std_msgs/msg/Float32,123.60315704345703
1774014078.2936656,/metrics/pcl/fused/detections_count,std_msgs/msg/Int32,73
1774014078.2937808,/metrics/pcl/fused/points_in,std_msgs/msg/Int32,38965
1774014078.2938433,/metrics/pcl/fused/processing_ms,std_msgs/msg/Float32,122.64375305175781
1774014078.5274882,/metrics/pcl/fused/detections_count,std_msgs/msg/Int32,76
1774014078.5275984,/metrics/pcl/fused/points_in,std_msgs/msg/Int32,39078
1774014078.5276623,/metrics/pcl/fused/processing_ms,std_msgs/msg/Float32,126.83098602294922
1774014078.7596204,/metrics/pcl/fused/detections_count,std_msgs/msg/Int32,76
1774014078.7597399,/metrics/pcl/fused/points_in,std_msgs/msg/Int32,38934
1774014078.7598011,/metrics/pcl/fused/processing_ms,std_msgs/msg/Float32,125.85096740722656
1774014078.996282,/metrics/pcl/fused/detections_count,std_msgs/msg/Int32,77
1774014078.9963987,/metrics/pcl/fused/points_in,std_msgs/msg/Int32,39054
1774014078.9965026,/metrics/pcl/fused/processing_ms,std_msgs/msg/Float32,126.48870849609375
1774014079.2274916,/metrics/pcl/fused/detections_count,std_msgs/msg/Int32,74
1774014079.2276063,/metrics/pcl/fused/points_in,std_msgs/msg/Int32,39079
1774014079.2276695,/metrics/pcl/fused/processing_ms,std_msgs/msg/Float32,124.78834533691406
1774014079.6891956,/metrics/pcl/fused/detections_count,std_msgs/msg/Int32,79
1774014079.6893218,/metrics/pcl/fused/points_in,std_msgs/msg/Int32,38418
1774014079.6893895,/metrics/pcl/fused/processing_ms,std_msgs/msg/Float32,120.19095611572266
1774014079.9239366,/metrics/pcl/fused/detections_count,std_msgs/msg/Int32,83
1774014079.9240532,/metrics/pcl/fused/points_in,std_msgs/msg/Int32,38550
1774014079.9241183,/metrics/pcl/fused/processing_ms,std_msgs/msg/Float32,119.7073974609375
1774014080.1687427,/metrics/pcl/fused/detections_count,std_msgs/msg/Int32,69
1774014080.168884,/metrics/pcl/fused/points_in,std_msgs/msg/Int32,39360
1774014080.1689777,/metrics/pcl/fused/processing_ms,std_msgs/msg/Float32,128.2882537841797
1774014080.4079316,/metrics/pcl/fused/detections_count,std_msgs/msg/Int32,74
1774014080.4080474,/metrics/pcl/fused/points_in,std_msgs/msg/Int32,39811
1774014080.408117,/metrics/pcl/fused/processing_ms,std_msgs/msg/Float32,130.22767639160156
1774014080.643902,/metrics/pcl/fused/detections_count,std_msgs/msg/Int32,77
1774014080.6440153,/metrics/pcl/fused/points_in,std_msgs/msg/Int32,39686
1774014080.6440847,/metrics/pcl/fused/processing_ms,std_msgs/msg/Float32,130.5525665283203
1774014080.8803554,/metrics/pcl/fused/detections_count,std_msgs/msg/Int32,80
1774014080.8804662,/metrics/pcl/fused/points_in,std_msgs/msg/Int32,39280
1774014080.8805335,/metrics/pcl/fused/processing_ms,std_msgs/msg/Float32,127.95794677734375
1774014081.3472304,/metrics/pcl/fused/detections_count,std_msgs/msg/Int32,73
1774014081.3473423,/metrics/pcl/fused/points_in,std_msgs/msg/Int32,39193
1774014081.3474047,/metrics/pcl/fused/processing_ms,std_msgs/msg/Float32,125.20133209228516
1774014081.5884004,/metrics/pcl/fused/detections_count,std_msgs/msg/Int32,75
1774014081.588517,/metrics/pcl/fused/points_in,std_msgs/msg/Int32,39078
1774014081.5885937,/metrics/pcl/fused/processing_ms,std_msgs/msg/Float32,128.54664611816406
1774014081.8248286,/metrics/pcl/fused/detections_count,std_msgs/msg/Int32,79
1774014081.82496,/metrics/pcl/fused/points_in,std_msgs/msg/Int32,38940
1774014081.8250442,/metrics/pcl/fused/processing_ms,std_msgs/msg/Float32,128.57058715820312
1774014082.0696337,/metrics/pcl/fused/detections_count,std_msgs/msg/Int32,76
1774014082.0697818,/metrics/pcl/fused/points_in,std_msgs/msg/Int32,39621
1774014082.0698867,/metrics/pcl/fused/processing_ms,std_msgs/msg/Float32,132.3553466796875
1774014082.3082125,/metrics/pcl/fused/detections_count,std_msgs/msg/Int32,76
1774014082.3083196,/metrics/pcl/fused/points_in,std_msgs/msg/Int32,39931
1774014082.3083723,/metrics/pcl/fused/processing_ms,std_msgs/msg/Float32,132.13809204101562
1774014082.5525546,/metrics/pcl/fused/detections_count,std_msgs/msg/Int32,75
1774014082.5526848,/metrics/pcl/fused/points_in,std_msgs/msg/Int32,39769
1774014082.5527692,/metrics/pcl/fused/processing_ms,std_msgs/msg/Float32,136.81004333496094
1774014082.7874615,/metrics/pcl/fused/detections_count,std_msgs/msg/Int32,77
1774014082.7875671,/metrics/pcl/fused/points_in,std_msgs/msg/Int32,39442
1774014082.787625,/metrics/pcl/fused/processing_ms,std_msgs/msg/Float32,130.8451385498047
1774014083.025882,/metrics/pcl/fused/detections_count,std_msgs/msg/Int32,78
1774014083.0260022,/metrics/pcl/fused/points_in,std_msgs/msg/Int32,39512
1774014083.0260758,/metrics/pcl/fused/processing_ms,std_msgs/msg/Float32,126.96414947509766
1774014083.2612848,/metrics/pcl/fused/detections_count,std_msgs/msg/Int32,74
1774014083.2614048,/metrics/pcl/fused/points_in,std_msgs/msg/Int32,39389
1774014083.2614698,/metrics/pcl/fused/processing_ms,std_msgs/msg/Float32,126.39447784423828
1774014083.5017316,/metrics/pcl/fused/detections_count,std_msgs/msg/Int32,79
1774014083.5018475,/metrics/pcl/fused/points_in,std_msgs/msg/Int32,39107
1774014083.5019302,/metrics/pcl/fused/processing_ms,std_msgs/msg/Float32,128.08847045898438
1774014083.7383552,/metrics/pcl/fused/detections_count,std_msgs/msg/Int32,72
1774014083.7384696,/metrics/pcl/fused/points_in,std_msgs/msg/Int32,38810
1774014083.7385259,/metrics/pcl/fused/processing_ms,std_msgs/msg/Float32,125.5994873046875
1774014083.9806695,/metrics/pcl/fused/detections_count,std_msgs/msg/Int32,72
1774014083.9808028,/metrics/pcl/fused/points_in,std_msgs/msg/Int32,38778
1774014083.9808812,/metrics/pcl/fused/processing_ms,std_msgs/msg/Float32,125.62410736083984
1774014084.2153182,/metrics/pcl/fused/detections_count,std_msgs/msg/Int32,77
1774014084.2154598,/metrics/pcl/fused/points_in,std_msgs/msg/Int32,38618
1774014084.2155485,/metrics/pcl/fused/processing_ms,std_msgs/msg/Float32,122.4537582397461
1774014084.4542027,/metrics/pcl/fused/detections_count,std_msgs/msg/Int32,81
1774014084.4543512,/metrics/pcl/fused/points_in,std_msgs/msg/Int32,38451
1774014084.4544334,/metrics/pcl/fused/processing_ms,std_msgs/msg/Float32,125.01904296875
1774014084.6934922,/metrics/pcl/fused/detections_count,std_msgs/msg/Int32,79
1774014084.6936293,/metrics/pcl/fused/points_in,std_msgs/msg/Int32,38523
1774014084.6937058,/metrics/pcl/fused/processing_ms,std_msgs/msg/Float32,126.74166107177734
1774014084.934236,/metrics/pcl/fused/detections_count,std_msgs/msg/Int32,77
1774014084.9343512,/metrics/pcl/fused/points_in,std_msgs/msg/Int32,38653
1774014084.934421,/metrics/pcl/fused/processing_ms,std_msgs/msg/Float32,128.28189086914062
1774014085.1730566,/metrics/pcl/fused/detections_count,std_msgs/msg/Int32,73
1774014085.1731656,/metrics/pcl/fused/points_in,std_msgs/msg/Int32,38662
1774014085.1732333,/metrics/pcl/fused/processing_ms,std_msgs/msg/Float32,126.76429748535156
1774014085.4104478,/metrics/pcl/fused/detections_count,std_msgs/msg/Int32,82
1774014085.410555,/metrics/pcl/fused/points_in,std_msgs/msg/Int32,38522
1774014085.410619,/metrics/pcl/fused/processing_ms,std_msgs/msg/Float32,126.36843872070312
1774014085.6491923,/metrics/pcl/fused/detections_count,std_msgs/msg/Int32,78
1774014085.6492882,/metrics/pcl/fused/points_in,std_msgs/msg/Int32,38508
1774014085.6493394,/metrics/pcl/fused/processing_ms,std_msgs/msg/Float32,127.08909606933594
1774014085.8920472,/metrics/pcl/fused/detections_count,std_msgs/msg/Int32,84
1774014085.8921807,/metrics/pcl/fused/points_in,std_msgs/msg/Int32,38415
1774014085.892236,/metrics/pcl/fused/processing_ms,std_msgs/msg/Float32,125.98524475097656
1774014086.1224928,/metrics/pcl/fused/detections_count,std_msgs/msg/Int32,80
1774014086.122596,/metrics/pcl/fused/points_in,std_msgs/msg/Int32,38471
1774014086.122652,/metrics/pcl/fused/processing_ms,std_msgs/msg/Float32,125.16950225830078
1774014086.346339,/metrics/pcl/fused/detections_count,std_msgs/msg/Int32,72
1774014086.3464742,/metrics/pcl/fused/points_in,std_msgs/msg/Int32,38609
1774014086.3465676,/metrics/pcl/fused/processing_ms,std_msgs/msg/Float32,124.89175415039062
1774014086.5698197,/metrics/pcl/fused/detections_count,std_msgs/msg/Int32,80
1774014086.5699606,/metrics/pcl/fused/points_in,std_msgs/msg/Int32,38679
1774014086.5700366,/metrics/pcl/fused/processing_ms,std_msgs/msg/Float32,126.82189178466797
1774014086.7939637,/metrics/pcl/fused/detections_count,std_msgs/msg/Int32,75
1774014086.7940867,/metrics/pcl/fused/points_in,std_msgs/msg/Int32,38786
1774014086.7941496,/metrics/pcl/fused/processing_ms,std_msgs/msg/Float32,128.22096252441406
1774014087.026988,/metrics/pcl/fused/detections_count,std_msgs/msg/Int32,78
1774014087.027108,/metrics/pcl/fused/points_in,std_msgs/msg/Int32,38865
1774014087.0271723,/metrics/pcl/fused/processing_ms,std_msgs/msg/Float32,139.68862915039062
1774014087.2620296,/metrics/pcl/fused/detections_count,std_msgs/msg/Int32,74
1774014087.2621422,/metrics/pcl/fused/points_in,std_msgs/msg/Int32,38734
1774014087.2622046,/metrics/pcl/fused/processing_ms,std_msgs/msg/Float32,126.82357025146484
1774014087.4835243,/metrics/pcl/fused/detections_count,std_msgs/msg/Int32,79
1774014087.4836206,/metrics/pcl/fused/points_in,std_msgs/msg/Int32,38635
1774014087.4836757,/metrics/pcl/fused/processing_ms,std_msgs/msg/Float32,126.57254028320312
1774014087.708126,/metrics/pcl/fused/detections_count,std_msgs/msg/Int32,73
1774014087.7082357,/metrics/pcl/fused/points_in,std_msgs/msg/Int32,38742
1774014087.7082987,/metrics/pcl/fused/processing_ms,std_msgs/msg/Float32,128.43540954589844
1774014087.9251049,/metrics/pcl/fused/detections_count,std_msgs/msg/Int32,77
1774014087.925216,/metrics/pcl/fused/points_in,std_msgs/msg/Int32,38324
1774014087.9252784,/metrics/pcl/fused/processing_ms,std_msgs/msg/Float32,123.55628204345703
1774014088.14039,/metrics/pcl/fused/detections_count,std_msgs/msg/Int32,78
1774014088.140501,/metrics/pcl/fused/points_in,std_msgs/msg/Int32,37464
1774014088.1405637,/metrics/pcl/fused/processing_ms,std_msgs/msg/Float32,116.5028305053711
1774014088.3633006,/metrics/pcl/fused/detections_count,std_msgs/msg/Int32,75
1774014088.3634262,/metrics/pcl/fused/points_in,std_msgs/msg/Int32,37342
1774014088.363507,/metrics/pcl/fused/processing_ms,std_msgs/msg/Float32,116.38538360595703
1774014088.5864518,/metrics/pcl/fused/detections_count,std_msgs/msg/Int32,78
1774014088.5866156,/metrics/pcl/fused/points_in,std_msgs/msg/Int32,37383
1774014088.5866804,/metrics/pcl/fused/processing_ms,std_msgs/msg/Float32,117.3978042602539
1774014088.8091805,/metrics/pcl/fused/detections_count,std_msgs/msg/Int32,77
1774014088.809333,/metrics/pcl/fused/points_in,std_msgs/msg/Int32,37486
1774014088.8094168,/metrics/pcl/fused/processing_ms,std_msgs/msg/Float32,117.63469696044922
1774014089.0337193,/metrics/pcl/fused/detections_count,std_msgs/msg/Int32,76
1774014089.0338387,/metrics/pcl/fused/points_in,std_msgs/msg/Int32,37759
1774014089.0339234,/metrics/pcl/fused/processing_ms,std_msgs/msg/Float32,119.02626037597656
1774014089.2638595,/metrics/pcl/fused/detections_count,std_msgs/msg/Int32,76
1774014089.2639802,/metrics/pcl/fused/points_in,std_msgs/msg/Int32,38566
1774014089.2640429,/metrics/pcl/fused/processing_ms,std_msgs/msg/Float32,124.120849609375
1774014089.4877498,/metrics/pcl/fused/detections_count,std_msgs/msg/Int32,77
1774014089.48786,/metrics/pcl/fused/points_in,std_msgs/msg/Int32,38233
1774014089.4879854,/metrics/pcl/fused/processing_ms,std_msgs/msg/Float32,122.63375091552734
1774014089.714853,/metrics/pcl/fused/detections_count,std_msgs/msg/Int32,73
1774014089.714978,/metrics/pcl/fused/points_in,std_msgs/msg/Int32,38002
1774014089.7150471,/metrics/pcl/fused/processing_ms,std_msgs/msg/Float32,123.37696075439453
1774014089.9402564,/metrics/pcl/fused/detections_count,std_msgs/msg/Int32,76
1774014089.9403782,/metrics/pcl/fused/points_in,std_msgs/msg/Int32,38028
1774014089.9404378,/metrics/pcl/fused/processing_ms,std_msgs/msg/Float32,119.18646240234375
1774014090.1700633,/metrics/pcl/fused/detections_count,std_msgs/msg/Int32,79
1774014090.1701796,/metrics/pcl/fused/points_in,std_msgs/msg/Int32,38053
1774014090.1702416,/metrics/pcl/fused/processing_ms,std_msgs/msg/Float32,121.01044464111328
1774014090.8497524,/metrics/pcl/fused/detections_count,std_msgs/msg/Int32,75
1774014090.8498664,/metrics/pcl/fused/points_in,std_msgs/msg/Int32,38180
1774014090.8499644,/metrics/pcl/fused/processing_ms,std_msgs/msg/Float32,121.0772476196289
1774014091.0741386,/metrics/pcl/fused/detections_count,std_msgs/msg/Int32,79
1774014091.0742345,/metrics/pcl/fused/points_in,std_msgs/msg/Int32,38136
1774014091.0742874,/metrics/pcl/fused/processing_ms,std_msgs/msg/Float32,117.37928771972656
1774014091.527628,/metrics/pcl/fused/detections_count,std_msgs/msg/Int32,76
1774014091.5277765,/metrics/pcl/fused/points_in,std_msgs/msg/Int32,38222
1774014091.527836,/metrics/pcl/fused/processing_ms,std_msgs/msg/Float32,119.34808349609375
1774014091.7571697,/metrics/pcl/fused/detections_count,std_msgs/msg/Int32,74
1774014091.7572827,/metrics/pcl/fused/points_in,std_msgs/msg/Int32,38160
1774014091.7573466,/metrics/pcl/fused/processing_ms,std_msgs/msg/Float32,119.5267562866211
1774014091.987905,/metrics/pcl/fused/detections_count,std_msgs/msg/Int32,77
1774014091.9880152,/metrics/pcl/fused/points_in,std_msgs/msg/Int32,38096
1774014091.988081,/metrics/pcl/fused/processing_ms,std_msgs/msg/Float32,121.46385192871094
1774014092.2151284,/metrics/pcl/fused/detections_count,std_msgs/msg/Int32,77
1774014092.215243,/metrics/pcl/fused/points_in,std_msgs/msg/Int32,38170
1774014092.2153082,/metrics/pcl/fused/processing_ms,std_msgs/msg/Float32,119.26068115234375
1774014092.4437673,/metrics/pcl/fused/detections_count,std_msgs/msg/Int32,81
1774014092.4438891,/metrics/pcl/fused/points_in,std_msgs/msg/Int32,38156
1774014092.4439614,/metrics/pcl/fused/processing_ms,std_msgs/msg/Float32,119.7514419555664
1774014092.6769555,/metrics/pcl/fused/detections_count,std_msgs/msg/Int32,83
1774014092.6770601,/metrics/pcl/fused/points_in,std_msgs/msg/Int32,38257
1774014092.677113,/metrics/pcl/fused/processing_ms,std_msgs/msg/Float32,121.52774047851562
1774014092.9050796,/metrics/pcl/fused/detections_count,std_msgs/msg/Int32,71
1774014092.905192,/metrics/pcl/fused/points_in,std_msgs/msg/Int32,38166
1774014092.9052691,/metrics/pcl/fused/processing_ms,std_msgs/msg/Float32,120.7296142578125
1774014093.136165,/metrics/pcl/fused/detections_count,std_msgs/msg/Int32,78
1774014093.1362746,/metrics/pcl/fused/points_in,std_msgs/msg/Int32,38459
1774014093.1363378,/metrics/pcl/fused/processing_ms,std_msgs/msg/Float32,121.94306945800781
1774014093.3633275,/metrics/pcl/fused/detections_count,std_msgs/msg/Int32,74
1774014093.363443,/metrics/pcl/fused/points_in,std_msgs/msg/Int32,38337
1774014093.3635032,/metrics/pcl/fused/processing_ms,std_msgs/msg/Float32,120.73944091796875
1774014093.8306942,/metrics/pcl/fused/detections_count,std_msgs/msg/Int32,79
1774014093.83082,/metrics/pcl/fused/points_in,std_msgs/msg/Int32,38715
1774014093.8308952,/metrics/pcl/fused/processing_ms,std_msgs/msg/Float32,122.98593139648438
1774014094.0644176,/metrics/pcl/fused/detections_count,std_msgs/msg/Int32,82
1774014094.0645318,/metrics/pcl/fused/points_in,std_msgs/msg/Int32,38579
1774014094.0645943,/metrics/pcl/fused/processing_ms,std_msgs/msg/Float32,122.68801879882812
1774014094.2960484,/metrics/pcl/fused/detections_count,std_msgs/msg/Int32,81
1774014094.2961562,/metrics/pcl/fused/points_in,std_msgs/msg/Int32,38421
1774014094.296218,/metrics/pcl/fused/processing_ms,std_msgs/msg/Float32,119.95990753173828
1774014094.5334058,/metrics/pcl/fused/detections_count,std_msgs/msg/Int32,75
1774014094.5335548,/metrics/pcl/fused/points_in,std_msgs/msg/Int32,38264
1774014094.533668,/metrics/pcl/fused/processing_ms,std_msgs/msg/Float32,121.6199951171875
1774014094.7686765,/metrics/pcl/fused/detections_count,std_msgs/msg/Int32,77
1774014094.7688134,/metrics/pcl/fused/points_in,std_msgs/msg/Int32,38153
1774014094.7727418,/metrics/pcl/fused/processing_ms,std_msgs/msg/Float32,122.09537506103516
1774014095.0014088,/metrics/pcl/fused/detections_count,std_msgs/msg/Int32,76
1774014095.001523,/metrics/pcl/fused/points_in,std_msgs/msg/Int32,38133
1774014095.0015895,/metrics/pcl/fused/processing_ms,std_msgs/msg/Float32,123.79022216796875
1774014095.2290683,/metrics/pcl/fused/detections_count,std_msgs/msg/Int32,74
1774014095.229176,/metrics/pcl/fused/points_in,std_msgs/msg/Int32,38034
1774014095.2292378,/metrics/pcl/fused/processing_ms,std_msgs/msg/Float32,118.60292053222656
1774014095.6945107,/metrics/pcl/fused/detections_count,std_msgs/msg/Int32,81
1774014095.694651,/metrics/pcl/fused/points_in,std_msgs/msg/Int32,37548
1774014095.69475,/metrics/pcl/fused/processing_ms,std_msgs/msg/Float32,119.35436248779297
1774014095.925515,/metrics/pcl/fused/detections_count,std_msgs/msg/Int32,79
1774014095.9256237,/metrics/pcl/fused/points_in,std_msgs/msg/Int32,37244
1774014095.9256938,/metrics/pcl/fused/processing_ms,std_msgs/msg/Float32,117.97382354736328
1774014096.1578515,/metrics/pcl/fused/detections_count,std_msgs/msg/Int32,80
1774014096.1579883,/metrics/pcl/fused/points_in,std_msgs/msg/Int32,36781
1774014096.158069,/metrics/pcl/fused/processing_ms,std_msgs/msg/Float32,116.83084106445312
1774014096.387858,/metrics/pcl/fused/detections_count,std_msgs/msg/Int32,75
1774014096.3879874,/metrics/pcl/fused/points_in,std_msgs/msg/Int32,36340
1774014096.3880658,/metrics/pcl/fused/processing_ms,std_msgs/msg/Float32,115.52645111083984
1774014096.6159248,/metrics/pcl/fused/detections_count,std_msgs/msg/Int32,84
1774014096.6160553,/metrics/pcl/fused/points_in,std_msgs/msg/Int32,35986
1774014096.6161144,/metrics/pcl/fused/processing_ms,std_msgs/msg/Float32,113.15079498291016
1774014096.8470016,/metrics/pcl/fused/detections_count,std_msgs/msg/Int32,80
1774014096.847117,/metrics/pcl/fused/processing_ms,std_msgs/msg/Float32,112.68583679199219
1774014096.847334,/metrics/pcl/fused/points_in,std_msgs/msg/Int32,35579
1774014097.0815346,/metrics/pcl/fused/detections_count,std_msgs/msg/Int32,82
1774014097.0816476,/metrics/pcl/fused/points_in,std_msgs/msg/Int32,35330
1774014097.0817237,/metrics/pcl/fused/processing_ms,std_msgs/msg/Float32,112.25332641601562
1774014097.3149023,/metrics/pcl/fused/detections_count,std_msgs/msg/Int32,72
1774014097.315037,/metrics/pcl/fused/points_in,std_msgs/msg/Int32,35602
1774014097.31512,/metrics/pcl/fused/processing_ms,std_msgs/msg/Float32,114.11795806884766
1774014097.5453677,/metrics/pcl/fused/detections_count,std_msgs/msg/Int32,79
1774014097.5454988,/metrics/pcl/fused/points_in,std_msgs/msg/Int32,35582
1774014097.545571,/metrics/pcl/fused/processing_ms,std_msgs/msg/Float32,112.79617309570312
1774014097.780788,/metrics/pcl/fused/detections_count,std_msgs/msg/Int32,73
1774014097.7809098,/metrics/pcl/fused/points_in,std_msgs/msg/Int32,35960
1774014097.7809775,/metrics/pcl/fused/processing_ms,std_msgs/msg/Float32,116.24805450439453
1774014098.015541,/metrics/pcl/fused/detections_count,std_msgs/msg/Int32,80
1774014098.0156534,/metrics/pcl/fused/points_in,std_msgs/msg/Int32,35345
1774014098.0157166,/metrics/pcl/fused/processing_ms,std_msgs/msg/Float32,114.6888198852539
1774014098.244451,/metrics/pcl/fused/detections_count,std_msgs/msg/Int32,77
1774014098.2445672,/metrics/pcl/fused/points_in,std_msgs/msg/Int32,34848
1774014098.2446609,/metrics/pcl/fused/processing_ms,std_msgs/msg/Float32,110.8239517211914
1774014098.4843318,/metrics/pcl/fused/detections_count,std_msgs/msg/Int32,76
1774014098.4844406,/metrics/pcl/fused/points_in,std_msgs/msg/Int32,36480
1774014098.4845138,/metrics/pcl/fused/processing_ms,std_msgs/msg/Float32,117.67359924316406
1774014098.731862,/metrics/pcl/fused/detections_count,std_msgs/msg/Int32,75
1774014098.7319899,/metrics/pcl/fused/points_in,std_msgs/msg/Int32,38263
1774014098.7320533,/metrics/pcl/fused/processing_ms,std_msgs/msg/Float32,125.52422332763672
1774014098.9648294,/metrics/pcl/fused/detections_count,std_msgs/msg/Int32,69
1774014098.9649346,/metrics/pcl/fused/points_in,std_msgs/msg/Int32,37729
1774014098.9649928,/metrics/pcl/fused/processing_ms,std_msgs/msg/Float32,123.4656753540039
1774014099.1996331,/metrics/pcl/fused/detections_count,std_msgs/msg/Int32,78
1774014099.1997445,/metrics/pcl/fused/points_in,std_msgs/msg/Int32,37835
1774014099.1998122,/metrics/pcl/fused/processing_ms,std_msgs/msg/Float32,122.12853240966797
1774014099.4361413,/metrics/pcl/fused/detections_count,std_msgs/msg/Int32,69
1774014099.4362545,/metrics/pcl/fused/points_in,std_msgs/msg/Int32,37502
1774014099.4363258,/metrics/pcl/fused/processing_ms,std_msgs/msg/Float32,121.12589263916016
1774014099.6684499,/metrics/pcl/fused/detections_count,std_msgs/msg/Int32,71
1774014099.6686225,/metrics/pcl/fused/points_in,std_msgs/msg/Int32,35921
1774014099.6687124,/metrics/pcl/fused/processing_ms,std_msgs/msg/Float32,120.58587646484375
1774014099.903635,/metrics/pcl/fused/detections_count,std_msgs/msg/Int32,74
1774014099.9037452,/metrics/pcl/fused/points_in,std_msgs/msg/Int32,35726
1774014099.9038188,/metrics/pcl/fused/processing_ms,std_msgs/msg/Float32,118.72191619873047
1774014100.1371224,/metrics/pcl/fused/detections_count,std_msgs/msg/Int32,70
1774014100.1372797,/metrics/pcl/fused/points_in,std_msgs/msg/Int32,35592
1774014100.137409,/metrics/pcl/fused/processing_ms,std_msgs/msg/Float32,116.73868560791016
1774014100.3714685,/metrics/pcl/fused/detections_count,std_msgs/msg/Int32,74
1774014100.3716118,/metrics/pcl/fused/points_in,std_msgs/msg/Int32,35578
1774014100.3717072,/metrics/pcl/fused/processing_ms,std_msgs/msg/Float32,116.71956634521484
1774014100.6112545,/metrics/pcl/fused/detections_count,std_msgs/msg/Int32,77
1774014100.6113863,/metrics/pcl/fused/points_in,std_msgs/msg/Int32,35737
1774014100.6114767,/metrics/pcl/fused/processing_ms,std_msgs/msg/Float32,119.96306610107422
1774014100.8471477,/metrics/pcl/fused/detections_count,std_msgs/msg/Int32,75
1774014100.8472695,/metrics/pcl/fused/points_in,std_msgs/msg/Int32,35731
1774014100.8473272,/metrics/pcl/fused/processing_ms,std_msgs/msg/Float32,118.62165069580078
1774014101.0854366,/metrics/pcl/fused/detections_count,std_msgs/msg/Int32,73
1774014101.0855486,/metrics/pcl/fused/points_in,std_msgs/msg/Int32,35694
1774014101.0856225,/metrics/pcl/fused/processing_ms,std_msgs/msg/Float32,120.13255310058594
1774014101.3223903,/metrics/pcl/fused/detections_count,std_msgs/msg/Int32,73
1774014101.3225024,/metrics/pcl/fused/points_in,std_msgs/msg/Int32,35751
1774014101.3225636,/metrics/pcl/fused/processing_ms,std_msgs/msg/Float32,118.41092681884766
1774014101.5576317,/metrics/pcl/fused/detections_count,std_msgs/msg/Int32,77
1774014101.5577416,/metrics/pcl/fused/points_in,std_msgs/msg/Int32,35832
1774014101.5578039,/metrics/pcl/fused/processing_ms,std_msgs/msg/Float32,119.95388793945312
1774014101.7982724,/metrics/pcl/fused/detections_count,std_msgs/msg/Int32,78
1774014101.7983875,/metrics/pcl/fused/points_in,std_msgs/msg/Int32,35776
1774014101.7984629,/metrics/pcl/fused/processing_ms,std_msgs/msg/Float32,121.07550048828125
1774014102.0359304,/metrics/pcl/fused/detections_count,std_msgs/msg/Int32,74
1774014102.0360572,/metrics/pcl/fused/points_in,std_msgs/msg/Int32,35762
1774014102.0361416,/metrics/pcl/fused/processing_ms,std_msgs/msg/Float32,120.64705657958984
1774014102.2718065,/metrics/pcl/fused/detections_count,std_msgs/msg/Int32,76
1774014102.271954,/metrics/pcl/fused/points_in,std_msgs/msg/Int32,35840
1774014102.272047,/metrics/pcl/fused/processing_ms,std_msgs/msg/Float32,118.24528503417969
1774014102.5159323,/metrics/pcl/fused/detections_count,std_msgs/msg/Int32,74
1774014102.5160434,/metrics/pcl/fused/points_in,std_msgs/msg/Int32,35880
1774014102.5161128,/metrics/pcl/fused/processing_ms,std_msgs/msg/Float32,120.48242950439453
1774014102.7545984,/metrics/pcl/fused/detections_count,std_msgs/msg/Int32,73
1774014102.7546997,/metrics/pcl/fused/points_in,std_msgs/msg/Int32,35819
1774014102.75476,/metrics/pcl/fused/processing_ms,std_msgs/msg/Float32,121.33650970458984
1774014102.9962287,/metrics/pcl/fused/detections_count,std_msgs/msg/Int32,73
1774014102.996341,/metrics/pcl/fused/points_in,std_msgs/msg/Int32,35762
1774014102.9964092,/metrics/pcl/fused/processing_ms,std_msgs/msg/Float32,119.0315170288086
1774014103.2365258,/metrics/pcl/fused/detections_count,std_msgs/msg/Int32,71
1774014103.2366338,/metrics/pcl/fused/points_in,std_msgs/msg/Int32,35743
1774014103.236701,/metrics/pcl/fused/processing_ms,std_msgs/msg/Float32,117.60015106201172
1774014103.477529,/metrics/pcl/fused/detections_count,std_msgs/msg/Int32,68
1774014103.4776418,/metrics/pcl/fused/points_in,std_msgs/msg/Int32,35690
1774014103.4777122,/metrics/pcl/fused/processing_ms,std_msgs/msg/Float32,120.8564224243164
1774014103.7127216,/metrics/pcl/fused/detections_count,std_msgs/msg/Int32,78
1774014103.7128446,/metrics/pcl/fused/points_in,std_msgs/msg/Int32,35818
1774014103.7129524,/metrics/pcl/fused/processing_ms,std_msgs/msg/Float32,117.27224731445312
1774014103.9514732,/metrics/pcl/fused/detections_count,std_msgs/msg/Int32,71
1774014103.951605,/metrics/pcl/fused/points_in,std_msgs/msg/Int32,35790
1774014103.9516935,/metrics/pcl/fused/processing_ms,std_msgs/msg/Float32,117.54499053955078
1774014104.1926959,/metrics/pcl/fused/detections_count,std_msgs/msg/Int32,74
1774014104.1928244,/metrics/pcl/fused/points_in,std_msgs/msg/Int32,36271
1774014104.192917,/metrics/pcl/fused/processing_ms,std_msgs/msg/Float32,117.51907348632812
1774014104.4290135,/metrics/pcl/fused/detections_count,std_msgs/msg/Int32,80
1774014104.4291415,/metrics/pcl/fused/points_in,std_msgs/msg/Int32,36797
1774014104.4292293,/metrics/pcl/fused/processing_ms,std_msgs/msg/Float32,117.6274642944336
1774014104.6667185,/metrics/pcl/fused/detections_count,std_msgs/msg/Int32,75
1774014104.6668806,/metrics/pcl/fused/points_in,std_msgs/msg/Int32,37596
1774014104.6669748,/metrics/pcl/fused/processing_ms,std_msgs/msg/Float32,120.1976547241211
1774014104.9144778,/metrics/pcl/fused/detections_count,std_msgs/msg/Int32,74
1774014104.9146361,/metrics/pcl/fused/points_in,std_msgs/msg/Int32,37903
1774014104.9147117,/metrics/pcl/fused/processing_ms,std_msgs/msg/Float32,124.78609466552734
1774014105.1573062,/metrics/pcl/fused/detections_count,std_msgs/msg/Int32,72
1774014105.1574295,/metrics/pcl/fused/points_in,std_msgs/msg/Int32,37961
1774014105.1575015,/metrics/pcl/fused/processing_ms,std_msgs/msg/Float32,128.1593017578125
1774014105.384358,/metrics/pcl/fused/detections_count,std_msgs/msg/Int32,77
1774014105.3844771,/metrics/pcl/fused/points_in,std_msgs/msg/Int32,37668
1774014105.384558,/metrics/pcl/fused/processing_ms,std_msgs/msg/Float32,129.0091552734375
1774014105.6064742,/metrics/pcl/fused/detections_count,std_msgs/msg/Int32,74
1774014105.6066167,/metrics/pcl/fused/points_in,std_msgs/msg/Int32,38091
1774014105.6066802,/metrics/pcl/fused/processing_ms,std_msgs/msg/Float32,129.16078186035156
1774014105.833698,/metrics/pcl/fused/detections_count,std_msgs/msg/Int32,72
1774014105.8338172,/metrics/pcl/fused/points_in,std_msgs/msg/Int32,38893
1774014105.833903,/metrics/pcl/fused/processing_ms,std_msgs/msg/Float32,131.92935180664062
1774014106.0578892,/metrics/pcl/fused/detections_count,std_msgs/msg/Int32,73
1774014106.0580134,/metrics/pcl/fused/points_in,std_msgs/msg/Int32,39526
1774014106.0580778,/metrics/pcl/fused/processing_ms,std_msgs/msg/Float32,132.36595153808594
1774014106.2653112,/metrics/pcl/fused/detections_count,std_msgs/msg/Int32,80
1774014106.2654386,/metrics/pcl/fused/points_in,std_msgs/msg/Int32,37089
1774014106.2655015,/metrics/pcl/fused/processing_ms,std_msgs/msg/Float32,117.40055847167969
1774014106.4966779,/metrics/pcl/fused/detections_count,std_msgs/msg/Int32,75
1774014106.4967911,/metrics/pcl/fused/points_in,std_msgs/msg/Int32,36755
1774014106.4968576,/metrics/pcl/fused/processing_ms,std_msgs/msg/Float32,127.24736022949219
1774014106.72058,/metrics/pcl/fused/detections_count,std_msgs/msg/Int32,73
1774014106.7206783,/metrics/pcl/fused/points_in,std_msgs/msg/Int32,37446
1774014106.7207322,/metrics/pcl/fused/processing_ms,std_msgs/msg/Float32,126.34036254882812
1774014106.9452903,/metrics/pcl/fused/detections_count,std_msgs/msg/Int32,78
1774014106.9454036,/metrics/pcl/fused/points_in,std_msgs/msg/Int32,38502
1774014106.945466,/metrics/pcl/fused/processing_ms,std_msgs/msg/Float32,128.4355010986328
1774014107.163553,/metrics/pcl/fused/detections_count,std_msgs/msg/Int32,77
1774014107.1636493,/metrics/pcl/fused/points_in,std_msgs/msg/Int32,38761
1774014107.1637025,/metrics/pcl/fused/processing_ms,std_msgs/msg/Float32,125.74412536621094
1774014107.386719,/metrics/pcl/fused/detections_count,std_msgs/msg/Int32,73
1774014107.3868275,/metrics/pcl/fused/points_in,std_msgs/msg/Int32,38756
1774014107.3868983,/metrics/pcl/fused/processing_ms,std_msgs/msg/Float32,125.96619415283203
1774014107.608954,/metrics/pcl/fused/detections_count,std_msgs/msg/Int32,77
1774014107.6090615,/metrics/pcl/fused/points_in,std_msgs/msg/Int32,38553
1774014107.6091206,/metrics/pcl/fused/processing_ms,std_msgs/msg/Float32,124.60025024414062
1774014107.8317027,/metrics/pcl/fused/detections_count,std_msgs/msg/Int32,72
1774014107.8318138,/metrics/pcl/fused/points_in,std_msgs/msg/Int32,38361
1774014107.831893,/metrics/pcl/fused/processing_ms,std_msgs/msg/Float32,124.73372650146484
1774014108.0558658,/metrics/pcl/fused/detections_count,std_msgs/msg/Int32,71
1774014108.0559864,/metrics/pcl/fused/points_in,std_msgs/msg/Int32,38648
1774014108.056051,/metrics/pcl/fused/processing_ms,std_msgs/msg/Float32,125.9479751586914
1774014108.274738,/metrics/pcl/fused/detections_count,std_msgs/msg/Int32,77
1774014108.2748475,/metrics/pcl/fused/points_in,std_msgs/msg/Int32,38392
1774014108.274928,/metrics/pcl/fused/processing_ms,std_msgs/msg/Float32,122.51669311523438
1774014108.7289407,/metrics/pcl/fused/detections_count,std_msgs/msg/Int32,77
1774014108.7290602,/metrics/pcl/fused/points_in,std_msgs/msg/Int32,39342
1774014108.7291315,/metrics/pcl/fused/processing_ms,std_msgs/msg/Float32,131.94088745117188
1774014108.9546247,/metrics/pcl/fused/detections_count,std_msgs/msg/Int32,74
1774014108.9547408,/metrics/pcl/fused/points_in,std_msgs/msg/Int32,39682
1774014108.9548037,/metrics/pcl/fused/processing_ms,std_msgs/msg/Float32,132.24136352539062
1774014109.6470487,/metrics/pcl/fused/detections_count,std_msgs/msg/Int32,73
1774014109.6471636,/metrics/pcl/fused/points_in,std_msgs/msg/Int32,40157
1774014109.6472418,/metrics/pcl/fused/processing_ms,std_msgs/msg/Float32,137.71270751953125
1774014109.879144,/metrics/pcl/fused/detections_count,std_msgs/msg/Int32,76
1774014109.879281,/metrics/pcl/fused/points_in,std_msgs/msg/Int32,40166
1774014109.8793426,/metrics/pcl/fused/processing_ms,std_msgs/msg/Float32,137.04644775390625
1774014110.1089792,/metrics/pcl/fused/detections_count,std_msgs/msg/Int32,71
1774014110.10909,/metrics/pcl/fused/points_in,std_msgs/msg/Int32,40148
1774014110.1091564,/metrics/pcl/fused/processing_ms,std_msgs/msg/Float32,135.6904296875
1774014110.5575826,/metrics/pcl/fused/detections_count,std_msgs/msg/Int32,78
1774014110.5576913,/metrics/pcl/fused/points_in,std_msgs/msg/Int32,39533
1774014110.557753,/metrics/pcl/fused/processing_ms,std_msgs/msg/Float32,129.58375549316406
1774014110.7902503,/metrics/pcl/fused/detections_count,std_msgs/msg/Int32,74
1774014110.7903554,/metrics/pcl/fused/points_in,std_msgs/msg/Int32,39365
1774014110.7904103,/metrics/pcl/fused/processing_ms,std_msgs/msg/Float32,130.5435333251953
1774014111.021687,/metrics/pcl/fused/detections_count,std_msgs/msg/Int32,73
1774014111.021796,/metrics/pcl/fused/points_in,std_msgs/msg/Int32,39071
1774014111.0218644,/metrics/pcl/fused/processing_ms,std_msgs/msg/Float32,128.58132934570312
1774014111.2510517,/metrics/pcl/fused/detections_count,std_msgs/msg/Int32,77
1774014111.2511601,/metrics/pcl/fused/points_in,std_msgs/msg/Int32,39303
1774014111.2512238,/metrics/pcl/fused/processing_ms,std_msgs/msg/Float32,126.54767608642578
1774014111.4875004,/metrics/pcl/fused/detections_count,std_msgs/msg/Int32,73
1774014111.4876113,/metrics/pcl/fused/points_in,std_msgs/msg/Int32,39283
1774014111.487675,/metrics/pcl/fused/processing_ms,std_msgs/msg/Float32,131.36785888671875
1774014111.7218504,/metrics/pcl/fused/detections_count,std_msgs/msg/Int32,74
1774014111.7219796,/metrics/pcl/fused/points_in,std_msgs/msg/Int32,39067
1774014111.7220545,/metrics/pcl/fused/processing_ms,std_msgs/msg/Float32,129.31369018554688
1774014111.9552097,/metrics/pcl/fused/detections_count,std_msgs/msg/Int32,69
1774014111.9553206,/metrics/pcl/fused/points_in,std_msgs/msg/Int32,39093
1774014111.9553897,/metrics/pcl/fused/processing_ms,std_msgs/msg/Float32,129.93106079101562
1774014112.1854715,/metrics/pcl/fused/detections_count,std_msgs/msg/Int32,71
1774014112.1855872,/metrics/pcl/fused/points_in,std_msgs/msg/Int32,38725
1774014112.1856515,/metrics/pcl/fused/processing_ms,std_msgs/msg/Float32,127.87092590332031
1774014112.6438313,/metrics/pcl/fused/detections_count,std_msgs/msg/Int32,71
1774014112.6440647,/metrics/pcl/fused/points_in,std_msgs/msg/Int32,37442
1774014112.6442368,/metrics/pcl/fused/processing_ms,std_msgs/msg/Float32,123.6678695678711
1774014112.8860362,/metrics/pcl/fused/detections_count,std_msgs/msg/Int32,67
1774014112.8861344,/metrics/pcl/fused/points_in,std_msgs/msg/Int32,37605
1774014112.8861887,/metrics/pcl/fused/processing_ms,std_msgs/msg/Float32,125.55183410644531
1774014113.1187952,/metrics/pcl/fused/detections_count,std_msgs/msg/Int32,76
1774014113.1189103,/metrics/pcl/fused/points_in,std_msgs/msg/Int32,38107
1774014113.1189737,/metrics/pcl/fused/processing_ms,std_msgs/msg/Float32,123.91338348388672
1774014113.5912895,/metrics/pcl/fused/detections_count,std_msgs/msg/Int32,76
1774014113.5914006,/metrics/pcl/fused/points_in,std_msgs/msg/Int32,38321
1774014113.591464,/metrics/pcl/fused/processing_ms,std_msgs/msg/Float32,123.6285171508789
1774014113.827355,/metrics/pcl/fused/detections_count,std_msgs/msg/Int32,75
1774014113.8274982,/metrics/pcl/fused/points_in,std_msgs/msg/Int32,38539
1774014113.8275845,/metrics/pcl/fused/processing_ms,std_msgs/msg/Float32,124.72917175292969
1774014114.065001,/metrics/pcl/fused/detections_count,std_msgs/msg/Int32,77
1774014114.0651119,/metrics/pcl/fused/points_in,std_msgs/msg/Int32,38569
1774014114.0651789,/metrics/pcl/fused/processing_ms,std_msgs/msg/Float32,124.57258605957031
1774014114.294248,/metrics/pcl/fused/detections_count,std_msgs/msg/Int32,73
1774014114.2943892,/metrics/pcl/fused/points_in,std_msgs/msg/Int32,38174
1774014114.2944906,/metrics/pcl/fused/processing_ms,std_msgs/msg/Float32,118.79429626464844
1774014114.5317938,/metrics/pcl/fused/detections_count,std_msgs/msg/Int32,73
1774014114.5319161,/metrics/pcl/fused/points_in,std_msgs/msg/Int32,37984
1774014114.5319963,/metrics/pcl/fused/processing_ms,std_msgs/msg/Float32,118.36854553222656
1774014114.7717974,/metrics/pcl/fused/detections_count,std_msgs/msg/Int32,78
1774014114.7719479,/metrics/pcl/fused/points_in,std_msgs/msg/Int32,38302
1774014114.77589,/metrics/pcl/fused/processing_ms,std_msgs/msg/Float32,121.48310089111328
1774014115.01386,/metrics/pcl/fused/detections_count,std_msgs/msg/Int32,76
1774014115.0139947,/metrics/pcl/fused/points_in,std_msgs/msg/Int32,38738
1774014115.0140774,/metrics/pcl/fused/processing_ms,std_msgs/msg/Float32,123.85293579101562
1774014115.726994,/metrics/pcl/fused/detections_count,std_msgs/msg/Int32,76
1774014115.727202,/metrics/pcl/fused/points_in,std_msgs/msg/Int32,38949
1774014115.7272906,/metrics/pcl/fused/processing_ms,std_msgs/msg/Float32,122.71418762207031
1774014116.2261631,/metrics/pcl/fused/detections_count,std_msgs/msg/Int32,76
1774014116.2262845,/metrics/pcl/fused/points_in,std_msgs/msg/Int32,39348
1774014116.2263577,/metrics/pcl/fused/processing_ms,std_msgs/msg/Float32,132.13465881347656
1774014116.4723032,/metrics/pcl/fused/detections_count,std_msgs/msg/Int32,70
1774014116.4724307,/metrics/pcl/fused/points_in,std_msgs/msg/Int32,39418
1774014116.472509,/metrics/pcl/fused/processing_ms,std_msgs/msg/Float32,136.9947509765625
1774014116.7080753,/metrics/pcl/fused/detections_count,std_msgs/msg/Int32,77
1774014116.7081964,/metrics/pcl/fused/points_in,std_msgs/msg/Int32,39491
1774014116.708272,/metrics/pcl/fused/processing_ms,std_msgs/msg/Float32,129.1749725341797
1774014116.9516044,/metrics/pcl/fused/detections_count,std_msgs/msg/Int32,75
1774014116.951718,/metrics/pcl/fused/points_in,std_msgs/msg/Int32,39497
1774014116.951787,/metrics/pcl/fused/processing_ms,std_msgs/msg/Float32,128.3517608642578
1774014117.4353223,/metrics/pcl/fused/detections_count,std_msgs/msg/Int32,75
1774014117.4354725,/metrics/pcl/fused/points_in,std_msgs/msg/Int32,39577
1774014117.4355476,/metrics/pcl/fused/processing_ms,std_msgs/msg/Float32,128.13058471679688
1774014117.681236,/metrics/pcl/fused/detections_count,std_msgs/msg/Int32,76
1774014117.6813464,/metrics/pcl/fused/points_in,std_msgs/msg/Int32,39493
1774014117.6814158,/metrics/pcl/fused/processing_ms,std_msgs/msg/Float32,128.46780395507812
1774014117.9239564,/metrics/pcl/fused/detections_count,std_msgs/msg/Int32,73
1774014117.924073,/metrics/pcl/fused/points_in,std_msgs/msg/Int32,39384
1774014117.9241474,/metrics/pcl/fused/processing_ms,std_msgs/msg/Float32,126.9981689453125
1774014118.414325,/metrics/pcl/fused/detections_count,std_msgs/msg/Int32,76
1774014118.4144478,/metrics/pcl/fused/points_in,std_msgs/msg/Int32,39185
1774014118.4145136,/metrics/pcl/fused/processing_ms,std_msgs/msg/Float32,127.97844696044922
1774014118.6521444,/metrics/pcl/fused/detections_count,std_msgs/msg/Int32,74
1774014118.6522431,/metrics/pcl/fused/points_in,std_msgs/msg/Int32,38901
1774014118.6522994,/metrics/pcl/fused/processing_ms,std_msgs/msg/Float32,125.5249252319336
1774014118.9024525,/metrics/pcl/fused/detections_count,std_msgs/msg/Int32,79
1774014118.902556,/metrics/pcl/fused/points_in,std_msgs/msg/Int32,38741
1774014118.9026284,/metrics/pcl/fused/processing_ms,std_msgs/msg/Float32,124.6540298461914
1774014119.3899164,/metrics/pcl/fused/detections_count,std_msgs/msg/Int32,74
1774014119.390029,/metrics/pcl/fused/points_in,std_msgs/msg/Int32,39136
1774014119.3900967,/metrics/pcl/fused/processing_ms,std_msgs/msg/Float32,128.2913055419922
1774014119.6341665,/metrics/pcl/fused/detections_count,std_msgs/msg/Int32,78
1774014119.634277,/metrics/pcl/fused/points_in,std_msgs/msg/Int32,39199
1774014119.634344,/metrics/pcl/fused/processing_ms,std_msgs/msg/Float32,129.02633666992188
1774014119.8787637,/metrics/pcl/fused/detections_count,std_msgs/msg/Int32,74
1774014119.878943,/metrics/pcl/fused/points_in,std_msgs/msg/Int32,39184
1774014119.879027,/metrics/pcl/fused/processing_ms,std_msgs/msg/Float32,129.44737243652344
1774014120.8463683,/metrics/pcl/fused/detections_count,std_msgs/msg/Int32,74
1774014120.846526,/metrics/pcl/fused/points_in,std_msgs/msg/Int32,39367
1774014120.846581,/metrics/pcl/fused/processing_ms,std_msgs/msg/Float32,126.2053451538086
1774014121.0930161,/metrics/pcl/fused/detections_count,std_msgs/msg/Int32,79
1774014121.093157,/metrics/pcl/fused/points_in,std_msgs/msg/Int32,39374
1774014121.0932233,/metrics/pcl/fused/processing_ms,std_msgs/msg/Float32,129.0023193359375
1774014121.334603,/metrics/pcl/fused/detections_count,std_msgs/msg/Int32,78
1774014121.3347323,/metrics/pcl/fused/points_in,std_msgs/msg/Int32,39608
1774014121.3348048,/metrics/pcl/fused/processing_ms,std_msgs/msg/Float32,126.14939880371094
1774014121.5797184,/metrics/pcl/fused/detections_count,std_msgs/msg/Int32,79
1774014121.5798273,/metrics/pcl/fused/points_in,std_msgs/msg/Int32,39782
1774014121.579904,/metrics/pcl/fused/processing_ms,std_msgs/msg/Float32,129.33876037597656
1774014121.818334,/metrics/pcl/fused/detections_count,std_msgs/msg/Int32,84
1774014121.818444,/metrics/pcl/fused/points_in,std_msgs/msg/Int32,39656
1774014121.8185146,/metrics/pcl/fused/processing_ms,std_msgs/msg/Float32,126.66380310058594
1774014122.310379,/metrics/pcl/fused/detections_count,std_msgs/msg/Int32,75
1774014122.31055,/metrics/pcl/fused/points_in,std_msgs/msg/Int32,39746
1774014122.3106818,/metrics/pcl/fused/processing_ms,std_msgs/msg/Float32,128.9175262451172
1774014122.5542324,/metrics/pcl/fused/detections_count,std_msgs/msg/Int32,79
1774014122.5543377,/metrics/pcl/fused/points_in,std_msgs/msg/Int32,39760
1774014122.5543926,/metrics/pcl/fused/processing_ms,std_msgs/msg/Float32,130.69166564941406
1774014122.7965717,/metrics/pcl/fused/detections_count,std_msgs/msg/Int32,77
1774014122.7967138,/metrics/pcl/fused/points_in,std_msgs/msg/Int32,39559
1774014122.7967832,/metrics/pcl/fused/processing_ms,std_msgs/msg/Float32,130.60708618164062
1774014123.035908,/metrics/pcl/fused/detections_count,std_msgs/msg/Int32,74
1774014123.0360153,/metrics/pcl/fused/points_in,std_msgs/msg/Int32,39536
1774014123.036083,/metrics/pcl/fused/processing_ms,std_msgs/msg/Float32,130.15785217285156
1774014123.2725122,/metrics/pcl/fused/detections_count,std_msgs/msg/Int32,79
1774014123.2726345,/metrics/pcl/fused/points_in,std_msgs/msg/Int32,39457
1774014123.2727022,/metrics/pcl/fused/processing_ms,std_msgs/msg/Float32,130.09414672851562
1774014123.5075626,/metrics/pcl/fused/detections_count,std_msgs/msg/Int32,79
1774014123.507677,/metrics/pcl/fused/points_in,std_msgs/msg/Int32,39397
1774014123.5077448,/metrics/pcl/fused/processing_ms,std_msgs/msg/Float32,126.20197296142578
1774014123.750072,/metrics/pcl/fused/detections_count,std_msgs/msg/Int32,79
1774014123.7501857,/metrics/pcl/fused/points_in,std_msgs/msg/Int32,39224
1774014123.7502584,/metrics/pcl/fused/processing_ms,std_msgs/msg/Float32,128.05328369140625
1774014123.9939651,/metrics/pcl/fused/detections_count,std_msgs/msg/Int32,77
1774014123.9941375,/metrics/pcl/fused/points_in,std_msgs/msg/Int32,39413
1774014123.9942186,/metrics/pcl/fused/processing_ms,std_msgs/msg/Float32,129.798583984375
1774014124.2321153,/metrics/pcl/fused/detections_count,std_msgs/msg/Int32,80
1774014124.232262,/metrics/pcl/fused/points_in,std_msgs/msg/Int32,39499
1774014124.2323298,/metrics/pcl/fused/processing_ms,std_msgs/msg/Float32,128.45379638671875
1774014124.47681,/metrics/pcl/fused/detections_count,std_msgs/msg/Int32,79
1774014124.4769413,/metrics/pcl/fused/points_in,std_msgs/msg/Int32,40147
1774014124.4770093,/metrics/pcl/fused/processing_ms,std_msgs/msg/Float32,132.7650909423828
1774014124.7196634,/metrics/pcl/fused/detections_count,std_msgs/msg/Int32,75
1774014124.7198312,/metrics/pcl/fused/points_in,std_msgs/msg/Int32,39975
1774014124.7199373,/metrics/pcl/fused/processing_ms,std_msgs/msg/Float32,132.93287658691406
1774014124.957436,/metrics/pcl/fused/detections_count,std_msgs/msg/Int32,70
1774014124.9576259,/metrics/pcl/fused/points_in,std_msgs/msg/Int32,40006
1774014124.9577105,/metrics/pcl/fused/processing_ms,std_msgs/msg/Float32,140.61318969726562
1774014125.1958036,/metrics/pcl/fused/detections_count,std_msgs/msg/Int32,70
1774014125.1959531,/metrics/pcl/fused/points_in,std_msgs/msg/Int32,40005
1774014125.1960464,/metrics/pcl/fused/processing_ms,std_msgs/msg/Float32,133.9698944091797
1774014125.4167383,/metrics/pcl/fused/detections_count,std_msgs/msg/Int32,77
1774014125.4169276,/metrics/pcl/fused/points_in,std_msgs/msg/Int32,40009
1774014125.4170158,/metrics/pcl/fused/processing_ms,std_msgs/msg/Float32,131.47581481933594
1774014125.6418507,/metrics/pcl/fused/detections_count,std_msgs/msg/Int32,75
1774014125.6419797,/metrics/pcl/fused/points_in,std_msgs/msg/Int32,40003
1774014125.6420457,/metrics/pcl/fused/processing_ms,std_msgs/msg/Float32,133.31890869140625
1774014125.86278,/metrics/pcl/fused/detections_count,std_msgs/msg/Int32,82
1774014125.8628917,/metrics/pcl/fused/points_in,std_msgs/msg/Int32,40069
1774014125.8629563,/metrics/pcl/fused/processing_ms,std_msgs/msg/Float32,130.84637451171875
1774014126.089959,/metrics/pcl/fused/detections_count,std_msgs/msg/Int32,80
1774014126.090069,/metrics/pcl/fused/points_in,std_msgs/msg/Int32,40024
1774014126.0901313,/metrics/pcl/fused/processing_ms,std_msgs/msg/Float32,133.97305297851562
1774014126.53768,/metrics/pcl/fused/detections_count,std_msgs/msg/Int32,76
1774014126.5377886,/metrics/pcl/fused/points_in,std_msgs/msg/Int32,39999
1774014126.5378537,/metrics/pcl/fused/processing_ms,std_msgs/msg/Float32,133.7713165283203
1774014126.763675,/metrics/pcl/fused/detections_count,std_msgs/msg/Int32,81
1774014126.7637732,/metrics/pcl/fused/points_in,std_msgs/msg/Int32,40008
1774014126.7638278,/metrics/pcl/fused/processing_ms,std_msgs/msg/Float32,133.10130310058594
1774014126.9896173,/metrics/pcl/fused/detections_count,std_msgs/msg/Int32,74
1774014126.9897373,/metrics/pcl/fused/points_in,std_msgs/msg/Int32,40019
1774014126.9898016,/metrics/pcl/fused/processing_ms,std_msgs/msg/Float32,131.91685485839844
1774014127.213766,/metrics/pcl/fused/detections_count,std_msgs/msg/Int32,75
1774014127.213886,/metrics/pcl/fused/points_in,std_msgs/msg/Int32,40011
1774014127.213955,/metrics/pcl/fused/processing_ms,std_msgs/msg/Float32,131.10166931152344
1774014127.4381158,/metrics/pcl/fused/detections_count,std_msgs/msg/Int32,79
1774014127.4382436,/metrics/pcl/fused/points_in,std_msgs/msg/Int32,39951
1774014127.4383264,/metrics/pcl/fused/processing_ms,std_msgs/msg/Float32,132.11341857910156
1774014127.6652877,/metrics/pcl/fused/detections_count,std_msgs/msg/Int32,81
1774014127.6653981,/metrics/pcl/fused/points_in,std_msgs/msg/Int32,39923
1774014127.665457,/metrics/pcl/fused/processing_ms,std_msgs/msg/Float32,134.68829345703125
1774014127.8904219,/metrics/pcl/fused/detections_count,std_msgs/msg/Int32,71
1774014127.890532,/metrics/pcl/fused/points_in,std_msgs/msg/Int32,40011
1774014127.890599,/metrics/pcl/fused/processing_ms,std_msgs/msg/Float32,136.39915466308594
1774014128.1097734,/metrics/pcl/fused/detections_count,std_msgs/msg/Int32,68
1774014128.1098912,/metrics/pcl/fused/points_in,std_msgs/msg/Int32,39932
1774014128.10996,/metrics/pcl/fused/processing_ms,std_msgs/msg/Float32,132.39779663085938
1774014128.333613,/metrics/pcl/fused/detections_count,std_msgs/msg/Int32,78
1774014128.3337314,/metrics/pcl/fused/points_in,std_msgs/msg/Int32,39974
1774014128.3338132,/metrics/pcl/fused/processing_ms,std_msgs/msg/Float32,132.5880889892578
1774014128.5566564,/metrics/pcl/fused/detections_count,std_msgs/msg/Int32,75
1774014128.5567665,/metrics/pcl/fused/points_in,std_msgs/msg/Int32,39862
1774014128.5568354,/metrics/pcl/fused/processing_ms,std_msgs/msg/Float32,131.03424072265625
1774014128.7831843,/metrics/pcl/fused/detections_count,std_msgs/msg/Int32,75
1774014128.7832878,/metrics/pcl/fused/points_in,std_msgs/msg/Int32,39972
1774014128.7833414,/metrics/pcl/fused/processing_ms,std_msgs/msg/Float32,132.182861328125
1774014129.0117261,/metrics/pcl/fused/detections_count,std_msgs/msg/Int32,77
1774014129.0118997,/metrics/pcl/fused/points_in,std_msgs/msg/Int32,39976
1774014129.0120068,/metrics/pcl/fused/processing_ms,std_msgs/msg/Float32,132.23789978027344
1774014129.2410848,/metrics/pcl/fused/detections_count,std_msgs/msg/Int32,78
1774014129.2411933,/metrics/pcl/fused/points_in,std_msgs/msg/Int32,39938
1774014129.2412596,/metrics/pcl/fused/processing_ms,std_msgs/msg/Float32,132.48463439941406
1774014129.6954691,/metrics/pcl/fused/detections_count,std_msgs/msg/Int32,74
1774014129.6956236,/metrics/pcl/fused/points_in,std_msgs/msg/Int32,40049
1774014129.695698,/metrics/pcl/fused/processing_ms,std_msgs/msg/Float32,133.7956085205078
1774014129.9220874,/metrics/pcl/fused/detections_count,std_msgs/msg/Int32,70
1774014129.9222088,/metrics/pcl/fused/points_in,std_msgs/msg/Int32,39998
1774014129.9222734,/metrics/pcl/fused/processing_ms,std_msgs/msg/Float32,132.15550231933594
1774014130.153115,/metrics/pcl/fused/detections_count,std_msgs/msg/Int32,74
1774014130.1532269,/metrics/pcl/fused/points_in,std_msgs/msg/Int32,40074
1774014130.1532965,/metrics/pcl/fused/processing_ms,std_msgs/msg/Float32,133.59674072265625
1774014130.380305,/metrics/pcl/fused/detections_count,std_msgs/msg/Int32,76
1774014130.3804178,/metrics/pcl/fused/points_in,std_msgs/msg/Int32,39878
1774014130.3805013,/metrics/pcl/fused/processing_ms,std_msgs/msg/Float32,130.17169189453125
1774014130.6143365,/metrics/pcl/fused/detections_count,std_msgs/msg/Int32,73
1774014130.6144485,/metrics/pcl/fused/points_in,std_msgs/msg/Int32,39791
1774014130.6145132,/metrics/pcl/fused/processing_ms,std_msgs/msg/Float32,135.80372619628906
1774014130.841157,/metrics/pcl/fused/detections_count,std_msgs/msg/Int32,77
1774014130.8412776,/metrics/pcl/fused/points_in,std_msgs/msg/Int32,39760
1774014130.84136,/metrics/pcl/fused/processing_ms,std_msgs/msg/Float32,132.58404541015625
1774014131.2966983,/metrics/pcl/fused/detections_count,std_msgs/msg/Int32,75
1774014131.2968297,/metrics/pcl/fused/points_in,std_msgs/msg/Int32,39747
1774014131.2969291,/metrics/pcl/fused/processing_ms,std_msgs/msg/Float32,130.35643005371094
1774014131.527584,/metrics/pcl/fused/detections_count,std_msgs/msg/Int32,75
1774014131.5277438,/metrics/pcl/fused/points_in,std_msgs/msg/Int32,39744
1774014131.5278087,/metrics/pcl/fused/processing_ms,std_msgs/msg/Float32,131.7667999267578
1774014131.7595115,/metrics/pcl/fused/detections_count,std_msgs/msg/Int32,81
1774014131.7596235,/metrics/pcl/fused/points_in,std_msgs/msg/Int32,39602
1774014131.7596965,/metrics/pcl/fused/processing_ms,std_msgs/msg/Float32,129.89053344726562
1774014132.218129,/metrics/pcl/fused/detections_count,std_msgs/msg/Int32,81
1774014132.2182364,/metrics/pcl/fused/points_in,std_msgs/msg/Int32,39671
1774014132.2183013,/metrics/pcl/fused/processing_ms,std_msgs/msg/Float32,128.68968200683594
1774014132.4459333,/metrics/pcl/fused/detections_count,std_msgs/msg/Int32,73
1774014132.446052,/metrics/pcl/fused/points_in,std_msgs/msg/Int32,39790
1774014132.446115,/metrics/pcl/fused/processing_ms,std_msgs/msg/Float32,129.2866668701172
1774014132.9080207,/metrics/pcl/fused/detections_count,std_msgs/msg/Int32,74
1774014132.9081507,/metrics/pcl/fused/points_in,std_msgs/msg/Int32,40331
1774014132.9082463,/metrics/pcl/fused/processing_ms,std_msgs/msg/Float32,133.8175811767578
1774014133.1382947,/metrics/pcl/fused/detections_count,std_msgs/msg/Int32,69
1774014133.1383982,/metrics/pcl/fused/processing_ms,std_msgs/msg/Float32,132.28395080566406
1774014133.1385777,/metrics/pcl/fused/points_in,std_msgs/msg/Int32,40201
1774014133.363766,/metrics/pcl/fused/detections_count,std_msgs/msg/Int32,78
1774014133.363889,/metrics/pcl/fused/points_in,std_msgs/msg/Int32,39861
1774014133.3639581,/metrics/pcl/fused/processing_ms,std_msgs/msg/Float32,126.99612426757812
1774014133.5953236,/metrics/pcl/fused/detections_count,std_msgs/msg/Int32,76
1774014133.5954375,/metrics/pcl/fused/points_in,std_msgs/msg/Int32,39746
1774014133.5955184,/metrics/pcl/fused/processing_ms,std_msgs/msg/Float32,129.28948974609375
1774014133.8283818,/metrics/pcl/fused/detections_count,std_msgs/msg/Int32,75
1774014133.8284936,/metrics/pcl/fused/points_in,std_msgs/msg/Int32,39680
1774014133.8285592,/metrics/pcl/fused/processing_ms,std_msgs/msg/Float32,129.10594177246094
1774014134.0670118,/metrics/pcl/fused/detections_count,std_msgs/msg/Int32,77
1774014134.0671353,/metrics/pcl/fused/points_in,std_msgs/msg/Int32,40345
1774014134.067203,/metrics/pcl/fused/processing_ms,std_msgs/msg/Float32,130.87673950195312
1774014134.3023808,/metrics/pcl/fused/detections_count,std_msgs/msg/Int32,73
1774014134.3024895,/metrics/pcl/fused/points_in,std_msgs/msg/Int32,40672
1774014134.3025515,/metrics/pcl/fused/processing_ms,std_msgs/msg/Float32,131.8440704345703
1774014134.5324788,/metrics/pcl/fused/detections_count,std_msgs/msg/Int32,77
1774014134.5325902,/metrics/pcl/fused/points_in,std_msgs/msg/Int32,40404
1774014134.5326538,/metrics/pcl/fused/processing_ms,std_msgs/msg/Float32,130.77601623535156
1774014134.7721295,/metrics/pcl/fused/detections_count,std_msgs/msg/Int32,73
1774014134.7722445,/metrics/pcl/fused/points_in,std_msgs/msg/Int32,39944
1774014134.7723136,/metrics/pcl/fused/processing_ms,std_msgs/msg/Float32,130.41763305664062
1774014135.0014865,/metrics/pcl/fused/detections_count,std_msgs/msg/Int32,76
1774014135.0015833,/metrics/pcl/fused/points_in,std_msgs/msg/Int32,39746
1774014135.0016348,/metrics/pcl/fused/processing_ms,std_msgs/msg/Float32,125.24143981933594
1774014135.2336204,/metrics/pcl/fused/detections_count,std_msgs/msg/Int32,74
1774014135.2337337,/metrics/pcl/fused/points_in,std_msgs/msg/Int32,39669
1774014135.2337961,/metrics/pcl/fused/processing_ms,std_msgs/msg/Float32,125.88711547851562
1774014135.468266,/metrics/pcl/fused/detections_count,std_msgs/msg/Int32,81
1774014135.4683769,/metrics/pcl/fused/points_in,std_msgs/msg/Int32,39702
1774014135.4684427,/metrics/pcl/fused/processing_ms,std_msgs/msg/Float32,127.43594360351562
1774014135.9337974,/metrics/pcl/fused/detections_count,std_msgs/msg/Int32,73
1774014135.9339252,/metrics/pcl/fused/points_in,std_msgs/msg/Int32,39648
1774014135.9339929,/metrics/pcl/fused/processing_ms,std_msgs/msg/Float32,126.59356689453125
1774014136.1707287,/metrics/pcl/fused/detections_count,std_msgs/msg/Int32,74
1774014136.1708338,/metrics/pcl/fused/processing_ms,std_msgs/msg/Float32,129.1480712890625
1774014136.1710234,/metrics/pcl/fused/points_in,std_msgs/msg/Int32,39730
1774014136.3981662,/metrics/pcl/fused/detections_count,std_msgs/msg/Int32,74
1774014136.3982875,/metrics/pcl/fused/points_in,std_msgs/msg/Int32,39313
1774014136.398349,/metrics/pcl/fused/processing_ms,std_msgs/msg/Float32,123.91791534423828
1774014136.6295402,/metrics/pcl/fused/detections_count,std_msgs/msg/Int32,74
1774014136.6296518,/metrics/pcl/fused/points_in,std_msgs/msg/Int32,38738
1774014136.6297164,/metrics/pcl/fused/processing_ms,std_msgs/msg/Float32,121.54601287841797
1774014136.8618855,/metrics/pcl/fused/detections_count,std_msgs/msg/Int32,74
1774014136.861982,/metrics/pcl/fused/points_in,std_msgs/msg/Int32,38001
1774014136.8620358,/metrics/pcl/fused/processing_ms,std_msgs/msg/Float32,118.79003143310547
1774014137.1043024,/metrics/pcl/fused/detections_count,std_msgs/msg/Int32,78
1774014137.104411,/metrics/pcl/fused/points_in,std_msgs/msg/Int32,38294
1774014137.104474,/metrics/pcl/fused/processing_ms,std_msgs/msg/Float32,120.91129302978516
1774014137.3348122,/metrics/pcl/fused/detections_count,std_msgs/msg/Int32,82
1774014137.3349457,/metrics/pcl/fused/points_in,std_msgs/msg/Int32,38264
1774014137.3350134,/metrics/pcl/fused/processing_ms,std_msgs/msg/Float32,116.53846740722656
1774014137.573538,/metrics/pcl/fused/detections_count,std_msgs/msg/Int32,74
1774014137.5736544,/metrics/pcl/fused/points_in,std_msgs/msg/Int32,37973
1774014137.5737176,/metrics/pcl/fused/processing_ms,std_msgs/msg/Float32,120.21882629394531
1774014137.8086777,/metrics/pcl/fused/detections_count,std_msgs/msg/Int32,77
1774014137.8088007,/metrics/pcl/fused/points_in,std_msgs/msg/Int32,38015
1774014137.8088667,/metrics/pcl/fused/processing_ms,std_msgs/msg/Float32,118.98255157470703
1774014138.0471263,/metrics/pcl/fused/detections_count,std_msgs/msg/Int32,77
1774014138.0472364,/metrics/pcl/fused/points_in,std_msgs/msg/Int32,38237
1774014138.0473,/metrics/pcl/fused/processing_ms,std_msgs/msg/Float32,121.5471420288086
1774014138.7706275,/metrics/pcl/fused/detections_count,std_msgs/msg/Int32,83
1774014138.7707448,/metrics/pcl/fused/points_in,std_msgs/msg/Int32,40121
1774014138.7707987,/metrics/pcl/fused/processing_ms,std_msgs/msg/Float32,131.01412963867188
1774014139.014553,/metrics/pcl/fused/detections_count,std_msgs/msg/Int32,81
1774014139.014675,/metrics/pcl/fused/points_in,std_msgs/msg/Int32,40784
1774014139.0147464,/metrics/pcl/fused/processing_ms,std_msgs/msg/Float32,133.77548217773438
1774014139.4987066,/metrics/pcl/fused/detections_count,std_msgs/msg/Int32,83
1774014139.4988184,/metrics/pcl/fused/points_in,std_msgs/msg/Int32,41438
1774014139.4988956,/metrics/pcl/fused/processing_ms,std_msgs/msg/Float32,137.81256103515625
1774014139.9831219,/metrics/pcl/fused/detections_count,std_msgs/msg/Int32,83
1774014139.983233,/metrics/pcl/fused/points_in,std_msgs/msg/Int32,41225
1774014139.983294,/metrics/pcl/fused/processing_ms,std_msgs/msg/Float32,138.54637145996094
1774014140.2246463,/metrics/pcl/fused/detections_count,std_msgs/msg/Int32,84
1774014140.2247574,/metrics/pcl/fused/points_in,std_msgs/msg/Int32,40688
1774014140.2248213,/metrics/pcl/fused/processing_ms,std_msgs/msg/Float32,136.57806396484375
1774014140.9406123,/metrics/pcl/fused/detections_count,std_msgs/msg/Int32,73
1774014140.9407203,/metrics/pcl/fused/points_in,std_msgs/msg/Int32,40160
1774014140.9407868,/metrics/pcl/fused/processing_ms,std_msgs/msg/Float32,138.09359741210938
1774014141.1791475,/metrics/pcl/fused/detections_count,std_msgs/msg/Int32,84
1774014141.1792576,/metrics/pcl/fused/points_in,std_msgs/msg/Int32,40140
1774014141.1793199,/metrics/pcl/fused/processing_ms,std_msgs/msg/Float32,132.5745086669922
1774014141.665813,/metrics/pcl/fused/detections_count,std_msgs/msg/Int32,78
1774014141.6659675,/metrics/pcl/fused/points_in,std_msgs/msg/Int32,41157
1774014141.6660404,/metrics/pcl/fused/processing_ms,std_msgs/msg/Float32,136.37588500976562
1774014142.3902998,/metrics/pcl/fused/detections_count,std_msgs/msg/Int32,78
1774014142.390417,/metrics/pcl/fused/points_in,std_msgs/msg/Int32,40025
1774014142.390489,/metrics/pcl/fused/processing_ms,std_msgs/msg/Float32,134.26040649414062
1774014142.8758106,/metrics/pcl/fused/detections_count,std_msgs/msg/Int32,83
1774014142.875937,/metrics/pcl/fused/points_in,std_msgs/msg/Int32,40275
1774014142.8760095,/metrics/pcl/fused/processing_ms,std_msgs/msg/Float32,132.53317260742188
1774014143.118738,/metrics/pcl/fused/detections_count,std_msgs/msg/Int32,83
1774014143.1188498,/metrics/pcl/fused/points_in,std_msgs/msg/Int32,40504
1774014143.118926,/metrics/pcl/fused/processing_ms,std_msgs/msg/Float32,132.526611328125
1774014143.3573675,/metrics/pcl/fused/detections_count,std_msgs/msg/Int32,81
1774014143.3574717,/metrics/pcl/fused/points_in,std_msgs/msg/Int32,40518
1774014143.3575335,/metrics/pcl/fused/processing_ms,std_msgs/msg/Float32,132.28773498535156
1774014143.6026998,/metrics/pcl/fused/detections_count,std_msgs/msg/Int32,85
1774014143.6028671,/metrics/pcl/fused/points_in,std_msgs/msg/Int32,40421
1774014143.6029694,/metrics/pcl/fused/processing_ms,std_msgs/msg/Float32,133.5177459716797
1774014143.8440325,/metrics/pcl/fused/detections_count,std_msgs/msg/Int32,80
1774014143.844146,/metrics/pcl/fused/points_in,std_msgs/msg/Int32,40080
1774014143.8442214,/metrics/pcl/fused/processing_ms,std_msgs/msg/Float32,130.6874237060547
1774014144.0959044,/metrics/pcl/fused/detections_count,std_msgs/msg/Int32,81
1774014144.096033,/metrics/pcl/fused/points_in,std_msgs/msg/Int32,40224
1774014144.0960891,/metrics/pcl/fused/processing_ms,std_msgs/msg/Float32,132.5309600830078
1774014144.3249626,/metrics/pcl/fused/detections_count,std_msgs/msg/Int32,87
1774014144.32509,/metrics/pcl/fused/points_in,std_msgs/msg/Int32,40300
1774014144.3251562,/metrics/pcl/fused/processing_ms,std_msgs/msg/Float32,131.42359924316406
1774014144.5565748,/metrics/pcl/fused/detections_count,std_msgs/msg/Int32,79
1774014144.5567358,/metrics/pcl/fused/points_in,std_msgs/msg/Int32,40206
1774014144.5567894,/metrics/pcl/fused/processing_ms,std_msgs/msg/Float32,135.1164093017578
1774014144.7847536,/metrics/pcl/fused/detections_count,std_msgs/msg/Int32,77
1774014144.7848651,/metrics/pcl/fused/points_in,std_msgs/msg/Int32,40230
1774014144.7849464,/metrics/pcl/fused/processing_ms,std_msgs/msg/Float32,134.3941192626953
1774014145.009432,/metrics/pcl/fused/detections_count,std_msgs/msg/Int32,77
1774014145.0095446,/metrics/pcl/fused/points_in,std_msgs/msg/Int32,39926
1774014145.0096073,/metrics/pcl/fused/processing_ms,std_msgs/msg/Float32,132.02664184570312
1774014145.2336798,/metrics/pcl/fused/detections_count,std_msgs/msg/Int32,82
1774014145.2338247,/metrics/pcl/fused/points_in,std_msgs/msg/Int32,39631
1774014145.2339215,/metrics/pcl/fused/processing_ms,std_msgs/msg/Float32,131.55162048339844
1774014145.4607902,/metrics/pcl/fused/detections_count,std_msgs/msg/Int32,82
1774014145.460915,/metrics/pcl/fused/points_in,std_msgs/msg/Int32,40199
1774014145.4609838,/metrics/pcl/fused/processing_ms,std_msgs/msg/Float32,133.54722595214844
1774014145.6916032,/metrics/pcl/fused/detections_count,std_msgs/msg/Int32,75
1774014145.6917152,/metrics/pcl/fused/points_in,std_msgs/msg/Int32,40215
1774014145.691784,/metrics/pcl/fused/processing_ms,std_msgs/msg/Float32,136.29978942871094
1774014145.9173932,/metrics/pcl/fused/detections_count,std_msgs/msg/Int32,78
1774014145.9175286,/metrics/pcl/fused/points_in,std_msgs/msg/Int32,40074
1774014145.9176133,/metrics/pcl/fused/processing_ms,std_msgs/msg/Float32,134.94300842285156
1774014146.1411028,/metrics/pcl/fused/detections_count,std_msgs/msg/Int32,82
1774014146.1412222,/metrics/pcl/fused/points_in,std_msgs/msg/Int32,39848
1774014146.141289,/metrics/pcl/fused/processing_ms,std_msgs/msg/Float32,131.80398559570312
1774014146.8314424,/metrics/pcl/fused/detections_count,std_msgs/msg/Int32,81
1774014146.831548,/metrics/pcl/fused/points_in,std_msgs/msg/Int32,40081
1774014146.8316133,/metrics/pcl/fused/processing_ms,std_msgs/msg/Float32,138.48150634765625
1774014147.0675635,/metrics/pcl/fused/detections_count,std_msgs/msg/Int32,80
1774014147.0676744,/metrics/pcl/fused/points_in,std_msgs/msg/Int32,40118
1774014147.0677392,/metrics/pcl/fused/processing_ms,std_msgs/msg/Float32,142.6294708251953
1774014147.5212383,/metrics/pcl/fused/detections_count,std_msgs/msg/Int32,75
1774014147.5213575,/metrics/pcl/fused/points_in,std_msgs/msg/Int32,40060
1774014147.5214167,/metrics/pcl/fused/processing_ms,std_msgs/msg/Float32,138.10150146484375
1774014147.7484672,/metrics/pcl/fused/detections_count,std_msgs/msg/Int32,82
1774014147.7486472,/metrics/pcl/fused/points_in,std_msgs/msg/Int32,40019
1774014147.748755,/metrics/pcl/fused/processing_ms,std_msgs/msg/Float32,135.59597778320312
1774014147.9801137,/metrics/pcl/fused/detections_count,std_msgs/msg/Int32,82
1774014147.9802256,/metrics/pcl/fused/points_in,std_msgs/msg/Int32,39785
1774014147.9802957,/metrics/pcl/fused/processing_ms,std_msgs/msg/Float32,134.00291442871094
1774014148.2119567,/metrics/pcl/fused/detections_count,std_msgs/msg/Int32,82
1774014148.2120461,/metrics/pcl/fused/points_in,std_msgs/msg/Int32,39568
1774014148.2120998,/metrics/pcl/fused/processing_ms,std_msgs/msg/Float32,131.86830139160156
1774014148.4451115,/metrics/pcl/fused/detections_count,std_msgs/msg/Int32,75
1774014148.4452276,/metrics/pcl/fused/points_in,std_msgs/msg/Int32,40023
1774014148.4452958,/metrics/pcl/fused/processing_ms,std_msgs/msg/Float32,134.88002014160156
1774014148.9089382,/metrics/pcl/fused/detections_count,std_msgs/msg/Int32,83
1774014148.909063,/metrics/pcl/fused/points_in,std_msgs/msg/Int32,40500
1774014148.9091268,/metrics/pcl/fused/processing_ms,std_msgs/msg/Float32,135.3486785888672
1774014149.1504087,/metrics/pcl/fused/detections_count,std_msgs/msg/Int32,77
1774014149.1505253,/metrics/pcl/fused/points_in,std_msgs/msg/Int32,40627
1774014149.1505904,/metrics/pcl/fused/processing_ms,std_msgs/msg/Float32,139.49325561523438
1774014149.6136065,/metrics/pcl/fused/detections_count,std_msgs/msg/Int32,81
1774014149.6137173,/metrics/pcl/fused/points_in,std_msgs/msg/Int32,40806
1774014149.6137793,/metrics/pcl/fused/processing_ms,std_msgs/msg/Float32,139.5391845703125
1774014149.8561208,/metrics/pcl/fused/detections_count,std_msgs/msg/Int32,73
1774014149.856235,/metrics/pcl/fused/points_in,std_msgs/msg/Int32,40941
1774014149.856304,/metrics/pcl/fused/processing_ms,std_msgs/msg/Float32,142.114501953125
1774014150.3243659,/metrics/pcl/fused/detections_count,std_msgs/msg/Int32,75
1774014150.3244855,/metrics/pcl/fused/points_in,std_msgs/msg/Int32,40763
1774014150.3245506,/metrics/pcl/fused/processing_ms,std_msgs/msg/Float32,138.86151123046875
1774014150.8306103,/metrics/pcl/fused/detections_count,std_msgs/msg/Int32,74
1774014150.830719,/metrics/pcl/fused/points_in,std_msgs/msg/Int32,40784
1774014150.8307827,/metrics/pcl/fused/processing_ms,std_msgs/msg/Float32,141.66287231445312
1774014151.0669575,/metrics/pcl/fused/detections_count,std_msgs/msg/Int32,85
1774014151.0670798,/metrics/pcl/fused/points_in,std_msgs/msg/Int32,40802
1774014151.06715,/metrics/pcl/fused/processing_ms,std_msgs/msg/Float32,137.4430694580078
1774014151.5416837,/metrics/pcl/fused/detections_count,std_msgs/msg/Int32,74
1774014151.5417883,/metrics/pcl/fused/points_in,std_msgs/msg/Int32,40742
1774014151.5418773,/metrics/pcl/fused/processing_ms,std_msgs/msg/Float32,138.27566528320312
1774014151.778325,/metrics/pcl/fused/detections_count,std_msgs/msg/Int32,76
1774014151.7784324,/metrics/pcl/fused/points_in,std_msgs/msg/Int32,40581
1774014151.7784867,/metrics/pcl/fused/processing_ms,std_msgs/msg/Float32,136.6674041748047
1774014152.0156777,/metrics/pcl/fused/detections_count,std_msgs/msg/Int32,74
1774014152.0157907,/metrics/pcl/fused/points_in,std_msgs/msg/Int32,40628
1774014152.0158458,/metrics/pcl/fused/processing_ms,std_msgs/msg/Float32,136.60633850097656
1774014152.2521007,/metrics/pcl/fused/detections_count,std_msgs/msg/Int32,81
1774014152.2522094,/metrics/pcl/fused/points_in,std_msgs/msg/Int32,40658
1774014152.2522717,/metrics/pcl/fused/processing_ms,std_msgs/msg/Float32,135.5833282470703
1774014152.7333417,/metrics/pcl/fused/detections_count,std_msgs/msg/Int32,74
1774014152.733452,/metrics/pcl/fused/points_in,std_msgs/msg/Int32,40160
1774014152.7335193,/metrics/pcl/fused/processing_ms,std_msgs/msg/Float32,135.3340606689453
1774014152.9757428,/metrics/pcl/fused/detections_count,std_msgs/msg/Int32,77
1774014152.9758406,/metrics/pcl/fused/points_in,std_msgs/msg/Int32,40095
1774014152.9759073,/metrics/pcl/fused/processing_ms,std_msgs/msg/Float32,134.1226806640625
1774014153.4508822,/metrics/pcl/fused/detections_count,std_msgs/msg/Int32,73
1774014153.450985,/metrics/pcl/fused/points_in,std_msgs/msg/Int32,39413
1774014153.4510393,/metrics/pcl/fused/processing_ms,std_msgs/msg/Float32,131.20806884765625
1774014153.933921,/metrics/pcl/fused/detections_count,std_msgs/msg/Int32,76
1774014153.9340298,/metrics/pcl/fused/points_in,std_msgs/msg/Int32,39925
1774014153.9340968,/metrics/pcl/fused/processing_ms,std_msgs/msg/Float32,133.10256958007812
1774014154.4193933,/metrics/pcl/fused/detections_count,std_msgs/msg/Int32,77
1774014154.4195068,/metrics/pcl/fused/points_in,std_msgs/msg/Int32,40091
1774014154.4195795,/metrics/pcl/fused/processing_ms,std_msgs/msg/Float32,136.12640380859375
1774014154.6595013,/metrics/pcl/fused/detections_count,std_msgs/msg/Int32,79
1774014154.659626,/metrics/pcl/fused/points_in,std_msgs/msg/Int32,39449
1774014154.6596928,/metrics/pcl/fused/processing_ms,std_msgs/msg/Float32,133.85047912597656
1774014154.9070923,/metrics/pcl/fused/detections_count,std_msgs/msg/Int32,80
1774014154.907188,/metrics/pcl/fused/points_in,std_msgs/msg/Int32,39583
1774014154.907241,/metrics/pcl/fused/processing_ms,std_msgs/msg/Float32,137.0467071533203
1774014155.1531343,/metrics/pcl/fused/detections_count,std_msgs/msg/Int32,77
1774014155.1532307,/metrics/pcl/fused/points_in,std_msgs/msg/Int32,39578
1774014155.1532857,/metrics/pcl/fused/processing_ms,std_msgs/msg/Float32,130.51019287109375
1774014155.6303303,/metrics/pcl/fused/detections_count,std_msgs/msg/Int32,83
1774014155.630449,/metrics/pcl/fused/points_in,std_msgs/msg/Int32,39242
1774014155.6305194,/metrics/pcl/fused/processing_ms,std_msgs/msg/Float32,123.67522430419922
1774014155.8760574,/metrics/pcl/fused/detections_count,std_msgs/msg/Int32,82
1774014155.8761928,/metrics/pcl/fused/points_in,std_msgs/msg/Int32,39084
1774014155.8762639,/metrics/pcl/fused/processing_ms,std_msgs/msg/Float32,127.30337524414062
1774014156.6054728,/metrics/pcl/fused/detections_count,std_msgs/msg/Int32,81
1774014156.6056309,/metrics/pcl/fused/points_in,std_msgs/msg/Int32,40000
1774014156.6057165,/metrics/pcl/fused/processing_ms,std_msgs/msg/Float32,127.31742095947266
1774014156.8561137,/metrics/pcl/fused/detections_count,std_msgs/msg/Int32,81
1774014156.8562331,/metrics/pcl/fused/points_in,std_msgs/msg/Int32,39675
1774014156.8563058,/metrics/pcl/fused/processing_ms,std_msgs/msg/Float32,125.90604400634766
1774014157.098683,/metrics/pcl/fused/detections_count,std_msgs/msg/Int32,77
1774014157.098793,/metrics/pcl/fused/points_in,std_msgs/msg/Int32,39447
1774014157.0988564,/metrics/pcl/fused/processing_ms,std_msgs/msg/Float32,124.42922973632812
1774014157.5840123,/metrics/pcl/fused/detections_count,std_msgs/msg/Int32,76
1774014157.5841315,/metrics/pcl/fused/points_in,std_msgs/msg/Int32,39199
1774014157.5841954,/metrics/pcl/fused/processing_ms,std_msgs/msg/Float32,126.16983795166016
1774014157.8303928,/metrics/pcl/fused/detections_count,std_msgs/msg/Int32,78
1774014157.8305688,/metrics/pcl/fused/points_in,std_msgs/msg/Int32,39774
1774014157.8306804,/metrics/pcl/fused/processing_ms,std_msgs/msg/Float32,127.90206909179688
1774014158.0749528,/metrics/pcl/fused/detections_count,std_msgs/msg/Int32,79
1774014158.0750768,/metrics/pcl/fused/points_in,std_msgs/msg/Int32,40026
1774014158.0751417,/metrics/pcl/fused/processing_ms,std_msgs/msg/Float32,127.44084930419922
1774014158.8074617,/metrics/pcl/fused/detections_count,std_msgs/msg/Int32,77
1774014158.8075647,/metrics/pcl/fused/points_in,std_msgs/msg/Int32,38792
1774014158.8076258,/metrics/pcl/fused/processing_ms,std_msgs/msg/Float32,122.57322692871094
1774014159.5391524,/metrics/pcl/fused/detections_count,std_msgs/msg/Int32,75
1774014159.539254,/metrics/pcl/fused/points_in,std_msgs/msg/Int32,39563
1774014159.5393162,/metrics/pcl/fused/processing_ms,std_msgs/msg/Float32,128.9798126220703
1774014159.7769032,/metrics/pcl/fused/detections_count,std_msgs/msg/Int32,86
1774014159.7770276,/metrics/pcl/fused/points_in,std_msgs/msg/Int32,39268
1774014159.7770936,/metrics/pcl/fused/processing_ms,std_msgs/msg/Float32,125.09053802490234
1774014160.0243297,/metrics/pcl/fused/detections_count,std_msgs/msg/Int32,79
1774014160.024446,/metrics/pcl/fused/points_in,std_msgs/msg/Int32,39077
1774014160.0245104,/metrics/pcl/fused/processing_ms,std_msgs/msg/Float32,126.86714172363281
1774014160.2640734,/metrics/pcl/fused/detections_count,std_msgs/msg/Int32,77
1774014160.2642198,/metrics/pcl/fused/points_in,std_msgs/msg/Int32,38961
1774014160.2642915,/metrics/pcl/fused/processing_ms,std_msgs/msg/Float32,125.07647705078125
1774014160.5011907,/metrics/pcl/fused/detections_count,std_msgs/msg/Int32,73
1774014160.5012925,/metrics/pcl/fused/points_in,std_msgs/msg/Int32,38744
1774014160.5013552,/metrics/pcl/fused/processing_ms,std_msgs/msg/Float32,122.51988220214844
1774014160.748176,/metrics/pcl/fused/detections_count,std_msgs/msg/Int32,78
1774014160.7482896,/metrics/pcl/fused/points_in,std_msgs/msg/Int32,38938
1774014160.748356,/metrics/pcl/fused/processing_ms,std_msgs/msg/Float32,125.46060180664062
1774014160.9998496,/metrics/pcl/fused/detections_count,std_msgs/msg/Int32,77
1774014160.9999993,/metrics/pcl/fused/points_in,std_msgs/msg/Int32,39230
1774014161.0000904,/metrics/pcl/fused/processing_ms,std_msgs/msg/Float32,130.33091735839844
1774014161.2429335,/metrics/pcl/fused/detections_count,std_msgs/msg/Int32,77
1774014161.2430592,/metrics/pcl/fused/points_in,std_msgs/msg/Int32,39553
1774014161.2431242,/metrics/pcl/fused/processing_ms,std_msgs/msg/Float32,129.4766082763672
1774014161.4854286,/metrics/pcl/fused/detections_count,std_msgs/msg/Int32,75
1774014161.4855435,/metrics/pcl/fused/points_in,std_msgs/msg/Int32,39598
1774014161.4856095,/metrics/pcl/fused/processing_ms,std_msgs/msg/Float32,130.05995178222656
1774014161.975093,/metrics/pcl/fused/detections_count,std_msgs/msg/Int32,77
1774014161.9752114,/metrics/pcl/fused/points_in,std_msgs/msg/Int32,39882
1774014161.9752789,/metrics/pcl/fused/processing_ms,std_msgs/msg/Float32,128.9335174560547
1774014162.2244022,/metrics/pcl/fused/detections_count,std_msgs/msg/Int32,73
1774014162.2245178,/metrics/pcl/fused/points_in,std_msgs/msg/Int32,39364
1774014162.2245858,/metrics/pcl/fused/processing_ms,std_msgs/msg/Float32,129.19158935546875
1774014162.9468088,/metrics/pcl/fused/detections_count,std_msgs/msg/Int32,77
1774014162.946939,/metrics/pcl/fused/points_in,std_msgs/msg/Int32,37981
1774014162.9470065,/metrics/pcl/fused/processing_ms,std_msgs/msg/Float32,119.91312408447266
1774014163.1932325,/metrics/pcl/fused/detections_count,std_msgs/msg/Int32,75
1774014163.1933448,/metrics/pcl/fused/points_in,std_msgs/msg/Int32,38304
1774014163.1934075,/metrics/pcl/fused/processing_ms,std_msgs/msg/Float32,121.67047882080078
1774014163.4390862,/metrics/pcl/fused/detections_count,std_msgs/msg/Int32,73
1774014163.439198,/metrics/pcl/fused/points_in,std_msgs/msg/Int32,38525
1774014163.4392571,/metrics/pcl/fused/processing_ms,std_msgs/msg/Float32,121.60187530517578
1774014163.6810727,/metrics/pcl/fused/detections_count,std_msgs/msg/Int32,80
1774014163.6812048,/metrics/pcl/fused/points_in,std_msgs/msg/Int32,38556
1774014163.6812806,/metrics/pcl/fused/processing_ms,std_msgs/msg/Float32,121.6859130859375
1774014164.1576495,/metrics/pcl/fused/detections_count,std_msgs/msg/Int32,73
1774014164.1577601,/metrics/pcl/fused/points_in,std_msgs/msg/Int32,37736
1774014164.1578271,/metrics/pcl/fused/processing_ms,std_msgs/msg/Float32,120.9533920288086
1774014164.8335114,/metrics/pcl/fused/detections_count,std_msgs/msg/Int32,76
1774014164.8336513,/metrics/pcl/fused/points_in,std_msgs/msg/Int32,37932
1774014164.833736,/metrics/pcl/fused/processing_ms,std_msgs/msg/Float32,123.40037536621094
1774014165.0620618,/metrics/pcl/fused/detections_count,std_msgs/msg/Int32,76
1774014165.0621848,/metrics/pcl/fused/points_in,std_msgs/msg/Int32,38919
1774014165.0622725,/metrics/pcl/fused/processing_ms,std_msgs/msg/Float32,126.15419006347656
1774014165.2906172,/metrics/pcl/fused/detections_count,std_msgs/msg/Int32,75
1774014165.2907467,/metrics/pcl/fused/points_in,std_msgs/msg/Int32,39068
1774014165.2908244,/metrics/pcl/fused/processing_ms,std_msgs/msg/Float32,125.09798431396484
1774014165.516889,/metrics/pcl/fused/detections_count,std_msgs/msg/Int32,76
1774014165.5170138,/metrics/pcl/fused/points_in,std_msgs/msg/Int32,39060
1774014165.5170894,/metrics/pcl/fused/processing_ms,std_msgs/msg/Float32,125.49853515625
1774014165.7423377,/metrics/pcl/fused/detections_count,std_msgs/msg/Int32,78
1774014165.742453,/metrics/pcl/fused/points_in,std_msgs/msg/Int32,39151
1774014165.7425208,/metrics/pcl/fused/processing_ms,std_msgs/msg/Float32,127.32897186279297
1774014165.9702423,/metrics/pcl/fused/detections_count,std_msgs/msg/Int32,75
1774014165.9703562,/metrics/pcl/fused/points_in,std_msgs/msg/Int32,39544
1774014165.9704251,/metrics/pcl/fused/processing_ms,std_msgs/msg/Float32,130.0655975341797
1774014166.1994438,/metrics/pcl/fused/detections_count,std_msgs/msg/Int32,82
1774014166.1995568,/metrics/pcl/fused/points_in,std_msgs/msg/Int32,39541
1774014166.1996198,/metrics/pcl/fused/processing_ms,std_msgs/msg/Float32,129.27316284179688
1774014167.1078951,/metrics/pcl/fused/detections_count,std_msgs/msg/Int32,90
1774014167.1080172,/metrics/pcl/fused/points_in,std_msgs/msg/Int32,39711
1774014167.1080847,/metrics/pcl/fused/processing_ms,std_msgs/msg/Float32,127.88709259033203
1774014167.3374565,/metrics/pcl/fused/detections_count,std_msgs/msg/Int32,81
1774014167.337584,/metrics/pcl/fused/points_in,std_msgs/msg/Int32,39691
1774014167.3376794,/metrics/pcl/fused/processing_ms,std_msgs/msg/Float32,127.86914825439453
1774014167.5696712,/metrics/pcl/fused/detections_count,std_msgs/msg/Int32,79
1774014167.5697877,/metrics/pcl/fused/points_in,std_msgs/msg/Int32,39646
1774014167.5698519,/metrics/pcl/fused/processing_ms,std_msgs/msg/Float32,128.29852294921875
1774014168.0287864,/metrics/pcl/fused/detections_count,std_msgs/msg/Int32,88
1774014168.0289145,/metrics/pcl/fused/points_in,std_msgs/msg/Int32,40063
1774014168.0289829,/metrics/pcl/fused/processing_ms,std_msgs/msg/Float32,127.4495620727539
1774014168.48326,/metrics/pcl/fused/detections_count,std_msgs/msg/Int32,82
1774014168.483367,/metrics/pcl/fused/points_in,std_msgs/msg/Int32,39383
1774014168.4834325,/metrics/pcl/fused/processing_ms,std_msgs/msg/Float32,125.74442291259766
1774014168.9498127,/metrics/pcl/fused/detections_count,std_msgs/msg/Int32,83
1774014168.9499302,/metrics/pcl/fused/points_in,std_msgs/msg/Int32,40190
1774014168.9499865,/metrics/pcl/fused/processing_ms,std_msgs/msg/Float32,128.73486328125
1774014169.4037573,/metrics/pcl/fused/detections_count,std_msgs/msg/Int32,83
1774014169.4039009,/metrics/pcl/fused/points_in,std_msgs/msg/Int32,40115
1774014169.404027,/metrics/pcl/fused/processing_ms,std_msgs/msg/Float32,126.48065948486328
1774014169.8616884,/metrics/pcl/fused/detections_count,std_msgs/msg/Int32,81
1774014169.8618102,/metrics/pcl/fused/points_in,std_msgs/msg/Int32,40028
1774014169.861931,/metrics/pcl/fused/processing_ms,std_msgs/msg/Float32,125.37164306640625
1774014170.0987303,/metrics/pcl/fused/detections_count,std_msgs/msg/Int32,73
1774014170.0988412,/metrics/pcl/fused/points_in,std_msgs/msg/Int32,39952
1774014170.0989146,/metrics/pcl/fused/processing_ms,std_msgs/msg/Float32,130.09765625
1774014170.323036,/metrics/pcl/fused/detections_count,std_msgs/msg/Int32,82
1774014170.3231447,/metrics/pcl/fused/points_in,std_msgs/msg/Int32,39531
1774014170.323208,/metrics/pcl/fused/processing_ms,std_msgs/msg/Float32,125.14427185058594
1774014170.554958,/metrics/pcl/fused/detections_count,std_msgs/msg/Int32,73
1774014170.555068,/metrics/pcl/fused/points_in,std_msgs/msg/Int32,39906
1774014170.5551295,/metrics/pcl/fused/processing_ms,std_msgs/msg/Float32,129.1088409423828
1774014170.781607,/metrics/pcl/fused/detections_count,std_msgs/msg/Int32,75
1774014170.781727,/metrics/pcl/fused/points_in,std_msgs/msg/Int32,39737
1774014170.7817988,/metrics/pcl/fused/processing_ms,std_msgs/msg/Float32,127.13330841064453
1774014171.0113597,/metrics/pcl/fused/detections_count,std_msgs/msg/Int32,75
1774014171.0114706,/metrics/pcl/fused/points_in,std_msgs/msg/Int32,38810
1774014171.0115337,/metrics/pcl/fused/processing_ms,std_msgs/msg/Float32,126.89961242675781
1774014171.2422109,/metrics/pcl/fused/detections_count,std_msgs/msg/Int32,73
1774014171.2423217,/metrics/pcl/fused/points_in,std_msgs/msg/Int32,38604
1774014171.2423887,/metrics/pcl/fused/processing_ms,std_msgs/msg/Float32,128.69699096679688
1774014171.4716828,/metrics/pcl/fused/detections_count,std_msgs/msg/Int32,73
1774014171.471811,/metrics/pcl/fused/points_in,std_msgs/msg/Int32,38948
1774014171.4718893,/metrics/pcl/fused/processing_ms,std_msgs/msg/Float32,130.36402893066406
1774014171.7007363,/metrics/pcl/fused/detections_count,std_msgs/msg/Int32,82
1774014171.7008479,/metrics/pcl/fused/points_in,std_msgs/msg/Int32,39095
1774014171.7009234,/metrics/pcl/fused/processing_ms,std_msgs/msg/Float32,129.3461151123047
1774014171.929352,/metrics/pcl/fused/detections_count,std_msgs/msg/Int32,80
1774014171.9294565,/metrics/pcl/fused/points_in,std_msgs/msg/Int32,38967
1774014171.929521,/metrics/pcl/fused/processing_ms,std_msgs/msg/Float32,127.44778442382812
1774014172.1662183,/metrics/pcl/fused/detections_count,std_msgs/msg/Int32,74
1774014172.16635,/metrics/pcl/fused/points_in,std_msgs/msg/Int32,39227
1774014172.1664054,/metrics/pcl/fused/processing_ms,std_msgs/msg/Float32,130.370849609375
1774014172.3983252,/metrics/pcl/fused/detections_count,std_msgs/msg/Int32,76
1774014172.3984532,/metrics/pcl/fused/points_in,std_msgs/msg/Int32,39470
1774014172.3985202,/metrics/pcl/fused/processing_ms,std_msgs/msg/Float32,128.97769165039062
1774014172.6302521,/metrics/pcl/fused/detections_count,std_msgs/msg/Int32,78
1774014172.6303692,/metrics/pcl/fused/processing_ms,std_msgs/msg/Float32,129.14393615722656
1774014172.6305785,/metrics/pcl/fused/points_in,std_msgs/msg/Int32,39604
1774014172.8616374,/metrics/pcl/fused/detections_count,std_msgs/msg/Int32,74
1774014172.861755,/metrics/pcl/fused/points_in,std_msgs/msg/Int32,39489
1774014172.861819,/metrics/pcl/fused/processing_ms,std_msgs/msg/Float32,127.87559509277344
1774014173.0967624,/metrics/pcl/fused/detections_count,std_msgs/msg/Int32,77
1774014173.0969293,/metrics/pcl/fused/points_in,std_msgs/msg/Int32,39289
1774014173.0970173,/metrics/pcl/fused/processing_ms,std_msgs/msg/Float32,128.61215209960938
1774014173.3279269,/metrics/pcl/fused/detections_count,std_msgs/msg/Int32,75
1774014173.3280234,/metrics/pcl/fused/points_in,std_msgs/msg/Int32,39250
1774014173.328079,/metrics/pcl/fused/processing_ms,std_msgs/msg/Float32,127.71784210205078
1774014173.7904727,/metrics/pcl/fused/detections_count,std_msgs/msg/Int32,80
1774014173.7905924,/metrics/pcl/fused/points_in,std_msgs/msg/Int32,39133
1774014173.7906582,/metrics/pcl/fused/processing_ms,std_msgs/msg/Float32,130.07492065429688
1774014174.021542,/metrics/pcl/fused/detections_count,std_msgs/msg/Int32,80
1774014174.0216665,/metrics/pcl/fused/points_in,std_msgs/msg/Int32,38914
1774014174.0217326,/metrics/pcl/fused/processing_ms,std_msgs/msg/Float32,130.88140869140625
1774014174.4802778,/metrics/pcl/fused/detections_count,std_msgs/msg/Int32,80
1774014174.4803877,/metrics/pcl/fused/processing_ms,std_msgs/msg/Float32,126.52018737792969
1774014174.480593,/metrics/pcl/fused/points_in,std_msgs/msg/Int32,38810
1774014174.7100363,/metrics/pcl/fused/detections_count,std_msgs/msg/Int32,80
1774014174.7101407,/metrics/pcl/fused/points_in,std_msgs/msg/Int32,38878
1774014174.710194,/metrics/pcl/fused/processing_ms,std_msgs/msg/Float32,123.91044616699219
1774014174.9414632,/metrics/pcl/fused/detections_count,std_msgs/msg/Int32,74
1774014174.9416006,/metrics/pcl/fused/points_in,std_msgs/msg/Int32,38766
1774014174.9416802,/metrics/pcl/fused/processing_ms,std_msgs/msg/Float32,124.50422668457031
1774014175.1783416,/metrics/pcl/fused/detections_count,std_msgs/msg/Int32,78
1774014175.1784568,/metrics/pcl/fused/points_in,std_msgs/msg/Int32,38712
1774014175.1785324,/metrics/pcl/fused/processing_ms,std_msgs/msg/Float32,124.12969970703125
1774014175.417658,/metrics/pcl/fused/detections_count,std_msgs/msg/Int32,77
1774014175.4177928,/metrics/pcl/fused/points_in,std_msgs/msg/Int32,38809
1774014175.417854,/metrics/pcl/fused/processing_ms,std_msgs/msg/Float32,129.64407348632812
1774014175.6472893,/metrics/pcl/fused/detections_count,std_msgs/msg/Int32,75
1774014175.6474235,/metrics/pcl/fused/points_in,std_msgs/msg/Int32,38729
1774014175.6474888,/metrics/pcl/fused/processing_ms,std_msgs/msg/Float32,124.68910217285156
1774014176.3620365,/metrics/pcl/fused/detections_count,std_msgs/msg/Int32,75
1774014176.3621657,/metrics/pcl/fused/points_in,std_msgs/msg/Int32,38801
1774014176.3622794,/metrics/pcl/fused/processing_ms,std_msgs/msg/Float32,124.44187927246094
1774014176.604146,/metrics/pcl/fused/detections_count,std_msgs/msg/Int32,77
1774014176.6042619,/metrics/pcl/fused/points_in,std_msgs/msg/Int32,38738
1774014176.604324,/metrics/pcl/fused/processing_ms,std_msgs/msg/Float32,130.12554931640625
1774014176.8394954,/metrics/pcl/fused/detections_count,std_msgs/msg/Int32,78
1774014176.8396342,/metrics/pcl/fused/points_in,std_msgs/msg/Int32,38758
1774014176.8397126,/metrics/pcl/fused/processing_ms,std_msgs/msg/Float32,126.639892578125
1774014177.0827515,/metrics/pcl/fused/detections_count,std_msgs/msg/Int32,75
1774014177.0828633,/metrics/pcl/fused/points_in,std_msgs/msg/Int32,39371
1774014177.0829442,/metrics/pcl/fused/processing_ms,std_msgs/msg/Float32,131.47853088378906
1774014177.5604913,/metrics/pcl/fused/detections_count,std_msgs/msg/Int32,79
1774014177.5606143,/metrics/pcl/fused/points_in,std_msgs/msg/Int32,40349
1774014177.5607204,/metrics/pcl/fused/processing_ms,std_msgs/msg/Float32,134.25440979003906
1774014177.8040009,/metrics/pcl/fused/detections_count,std_msgs/msg/Int32,75
1774014177.8041155,/metrics/pcl/fused/points_in,std_msgs/msg/Int32,40465
1774014177.804181,/metrics/pcl/fused/processing_ms,std_msgs/msg/Float32,136.45936584472656
1774014178.0488186,/metrics/pcl/fused/detections_count,std_msgs/msg/Int32,77
1774014178.0489242,/metrics/pcl/fused/points_in,std_msgs/msg/Int32,40571
1774014178.0490146,/metrics/pcl/fused/processing_ms,std_msgs/msg/Float32,136.95664978027344
1774014178.2860641,/metrics/pcl/fused/detections_count,std_msgs/msg/Int32,78
1774014178.2861736,/metrics/pcl/fused/points_in,std_msgs/msg/Int32,40362
1774014178.286236,/metrics/pcl/fused/processing_ms,std_msgs/msg/Float32,132.9322967529297
1774014178.7713354,/metrics/pcl/fused/detections_count,std_msgs/msg/Int32,79
1774014178.7714725,/metrics/pcl/fused/points_in,std_msgs/msg/Int32,40369
1774014178.7715495,/metrics/pcl/fused/processing_ms,std_msgs/msg/Float32,136.4556427001953
1774014179.0119627,/metrics/pcl/fused/detections_count,std_msgs/msg/Int32,77
1774014179.012067,/metrics/pcl/fused/points_in,std_msgs/msg/Int32,40247
1774014179.012139,/metrics/pcl/fused/processing_ms,std_msgs/msg/Float32,135.497314453125
1774014179.2526908,/metrics/pcl/fused/detections_count,std_msgs/msg/Int32,75
1774014179.2528005,/metrics/pcl/fused/points_in,std_msgs/msg/Int32,39855
1774014179.2528768,/metrics/pcl/fused/processing_ms,std_msgs/msg/Float32,132.45339965820312
1774014179.4936056,/metrics/pcl/fused/detections_count,std_msgs/msg/Int32,76
1774014179.4937322,/metrics/pcl/fused/points_in,std_msgs/msg/Int32,39965
1774014179.4937992,/metrics/pcl/fused/processing_ms,std_msgs/msg/Float32,133.05810546875
1774014179.7354982,/metrics/pcl/fused/detections_count,std_msgs/msg/Int32,73
1774014179.7356074,/metrics/pcl/fused/points_in,std_msgs/msg/Int32,39744
1774014179.7356746,/metrics/pcl/fused/processing_ms,std_msgs/msg/Float32,130.1104736328125
1774014179.970186,/metrics/pcl/fused/detections_count,std_msgs/msg/Int32,80
1774014179.970287,/metrics/pcl/fused/points_in,std_msgs/msg/Int32,39243
1774014179.970343,/metrics/pcl/fused/processing_ms,std_msgs/msg/Float32,126.4905776977539
1774014180.2082372,/metrics/pcl/fused/detections_count,std_msgs/msg/Int32,74
1774014180.2083747,/metrics/pcl/fused/points_in,std_msgs/msg/Int32,38779
1774014180.2084382,/metrics/pcl/fused/processing_ms,std_msgs/msg/Float32,123.49618530273438
1774014180.4388661,/metrics/pcl/fused/detections_count,std_msgs/msg/Int32,78
1774014180.4389951,/metrics/pcl/fused/points_in,std_msgs/msg/Int32,38005
1774014180.439087,/metrics/pcl/fused/processing_ms,std_msgs/msg/Float32,119.39322662353516
1774014180.67767,/metrics/pcl/fused/detections_count,std_msgs/msg/Int32,70
1774014180.677783,/metrics/pcl/fused/points_in,std_msgs/msg/Int32,37227
1774014180.677849,/metrics/pcl/fused/processing_ms,std_msgs/msg/Float32,117.9031753540039
1774014180.9149013,/metrics/pcl/fused/detections_count,std_msgs/msg/Int32,70
1774014180.9150112,/metrics/pcl/fused/points_in,std_msgs/msg/Int32,37490
1774014180.9150746,/metrics/pcl/fused/processing_ms,std_msgs/msg/Float32,117.99291229248047
1774014181.1542287,/metrics/pcl/fused/detections_count,std_msgs/msg/Int32,78
1774014181.1543348,/metrics/pcl/fused/points_in,std_msgs/msg/Int32,37289
1774014181.154396,/metrics/pcl/fused/processing_ms,std_msgs/msg/Float32,116.85557556152344
1774014181.3900704,/metrics/pcl/fused/detections_count,std_msgs/msg/Int32,72
1774014181.3901713,/metrics/pcl/fused/points_in,std_msgs/msg/Int32,37399
1774014181.390238,/metrics/pcl/fused/processing_ms,std_msgs/msg/Float32,117.05866241455078
1774014181.6367037,/metrics/pcl/fused/detections_count,std_msgs/msg/Int32,75
1774014181.636817,/metrics/pcl/fused/points_in,std_msgs/msg/Int32,38715
1774014181.636891,/metrics/pcl/fused/processing_ms,std_msgs/msg/Float32,127.08661651611328
1774014181.8847623,/metrics/pcl/fused/detections_count,std_msgs/msg/Int32,77
1774014181.8848624,/metrics/pcl/fused/points_in,std_msgs/msg/Int32,40022
1774014181.888799,/metrics/pcl/fused/processing_ms,std_msgs/msg/Float32,132.1866455078125
1774014182.1267474,/metrics/pcl/fused/detections_count,std_msgs/msg/Int32,76
1774014182.1268575,/metrics/pcl/fused/points_in,std_msgs/msg/Int32,39916
1774014182.1269422,/metrics/pcl/fused/processing_ms,std_msgs/msg/Float32,133.08087158203125
1774014182.3586931,/metrics/pcl/fused/detections_count,std_msgs/msg/Int32,79
1774014182.358812,/metrics/pcl/fused/points_in,std_msgs/msg/Int32,38737
1774014182.3588977,/metrics/pcl/fused/processing_ms,std_msgs/msg/Float32,127.29013061523438
1774014182.5881808,/metrics/pcl/fused/detections_count,std_msgs/msg/Int32,72
1774014182.5882876,/metrics/pcl/fused/points_in,std_msgs/msg/Int32,37382
1774014182.5883522,/metrics/pcl/fused/processing_ms,std_msgs/msg/Float32,117.8563003540039
1774014182.8311841,/metrics/pcl/fused/detections_count,std_msgs/msg/Int32,75
1774014182.8312929,/metrics/pcl/fused/points_in,std_msgs/msg/Int32,37401
1774014182.8313582,/metrics/pcl/fused/processing_ms,std_msgs/msg/Float32,117.11408233642578
1774014183.0739594,/metrics/pcl/fused/detections_count,std_msgs/msg/Int32,74
1774014183.0740964,/metrics/pcl/fused/points_in,std_msgs/msg/Int32,37541
1774014183.0742018,/metrics/pcl/fused/processing_ms,std_msgs/msg/Float32,118.54862213134766
1774014183.3137426,/metrics/pcl/fused/detections_count,std_msgs/msg/Int32,81
1774014183.3138537,/metrics/pcl/fused/points_in,std_msgs/msg/Int32,37606
1774014183.3139286,/metrics/pcl/fused/processing_ms,std_msgs/msg/Float32,117.91490936279297
1774014183.5408463,/metrics/pcl/fused/detections_count,std_msgs/msg/Int32,75
1774014183.5409677,/metrics/pcl/fused/points_in,std_msgs/msg/Int32,37500
1774014183.541032,/metrics/pcl/fused/processing_ms,std_msgs/msg/Float32,116.97811889648438
1774014183.766786,/metrics/pcl/fused/detections_count,std_msgs/msg/Int32,74
1774014183.766908,/metrics/pcl/fused/points_in,std_msgs/msg/Int32,37523
1774014183.766978,/metrics/pcl/fused/processing_ms,std_msgs/msg/Float32,118.6454849243164
1774014183.9900377,/metrics/pcl/fused/detections_count,std_msgs/msg/Int32,76
1774014183.990156,/metrics/pcl/fused/points_in,std_msgs/msg/Int32,37605
1774014183.99023,/metrics/pcl/fused/processing_ms,std_msgs/msg/Float32,117.771484375
1774014184.21202,/metrics/pcl/fused/detections_count,std_msgs/msg/Int32,77
1774014184.21213,/metrics/pcl/fused/points_in,std_msgs/msg/Int32,37529
1774014184.2121956,/metrics/pcl/fused/processing_ms,std_msgs/msg/Float32,115.99269104003906
1774014184.4312315,/metrics/pcl/fused/detections_count,std_msgs/msg/Int32,76
1774014184.4313416,/metrics/pcl/fused/points_in,std_msgs/msg/Int32,37406
1774014184.4314053,/metrics/pcl/fused/processing_ms,std_msgs/msg/Float32,116.00601196289062
1774014184.6532278,/metrics/pcl/fused/detections_count,std_msgs/msg/Int32,79
1774014184.65334,/metrics/pcl/fused/points_in,std_msgs/msg/Int32,37502
1774014184.6534073,/metrics/pcl/fused/processing_ms,std_msgs/msg/Float32,117.45706176757812
1774014185.0954938,/metrics/pcl/fused/detections_count,std_msgs/msg/Int32,79
1774014185.0956428,/metrics/pcl/fused/points_in,std_msgs/msg/Int32,37574
1774014185.095738,/metrics/pcl/fused/processing_ms,std_msgs/msg/Float32,116.40655517578125
1774014185.3185008,/metrics/pcl/fused/detections_count,std_msgs/msg/Int32,82
1774014185.3186471,/metrics/pcl/fused/points_in,std_msgs/msg/Int32,37439
1774014185.3187578,/metrics/pcl/fused/processing_ms,std_msgs/msg/Float32,117.38519287109375
1774014185.986508,/metrics/pcl/fused/detections_count,std_msgs/msg/Int32,78
1774014185.9866354,/metrics/pcl/fused/points_in,std_msgs/msg/Int32,37606
1774014185.9867363,/metrics/pcl/fused/processing_ms,std_msgs/msg/Float32,117.79210662841797
1774014186.6638646,/metrics/pcl/fused/detections_count,std_msgs/msg/Int32,76
1774014186.664002,/metrics/pcl/fused/points_in,std_msgs/msg/Int32,38177
1774014186.6640835,/metrics/pcl/fused/processing_ms,std_msgs/msg/Float32,125.56877899169922
1774014186.8911455,/metrics/pcl/fused/detections_count,std_msgs/msg/Int32,74
1774014186.891251,/metrics/pcl/fused/points_in,std_msgs/msg/Int32,38396
1774014186.891305,/metrics/pcl/fused/processing_ms,std_msgs/msg/Float32,126.78894805908203
1774014187.1179042,/metrics/pcl/fused/detections_count,std_msgs/msg/Int32,74
1774014187.1180136,/metrics/pcl/fused/points_in,std_msgs/msg/Int32,38472
1774014187.1180792,/metrics/pcl/fused/processing_ms,std_msgs/msg/Float32,125.31455993652344
1774014187.3445528,/metrics/pcl/fused/detections_count,std_msgs/msg/Int32,71
1774014187.344671,/metrics/pcl/fused/points_in,std_msgs/msg/Int32,38657
1774014187.3447423,/metrics/pcl/fused/processing_ms,std_msgs/msg/Float32,125.04638671875
1774014187.7933404,/metrics/pcl/fused/detections_count,std_msgs/msg/Int32,78
1774014187.7934604,/metrics/pcl/fused/points_in,std_msgs/msg/Int32,37931
1774014187.793525,/metrics/pcl/fused/processing_ms,std_msgs/msg/Float32,122.36066436767578
1774014188.0293314,/metrics/pcl/fused/detections_count,std_msgs/msg/Int32,73
1774014188.0294454,/metrics/pcl/fused/points_in,std_msgs/msg/Int32,38670
1774014188.029509,/metrics/pcl/fused/processing_ms,std_msgs/msg/Float32,130.40658569335938
1774014188.246327,/metrics/pcl/fused/detections_count,std_msgs/msg/Int32,71
1774014188.2464356,/metrics/pcl/fused/points_in,std_msgs/msg/Int32,37824
1774014188.246498,/metrics/pcl/fused/processing_ms,std_msgs/msg/Float32,121.19170379638672
1774014188.4754744,/metrics/pcl/fused/detections_count,std_msgs/msg/Int32,74
1774014188.4755836,/metrics/pcl/fused/points_in,std_msgs/msg/Int32,37914
1774014188.4756482,/metrics/pcl/fused/processing_ms,std_msgs/msg/Float32,124.0311279296875
1774014188.7002923,/metrics/pcl/fused/detections_count,std_msgs/msg/Int32,73
1774014188.7003977,/metrics/pcl/fused/points_in,std_msgs/msg/Int32,37738
1774014188.700462,/metrics/pcl/fused/processing_ms,std_msgs/msg/Float32,121.65628051757812
1774014188.929682,/metrics/pcl/fused/detections_count,std_msgs/msg/Int32,75
1774014188.92982,/metrics/pcl/fused/points_in,std_msgs/msg/Int32,37997
1774014188.9299374,/metrics/pcl/fused/processing_ms,std_msgs/msg/Float32,120.15824127197266
1774014189.161286,/metrics/pcl/fused/detections_count,std_msgs/msg/Int32,76
1774014189.1614704,/metrics/pcl/fused/points_in,std_msgs/msg/Int32,37981
1774014189.161546,/metrics/pcl/fused/processing_ms,std_msgs/msg/Float32,122.70191955566406
1774014189.3903544,/metrics/pcl/fused/detections_count,std_msgs/msg/Int32,74
1774014189.3904798,/metrics/pcl/fused/points_in,std_msgs/msg/Int32,37551
1774014189.390594,/metrics/pcl/fused/processing_ms,std_msgs/msg/Float32,123.43011474609375
1774014189.6143546,/metrics/pcl/fused/detections_count,std_msgs/msg/Int32,75
1774014189.6144745,/metrics/pcl/fused/points_in,std_msgs/msg/Int32,37719
1774014189.614549,/metrics/pcl/fused/processing_ms,std_msgs/msg/Float32,122.0386734008789
1774014190.068807,/metrics/pcl/fused/detections_count,std_msgs/msg/Int32,73
1774014190.068948,/metrics/pcl/fused/points_in,std_msgs/msg/Int32,37559
1774014190.0690293,/metrics/pcl/fused/processing_ms,std_msgs/msg/Float32,122.2669448852539
1774014190.2931588,/metrics/pcl/fused/detections_count,std_msgs/msg/Int32,69
1774014190.2932675,/metrics/pcl/fused/points_in,std_msgs/msg/Int32,36889
1774014190.2933328,/metrics/pcl/fused/processing_ms,std_msgs/msg/Float32,120.37135314941406
1774014190.519045,/metrics/pcl/fused/detections_count,std_msgs/msg/Int32,76
1774014190.5191545,/metrics/pcl/fused/points_in,std_msgs/msg/Int32,36462
1774014190.519227,/metrics/pcl/fused/processing_ms,std_msgs/msg/Float32,120.00440979003906
1774014190.7480805,/metrics/pcl/fused/detections_count,std_msgs/msg/Int32,76
1774014190.7482028,/metrics/pcl/fused/points_in,std_msgs/msg/Int32,36170
1774014190.7482655,/metrics/pcl/fused/processing_ms,std_msgs/msg/Float32,117.29476928710938
1774014190.9761004,/metrics/pcl/fused/detections_count,std_msgs/msg/Int32,73
1774014190.9762206,/metrics/pcl/fused/points_in,std_msgs/msg/Int32,35826
1774014190.9762964,/metrics/pcl/fused/processing_ms,std_msgs/msg/Float32,117.08214569091797
1774014191.2043903,/metrics/pcl/fused/detections_count,std_msgs/msg/Int32,70
1774014191.2045083,/metrics/pcl/fused/points_in,std_msgs/msg/Int32,36161
1774014191.2045732,/metrics/pcl/fused/processing_ms,std_msgs/msg/Float32,115.87102508544922
1774014191.4354117,/metrics/pcl/fused/detections_count,std_msgs/msg/Int32,77
1774014191.4355237,/metrics/pcl/fused/points_in,std_msgs/msg/Int32,37029
1774014191.4355896,/metrics/pcl/fused/processing_ms,std_msgs/msg/Float32,119.82492065429688
1774014191.6629655,/metrics/pcl/fused/detections_count,std_msgs/msg/Int32,77
1774014191.6630826,/metrics/pcl/fused/processing_ms,std_msgs/msg/Float32,119.05868530273438
1774014191.6632946,/metrics/pcl/fused/points_in,std_msgs/msg/Int32,37046
1774014191.8915093,/metrics/pcl/fused/detections_count,std_msgs/msg/Int32,82
1774014191.8916354,/metrics/pcl/fused/points_in,std_msgs/msg/Int32,37067
1774014191.8956287,/metrics/pcl/fused/processing_ms,std_msgs/msg/Float32,119.59221649169922
1774014192.1198869,/metrics/pcl/fused/detections_count,std_msgs/msg/Int32,76
1774014192.1200204,/metrics/pcl/fused/points_in,std_msgs/msg/Int32,36964
1774014192.120101,/metrics/pcl/fused/processing_ms,std_msgs/msg/Float32,120.3128662109375
1774014192.579465,/metrics/pcl/fused/detections_count,std_msgs/msg/Int32,72
1774014192.5795648,/metrics/pcl/fused/points_in,std_msgs/msg/Int32,37091
1774014192.5796201,/metrics/pcl/fused/processing_ms,std_msgs/msg/Float32,123.21005249023438
1774014192.8073025,/metrics/pcl/fused/detections_count,std_msgs/msg/Int32,72
1774014192.8074698,/metrics/pcl/fused/points_in,std_msgs/msg/Int32,37050
1774014192.8075392,/metrics/pcl/fused/processing_ms,std_msgs/msg/Float32,120.76227569580078
1774014193.2621372,/metrics/pcl/fused/detections_count,std_msgs/msg/Int32,78
1774014193.2622504,/metrics/pcl/fused/points_in,std_msgs/msg/Int32,36652
1774014193.262305,/metrics/pcl/fused/processing_ms,std_msgs/msg/Float32,117.460205078125
1774014193.494759,/metrics/pcl/fused/detections_count,std_msgs/msg/Int32,72
1774014193.494918,/metrics/pcl/fused/points_in,std_msgs/msg/Int32,36677
1774014193.4949896,/metrics/pcl/fused/processing_ms,std_msgs/msg/Float32,120.87588500976562
1774014193.7312598,/metrics/pcl/fused/detections_count,std_msgs/msg/Int32,78
1774014193.7313669,/metrics/pcl/fused/points_in,std_msgs/msg/Int32,36864
1774014193.73145,/metrics/pcl/fused/processing_ms,std_msgs/msg/Float32,121.32242584228516
1774014194.1902688,/metrics/pcl/fused/detections_count,std_msgs/msg/Int32,76
1774014194.1903796,/metrics/pcl/fused/points_in,std_msgs/msg/Int32,36746
1774014194.190446,/metrics/pcl/fused/processing_ms,std_msgs/msg/Float32,116.33856964111328
1774014194.4244788,/metrics/pcl/fused/detections_count,std_msgs/msg/Int32,82
1774014194.4246037,/metrics/pcl/fused/points_in,std_msgs/msg/Int32,36272
1774014194.4246714,/metrics/pcl/fused/processing_ms,std_msgs/msg/Float32,117.3809814453125
1774014194.6569297,/metrics/pcl/fused/detections_count,std_msgs/msg/Int32,78
1774014194.6570513,/metrics/pcl/fused/points_in,std_msgs/msg/Int32,36257
1774014194.6571295,/metrics/pcl/fused/processing_ms,std_msgs/msg/Float32,116.32040405273438
1774014194.894029,/metrics/pcl/fused/detections_count,std_msgs/msg/Int32,76
1774014194.8941429,/metrics/pcl/fused/points_in,std_msgs/msg/Int32,36885
1774014194.8942149,/metrics/pcl/fused/processing_ms,std_msgs/msg/Float32,120.00093078613281
1774014195.13099,/metrics/pcl/fused/detections_count,std_msgs/msg/Int32,67
1774014195.1311014,/metrics/pcl/fused/points_in,std_msgs/msg/Int32,37337
1774014195.1311746,/metrics/pcl/fused/processing_ms,std_msgs/msg/Float32,122.06817626953125
1774014196.0765676,/metrics/pcl/fused/detections_count,std_msgs/msg/Int32,72
1774014196.0766797,/metrics/pcl/fused/points_in,std_msgs/msg/Int32,37592
1774014196.0767329,/metrics/pcl/fused/processing_ms,std_msgs/msg/Float32,125.86927795410156
1774014196.3104212,/metrics/pcl/fused/detections_count,std_msgs/msg/Int32,70
1774014196.310534,/metrics/pcl/fused/points_in,std_msgs/msg/Int32,37505
1774014196.3105981,/metrics/pcl/fused/processing_ms,std_msgs/msg/Float32,124.13804626464844
1774014196.5430462,/metrics/pcl/fused/detections_count,std_msgs/msg/Int32,77
1774014196.5431578,/metrics/pcl/fused/points_in,std_msgs/msg/Int32,37111
1774014196.5432236,/metrics/pcl/fused/processing_ms,std_msgs/msg/Float32,119.92308044433594
1774014196.785268,/metrics/pcl/fused/detections_count,std_msgs/msg/Int32,68
1774014196.7853768,/metrics/pcl/fused/points_in,std_msgs/msg/Int32,37002
1774014196.7854419,/metrics/pcl/fused/processing_ms,std_msgs/msg/Float32,122.89041137695312
1774014197.0150023,/metrics/pcl/fused/detections_count,std_msgs/msg/Int32,78
1774014197.0151138,/metrics/pcl/fused/points_in,std_msgs/msg/Int32,36326
1774014197.0151808,/metrics/pcl/fused/processing_ms,std_msgs/msg/Float32,118.97161102294922
1774014197.25317,/metrics/pcl/fused/detections_count,std_msgs/msg/Int32,76
1774014197.2532625,/metrics/pcl/fused/points_in,std_msgs/msg/Int32,37034
1774014197.2533138,/metrics/pcl/fused/processing_ms,std_msgs/msg/Float32,119.32369995117188
1774014197.4926655,/metrics/pcl/fused/detections_count,std_msgs/msg/Int32,77
1774014197.4927726,/metrics/pcl/fused/points_in,std_msgs/msg/Int32,37076
1774014197.492834,/metrics/pcl/fused/processing_ms,std_msgs/msg/Float32,122.30110168457031
1774014197.7360973,/metrics/pcl/fused/detections_count,std_msgs/msg/Int32,78
1774014197.7362578,/metrics/pcl/fused/points_in,std_msgs/msg/Int32,38102
1774014197.736328,/metrics/pcl/fused/processing_ms,std_msgs/msg/Float32,125.39347076416016
1774014197.9771554,/metrics/pcl/fused/detections_count,std_msgs/msg/Int32,77
1774014197.9772813,/metrics/pcl/fused/points_in,std_msgs/msg/Int32,38656
1774014197.977357,/metrics/pcl/fused/processing_ms,std_msgs/msg/Float32,125.93148803710938
1774014198.2181838,/metrics/pcl/fused/detections_count,std_msgs/msg/Int32,75
1774014198.2182858,/metrics/pcl/fused/points_in,std_msgs/msg/Int32,38587
1774014198.2183442,/metrics/pcl/fused/processing_ms,std_msgs/msg/Float32,122.519287109375
1774014198.4633017,/metrics/pcl/fused/detections_count,std_msgs/msg/Int32,80
1774014198.4634042,/metrics/pcl/fused/points_in,std_msgs/msg/Int32,38739
1774014198.4634643,/metrics/pcl/fused/processing_ms,std_msgs/msg/Float32,125.15271759033203
1774014198.9603763,/metrics/pcl/fused/detections_count,std_msgs/msg/Int32,74
1774014198.960485,/metrics/pcl/fused/points_in,std_msgs/msg/Int32,38630
1774014198.9605505,/metrics/pcl/fused/processing_ms,std_msgs/msg/Float32,128.90052795410156
1774014199.450632,/metrics/pcl/fused/detections_count,std_msgs/msg/Int32,66
1774014199.4507413,/metrics/pcl/fused/points_in,std_msgs/msg/Int32,39255
1774014199.4508064,/metrics/pcl/fused/processing_ms,std_msgs/msg/Float32,131.61849975585938
1774014199.6931822,/metrics/pcl/fused/detections_count,std_msgs/msg/Int32,76
1774014199.6932938,/metrics/pcl/fused/points_in,std_msgs/msg/Int32,39095
1774014199.6933577,/metrics/pcl/fused/processing_ms,std_msgs/msg/Float32,131.59364318847656
1774014199.934937,/metrics/pcl/fused/detections_count,std_msgs/msg/Int32,71
1774014199.9350708,/metrics/pcl/fused/points_in,std_msgs/msg/Int32,38536
1774014199.9389806,/metrics/pcl/fused/processing_ms,std_msgs/msg/Float32,128.90866088867188
1774014200.1798513,/metrics/pcl/fused/detections_count,std_msgs/msg/Int32,74
1774014200.1799695,/metrics/pcl/fused/points_in,std_msgs/msg/Int32,38475
1774014200.18004,/metrics/pcl/fused/processing_ms,std_msgs/msg/Float32,126.55799102783203
1774014200.662648,/metrics/pcl/fused/detections_count,std_msgs/msg/Int32,81
1774014200.6627686,/metrics/pcl/fused/points_in,std_msgs/msg/Int32,38393
1774014200.6628397,/metrics/pcl/fused/processing_ms,std_msgs/msg/Float32,126.88941955566406
1774014200.9033074,/metrics/pcl/fused/detections_count,std_msgs/msg/Int32,73
1774014200.903458,/metrics/pcl/fused/points_in,std_msgs/msg/Int32,38286
1774014200.9035292,/metrics/pcl/fused/processing_ms,std_msgs/msg/Float32,125.99531555175781
1774014201.144831,/metrics/pcl/fused/detections_count,std_msgs/msg/Int32,75
1774014201.1449664,/metrics/pcl/fused/points_in,std_msgs/msg/Int32,38229
1774014201.1450424,/metrics/pcl/fused/processing_ms,std_msgs/msg/Float32,124.4183349609375
1774014201.3847637,/metrics/pcl/fused/detections_count,std_msgs/msg/Int32,79
1774014201.3849096,/metrics/pcl/fused/points_in,std_msgs/msg/Int32,38086
1774014201.3849905,/metrics/pcl/fused/processing_ms,std_msgs/msg/Float32,121.67053985595703
1774014201.6281328,/metrics/pcl/fused/detections_count,std_msgs/msg/Int32,76
1774014201.628247,/metrics/pcl/fused/points_in,std_msgs/msg/Int32,38152
1774014201.6283042,/metrics/pcl/fused/processing_ms,std_msgs/msg/Float32,126.35413360595703
1774014201.8688886,/metrics/pcl/fused/detections_count,std_msgs/msg/Int32,74
1774014201.8689995,/metrics/pcl/fused/points_in,std_msgs/msg/Int32,38093
1774014201.8690631,/metrics/pcl/fused/processing_ms,std_msgs/msg/Float32,125.35224914550781
1774014202.1140397,/metrics/pcl/fused/detections_count,std_msgs/msg/Int32,74
1774014202.114148,/metrics/pcl/fused/points_in,std_msgs/msg/Int32,38471
1774014202.1142132,/metrics/pcl/fused/processing_ms,std_msgs/msg/Float32,124.68905639648438
1774014202.6040883,/metrics/pcl/fused/detections_count,std_msgs/msg/Int32,74
1774014202.604202,/metrics/pcl/fused/points_in,std_msgs/msg/Int32,38612
1774014202.6042647,/metrics/pcl/fused/processing_ms,std_msgs/msg/Float32,129.24661254882812
1774014202.8324363,/metrics/pcl/fused/detections_count,std_msgs/msg/Int32,75
1774014202.832545,/metrics/pcl/fused/points_in,std_msgs/msg/Int32,38955
1774014202.832608,/metrics/pcl/fused/processing_ms,std_msgs/msg/Float32,130.97581481933594
1774014203.0586903,/metrics/pcl/fused/detections_count,std_msgs/msg/Int32,75
1774014203.058815,/metrics/pcl/fused/points_in,std_msgs/msg/Int32,39153
1774014203.0588953,/metrics/pcl/fused/processing_ms,std_msgs/msg/Float32,132.55813598632812
1774014203.2758477,/metrics/pcl/fused/detections_count,std_msgs/msg/Int32,74
1774014203.2759717,/metrics/pcl/fused/points_in,std_msgs/msg/Int32,38999
1774014203.2760363,/metrics/pcl/fused/processing_ms,std_msgs/msg/Float32,125.03955078125
1774014203.4966717,/metrics/pcl/fused/detections_count,std_msgs/msg/Int32,73
1774014203.4967918,/metrics/pcl/fused/points_in,std_msgs/msg/Int32,38954
1774014203.4968464,/metrics/pcl/fused/processing_ms,std_msgs/msg/Float32,124.94033813476562
1774014203.7240193,/metrics/pcl/fused/detections_count,std_msgs/msg/Int32,76
1774014203.7241426,/metrics/pcl/fused/points_in,std_msgs/msg/Int32,38853
1774014203.724207,/metrics/pcl/fused/processing_ms,std_msgs/msg/Float32,128.6835479736328
1774014203.9460406,/metrics/pcl/fused/detections_count,std_msgs/msg/Int32,72
1774014203.9461465,/metrics/pcl/fused/points_in,std_msgs/msg/Int32,38715
1774014203.9462018,/metrics/pcl/fused/processing_ms,std_msgs/msg/Float32,127.17408752441406
1774014204.3907485,/metrics/pcl/fused/detections_count,std_msgs/msg/Int32,72
1774014204.3908615,/metrics/pcl/fused/points_in,std_msgs/msg/Int32,38299
1774014204.3909411,/metrics/pcl/fused/processing_ms,std_msgs/msg/Float32,123.96015930175781
1774014204.6163554,/metrics/pcl/fused/detections_count,std_msgs/msg/Int32,77
1774014204.6165318,/metrics/pcl/fused/points_in,std_msgs/msg/Int32,38442
1774014204.6166496,/metrics/pcl/fused/processing_ms,std_msgs/msg/Float32,125.74815368652344
1774014204.8441563,/metrics/pcl/fused/detections_count,std_msgs/msg/Int32,74
1774014204.8442585,/metrics/pcl/fused/points_in,std_msgs/msg/Int32,38723
1774014204.8443205,/metrics/pcl/fused/processing_ms,std_msgs/msg/Float32,126.81138610839844
1774014205.0733287,/metrics/pcl/fused/detections_count,std_msgs/msg/Int32,74
1774014205.0734603,/metrics/pcl/fused/points_in,std_msgs/msg/Int32,39086
1774014205.0735648,/metrics/pcl/fused/processing_ms,std_msgs/msg/Float32,130.40464782714844
1774014205.2962904,/metrics/pcl/fused/detections_count,std_msgs/msg/Int32,73
1774014205.2964036,/metrics/pcl/fused/points_in,std_msgs/msg/Int32,39343
1774014205.296468,/metrics/pcl/fused/processing_ms,std_msgs/msg/Float32,127.97938537597656
1774014205.5237658,/metrics/pcl/fused/detections_count,std_msgs/msg/Int32,72
1774014205.5239043,/metrics/pcl/fused/points_in,std_msgs/msg/Int32,39403
1774014205.5239732,/metrics/pcl/fused/processing_ms,std_msgs/msg/Float32,130.9306640625
1774014205.7514145,/metrics/pcl/fused/detections_count,std_msgs/msg/Int32,78
1774014205.7515264,/metrics/pcl/fused/points_in,std_msgs/msg/Int32,39699
1774014205.751592,/metrics/pcl/fused/processing_ms,std_msgs/msg/Float32,131.02040100097656
1774014206.2051625,/metrics/pcl/fused/detections_count,std_msgs/msg/Int32,76
1774014206.205274,/metrics/pcl/fused/points_in,std_msgs/msg/Int32,40261
1774014206.2053394,/metrics/pcl/fused/processing_ms,std_msgs/msg/Float32,133.7286376953125
1774014206.4344895,/metrics/pcl/fused/detections_count,std_msgs/msg/Int32,74
1774014206.4345872,/metrics/pcl/fused/points_in,std_msgs/msg/Int32,40321
1774014206.43464,/metrics/pcl/fused/processing_ms,std_msgs/msg/Float32,135.13897705078125
1774014206.6640089,/metrics/pcl/fused/detections_count,std_msgs/msg/Int32,76
1774014206.6641507,/metrics/pcl/fused/points_in,std_msgs/msg/Int32,40105
1774014206.6642094,/metrics/pcl/fused/processing_ms,std_msgs/msg/Float32,137.27481079101562
1774014206.8890846,/metrics/pcl/fused/detections_count,std_msgs/msg/Int32,80
1774014206.8893645,/metrics/pcl/fused/points_in,std_msgs/msg/Int32,40059
1774014206.8894393,/metrics/pcl/fused/processing_ms,std_msgs/msg/Float32,134.11668395996094
1774014207.1218836,/metrics/pcl/fused/detections_count,std_msgs/msg/Int32,75
1774014207.1219845,/metrics/pcl/fused/points_in,std_msgs/msg/Int32,39929
1774014207.1220372,/metrics/pcl/fused/processing_ms,std_msgs/msg/Float32,134.78158569335938
1774014207.3457294,/metrics/pcl/fused/detections_count,std_msgs/msg/Int32,75
1774014207.3458319,/metrics/pcl/fused/points_in,std_msgs/msg/Int32,39671
1774014207.3459003,/metrics/pcl/fused/processing_ms,std_msgs/msg/Float32,131.48074340820312
1774014208.0285144,/metrics/pcl/fused/detections_count,std_msgs/msg/Int32,72
1774014208.0286279,/metrics/pcl/fused/points_in,std_msgs/msg/Int32,39405
1774014208.028692,/metrics/pcl/fused/processing_ms,std_msgs/msg/Float32,131.04415893554688
1774014208.2545354,/metrics/pcl/fused/detections_count,std_msgs/msg/Int32,72
1774014208.2546453,/metrics/pcl/fused/points_in,std_msgs/msg/Int32,39248
1774014208.25471,/metrics/pcl/fused/processing_ms,std_msgs/msg/Float32,130.12855529785156
1774014208.479799,/metrics/pcl/fused/detections_count,std_msgs/msg/Int32,79
1774014208.4799232,/metrics/pcl/fused/points_in,std_msgs/msg/Int32,39000
1774014208.4799902,/metrics/pcl/fused/processing_ms,std_msgs/msg/Float32,128.99017333984375
1774014208.7158532,/metrics/pcl/fused/detections_count,std_msgs/msg/Int32,75
1774014208.7159824,/metrics/pcl/fused/points_in,std_msgs/msg/Int32,39235
1774014208.7160468,/metrics/pcl/fused/processing_ms,std_msgs/msg/Float32,134.203125
1774014208.9481034,/metrics/pcl/fused/detections_count,std_msgs/msg/Int32,74
1774014208.9482143,/metrics/pcl/fused/points_in,std_msgs/msg/Int32,39852
1774014208.948271,/metrics/pcl/fused/processing_ms,std_msgs/msg/Float32,134.21255493164062
1774014209.179805,/metrics/pcl/fused/detections_count,std_msgs/msg/Int32,76
1774014209.1799214,/metrics/pcl/fused/points_in,std_msgs/msg/Int32,39917
1774014209.1799881,/metrics/pcl/fused/processing_ms,std_msgs/msg/Float32,135.97520446777344
1774014209.6324224,/metrics/pcl/fused/detections_count,std_msgs/msg/Int32,78
1774014209.6325338,/metrics/pcl/fused/points_in,std_msgs/msg/Int32,39761
1774014209.6326015,/metrics/pcl/fused/processing_ms,std_msgs/msg/Float32,133.47496032714844
1774014209.862853,/metrics/pcl/fused/detections_count,std_msgs/msg/Int32,77
1774014209.8629847,/metrics/pcl/fused/points_in,std_msgs/msg/Int32,39520
1774014209.8630908,/metrics/pcl/fused/processing_ms,std_msgs/msg/Float32,133.9116973876953
1774014210.0930004,/metrics/pcl/fused/detections_count,std_msgs/msg/Int32,75
1774014210.0931184,/metrics/pcl/fused/points_in,std_msgs/msg/Int32,39319
1774014210.0931888,/metrics/pcl/fused/processing_ms,std_msgs/msg/Float32,132.43605041503906
1774014210.5501595,/metrics/pcl/fused/detections_count,std_msgs/msg/Int32,77
1774014210.5502715,/metrics/pcl/fused/points_in,std_msgs/msg/Int32,38890
1774014210.5503337,/metrics/pcl/fused/processing_ms,std_msgs/msg/Float32,129.47434997558594
1774014210.7791624,/metrics/pcl/fused/detections_count,std_msgs/msg/Int32,80
1774014210.7792747,/metrics/pcl/fused/points_in,std_msgs/msg/Int32,38593
1774014210.7793376,/metrics/pcl/fused/processing_ms,std_msgs/msg/Float32,128.0262908935547
1774014211.24107,/metrics/pcl/fused/detections_count,std_msgs/msg/Int32,70
1774014211.2411668,/metrics/pcl/fused/points_in,std_msgs/msg/Int32,38339
1774014211.2412362,/metrics/pcl/fused/processing_ms,std_msgs/msg/Float32,128.28358459472656
1774014211.472908,/metrics/pcl/fused/detections_count,std_msgs/msg/Int32,70
1774014211.473027,/metrics/pcl/fused/points_in,std_msgs/msg/Int32,38382
1774014211.473092,/metrics/pcl/fused/processing_ms,std_msgs/msg/Float32,130.24732971191406
1774014211.708633,/metrics/pcl/fused/detections_count,std_msgs/msg/Int32,75
1774014211.7087436,/metrics/pcl/fused/points_in,std_msgs/msg/Int32,39596
1774014211.7088075,/metrics/pcl/fused/processing_ms,std_msgs/msg/Float32,132.3015899658203
1774014211.9422324,/metrics/pcl/fused/detections_count,std_msgs/msg/Int32,75
1774014211.9423475,/metrics/pcl/fused/points_in,std_msgs/msg/Int32,39399
1774014211.942413,/metrics/pcl/fused/processing_ms,std_msgs/msg/Float32,132.07666015625
1774014212.181277,/metrics/pcl/fused/detections_count,std_msgs/msg/Int32,75
1774014212.181387,/metrics/pcl/fused/points_in,std_msgs/msg/Int32,39416
1774014212.181452,/metrics/pcl/fused/processing_ms,std_msgs/msg/Float32,133.2122344970703
1774014212.4136684,/metrics/pcl/fused/detections_count,std_msgs/msg/Int32,76
1774014212.4137702,/metrics/pcl/fused/points_in,std_msgs/msg/Int32,39429
1774014212.4138253,/metrics/pcl/fused/processing_ms,std_msgs/msg/Float32,132.7415313720703
1774014212.6509871,/metrics/pcl/fused/detections_count,std_msgs/msg/Int32,74
1774014212.6510966,/metrics/pcl/fused/points_in,std_msgs/msg/Int32,39610
1774014212.6511593,/metrics/pcl/fused/processing_ms,std_msgs/msg/Float32,136.57420349121094
1774014212.8894062,/metrics/pcl/fused/detections_count,std_msgs/msg/Int32,74
1774014212.889517,/metrics/pcl/fused/points_in,std_msgs/msg/Int32,39908
1774014212.8895879,/metrics/pcl/fused/processing_ms,std_msgs/msg/Float32,135.1250457763672
1774014213.1311967,/metrics/pcl/fused/detections_count,std_msgs/msg/Int32,77
1774014213.131305,/metrics/pcl/fused/points_in,std_msgs/msg/Int32,40484
1774014213.1313672,/metrics/pcl/fused/processing_ms,std_msgs/msg/Float32,138.2964630126953
1774014213.6169627,/metrics/pcl/fused/detections_count,std_msgs/msg/Int32,79
1774014213.6170812,/metrics/pcl/fused/points_in,std_msgs/msg/Int32,40509
1774014213.6171527,/metrics/pcl/fused/processing_ms,std_msgs/msg/Float32,135.24037170410156
1774014213.8590755,/metrics/pcl/fused/detections_count,std_msgs/msg/Int32,75
1774014213.8591952,/metrics/pcl/fused/points_in,std_msgs/msg/Int32,40497
1774014213.8592684,/metrics/pcl/fused/processing_ms,std_msgs/msg/Float32,138.32933044433594
1774014214.0972905,/metrics/pcl/fused/detections_count,std_msgs/msg/Int32,78
1774014214.0974007,/metrics/pcl/fused/points_in,std_msgs/msg/Int32,40575
1774014214.0974636,/metrics/pcl/fused/processing_ms,std_msgs/msg/Float32,137.9649200439453
1774014214.8108475,/metrics/pcl/fused/detections_count,std_msgs/msg/Int32,74
1774014214.8109772,/metrics/pcl/fused/points_in,std_msgs/msg/Int32,39858
1774014214.8110502,/metrics/pcl/fused/processing_ms,std_msgs/msg/Float32,134.45391845703125
1774014215.0474882,/metrics/pcl/fused/detections_count,std_msgs/msg/Int32,82
1774014215.0476217,/metrics/pcl/fused/points_in,std_msgs/msg/Int32,39847
1774014215.0476956,/metrics/pcl/fused/processing_ms,std_msgs/msg/Float32,132.77040100097656
1774014215.283947,/metrics/pcl/fused/detections_count,std_msgs/msg/Int32,71
1774014215.2840557,/metrics/pcl/fused/points_in,std_msgs/msg/Int32,39536
1774014215.2841244,/metrics/pcl/fused/processing_ms,std_msgs/msg/Float32,130.3667755126953
1774014215.5208414,/metrics/pcl/fused/detections_count,std_msgs/msg/Int32,75
1774014215.5209684,/metrics/pcl/fused/points_in,std_msgs/msg/Int32,39070
1774014215.5210352,/metrics/pcl/fused/processing_ms,std_msgs/msg/Float32,131.0084228515625
1774014215.761103,/metrics/pcl/fused/detections_count,std_msgs/msg/Int32,70
1774014215.7612002,/metrics/pcl/fused/points_in,std_msgs/msg/Int32,38474
1774014215.761252,/metrics/pcl/fused/processing_ms,std_msgs/msg/Float32,132.09402465820312
1774014215.9992297,/metrics/pcl/fused/detections_count,std_msgs/msg/Int32,70
1774014215.9993403,/metrics/pcl/fused/points_in,std_msgs/msg/Int32,38255
1774014215.9994018,/metrics/pcl/fused/processing_ms,std_msgs/msg/Float32,130.7821502685547
1774014216.2353077,/metrics/pcl/fused/detections_count,std_msgs/msg/Int32,72
1774014216.2354224,/metrics/pcl/fused/points_in,std_msgs/msg/Int32,38171
1774014216.235485,/metrics/pcl/fused/processing_ms,std_msgs/msg/Float32,127.19786834716797
1774014216.4727724,/metrics/pcl/fused/detections_count,std_msgs/msg/Int32,71
1774014216.4728928,/metrics/pcl/fused/points_in,std_msgs/msg/Int32,38347
1774014216.472964,/metrics/pcl/fused/processing_ms,std_msgs/msg/Float32,128.95220947265625
1774014216.7110076,/metrics/pcl/fused/detections_count,std_msgs/msg/Int32,75
1774014216.7111294,/metrics/pcl/fused/points_in,std_msgs/msg/Int32,38724
1774014216.711187,/metrics/pcl/fused/processing_ms,std_msgs/msg/Float32,127.72333526611328
1774014216.9552348,/metrics/pcl/fused/detections_count,std_msgs/msg/Int32,79
1774014216.95535,/metrics/pcl/fused/points_in,std_msgs/msg/Int32,39615
1774014216.9554162,/metrics/pcl/fused/processing_ms,std_msgs/msg/Float32,131.3299102783203
1774014217.1989849,/metrics/pcl/fused/detections_count,std_msgs/msg/Int32,76
1774014217.1990848,/metrics/pcl/fused/points_in,std_msgs/msg/Int32,40186
1774014217.1991487,/metrics/pcl/fused/processing_ms,std_msgs/msg/Float32,133.90756225585938
1774014217.6751983,/metrics/pcl/fused/detections_count,std_msgs/msg/Int32,77
1774014217.6753175,/metrics/pcl/fused/points_in,std_msgs/msg/Int32,40230
1774014217.675382,/metrics/pcl/fused/processing_ms,std_msgs/msg/Float32,133.39047241210938
1774014218.1548986,/metrics/pcl/fused/detections_count,std_msgs/msg/Int32,70
1774014218.1550272,/metrics/pcl/fused/points_in,std_msgs/msg/Int32,39990
1774014218.1550922,/metrics/pcl/fused/processing_ms,std_msgs/msg/Float32,132.0104522705078
1774014218.6299295,/metrics/pcl/fused/detections_count,std_msgs/msg/Int32,77
1774014218.630029,/metrics/pcl/fused/points_in,std_msgs/msg/Int32,37922
1774014218.6300812,/metrics/pcl/fused/processing_ms,std_msgs/msg/Float32,130.42547607421875
1774014218.8733318,/metrics/pcl/fused/detections_count,std_msgs/msg/Int32,77
1774014218.8734415,/metrics/pcl/fused/points_in,std_msgs/msg/Int32,38159
1774014218.8735137,/metrics/pcl/fused/processing_ms,std_msgs/msg/Float32,130.91465759277344
1774014219.1215281,/metrics/pcl/fused/detections_count,std_msgs/msg/Int32,79
1774014219.121638,/metrics/pcl/fused/points_in,std_msgs/msg/Int32,38644
1774014219.1217031,/metrics/pcl/fused/processing_ms,std_msgs/msg/Float32,132.76731872558594
1774014219.5947497,/metrics/pcl/fused/detections_count,std_msgs/msg/Int32,76
1774014219.594851,/metrics/pcl/fused/points_in,std_msgs/msg/Int32,38082
1774014219.5949223,/metrics/pcl/fused/processing_ms,std_msgs/msg/Float32,127.11103057861328
1774014219.8252316,/metrics/pcl/fused/detections_count,std_msgs/msg/Int32,72
1774014219.8253522,/metrics/pcl/fused/points_in,std_msgs/msg/Int32,37116
1774014219.825426,/metrics/pcl/fused/processing_ms,std_msgs/msg/Float32,121.37291717529297
1774014220.0652158,/metrics/pcl/fused/detections_count,std_msgs/msg/Int32,78
1774014220.0653412,/metrics/pcl/fused/points_in,std_msgs/msg/Int32,37665
1774014220.065408,/metrics/pcl/fused/processing_ms,std_msgs/msg/Float32,124.870361328125
1774014220.3093798,/metrics/pcl/fused/detections_count,std_msgs/msg/Int32,77
1774014220.3094997,/metrics/pcl/fused/points_in,std_msgs/msg/Int32,38120
1774014220.309563,/metrics/pcl/fused/processing_ms,std_msgs/msg/Float32,129.6252899169922
1774014220.5388947,/metrics/pcl/fused/detections_count,std_msgs/msg/Int32,77
1774014220.539008,/metrics/pcl/fused/points_in,std_msgs/msg/Int32,38124
1774014220.5390723,/metrics/pcl/fused/processing_ms,std_msgs/msg/Float32,123.44303894042969
1774014220.7826853,/metrics/pcl/fused/detections_count,std_msgs/msg/Int32,77
1774014220.7828403,/metrics/pcl/fused/points_in,std_msgs/msg/Int32,37950
1774014220.7829251,/metrics/pcl/fused/processing_ms,std_msgs/msg/Float32,125.95386505126953
1774014221.0188382,/metrics/pcl/fused/detections_count,std_msgs/msg/Int32,78
1774014221.018961,/metrics/pcl/fused/points_in,std_msgs/msg/Int32,37615
1774014221.0190299,/metrics/pcl/fused/processing_ms,std_msgs/msg/Float32,123.27102661132812
1774014221.2654736,/metrics/pcl/fused/detections_count,std_msgs/msg/Int32,79
1774014221.2655835,/metrics/pcl/fused/points_in,std_msgs/msg/Int32,38339
1774014221.265653,/metrics/pcl/fused/processing_ms,std_msgs/msg/Float32,126.11966705322266
1774014221.5070584,/metrics/pcl/fused/detections_count,std_msgs/msg/Int32,75
1774014221.5071692,/metrics/pcl/fused/points_in,std_msgs/msg/Int32,38377
1774014221.507236,/metrics/pcl/fused/processing_ms,std_msgs/msg/Float32,124.49651336669922
1774014221.9861147,/metrics/pcl/fused/detections_count,std_msgs/msg/Int32,77
1774014221.9862278,/metrics/pcl/fused/points_in,std_msgs/msg/Int32,37531
1774014221.9862978,/metrics/pcl/fused/processing_ms,std_msgs/msg/Float32,121.89364624023438
1774014222.432658,/metrics/pcl/fused/detections_count,std_msgs/msg/Int32,73
1774014222.4327698,/metrics/pcl/fused/points_in,std_msgs/msg/Int32,37922
1774014222.4328344,/metrics/pcl/fused/processing_ms,std_msgs/msg/Float32,122.72333526611328
1774014222.6571531,/metrics/pcl/fused/detections_count,std_msgs/msg/Int32,79
1774014222.6572769,/metrics/pcl/fused/points_in,std_msgs/msg/Int32,38018
1774014222.65735,/metrics/pcl/fused/processing_ms,std_msgs/msg/Float32,124.86658477783203
1774014222.884294,/metrics/pcl/fused/detections_count,std_msgs/msg/Int32,78
1774014222.8844082,/metrics/pcl/fused/points_in,std_msgs/msg/Int32,38118
1774014222.884477,/metrics/pcl/fused/processing_ms,std_msgs/msg/Float32,125.45452117919922
1774014223.1027675,/metrics/pcl/fused/detections_count,std_msgs/msg/Int32,80
1774014223.1028914,/metrics/pcl/fused/points_in,std_msgs/msg/Int32,38084
1774014223.1029608,/metrics/pcl/fused/processing_ms,std_msgs/msg/Float32,122.13639831542969
1774014223.3209722,/metrics/pcl/fused/detections_count,std_msgs/msg/Int32,78
1774014223.3210833,/metrics/pcl/fused/points_in,std_msgs/msg/Int32,37695
1774014223.321149,/metrics/pcl/fused/processing_ms,std_msgs/msg/Float32,118.05046081542969
1774014223.546055,/metrics/pcl/fused/detections_count,std_msgs/msg/Int32,85
1774014223.5462017,/metrics/pcl/fused/points_in,std_msgs/msg/Int32,38381
1774014223.5462675,/metrics/pcl/fused/processing_ms,std_msgs/msg/Float32,121.77294158935547
1774014223.7655406,/metrics/pcl/fused/detections_count,std_msgs/msg/Int32,86
1774014223.7656343,/metrics/pcl/fused/points_in,std_msgs/msg/Int32,37744
1774014223.7656896,/metrics/pcl/fused/processing_ms,std_msgs/msg/Float32,119.90110778808594
1774014223.9872668,/metrics/pcl/fused/detections_count,std_msgs/msg/Int32,83
1774014223.987382,/metrics/pcl/fused/points_in,std_msgs/msg/Int32,37394
1774014223.991344,/metrics/pcl/fused/processing_ms,std_msgs/msg/Float32,118.69328308105469
1774014224.2097797,/metrics/pcl/fused/detections_count,std_msgs/msg/Int32,76
1774014224.2099001,/metrics/pcl/fused/points_in,std_msgs/msg/Int32,36858
1774014224.2099724,/metrics/pcl/fused/processing_ms,std_msgs/msg/Float32,118.5914077758789
1774014224.4356048,/metrics/pcl/fused/detections_count,std_msgs/msg/Int32,72
1774014224.435727,/metrics/pcl/fused/points_in,std_msgs/msg/Int32,37190
1774014224.4357953,/metrics/pcl/fused/processing_ms,std_msgs/msg/Float32,121.35147094726562
1774014224.656762,/metrics/pcl/fused/detections_count,std_msgs/msg/Int32,79
1774014224.6569047,/metrics/pcl/fused/points_in,std_msgs/msg/Int32,37352
1774014224.6569772,/metrics/pcl/fused/processing_ms,std_msgs/msg/Float32,119.28775787353516
1774014224.8815005,/metrics/pcl/fused/detections_count,std_msgs/msg/Int32,75
1774014224.8816214,/metrics/pcl/fused/points_in,std_msgs/msg/Int32,37132
1774014224.8816864,/metrics/pcl/fused/processing_ms,std_msgs/msg/Float32,120.01394653320312
1774014225.1058948,/metrics/pcl/fused/detections_count,std_msgs/msg/Int32,76
1774014225.1060085,/metrics/pcl/fused/points_in,std_msgs/msg/Int32,37523
1774014225.1060767,/metrics/pcl/fused/processing_ms,std_msgs/msg/Float32,119.0631332397461
1774014225.3323598,/metrics/pcl/fused/detections_count,std_msgs/msg/Int32,76
1774014225.3324697,/metrics/pcl/fused/points_in,std_msgs/msg/Int32,37757
1774014225.3325443,/metrics/pcl/fused/processing_ms,std_msgs/msg/Float32,121.0458755493164
1774014225.5594676,/metrics/pcl/fused/detections_count,std_msgs/msg/Int32,76
1774014225.5595777,/metrics/pcl/fused/points_in,std_msgs/msg/Int32,37979
1774014225.5596404,/metrics/pcl/fused/processing_ms,std_msgs/msg/Float32,123.68009185791016
1774014226.012394,/metrics/pcl/fused/detections_count,std_msgs/msg/Int32,80
1774014226.0124905,/metrics/pcl/fused/points_in,std_msgs/msg/Int32,38340
1774014226.0125442,/metrics/pcl/fused/processing_ms,std_msgs/msg/Float32,125.83018493652344
1774014226.2349453,/metrics/pcl/fused/detections_count,std_msgs/msg/Int32,69
1774014226.2350554,/metrics/pcl/fused/points_in,std_msgs/msg/Int32,38473
1774014226.2351165,/metrics/pcl/fused/processing_ms,std_msgs/msg/Float32,122.35712432861328
1774014226.4616752,/metrics/pcl/fused/detections_count,std_msgs/msg/Int32,77
1774014226.461789,/metrics/pcl/fused/points_in,std_msgs/msg/Int32,38524
1774014226.4618537,/metrics/pcl/fused/processing_ms,std_msgs/msg/Float32,123.62628173828125
1774014226.690091,/metrics/pcl/fused/detections_count,std_msgs/msg/Int32,72
1774014226.6902034,/metrics/pcl/fused/points_in,std_msgs/msg/Int32,38563
1774014226.690267,/metrics/pcl/fused/processing_ms,std_msgs/msg/Float32,123.364013671875
1774014226.9206533,/metrics/pcl/fused/detections_count,std_msgs/msg/Int32,75
1774014226.9207678,/metrics/pcl/fused/points_in,std_msgs/msg/Int32,38688
1774014226.9208362,/metrics/pcl/fused/processing_ms,std_msgs/msg/Float32,124.5659408569336
1774014227.3748217,/metrics/pcl/fused/detections_count,std_msgs/msg/Int32,78
1774014227.3749282,/metrics/pcl/fused/points_in,std_msgs/msg/Int32,38799
1774014227.3749855,/metrics/pcl/fused/processing_ms,std_msgs/msg/Float32,124.44379425048828
1774014227.6044924,/metrics/pcl/fused/detections_count,std_msgs/msg/Int32,73
1774014227.6046064,/metrics/pcl/fused/points_in,std_msgs/msg/Int32,38812
1774014227.6046708,/metrics/pcl/fused/processing_ms,std_msgs/msg/Float32,125.66168975830078
1774014227.8322232,/metrics/pcl/fused/detections_count,std_msgs/msg/Int32,76
1774014227.8323343,/metrics/pcl/fused/points_in,std_msgs/msg/Int32,38829
1774014227.8324027,/metrics/pcl/fused/processing_ms,std_msgs/msg/Float32,126.28852844238281
1774014228.0615933,/metrics/pcl/fused/detections_count,std_msgs/msg/Int32,76
1774014228.0617142,/metrics/pcl/fused/points_in,std_msgs/msg/Int32,38755
1774014228.0617862,/metrics/pcl/fused/processing_ms,std_msgs/msg/Float32,126.16302490234375
1774014228.2940617,/metrics/pcl/fused/detections_count,std_msgs/msg/Int32,76
1774014228.2941744,/metrics/pcl/fused/points_in,std_msgs/msg/Int32,38829
1774014228.2942367,/metrics/pcl/fused/processing_ms,std_msgs/msg/Float32,125.09374237060547
1774014228.5234137,/metrics/pcl/fused/detections_count,std_msgs/msg/Int32,82
1774014228.5235307,/metrics/pcl/fused/points_in,std_msgs/msg/Int32,38829
1774014228.5236099,/metrics/pcl/fused/processing_ms,std_msgs/msg/Float32,125.16765594482422
1774014228.9883263,/metrics/pcl/fused/detections_count,std_msgs/msg/Int32,75
1774014228.9884288,/metrics/pcl/fused/points_in,std_msgs/msg/Int32,38788
1774014228.9884896,/metrics/pcl/fused/processing_ms,std_msgs/msg/Float32,130.1226806640625
1774014229.213249,/metrics/pcl/fused/detections_count,std_msgs/msg/Int32,72
1774014229.213357,/metrics/pcl/fused/points_in,std_msgs/msg/Int32,38670
1774014229.2134182,/metrics/pcl/fused/processing_ms,std_msgs/msg/Float32,127.61310577392578
1774014229.670123,/metrics/pcl/fused/detections_count,std_msgs/msg/Int32,75
1774014229.6702483,/metrics/pcl/fused/points_in,std_msgs/msg/Int32,38616
1774014229.6703138,/metrics/pcl/fused/processing_ms,std_msgs/msg/Float32,129.10964965820312
1774014229.9011924,/metrics/pcl/fused/detections_count,std_msgs/msg/Int32,80
1774014229.9013047,/metrics/pcl/fused/points_in,std_msgs/msg/Int32,38508
1774014229.9013698,/metrics/pcl/fused/processing_ms,std_msgs/msg/Float32,123.01237487792969
1774014230.128621,/metrics/pcl/fused/detections_count,std_msgs/msg/Int32,78
1774014230.1287303,/metrics/pcl/fused/points_in,std_msgs/msg/Int32,38077
1774014230.1287928,/metrics/pcl/fused/processing_ms,std_msgs/msg/Float32,122.00770568847656
1774014230.5937555,/metrics/pcl/fused/detections_count,std_msgs/msg/Int32,77
1774014230.5938663,/metrics/pcl/fused/points_in,std_msgs/msg/Int32,37801
1774014230.593952,/metrics/pcl/fused/processing_ms,std_msgs/msg/Float32,128.19451904296875
1774014230.8231223,/metrics/pcl/fused/detections_count,std_msgs/msg/Int32,81
1774014230.8232808,/metrics/pcl/fused/points_in,std_msgs/msg/Int32,38434
1774014230.8233695,/metrics/pcl/fused/processing_ms,std_msgs/msg/Float32,124.14982604980469
1774014231.0564353,/metrics/pcl/fused/detections_count,std_msgs/msg/Int32,84
1774014231.0565257,/metrics/pcl/fused/points_in,std_msgs/msg/Int32,39209
1774014231.0565786,/metrics/pcl/fused/processing_ms,std_msgs/msg/Float32,125.6545639038086
1774014231.2866654,/metrics/pcl/fused/detections_count,std_msgs/msg/Int32,79
1774014231.2867725,/metrics/pcl/fused/points_in,std_msgs/msg/Int32,39064
1774014231.2868338,/metrics/pcl/fused/processing_ms,std_msgs/msg/Float32,126.53764343261719
1774014231.5176256,/metrics/pcl/fused/detections_count,std_msgs/msg/Int32,81
1774014231.5177739,/metrics/pcl/fused/points_in,std_msgs/msg/Int32,38816
1774014231.5178466,/metrics/pcl/fused/processing_ms,std_msgs/msg/Float32,126.97622680664062
1774014231.7526727,/metrics/pcl/fused/detections_count,std_msgs/msg/Int32,85
1774014231.7528183,/metrics/pcl/fused/points_in,std_msgs/msg/Int32,38921
1774014231.752897,/metrics/pcl/fused/processing_ms,std_msgs/msg/Float32,128.13694763183594
1774014231.9831893,/metrics/pcl/fused/detections_count,std_msgs/msg/Int32,83
1774014231.9833314,/metrics/pcl/fused/points_in,std_msgs/msg/Int32,39171
1774014231.9834025,/metrics/pcl/fused/processing_ms,std_msgs/msg/Float32,125.66812133789062
1774014232.44854,/metrics/pcl/fused/detections_count,std_msgs/msg/Int32,82
1774014232.4486494,/metrics/pcl/fused/points_in,std_msgs/msg/Int32,39676
1774014232.448702,/metrics/pcl/fused/processing_ms,std_msgs/msg/Float32,128.22012329101562
1774014232.6872616,/metrics/pcl/fused/detections_count,std_msgs/msg/Int32,81
1774014232.6873682,/metrics/pcl/fused/points_in,std_msgs/msg/Int32,40341
1774014232.6874306,/metrics/pcl/fused/processing_ms,std_msgs/msg/Float32,132.0259246826172
1774014232.9234796,/metrics/pcl/fused/detections_count,std_msgs/msg/Int32,82
1774014232.9235988,/metrics/pcl/fused/points_in,std_msgs/msg/Int32,40500
1774014232.9236648,/metrics/pcl/fused/processing_ms,std_msgs/msg/Float32,134.1428985595703
1774014233.1564715,/metrics/pcl/fused/detections_count,std_msgs/msg/Int32,84
1774014233.1565814,/metrics/pcl/fused/points_in,std_msgs/msg/Int32,40328
1774014233.1566432,/metrics/pcl/fused/processing_ms,std_msgs/msg/Float32,131.93360900878906
1774014233.3912702,/metrics/pcl/fused/detections_count,std_msgs/msg/Int32,86
1774014233.391414,/metrics/pcl/fused/points_in,std_msgs/msg/Int32,40128
1774014233.3915033,/metrics/pcl/fused/processing_ms,std_msgs/msg/Float32,130.66656494140625
1774014233.8670576,/metrics/pcl/fused/detections_count,std_msgs/msg/Int32,85
1774014233.8671634,/metrics/pcl/fused/points_in,std_msgs/msg/Int32,40102
1774014233.8672411,/metrics/pcl/fused/processing_ms,std_msgs/msg/Float32,136.53173828125
1774014234.580135,/metrics/pcl/fused/detections_count,std_msgs/msg/Int32,91
1774014234.5802398,/metrics/pcl/fused/points_in,std_msgs/msg/Int32,40380
1774014234.5802941,/metrics/pcl/fused/processing_ms,std_msgs/msg/Float32,137.57435607910156
1774014234.81815,/metrics/pcl/fused/detections_count,std_msgs/msg/Int32,81
1774014234.8182464,/metrics/pcl/fused/points_in,std_msgs/msg/Int32,40217
1774014234.8183055,/metrics/pcl/fused/processing_ms,std_msgs/msg/Float32,134.42198181152344
1774014235.061539,/metrics/pcl/fused/detections_count,std_msgs/msg/Int32,88
1774014235.0616505,/metrics/pcl/fused/points_in,std_msgs/msg/Int32,40405
1774014235.0617142,/metrics/pcl/fused/processing_ms,std_msgs/msg/Float32,136.29922485351562
1774014235.5495663,/metrics/pcl/fused/detections_count,std_msgs/msg/Int32,87
1774014235.5496662,/metrics/pcl/fused/points_in,std_msgs/msg/Int32,40056
1774014235.5497184,/metrics/pcl/fused/processing_ms,std_msgs/msg/Float32,135.44924926757812
1774014235.7918584,/metrics/pcl/fused/detections_count,std_msgs/msg/Int32,89
1774014235.7919898,/metrics/pcl/fused/points_in,std_msgs/msg/Int32,39973
1774014235.7920544,/metrics/pcl/fused/processing_ms,std_msgs/msg/Float32,133.74415588378906
1774014236.0294921,/metrics/pcl/fused/detections_count,std_msgs/msg/Int32,91
1774014236.029601,/metrics/pcl/fused/points_in,std_msgs/msg/Int32,40047
1774014236.029661,/metrics/pcl/fused/processing_ms,std_msgs/msg/Float32,132.31654357910156
1774014236.2719522,/metrics/pcl/fused/detections_count,std_msgs/msg/Int32,83
1774014236.272078,/metrics/pcl/fused/points_in,std_msgs/msg/Int32,40486
1774014236.272131,/metrics/pcl/fused/processing_ms,std_msgs/msg/Float32,136.25479125976562
1774014236.7484996,/metrics/pcl/fused/detections_count,std_msgs/msg/Int32,80
1774014236.7486415,/metrics/pcl/fused/points_in,std_msgs/msg/Int32,40588
1774014236.7487233,/metrics/pcl/fused/processing_ms,std_msgs/msg/Float32,138.38880920410156
1774014236.993964,/metrics/pcl/fused/detections_count,std_msgs/msg/Int32,78
1774014236.9940743,/metrics/pcl/fused/points_in,std_msgs/msg/Int32,40520
1774014236.9941363,/metrics/pcl/fused/processing_ms,std_msgs/msg/Float32,141.4008026123047
1774014237.7021573,/metrics/pcl/fused/detections_count,std_msgs/msg/Int32,86
1774014237.7023096,/metrics/pcl/fused/points_in,std_msgs/msg/Int32,40447
1774014237.702398,/metrics/pcl/fused/processing_ms,std_msgs/msg/Float32,139.03890991210938
1774014238.1813693,/metrics/pcl/fused/detections_count,std_msgs/msg/Int32,84
1774014238.1814942,/metrics/pcl/fused/points_in,std_msgs/msg/Int32,40428
1774014238.1815572,/metrics/pcl/fused/processing_ms,std_msgs/msg/Float32,137.98226928710938
1774014238.4266362,/metrics/pcl/fused/detections_count,std_msgs/msg/Int32,84
1774014238.4267433,/metrics/pcl/fused/points_in,std_msgs/msg/Int32,40474
1774014238.4268062,/metrics/pcl/fused/processing_ms,std_msgs/msg/Float32,142.44232177734375
1774014238.6612158,/metrics/pcl/fused/detections_count,std_msgs/msg/Int32,81
1774014238.6613274,/metrics/pcl/fused/points_in,std_msgs/msg/Int32,40520
1774014238.661391,/metrics/pcl/fused/processing_ms,std_msgs/msg/Float32,138.29637145996094
1774014238.9035578,/metrics/pcl/fused/detections_count,std_msgs/msg/Int32,82
1774014238.9036667,/metrics/pcl/fused/points_in,std_msgs/msg/Int32,40500
1774014238.903731,/metrics/pcl/fused/processing_ms,std_msgs/msg/Float32,139.53689575195312
1774014239.1410367,/metrics/pcl/fused/detections_count,std_msgs/msg/Int32,84
1774014239.14115,/metrics/pcl/fused/points_in,std_msgs/msg/Int32,40584
1774014239.1412117,/metrics/pcl/fused/processing_ms,std_msgs/msg/Float32,136.73397827148438
1774014239.382629,/metrics/pcl/fused/detections_count,std_msgs/msg/Int32,84
1774014239.3827507,/metrics/pcl/fused/points_in,std_msgs/msg/Int32,40869
1774014239.382815,/metrics/pcl/fused/processing_ms,std_msgs/msg/Float32,138.88137817382812
1774014239.6225796,/metrics/pcl/fused/detections_count,std_msgs/msg/Int32,86
1774014239.6227047,/metrics/pcl/fused/points_in,std_msgs/msg/Int32,41050
1774014239.6227689,/metrics/pcl/fused/processing_ms,std_msgs/msg/Float32,139.27420043945312
1774014239.867556,/metrics/pcl/fused/detections_count,std_msgs/msg/Int32,77
1774014239.867676,/metrics/pcl/fused/points_in,std_msgs/msg/Int32,40748
1774014239.867747,/metrics/pcl/fused/processing_ms,std_msgs/msg/Float32,139.8172607421875
1774014240.3491004,/metrics/pcl/fused/detections_count,std_msgs/msg/Int32,80
1774014240.3492103,/metrics/pcl/fused/points_in,std_msgs/msg/Int32,40650
1774014240.3492737,/metrics/pcl/fused/processing_ms,std_msgs/msg/Float32,140.98013305664062
1774014240.5894084,/metrics/pcl/fused/detections_count,std_msgs/msg/Int32,79
1774014240.5895176,/metrics/pcl/fused/points_in,std_msgs/msg/Int32,40778
1774014240.5895796,/metrics/pcl/fused/processing_ms,std_msgs/msg/Float32,142.0977783203125
1774014241.0735674,/metrics/pcl/fused/detections_count,std_msgs/msg/Int32,76
1774014241.0737274,/metrics/pcl/fused/points_in,std_msgs/msg/Int32,40945
1774014241.073818,/metrics/pcl/fused/processing_ms,std_msgs/msg/Float32,142.3172149658203
1774014241.315596,/metrics/pcl/fused/detections_count,std_msgs/msg/Int32,83
1774014241.3157144,/metrics/pcl/fused/points_in,std_msgs/msg/Int32,41070
1774014241.3157914,/metrics/pcl/fused/processing_ms,std_msgs/msg/Float32,136.6088104248047
1774014241.5469882,/metrics/pcl/fused/detections_count,std_msgs/msg/Int32,75
1774014241.5471013,/metrics/pcl/fused/points_in,std_msgs/msg/Int32,41021
1774014241.5471694,/metrics/pcl/fused/processing_ms,std_msgs/msg/Float32,140.10581970214844
1774014242.003068,/metrics/pcl/fused/detections_count,std_msgs/msg/Int32,84
1774014242.003217,/metrics/pcl/fused/processing_ms,std_msgs/msg/Float32,141.96856689453125
1774014242.003476,/metrics/pcl/fused/points_in,std_msgs/msg/Int32,40837
1774014242.230093,/metrics/pcl/fused/detections_count,std_msgs/msg/Int32,81
1774014242.2302032,/metrics/pcl/fused/processing_ms,std_msgs/msg/Float32,138.7657928466797
1774014242.2304082,/metrics/pcl/fused/points_in,std_msgs/msg/Int32,40804
1774014242.4596667,/metrics/pcl/fused/detections_count,std_msgs/msg/Int32,75
1774014242.4597733,/metrics/pcl/fused/points_in,std_msgs/msg/Int32,40946
1774014242.4598355,/metrics/pcl/fused/processing_ms,std_msgs/msg/Float32,142.6339111328125
1774014243.1297514,/metrics/pcl/fused/detections_count,std_msgs/msg/Int32,79
1774014243.12986,/metrics/pcl/fused/points_in,std_msgs/msg/Int32,41084
1774014243.1299376,/metrics/pcl/fused/processing_ms,std_msgs/msg/Float32,139.2052764892578
1774014243.3555164,/metrics/pcl/fused/detections_count,std_msgs/msg/Int32,78
1774014243.3556242,/metrics/pcl/fused/points_in,std_msgs/msg/Int32,40996
1774014243.3556874,/metrics/pcl/fused/processing_ms,std_msgs/msg/Float32,138.8792266845703
1774014243.5848968,/metrics/pcl/fused/detections_count,std_msgs/msg/Int32,78
1774014243.585004,/metrics/pcl/fused/points_in,std_msgs/msg/Int32,41000
1774014243.5850658,/metrics/pcl/fused/processing_ms,std_msgs/msg/Float32,141.35491943359375
1774014243.8117638,/metrics/pcl/fused/detections_count,std_msgs/msg/Int32,77
1774014243.8118677,/metrics/pcl/fused/points_in,std_msgs/msg/Int32,40896
1774014243.811947,/metrics/pcl/fused/processing_ms,std_msgs/msg/Float32,141.18984985351562
1774014244.037432,/metrics/pcl/fused/detections_count,std_msgs/msg/Int32,82
1774014244.0375414,/metrics/pcl/fused/points_in,std_msgs/msg/Int32,40842
1774014244.0376062,/metrics/pcl/fused/processing_ms,std_msgs/msg/Float32,138.1195068359375
1774014244.4863207,/metrics/pcl/fused/detections_count,std_msgs/msg/Int32,81
1774014244.4864476,/metrics/pcl/fused/points_in,std_msgs/msg/Int32,40763
1774014244.4865282,/metrics/pcl/fused/processing_ms,std_msgs/msg/Float32,138.44151306152344
1774014244.7151372,/metrics/pcl/fused/detections_count,std_msgs/msg/Int32,88
1774014244.7152703,/metrics/pcl/fused/points_in,std_msgs/msg/Int32,40777
1774014244.715354,/metrics/pcl/fused/processing_ms,std_msgs/msg/Float32,139.29905700683594
1774014244.944653,/metrics/pcl/fused/detections_count,std_msgs/msg/Int32,82
1774014244.944772,/metrics/pcl/fused/points_in,std_msgs/msg/Int32,40667
1774014244.9448447,/metrics/pcl/fused/processing_ms,std_msgs/msg/Float32,139.11900329589844
1774014245.1748798,/metrics/pcl/fused/detections_count,std_msgs/msg/Int32,85
1774014245.1749964,/metrics/pcl/fused/points_in,std_msgs/msg/Int32,40493
1774014245.1750593,/metrics/pcl/fused/processing_ms,std_msgs/msg/Float32,137.77659606933594
1774014245.4025521,/metrics/pcl/fused/detections_count,std_msgs/msg/Int32,80
1774014245.4026687,/metrics/pcl/fused/points_in,std_msgs/msg/Int32,40524
1774014245.4027426,/metrics/pcl/fused/processing_ms,std_msgs/msg/Float32,138.60684204101562
1774014245.6304455,/metrics/pcl/fused/detections_count,std_msgs/msg/Int32,79
1774014245.6305594,/metrics/pcl/fused/points_in,std_msgs/msg/Int32,40509
1774014245.6306129,/metrics/pcl/fused/processing_ms,std_msgs/msg/Float32,138.7073516845703
1774014245.8587868,/metrics/pcl/fused/detections_count,std_msgs/msg/Int32,76
1774014245.8589008,/metrics/pcl/fused/points_in,std_msgs/msg/Int32,40663
1774014245.858958,/metrics/pcl/fused/processing_ms,std_msgs/msg/Float32,138.3356475830078
1774014246.0918376,/metrics/pcl/fused/detections_count,std_msgs/msg/Int32,85
1774014246.0919595,/metrics/pcl/fused/points_in,std_msgs/msg/Int32,40626
1774014246.092026,/metrics/pcl/fused/processing_ms,std_msgs/msg/Float32,143.59918212890625
1774014246.3169882,/metrics/pcl/fused/detections_count,std_msgs/msg/Int32,86
1774014246.3170948,/metrics/pcl/fused/points_in,std_msgs/msg/Int32,40774
1774014246.3171568,/metrics/pcl/fused/processing_ms,std_msgs/msg/Float32,139.95632934570312
1774014246.5433517,/metrics/pcl/fused/detections_count,std_msgs/msg/Int32,84
1774014246.5434606,/metrics/pcl/fused/points_in,std_msgs/msg/Int32,40731
1774014246.543536,/metrics/pcl/fused/processing_ms,std_msgs/msg/Float32,137.2717742919922
1774014246.777517,/metrics/pcl/fused/detections_count,std_msgs/msg/Int32,85
1774014246.7776468,/metrics/pcl/fused/points_in,std_msgs/msg/Int32,40612
1774014246.7777307,/metrics/pcl/fused/processing_ms,std_msgs/msg/Float32,139.24432373046875
1774014247.236154,/metrics/pcl/fused/detections_count,std_msgs/msg/Int32,85
1774014247.236264,/metrics/pcl/fused/points_in,std_msgs/msg/Int32,40457
1774014247.2363257,/metrics/pcl/fused/processing_ms,std_msgs/msg/Float32,136.3129425048828
1774014247.4682899,/metrics/pcl/fused/detections_count,std_msgs/msg/Int32,86
1774014247.4683871,/metrics/pcl/fused/points_in,std_msgs/msg/Int32,40512
1774014247.46844,/metrics/pcl/fused/processing_ms,std_msgs/msg/Float32,138.1437530517578
1774014247.7034073,/metrics/pcl/fused/detections_count,std_msgs/msg/Int32,79
1774014247.7035165,/metrics/pcl/fused/points_in,std_msgs/msg/Int32,40413
1774014247.7035787,/metrics/pcl/fused/processing_ms,std_msgs/msg/Float32,137.63519287109375
1774014247.9384341,/metrics/pcl/fused/detections_count,std_msgs/msg/Int32,84
1774014247.9385512,/metrics/pcl/fused/points_in,std_msgs/msg/Int32,40424
1774014247.9386144,/metrics/pcl/fused/processing_ms,std_msgs/msg/Float32,138.56179809570312
1774014248.1706269,/metrics/pcl/fused/detections_count,std_msgs/msg/Int32,86
1774014248.1707675,/metrics/pcl/fused/points_in,std_msgs/msg/Int32,40372
1774014248.1708605,/metrics/pcl/fused/processing_ms,std_msgs/msg/Float32,135.8558349609375
1774014248.4087217,/metrics/pcl/fused/detections_count,std_msgs/msg/Int32,85
1774014248.408841,/metrics/pcl/fused/points_in,std_msgs/msg/Int32,40247
1774014248.4089282,/metrics/pcl/fused/processing_ms,std_msgs/msg/Float32,138.09567260742188
1774014248.6398091,/metrics/pcl/fused/detections_count,std_msgs/msg/Int32,83
1774014248.6399355,/metrics/pcl/fused/points_in,std_msgs/msg/Int32,40124
1774014248.6400037,/metrics/pcl/fused/processing_ms,std_msgs/msg/Float32,137.10836791992188
1774014248.8701131,/metrics/pcl/fused/detections_count,std_msgs/msg/Int32,81
1774014248.87023,/metrics/pcl/fused/points_in,std_msgs/msg/Int32,40225
1774014248.8702936,/metrics/pcl/fused/processing_ms,std_msgs/msg/Float32,134.2548828125
1774014249.1111422,/metrics/pcl/fused/detections_count,std_msgs/msg/Int32,81
1774014249.1112635,/metrics/pcl/fused/points_in,std_msgs/msg/Int32,40076
1774014249.1113353,/metrics/pcl/fused/processing_ms,std_msgs/msg/Float32,138.46311950683594
1774014249.8125074,/metrics/pcl/fused/detections_count,std_msgs/msg/Int32,81
1774014249.8126225,/metrics/pcl/fused/points_in,std_msgs/msg/Int32,40075
1774014249.812689,/metrics/pcl/fused/processing_ms,std_msgs/msg/Float32,137.8505859375
1774014250.0474877,/metrics/pcl/fused/detections_count,std_msgs/msg/Int32,76
1774014250.047585,/metrics/pcl/fused/points_in,std_msgs/msg/Int32,40296
1774014250.04764,/metrics/pcl/fused/processing_ms,std_msgs/msg/Float32,136.9171600341797
1774014250.5207145,/metrics/pcl/fused/detections_count,std_msgs/msg/Int32,83
1774014250.5208144,/metrics/pcl/fused/points_in,std_msgs/msg/Int32,40758
1774014250.520884,/metrics/pcl/fused/processing_ms,std_msgs/msg/Float32,141.8285369873047
1774014250.75632,/metrics/pcl/fused/detections_count,std_msgs/msg/Int32,79
1774014250.7564316,/metrics/pcl/fused/points_in,std_msgs/msg/Int32,40793
1774014250.7564945,/metrics/pcl/fused/processing_ms,std_msgs/msg/Float32,139.3662872314453
1774014250.9923491,/metrics/pcl/fused/detections_count,std_msgs/msg/Int32,82
1774014250.9924464,/metrics/pcl/fused/points_in,std_msgs/msg/Int32,40843
1774014250.9925044,/metrics/pcl/fused/processing_ms,std_msgs/msg/Float32,140.76011657714844
1774014251.2285154,/metrics/pcl/fused/detections_count,std_msgs/msg/Int32,82
1774014251.228623,/metrics/pcl/fused/points_in,std_msgs/msg/Int32,40773
1774014251.2286837,/metrics/pcl/fused/processing_ms,std_msgs/msg/Float32,138.09857177734375
1774014251.4633284,/metrics/pcl/fused/detections_count,std_msgs/msg/Int32,86
1774014251.4634497,/metrics/pcl/fused/points_in,std_msgs/msg/Int32,40639
1774014251.4635088,/metrics/pcl/fused/processing_ms,std_msgs/msg/Float32,137.47705078125
1774014251.9519386,/metrics/pcl/fused/detections_count,std_msgs/msg/Int32,78
1774014251.9520562,/metrics/pcl/fused/points_in,std_msgs/msg/Int32,40560
1774014251.952127,/metrics/pcl/fused/processing_ms,std_msgs/msg/Float32,140.53048706054688
1774014252.1970837,/metrics/pcl/fused/detections_count,std_msgs/msg/Int32,78
1774014252.1971936,/metrics/pcl/fused/points_in,std_msgs/msg/Int32,40685
1774014252.197256,/metrics/pcl/fused/processing_ms,std_msgs/msg/Float32,138.76170349121094
1774014252.6733835,/metrics/pcl/fused/detections_count,std_msgs/msg/Int32,79
1774014252.6734846,/metrics/pcl/fused/points_in,std_msgs/msg/Int32,40307
1774014252.673545,/metrics/pcl/fused/processing_ms,std_msgs/msg/Float32,137.737060546875
1774014252.9170644,/metrics/pcl/fused/detections_count,std_msgs/msg/Int32,84
1774014252.9171677,/metrics/pcl/fused/points_in,std_msgs/msg/Int32,40251
1774014252.9172282,/metrics/pcl/fused/processing_ms,std_msgs/msg/Float32,139.5229034423828
1774014253.1573954,/metrics/pcl/fused/detections_count,std_msgs/msg/Int32,84
1774014253.157511,/metrics/pcl/fused/points_in,std_msgs/msg/Int32,40132
1774014253.1575768,/metrics/pcl/fused/processing_ms,std_msgs/msg/Float32,136.66580200195312
1774014253.632078,/metrics/pcl/fused/detections_count,std_msgs/msg/Int32,86
1774014253.632191,/metrics/pcl/fused/points_in,std_msgs/msg/Int32,39933
1774014253.6322613,/metrics/pcl/fused/processing_ms,std_msgs/msg/Float32,131.05044555664062
1774014253.8816485,/metrics/pcl/fused/detections_count,std_msgs/msg/Int32,76
1774014253.8817625,/metrics/pcl/fused/points_in,std_msgs/msg/Int32,40076
1774014253.8818285,/metrics/pcl/fused/processing_ms,std_msgs/msg/Float32,135.03338623046875
1774014254.1238449,/metrics/pcl/fused/detections_count,std_msgs/msg/Int32,79
1774014254.1239555,/metrics/pcl/fused/points_in,std_msgs/msg/Int32,40174
1774014254.1279645,/metrics/pcl/fused/processing_ms,std_msgs/msg/Float32,134.1822509765625
1774014254.3685422,/metrics/pcl/fused/detections_count,std_msgs/msg/Int32,82
1774014254.3686614,/metrics/pcl/fused/points_in,std_msgs/msg/Int32,39981
1774014254.368728,/metrics/pcl/fused/processing_ms,std_msgs/msg/Float32,132.54025268554688
1774014254.6169055,/metrics/pcl/fused/detections_count,std_msgs/msg/Int32,91
1774014254.6170566,/metrics/pcl/fused/points_in,std_msgs/msg/Int32,39783
1774014254.6171238,/metrics/pcl/fused/processing_ms,std_msgs/msg/Float32,133.8315887451172
1774014254.85886,/metrics/pcl/fused/detections_count,std_msgs/msg/Int32,76
1774014254.859,/metrics/pcl/fused/points_in,std_msgs/msg/Int32,39093
1774014254.8590705,/metrics/pcl/fused/processing_ms,std_msgs/msg/Float32,133.62258911132812
1774014255.1040282,/metrics/pcl/fused/detections_count,std_msgs/msg/Int32,80
1774014255.1041641,/metrics/pcl/fused/points_in,std_msgs/msg/Int32,39601
1774014255.1042678,/metrics/pcl/fused/processing_ms,std_msgs/msg/Float32,133.05613708496094
1774014255.5831308,/metrics/pcl/fused/detections_count,std_msgs/msg/Int32,83
1774014255.5832415,/metrics/pcl/fused/points_in,std_msgs/msg/Int32,38858
1774014255.5833044,/metrics/pcl/fused/processing_ms,std_msgs/msg/Float32,127.4921646118164
1774014255.8249679,/metrics/pcl/fused/detections_count,std_msgs/msg/Int32,85
1774014255.8250823,/metrics/pcl/fused/points_in,std_msgs/msg/Int32,38450
1774014255.8251362,/metrics/pcl/fused/processing_ms,std_msgs/msg/Float32,124.450439453125
1774014256.070085,/metrics/pcl/fused/detections_count,std_msgs/msg/Int32,83
1774014256.0702634,/metrics/pcl/fused/points_in,std_msgs/msg/Int32,38207
1774014256.0703976,/metrics/pcl/fused/processing_ms,std_msgs/msg/Float32,129.05856323242188
1774014256.3080704,/metrics/pcl/fused/detections_count,std_msgs/msg/Int32,79
1774014256.308183,/metrics/pcl/fused/points_in,std_msgs/msg/Int32,37768
1774014256.3082464,/metrics/pcl/fused/processing_ms,std_msgs/msg/Float32,123.57984924316406
1774014256.548469,/metrics/pcl/fused/detections_count,std_msgs/msg/Int32,77
1774014256.5485764,/metrics/pcl/fused/points_in,std_msgs/msg/Int32,37914
1774014256.54865,/metrics/pcl/fused/processing_ms,std_msgs/msg/Float32,125.71694946289062
1774014256.7973425,/metrics/pcl/fused/detections_count,std_msgs/msg/Int32,72
1774014256.7974596,/metrics/pcl/fused/points_in,std_msgs/msg/Int32,38438
1774014256.7975197,/metrics/pcl/fused/processing_ms,std_msgs/msg/Float32,130.68521118164062
1774014257.0411656,/metrics/pcl/fused/detections_count,std_msgs/msg/Int32,81
1774014257.0412846,/metrics/pcl/fused/points_in,std_msgs/msg/Int32,38397
1774014257.0413473,/metrics/pcl/fused/processing_ms,std_msgs/msg/Float32,129.9239501953125
1774014257.5326238,/metrics/pcl/fused/detections_count,std_msgs/msg/Int32,79
1774014257.5327365,/metrics/pcl/fused/points_in,std_msgs/msg/Int32,38836
1774014257.5328026,/metrics/pcl/fused/processing_ms,std_msgs/msg/Float32,134.3998565673828
1774014257.7849722,/metrics/pcl/fused/detections_count,std_msgs/msg/Int32,91
1774014257.785096,/metrics/pcl/fused/points_in,std_msgs/msg/Int32,39129
1774014257.7851663,/metrics/pcl/fused/processing_ms,std_msgs/msg/Float32,131.2058563232422
1774014258.5059102,/metrics/pcl/fused/detections_count,std_msgs/msg/Int32,83
1774014258.5060658,/metrics/pcl/fused/points_in,std_msgs/msg/Int32,38978
1774014258.5061436,/metrics/pcl/fused/processing_ms,std_msgs/msg/Float32,130.45533752441406
1774014258.7485962,/metrics/pcl/fused/detections_count,std_msgs/msg/Int32,90
1774014258.7487323,/metrics/pcl/fused/points_in,std_msgs/msg/Int32,38937
1774014258.7488031,/metrics/pcl/fused/processing_ms,std_msgs/msg/Float32,129.46237182617188
1774014258.992993,/metrics/pcl/fused/detections_count,std_msgs/msg/Int32,81
1774014258.9930918,/metrics/pcl/fused/points_in,std_msgs/msg/Int32,38858
1774014258.993146,/metrics/pcl/fused/processing_ms,std_msgs/msg/Float32,128.9180450439453
1774014259.2349896,/metrics/pcl/fused/detections_count,std_msgs/msg/Int32,83
1774014259.2350867,/metrics/pcl/fused/points_in,std_msgs/msg/Int32,38825
1774014259.235165,/metrics/pcl/fused/processing_ms,std_msgs/msg/Float32,128.75396728515625
1774014259.4756322,/metrics/pcl/fused/detections_count,std_msgs/msg/Int32,80
1774014259.4757435,/metrics/pcl/fused/points_in,std_msgs/msg/Int32,38742
1774014259.4758062,/metrics/pcl/fused/processing_ms,std_msgs/msg/Float32,127.81156921386719
1774014259.9591708,/metrics/pcl/fused/detections_count,std_msgs/msg/Int32,83
1774014259.9592915,/metrics/pcl/fused/points_in,std_msgs/msg/Int32,38795
1774014259.9593701,/metrics/pcl/fused/processing_ms,std_msgs/msg/Float32,126.9354476928711
1774014260.2021253,/metrics/pcl/fused/detections_count,std_msgs/msg/Int32,80
1774014260.202243,/metrics/pcl/fused/points_in,std_msgs/msg/Int32,38630
1774014260.2023158,/metrics/pcl/fused/processing_ms,std_msgs/msg/Float32,127.89955139160156
1774014260.4438653,/metrics/pcl/fused/detections_count,std_msgs/msg/Int32,84
1774014260.4439728,/metrics/pcl/fused/points_in,std_msgs/msg/Int32,38395
1774014260.4440255,/metrics/pcl/fused/processing_ms,std_msgs/msg/Float32,128.7291259765625
1774014260.684432,/metrics/pcl/fused/detections_count,std_msgs/msg/Int32,83
1774014260.6845412,/metrics/pcl/fused/points_in,std_msgs/msg/Int32,38385
1774014260.6846077,/metrics/pcl/fused/processing_ms,std_msgs/msg/Float32,127.70004272460938
1774014260.9346411,/metrics/pcl/fused/detections_count,std_msgs/msg/Int32,83
1774014260.9347568,/metrics/pcl/fused/points_in,std_msgs/msg/Int32,38591
1774014260.934821,/metrics/pcl/fused/processing_ms,std_msgs/msg/Float32,129.65283203125
1774014261.1680784,/metrics/pcl/fused/detections_count,std_msgs/msg/Int32,79
1774014261.1681886,/metrics/pcl/fused/points_in,std_msgs/msg/Int32,38946
1774014261.1682506,/metrics/pcl/fused/processing_ms,std_msgs/msg/Float32,130.9524383544922
1774014262.0662606,/metrics/pcl/fused/detections_count,std_msgs/msg/Int32,81
1774014262.0663793,/metrics/pcl/fused/processing_ms,std_msgs/msg/Float32,130.82301330566406
1774014262.0665889,/metrics/pcl/fused/points_in,std_msgs/msg/Int32,38957
1774014262.5161695,/metrics/pcl/fused/detections_count,std_msgs/msg/Int32,80
1774014262.516287,/metrics/pcl/fused/points_in,std_msgs/msg/Int32,39222
1774014262.5163546,/metrics/pcl/fused/processing_ms,std_msgs/msg/Float32,131.6576385498047
1774014263.6516957,/metrics/pcl/fused/detections_count,std_msgs/msg/Int32,81
1774014263.6517963,/metrics/pcl/fused/points_in,std_msgs/msg/Int32,39205
1774014263.6518626,/metrics/pcl/fused/processing_ms,std_msgs/msg/Float32,133.64280700683594
1774014263.8772726,/metrics/pcl/fused/detections_count,std_msgs/msg/Int32,84
1774014263.8774433,/metrics/pcl/fused/points_in,std_msgs/msg/Int32,39110
1774014263.8775513,/metrics/pcl/fused/processing_ms,std_msgs/msg/Float32,129.7932586669922
1774014264.107634,/metrics/pcl/fused/detections_count,std_msgs/msg/Int32,85
1774014264.107757,/metrics/pcl/fused/points_in,std_msgs/msg/Int32,38767
1774014264.107821,/metrics/pcl/fused/processing_ms,std_msgs/msg/Float32,129.6904296875
1774014264.327988,/metrics/pcl/fused/detections_count,std_msgs/msg/Int32,81
1774014264.3281298,/metrics/pcl/fused/points_in,std_msgs/msg/Int32,38373
1774014264.3281963,/metrics/pcl/fused/processing_ms,std_msgs/msg/Float32,127.3375015258789
1774014264.5552769,/metrics/pcl/fused/detections_count,std_msgs/msg/Int32,83
1774014264.5553944,/metrics/pcl/fused/points_in,std_msgs/msg/Int32,38085
1774014264.55547,/metrics/pcl/fused/processing_ms,std_msgs/msg/Float32,128.99795532226562
1774014264.7781675,/metrics/pcl/fused/detections_count,std_msgs/msg/Int32,80
1774014264.7782722,/metrics/pcl/fused/points_in,std_msgs/msg/Int32,38214
1774014264.7783334,/metrics/pcl/fused/processing_ms,std_msgs/msg/Float32,128.25621032714844
1774014265.0031211,/metrics/pcl/fused/detections_count,std_msgs/msg/Int32,81
1774014265.003232,/metrics/pcl/fused/points_in,std_msgs/msg/Int32,37698
1774014265.0032947,/metrics/pcl/fused/processing_ms,std_msgs/msg/Float32,125.76097869873047
1774014265.2297583,/metrics/pcl/fused/detections_count,std_msgs/msg/Int32,74
1774014265.229892,/metrics/pcl/fused/points_in,std_msgs/msg/Int32,37680
1774014265.2299604,/metrics/pcl/fused/processing_ms,std_msgs/msg/Float32,126.12214660644531
1774014265.447467,/metrics/pcl/fused/detections_count,std_msgs/msg/Int32,82
1774014265.447597,/metrics/pcl/fused/points_in,std_msgs/msg/Int32,36532
1774014265.4476597,/metrics/pcl/fused/processing_ms,std_msgs/msg/Float32,119.92932891845703
1774014265.67616,/metrics/pcl/fused/detections_count,std_msgs/msg/Int32,75
1774014265.67627,/metrics/pcl/fused/points_in,std_msgs/msg/Int32,36645
1774014265.6763341,/metrics/pcl/fused/processing_ms,std_msgs/msg/Float32,122.22771453857422
1774014265.905719,/metrics/pcl/fused/detections_count,std_msgs/msg/Int32,88
1774014265.9058342,/metrics/pcl/fused/points_in,std_msgs/msg/Int32,37645
1774014265.905908,/metrics/pcl/fused/processing_ms,std_msgs/msg/Float32,124.19625091552734
1774014266.3610303,/metrics/pcl/fused/detections_count,std_msgs/msg/Int32,77
1774014266.3611453,/metrics/pcl/fused/points_in,std_msgs/msg/Int32,37446
1774014266.3612206,/metrics/pcl/fused/processing_ms,std_msgs/msg/Float32,124.79580688476562
1774014266.589394,/metrics/pcl/fused/detections_count,std_msgs/msg/Int32,83
1774014266.589506,/metrics/pcl/fused/points_in,std_msgs/msg/Int32,37532
1774014266.5895605,/metrics/pcl/fused/processing_ms,std_msgs/msg/Float32,127.02230072021484
1774014266.8165493,/metrics/pcl/fused/detections_count,std_msgs/msg/Int32,81
1774014266.8166637,/metrics/pcl/fused/points_in,std_msgs/msg/Int32,37480
1774014266.8167267,/metrics/pcl/fused/processing_ms,std_msgs/msg/Float32,123.55892181396484
1774014267.0497403,/metrics/pcl/fused/detections_count,std_msgs/msg/Int32,84
1774014267.0498607,/metrics/pcl/fused/points_in,std_msgs/msg/Int32,37840
1774014267.0499516,/metrics/pcl/fused/processing_ms,std_msgs/msg/Float32,123.99108123779297
1774014267.2790992,/metrics/pcl/fused/detections_count,std_msgs/msg/Int32,76
1774014267.279212,/metrics/pcl/fused/points_in,std_msgs/msg/Int32,38038
1774014267.2792754,/metrics/pcl/fused/processing_ms,std_msgs/msg/Float32,123.36417388916016
1774014267.5073516,/metrics/pcl/fused/detections_count,std_msgs/msg/Int32,79
1774014267.5074787,/metrics/pcl/fused/points_in,std_msgs/msg/Int32,37076
1774014267.507546,/metrics/pcl/fused/processing_ms,std_msgs/msg/Float32,123.00475311279297
1774014268.1996508,/metrics/pcl/fused/detections_count,std_msgs/msg/Int32,79
1774014268.1997967,/metrics/pcl/fused/points_in,std_msgs/msg/Int32,37555
1774014268.1998925,/metrics/pcl/fused/processing_ms,std_msgs/msg/Float32,121.26844024658203
1774014268.4311075,/metrics/pcl/fused/detections_count,std_msgs/msg/Int32,79
1774014268.4312317,/metrics/pcl/fused/points_in,std_msgs/msg/Int32,36751
1774014268.4313045,/metrics/pcl/fused/processing_ms,std_msgs/msg/Float32,120.00763702392578
1774014268.6633506,/metrics/pcl/fused/detections_count,std_msgs/msg/Int32,79
1774014268.6634698,/metrics/pcl/fused/points_in,std_msgs/msg/Int32,35757
1774014268.6635425,/metrics/pcl/fused/processing_ms,std_msgs/msg/Float32,121.0572738647461
1774014268.8986964,/metrics/pcl/fused/detections_count,std_msgs/msg/Int32,82
1774014268.898818,/metrics/pcl/fused/points_in,std_msgs/msg/Int32,36098
1774014268.8989067,/metrics/pcl/fused/processing_ms,std_msgs/msg/Float32,120.31040954589844
1774014269.1315582,/metrics/pcl/fused/detections_count,std_msgs/msg/Int32,83
1774014269.1316776,/metrics/pcl/fused/points_in,std_msgs/msg/Int32,35688
1774014269.1317496,/metrics/pcl/fused/processing_ms,std_msgs/msg/Float32,119.44681549072266
1774014269.3620825,/metrics/pcl/fused/detections_count,std_msgs/msg/Int32,78
1774014269.3622072,/metrics/pcl/fused/points_in,std_msgs/msg/Int32,35164
1774014269.3622806,/metrics/pcl/fused/processing_ms,std_msgs/msg/Float32,118.52310180664062
1774014269.5960822,/metrics/pcl/fused/detections_count,std_msgs/msg/Int32,78
1774014269.5962005,/metrics/pcl/fused/points_in,std_msgs/msg/Int32,35381
1774014269.596267,/metrics/pcl/fused/processing_ms,std_msgs/msg/Float32,119.6487808227539
1774014269.8357568,/metrics/pcl/fused/detections_count,std_msgs/msg/Int32,77
1774014269.8358939,/metrics/pcl/fused/points_in,std_msgs/msg/Int32,35468
1774014269.835968,/metrics/pcl/fused/processing_ms,std_msgs/msg/Float32,121.33799743652344
1774014270.067852,/metrics/pcl/fused/detections_count,std_msgs/msg/Int32,79
1774014270.068046,/metrics/pcl/fused/points_in,std_msgs/msg/Int32,35748
1774014270.0681307,/metrics/pcl/fused/processing_ms,std_msgs/msg/Float32,121.00717163085938
1774014270.2994988,/metrics/pcl/fused/detections_count,std_msgs/msg/Int32,82
1774014270.2996151,/metrics/pcl/fused/points_in,std_msgs/msg/Int32,36234
1774014270.2996788,/metrics/pcl/fused/processing_ms,std_msgs/msg/Float32,121.25965881347656
1774014270.5355904,/metrics/pcl/fused/detections_count,std_msgs/msg/Int32,79
1774014270.5357585,/metrics/pcl/fused/points_in,std_msgs/msg/Int32,36547
1774014270.5358403,/metrics/pcl/fused/processing_ms,std_msgs/msg/Float32,121.51165008544922
1774014270.7722282,/metrics/pcl/fused/detections_count,std_msgs/msg/Int32,78
1774014270.772347,/metrics/pcl/fused/points_in,std_msgs/msg/Int32,36439
1774014270.7724192,/metrics/pcl/fused/processing_ms,std_msgs/msg/Float32,123.56027221679688
1774014271.0106153,/metrics/pcl/fused/detections_count,std_msgs/msg/Int32,75
1774014271.0107276,/metrics/pcl/fused/points_in,std_msgs/msg/Int32,36497
1774014271.0107906,/metrics/pcl/fused/processing_ms,std_msgs/msg/Float32,123.87022399902344
1774014271.2513137,/metrics/pcl/fused/detections_count,std_msgs/msg/Int32,84
1774014271.2514226,/metrics/pcl/fused/points_in,std_msgs/msg/Int32,37707
1774014271.251488,/metrics/pcl/fused/processing_ms,std_msgs/msg/Float32,126.83942413330078
1774014271.4865472,/metrics/pcl/fused/detections_count,std_msgs/msg/Int32,77
1774014271.4866514,/metrics/pcl/fused/processing_ms,std_msgs/msg/Float32,127.50818634033203
1774014271.4868374,/metrics/pcl/fused/points_in,std_msgs/msg/Int32,38020
1774014271.7236183,/metrics/pcl/fused/detections_count,std_msgs/msg/Int32,82
1774014271.723747,/metrics/pcl/fused/points_in,std_msgs/msg/Int32,37860
1774014271.7238338,/metrics/pcl/fused/processing_ms,std_msgs/msg/Float32,126.1717758178711
1774014272.1955514,/metrics/pcl/fused/detections_count,std_msgs/msg/Int32,77
1774014272.1956615,/metrics/pcl/fused/points_in,std_msgs/msg/Int32,36630
1774014272.1957252,/metrics/pcl/fused/processing_ms,std_msgs/msg/Float32,125.64892578125
1774014272.665019,/metrics/pcl/fused/detections_count,std_msgs/msg/Int32,81
1774014272.665177,/metrics/pcl/fused/points_in,std_msgs/msg/Int32,37113
1774014272.6652539,/metrics/pcl/fused/processing_ms,std_msgs/msg/Float32,125.44145202636719
1774014272.9059358,/metrics/pcl/fused/detections_count,std_msgs/msg/Int32,81
1774014272.9060462,/metrics/pcl/fused/points_in,std_msgs/msg/Int32,37420
1774014272.9061189,/metrics/pcl/fused/processing_ms,std_msgs/msg/Float32,125.2973861694336
1774014273.1385186,/metrics/pcl/fused/detections_count,std_msgs/msg/Int32,78
1774014273.1386282,/metrics/pcl/fused/points_in,std_msgs/msg/Int32,36087
1774014273.1386924,/metrics/pcl/fused/processing_ms,std_msgs/msg/Float32,119.0023422241211
1774014273.3779218,/metrics/pcl/fused/detections_count,std_msgs/msg/Int32,75
1774014273.3780425,/metrics/pcl/fused/points_in,std_msgs/msg/Int32,35598
1774014273.3780987,/metrics/pcl/fused/processing_ms,std_msgs/msg/Float32,120.97730255126953
1774014273.616669,/metrics/pcl/fused/detections_count,std_msgs/msg/Int32,75
1774014273.616794,/metrics/pcl/fused/points_in,std_msgs/msg/Int32,35328
1774014273.6168573,/metrics/pcl/fused/processing_ms,std_msgs/msg/Float32,123.02132415771484
1774014273.8481784,/metrics/pcl/fused/detections_count,std_msgs/msg/Int32,69
1774014273.8482792,/metrics/pcl/fused/points_in,std_msgs/msg/Int32,33733
1774014273.8483381,/metrics/pcl/fused/processing_ms,std_msgs/msg/Float32,117.95020294189453
1774014274.098296,/metrics/pcl/fused/detections_count,std_msgs/msg/Int32,72
1774014274.0984058,/metrics/pcl/fused/points_in,std_msgs/msg/Int32,36428
1774014274.0984688,/metrics/pcl/fused/processing_ms,std_msgs/msg/Float32,127.1259765625
1774014274.8245914,/metrics/pcl/fused/detections_count,std_msgs/msg/Int32,78
1774014274.8247337,/metrics/pcl/fused/points_in,std_msgs/msg/Int32,39484
1774014274.824813,/metrics/pcl/fused/processing_ms,std_msgs/msg/Float32,132.8085479736328
1774014275.0680351,/metrics/pcl/fused/detections_count,std_msgs/msg/Int32,85
1774014275.068153,/metrics/pcl/fused/points_in,std_msgs/msg/Int32,39790
1774014275.068217,/metrics/pcl/fused/processing_ms,std_msgs/msg/Float32,132.0666046142578
1774014275.311373,/metrics/pcl/fused/detections_count,std_msgs/msg/Int32,82
1774014275.3114846,/metrics/pcl/fused/points_in,std_msgs/msg/Int32,39926
1774014275.3115478,/metrics/pcl/fused/processing_ms,std_msgs/msg/Float32,132.41787719726562
1774014275.5476644,/metrics/pcl/fused/detections_count,std_msgs/msg/Int32,76
1774014275.5477867,/metrics/pcl/fused/points_in,std_msgs/msg/Int32,39136
1774014275.547853,/metrics/pcl/fused/processing_ms,std_msgs/msg/Float32,129.55563354492188
1774014275.7845411,/metrics/pcl/fused/detections_count,std_msgs/msg/Int32,76
1774014275.7847102,/metrics/pcl/fused/points_in,std_msgs/msg/Int32,38341
1774014275.7847888,/metrics/pcl/fused/processing_ms,std_msgs/msg/Float32,127.4776611328125
1774014276.4962366,/metrics/pcl/fused/detections_count,std_msgs/msg/Int32,77
1774014276.496356,/metrics/pcl/fused/points_in,std_msgs/msg/Int32,37027
1774014276.4964209,/metrics/pcl/fused/processing_ms,std_msgs/msg/Float32,127.7386474609375
1774014276.7352712,/metrics/pcl/fused/detections_count,std_msgs/msg/Int32,81
1774014276.7353892,/metrics/pcl/fused/points_in,std_msgs/msg/Int32,37833
1774014276.7354522,/metrics/pcl/fused/processing_ms,std_msgs/msg/Float32,127.44457244873047
1774014276.978061,/metrics/pcl/fused/detections_count,std_msgs/msg/Int32,79
1774014276.978174,/metrics/pcl/fused/points_in,std_msgs/msg/Int32,37711
1774014276.978236,/metrics/pcl/fused/processing_ms,std_msgs/msg/Float32,125.71686553955078
1774014277.458659,/metrics/pcl/fused/detections_count,std_msgs/msg/Int32,76
1774014277.4587543,/metrics/pcl/fused/points_in,std_msgs/msg/Int32,38483
1774014277.458809,/metrics/pcl/fused/processing_ms,std_msgs/msg/Float32,127.09876251220703
1774014277.6960292,/metrics/pcl/fused/detections_count,std_msgs/msg/Int32,75
1774014277.6961496,/metrics/pcl/fused/points_in,std_msgs/msg/Int32,38569
1774014277.6962214,/metrics/pcl/fused/processing_ms,std_msgs/msg/Float32,125.37989044189453
1774014277.9408584,/metrics/pcl/fused/detections_count,std_msgs/msg/Int32,75
1774014277.9409878,/metrics/pcl/fused/points_in,std_msgs/msg/Int32,38696
1774014277.9410508,/metrics/pcl/fused/processing_ms,std_msgs/msg/Float32,126.3050765991211
1774014278.1864717,/metrics/pcl/fused/detections_count,std_msgs/msg/Int32,74
1774014278.1865895,/metrics/pcl/fused/points_in,std_msgs/msg/Int32,39136
1774014278.1866596,/metrics/pcl/fused/processing_ms,std_msgs/msg/Float32,127.96768951416016
1774014278.6720784,/metrics/pcl/fused/detections_count,std_msgs/msg/Int32,81
1774014278.6722412,/metrics/pcl/fused/points_in,std_msgs/msg/Int32,40076
1774014278.6723576,/metrics/pcl/fused/processing_ms,std_msgs/msg/Float32,129.8776397705078
1774014280.1447172,/metrics/pcl/fused/detections_count,std_msgs/msg/Int32,83
1774014280.144829,/metrics/pcl/fused/points_in,std_msgs/msg/Int32,40811
1774014280.1449063,/metrics/pcl/fused/processing_ms,std_msgs/msg/Float32,134.97401428222656
1774014280.617429,/metrics/pcl/fused/detections_count,std_msgs/msg/Int32,80
1774014280.617544,/metrics/pcl/fused/points_in,std_msgs/msg/Int32,40807
1774014280.617621,/metrics/pcl/fused/processing_ms,std_msgs/msg/Float32,136.7809295654297
1774014280.8432212,/metrics/pcl/fused/detections_count,std_msgs/msg/Int32,82
1774014280.84333,/metrics/pcl/fused/points_in,std_msgs/msg/Int32,40741
1774014280.8433933,/metrics/pcl/fused/processing_ms,std_msgs/msg/Float32,136.02597045898438
1774014281.0651598,/metrics/pcl/fused/detections_count,std_msgs/msg/Int32,76
1774014281.065268,/metrics/pcl/fused/points_in,std_msgs/msg/Int32,40487
1774014281.0653355,/metrics/pcl/fused/processing_ms,std_msgs/msg/Float32,135.81874084472656
1774014281.2850902,/metrics/pcl/fused/detections_count,std_msgs/msg/Int32,80
1774014281.2851992,/metrics/pcl/fused/points_in,std_msgs/msg/Int32,40263
1774014281.285266,/metrics/pcl/fused/processing_ms,std_msgs/msg/Float32,133.48678588867188
1774014281.506269,/metrics/pcl/fused/detections_count,std_msgs/msg/Int32,83
1774014281.506376,/metrics/pcl/fused/points_in,std_msgs/msg/Int32,40034
1774014281.506433,/metrics/pcl/fused/processing_ms,std_msgs/msg/Float32,131.0085906982422
1774014281.732612,/metrics/pcl/fused/detections_count,std_msgs/msg/Int32,78
1774014281.7327213,/metrics/pcl/fused/points_in,std_msgs/msg/Int32,40299
1774014281.7327852,/metrics/pcl/fused/processing_ms,std_msgs/msg/Float32,133.22108459472656
1774014281.9550328,/metrics/pcl/fused/detections_count,std_msgs/msg/Int32,80
1774014281.9551625,/metrics/pcl/fused/points_in,std_msgs/msg/Int32,40298
1774014281.9552488,/metrics/pcl/fused/processing_ms,std_msgs/msg/Float32,132.62393188476562
1774014282.1807115,/metrics/pcl/fused/detections_count,std_msgs/msg/Int32,76
1774014282.1808217,/metrics/pcl/fused/points_in,std_msgs/msg/Int32,40457
1774014282.1808944,/metrics/pcl/fused/processing_ms,std_msgs/msg/Float32,135.1102752685547
1774014282.6314297,/metrics/pcl/fused/detections_count,std_msgs/msg/Int32,77
1774014282.6316078,/metrics/pcl/fused/points_in,std_msgs/msg/Int32,40769
1774014282.631726,/metrics/pcl/fused/processing_ms,std_msgs/msg/Float32,137.52755737304688
1774014283.0815966,/metrics/pcl/fused/detections_count,std_msgs/msg/Int32,78
1774014283.0817072,/metrics/pcl/fused/points_in,std_msgs/msg/Int32,40682
1774014283.0817738,/metrics/pcl/fused/processing_ms,std_msgs/msg/Float32,136.78428649902344
1774014283.756609,/metrics/pcl/fused/detections_count,std_msgs/msg/Int32,75
1774014283.756735,/metrics/pcl/fused/points_in,std_msgs/msg/Int32,40093
1774014283.7568092,/metrics/pcl/fused/processing_ms,std_msgs/msg/Float32,134.7445526123047
1774014283.9831154,/metrics/pcl/fused/detections_count,std_msgs/msg/Int32,79
1774014283.983229,/metrics/pcl/fused/points_in,std_msgs/msg/Int32,39844
1774014283.9832964,/metrics/pcl/fused/processing_ms,std_msgs/msg/Float32,132.54005432128906
1774014284.661014,/metrics/pcl/fused/detections_count,std_msgs/msg/Int32,76
1774014284.6611583,/metrics/pcl/fused/points_in,std_msgs/msg/Int32,40028
1774014284.6612477,/metrics/pcl/fused/processing_ms,std_msgs/msg/Float32,131.90158081054688
1774014284.8856437,/metrics/pcl/fused/detections_count,std_msgs/msg/Int32,74
1774014284.8857567,/metrics/pcl/fused/points_in,std_msgs/msg/Int32,39783
1774014284.8858244,/metrics/pcl/fused/processing_ms,std_msgs/msg/Float32,131.66671752929688
1774014285.1114411,/metrics/pcl/fused/detections_count,std_msgs/msg/Int32,78
1774014285.1115584,/metrics/pcl/fused/points_in,std_msgs/msg/Int32,39594
1774014285.1116304,/metrics/pcl/fused/processing_ms,std_msgs/msg/Float32,129.14141845703125
1774014285.5611408,/metrics/pcl/fused/detections_count,std_msgs/msg/Int32,75
1774014285.5612545,/metrics/pcl/fused/points_in,std_msgs/msg/Int32,39346
1774014285.5613215,/metrics/pcl/fused/processing_ms,std_msgs/msg/Float32,126.83350372314453
1774014285.789333,/metrics/pcl/fused/detections_count,std_msgs/msg/Int32,77
1774014285.7894435,/metrics/pcl/fused/points_in,std_msgs/msg/Int32,39120
1774014285.7895095,/metrics/pcl/fused/processing_ms,std_msgs/msg/Float32,126.89955139160156
1774014286.0190244,/metrics/pcl/fused/detections_count,std_msgs/msg/Int32,76
1774014286.0191429,/metrics/pcl/fused/points_in,std_msgs/msg/Int32,38923
1774014286.0192146,/metrics/pcl/fused/processing_ms,std_msgs/msg/Float32,126.38128662109375
1774014286.249826,/metrics/pcl/fused/detections_count,std_msgs/msg/Int32,73
1774014286.2499604,/metrics/pcl/fused/points_in,std_msgs/msg/Int32,38931
1774014286.250046,/metrics/pcl/fused/processing_ms,std_msgs/msg/Float32,124.36337280273438
1774014286.4801173,/metrics/pcl/fused/detections_count,std_msgs/msg/Int32,78
1774014286.4802432,/metrics/pcl/fused/points_in,std_msgs/msg/Int32,38870
1774014286.4803195,/metrics/pcl/fused/processing_ms,std_msgs/msg/Float32,125.64068603515625
1774014286.712731,/metrics/pcl/fused/detections_count,std_msgs/msg/Int32,78
1774014286.7128863,/metrics/pcl/fused/points_in,std_msgs/msg/Int32,39063
1774014286.7129765,/metrics/pcl/fused/processing_ms,std_msgs/msg/Float32,128.37562561035156
1774014286.9403417,/metrics/pcl/fused/detections_count,std_msgs/msg/Int32,73
1774014286.9404325,/metrics/pcl/fused/points_in,std_msgs/msg/Int32,38979
1774014286.9404852,/metrics/pcl/fused/processing_ms,std_msgs/msg/Float32,126.10345458984375
1774014287.1731415,/metrics/pcl/fused/detections_count,std_msgs/msg/Int32,74
1774014287.1732547,/metrics/pcl/fused/points_in,std_msgs/msg/Int32,38972
1774014287.1733084,/metrics/pcl/fused/processing_ms,std_msgs/msg/Float32,125.71014404296875
1774014287.4010298,/metrics/pcl/fused/detections_count,std_msgs/msg/Int32,82
1774014287.4011602,/metrics/pcl/fused/points_in,std_msgs/msg/Int32,38998
1774014287.4012153,/metrics/pcl/fused/processing_ms,std_msgs/msg/Float32,125.89522552490234
1774014287.8586063,/metrics/pcl/fused/detections_count,std_msgs/msg/Int32,78
1774014287.8587184,/metrics/pcl/fused/points_in,std_msgs/msg/Int32,38959
1774014287.8587844,/metrics/pcl/fused/processing_ms,std_msgs/msg/Float32,125.42121124267578
1774014288.092759,/metrics/pcl/fused/detections_count,std_msgs/msg/Int32,73
1774014288.0928936,/metrics/pcl/fused/points_in,std_msgs/msg/Int32,38923
1774014288.092978,/metrics/pcl/fused/processing_ms,std_msgs/msg/Float32,128.86016845703125
1774014288.5485742,/metrics/pcl/fused/detections_count,std_msgs/msg/Int32,73
1774014288.548714,/metrics/pcl/fused/points_in,std_msgs/msg/Int32,38732
1774014288.5487857,/metrics/pcl/fused/processing_ms,std_msgs/msg/Float32,124.44477081298828
1774014288.7775102,/metrics/pcl/fused/detections_count,std_msgs/msg/Int32,74
1774014288.7776945,/metrics/pcl/fused/points_in,std_msgs/msg/Int32,38197
1774014288.777805,/metrics/pcl/fused/processing_ms,std_msgs/msg/Float32,121.66427612304688
1774014289.0122428,/metrics/pcl/fused/detections_count,std_msgs/msg/Int32,75
1774014289.0123596,/metrics/pcl/fused/points_in,std_msgs/msg/Int32,38304
1774014289.0124233,/metrics/pcl/fused/processing_ms,std_msgs/msg/Float32,124.13407897949219
1774014289.2414,/metrics/pcl/fused/detections_count,std_msgs/msg/Int32,78
1774014289.241509,/metrics/pcl/fused/points_in,std_msgs/msg/Int32,38607
1774014289.241572,/metrics/pcl/fused/processing_ms,std_msgs/msg/Float32,123.68326568603516
1774014289.4752767,/metrics/pcl/fused/detections_count,std_msgs/msg/Int32,73
1774014289.475405,/metrics/pcl/fused/points_in,std_msgs/msg/Int32,38684
1774014289.475481,/metrics/pcl/fused/processing_ms,std_msgs/msg/Float32,126.56452941894531
1774014289.712539,/metrics/pcl/fused/detections_count,std_msgs/msg/Int32,73
1774014289.712677,/metrics/pcl/fused/points_in,std_msgs/msg/Int32,38784
1774014289.712741,/metrics/pcl/fused/processing_ms,std_msgs/msg/Float32,127.52278137207031
1774014289.9429855,/metrics/pcl/fused/detections_count,std_msgs/msg/Int32,70
1774014289.9430952,/metrics/pcl/fused/points_in,std_msgs/msg/Int32,38703
1774014289.9431615,/metrics/pcl/fused/processing_ms,std_msgs/msg/Float32,125.85281372070312
1774014290.1722636,/metrics/pcl/fused/detections_count,std_msgs/msg/Int32,74
1774014290.1723666,/metrics/pcl/fused/points_in,std_msgs/msg/Int32,38815
1774014290.1724298,/metrics/pcl/fused/processing_ms,std_msgs/msg/Float32,124.98299407958984
1774014290.4067426,/metrics/pcl/fused/detections_count,std_msgs/msg/Int32,72
1774014290.4069242,/metrics/pcl/fused/points_in,std_msgs/msg/Int32,38674
1774014290.4070234,/metrics/pcl/fused/processing_ms,std_msgs/msg/Float32,125.11991119384766
1774014290.6512976,/metrics/pcl/fused/detections_count,std_msgs/msg/Int32,74
1774014290.6514204,/metrics/pcl/fused/points_in,std_msgs/msg/Int32,38821
1774014290.6514854,/metrics/pcl/fused/processing_ms,std_msgs/msg/Float32,126.27799224853516
1774014290.8815985,/metrics/pcl/fused/detections_count,std_msgs/msg/Int32,78
1774014290.8817713,/metrics/pcl/fused/points_in,std_msgs/msg/Int32,38501
1774014290.8818545,/metrics/pcl/fused/processing_ms,std_msgs/msg/Float32,122.95954895019531
1774014291.1207469,/metrics/pcl/fused/detections_count,std_msgs/msg/Int32,77
1774014291.1208544,/metrics/pcl/fused/points_in,std_msgs/msg/Int32,38597
1774014291.1209314,/metrics/pcl/fused/processing_ms,std_msgs/msg/Float32,126.05181884765625
1774014291.8169868,/metrics/pcl/fused/detections_count,std_msgs/msg/Int32,78
1774014291.8170824,/metrics/pcl/fused/points_in,std_msgs/msg/Int32,38819
1774014291.8171353,/metrics/pcl/fused/processing_ms,std_msgs/msg/Float32,125.8177719116211
1774014292.053507,/metrics/pcl/fused/detections_count,std_msgs/msg/Int32,71
1774014292.0536246,/metrics/pcl/fused/points_in,std_msgs/msg/Int32,38870
1774014292.0536919,/metrics/pcl/fused/processing_ms,std_msgs/msg/Float32,126.924560546875
1774014292.2872386,/metrics/pcl/fused/detections_count,std_msgs/msg/Int32,73
1774014292.2873704,/metrics/pcl/fused/points_in,std_msgs/msg/Int32,38888
1774014292.2874331,/metrics/pcl/fused/processing_ms,std_msgs/msg/Float32,126.00926208496094
1774014292.5237374,/metrics/pcl/fused/detections_count,std_msgs/msg/Int32,74
1774014292.5238507,/metrics/pcl/fused/points_in,std_msgs/msg/Int32,39010
1774014292.5239358,/metrics/pcl/fused/processing_ms,std_msgs/msg/Float32,125.23374938964844
1774014292.7634833,/metrics/pcl/fused/detections_count,std_msgs/msg/Int32,70
1774014292.7636318,/metrics/pcl/fused/points_in,std_msgs/msg/Int32,39030
1774014292.763721,/metrics/pcl/fused/processing_ms,std_msgs/msg/Float32,128.9756622314453
1774014292.9967077,/metrics/pcl/fused/detections_count,std_msgs/msg/Int32,79
1774014292.99682,/metrics/pcl/fused/points_in,std_msgs/msg/Int32,38934
1774014292.996894,/metrics/pcl/fused/processing_ms,std_msgs/msg/Float32,126.96158599853516
1774014293.7040164,/metrics/pcl/fused/detections_count,std_msgs/msg/Int32,76
1774014293.7041433,/metrics/pcl/fused/points_in,std_msgs/msg/Int32,38523
1774014293.7042289,/metrics/pcl/fused/processing_ms,std_msgs/msg/Float32,122.71915435791016
1774014293.9445322,/metrics/pcl/fused/detections_count,std_msgs/msg/Int32,71
1774014293.944646,/metrics/pcl/fused/points_in,std_msgs/msg/Int32,38778
1774014293.9447095,/metrics/pcl/fused/processing_ms,std_msgs/msg/Float32,124.57115173339844
1774014294.1828322,/metrics/pcl/fused/detections_count,std_msgs/msg/Int32,80
1774014294.1829827,/metrics/pcl/fused/points_in,std_msgs/msg/Int32,38810
1774014294.1830525,/metrics/pcl/fused/processing_ms,std_msgs/msg/Float32,123.29598236083984
1774014294.89855,/metrics/pcl/fused/detections_count,std_msgs/msg/Int32,73
1774014294.8986695,/metrics/pcl/fused/points_in,std_msgs/msg/Int32,39168
1774014294.8987446,/metrics/pcl/fused/processing_ms,std_msgs/msg/Float32,127.1098403930664
1774014295.1406043,/metrics/pcl/fused/detections_count,std_msgs/msg/Int32,72
1774014295.1407242,/metrics/pcl/fused/points_in,std_msgs/msg/Int32,39566
1774014295.1408062,/metrics/pcl/fused/processing_ms,std_msgs/msg/Float32,130.2746124267578
1774014295.6171615,/metrics/pcl/fused/detections_count,std_msgs/msg/Int32,80
1774014295.6172833,/metrics/pcl/fused/points_in,std_msgs/msg/Int32,39554
1774014295.617345,/metrics/pcl/fused/processing_ms,std_msgs/msg/Float32,130.05499267578125
1774014295.859265,/metrics/pcl/fused/detections_count,std_msgs/msg/Int32,74
1774014295.8593736,/metrics/pcl/fused/points_in,std_msgs/msg/Int32,39623
1774014295.8594368,/metrics/pcl/fused/processing_ms,std_msgs/msg/Float32,130.15614318847656
1774014296.100701,/metrics/pcl/fused/detections_count,std_msgs/msg/Int32,75
1774014296.1008077,/metrics/pcl/fused/points_in,std_msgs/msg/Int32,39477
1774014296.100895,/metrics/pcl/fused/processing_ms,std_msgs/msg/Float32,131.57321166992188
1774014296.3427787,/metrics/pcl/fused/detections_count,std_msgs/msg/Int32,75
1774014296.3429031,/metrics/pcl/fused/points_in,std_msgs/msg/Int32,39555
1774014296.3429794,/metrics/pcl/fused/processing_ms,std_msgs/msg/Float32,132.0523223876953
1774014296.8217168,/metrics/pcl/fused/detections_count,std_msgs/msg/Int32,81
1774014296.821846,/metrics/pcl/fused/points_in,std_msgs/msg/Int32,39738
1774014296.8219352,/metrics/pcl/fused/processing_ms,std_msgs/msg/Float32,133.59654235839844
1774014297.0599182,/metrics/pcl/fused/detections_count,std_msgs/msg/Int32,75
1774014297.060021,/metrics/pcl/fused/points_in,std_msgs/msg/Int32,39751
1774014297.0600727,/metrics/pcl/fused/processing_ms,std_msgs/msg/Float32,133.0112762451172
1774014297.769502,/metrics/pcl/fused/detections_count,std_msgs/msg/Int32,78
1774014297.7696338,/metrics/pcl/fused/points_in,std_msgs/msg/Int32,39301
1774014297.7697227,/metrics/pcl/fused/processing_ms,std_msgs/msg/Float32,127.95782470703125
1774014298.0068924,/metrics/pcl/fused/detections_count,std_msgs/msg/Int32,79
1774014298.0070078,/metrics/pcl/fused/points_in,std_msgs/msg/Int32,39467
1774014298.0070903,/metrics/pcl/fused/processing_ms,std_msgs/msg/Float32,125.86634063720703
1774014298.2455766,/metrics/pcl/fused/detections_count,std_msgs/msg/Int32,82
1774014298.2456934,/metrics/pcl/fused/points_in,std_msgs/msg/Int32,39571
1774014298.2457957,/metrics/pcl/fused/processing_ms,std_msgs/msg/Float32,126.38079071044922
1774014298.4859283,/metrics/pcl/fused/detections_count,std_msgs/msg/Int32,78
1774014298.4860382,/metrics/pcl/fused/points_in,std_msgs/msg/Int32,39604
1774014298.4861019,/metrics/pcl/fused/processing_ms,std_msgs/msg/Float32,127.62387084960938
1774014298.7299519,/metrics/pcl/fused/detections_count,std_msgs/msg/Int32,73
1774014298.7300794,/metrics/pcl/fused/points_in,std_msgs/msg/Int32,39581
1774014298.7301862,/metrics/pcl/fused/processing_ms,std_msgs/msg/Float32,128.41934204101562
1774014298.969744,/metrics/pcl/fused/detections_count,std_msgs/msg/Int32,77
1774014298.9698608,/metrics/pcl/fused/points_in,std_msgs/msg/Int32,39517
1774014298.9699337,/metrics/pcl/fused/processing_ms,std_msgs/msg/Float32,128.02049255371094
1774014299.2090757,/metrics/pcl/fused/detections_count,std_msgs/msg/Int32,80
1774014299.2091877,/metrics/pcl/fused/points_in,std_msgs/msg/Int32,39271
1774014299.209254,/metrics/pcl/fused/processing_ms,std_msgs/msg/Float32,125.42803955078125
1774014299.4463005,/metrics/pcl/fused/detections_count,std_msgs/msg/Int32,80
1774014299.446396,/metrics/pcl/fused/points_in,std_msgs/msg/Int32,39275
1774014299.446453,/metrics/pcl/fused/processing_ms,std_msgs/msg/Float32,125.07018280029297
1774014299.6909308,/metrics/pcl/fused/detections_count,std_msgs/msg/Int32,78
1774014299.6910233,/metrics/pcl/fused/points_in,std_msgs/msg/Int32,39263
1774014299.6910746,/metrics/pcl/fused/processing_ms,std_msgs/msg/Float32,128.0084228515625
1774014299.9214387,/metrics/pcl/fused/detections_count,std_msgs/msg/Int32,78
1774014299.921577,/metrics/pcl/fused/points_in,std_msgs/msg/Int32,39288
1774014299.9216745,/metrics/pcl/fused/processing_ms,std_msgs/msg/Float32,129.82601928710938
1774014300.1468558,/metrics/pcl/fused/detections_count,std_msgs/msg/Int32,75
1774014300.1470122,/metrics/pcl/fused/points_in,std_msgs/msg/Int32,39248
1774014300.1470945,/metrics/pcl/fused/processing_ms,std_msgs/msg/Float32,128.67108154296875
1774014300.3721972,/metrics/pcl/fused/detections_count,std_msgs/msg/Int32,79
1774014300.3723018,/metrics/pcl/fused/points_in,std_msgs/msg/Int32,39755
1774014300.3723786,/metrics/pcl/fused/processing_ms,std_msgs/msg/Float32,129.0482177734375
1774014300.597915,/metrics/pcl/fused/detections_count,std_msgs/msg/Int32,82
1774014300.5980296,/metrics/pcl/fused/points_in,std_msgs/msg/Int32,40114
1774014300.5980837,/metrics/pcl/fused/processing_ms,std_msgs/msg/Float32,131.277587890625
1774014300.8233252,/metrics/pcl/fused/detections_count,std_msgs/msg/Int32,82
1774014300.8234324,/metrics/pcl/fused/points_in,std_msgs/msg/Int32,40291
1774014300.8234963,/metrics/pcl/fused/processing_ms,std_msgs/msg/Float32,131.2571258544922
1774014301.0512495,/metrics/pcl/fused/detections_count,std_msgs/msg/Int32,77
1774014301.0513537,/metrics/pcl/fused/points_in,std_msgs/msg/Int32,40642
1774014301.0514283,/metrics/pcl/fused/processing_ms,std_msgs/msg/Float32,133.19960021972656
1774014301.274025,/metrics/pcl/fused/detections_count,std_msgs/msg/Int32,82
1774014301.2741244,/metrics/pcl/fused/points_in,std_msgs/msg/Int32,40572
1774014301.2741768,/metrics/pcl/fused/processing_ms,std_msgs/msg/Float32,132.26959228515625
1774014301.7405868,/metrics/pcl/fused/detections_count,std_msgs/msg/Int32,79
1774014301.7407162,/metrics/pcl/fused/points_in,std_msgs/msg/Int32,40737
1774014301.7407835,/metrics/pcl/fused/processing_ms,std_msgs/msg/Float32,138.4782257080078
1774014301.9704468,/metrics/pcl/fused/detections_count,std_msgs/msg/Int32,82
1774014301.9705784,/metrics/pcl/fused/points_in,std_msgs/msg/Int32,40539
1774014301.9706616,/metrics/pcl/fused/processing_ms,std_msgs/msg/Float32,137.17254638671875
1774014302.1950967,/metrics/pcl/fused/detections_count,std_msgs/msg/Int32,78
1774014302.195203,/metrics/pcl/fused/points_in,std_msgs/msg/Int32,40740
1774014302.1952543,/metrics/pcl/fused/processing_ms,std_msgs/msg/Float32,134.7450714111328
1774014302.423373,/metrics/pcl/fused/detections_count,std_msgs/msg/Int32,83
1774014302.4235094,/metrics/pcl/fused/points_in,std_msgs/msg/Int32,40918
1774014302.4236057,/metrics/pcl/fused/processing_ms,std_msgs/msg/Float32,135.27023315429688
1774014302.6595423,/metrics/pcl/fused/detections_count,std_msgs/msg/Int32,77
1774014302.659652,/metrics/pcl/fused/points_in,std_msgs/msg/Int32,40950
1774014302.6597366,/metrics/pcl/fused/processing_ms,std_msgs/msg/Float32,142.72598266601562
1774014303.1087742,/metrics/pcl/fused/detections_count,std_msgs/msg/Int32,83
1774014303.1088998,/metrics/pcl/fused/points_in,std_msgs/msg/Int32,41349
1774014303.1129718,/metrics/pcl/fused/processing_ms,std_msgs/msg/Float32,138.34030151367188
1774014303.5668159,/metrics/pcl/fused/detections_count,std_msgs/msg/Int32,79
1774014303.566944,/metrics/pcl/fused/points_in,std_msgs/msg/Int32,41404
1774014303.5670125,/metrics/pcl/fused/processing_ms,std_msgs/msg/Float32,141.4036407470703
1774014303.7999167,/metrics/pcl/fused/detections_count,std_msgs/msg/Int32,84
1774014303.8000293,/metrics/pcl/fused/points_in,std_msgs/msg/Int32,41553
1774014303.8000934,/metrics/pcl/fused/processing_ms,std_msgs/msg/Float32,140.7654266357422
1774014304.030977,/metrics/pcl/fused/detections_count,std_msgs/msg/Int32,78
1774014304.0310948,/metrics/pcl/fused/points_in,std_msgs/msg/Int32,41595
1774014304.0311675,/metrics/pcl/fused/processing_ms,std_msgs/msg/Float32,140.7434844970703
1774014304.261053,/metrics/pcl/fused/detections_count,std_msgs/msg/Int32,82
1774014304.2611613,/metrics/pcl/fused/points_in,std_msgs/msg/Int32,41621
1774014304.2612224,/metrics/pcl/fused/processing_ms,std_msgs/msg/Float32,140.18601989746094
1774014304.490266,/metrics/pcl/fused/detections_count,std_msgs/msg/Int32,86
1774014304.4903848,/metrics/pcl/fused/points_in,std_msgs/msg/Int32,41715
1774014304.490459,/metrics/pcl/fused/processing_ms,std_msgs/msg/Float32,140.3932647705078
1774014304.7215967,/metrics/pcl/fused/detections_count,std_msgs/msg/Int32,83
1774014304.7217057,/metrics/pcl/fused/points_in,std_msgs/msg/Int32,41679
1774014304.721768,/metrics/pcl/fused/processing_ms,std_msgs/msg/Float32,141.4190673828125
1774014304.9602458,/metrics/pcl/fused/detections_count,std_msgs/msg/Int32,78
1774014304.9603376,/metrics/pcl/fused/points_in,std_msgs/msg/Int32,41828
1774014304.9603908,/metrics/pcl/fused/processing_ms,std_msgs/msg/Float32,144.53041076660156
1774014305.1865914,/metrics/pcl/fused/detections_count,std_msgs/msg/Int32,81
1774014305.1867018,/metrics/pcl/fused/points_in,std_msgs/msg/Int32,41751
1774014305.1867645,/metrics/pcl/fused/processing_ms,std_msgs/msg/Float32,139.1321563720703
1774014305.4214633,/metrics/pcl/fused/detections_count,std_msgs/msg/Int32,80
1774014305.4215698,/metrics/pcl/fused/points_in,std_msgs/msg/Int32,41787
1774014305.4216328,/metrics/pcl/fused/processing_ms,std_msgs/msg/Float32,141.91744995117188
1774014305.655953,/metrics/pcl/fused/detections_count,std_msgs/msg/Int32,83
1774014305.6560795,/metrics/pcl/fused/points_in,std_msgs/msg/Int32,41788
1774014305.6561925,/metrics/pcl/fused/processing_ms,std_msgs/msg/Float32,142.57371520996094
1774014305.8883471,/metrics/pcl/fused/detections_count,std_msgs/msg/Int32,82
1774014305.8884656,/metrics/pcl/fused/points_in,std_msgs/msg/Int32,41834
1774014305.888528,/metrics/pcl/fused/processing_ms,std_msgs/msg/Float32,139.988525390625
1774014306.1251278,/metrics/pcl/fused/detections_count,std_msgs/msg/Int32,87
1774014306.1252391,/metrics/pcl/fused/points_in,std_msgs/msg/Int32,41983
1774014306.1253133,/metrics/pcl/fused/processing_ms,std_msgs/msg/Float32,141.9166259765625
1774014306.3590817,/metrics/pcl/fused/detections_count,std_msgs/msg/Int32,79
1774014306.3591893,/metrics/pcl/fused/points_in,std_msgs/msg/Int32,41975
1774014306.3592525,/metrics/pcl/fused/processing_ms,std_msgs/msg/Float32,140.43878173828125
1774014306.5964065,/metrics/pcl/fused/detections_count,std_msgs/msg/Int32,79
1774014306.596514,/metrics/pcl/fused/points_in,std_msgs/msg/Int32,41842
1774014306.596578,/metrics/pcl/fused/processing_ms,std_msgs/msg/Float32,142.93186950683594
1774014307.0674777,/metrics/pcl/fused/detections_count,std_msgs/msg/Int32,76
1774014307.0675838,/metrics/pcl/fused/points_in,std_msgs/msg/Int32,41887
1774014307.0676465,/metrics/pcl/fused/processing_ms,std_msgs/msg/Float32,144.39109802246094
1774014307.535156,/metrics/pcl/fused/detections_count,std_msgs/msg/Int32,74
1774014307.5352676,/metrics/pcl/fused/points_in,std_msgs/msg/Int32,41905
1774014307.5353296,/metrics/pcl/fused/processing_ms,std_msgs/msg/Float32,142.76071166992188
1774014307.7716918,/metrics/pcl/fused/detections_count,std_msgs/msg/Int32,80
1774014307.771831,/metrics/pcl/fused/points_in,std_msgs/msg/Int32,41951
1774014307.771914,/metrics/pcl/fused/processing_ms,std_msgs/msg/Float32,141.92330932617188
1774014308.0083673,/metrics/pcl/fused/detections_count,std_msgs/msg/Int32,82
1774014308.0085742,/metrics/pcl/fused/points_in,std_msgs/msg/Int32,41941
1774014308.0086684,/metrics/pcl/fused/processing_ms,std_msgs/msg/Float32,141.66429138183594
1774014308.2476478,/metrics/pcl/fused/detections_count,std_msgs/msg/Int32,83
1774014308.2477953,/metrics/pcl/fused/points_in,std_msgs/msg/Int32,41941
1774014308.2479174,/metrics/pcl/fused/processing_ms,std_msgs/msg/Float32,140.41184997558594
1774014308.7194498,/metrics/pcl/fused/detections_count,std_msgs/msg/Int32,80
1774014308.71956,/metrics/pcl/fused/points_in,std_msgs/msg/Int32,41917
1774014308.7196252,/metrics/pcl/fused/processing_ms,std_msgs/msg/Float32,141.51112365722656
1774014309.196396,/metrics/pcl/fused/detections_count,std_msgs/msg/Int32,83
1774014309.196508,/metrics/pcl/fused/points_in,std_msgs/msg/Int32,41889
1774014309.1965697,/metrics/pcl/fused/processing_ms,std_msgs/msg/Float32,140.1136016845703
1774014309.6732323,/metrics/pcl/fused/detections_count,std_msgs/msg/Int32,78
1774014309.6733637,/metrics/pcl/fused/points_in,std_msgs/msg/Int32,41906
1774014309.6734433,/metrics/pcl/fused/processing_ms,std_msgs/msg/Float32,140.8908233642578
1774014309.9130254,/metrics/pcl/fused/detections_count,std_msgs/msg/Int32,82
1774014309.9131687,/metrics/pcl/fused/points_in,std_msgs/msg/Int32,41824
1774014309.9132414,/metrics/pcl/fused/processing_ms,std_msgs/msg/Float32,140.1032257080078
1774014310.3960419,/metrics/pcl/fused/detections_count,std_msgs/msg/Int32,79
1774014310.3961549,/metrics/pcl/fused/points_in,std_msgs/msg/Int32,41936
1774014310.3962176,/metrics/pcl/fused/processing_ms,std_msgs/msg/Float32,146.3137969970703
1774014310.630399,/metrics/pcl/fused/detections_count,std_msgs/msg/Int32,82
1774014310.630507,/metrics/pcl/fused/points_in,std_msgs/msg/Int32,41834
1774014310.630598,/metrics/pcl/fused/processing_ms,std_msgs/msg/Float32,142.82186889648438
1774014310.8744557,/metrics/pcl/fused/detections_count,std_msgs/msg/Int32,82
1774014310.8745623,/metrics/pcl/fused/points_in,std_msgs/msg/Int32,41856
1774014310.8746383,/metrics/pcl/fused/processing_ms,std_msgs/msg/Float32,146.14291381835938
1774014311.1176403,/metrics/pcl/fused/detections_count,std_msgs/msg/Int32,77
1774014311.117736,/metrics/pcl/fused/points_in,std_msgs/msg/Int32,41722
1774014311.1177993,/metrics/pcl/fused/processing_ms,std_msgs/msg/Float32,147.74676513671875
1774014311.357912,/metrics/pcl/fused/detections_count,std_msgs/msg/Int32,81
1774014311.3580072,/metrics/pcl/fused/points_in,std_msgs/msg/Int32,41837
1774014311.3580594,/metrics/pcl/fused/processing_ms,std_msgs/msg/Float32,146.01516723632812
1774014311.8417904,/metrics/pcl/fused/detections_count,std_msgs/msg/Int32,76
1774014311.8419106,/metrics/pcl/fused/points_in,std_msgs/msg/Int32,41877
1774014311.8419693,/metrics/pcl/fused/processing_ms,std_msgs/msg/Float32,144.50991821289062
1774014312.3236854,/metrics/pcl/fused/detections_count,std_msgs/msg/Int32,83
1774014312.3237944,/metrics/pcl/fused/points_in,std_msgs/msg/Int32,41811
1774014312.323856,/metrics/pcl/fused/processing_ms,std_msgs/msg/Float32,139.8419952392578
1774014312.5698936,/metrics/pcl/fused/detections_count,std_msgs/msg/Int32,77
1774014312.570019,/metrics/pcl/fused/points_in,std_msgs/msg/Int32,41864
1774014312.5700872,/metrics/pcl/fused/processing_ms,std_msgs/msg/Float32,142.34963989257812
1774014312.8156204,/metrics/pcl/fused/detections_count,std_msgs/msg/Int32,80
1774014312.8157396,/metrics/pcl/fused/points_in,std_msgs/msg/Int32,41872
1774014312.815834,/metrics/pcl/fused/processing_ms,std_msgs/msg/Float32,143.79437255859375
1774014313.0624187,/metrics/pcl/fused/detections_count,std_msgs/msg/Int32,80
1774014313.0625324,/metrics/pcl/fused/points_in,std_msgs/msg/Int32,41759
1774014313.062596,/metrics/pcl/fused/processing_ms,std_msgs/msg/Float32,144.04544067382812
1774014313.30264,/metrics/pcl/fused/detections_count,std_msgs/msg/Int32,77
1774014313.3027513,/metrics/pcl/fused/points_in,std_msgs/msg/Int32,41789
1774014313.302828,/metrics/pcl/fused/processing_ms,std_msgs/msg/Float32,143.13783264160156
1774014313.5480857,/metrics/pcl/fused/detections_count,std_msgs/msg/Int32,80
1774014313.5481994,/metrics/pcl/fused/points_in,std_msgs/msg/Int32,41899
1774014313.5482652,/metrics/pcl/fused/processing_ms,std_msgs/msg/Float32,145.34226989746094
1774014313.7926362,/metrics/pcl/fused/detections_count,std_msgs/msg/Int32,78
1774014313.7927923,/metrics/pcl/fused/points_in,std_msgs/msg/Int32,41765
1774014313.792931,/metrics/pcl/fused/processing_ms,std_msgs/msg/Float32,143.0998077392578
1774014314.0399556,/metrics/pcl/fused/detections_count,std_msgs/msg/Int32,80
1774014314.0400684,/metrics/pcl/fused/points_in,std_msgs/msg/Int32,41766
1774014314.0401335,/metrics/pcl/fused/processing_ms,std_msgs/msg/Float32,144.5445556640625
1774014314.52779,/metrics/pcl/fused/detections_count,std_msgs/msg/Int32,82
1774014314.527912,/metrics/pcl/fused/points_in,std_msgs/msg/Int32,41759
1774014314.5279803,/metrics/pcl/fused/processing_ms,std_msgs/msg/Float32,143.55972290039062
1774014314.771897,/metrics/pcl/fused/detections_count,std_msgs/msg/Int32,84
1774014314.7720065,/metrics/pcl/fused/points_in,std_msgs/msg/Int32,41794
1774014314.772064,/metrics/pcl/fused/processing_ms,std_msgs/msg/Float32,142.34036254882812
1774014315.02026,/metrics/pcl/fused/detections_count,std_msgs/msg/Int32,88
1774014315.0203707,/metrics/pcl/fused/points_in,std_msgs/msg/Int32,41746
1774014315.0204372,/metrics/pcl/fused/processing_ms,std_msgs/msg/Float32,143.58242797851562
1774014315.261146,/metrics/pcl/fused/detections_count,std_msgs/msg/Int32,77
1774014315.261255,/metrics/pcl/fused/points_in,std_msgs/msg/Int32,41724
1774014315.2613204,/metrics/pcl/fused/processing_ms,std_msgs/msg/Float32,139.63681030273438
1774014315.5072196,/metrics/pcl/fused/detections_count,std_msgs/msg/Int32,78
1774014315.5073845,/metrics/pcl/fused/points_in,std_msgs/msg/Int32,41665
1774014315.507481,/metrics/pcl/fused/processing_ms,std_msgs/msg/Float32,143.2178497314453
1774014315.7548454,/metrics/pcl/fused/detections_count,std_msgs/msg/Int32,79
1774014315.755,/metrics/pcl/fused/points_in,std_msgs/msg/Int32,41814
1774014315.7550955,/metrics/pcl/fused/processing_ms,std_msgs/msg/Float32,143.26025390625
1774014316.0036197,/metrics/pcl/fused/detections_count,std_msgs/msg/Int32,76
1774014316.003752,/metrics/pcl/fused/points_in,std_msgs/msg/Int32,41790
1774014316.0038147,/metrics/pcl/fused/processing_ms,std_msgs/msg/Float32,145.16859436035156
1774014316.4864128,/metrics/pcl/fused/detections_count,std_msgs/msg/Int32,83
1774014316.4865525,/metrics/pcl/fused/points_in,std_msgs/msg/Int32,41841
1774014316.4866168,/metrics/pcl/fused/processing_ms,std_msgs/msg/Float32,141.82913208007812
1774014316.7331254,/metrics/pcl/fused/detections_count,std_msgs/msg/Int32,88
1774014316.733233,/metrics/pcl/fused/points_in,std_msgs/msg/Int32,41741
1774014316.7332957,/metrics/pcl/fused/processing_ms,std_msgs/msg/Float32,143.25209045410156
1774014317.2220016,/metrics/pcl/fused/detections_count,std_msgs/msg/Int32,79
1774014317.2221117,/metrics/pcl/fused/points_in,std_msgs/msg/Int32,41694
1774014317.2221878,/metrics/pcl/fused/processing_ms,std_msgs/msg/Float32,142.62562561035156
1774014317.4653635,/metrics/pcl/fused/detections_count,std_msgs/msg/Int32,81
1774014317.4655252,/metrics/pcl/fused/processing_ms,std_msgs/msg/Float32,140.90042114257812
1774014317.4657922,/metrics/pcl/fused/points_in,std_msgs/msg/Int32,41764
1774014317.9535115,/metrics/pcl/fused/detections_count,std_msgs/msg/Int32,79
1774014317.953632,/metrics/pcl/fused/points_in,std_msgs/msg/Int32,41868
1774014317.9537058,/metrics/pcl/fused/processing_ms,std_msgs/msg/Float32,141.15638732910156
1774014318.4380023,/metrics/pcl/fused/detections_count,std_msgs/msg/Int32,84
1774014318.4381497,/metrics/pcl/fused/points_in,std_msgs/msg/Int32,41916
1774014318.4382641,/metrics/pcl/fused/processing_ms,std_msgs/msg/Float32,142.41110229492188
1774014318.6846566,/metrics/pcl/fused/detections_count,std_msgs/msg/Int32,78
1774014318.684774,/metrics/pcl/fused/points_in,std_msgs/msg/Int32,41769
1774014318.6848469,/metrics/pcl/fused/processing_ms,std_msgs/msg/Float32,144.6956024169922
1774014318.9252908,/metrics/pcl/fused/detections_count,std_msgs/msg/Int32,84
1774014318.9254317,/metrics/pcl/fused/points_in,std_msgs/msg/Int32,41940
1774014318.9254935,/metrics/pcl/fused/processing_ms,std_msgs/msg/Float32,140.77410888671875
1774014319.1717534,/metrics/pcl/fused/detections_count,std_msgs/msg/Int32,81
1774014319.171861,/metrics/pcl/fused/points_in,std_msgs/msg/Int32,41783
1774014319.1719415,/metrics/pcl/fused/processing_ms,std_msgs/msg/Float32,139.08299255371094
1774014319.4207046,/metrics/pcl/fused/detections_count,std_msgs/msg/Int32,82
1774014319.4208112,/metrics/pcl/fused/points_in,std_msgs/msg/Int32,41848
1774014319.4208875,/metrics/pcl/fused/processing_ms,std_msgs/msg/Float32,142.2288360595703
1774014319.654748,/metrics/pcl/fused/detections_count,std_msgs/msg/Int32,76
1774014319.6548572,/metrics/pcl/fused/points_in,std_msgs/msg/Int32,41878
1774014319.6549404,/metrics/pcl/fused/processing_ms,std_msgs/msg/Float32,142.34353637695312
1774014319.8854349,/metrics/pcl/fused/detections_count,std_msgs/msg/Int32,75
1774014319.8855343,/metrics/pcl/fused/points_in,std_msgs/msg/Int32,42043
1774014319.8855982,/metrics/pcl/fused/processing_ms,std_msgs/msg/Float32,142.152587890625
1774014320.5664809,/metrics/pcl/fused/detections_count,std_msgs/msg/Int32,81
1774014320.5665967,/metrics/pcl/fused/points_in,std_msgs/msg/Int32,41901
1774014320.5666704,/metrics/pcl/fused/processing_ms,std_msgs/msg/Float32,140.95208740234375
1774014320.7954488,/metrics/pcl/fused/detections_count,std_msgs/msg/Int32,78
1774014320.7955692,/metrics/pcl/fused/points_in,std_msgs/msg/Int32,41998
1774014320.7956488,/metrics/pcl/fused/processing_ms,std_msgs/msg/Float32,143.25277709960938
1774014321.0216777,/metrics/pcl/fused/detections_count,std_msgs/msg/Int32,80
1774014321.0217896,/metrics/pcl/fused/points_in,std_msgs/msg/Int32,41943
1774014321.0218532,/metrics/pcl/fused/processing_ms,std_msgs/msg/Float32,141.83761596679688
1774014321.2522745,/metrics/pcl/fused/detections_count,std_msgs/msg/Int32,83
1774014321.2523935,/metrics/pcl/fused/points_in,std_msgs/msg/Int32,41795
1774014321.2525024,/metrics/pcl/fused/processing_ms,std_msgs/msg/Float32,140.5414581298828
1774014321.4814007,/metrics/pcl/fused/detections_count,std_msgs/msg/Int32,77
1774014321.4816127,/metrics/pcl/fused/points_in,std_msgs/msg/Int32,41857
1774014321.4817097,/metrics/pcl/fused/processing_ms,std_msgs/msg/Float32,142.51019287109375
1774014322.3987508,/metrics/pcl/fused/detections_count,std_msgs/msg/Int32,76
1774014322.398846,/metrics/pcl/fused/points_in,std_msgs/msg/Int32,41973
1774014322.3989089,/metrics/pcl/fused/processing_ms,std_msgs/msg/Float32,142.65213012695312
1774014322.6282363,/metrics/pcl/fused/detections_count,std_msgs/msg/Int32,79
1774014322.6283305,/metrics/pcl/fused/points_in,std_msgs/msg/Int32,41927
1774014322.6283832,/metrics/pcl/fused/processing_ms,std_msgs/msg/Float32,142.10714721679688
1774014322.858142,/metrics/pcl/fused/detections_count,std_msgs/msg/Int32,78
1774014322.8582656,/metrics/pcl/fused/points_in,std_msgs/msg/Int32,41860
1774014322.858331,/metrics/pcl/fused/processing_ms,std_msgs/msg/Float32,141.8607940673828
1774014323.0957239,/metrics/pcl/fused/detections_count,std_msgs/msg/Int32,78
1774014323.0958319,/metrics/pcl/fused/points_in,std_msgs/msg/Int32,41916
1774014323.095908,/metrics/pcl/fused/processing_ms,std_msgs/msg/Float32,149.5368194580078
1774014323.3246784,/metrics/pcl/fused/detections_count,std_msgs/msg/Int32,79
1774014323.3248322,/metrics/pcl/fused/points_in,std_msgs/msg/Int32,42003
1774014323.3249316,/metrics/pcl/fused/processing_ms,std_msgs/msg/Float32,149.45021057128906
1774014324.0184507,/metrics/pcl/fused/detections_count,std_msgs/msg/Int32,81
1774014324.018576,/metrics/pcl/fused/points_in,std_msgs/msg/Int32,42060
1774014324.0186489,/metrics/pcl/fused/processing_ms,std_msgs/msg/Float32,145.68943786621094
1774014324.2477548,/metrics/pcl/fused/detections_count,std_msgs/msg/Int32,80
1774014324.2478611,/metrics/pcl/fused/points_in,std_msgs/msg/Int32,42101
1774014324.2479417,/metrics/pcl/fused/processing_ms,std_msgs/msg/Float32,141.51348876953125
1774014324.478366,/metrics/pcl/fused/detections_count,std_msgs/msg/Int32,80
1774014324.4784727,/metrics/pcl/fused/points_in,std_msgs/msg/Int32,41929
1774014324.4785352,/metrics/pcl/fused/processing_ms,std_msgs/msg/Float32,144.633544921875
1774014324.707628,/metrics/pcl/fused/detections_count,std_msgs/msg/Int32,80
1774014324.7077534,/metrics/pcl/fused/points_in,std_msgs/msg/Int32,41999
1774014324.7118442,/metrics/pcl/fused/processing_ms,std_msgs/msg/Float32,143.40774536132812
1774014324.941391,/metrics/pcl/fused/detections_count,std_msgs/msg/Int32,73
1774014324.941499,/metrics/pcl/fused/points_in,std_msgs/msg/Int32,42092
1774014324.9415605,/metrics/pcl/fused/processing_ms,std_msgs/msg/Float32,145.5584716796875
1774014325.168092,/metrics/pcl/fused/detections_count,std_msgs/msg/Int32,78
1774014325.1681974,/metrics/pcl/fused/points_in,std_msgs/msg/Int32,42074
1774014325.1682599,/metrics/pcl/fused/processing_ms,std_msgs/msg/Float32,142.294189453125
1774014325.403778,/metrics/pcl/fused/detections_count,std_msgs/msg/Int32,82
1774014325.4038973,/metrics/pcl/fused/points_in,std_msgs/msg/Int32,42203
1774014325.4039693,/metrics/pcl/fused/processing_ms,std_msgs/msg/Float32,143.3116455078125
1774014325.6361372,/metrics/pcl/fused/detections_count,std_msgs/msg/Int32,82
1774014325.636248,/metrics/pcl/fused/points_in,std_msgs/msg/Int32,41977
1774014325.6363137,/metrics/pcl/fused/processing_ms,std_msgs/msg/Float32,142.95925903320312
1774014325.8687649,/metrics/pcl/fused/detections_count,std_msgs/msg/Int32,79
1774014325.868884,/metrics/pcl/fused/points_in,std_msgs/msg/Int32,42031
1774014325.8689876,/metrics/pcl/fused/processing_ms,std_msgs/msg/Float32,144.6061553955078
1774014326.1054595,/metrics/pcl/fused/detections_count,std_msgs/msg/Int32,79
1774014326.1055655,/metrics/pcl/fused/points_in,std_msgs/msg/Int32,41909
1774014326.1056273,/metrics/pcl/fused/processing_ms,std_msgs/msg/Float32,145.3399658203125
1774014326.3408022,/metrics/pcl/fused/detections_count,std_msgs/msg/Int32,81
1774014326.3409674,/metrics/pcl/fused/points_in,std_msgs/msg/Int32,42021
1774014326.341079,/metrics/pcl/fused/processing_ms,std_msgs/msg/Float32,145.4564666748047
1774014326.8090773,/metrics/pcl/fused/detections_count,std_msgs/msg/Int32,80
1774014326.8091946,/metrics/pcl/fused/points_in,std_msgs/msg/Int32,42086
1774014326.8092673,/metrics/pcl/fused/processing_ms,std_msgs/msg/Float32,140.36508178710938
1774014327.0439544,/metrics/pcl/fused/detections_count,std_msgs/msg/Int32,81
1774014327.044071,/metrics/pcl/fused/points_in,std_msgs/msg/Int32,42114
1774014327.0441337,/metrics/pcl/fused/processing_ms,std_msgs/msg/Float32,140.75265502929688
1774014327.51371,/metrics/pcl/fused/detections_count,std_msgs/msg/Int32,79
1774014327.5138242,/metrics/pcl/fused/points_in,std_msgs/msg/Int32,42112
1774014327.5139005,/metrics/pcl/fused/processing_ms,std_msgs/msg/Float32,141.9505157470703
1774014327.7504423,/metrics/pcl/fused/detections_count,std_msgs/msg/Int32,78
1774014327.7505908,/metrics/pcl/fused/points_in,std_msgs/msg/Int32,42065
1774014327.7507064,/metrics/pcl/fused/processing_ms,std_msgs/msg/Float32,140.5449981689453
1774014328.7042935,/metrics/pcl/fused/detections_count,std_msgs/msg/Int32,82
1774014328.7043853,/metrics/pcl/fused/points_in,std_msgs/msg/Int32,41959
1774014328.7044368,/metrics/pcl/fused/processing_ms,std_msgs/msg/Float32,146.8927764892578
1774014329.1772425,/metrics/pcl/fused/detections_count,std_msgs/msg/Int32,82
1774014329.1773489,/metrics/pcl/fused/points_in,std_msgs/msg/Int32,41945
1774014329.1774101,/metrics/pcl/fused/processing_ms,std_msgs/msg/Float32,144.32357788085938
1774014329.4112084,/metrics/pcl/fused/detections_count,std_msgs/msg/Int32,81
1774014329.4113255,/metrics/pcl/fused/points_in,std_msgs/msg/Int32,41870
1774014329.41139,/metrics/pcl/fused/processing_ms,std_msgs/msg/Float32,141.5902862548828
1774014331.319931,/metrics/pcl/fused/detections_count,std_msgs/msg/Int32,76
1774014331.3200445,/metrics/pcl/fused/points_in,std_msgs/msg/Int32,41958
1774014331.3201437,/metrics/pcl/fused/processing_ms,std_msgs/msg/Float32,142.80699157714844
1774014331.5649004,/metrics/pcl/fused/detections_count,std_msgs/msg/Int32,84
1774014331.5650148,/metrics/pcl/fused/points_in,std_msgs/msg/Int32,41854
1774014331.565079,/metrics/pcl/fused/processing_ms,std_msgs/msg/Float32,145.66848754882812
1774014331.8057363,/metrics/pcl/fused/detections_count,std_msgs/msg/Int32,81
1774014331.8058434,/metrics/pcl/fused/points_in,std_msgs/msg/Int32,41902
1774014331.8059213,/metrics/pcl/fused/processing_ms,std_msgs/msg/Float32,144.238525390625
1774014332.5297024,/metrics/pcl/fused/detections_count,std_msgs/msg/Int32,85
1774014332.5298188,/metrics/pcl/fused/points_in,std_msgs/msg/Int32,41936
1774014332.529894,/metrics/pcl/fused/processing_ms,std_msgs/msg/Float32,142.1918182373047
1774014332.7722752,/metrics/pcl/fused/detections_count,std_msgs/msg/Int32,79
1774014332.7724223,/metrics/pcl/fused/points_in,std_msgs/msg/Int32,41902
1774014332.7725232,/metrics/pcl/fused/processing_ms,std_msgs/msg/Float32,141.87399291992188
1774014333.014798,/metrics/pcl/fused/detections_count,std_msgs/msg/Int32,77
1774014333.014907,/metrics/pcl/fused/points_in,std_msgs/msg/Int32,41816
1774014333.0149634,/metrics/pcl/fused/processing_ms,std_msgs/msg/Float32,140.10423278808594
1774014333.2574828,/metrics/pcl/fused/detections_count,std_msgs/msg/Int32,77
1774014333.2576025,/metrics/pcl/fused/points_in,std_msgs/msg/Int32,41898
1774014333.2576728,/metrics/pcl/fused/processing_ms,std_msgs/msg/Float32,140.38966369628906
1774014333.5020518,/metrics/pcl/fused/detections_count,std_msgs/msg/Int32,81
1774014333.5021548,/metrics/pcl/fused/points_in,std_msgs/msg/Int32,41893
1774014333.502208,/metrics/pcl/fused/processing_ms,std_msgs/msg/Float32,141.11651611328125
1774014333.7456276,/metrics/pcl/fused/detections_count,std_msgs/msg/Int32,79
1774014333.745746,/metrics/pcl/fused/points_in,std_msgs/msg/Int32,41780
1774014333.7458181,/metrics/pcl/fused/processing_ms,std_msgs/msg/Float32,139.9479522705078
1774014334.2389154,/metrics/pcl/fused/detections_count,std_msgs/msg/Int32,78
1774014334.2390258,/metrics/pcl/fused/points_in,std_msgs/msg/Int32,41659
1774014334.2391045,/metrics/pcl/fused/processing_ms,std_msgs/msg/Float32,138.34396362304688
1774014334.7234676,/metrics/pcl/fused/detections_count,std_msgs/msg/Int32,80
1774014334.7235758,/metrics/pcl/fused/points_in,std_msgs/msg/Int32,41579
1774014334.7236383,/metrics/pcl/fused/processing_ms,std_msgs/msg/Float32,139.09521484375
1774014334.9725652,/metrics/pcl/fused/detections_count,std_msgs/msg/Int32,82
1774014334.9726634,/metrics/pcl/fused/points_in,std_msgs/msg/Int32,41634
1774014334.9727175,/metrics/pcl/fused/processing_ms,std_msgs/msg/Float32,140.25216674804688
1774014335.2129283,/metrics/pcl/fused/detections_count,std_msgs/msg/Int32,81
1774014335.2130404,/metrics/pcl/fused/points_in,std_msgs/msg/Int32,41526
1774014335.2131035,/metrics/pcl/fused/processing_ms,std_msgs/msg/Float32,138.3058319091797
1774014335.4594457,/metrics/pcl/fused/detections_count,std_msgs/msg/Int32,82
1774014335.459582,/metrics/pcl/fused/points_in,std_msgs/msg/Int32,41694
1774014335.4596682,/metrics/pcl/fused/processing_ms,std_msgs/msg/Float32,139.4508514404297
1774014335.703386,/metrics/pcl/fused/detections_count,std_msgs/msg/Int32,87
1774014335.703513,/metrics/pcl/fused/points_in,std_msgs/msg/Int32,41792
1774014335.7035794,/metrics/pcl/fused/processing_ms,std_msgs/msg/Float32,140.12896728515625
1774014335.947746,/metrics/pcl/fused/detections_count,std_msgs/msg/Int32,80
1774014335.9478648,/metrics/pcl/fused/points_in,std_msgs/msg/Int32,41903
1774014335.9479358,/metrics/pcl/fused/processing_ms,std_msgs/msg/Float32,142.01504516601562
1774014336.1950567,/metrics/pcl/fused/detections_count,std_msgs/msg/Int32,80
1774014336.1951673,/metrics/pcl/fused/points_in,std_msgs/msg/Int32,41910
1774014336.1952293,/metrics/pcl/fused/processing_ms,std_msgs/msg/Float32,141.76434326171875
1774014336.4362788,/metrics/pcl/fused/detections_count,std_msgs/msg/Int32,80
1774014336.4363897,/metrics/pcl/fused/points_in,std_msgs/msg/Int32,41964
1774014336.4364524,/metrics/pcl/fused/processing_ms,std_msgs/msg/Float32,139.7434844970703
1774014336.6828094,/metrics/pcl/fused/detections_count,std_msgs/msg/Int32,80
1774014336.6829383,/metrics/pcl/fused/points_in,std_msgs/msg/Int32,41885
1774014336.6830096,/metrics/pcl/fused/processing_ms,std_msgs/msg/Float32,142.307861328125
1774014336.9257839,/metrics/pcl/fused/detections_count,std_msgs/msg/Int32,90
1774014336.9259164,/metrics/pcl/fused/points_in,std_msgs/msg/Int32,41721
1774014336.9259865,/metrics/pcl/fused/processing_ms,std_msgs/msg/Float32,139.7005615234375
1774014337.1766798,/metrics/pcl/fused/detections_count,std_msgs/msg/Int32,84
1774014337.1767871,/metrics/pcl/fused/points_in,std_msgs/msg/Int32,41838
1774014337.1768486,/metrics/pcl/fused/processing_ms,std_msgs/msg/Float32,141.53359985351562
1774014337.667186,/metrics/pcl/fused/detections_count,std_msgs/msg/Int32,86
1774014337.667296,/metrics/pcl/fused/points_in,std_msgs/msg/Int32,41634
1774014337.6673598,/metrics/pcl/fused/processing_ms,std_msgs/msg/Float32,141.02432250976562
1774014337.9186397,/metrics/pcl/fused/detections_count,std_msgs/msg/Int32,82
1774014337.918794,/metrics/pcl/fused/points_in,std_msgs/msg/Int32,41610
1774014337.9188673,/metrics/pcl/fused/processing_ms,std_msgs/msg/Float32,139.6687469482422
1774014338.167854,/metrics/pcl/fused/detections_count,std_msgs/msg/Int32,79
1774014338.167972,/metrics/pcl/fused/points_in,std_msgs/msg/Int32,41775
1774014338.1680515,/metrics/pcl/fused/processing_ms,std_msgs/msg/Float32,139.15602111816406
1774014338.8888075,/metrics/pcl/fused/detections_count,std_msgs/msg/Int32,85
1774014338.8889194,/metrics/pcl/fused/points_in,std_msgs/msg/Int32,41608
1774014338.8889802,/metrics/pcl/fused/processing_ms,std_msgs/msg/Float32,137.5821075439453
1774014339.1372845,/metrics/pcl/fused/detections_count,std_msgs/msg/Int32,82
1774014339.137394,/metrics/pcl/fused/points_in,std_msgs/msg/Int32,41668
1774014339.1374555,/metrics/pcl/fused/processing_ms,std_msgs/msg/Float32,138.0908966064453
1774014339.3646162,/metrics/pcl/fused/detections_count,std_msgs/msg/Int32,84
1774014339.3647337,/metrics/pcl/fused/points_in,std_msgs/msg/Int32,41571
1774014339.364811,/metrics/pcl/fused/processing_ms,std_msgs/msg/Float32,138.7509002685547
1774014339.8197386,/metrics/pcl/fused/detections_count,std_msgs/msg/Int32,74
1774014339.8198502,/metrics/pcl/fused/points_in,std_msgs/msg/Int32,41571
1774014339.8199294,/metrics/pcl/fused/processing_ms,std_msgs/msg/Float32,138.86990356445312
1774014340.0469878,/metrics/pcl/fused/detections_count,std_msgs/msg/Int32,80
1774014340.0470958,/metrics/pcl/fused/points_in,std_msgs/msg/Int32,41609
1774014340.0471582,/metrics/pcl/fused/processing_ms,std_msgs/msg/Float32,140.66831970214844
1774014340.4924896,/metrics/pcl/fused/detections_count,std_msgs/msg/Int32,76
1774014340.492598,/metrics/pcl/fused/points_in,std_msgs/msg/Int32,41543
1774014340.4926622,/metrics/pcl/fused/processing_ms,std_msgs/msg/Float32,139.3848419189453
1774014340.946444,/metrics/pcl/fused/detections_count,std_msgs/msg/Int32,83
1774014340.9465528,/metrics/pcl/fused/points_in,std_msgs/msg/Int32,41547
1774014340.946615,/metrics/pcl/fused/processing_ms,std_msgs/msg/Float32,141.70912170410156
1774014341.172396,/metrics/pcl/fused/detections_count,std_msgs/msg/Int32,78
1774014341.1725016,/metrics/pcl/fused/points_in,std_msgs/msg/Int32,41509
1774014341.1725628,/metrics/pcl/fused/processing_ms,std_msgs/msg/Float32,140.09051513671875
1774014341.396073,/metrics/pcl/fused/detections_count,std_msgs/msg/Int32,82
1774014341.3961751,/metrics/pcl/fused/points_in,std_msgs/msg/Int32,41460
1774014341.396239,/metrics/pcl/fused/processing_ms,std_msgs/msg/Float32,139.15689086914062
1774014341.6231127,/metrics/pcl/fused/detections_count,std_msgs/msg/Int32,78
1774014341.6232293,/metrics/pcl/fused/points_in,std_msgs/msg/Int32,41464
1774014341.6233017,/metrics/pcl/fused/processing_ms,std_msgs/msg/Float32,140.32188415527344
1774014341.8499873,/metrics/pcl/fused/detections_count,std_msgs/msg/Int32,80
1774014341.8501227,/metrics/pcl/fused/points_in,std_msgs/msg/Int32,41428
1774014341.850189,/metrics/pcl/fused/processing_ms,std_msgs/msg/Float32,140.10069274902344
1774014342.3035398,/metrics/pcl/fused/detections_count,std_msgs/msg/Int32,80
1774014342.303648,/metrics/pcl/fused/points_in,std_msgs/msg/Int32,41417
1774014342.3037105,/metrics/pcl/fused/processing_ms,std_msgs/msg/Float32,141.1330108642578
1774014342.5296898,/metrics/pcl/fused/detections_count,std_msgs/msg/Int32,80
1774014342.5298407,/metrics/pcl/fused/points_in,std_msgs/msg/Int32,41525
1774014342.5299551,/metrics/pcl/fused/processing_ms,std_msgs/msg/Float32,140.93359375
1774014342.7529533,/metrics/pcl/fused/detections_count,std_msgs/msg/Int32,80
1774014342.753058,/metrics/pcl/fused/points_in,std_msgs/msg/Int32,41467
1774014342.753112,/metrics/pcl/fused/processing_ms,std_msgs/msg/Float32,137.87355041503906
1774014343.6575165,/metrics/pcl/fused/detections_count,std_msgs/msg/Int32,84
1774014343.6576297,/metrics/pcl/fused/points_in,std_msgs/msg/Int32,41665
1774014343.6576977,/metrics/pcl/fused/processing_ms,std_msgs/msg/Float32,139.83013916015625
1774014343.8878,/metrics/pcl/fused/detections_count,std_msgs/msg/Int32,86
1774014343.8879573,/metrics/pcl/fused/points_in,std_msgs/msg/Int32,41700
1774014343.8880446,/metrics/pcl/fused/processing_ms,std_msgs/msg/Float32,142.11082458496094
1774014344.117512,/metrics/pcl/fused/detections_count,std_msgs/msg/Int32,82
1774014344.117619,/metrics/pcl/fused/points_in,std_msgs/msg/Int32,41580
1774014344.117683,/metrics/pcl/fused/processing_ms,std_msgs/msg/Float32,140.27516174316406
1774014344.3442786,/metrics/pcl/fused/detections_count,std_msgs/msg/Int32,84
1774014344.3443918,/metrics/pcl/fused/points_in,std_msgs/msg/Int32,41739
1774014344.3444548,/metrics/pcl/fused/processing_ms,std_msgs/msg/Float32,139.43321228027344
1774014344.5734918,/metrics/pcl/fused/detections_count,std_msgs/msg/Int32,81
1774014344.5736063,/metrics/pcl/fused/points_in,std_msgs/msg/Int32,41764
1774014344.5736783,/metrics/pcl/fused/processing_ms,std_msgs/msg/Float32,140.92481994628906
1774014344.806046,/metrics/pcl/fused/detections_count,std_msgs/msg/Int32,79
1774014344.806168,/metrics/pcl/fused/points_in,std_msgs/msg/Int32,41751
1774014344.8062313,/metrics/pcl/fused/processing_ms,std_msgs/msg/Float32,143.23341369628906
1774014345.0308566,/metrics/pcl/fused/detections_count,std_msgs/msg/Int32,84
1774014345.030987,/metrics/pcl/fused/points_in,std_msgs/msg/Int32,41604
1774014345.0310574,/metrics/pcl/fused/processing_ms,std_msgs/msg/Float32,139.41018676757812
1774014345.260864,/metrics/pcl/fused/detections_count,std_msgs/msg/Int32,83
1774014345.26098,/metrics/pcl/fused/points_in,std_msgs/msg/Int32,41809
1774014345.2610452,/metrics/pcl/fused/processing_ms,std_msgs/msg/Float32,140.88218688964844
1774014345.5028498,/metrics/pcl/fused/detections_count,std_msgs/msg/Int32,86
1774014345.5029862,/metrics/pcl/fused/points_in,std_msgs/msg/Int32,41896
1774014345.5030525,/metrics/pcl/fused/processing_ms,std_msgs/msg/Float32,142.41104125976562
1774014345.7349288,/metrics/pcl/fused/detections_count,std_msgs/msg/Int32,81
1774014345.7350633,/metrics/pcl/fused/points_in,std_msgs/msg/Int32,41824
1774014345.735156,/metrics/pcl/fused/processing_ms,std_msgs/msg/Float32,141.3152618408203
1774014345.965976,/metrics/pcl/fused/detections_count,std_msgs/msg/Int32,81
1774014345.966099,/metrics/pcl/fused/points_in,std_msgs/msg/Int32,41971
1774014345.9661667,/metrics/pcl/fused/processing_ms,std_msgs/msg/Float32,143.61354064941406
1774014346.1940405,/metrics/pcl/fused/detections_count,std_msgs/msg/Int32,85
1774014346.194163,/metrics/pcl/fused/points_in,std_msgs/msg/Int32,41972
1774014346.1942284,/metrics/pcl/fused/processing_ms,std_msgs/msg/Float32,140.90748596191406
1774014346.4257905,/metrics/pcl/fused/detections_count,std_msgs/msg/Int32,80
1774014346.4259553,/metrics/pcl/fused/points_in,std_msgs/msg/Int32,41985
1774014346.4260323,/metrics/pcl/fused/processing_ms,std_msgs/msg/Float32,140.4038848876953
1774014346.659085,/metrics/pcl/fused/detections_count,std_msgs/msg/Int32,80
1774014346.659176,/metrics/pcl/fused/points_in,std_msgs/msg/Int32,41956
1774014346.6592367,/metrics/pcl/fused/processing_ms,std_msgs/msg/Float32,146.3302764892578
1774014346.8892236,/metrics/pcl/fused/detections_count,std_msgs/msg/Int32,77
1774014346.8893328,/metrics/pcl/fused/points_in,std_msgs/msg/Int32,42085
1774014346.8893995,/metrics/pcl/fused/processing_ms,std_msgs/msg/Float32,143.99073791503906
1774014347.1171536,/metrics/pcl/fused/detections_count,std_msgs/msg/Int32,77
1774014347.117284,/metrics/pcl/fused/points_in,std_msgs/msg/Int32,41944
1774014347.117366,/metrics/pcl/fused/processing_ms,std_msgs/msg/Float32,141.8475341796875
1774014347.3478003,/metrics/pcl/fused/detections_count,std_msgs/msg/Int32,85
1774014347.3479278,/metrics/pcl/fused/points_in,std_msgs/msg/Int32,41882
1774014347.3480089,/metrics/pcl/fused/processing_ms,std_msgs/msg/Float32,139.96920776367188
1774014347.5845363,/metrics/pcl/fused/detections_count,std_msgs/msg/Int32,78
1774014347.584679,/metrics/pcl/fused/points_in,std_msgs/msg/Int32,41967
1774014347.584772,/metrics/pcl/fused/processing_ms,std_msgs/msg/Float32,143.77450561523438
1774014347.815978,/metrics/pcl/fused/detections_count,std_msgs/msg/Int32,82
1774014347.8161218,/metrics/pcl/fused/points_in,std_msgs/msg/Int32,42049
1774014347.8161898,/metrics/pcl/fused/processing_ms,std_msgs/msg/Float32,142.3551025390625
1774014348.051407,/metrics/pcl/fused/detections_count,std_msgs/msg/Int32,80
1774014348.0515141,/metrics/pcl/fused/points_in,std_msgs/msg/Int32,41939
1774014348.05157,/metrics/pcl/fused/processing_ms,std_msgs/msg/Float32,142.96221923828125
1774014348.5199194,/metrics/pcl/fused/detections_count,std_msgs/msg/Int32,78
1774014348.520094,/metrics/pcl/fused/points_in,std_msgs/msg/Int32,41943
1774014348.5201828,/metrics/pcl/fused/processing_ms,std_msgs/msg/Float32,143.92630004882812
1774014348.7524214,/metrics/pcl/fused/detections_count,std_msgs/msg/Int32,83
1774014348.7525344,/metrics/pcl/fused/points_in,std_msgs/msg/Int32,42017
1774014348.7525916,/metrics/pcl/fused/processing_ms,std_msgs/msg/Float32,142.48374938964844
1774014348.9887826,/metrics/pcl/fused/detections_count,std_msgs/msg/Int32,81
1774014348.9889271,/metrics/pcl/fused/points_in,std_msgs/msg/Int32,42094
1774014348.9889975,/metrics/pcl/fused/processing_ms,std_msgs/msg/Float32,142.48939514160156
1774014349.22209,/metrics/pcl/fused/detections_count,std_msgs/msg/Int32,84
1774014349.2222002,/metrics/pcl/fused/points_in,std_msgs/msg/Int32,42043
1774014349.2222748,/metrics/pcl/fused/processing_ms,std_msgs/msg/Float32,140.8553009033203
1774014349.690621,/metrics/pcl/fused/detections_count,std_msgs/msg/Int32,80
1774014349.6907244,/metrics/pcl/fused/points_in,std_msgs/msg/Int32,42116
1774014349.6907792,/metrics/pcl/fused/processing_ms,std_msgs/msg/Float32,142.16632080078125
1774014349.9287667,/metrics/pcl/fused/detections_count,std_msgs/msg/Int32,84
1774014349.9288971,/metrics/pcl/fused/points_in,std_msgs/msg/Int32,42207
1774014349.9289858,/metrics/pcl/fused/processing_ms,std_msgs/msg/Float32,143.97210693359375
1774014350.162515,/metrics/pcl/fused/detections_count,std_msgs/msg/Int32,78
1774014350.1626244,/metrics/pcl/fused/points_in,std_msgs/msg/Int32,42048
1774014350.1626883,/metrics/pcl/fused/processing_ms,std_msgs/msg/Float32,142.4161376953125
1774014350.3990586,/metrics/pcl/fused/detections_count,std_msgs/msg/Int32,82
1774014350.3991752,/metrics/pcl/fused/points_in,std_msgs/msg/Int32,41987
1774014350.3992386,/metrics/pcl/fused/processing_ms,std_msgs/msg/Float32,141.82908630371094
1774014350.6336195,/metrics/pcl/fused/detections_count,std_msgs/msg/Int32,78
1774014350.6337922,/metrics/pcl/fused/points_in,std_msgs/msg/Int32,42003
1774014350.6339235,/metrics/pcl/fused/processing_ms,std_msgs/msg/Float32,141.77572631835938
1774014350.8735936,/metrics/pcl/fused/detections_count,std_msgs/msg/Int32,80
1774014350.8737223,/metrics/pcl/fused/points_in,std_msgs/msg/Int32,41979
1774014350.8738055,/metrics/pcl/fused/processing_ms,std_msgs/msg/Float32,143.9144744873047
1774014351.1141384,/metrics/pcl/fused/detections_count,std_msgs/msg/Int32,79
1774014351.1142662,/metrics/pcl/fused/points_in,std_msgs/msg/Int32,41980
1774014351.1143336,/metrics/pcl/fused/processing_ms,std_msgs/msg/Float32,146.49191284179688
1774014351.345415,/metrics/pcl/fused/detections_count,std_msgs/msg/Int32,84
1774014351.3455343,/metrics/pcl/fused/points_in,std_msgs/msg/Int32,41968
1774014351.3456056,/metrics/pcl/fused/processing_ms,std_msgs/msg/Float32,141.1802215576172
1774014351.5867436,/metrics/pcl/fused/detections_count,std_msgs/msg/Int32,82
1774014351.5868554,/metrics/pcl/fused/points_in,std_msgs/msg/Int32,42020
1774014351.58694,/metrics/pcl/fused/processing_ms,std_msgs/msg/Float32,143.04425048828125
1774014351.8222477,/metrics/pcl/fused/detections_count,std_msgs/msg/Int32,84
1774014351.8223972,/metrics/pcl/fused/points_in,std_msgs/msg/Int32,41966
1774014351.8225005,/metrics/pcl/fused/processing_ms,std_msgs/msg/Float32,139.76248168945312
1774014352.0671217,/metrics/pcl/fused/detections_count,std_msgs/msg/Int32,77
1774014352.0672395,/metrics/pcl/fused/points_in,std_msgs/msg/Int32,41876
1774014352.0673125,/metrics/pcl/fused/processing_ms,std_msgs/msg/Float32,142.54161071777344
1774014353.0229242,/metrics/pcl/fused/detections_count,std_msgs/msg/Int32,82
1774014353.0230358,/metrics/pcl/fused/points_in,std_msgs/msg/Int32,41927
1774014353.0230982,/metrics/pcl/fused/processing_ms,std_msgs/msg/Float32,141.4084930419922
1774014353.2628932,/metrics/pcl/fused/detections_count,std_msgs/msg/Int32,81
1774014353.2630024,/metrics/pcl/fused/points_in,std_msgs/msg/Int32,41758
1774014353.2630653,/metrics/pcl/fused/processing_ms,std_msgs/msg/Float32,141.81109619140625
1774014353.5021088,/metrics/pcl/fused/detections_count,std_msgs/msg/Int32,81
1774014353.502219,/metrics/pcl/fused/points_in,std_msgs/msg/Int32,41848
1774014353.502281,/metrics/pcl/fused/processing_ms,std_msgs/msg/Float32,138.64190673828125
1774014353.7445023,/metrics/pcl/fused/detections_count,std_msgs/msg/Int32,87
1774014353.7446415,/metrics/pcl/fused/points_in,std_msgs/msg/Int32,41749
1774014353.744719,/metrics/pcl/fused/processing_ms,std_msgs/msg/Float32,141.75001525878906
1774014353.9887972,/metrics/pcl/fused/detections_count,std_msgs/msg/Int32,82
1774014353.9889276,/metrics/pcl/fused/points_in,std_msgs/msg/Int32,41779
1774014353.9889858,/metrics/pcl/fused/processing_ms,std_msgs/msg/Float32,141.48577880859375
1774014354.2285914,/metrics/pcl/fused/detections_count,std_msgs/msg/Int32,83
1774014354.2287006,/metrics/pcl/fused/points_in,std_msgs/msg/Int32,41858
1774014354.2287617,/metrics/pcl/fused/processing_ms,std_msgs/msg/Float32,140.6269989013672
1774014354.4676042,/metrics/pcl/fused/detections_count,std_msgs/msg/Int32,87
1774014354.4677444,/metrics/pcl/fused/processing_ms,std_msgs/msg/Float32,141.0263671875
1774014354.4679737,/metrics/pcl/fused/points_in,std_msgs/msg/Int32,41796
1774014354.7071128,/metrics/pcl/fused/detections_count,std_msgs/msg/Int32,77
1774014354.7072196,/metrics/pcl/fused/points_in,std_msgs/msg/Int32,41765
1774014354.7072735,/metrics/pcl/fused/processing_ms,std_msgs/msg/Float32,141.30564880371094
1774014355.1924999,/metrics/pcl/fused/detections_count,std_msgs/msg/Int32,76
1774014355.192612,/metrics/pcl/fused/points_in,std_msgs/msg/Int32,41781
1774014355.1926734,/metrics/pcl/fused/processing_ms,std_msgs/msg/Float32,142.15345764160156
1774014355.43163,/metrics/pcl/fused/detections_count,std_msgs/msg/Int32,74
1774014355.4317322,/metrics/pcl/fused/points_in,std_msgs/msg/Int32,41813
1774014355.431788,/metrics/pcl/fused/processing_ms,std_msgs/msg/Float32,140.94766235351562
1774014355.6744356,/metrics/pcl/fused/detections_count,std_msgs/msg/Int32,78
1774014355.674533,/metrics/pcl/fused/points_in,std_msgs/msg/Int32,41887
1774014355.6745853,/metrics/pcl/fused/processing_ms,std_msgs/msg/Float32,141.64622497558594
1774014355.9155989,/metrics/pcl/fused/detections_count,std_msgs/msg/Int32,81
1774014355.9157104,/metrics/pcl/fused/points_in,std_msgs/msg/Int32,41841
1774014355.9157772,/metrics/pcl/fused/processing_ms,std_msgs/msg/Float32,142.06373596191406
1774014356.1555784,/metrics/pcl/fused/detections_count,std_msgs/msg/Int32,84
1774014356.1556873,/metrics/pcl/fused/points_in,std_msgs/msg/Int32,41814
1774014356.1557484,/metrics/pcl/fused/processing_ms,std_msgs/msg/Float32,136.97093200683594
1774014356.3960955,/metrics/pcl/fused/detections_count,std_msgs/msg/Int32,78
1774014356.3962033,/metrics/pcl/fused/points_in,std_msgs/msg/Int32,41815
1774014356.3962653,/metrics/pcl/fused/processing_ms,std_msgs/msg/Float32,139.5062713623047
1774014356.6445272,/metrics/pcl/fused/detections_count,std_msgs/msg/Int32,83
1774014356.6446366,/metrics/pcl/fused/points_in,std_msgs/msg/Int32,41734
1774014356.644699,/metrics/pcl/fused/processing_ms,std_msgs/msg/Float32,144.1835174560547
1774014356.8829944,/metrics/pcl/fused/detections_count,std_msgs/msg/Int32,85
1774014356.8830898,/metrics/pcl/fused/points_in,std_msgs/msg/Int32,41712
1774014356.883144,/metrics/pcl/fused/processing_ms,std_msgs/msg/Float32,141.1339874267578
1774014357.1274338,/metrics/pcl/fused/detections_count,std_msgs/msg/Int32,79
1774014357.1276128,/metrics/pcl/fused/points_in,std_msgs/msg/Int32,41618
1774014357.1276999,/metrics/pcl/fused/processing_ms,std_msgs/msg/Float32,140.21913146972656
1774014357.6073697,/metrics/pcl/fused/detections_count,std_msgs/msg/Int32,82
1774014357.6075122,/metrics/pcl/fused/points_in,std_msgs/msg/Int32,41579
1774014357.6075742,/metrics/pcl/fused/processing_ms,std_msgs/msg/Float32,137.0773468017578
1774014358.0928082,/metrics/pcl/fused/detections_count,std_msgs/msg/Int32,90
1774014358.0929523,/metrics/pcl/fused/points_in,std_msgs/msg/Int32,41471
1774014358.0930245,/metrics/pcl/fused/processing_ms,std_msgs/msg/Float32,136.59690856933594
1774014358.5766315,/metrics/pcl/fused/detections_count,std_msgs/msg/Int32,77
1774014358.5767283,/metrics/pcl/fused/points_in,std_msgs/msg/Int32,41296
1774014358.5767815,/metrics/pcl/fused/processing_ms,std_msgs/msg/Float32,136.8262939453125
1774014358.8065073,/metrics/pcl/fused/detections_count,std_msgs/msg/Int32,82
1774014358.8066142,/metrics/pcl/fused/points_in,std_msgs/msg/Int32,41293
1774014358.8066761,/metrics/pcl/fused/processing_ms,std_msgs/msg/Float32,139.600830078125
1774014359.2536964,/metrics/pcl/fused/detections_count,std_msgs/msg/Int32,80
1774014359.2538073,/metrics/pcl/fused/points_in,std_msgs/msg/Int32,41094
1774014359.2538779,/metrics/pcl/fused/processing_ms,std_msgs/msg/Float32,135.93991088867188
1774014359.4744637,/metrics/pcl/fused/detections_count,std_msgs/msg/Int32,81
1774014359.4746091,/metrics/pcl/fused/points_in,std_msgs/msg/Int32,40997
1774014359.4747083,/metrics/pcl/fused/processing_ms,std_msgs/msg/Float32,133.66949462890625
1774014359.7011244,/metrics/pcl/fused/detections_count,std_msgs/msg/Int32,77
1774014359.701255,/metrics/pcl/fused/points_in,std_msgs/msg/Int32,40902
1774014359.7013488,/metrics/pcl/fused/processing_ms,std_msgs/msg/Float32,135.7357940673828
1774014359.9275248,/metrics/pcl/fused/detections_count,std_msgs/msg/Int32,84
1774014359.9276283,/metrics/pcl/fused/points_in,std_msgs/msg/Int32,41030
1774014359.9276884,/metrics/pcl/fused/processing_ms,std_msgs/msg/Float32,139.12387084960938
1774014360.1551075,/metrics/pcl/fused/detections_count,std_msgs/msg/Int32,80
1774014360.155215,/metrics/pcl/fused/points_in,std_msgs/msg/Int32,41143
1774014360.1552777,/metrics/pcl/fused/processing_ms,std_msgs/msg/Float32,141.3371124267578
1774014360.374015,/metrics/pcl/fused/detections_count,std_msgs/msg/Int32,77
1774014360.3741224,/metrics/pcl/fused/points_in,std_msgs/msg/Int32,41078
1774014360.3741846,/metrics/pcl/fused/processing_ms,std_msgs/msg/Float32,137.63394165039062
1774014360.5982177,/metrics/pcl/fused/detections_count,std_msgs/msg/Int32,80
1774014360.5983357,/metrics/pcl/fused/points_in,std_msgs/msg/Int32,41245
1774014360.5984087,/metrics/pcl/fused/processing_ms,std_msgs/msg/Float32,139.48648071289062
1774014360.8187177,/metrics/pcl/fused/detections_count,std_msgs/msg/Int32,81
1774014360.8188367,/metrics/pcl/fused/points_in,std_msgs/msg/Int32,41319
1774014360.8189206,/metrics/pcl/fused/processing_ms,std_msgs/msg/Float32,135.6338653564453
1774014361.2691345,/metrics/pcl/fused/detections_count,std_msgs/msg/Int32,80
1774014361.2692285,/metrics/pcl/fused/points_in,std_msgs/msg/Int32,41410
1774014361.2692797,/metrics/pcl/fused/processing_ms,std_msgs/msg/Float32,136.6883087158203
1774014361.4990318,/metrics/pcl/fused/detections_count,std_msgs/msg/Int32,80
1774014361.4991393,/metrics/pcl/fused/points_in,std_msgs/msg/Int32,41506
1774014361.4992034,/metrics/pcl/fused/processing_ms,std_msgs/msg/Float32,139.4010467529297
1774014361.7301242,/metrics/pcl/fused/detections_count,std_msgs/msg/Int32,84
1774014361.7302287,/metrics/pcl/fused/points_in,std_msgs/msg/Int32,41562
1774014361.7302911,/metrics/pcl/fused/processing_ms,std_msgs/msg/Float32,140.361328125
1774014361.9589002,/metrics/pcl/fused/detections_count,std_msgs/msg/Int32,81
1774014361.9590478,/metrics/pcl/fused/points_in,std_msgs/msg/Int32,41496
1774014361.9591346,/metrics/pcl/fused/processing_ms,std_msgs/msg/Float32,140.85562133789062
1774014362.1874952,/metrics/pcl/fused/detections_count,std_msgs/msg/Int32,77
1774014362.1876047,/metrics/pcl/fused/points_in,std_msgs/msg/Int32,41630
1774014362.187666,/metrics/pcl/fused/processing_ms,std_msgs/msg/Float32,140.1686553955078
1774014362.4180803,/metrics/pcl/fused/detections_count,std_msgs/msg/Int32,83
1774014362.4182196,/metrics/pcl/fused/points_in,std_msgs/msg/Int32,41584
1774014362.4182947,/metrics/pcl/fused/processing_ms,std_msgs/msg/Float32,139.29095458984375
1774014362.6463552,/metrics/pcl/fused/detections_count,std_msgs/msg/Int32,78
1774014362.646467,/metrics/pcl/fused/points_in,std_msgs/msg/Int32,41582
1774014362.6465302,/metrics/pcl/fused/processing_ms,std_msgs/msg/Float32,139.3272705078125
1774014363.3326218,/metrics/pcl/fused/detections_count,std_msgs/msg/Int32,82
1774014363.3327315,/metrics/pcl/fused/points_in,std_msgs/msg/Int32,41570
1774014363.3327947,/metrics/pcl/fused/processing_ms,std_msgs/msg/Float32,136.07969665527344
1774014363.5647602,/metrics/pcl/fused/detections_count,std_msgs/msg/Int32,85
1774014363.5648851,/metrics/pcl/fused/points_in,std_msgs/msg/Int32,41611
1774014363.5649683,/metrics/pcl/fused/processing_ms,std_msgs/msg/Float32,139.61135864257812
1774014363.7964332,/metrics/pcl/fused/detections_count,std_msgs/msg/Int32,82
1774014363.7965736,/metrics/pcl/fused/points_in,std_msgs/msg/Int32,41765
1774014363.796683,/metrics/pcl/fused/processing_ms,std_msgs/msg/Float32,139.4847869873047
1774014364.0308034,/metrics/pcl/fused/detections_count,std_msgs/msg/Int32,82
1774014364.0309188,/metrics/pcl/fused/points_in,std_msgs/msg/Int32,41796
1774014364.0348256,/metrics/pcl/fused/processing_ms,std_msgs/msg/Float32,141.86849975585938
1774014364.4910169,/metrics/pcl/fused/detections_count,std_msgs/msg/Int32,77
1774014364.4911125,/metrics/pcl/fused/points_in,std_msgs/msg/Int32,41794
1774014364.491167,/metrics/pcl/fused/processing_ms,std_msgs/msg/Float32,142.2662353515625
1774014364.7246346,/metrics/pcl/fused/detections_count,std_msgs/msg/Int32,81
1774014364.7247832,/metrics/pcl/fused/points_in,std_msgs/msg/Int32,41827
1774014364.724905,/metrics/pcl/fused/processing_ms,std_msgs/msg/Float32,140.76458740234375
1774014365.1894495,/metrics/pcl/fused/detections_count,std_msgs/msg/Int32,80
1774014365.1895614,/metrics/pcl/fused/points_in,std_msgs/msg/Int32,41753
1774014365.18964,/metrics/pcl/fused/processing_ms,std_msgs/msg/Float32,140.34573364257812
1774014365.6537538,/metrics/pcl/fused/detections_count,std_msgs/msg/Int32,79
1774014365.6538882,/metrics/pcl/fused/points_in,std_msgs/msg/Int32,41981
1774014365.6539602,/metrics/pcl/fused/processing_ms,std_msgs/msg/Float32,141.4327392578125
1774014366.5849507,/metrics/pcl/fused/detections_count,std_msgs/msg/Int32,84
1774014366.585067,/metrics/pcl/fused/points_in,std_msgs/msg/Int32,42011
1774014366.5851402,/metrics/pcl/fused/processing_ms,std_msgs/msg/Float32,141.21900939941406
1774014366.8218489,/metrics/pcl/fused/detections_count,std_msgs/msg/Int32,82
1774014366.8219788,/metrics/pcl/fused/points_in,std_msgs/msg/Int32,41921
1774014366.822044,/metrics/pcl/fused/processing_ms,std_msgs/msg/Float32,142.79299926757812
1774014367.3080246,/metrics/pcl/fused/detections_count,std_msgs/msg/Int32,80
1774014367.3081357,/metrics/pcl/fused/points_in,std_msgs/msg/Int32,41981
1774014367.308198,/metrics/pcl/fused/processing_ms,std_msgs/msg/Float32,141.59686279296875
1774014367.5533624,/metrics/pcl/fused/detections_count,std_msgs/msg/Int32,83
1774014367.5534716,/metrics/pcl/fused/points_in,std_msgs/msg/Int32,41947
1774014367.5535355,/metrics/pcl/fused/processing_ms,std_msgs/msg/Float32,140.56478881835938
1774014368.030779,/metrics/pcl/fused/detections_count,std_msgs/msg/Int32,86
1774014368.0309026,/metrics/pcl/fused/points_in,std_msgs/msg/Int32,41824
1774014368.0309706,/metrics/pcl/fused/processing_ms,std_msgs/msg/Float32,140.1114959716797
1774014368.5049412,/metrics/pcl/fused/detections_count,std_msgs/msg/Int32,85
1774014368.5050576,/metrics/pcl/fused/points_in,std_msgs/msg/Int32,41621
1774014368.5051303,/metrics/pcl/fused/processing_ms,std_msgs/msg/Float32,144.06443786621094
1774014368.7389808,/metrics/pcl/fused/detections_count,std_msgs/msg/Int32,87
1774014368.7390997,/metrics/pcl/fused/points_in,std_msgs/msg/Int32,41550
1774014368.739173,/metrics/pcl/fused/processing_ms,std_msgs/msg/Float32,139.69020080566406
1774014368.9770086,/metrics/pcl/fused/detections_count,std_msgs/msg/Int32,72
1774014368.9771085,/metrics/pcl/fused/points_in,std_msgs/msg/Int32,41427
1774014368.9771612,/metrics/pcl/fused/processing_ms,std_msgs/msg/Float32,142.97560119628906
1774014369.2123394,/metrics/pcl/fused/detections_count,std_msgs/msg/Int32,75
1774014369.2124503,/metrics/pcl/fused/points_in,std_msgs/msg/Int32,41367
1774014369.2125132,/metrics/pcl/fused/processing_ms,std_msgs/msg/Float32,141.15660095214844
1774014369.6759884,/metrics/pcl/fused/detections_count,std_msgs/msg/Int32,81
1774014369.6761005,/metrics/pcl/fused/points_in,std_msgs/msg/Int32,41457
1774014369.676162,/metrics/pcl/fused/processing_ms,std_msgs/msg/Float32,140.706787109375
1774014369.9107833,/metrics/pcl/fused/detections_count,std_msgs/msg/Int32,80
1774014369.9109159,/metrics/pcl/fused/points_in,std_msgs/msg/Int32,41424
1774014369.9109836,/metrics/pcl/fused/processing_ms,std_msgs/msg/Float32,139.4971923828125
1774014370.6156769,/metrics/pcl/fused/detections_count,std_msgs/msg/Int32,75
1774014370.6158211,/metrics/pcl/fused/points_in,std_msgs/msg/Int32,41303
1774014370.6158957,/metrics/pcl/fused/processing_ms,std_msgs/msg/Float32,138.73841857910156
1774014370.8528044,/metrics/pcl/fused/detections_count,std_msgs/msg/Int32,76
1774014370.85294,/metrics/pcl/fused/points_in,std_msgs/msg/Int32,41311
1774014370.853018,/metrics/pcl/fused/processing_ms,std_msgs/msg/Float32,138.8131866455078
1774014372.7491894,/metrics/pcl/fused/detections_count,std_msgs/msg/Int32,89
1774014372.7493007,/metrics/pcl/fused/points_in,std_msgs/msg/Int32,40450
1774014372.7493644,/metrics/pcl/fused/processing_ms,std_msgs/msg/Float32,137.042724609375
1774014372.9904916,/metrics/pcl/fused/detections_count,std_msgs/msg/Int32,75
1774014372.9906046,/metrics/pcl/fused/points_in,std_msgs/msg/Int32,40556
1774014372.9906614,/metrics/pcl/fused/processing_ms,std_msgs/msg/Float32,136.46331787109375
1774014373.2270124,/metrics/pcl/fused/detections_count,std_msgs/msg/Int32,83
1774014373.2271304,/metrics/pcl/fused/points_in,std_msgs/msg/Int32,40051
1774014373.2272031,/metrics/pcl/fused/processing_ms,std_msgs/msg/Float32,133.23739624023438
1774014373.4622002,/metrics/pcl/fused/detections_count,std_msgs/msg/Int32,82
1774014373.4623048,/metrics/pcl/fused/points_in,std_msgs/msg/Int32,39729
1774014373.4623585,/metrics/pcl/fused/processing_ms,std_msgs/msg/Float32,130.5982666015625
1774014373.7001467,/metrics/pcl/fused/detections_count,std_msgs/msg/Int32,82
1774014373.7002676,/metrics/pcl/fused/points_in,std_msgs/msg/Int32,39328
1774014373.7003405,/metrics/pcl/fused/processing_ms,std_msgs/msg/Float32,130.87130737304688
1774014374.185949,/metrics/pcl/fused/detections_count,std_msgs/msg/Int32,76
1774014374.1860788,/metrics/pcl/fused/points_in,std_msgs/msg/Int32,40325
1774014374.1861618,/metrics/pcl/fused/processing_ms,std_msgs/msg/Float32,136.6732635498047
1774014374.4246144,/metrics/pcl/fused/detections_count,std_msgs/msg/Int32,81
1774014374.4247222,/metrics/pcl/fused/points_in,std_msgs/msg/Int32,39974
1774014374.424786,/metrics/pcl/fused/processing_ms,std_msgs/msg/Float32,134.9710235595703
1774014374.6600928,/metrics/pcl/fused/detections_count,std_msgs/msg/Int32,71
1774014374.660203,/metrics/pcl/fused/points_in,std_msgs/msg/Int32,38809
1774014374.6602688,/metrics/pcl/fused/processing_ms,std_msgs/msg/Float32,133.071044921875
1774014375.6279278,/metrics/pcl/fused/detections_count,std_msgs/msg/Int32,74
1774014375.6280406,/metrics/pcl/fused/points_in,std_msgs/msg/Int32,42127
1774014375.6281075,/metrics/pcl/fused/processing_ms,std_msgs/msg/Float32,141.84266662597656
1774014376.8334773,/metrics/pcl/fused/detections_count,std_msgs/msg/Int32,74
1774014376.8335867,/metrics/pcl/fused/points_in,std_msgs/msg/Int32,40095
1774014376.833655,/metrics/pcl/fused/processing_ms,std_msgs/msg/Float32,138.99026489257812
1774014377.0779362,/metrics/pcl/fused/detections_count,std_msgs/msg/Int32,74
1774014377.0780466,/metrics/pcl/fused/points_in,std_msgs/msg/Int32,40184
1774014377.0781164,/metrics/pcl/fused/processing_ms,std_msgs/msg/Float32,141.556396484375
1774014377.3167293,/metrics/pcl/fused/detections_count,std_msgs/msg/Int32,81
1774014377.3168569,/metrics/pcl/fused/points_in,std_msgs/msg/Int32,40498
1774014377.3169382,/metrics/pcl/fused/processing_ms,std_msgs/msg/Float32,137.86744689941406
1774014377.5601718,/metrics/pcl/fused/detections_count,std_msgs/msg/Int32,76
1774014377.5602815,/metrics/pcl/fused/points_in,std_msgs/msg/Int32,40960
1774014377.5603395,/metrics/pcl/fused/processing_ms,std_msgs/msg/Float32,140.97474670410156
1774014377.79908,/metrics/pcl/fused/detections_count,std_msgs/msg/Int32,85
1774014377.7992396,/metrics/pcl/fused/points_in,std_msgs/msg/Int32,40939
1774014377.7993133,/metrics/pcl/fused/processing_ms,std_msgs/msg/Float32,139.6341552734375
1774014378.9426148,/metrics/pcl/fused/detections_count,std_msgs/msg/Int32,81
1774014378.942735,/metrics/pcl/fused/points_in,std_msgs/msg/Int32,41723
1774014378.9427981,/metrics/pcl/fused/processing_ms,std_msgs/msg/Float32,138.70924377441406
1774014379.1682937,/metrics/pcl/fused/detections_count,std_msgs/msg/Int32,83
1774014379.1684012,/metrics/pcl/fused/points_in,std_msgs/msg/Int32,41720
1774014379.1684628,/metrics/pcl/fused/processing_ms,std_msgs/msg/Float32,138.97019958496094
1774014379.840808,/metrics/pcl/fused/detections_count,std_msgs/msg/Int32,80
1774014379.8409278,/metrics/pcl/fused/points_in,std_msgs/msg/Int32,41760
1774014379.8409941,/metrics/pcl/fused/processing_ms,std_msgs/msg/Float32,139.5215301513672
1774014380.0725455,/metrics/pcl/fused/detections_count,std_msgs/msg/Int32,78
1774014380.072711,/metrics/pcl/fused/points_in,std_msgs/msg/Int32,41717
1774014380.072765,/metrics/pcl/fused/processing_ms,std_msgs/msg/Float32,144.77293395996094
1774014380.7553153,/metrics/pcl/fused/detections_count,std_msgs/msg/Int32,80
1774014380.7554243,/metrics/pcl/fused/points_in,std_msgs/msg/Int32,42044
1774014380.755489,/metrics/pcl/fused/processing_ms,std_msgs/msg/Float32,145.13954162597656
1774014380.9886968,/metrics/pcl/fused/detections_count,std_msgs/msg/Int32,79
1774014380.9888089,/metrics/pcl/fused/points_in,std_msgs/msg/Int32,42148
1774014380.9888868,/metrics/pcl/fused/processing_ms,std_msgs/msg/Float32,145.4567413330078
1774014381.2130775,/metrics/pcl/fused/detections_count,std_msgs/msg/Int32,83
1774014381.213183,/metrics/pcl/fused/points_in,std_msgs/msg/Int32,42082
1774014381.2132459,/metrics/pcl/fused/processing_ms,std_msgs/msg/Float32,141.96580505371094
1774014381.9032903,/metrics/pcl/fused/detections_count,std_msgs/msg/Int32,83
1774014381.9033985,/metrics/pcl/fused/points_in,std_msgs/msg/Int32,42183
1774014381.9034624,/metrics/pcl/fused/processing_ms,std_msgs/msg/Float32,143.09933471679688
1774014382.134652,/metrics/pcl/fused/detections_count,std_msgs/msg/Int32,82
1774014382.134759,/metrics/pcl/fused/points_in,std_msgs/msg/Int32,42258
1774014382.134825,/metrics/pcl/fused/processing_ms,std_msgs/msg/Float32,140.84921264648438
1774014382.3643594,/metrics/pcl/fused/detections_count,std_msgs/msg/Int32,78
1774014382.3644674,/metrics/pcl/fused/points_in,std_msgs/msg/Int32,42165
1774014382.3645334,/metrics/pcl/fused/processing_ms,std_msgs/msg/Float32,141.4398193359375
1774014382.5925324,/metrics/pcl/fused/detections_count,std_msgs/msg/Int32,83
1774014382.5926435,/metrics/pcl/fused/points_in,std_msgs/msg/Int32,42126
1774014382.5927062,/metrics/pcl/fused/processing_ms,std_msgs/msg/Float32,139.347412109375
1774014382.825086,/metrics/pcl/fused/detections_count,std_msgs/msg/Int32,85
1774014382.8252077,/metrics/pcl/fused/points_in,std_msgs/msg/Int32,42061
1774014382.825287,/metrics/pcl/fused/processing_ms,std_msgs/msg/Float32,140.07901000976562
1774014383.0582833,/metrics/pcl/fused/detections_count,std_msgs/msg/Int32,84
1774014383.0584185,/metrics/pcl/fused/points_in,std_msgs/msg/Int32,42164
1774014383.0584862,/metrics/pcl/fused/processing_ms,std_msgs/msg/Float32,141.62210083007812
1774014383.2901478,/metrics/pcl/fused/detections_count,std_msgs/msg/Int32,85
1774014383.2902572,/metrics/pcl/fused/points_in,std_msgs/msg/Int32,42146
1774014383.290319,/metrics/pcl/fused/processing_ms,std_msgs/msg/Float32,140.6018524169922
1774014383.7549982,/metrics/pcl/fused/detections_count,std_msgs/msg/Int32,75
1774014383.7551157,/metrics/pcl/fused/points_in,std_msgs/msg/Int32,42109
1774014383.7551863,/metrics/pcl/fused/processing_ms,std_msgs/msg/Float32,142.6017608642578
1774014383.990035,/metrics/pcl/fused/detections_count,std_msgs/msg/Int32,76
1774014383.990155,/metrics/pcl/fused/points_in,std_msgs/msg/Int32,42265
1774014383.9902236,/metrics/pcl/fused/processing_ms,std_msgs/msg/Float32,141.84120178222656
1774014384.4534092,/metrics/pcl/fused/detections_count,std_msgs/msg/Int32,80
1774014384.4535253,/metrics/pcl/fused/points_in,std_msgs/msg/Int32,42205
1774014384.45359,/metrics/pcl/fused/processing_ms,std_msgs/msg/Float32,139.71044921875
1774014384.924379,/metrics/pcl/fused/detections_count,std_msgs/msg/Int32,76
1774014384.9244914,/metrics/pcl/fused/points_in,std_msgs/msg/Int32,42096
1774014384.9245536,/metrics/pcl/fused/processing_ms,std_msgs/msg/Float32,142.08840942382812
1774014385.6351798,/metrics/pcl/fused/detections_count,std_msgs/msg/Int32,83
1774014385.6353068,/metrics/pcl/fused/points_in,std_msgs/msg/Int32,42212
1774014385.6353953,/metrics/pcl/fused/processing_ms,std_msgs/msg/Float32,148.90109252929688
1774014386.0996225,/metrics/pcl/fused/detections_count,std_msgs/msg/Int32,81
1774014386.099755,/metrics/pcl/fused/points_in,std_msgs/msg/Int32,42343
1774014386.0998461,/metrics/pcl/fused/processing_ms,std_msgs/msg/Float32,143.53726196289062
1774014386.575149,/metrics/pcl/fused/detections_count,std_msgs/msg/Int32,79
1774014386.5752597,/metrics/pcl/fused/points_in,std_msgs/msg/Int32,42722
1774014386.5753345,/metrics/pcl/fused/processing_ms,std_msgs/msg/Float32,147.04248046875
1774014386.809261,/metrics/pcl/fused/detections_count,std_msgs/msg/Int32,81
1774014386.8093941,/metrics/pcl/fused/points_in,std_msgs/msg/Int32,42694
1774014386.809485,/metrics/pcl/fused/processing_ms,std_msgs/msg/Float32,142.47906494140625
1774014387.0465856,/metrics/pcl/fused/detections_count,std_msgs/msg/Int32,81
1774014387.0467706,/metrics/pcl/fused/points_in,std_msgs/msg/Int32,42690
1774014387.0468621,/metrics/pcl/fused/processing_ms,std_msgs/msg/Float32,141.74627685546875
1774014387.521398,/metrics/pcl/fused/detections_count,std_msgs/msg/Int32,85
1774014387.521525,/metrics/pcl/fused/points_in,std_msgs/msg/Int32,42770
1774014387.5216086,/metrics/pcl/fused/processing_ms,std_msgs/msg/Float32,140.7653350830078
1774014387.7622797,/metrics/pcl/fused/detections_count,std_msgs/msg/Int32,77
1774014387.7624075,/metrics/pcl/fused/points_in,std_msgs/msg/Int32,42814
1774014387.7624967,/metrics/pcl/fused/processing_ms,std_msgs/msg/Float32,143.15882873535156
1774014388.0048554,/metrics/pcl/fused/detections_count,std_msgs/msg/Int32,74
1774014388.005006,/metrics/pcl/fused/points_in,std_msgs/msg/Int32,42794
1774014388.0050974,/metrics/pcl/fused/processing_ms,std_msgs/msg/Float32,142.81765747070312
1774014388.2406964,/metrics/pcl/fused/detections_count,std_msgs/msg/Int32,76
1774014388.2408197,/metrics/pcl/fused/points_in,std_msgs/msg/Int32,42796
1774014388.240902,/metrics/pcl/fused/processing_ms,std_msgs/msg/Float32,141.44732666015625
1774014388.477188,/metrics/pcl/fused/detections_count,std_msgs/msg/Int32,87
1774014388.4773242,/metrics/pcl/fused/points_in,std_msgs/msg/Int32,42777
1774014388.4774349,/metrics/pcl/fused/processing_ms,std_msgs/msg/Float32,139.8460235595703
1774014388.7187898,/metrics/pcl/fused/detections_count,std_msgs/msg/Int32,86
1774014388.7189229,/metrics/pcl/fused/points_in,std_msgs/msg/Int32,42714
1774014388.718995,/metrics/pcl/fused/processing_ms,std_msgs/msg/Float32,142.37376403808594
1774014389.2091208,/metrics/pcl/fused/detections_count,std_msgs/msg/Int32,78
1774014389.2092304,/metrics/pcl/fused/points_in,std_msgs/msg/Int32,42786
1774014389.2092996,/metrics/pcl/fused/processing_ms,std_msgs/msg/Float32,147.79615783691406
1774014389.4578273,/metrics/pcl/fused/detections_count,std_msgs/msg/Int32,85
1774014389.457958,/metrics/pcl/fused/points_in,std_msgs/msg/Int32,42660
1774014389.458034,/metrics/pcl/fused/processing_ms,std_msgs/msg/Float32,140.76651000976562
1774014389.9471273,/metrics/pcl/fused/detections_count,std_msgs/msg/Int32,76
1774014389.947259,/metrics/pcl/fused/points_in,std_msgs/msg/Int32,42670
1774014389.95116,/metrics/pcl/fused/processing_ms,std_msgs/msg/Float32,144.88723754882812
1774014390.4291203,/metrics/pcl/fused/detections_count,std_msgs/msg/Int32,84
1774014390.429266,/metrics/pcl/fused/points_in,std_msgs/msg/Int32,42747
1774014390.4293804,/metrics/pcl/fused/processing_ms,std_msgs/msg/Float32,143.09344482421875
1774014390.673207,/metrics/pcl/fused/detections_count,std_msgs/msg/Int32,74
1774014390.6733544,/metrics/pcl/fused/points_in,std_msgs/msg/Int32,42773
1774014390.6734653,/metrics/pcl/fused/processing_ms,std_msgs/msg/Float32,145.18309020996094
1774014391.158257,/metrics/pcl/fused/detections_count,std_msgs/msg/Int32,84
1774014391.158366,/metrics/pcl/fused/points_in,std_msgs/msg/Int32,42703
1774014391.1584287,/metrics/pcl/fused/processing_ms,std_msgs/msg/Float32,142.7952117919922
1774014391.6437654,/metrics/pcl/fused/detections_count,std_msgs/msg/Int32,78
1774014391.6438975,/metrics/pcl/fused/points_in,std_msgs/msg/Int32,42805
1774014391.6439705,/metrics/pcl/fused/processing_ms,std_msgs/msg/Float32,142.7630157470703
1774014392.1332889,/metrics/pcl/fused/detections_count,std_msgs/msg/Int32,74
1774014392.1333966,/metrics/pcl/fused/points_in,std_msgs/msg/Int32,42704
1774014392.1334646,/metrics/pcl/fused/processing_ms,std_msgs/msg/Float32,143.3186492919922
1774014393.337371,/metrics/pcl/fused/detections_count,std_msgs/msg/Int32,79
1774014393.3374867,/metrics/pcl/fused/points_in,std_msgs/msg/Int32,42672
1774014393.3375547,/metrics/pcl/fused/processing_ms,std_msgs/msg/Float32,142.4591064453125
1774014393.5791094,/metrics/pcl/fused/detections_count,std_msgs/msg/Int32,82
1774014393.5792084,/metrics/pcl/fused/points_in,std_msgs/msg/Int32,42829
1774014393.57926,/metrics/pcl/fused/processing_ms,std_msgs/msg/Float32,142.20675659179688
1774014393.8225832,/metrics/pcl/fused/detections_count,std_msgs/msg/Int32,82
1774014393.82269,/metrics/pcl/fused/points_in,std_msgs/msg/Int32,42696
1774014393.8227532,/metrics/pcl/fused/processing_ms,std_msgs/msg/Float32,140.67599487304688
1774014394.0664098,/metrics/pcl/fused/detections_count,std_msgs/msg/Int32,82
1774014394.0665631,/metrics/pcl/fused/points_in,std_msgs/msg/Int32,42705
1774014394.066667,/metrics/pcl/fused/processing_ms,std_msgs/msg/Float32,142.40806579589844
1774014394.3058002,/metrics/pcl/fused/detections_count,std_msgs/msg/Int32,83
1774014394.305931,/metrics/pcl/fused/points_in,std_msgs/msg/Int32,42707
1774014394.3060327,/metrics/pcl/fused/processing_ms,std_msgs/msg/Float32,141.35768127441406
1774014394.543303,/metrics/pcl/fused/detections_count,std_msgs/msg/Int32,86
1774014394.54341,/metrics/pcl/fused/points_in,std_msgs/msg/Int32,42719
1774014394.5434773,/metrics/pcl/fused/processing_ms,std_msgs/msg/Float32,141.883544921875
1774014394.7848592,/metrics/pcl/fused/detections_count,std_msgs/msg/Int32,80
1774014394.7849815,/metrics/pcl/fused/points_in,std_msgs/msg/Int32,42690
1774014394.7850475,/metrics/pcl/fused/processing_ms,std_msgs/msg/Float32,141.9276580810547
1774014396.221088,/metrics/pcl/fused/detections_count,std_msgs/msg/Int32,81
1774014396.221181,/metrics/pcl/fused/points_in,std_msgs/msg/Int32,42698
1774014396.2212334,/metrics/pcl/fused/processing_ms,std_msgs/msg/Float32,143.54006958007812
1774014396.4619107,/metrics/pcl/fused/detections_count,std_msgs/msg/Int32,85
1774014396.4620132,/metrics/pcl/fused/points_in,std_msgs/msg/Int32,42671
1774014396.4620757,/metrics/pcl/fused/processing_ms,std_msgs/msg/Float32,144.3332061767578
1774014396.9495351,/metrics/pcl/fused/detections_count,std_msgs/msg/Int32,76
1774014396.9496355,/metrics/pcl/fused/points_in,std_msgs/msg/Int32,42943
1774014396.949692,/metrics/pcl/fused/processing_ms,std_msgs/msg/Float32,146.06146240234375
1774014397.1938527,/metrics/pcl/fused/detections_count,std_msgs/msg/Int32,77
1774014397.1940393,/metrics/pcl/fused/points_in,std_msgs/msg/Int32,42881
1774014397.194126,/metrics/pcl/fused/processing_ms,std_msgs/msg/Float32,145.4378662109375
1774014397.4339166,/metrics/pcl/fused/detections_count,std_msgs/msg/Int32,78
1774014397.4340153,/metrics/pcl/fused/points_in,std_msgs/msg/Int32,42695
1774014397.4340699,/metrics/pcl/fused/processing_ms,std_msgs/msg/Float32,145.18089294433594
1774014397.6766427,/metrics/pcl/fused/detections_count,std_msgs/msg/Int32,77
1774014397.6767511,/metrics/pcl/fused/points_in,std_msgs/msg/Int32,42784
1774014397.676813,/metrics/pcl/fused/processing_ms,std_msgs/msg/Float32,144.21510314941406
1774014397.9077055,/metrics/pcl/fused/detections_count,std_msgs/msg/Int32,74
1774014397.9078324,/metrics/pcl/fused/points_in,std_msgs/msg/Int32,42740
1774014397.9079258,/metrics/pcl/fused/processing_ms,std_msgs/msg/Float32,148.4400634765625
1774014398.130106,/metrics/pcl/fused/detections_count,std_msgs/msg/Int32,75
1774014398.1302116,/metrics/pcl/fused/points_in,std_msgs/msg/Int32,42763
1774014398.1302764,/metrics/pcl/fused/processing_ms,std_msgs/msg/Float32,144.4589080810547
1774014398.3501937,/metrics/pcl/fused/detections_count,std_msgs/msg/Int32,79
1774014398.3503313,/metrics/pcl/fused/points_in,std_msgs/msg/Int32,42798
1774014398.3504477,/metrics/pcl/fused/processing_ms,std_msgs/msg/Float32,141.79701232910156
1774014398.5755925,/metrics/pcl/fused/detections_count,std_msgs/msg/Int32,77
1774014398.575697,/metrics/pcl/fused/points_in,std_msgs/msg/Int32,42746
1774014398.5757604,/metrics/pcl/fused/processing_ms,std_msgs/msg/Float32,143.9777069091797
1774014399.0241098,/metrics/pcl/fused/detections_count,std_msgs/msg/Int32,81
1774014399.0242221,/metrics/pcl/fused/points_in,std_msgs/msg/Int32,42712
1774014399.0242856,/metrics/pcl/fused/processing_ms,std_msgs/msg/Float32,142.6425018310547
1774014399.2516809,/metrics/pcl/fused/detections_count,std_msgs/msg/Int32,77
1774014399.2517893,/metrics/pcl/fused/points_in,std_msgs/msg/Int32,42741
1774014399.251867,/metrics/pcl/fused/processing_ms,std_msgs/msg/Float32,142.95440673828125
1774014399.4778304,/metrics/pcl/fused/detections_count,std_msgs/msg/Int32,84
1774014399.4779553,/metrics/pcl/fused/points_in,std_msgs/msg/Int32,42834
1774014399.4780152,/metrics/pcl/fused/processing_ms,std_msgs/msg/Float32,143.81564331054688
1774014399.7111855,/metrics/pcl/fused/detections_count,std_msgs/msg/Int32,76
1774014399.7112882,/metrics/pcl/fused/points_in,std_msgs/msg/Int32,42751
1774014399.7113576,/metrics/pcl/fused/processing_ms,std_msgs/msg/Float32,143.77479553222656
1774014399.9414496,/metrics/pcl/fused/detections_count,std_msgs/msg/Int32,83
1774014399.9415703,/metrics/pcl/fused/points_in,std_msgs/msg/Int32,42740
1774014399.9416366,/metrics/pcl/fused/processing_ms,std_msgs/msg/Float32,141.7799530029297
1774014400.1708393,/metrics/pcl/fused/detections_count,std_msgs/msg/Int32,82
1774014400.170962,/metrics/pcl/fused/points_in,std_msgs/msg/Int32,42749
1774014400.1710246,/metrics/pcl/fused/processing_ms,std_msgs/msg/Float32,142.75135803222656
1774014400.403057,/metrics/pcl/fused/detections_count,std_msgs/msg/Int32,80
1774014400.403164,/metrics/pcl/fused/points_in,std_msgs/msg/Int32,42695
1774014400.4032269,/metrics/pcl/fused/processing_ms,std_msgs/msg/Float32,143.16554260253906
1774014400.6353815,/metrics/pcl/fused/detections_count,std_msgs/msg/Int32,82
1774014400.635493,/metrics/pcl/fused/points_in,std_msgs/msg/Int32,42652
1774014400.6355603,/metrics/pcl/fused/processing_ms,std_msgs/msg/Float32,143.96971130371094
1774014400.8689961,/metrics/pcl/fused/detections_count,std_msgs/msg/Int32,74
1774014400.8691041,/metrics/pcl/fused/points_in,std_msgs/msg/Int32,42767
1774014400.869173,/metrics/pcl/fused/processing_ms,std_msgs/msg/Float32,146.7342071533203
1774014401.101642,/metrics/pcl/fused/detections_count,std_msgs/msg/Int32,73
1774014401.1017492,/metrics/pcl/fused/points_in,std_msgs/msg/Int32,42798
1774014401.1018138,/metrics/pcl/fused/processing_ms,std_msgs/msg/Float32,148.63003540039062
1774014401.328082,/metrics/pcl/fused/detections_count,std_msgs/msg/Int32,79
1774014401.3281875,/metrics/pcl/fused/points_in,std_msgs/msg/Int32,42763
1774014401.3282533,/metrics/pcl/fused/processing_ms,std_msgs/msg/Float32,144.6815948486328
1774014401.5544705,/metrics/pcl/fused/detections_count,std_msgs/msg/Int32,86
1774014401.5545688,/metrics/pcl/fused/points_in,std_msgs/msg/Int32,42694
1774014401.5546236,/metrics/pcl/fused/processing_ms,std_msgs/msg/Float32,141.26480102539062
1774014401.788429,/metrics/pcl/fused/detections_count,std_msgs/msg/Int32,79
1774014401.788549,/metrics/pcl/fused/points_in,std_msgs/msg/Int32,42711
1774014401.7886114,/metrics/pcl/fused/processing_ms,std_msgs/msg/Float32,141.80914306640625
1774014402.0240717,/metrics/pcl/fused/detections_count,std_msgs/msg/Int32,80
1774014402.0242414,/metrics/pcl/fused/processing_ms,std_msgs/msg/Float32,144.0441131591797
1774014402.0244844,/metrics/pcl/fused/points_in,std_msgs/msg/Int32,42820
1774014402.252161,/metrics/pcl/fused/detections_count,std_msgs/msg/Int32,83
1774014402.252268,/metrics/pcl/fused/points_in,std_msgs/msg/Int32,42762
1774014402.2523308,/metrics/pcl/fused/processing_ms,std_msgs/msg/Float32,141.85194396972656
1774014402.486562,/metrics/pcl/fused/detections_count,std_msgs/msg/Int32,77
1774014402.4866989,/metrics/pcl/fused/points_in,std_msgs/msg/Int32,42689
1774014402.4868093,/metrics/pcl/fused/processing_ms,std_msgs/msg/Float32,146.29286193847656
1774014402.724002,/metrics/pcl/fused/detections_count,std_msgs/msg/Int32,81
1774014402.724112,/metrics/pcl/fused/points_in,std_msgs/msg/Int32,42780
1774014402.724178,/metrics/pcl/fused/processing_ms,std_msgs/msg/Float32,148.46633911132812
1774014403.4182928,/metrics/pcl/fused/detections_count,std_msgs/msg/Int32,81
1774014403.4183893,/metrics/pcl/fused/points_in,std_msgs/msg/Int32,42773
1774014403.4184427,/metrics/pcl/fused/processing_ms,std_msgs/msg/Float32,146.51754760742188
1774014404.3438165,/metrics/pcl/fused/detections_count,std_msgs/msg/Int32,79
1774014404.343943,/metrics/pcl/fused/points_in,std_msgs/msg/Int32,42757
1774014404.3440197,/metrics/pcl/fused/processing_ms,std_msgs/msg/Float32,141.16806030273438
1774014404.5799503,/metrics/pcl/fused/detections_count,std_msgs/msg/Int32,81
1774014404.5800588,/metrics/pcl/fused/points_in,std_msgs/msg/Int32,42744
1774014404.5801213,/metrics/pcl/fused/processing_ms,std_msgs/msg/Float32,144.5742645263672
1774014405.045381,/metrics/pcl/fused/detections_count,std_msgs/msg/Int32,79
1774014405.0454965,/metrics/pcl/fused/points_in,std_msgs/msg/Int32,42675
1774014405.0455604,/metrics/pcl/fused/processing_ms,std_msgs/msg/Float32,144.1234893798828
1774014405.2781723,/metrics/pcl/fused/detections_count,std_msgs/msg/Int32,80
1774014405.2783115,/metrics/pcl/fused/points_in,std_msgs/msg/Int32,42727
1774014405.2783942,/metrics/pcl/fused/processing_ms,std_msgs/msg/Float32,139.87057495117188
1774014405.51569,/metrics/pcl/fused/detections_count,std_msgs/msg/Int32,73
1774014405.5158048,/metrics/pcl/fused/points_in,std_msgs/msg/Int32,42787
1774014405.5158665,/metrics/pcl/fused/processing_ms,std_msgs/msg/Float32,145.79747009277344
1774014405.7515643,/metrics/pcl/fused/detections_count,std_msgs/msg/Int32,82
1774014405.7516625,/metrics/pcl/fused/points_in,std_msgs/msg/Int32,42705
1774014405.7517152,/metrics/pcl/fused/processing_ms,std_msgs/msg/Float32,142.41917419433594
1774014405.990725,/metrics/pcl/fused/detections_count,std_msgs/msg/Int32,81
1774014405.9908817,/metrics/pcl/fused/points_in,std_msgs/msg/Int32,42803
1774014405.9909616,/metrics/pcl/fused/processing_ms,std_msgs/msg/Float32,143.2474822998047
1774014406.229516,/metrics/pcl/fused/detections_count,std_msgs/msg/Int32,81
1774014406.2296252,/metrics/pcl/fused/points_in,std_msgs/msg/Int32,42846
1774014406.229691,/metrics/pcl/fused/processing_ms,std_msgs/msg/Float32,142.6773223876953
1774014406.468809,/metrics/pcl/fused/detections_count,std_msgs/msg/Int32,81
1774014406.46893,/metrics/pcl/fused/points_in,std_msgs/msg/Int32,42958
1774014406.4689975,/metrics/pcl/fused/processing_ms,std_msgs/msg/Float32,142.72389221191406
1774014406.707332,/metrics/pcl/fused/detections_count,std_msgs/msg/Int32,80
1774014406.7074473,/metrics/pcl/fused/points_in,std_msgs/msg/Int32,42906
1774014406.7075193,/metrics/pcl/fused/processing_ms,std_msgs/msg/Float32,143.3036346435547
1774014406.9431994,/metrics/pcl/fused/detections_count,std_msgs/msg/Int32,77
1774014406.9433155,/metrics/pcl/fused/points_in,std_msgs/msg/Int32,42762
1774014406.9433863,/metrics/pcl/fused/processing_ms,std_msgs/msg/Float32,141.97146606445312
1774014407.1776953,/metrics/pcl/fused/detections_count,std_msgs/msg/Int32,82
1774014407.1778302,/metrics/pcl/fused/points_in,std_msgs/msg/Int32,42833
1774014407.1779172,/metrics/pcl/fused/processing_ms,std_msgs/msg/Float32,139.59840393066406
1774014407.41933,/metrics/pcl/fused/detections_count,std_msgs/msg/Int32,81
1774014407.419434,/metrics/pcl/fused/points_in,std_msgs/msg/Int32,42889
1774014407.4194868,/metrics/pcl/fused/processing_ms,std_msgs/msg/Float32,142.89576721191406
1774014408.8277464,/metrics/pcl/fused/detections_count,std_msgs/msg/Int32,84
1774014408.8278594,/metrics/pcl/fused/points_in,std_msgs/msg/Int32,42900
1774014408.8279412,/metrics/pcl/fused/processing_ms,std_msgs/msg/Float32,141.247802734375
1774014409.065836,/metrics/pcl/fused/detections_count,std_msgs/msg/Int32,79
1774014409.0659492,/metrics/pcl/fused/points_in,std_msgs/msg/Int32,42915
1774014409.0660055,/metrics/pcl/fused/processing_ms,std_msgs/msg/Float32,142.47061157226562
1774014409.3054714,/metrics/pcl/fused/detections_count,std_msgs/msg/Int32,79
1774014409.305575,/metrics/pcl/fused/points_in,std_msgs/msg/Int32,42834
1774014409.3056397,/metrics/pcl/fused/processing_ms,std_msgs/msg/Float32,143.6207733154297
1774014409.7768335,/metrics/pcl/fused/detections_count,std_msgs/msg/Int32,78
1774014409.7769482,/metrics/pcl/fused/points_in,std_msgs/msg/Int32,42821
1774014409.7770076,/metrics/pcl/fused/processing_ms,std_msgs/msg/Float32,142.53863525390625
1774014410.7262833,/metrics/pcl/fused/detections_count,std_msgs/msg/Int32,88
1774014410.7263834,/metrics/pcl/fused/points_in,std_msgs/msg/Int32,42805
1774014410.7264402,/metrics/pcl/fused/processing_ms,std_msgs/msg/Float32,143.48776245117188
1774014410.972577,/metrics/pcl/fused/detections_count,std_msgs/msg/Int32,82
1774014410.9727056,/metrics/pcl/fused/points_in,std_msgs/msg/Int32,42637
1774014410.9727826,/metrics/pcl/fused/processing_ms,std_msgs/msg/Float32,143.06509399414062
1774014411.4652858,/metrics/pcl/fused/detections_count,std_msgs/msg/Int32,80
1774014411.465448,/metrics/pcl/fused/points_in,std_msgs/msg/Int32,42580
1774014411.4655201,/metrics/pcl/fused/processing_ms,std_msgs/msg/Float32,143.51541137695312
1774014411.7030334,/metrics/pcl/fused/detections_count,std_msgs/msg/Int32,75
1774014411.7031417,/metrics/pcl/fused/points_in,std_msgs/msg/Int32,42561
1774014411.7032042,/metrics/pcl/fused/processing_ms,std_msgs/msg/Float32,145.03250122070312
1774014411.942725,/metrics/pcl/fused/detections_count,std_msgs/msg/Int32,86
1774014411.942883,/metrics/pcl/fused/points_in,std_msgs/msg/Int32,42664
1774014411.9429693,/metrics/pcl/fused/processing_ms,std_msgs/msg/Float32,142.1839599609375
1774014412.1808,/metrics/pcl/fused/detections_count,std_msgs/msg/Int32,86
1774014412.1809313,/metrics/pcl/fused/points_in,std_msgs/msg/Int32,42472
1774014412.181001,/metrics/pcl/fused/processing_ms,std_msgs/msg/Float32,141.77340698242188
1774014412.4194312,/metrics/pcl/fused/detections_count,std_msgs/msg/Int32,87
1774014412.4195416,/metrics/pcl/fused/points_in,std_msgs/msg/Int32,42646
1774014412.419608,/metrics/pcl/fused/processing_ms,std_msgs/msg/Float32,141.64688110351562
1774014412.6601467,/metrics/pcl/fused/detections_count,std_msgs/msg/Int32,85
1774014412.6602635,/metrics/pcl/fused/points_in,std_msgs/msg/Int32,42541
1774014412.6603382,/metrics/pcl/fused/processing_ms,std_msgs/msg/Float32,146.21519470214844
1774014412.899926,/metrics/pcl/fused/detections_count,std_msgs/msg/Int32,78
1774014412.9000444,/metrics/pcl/fused/points_in,std_msgs/msg/Int32,42490
1774014412.900112,/metrics/pcl/fused/processing_ms,std_msgs/msg/Float32,142.84454345703125
1774014413.8603482,/metrics/pcl/fused/detections_count,std_msgs/msg/Int32,80
1774014413.8604958,/metrics/pcl/fused/points_in,std_msgs/msg/Int32,42180
1774014413.8605678,/metrics/pcl/fused/processing_ms,std_msgs/msg/Float32,143.3618927001953
1774014414.1031103,/metrics/pcl/fused/detections_count,std_msgs/msg/Int32,85
1774014414.103224,/metrics/pcl/fused/points_in,std_msgs/msg/Int32,42133
1774014414.103291,/metrics/pcl/fused/processing_ms,std_msgs/msg/Float32,144.4664306640625
1774014414.8259091,/metrics/pcl/fused/detections_count,std_msgs/msg/Int32,80
1774014414.826032,/metrics/pcl/fused/points_in,std_msgs/msg/Int32,41526
1774014414.826102,/metrics/pcl/fused/processing_ms,std_msgs/msg/Float32,142.86810302734375
1774014415.0674849,/metrics/pcl/fused/detections_count,std_msgs/msg/Int32,78
1774014415.0676007,/metrics/pcl/fused/points_in,std_msgs/msg/Int32,41064
1774014415.067665,/metrics/pcl/fused/processing_ms,std_msgs/msg/Float32,140.57345581054688
1774014415.3081598,/metrics/pcl/fused/detections_count,std_msgs/msg/Int32,71
1774014415.308273,/metrics/pcl/fused/points_in,std_msgs/msg/Int32,40864
1774014415.3083389,/metrics/pcl/fused/processing_ms,std_msgs/msg/Float32,138.85997009277344
1774014415.7935085,/metrics/pcl/fused/detections_count,std_msgs/msg/Int32,76
1774014415.7936234,/metrics/pcl/fused/points_in,std_msgs/msg/Int32,40323
1774014415.7936876,/metrics/pcl/fused/processing_ms,std_msgs/msg/Float32,138.71353149414062
1774014416.2703652,/metrics/pcl/fused/detections_count,std_msgs/msg/Int32,76
1774014416.27048,/metrics/pcl/fused/points_in,std_msgs/msg/Int32,38810
1774014416.2705438,/metrics/pcl/fused/processing_ms,std_msgs/msg/Float32,131.59344482421875
1774014416.506412,/metrics/pcl/fused/detections_count,std_msgs/msg/Int32,71
1774014416.5065262,/metrics/pcl/fused/points_in,std_msgs/msg/Int32,38054
1774014416.5065887,/metrics/pcl/fused/processing_ms,std_msgs/msg/Float32,128.73387145996094
1774014416.755069,/metrics/pcl/fused/detections_count,std_msgs/msg/Int32,75
1774014416.7551801,/metrics/pcl/fused/points_in,std_msgs/msg/Int32,38643
1774014416.7552462,/metrics/pcl/fused/processing_ms,std_msgs/msg/Float32,135.68370056152344
1774014417.2436404,/metrics/pcl/fused/detections_count,std_msgs/msg/Int32,82
1774014417.2437475,/metrics/pcl/fused/points_in,std_msgs/msg/Int32,41890
1774014417.243809,/metrics/pcl/fused/processing_ms,std_msgs/msg/Float32,138.05735778808594
1774014417.4792123,/metrics/pcl/fused/detections_count,std_msgs/msg/Int32,87
1774014417.4793687,/metrics/pcl/fused/points_in,std_msgs/msg/Int32,42850
1774014417.4794302,/metrics/pcl/fused/processing_ms,std_msgs/msg/Float32,144.8069610595703
1774014417.9346406,/metrics/pcl/fused/detections_count,std_msgs/msg/Int32,78
1774014417.9347446,/metrics/pcl/fused/points_in,std_msgs/msg/Int32,42526
1774014417.9348118,/metrics/pcl/fused/processing_ms,std_msgs/msg/Float32,143.9481658935547
1774014418.1548378,/metrics/pcl/fused/detections_count,std_msgs/msg/Int32,78
1774014418.1549747,/metrics/pcl/fused/points_in,std_msgs/msg/Int32,41384
1774014418.1550567,/metrics/pcl/fused/processing_ms,std_msgs/msg/Float32,137.38418579101562
1774014418.6090832,/metrics/pcl/fused/detections_count,std_msgs/msg/Int32,71
1774014418.609184,/metrics/pcl/fused/points_in,std_msgs/msg/Int32,39980
1774014418.6092377,/metrics/pcl/fused/processing_ms,std_msgs/msg/Float32,138.39906311035156
1774014419.0531466,/metrics/pcl/fused/detections_count,std_msgs/msg/Int32,78
1774014419.0532713,/metrics/pcl/fused/points_in,std_msgs/msg/Int32,37371
1774014419.0533502,/metrics/pcl/fused/processing_ms,std_msgs/msg/Float32,129.08596801757812
1774014419.2797995,/metrics/pcl/fused/detections_count,std_msgs/msg/Int32,76
1774014419.279944,/metrics/pcl/fused/points_in,std_msgs/msg/Int32,38410
1774014419.2800157,/metrics/pcl/fused/processing_ms,std_msgs/msg/Float32,131.2209930419922
1774014419.7356737,/metrics/pcl/fused/detections_count,std_msgs/msg/Int32,84
1774014419.7357786,/metrics/pcl/fused/points_in,std_msgs/msg/Int32,38452
1774014419.735834,/metrics/pcl/fused/processing_ms,std_msgs/msg/Float32,133.2641143798828
1774014419.9661896,/metrics/pcl/fused/detections_count,std_msgs/msg/Int32,84
1774014419.9663074,/metrics/pcl/fused/points_in,std_msgs/msg/Int32,39395
1774014419.9663804,/metrics/pcl/fused/processing_ms,std_msgs/msg/Float32,135.28067016601562
1774014420.1950004,/metrics/pcl/fused/detections_count,std_msgs/msg/Int32,83
1774014420.195108,/metrics/pcl/fused/points_in,std_msgs/msg/Int32,39920
1774014420.195172,/metrics/pcl/fused/processing_ms,std_msgs/msg/Float32,135.47735595703125
1774014420.4235294,/metrics/pcl/fused/detections_count,std_msgs/msg/Int32,84
1774014420.4236672,/metrics/pcl/fused/points_in,std_msgs/msg/Int32,40097
1774014420.423736,/metrics/pcl/fused/processing_ms,std_msgs/msg/Float32,136.80931091308594
1774014420.6518054,/metrics/pcl/fused/detections_count,std_msgs/msg/Int32,85
1774014420.6519287,/metrics/pcl/fused/points_in,std_msgs/msg/Int32,40128
1774014420.6519883,/metrics/pcl/fused/processing_ms,std_msgs/msg/Float32,137.3582305908203
1774014420.87795,/metrics/pcl/fused/detections_count,std_msgs/msg/Int32,81
1774014420.8780591,/metrics/pcl/fused/points_in,std_msgs/msg/Int32,39785
1774014420.87814,/metrics/pcl/fused/processing_ms,std_msgs/msg/Float32,131.797119140625
1774014421.5637996,/metrics/pcl/fused/detections_count,std_msgs/msg/Int32,85
1774014421.5639193,/metrics/pcl/fused/points_in,std_msgs/msg/Int32,39173
1774014421.5639899,/metrics/pcl/fused/processing_ms,std_msgs/msg/Float32,133.47543334960938
1774014422.2400398,/metrics/pcl/fused/detections_count,std_msgs/msg/Int32,80
1774014422.240152,/metrics/pcl/fused/points_in,std_msgs/msg/Int32,38374
1774014422.2402184,/metrics/pcl/fused/processing_ms,std_msgs/msg/Float32,127.1169662475586
1774014422.7016382,/metrics/pcl/fused/detections_count,std_msgs/msg/Int32,74
1774014422.70175,/metrics/pcl/fused/points_in,std_msgs/msg/Int32,38508
1774014422.7018132,/metrics/pcl/fused/processing_ms,std_msgs/msg/Float32,128.09022521972656
1774014422.9390087,/metrics/pcl/fused/detections_count,std_msgs/msg/Int32,80
1774014422.939121,/metrics/pcl/fused/points_in,std_msgs/msg/Int32,39337
1774014422.9391887,/metrics/pcl/fused/processing_ms,std_msgs/msg/Float32,130.13360595703125
1774014423.176265,/metrics/pcl/fused/detections_count,std_msgs/msg/Int32,79
1774014423.176402,/metrics/pcl/fused/points_in,std_msgs/msg/Int32,39659
1774014423.1764643,/metrics/pcl/fused/processing_ms,std_msgs/msg/Float32,133.9033966064453
1774014423.411287,/metrics/pcl/fused/detections_count,std_msgs/msg/Int32,78
1774014423.411407,/metrics/pcl/fused/points_in,std_msgs/msg/Int32,40154
1774014423.411483,/metrics/pcl/fused/processing_ms,std_msgs/msg/Float32,133.90023803710938
1774014423.6421242,/metrics/pcl/fused/detections_count,std_msgs/msg/Int32,75
1774014423.6422322,/metrics/pcl/fused/points_in,std_msgs/msg/Int32,39665
1774014423.6422954,/metrics/pcl/fused/processing_ms,std_msgs/msg/Float32,132.32843017578125
1774014423.8709903,/metrics/pcl/fused/detections_count,std_msgs/msg/Int32,76
1774014423.8711011,/metrics/pcl/fused/points_in,std_msgs/msg/Int32,38427
1774014423.8711636,/metrics/pcl/fused/processing_ms,std_msgs/msg/Float32,128.0237579345703
1774014424.097468,/metrics/pcl/fused/detections_count,std_msgs/msg/Int32,78
1774014424.097585,/metrics/pcl/fused/points_in,std_msgs/msg/Int32,37445
1774014424.0976484,/metrics/pcl/fused/processing_ms,std_msgs/msg/Float32,123.86394500732422
1774014424.3290617,/metrics/pcl/fused/detections_count,std_msgs/msg/Int32,72
1774014424.3291647,/metrics/pcl/fused/points_in,std_msgs/msg/Int32,37034
1774014424.329237,/metrics/pcl/fused/processing_ms,std_msgs/msg/Float32,121.73690032958984
1774014424.558245,/metrics/pcl/fused/detections_count,std_msgs/msg/Int32,71
1774014424.5583522,/metrics/pcl/fused/points_in,std_msgs/msg/Int32,36864
1774014424.558428,/metrics/pcl/fused/processing_ms,std_msgs/msg/Float32,121.18673706054688
1774014424.793459,/metrics/pcl/fused/detections_count,std_msgs/msg/Int32,72
1774014424.7935712,/metrics/pcl/fused/points_in,std_msgs/msg/Int32,36874
1774014424.7936356,/metrics/pcl/fused/processing_ms,std_msgs/msg/Float32,121.24702453613281
1774014425.0300257,/metrics/pcl/fused/detections_count,std_msgs/msg/Int32,77
1774014425.03019,/metrics/pcl/fused/points_in,std_msgs/msg/Int32,36803
1774014425.0303013,/metrics/pcl/fused/processing_ms,std_msgs/msg/Float32,120.00447845458984
1774014425.2639344,/metrics/pcl/fused/detections_count,std_msgs/msg/Int32,72
1774014425.264069,/metrics/pcl/fused/points_in,std_msgs/msg/Int32,35969
1774014425.2641413,/metrics/pcl/fused/processing_ms,std_msgs/msg/Float32,122.17235565185547
1774014425.500383,/metrics/pcl/fused/detections_count,std_msgs/msg/Int32,74
1774014425.5004797,/metrics/pcl/fused/points_in,std_msgs/msg/Int32,34844
1774014425.5005548,/metrics/pcl/fused/processing_ms,std_msgs/msg/Float32,117.66456604003906
1774014425.7497332,/metrics/pcl/fused/detections_count,std_msgs/msg/Int32,79
1774014425.749858,/metrics/pcl/fused/points_in,std_msgs/msg/Int32,35982
1774014425.7499487,/metrics/pcl/fused/processing_ms,std_msgs/msg/Float32,124.63672637939453
1774014425.9820082,/metrics/pcl/fused/detections_count,std_msgs/msg/Int32,72
1774014425.982133,/metrics/pcl/fused/points_in,std_msgs/msg/Int32,35961
1774014425.982205,/metrics/pcl/fused/processing_ms,std_msgs/msg/Float32,122.97504425048828
1774014426.2185593,/metrics/pcl/fused/detections_count,std_msgs/msg/Int32,74
1774014426.218698,/metrics/pcl/fused/points_in,std_msgs/msg/Int32,36525
1774014426.218772,/metrics/pcl/fused/processing_ms,std_msgs/msg/Float32,125.80488586425781
1774014426.446975,/metrics/pcl/fused/detections_count,std_msgs/msg/Int32,79
1774014426.4470875,/metrics/pcl/fused/points_in,std_msgs/msg/Int32,36256
1774014426.447151,/metrics/pcl/fused/processing_ms,std_msgs/msg/Float32,123.34828186035156
1774014426.6773787,/metrics/pcl/fused/detections_count,std_msgs/msg/Int32,81
1774014426.6774888,/metrics/pcl/fused/points_in,std_msgs/msg/Int32,37117
1774014426.677551,/metrics/pcl/fused/processing_ms,std_msgs/msg/Float32,123.4068603515625
1774014426.9193797,/metrics/pcl/fused/detections_count,std_msgs/msg/Int32,79
1774014426.9194984,/metrics/pcl/fused/points_in,std_msgs/msg/Int32,38745
1774014426.9195533,/metrics/pcl/fused/processing_ms,std_msgs/msg/Float32,131.17166137695312
1774014428.3271685,/metrics/pcl/fused/detections_count,std_msgs/msg/Int32,80
1774014428.327269,/metrics/pcl/fused/points_in,std_msgs/msg/Int32,38540
1774014428.3273244,/metrics/pcl/fused/processing_ms,std_msgs/msg/Float32,128.7370147705078
1774014428.5646708,/metrics/pcl/fused/detections_count,std_msgs/msg/Int32,78
1774014428.56478,/metrics/pcl/fused/points_in,std_msgs/msg/Int32,38613
1774014428.5648444,/metrics/pcl/fused/processing_ms,std_msgs/msg/Float32,130.03094482421875
1774014428.7999258,/metrics/pcl/fused/detections_count,std_msgs/msg/Int32,77
1774014428.8000453,/metrics/pcl/fused/points_in,std_msgs/msg/Int32,38344
1774014428.8001206,/metrics/pcl/fused/processing_ms,std_msgs/msg/Float32,127.73662567138672
1774014429.0387914,/metrics/pcl/fused/detections_count,std_msgs/msg/Int32,77
1774014429.0389135,/metrics/pcl/fused/points_in,std_msgs/msg/Int32,38295
1774014429.0389817,/metrics/pcl/fused/processing_ms,std_msgs/msg/Float32,126.31865692138672
1774014429.5080776,/metrics/pcl/fused/detections_count,std_msgs/msg/Int32,82
1774014429.5081847,/metrics/pcl/fused/points_in,std_msgs/msg/Int32,37809
1774014429.5082455,/metrics/pcl/fused/processing_ms,std_msgs/msg/Float32,125.79376220703125
1774014429.745044,/metrics/pcl/fused/detections_count,std_msgs/msg/Int32,80
1774014429.7451541,/metrics/pcl/fused/points_in,std_msgs/msg/Int32,37539
1774014429.745217,/metrics/pcl/fused/processing_ms,std_msgs/msg/Float32,120.41441345214844
1774014429.9847114,/metrics/pcl/fused/detections_count,std_msgs/msg/Int32,83
1774014429.9848316,/metrics/pcl/fused/points_in,std_msgs/msg/Int32,37229
1774014429.9849145,/metrics/pcl/fused/processing_ms,std_msgs/msg/Float32,120.92411041259766
1774014430.2174392,/metrics/pcl/fused/detections_count,std_msgs/msg/Int32,72
1774014430.2175474,/metrics/pcl/fused/points_in,std_msgs/msg/Int32,36993
1774014430.2176142,/metrics/pcl/fused/processing_ms,std_msgs/msg/Float32,116.00749969482422
1774014430.4525292,/metrics/pcl/fused/detections_count,std_msgs/msg/Int32,78
1774014430.4526486,/metrics/pcl/fused/points_in,std_msgs/msg/Int32,36877
1774014430.4527225,/metrics/pcl/fused/processing_ms,std_msgs/msg/Float32,117.9007568359375
1774014430.6899233,/metrics/pcl/fused/detections_count,std_msgs/msg/Int32,77
1774014430.6900318,/metrics/pcl/fused/points_in,std_msgs/msg/Int32,36312
1774014430.690096,/metrics/pcl/fused/processing_ms,std_msgs/msg/Float32,114.41474914550781
1774014430.9226243,/metrics/pcl/fused/detections_count,std_msgs/msg/Int32,78
1774014430.9227517,/metrics/pcl/fused/points_in,std_msgs/msg/Int32,34906
1774014430.9228325,/metrics/pcl/fused/processing_ms,std_msgs/msg/Float32,109.9820785522461
1774014431.1515121,/metrics/pcl/fused/detections_count,std_msgs/msg/Int32,75
1774014431.1516187,/metrics/pcl/fused/points_in,std_msgs/msg/Int32,32563
1774014431.1516829,/metrics/pcl/fused/processing_ms,std_msgs/msg/Float32,103.9526596069336
1774014431.382624,/metrics/pcl/fused/detections_count,std_msgs/msg/Int32,72
1774014431.382719,/metrics/pcl/fused/points_in,std_msgs/msg/Int32,31784
1774014431.382772,/metrics/pcl/fused/processing_ms,std_msgs/msg/Float32,102.79496765136719
1774014431.6114318,/metrics/pcl/fused/detections_count,std_msgs/msg/Int32,68
1774014431.6115637,/metrics/pcl/fused/points_in,std_msgs/msg/Int32,30722
1774014431.6116288,/metrics/pcl/fused/processing_ms,std_msgs/msg/Float32,98.97734832763672
1774014431.852945,/metrics/pcl/fused/detections_count,std_msgs/msg/Int32,64
1774014431.8530526,/metrics/pcl/fused/points_in,std_msgs/msg/Int32,31407
1774014431.853106,/metrics/pcl/fused/processing_ms,std_msgs/msg/Float32,106.55211639404297
1774014432.1003685,/metrics/pcl/fused/detections_count,std_msgs/msg/Int32,66
1774014432.100479,/metrics/pcl/fused/processing_ms,std_msgs/msg/Float32,114.90135955810547
1774014432.10069,/metrics/pcl/fused/points_in,std_msgs/msg/Int32,34996
1774014432.353781,/metrics/pcl/fused/detections_count,std_msgs/msg/Int32,78
1774014432.3539124,/metrics/pcl/fused/points_in,std_msgs/msg/Int32,40361
1774014432.3539813,/metrics/pcl/fused/processing_ms,std_msgs/msg/Float32,128.81228637695312
1774014432.6002874,/metrics/pcl/fused/detections_count,std_msgs/msg/Int32,72
1774014432.6003935,/metrics/pcl/fused/points_in,std_msgs/msg/Int32,40339
1774014432.600457,/metrics/pcl/fused/processing_ms,std_msgs/msg/Float32,129.28802490234375
1774014432.843105,/metrics/pcl/fused/detections_count,std_msgs/msg/Int32,77
1774014432.8432145,/metrics/pcl/fused/points_in,std_msgs/msg/Int32,40748
1774014432.8432758,/metrics/pcl/fused/processing_ms,std_msgs/msg/Float32,127.96947479248047
1774014433.0898116,/metrics/pcl/fused/detections_count,std_msgs/msg/Int32,80
1774014433.089939,/metrics/pcl/fused/points_in,std_msgs/msg/Int32,40568
1774014433.0900116,/metrics/pcl/fused/processing_ms,std_msgs/msg/Float32,131.52401733398438
1774014433.3315516,/metrics/pcl/fused/detections_count,std_msgs/msg/Int32,75
1774014433.3316634,/metrics/pcl/fused/points_in,std_msgs/msg/Int32,41056
1774014433.331727,/metrics/pcl/fused/processing_ms,std_msgs/msg/Float32,130.26718139648438
1774014433.8100915,/metrics/pcl/fused/detections_count,std_msgs/msg/Int32,69
1774014433.8102014,/metrics/pcl/fused/points_in,std_msgs/msg/Int32,40220
1774014433.8102655,/metrics/pcl/fused/processing_ms,std_msgs/msg/Float32,128.31715393066406
1774014434.0560837,/metrics/pcl/fused/detections_count,std_msgs/msg/Int32,78
1774014434.0562162,/metrics/pcl/fused/points_in,std_msgs/msg/Int32,41155
1774014434.0562766,/metrics/pcl/fused/processing_ms,std_msgs/msg/Float32,130.8785858154297
1774014434.2995963,/metrics/pcl/fused/detections_count,std_msgs/msg/Int32,79
1774014434.2997053,/metrics/pcl/fused/points_in,std_msgs/msg/Int32,41110
1774014434.2997673,/metrics/pcl/fused/processing_ms,std_msgs/msg/Float32,128.86878967285156
1774014434.5478067,/metrics/pcl/fused/detections_count,std_msgs/msg/Int32,75
1774014434.5479364,/metrics/pcl/fused/points_in,std_msgs/msg/Int32,41208
1774014434.5480056,/metrics/pcl/fused/processing_ms,std_msgs/msg/Float32,132.22042846679688
1774014435.0347192,/metrics/pcl/fused/detections_count,std_msgs/msg/Int32,69
1774014435.0348601,/metrics/pcl/fused/points_in,std_msgs/msg/Int32,41953
1774014435.0349374,/metrics/pcl/fused/processing_ms,std_msgs/msg/Float32,133.1778564453125
1774014435.277992,/metrics/pcl/fused/detections_count,std_msgs/msg/Int32,65
1774014435.2780995,/metrics/pcl/fused/points_in,std_msgs/msg/Int32,42078
1774014435.2781603,/metrics/pcl/fused/processing_ms,std_msgs/msg/Float32,133.38584899902344
1774014435.5163376,/metrics/pcl/fused/detections_count,std_msgs/msg/Int32,80
1774014435.516468,/metrics/pcl/fused/points_in,std_msgs/msg/Int32,41730
1774014435.5165331,/metrics/pcl/fused/processing_ms,std_msgs/msg/Float32,129.74761962890625
1774014435.7621837,/metrics/pcl/fused/detections_count,std_msgs/msg/Int32,78
1774014435.762294,/metrics/pcl/fused/points_in,std_msgs/msg/Int32,41333
1774014435.7623563,/metrics/pcl/fused/processing_ms,std_msgs/msg/Float32,128.85064697265625
1774014436.0126925,/metrics/pcl/fused/detections_count,std_msgs/msg/Int32,69
1774014436.012819,/metrics/pcl/fused/points_in,std_msgs/msg/Int32,41717
1774014436.0128906,/metrics/pcl/fused/processing_ms,std_msgs/msg/Float32,136.45382690429688
1774014436.2586534,/metrics/pcl/fused/detections_count,std_msgs/msg/Int32,76
1774014436.258763,/metrics/pcl/fused/points_in,std_msgs/msg/Int32,41531
1774014436.2588258,/metrics/pcl/fused/processing_ms,std_msgs/msg/Float32,132.29312133789062
1774014436.7584832,/metrics/pcl/fused/detections_count,std_msgs/msg/Int32,71
1774014436.758596,/metrics/pcl/fused/points_in,std_msgs/msg/Int32,42007
1774014436.7586625,/metrics/pcl/fused/processing_ms,std_msgs/msg/Float32,140.24252319335938
1774014436.9961352,/metrics/pcl/fused/detections_count,std_msgs/msg/Int32,74
1774014436.9962485,/metrics/pcl/fused/points_in,std_msgs/msg/Int32,42411
1774014436.9963214,/metrics/pcl/fused/processing_ms,std_msgs/msg/Float32,142.0605010986328
1774014437.4478126,/metrics/pcl/fused/detections_count,std_msgs/msg/Int32,68
1774014437.4479477,/metrics/pcl/fused/points_in,std_msgs/msg/Int32,42244
1774014437.4480171,/metrics/pcl/fused/processing_ms,std_msgs/msg/Float32,140.90724182128906
1774014437.6741023,/metrics/pcl/fused/detections_count,std_msgs/msg/Int32,72
1774014437.6743057,/metrics/pcl/fused/points_in,std_msgs/msg/Int32,42330
1774014437.6743765,/metrics/pcl/fused/processing_ms,std_msgs/msg/Float32,141.9291229248047
1774014437.9002934,/metrics/pcl/fused/detections_count,std_msgs/msg/Int32,80
1774014437.9004462,/metrics/pcl/fused/points_in,std_msgs/msg/Int32,42261
1774014437.9005253,/metrics/pcl/fused/processing_ms,std_msgs/msg/Float32,142.45489501953125
1774014438.3513618,/metrics/pcl/fused/detections_count,std_msgs/msg/Int32,65
1774014438.3514688,/metrics/pcl/fused/points_in,std_msgs/msg/Int32,42267
1774014438.35153,/metrics/pcl/fused/processing_ms,std_msgs/msg/Float32,142.43104553222656
1774014438.8145578,/metrics/pcl/fused/detections_count,std_msgs/msg/Int32,78
1774014438.8146763,/metrics/pcl/fused/points_in,std_msgs/msg/Int32,42464
1774014438.814749,/metrics/pcl/fused/processing_ms,std_msgs/msg/Float32,151.55661010742188
1774014439.0340295,/metrics/pcl/fused/detections_count,std_msgs/msg/Int32,70
1774014439.034137,/metrics/pcl/fused/points_in,std_msgs/msg/Int32,42593
1774014439.0342336,/metrics/pcl/fused/processing_ms,std_msgs/msg/Float32,142.392578125
1774014439.2589812,/metrics/pcl/fused/detections_count,std_msgs/msg/Int32,72
1774014439.259086,/metrics/pcl/fused/points_in,std_msgs/msg/Int32,41996
1774014439.2591481,/metrics/pcl/fused/processing_ms,std_msgs/msg/Float32,140.5255889892578
1774014439.7117183,/metrics/pcl/fused/detections_count,std_msgs/msg/Int32,71
1774014439.7118554,/metrics/pcl/fused/points_in,std_msgs/msg/Int32,42539
1774014439.7119615,/metrics/pcl/fused/processing_ms,std_msgs/msg/Float32,139.0784454345703
1774014439.940584,/metrics/pcl/fused/detections_count,std_msgs/msg/Int32,75
1774014439.9406936,/metrics/pcl/fused/points_in,std_msgs/msg/Int32,42435
1774014439.9407568,/metrics/pcl/fused/processing_ms,std_msgs/msg/Float32,138.3069305419922
1774014440.174694,/metrics/pcl/fused/detections_count,std_msgs/msg/Int32,83
1774014440.1748183,/metrics/pcl/fused/points_in,std_msgs/msg/Int32,42689
1774014440.174921,/metrics/pcl/fused/processing_ms,std_msgs/msg/Float32,142.2683868408203
1774014440.4046764,/metrics/pcl/fused/detections_count,std_msgs/msg/Int32,76
1774014440.4047925,/metrics/pcl/fused/points_in,std_msgs/msg/Int32,42568
1774014440.404866,/metrics/pcl/fused/processing_ms,std_msgs/msg/Float32,141.18603515625
1774014440.6343799,/metrics/pcl/fused/detections_count,std_msgs/msg/Int32,71
1774014440.6344986,/metrics/pcl/fused/points_in,std_msgs/msg/Int32,42658
1774014440.6345665,/metrics/pcl/fused/processing_ms,std_msgs/msg/Float32,140.40818786621094
1774014440.8630285,/metrics/pcl/fused/detections_count,std_msgs/msg/Int32,73
1774014440.8631334,/metrics/pcl/fused/points_in,std_msgs/msg/Int32,42533
1774014440.8631961,/metrics/pcl/fused/processing_ms,std_msgs/msg/Float32,138.75331115722656
1774014441.0953677,/metrics/pcl/fused/detections_count,std_msgs/msg/Int32,79
1774014441.0954986,/metrics/pcl/fused/points_in,std_msgs/msg/Int32,42902
1774014441.0955715,/metrics/pcl/fused/processing_ms,std_msgs/msg/Float32,141.27267456054688
1774014441.5533924,/metrics/pcl/fused/detections_count,std_msgs/msg/Int32,71
1774014441.5535007,/metrics/pcl/fused/points_in,std_msgs/msg/Int32,42891
1774014441.5535622,/metrics/pcl/fused/processing_ms,std_msgs/msg/Float32,137.96432495117188
1774014441.7887437,/metrics/pcl/fused/detections_count,std_msgs/msg/Int32,76
1774014441.7888553,/metrics/pcl/fused/points_in,std_msgs/msg/Int32,43201
1774014441.7889364,/metrics/pcl/fused/processing_ms,std_msgs/msg/Float32,138.955078125
1774014442.4865344,/metrics/pcl/fused/detections_count,std_msgs/msg/Int32,73
1774014442.4866416,/metrics/pcl/fused/points_in,std_msgs/msg/Int32,43139
1774014442.4866948,/metrics/pcl/fused/processing_ms,std_msgs/msg/Float32,139.1154022216797
1774014442.7229285,/metrics/pcl/fused/detections_count,std_msgs/msg/Int32,75
1774014442.723045,/metrics/pcl/fused/points_in,std_msgs/msg/Int32,42953
1774014442.7231007,/metrics/pcl/fused/processing_ms,std_msgs/msg/Float32,139.0862579345703
1774014442.9642057,/metrics/pcl/fused/detections_count,std_msgs/msg/Int32,72
1774014442.9643157,/metrics/pcl/fused/points_in,std_msgs/msg/Int32,43056
1774014442.964388,/metrics/pcl/fused/processing_ms,std_msgs/msg/Float32,144.95223999023438
1774014443.1944728,/metrics/pcl/fused/detections_count,std_msgs/msg/Int32,71
1774014443.1945853,/metrics/pcl/fused/points_in,std_msgs/msg/Int32,43144
1774014443.194652,/metrics/pcl/fused/processing_ms,std_msgs/msg/Float32,138.0796356201172
1774014443.427352,/metrics/pcl/fused/detections_count,std_msgs/msg/Int32,74
1774014443.4274645,/metrics/pcl/fused/points_in,std_msgs/msg/Int32,42893
1774014443.4275289,/metrics/pcl/fused/processing_ms,std_msgs/msg/Float32,135.9444580078125
1774014443.6637473,/metrics/pcl/fused/detections_count,std_msgs/msg/Int32,78
1774014443.6638443,/metrics/pcl/fused/points_in,std_msgs/msg/Int32,42748
1774014443.663945,/metrics/pcl/fused/processing_ms,std_msgs/msg/Float32,137.04067993164062
1774014443.9046044,/metrics/pcl/fused/detections_count,std_msgs/msg/Int32,79
1774014443.904756,/metrics/pcl/fused/points_in,std_msgs/msg/Int32,42752
1774014443.9048967,/metrics/pcl/fused/processing_ms,std_msgs/msg/Float32,139.26712036132812
1774014444.1376896,/metrics/pcl/fused/detections_count,std_msgs/msg/Int32,75
1774014444.13786,/metrics/pcl/fused/points_in,std_msgs/msg/Int32,42788
1774014444.138007,/metrics/pcl/fused/processing_ms,std_msgs/msg/Float32,136.20201110839844
1774014444.6110227,/metrics/pcl/fused/detections_count,std_msgs/msg/Int32,73
1774014444.611127,/metrics/pcl/fused/points_in,std_msgs/msg/Int32,42723
1774014444.6111832,/metrics/pcl/fused/processing_ms,std_msgs/msg/Float32,136.53515625
1774014444.854624,/metrics/pcl/fused/detections_count,std_msgs/msg/Int32,70
1774014444.854721,/metrics/pcl/fused/points_in,std_msgs/msg/Int32,42618
1774014444.8547797,/metrics/pcl/fused/processing_ms,std_msgs/msg/Float32,139.86325073242188
1774014445.0918381,/metrics/pcl/fused/detections_count,std_msgs/msg/Int32,72
1774014445.091942,/metrics/pcl/fused/points_in,std_msgs/msg/Int32,42803
1774014445.092,/metrics/pcl/fused/processing_ms,std_msgs/msg/Float32,138.0954132080078
1774014445.3305795,/metrics/pcl/fused/detections_count,std_msgs/msg/Int32,82
1774014445.3306904,/metrics/pcl/fused/points_in,std_msgs/msg/Int32,42751
1774014445.3307548,/metrics/pcl/fused/processing_ms,std_msgs/msg/Float32,136.32615661621094
1774014445.8114629,/metrics/pcl/fused/detections_count,std_msgs/msg/Int32,71
1774014445.8115735,/metrics/pcl/fused/points_in,std_msgs/msg/Int32,42656
1774014445.8116357,/metrics/pcl/fused/processing_ms,std_msgs/msg/Float32,139.17782592773438
1774014446.2811797,/metrics/pcl/fused/detections_count,std_msgs/msg/Int32,65
1774014446.2814677,/metrics/pcl/fused/points_in,std_msgs/msg/Int32,40123
1774014446.281544,/metrics/pcl/fused/processing_ms,std_msgs/msg/Float32,129.06199645996094
1774014446.5202785,/metrics/pcl/fused/detections_count,std_msgs/msg/Int32,62
1774014446.5203962,/metrics/pcl/fused/points_in,std_msgs/msg/Int32,38375
1774014446.5204656,/metrics/pcl/fused/processing_ms,std_msgs/msg/Float32,127.41729736328125
1774014446.751535,/metrics/pcl/fused/detections_count,std_msgs/msg/Int32,65
1774014446.7516537,/metrics/pcl/fused/points_in,std_msgs/msg/Int32,36216
1774014446.7517672,/metrics/pcl/fused/processing_ms,std_msgs/msg/Float32,121.0927505493164
1774014446.9924853,/metrics/pcl/fused/detections_count,std_msgs/msg/Int32,69
1774014446.9926288,/metrics/pcl/fused/points_in,std_msgs/msg/Int32,37884
1774014446.9927335,/metrics/pcl/fused/processing_ms,std_msgs/msg/Float32,124.48218536376953
1774014447.2307587,/metrics/pcl/fused/detections_count,std_msgs/msg/Int32,64
1774014447.2308679,/metrics/pcl/fused/points_in,std_msgs/msg/Int32,39294
1774014447.2309456,/metrics/pcl/fused/processing_ms,std_msgs/msg/Float32,125.33641052246094
1774014447.7216768,/metrics/pcl/fused/detections_count,std_msgs/msg/Int32,75
1774014447.7218394,/metrics/pcl/fused/points_in,std_msgs/msg/Int32,42341
1774014447.7219305,/metrics/pcl/fused/processing_ms,std_msgs/msg/Float32,134.84552001953125
1774014447.9680607,/metrics/pcl/fused/detections_count,std_msgs/msg/Int32,77
1774014447.9681718,/metrics/pcl/fused/points_in,std_msgs/msg/Int32,42656
1774014447.9682357,/metrics/pcl/fused/processing_ms,std_msgs/msg/Float32,135.06370544433594
1774014448.2129602,/metrics/pcl/fused/detections_count,std_msgs/msg/Int32,71
1774014448.2131,/metrics/pcl/fused/points_in,std_msgs/msg/Int32,42811
1774014448.2131789,/metrics/pcl/fused/processing_ms,std_msgs/msg/Float32,135.65939331054688
1774014448.4566078,/metrics/pcl/fused/detections_count,std_msgs/msg/Int32,80
1774014448.4567404,/metrics/pcl/fused/points_in,std_msgs/msg/Int32,42792
1774014448.4568133,/metrics/pcl/fused/processing_ms,std_msgs/msg/Float32,135.66761779785156
1774014448.9472904,/metrics/pcl/fused/detections_count,std_msgs/msg/Int32,69
1774014448.947398,/metrics/pcl/fused/points_in,std_msgs/msg/Int32,42875
1774014448.9474607,/metrics/pcl/fused/processing_ms,std_msgs/msg/Float32,134.44790649414062
1774014449.1951115,/metrics/pcl/fused/detections_count,std_msgs/msg/Int32,73
1774014449.195219,/metrics/pcl/fused/points_in,std_msgs/msg/Int32,42865
1774014449.1952796,/metrics/pcl/fused/processing_ms,std_msgs/msg/Float32,138.60641479492188
1774014449.6844585,/metrics/pcl/fused/detections_count,std_msgs/msg/Int32,67
1774014449.6845636,/metrics/pcl/fused/points_in,std_msgs/msg/Int32,42793
1774014449.6846356,/metrics/pcl/fused/processing_ms,std_msgs/msg/Float32,139.09817504882812
1774014450.420354,/metrics/pcl/fused/detections_count,std_msgs/msg/Int32,71
1774014450.4204633,/metrics/pcl/fused/points_in,std_msgs/msg/Int32,42721
1774014450.420525,/metrics/pcl/fused/processing_ms,std_msgs/msg/Float32,137.41867065429688
1774014451.155943,/metrics/pcl/fused/detections_count,std_msgs/msg/Int32,74
1774014451.1560583,/metrics/pcl/fused/points_in,std_msgs/msg/Int32,42761
1774014451.1561208,/metrics/pcl/fused/processing_ms,std_msgs/msg/Float32,138.3988800048828
1774014451.8861835,/metrics/pcl/fused/detections_count,std_msgs/msg/Int32,67
1774014451.886284,/metrics/pcl/fused/points_in,std_msgs/msg/Int32,41791
1774014451.886337,/metrics/pcl/fused/processing_ms,std_msgs/msg/Float32,134.75485229492188
1774014452.623804,/metrics/pcl/fused/detections_count,std_msgs/msg/Int32,71
1774014452.6239655,/metrics/pcl/fused/points_in,std_msgs/msg/Int32,42299
1774014452.6240516,/metrics/pcl/fused/processing_ms,std_msgs/msg/Float32,138.96478271484375
1774014452.8699787,/metrics/pcl/fused/detections_count,std_msgs/msg/Int32,78
1774014452.870102,/metrics/pcl/fused/points_in,std_msgs/msg/Int32,42703
1774014452.8701744,/metrics/pcl/fused/processing_ms,std_msgs/msg/Float32,135.56134033203125
1774014453.120117,/metrics/pcl/fused/detections_count,std_msgs/msg/Int32,75
1774014453.1202269,/metrics/pcl/fused/points_in,std_msgs/msg/Int32,42397
1774014453.120291,/metrics/pcl/fused/processing_ms,std_msgs/msg/Float32,134.8905029296875
1774014453.614172,/metrics/pcl/fused/detections_count,std_msgs/msg/Int32,77
1774014453.6142786,/metrics/pcl/fused/points_in,std_msgs/msg/Int32,42152
1774014453.6143472,/metrics/pcl/fused/processing_ms,std_msgs/msg/Float32,133.6593780517578
1774014453.8607357,/metrics/pcl/fused/detections_count,std_msgs/msg/Int32,88
1774014453.8608313,/metrics/pcl/fused/points_in,std_msgs/msg/Int32,42065
1774014453.8609366,/metrics/pcl/fused/processing_ms,std_msgs/msg/Float32,130.12229919433594
1774014454.1151576,/metrics/pcl/fused/detections_count,std_msgs/msg/Int32,78
1774014454.1152692,/metrics/pcl/fused/points_in,std_msgs/msg/Int32,42119
1774014454.1153328,/metrics/pcl/fused/processing_ms,std_msgs/msg/Float32,134.06614685058594
1774014454.864439,/metrics/pcl/fused/detections_count,std_msgs/msg/Int32,76
1774014454.864549,/metrics/pcl/fused/points_in,std_msgs/msg/Int32,42978
1774014454.8646114,/metrics/pcl/fused/processing_ms,std_msgs/msg/Float32,137.59962463378906
1774014455.1134484,/metrics/pcl/fused/detections_count,std_msgs/msg/Int32,77
1774014455.1135752,/metrics/pcl/fused/points_in,std_msgs/msg/Int32,42931
1774014455.1136627,/metrics/pcl/fused/processing_ms,std_msgs/msg/Float32,136.0420379638672
1774014455.3592172,/metrics/pcl/fused/detections_count,std_msgs/msg/Int32,74
1774014455.3593273,/metrics/pcl/fused/points_in,std_msgs/msg/Int32,42224
1774014455.3593884,/metrics/pcl/fused/processing_ms,std_msgs/msg/Float32,129.7428741455078
1774014455.6124852,/metrics/pcl/fused/detections_count,std_msgs/msg/Int32,79
1774014455.6125908,/metrics/pcl/fused/points_in,std_msgs/msg/Int32,42057
1774014455.6126518,/metrics/pcl/fused/processing_ms,std_msgs/msg/Float32,134.06491088867188
1774014455.8619277,/metrics/pcl/fused/detections_count,std_msgs/msg/Int32,67
1774014455.8620605,/metrics/pcl/fused/points_in,std_msgs/msg/Int32,42332
1774014455.862117,/metrics/pcl/fused/processing_ms,std_msgs/msg/Float32,131.9656524658203
1774014456.1163518,/metrics/pcl/fused/detections_count,std_msgs/msg/Int32,77
1774014456.1164494,/metrics/pcl/fused/points_in,std_msgs/msg/Int32,42423
1774014456.1165018,/metrics/pcl/fused/processing_ms,std_msgs/msg/Float32,135.30035400390625
1774014456.3643894,/metrics/pcl/fused/detections_count,std_msgs/msg/Int32,80
1774014456.3645198,/metrics/pcl/fused/points_in,std_msgs/msg/Int32,42429
1774014456.3646276,/metrics/pcl/fused/processing_ms,std_msgs/msg/Float32,133.8888702392578
1774014456.617098,/metrics/pcl/fused/detections_count,std_msgs/msg/Int32,65
1774014456.6172206,/metrics/pcl/fused/points_in,std_msgs/msg/Int32,42506
1774014456.6172898,/metrics/pcl/fused/processing_ms,std_msgs/msg/Float32,135.95022583007812
1774014456.8496478,/metrics/pcl/fused/detections_count,std_msgs/msg/Int32,68
1774014456.8497648,/metrics/pcl/fused/points_in,std_msgs/msg/Int32,42658
1774014456.849838,/metrics/pcl/fused/processing_ms,std_msgs/msg/Float32,134.6757049560547
1774014457.0774999,/metrics/pcl/fused/detections_count,std_msgs/msg/Int32,70
1774014457.0776165,/metrics/pcl/fused/processing_ms,std_msgs/msg/Float32,135.49266052246094
1774014457.077832,/metrics/pcl/fused/points_in,std_msgs/msg/Int32,42692
1774014457.3046029,/metrics/pcl/fused/detections_count,std_msgs/msg/Int32,73
1774014457.3047109,/metrics/pcl/fused/points_in,std_msgs/msg/Int32,42773
1774014457.3047729,/metrics/pcl/fused/processing_ms,std_msgs/msg/Float32,136.3654327392578
1774014457.529513,/metrics/pcl/fused/detections_count,std_msgs/msg/Int32,72
1774014457.5296106,/metrics/pcl/fused/points_in,std_msgs/msg/Int32,42686
1774014457.529677,/metrics/pcl/fused/processing_ms,std_msgs/msg/Float32,136.0366973876953
1774014457.7568207,/metrics/pcl/fused/detections_count,std_msgs/msg/Int32,72
1774014457.7569485,/metrics/pcl/fused/points_in,std_msgs/msg/Int32,42899
1774014457.7570167,/metrics/pcl/fused/processing_ms,std_msgs/msg/Float32,137.16436767578125
1774014457.9814484,/metrics/pcl/fused/detections_count,std_msgs/msg/Int32,73
1774014457.9815698,/metrics/pcl/fused/points_in,std_msgs/msg/Int32,42809
1774014457.9816422,/metrics/pcl/fused/processing_ms,std_msgs/msg/Float32,135.96937561035156
1774014458.2101195,/metrics/pcl/fused/detections_count,std_msgs/msg/Int32,84
1774014458.2102153,/metrics/pcl/fused/points_in,std_msgs/msg/Int32,42801
1774014458.210268,/metrics/pcl/fused/processing_ms,std_msgs/msg/Float32,138.44476318359375
1774014458.658683,/metrics/pcl/fused/detections_count,std_msgs/msg/Int32,77
1774014458.65879,/metrics/pcl/fused/points_in,std_msgs/msg/Int32,42819
1774014458.6588519,/metrics/pcl/fused/processing_ms,std_msgs/msg/Float32,136.4791259765625
1774014458.8852274,/metrics/pcl/fused/detections_count,std_msgs/msg/Int32,73
1774014458.8853366,/metrics/pcl/fused/points_in,std_msgs/msg/Int32,42263
1774014458.8854003,/metrics/pcl/fused/processing_ms,std_msgs/msg/Float32,136.48715209960938
1774014459.3442495,/metrics/pcl/fused/detections_count,std_msgs/msg/Int32,68
1774014459.3443584,/metrics/pcl/fused/points_in,std_msgs/msg/Int32,40986
1774014459.3444228,/metrics/pcl/fused/processing_ms,std_msgs/msg/Float32,132.38360595703125
1774014459.5714583,/metrics/pcl/fused/detections_count,std_msgs/msg/Int32,66
1774014459.5715692,/metrics/pcl/fused/points_in,std_msgs/msg/Int32,40488
1774014459.5716326,/metrics/pcl/fused/processing_ms,std_msgs/msg/Float32,129.51219177246094
1774014459.808479,/metrics/pcl/fused/detections_count,std_msgs/msg/Int32,66
1774014459.8085916,/metrics/pcl/fused/points_in,std_msgs/msg/Int32,40100
1774014459.8086553,/metrics/pcl/fused/processing_ms,std_msgs/msg/Float32,133.81724548339844
1774014460.0386348,/metrics/pcl/fused/detections_count,std_msgs/msg/Int32,73
1774014460.0387645,/metrics/pcl/fused/points_in,std_msgs/msg/Int32,40737
1774014460.0388284,/metrics/pcl/fused/processing_ms,std_msgs/msg/Float32,128.6097412109375
1774014460.2753928,/metrics/pcl/fused/detections_count,std_msgs/msg/Int32,66
1774014460.2754946,/metrics/pcl/fused/points_in,std_msgs/msg/Int32,41354
1774014460.275556,/metrics/pcl/fused/processing_ms,std_msgs/msg/Float32,130.16128540039062
1774014460.7418172,/metrics/pcl/fused/detections_count,std_msgs/msg/Int32,71
1774014460.741941,/metrics/pcl/fused/points_in,std_msgs/msg/Int32,42062
1774014460.742009,/metrics/pcl/fused/processing_ms,std_msgs/msg/Float32,134.2028045654297
1774014460.9779363,/metrics/pcl/fused/detections_count,std_msgs/msg/Int32,64
1774014460.9780486,/metrics/pcl/fused/points_in,std_msgs/msg/Int32,42145
1774014460.9781122,/metrics/pcl/fused/processing_ms,std_msgs/msg/Float32,132.1844482421875
1774014461.2232451,/metrics/pcl/fused/detections_count,std_msgs/msg/Int32,66
1774014461.2233596,/metrics/pcl/fused/points_in,std_msgs/msg/Int32,42063
1774014461.2234144,/metrics/pcl/fused/processing_ms,std_msgs/msg/Float32,134.7233428955078
1774014461.6956801,/metrics/pcl/fused/detections_count,std_msgs/msg/Int32,73
1774014461.6958098,/metrics/pcl/fused/points_in,std_msgs/msg/Int32,42059
1774014461.6959138,/metrics/pcl/fused/processing_ms,std_msgs/msg/Float32,134.44613647460938
1774014461.9341547,/metrics/pcl/fused/detections_count,std_msgs/msg/Int32,67
1774014461.9342623,/metrics/pcl/fused/points_in,std_msgs/msg/Int32,42078
1774014461.9343262,/metrics/pcl/fused/processing_ms,std_msgs/msg/Float32,134.7425079345703
1774014462.1743321,/metrics/pcl/fused/detections_count,std_msgs/msg/Int32,73
1774014462.174442,/metrics/pcl/fused/points_in,std_msgs/msg/Int32,42081
1774014462.1745052,/metrics/pcl/fused/processing_ms,std_msgs/msg/Float32,135.4249267578125
1774014462.6431043,/metrics/pcl/fused/detections_count,std_msgs/msg/Int32,71
1774014462.6432304,/metrics/pcl/fused/points_in,std_msgs/msg/Int32,42001
1774014462.643294,/metrics/pcl/fused/processing_ms,std_msgs/msg/Float32,132.8183135986328
1774014462.8853595,/metrics/pcl/fused/detections_count,std_msgs/msg/Int32,67
1774014462.8854754,/metrics/pcl/fused/points_in,std_msgs/msg/Int32,42062
1774014462.8855293,/metrics/pcl/fused/processing_ms,std_msgs/msg/Float32,135.02789306640625
1774014463.1281145,/metrics/pcl/fused/detections_count,std_msgs/msg/Int32,72
1774014463.1282232,/metrics/pcl/fused/points_in,std_msgs/msg/Int32,42171
1774014463.128285,/metrics/pcl/fused/processing_ms,std_msgs/msg/Float32,135.97567749023438
1774014463.364755,/metrics/pcl/fused/detections_count,std_msgs/msg/Int32,71
1774014463.3648634,/metrics/pcl/fused/points_in,std_msgs/msg/Int32,42227
1774014463.3649423,/metrics/pcl/fused/processing_ms,std_msgs/msg/Float32,133.8028106689453
1774014463.6116045,/metrics/pcl/fused/detections_count,std_msgs/msg/Int32,77
1774014463.611706,/metrics/pcl/fused/points_in,std_msgs/msg/Int32,42410
1774014463.6117787,/metrics/pcl/fused/processing_ms,std_msgs/msg/Float32,137.09365844726562
1774014463.8528545,/metrics/pcl/fused/detections_count,std_msgs/msg/Int32,66
1774014463.8529837,/metrics/pcl/fused/points_in,std_msgs/msg/Int32,42353
1774014463.8530476,/metrics/pcl/fused/processing_ms,std_msgs/msg/Float32,135.24691772460938
1774014464.0973878,/metrics/pcl/fused/detections_count,std_msgs/msg/Int32,70
1774014464.097498,/metrics/pcl/fused/points_in,std_msgs/msg/Int32,42383
1774014464.0975597,/metrics/pcl/fused/processing_ms,std_msgs/msg/Float32,134.61337280273438
1774014464.3353627,/metrics/pcl/fused/detections_count,std_msgs/msg/Int32,63
1774014464.3354793,/metrics/pcl/fused/points_in,std_msgs/msg/Int32,42296
1774014464.335551,/metrics/pcl/fused/processing_ms,std_msgs/msg/Float32,132.12808227539062
1774014464.5815704,/metrics/pcl/fused/detections_count,std_msgs/msg/Int32,66
1774014464.581689,/metrics/pcl/fused/points_in,std_msgs/msg/Int32,42164
1774014464.5817423,/metrics/pcl/fused/processing_ms,std_msgs/msg/Float32,133.71987915039062
1774014464.8302884,/metrics/pcl/fused/detections_count,std_msgs/msg/Int32,69
1774014464.8303974,/metrics/pcl/fused/points_in,std_msgs/msg/Int32,42129
1774014464.830459,/metrics/pcl/fused/processing_ms,std_msgs/msg/Float32,134.8552703857422
1774014465.0698822,/metrics/pcl/fused/detections_count,std_msgs/msg/Int32,68
1774014465.0699959,/metrics/pcl/fused/points_in,std_msgs/msg/Int32,42077
1774014465.0700595,/metrics/pcl/fused/processing_ms,std_msgs/msg/Float32,133.87115478515625
1774014465.3112674,/metrics/pcl/fused/detections_count,std_msgs/msg/Int32,66
1774014465.311417,/metrics/pcl/fused/points_in,std_msgs/msg/Int32,42014
1774014465.3115005,/metrics/pcl/fused/processing_ms,std_msgs/msg/Float32,133.91531372070312
1774014465.7962193,/metrics/pcl/fused/detections_count,std_msgs/msg/Int32,78
1774014465.7963293,/metrics/pcl/fused/points_in,std_msgs/msg/Int32,42256
1774014465.7963915,/metrics/pcl/fused/processing_ms,std_msgs/msg/Float32,135.74168395996094
1774014466.0395443,/metrics/pcl/fused/detections_count,std_msgs/msg/Int32,66
1774014466.0396554,/metrics/pcl/fused/points_in,std_msgs/msg/Int32,42278
1774014466.0397182,/metrics/pcl/fused/processing_ms,std_msgs/msg/Float32,133.57342529296875
1774014466.2804403,/metrics/pcl/fused/detections_count,std_msgs/msg/Int32,69
1774014466.2805653,/metrics/pcl/fused/points_in,std_msgs/msg/Int32,42260
1774014466.2806225,/metrics/pcl/fused/processing_ms,std_msgs/msg/Float32,131.93057250976562
1774014466.528672,/metrics/pcl/fused/detections_count,std_msgs/msg/Int32,65
1774014466.5288103,/metrics/pcl/fused/points_in,std_msgs/msg/Int32,42235
1774014466.5289032,/metrics/pcl/fused/processing_ms,std_msgs/msg/Float32,134.0553741455078
1774014466.7773728,/metrics/pcl/fused/detections_count,std_msgs/msg/Int32,63
1774014466.7774837,/metrics/pcl/fused/points_in,std_msgs/msg/Int32,42077
1774014466.777546,/metrics/pcl/fused/processing_ms,std_msgs/msg/Float32,134.39056396484375
1774014467.5179353,/metrics/pcl/fused/detections_count,std_msgs/msg/Int32,79
1774014467.5180533,/metrics/pcl/fused/points_in,std_msgs/msg/Int32,42067
1774014467.5181253,/metrics/pcl/fused/processing_ms,std_msgs/msg/Float32,133.52464294433594
1774014467.7651727,/metrics/pcl/fused/detections_count,std_msgs/msg/Int32,66
1774014467.76527,/metrics/pcl/fused/points_in,std_msgs/msg/Int32,41873
1774014467.765324,/metrics/pcl/fused/processing_ms,std_msgs/msg/Float32,132.82257080078125
1774014468.0098486,/metrics/pcl/fused/detections_count,std_msgs/msg/Int32,72
1774014468.0100014,/metrics/pcl/fused/points_in,std_msgs/msg/Int32,41796
1774014468.0100713,/metrics/pcl/fused/processing_ms,std_msgs/msg/Float32,132.37831115722656
1774014468.2550402,/metrics/pcl/fused/detections_count,std_msgs/msg/Int32,73
1774014468.2551498,/metrics/pcl/fused/points_in,std_msgs/msg/Int32,41800
1774014468.255212,/metrics/pcl/fused/processing_ms,std_msgs/msg/Float32,129.93844604492188
1774014468.74284,/metrics/pcl/fused/detections_count,std_msgs/msg/Int32,67
1774014468.7429976,/metrics/pcl/fused/points_in,std_msgs/msg/Int32,41192
1774014468.7430823,/metrics/pcl/fused/processing_ms,std_msgs/msg/Float32,129.96035766601562
1774014468.9858332,/metrics/pcl/fused/detections_count,std_msgs/msg/Int32,71
1774014468.9859855,/metrics/pcl/fused/points_in,std_msgs/msg/Int32,41050
1774014468.986054,/metrics/pcl/fused/processing_ms,std_msgs/msg/Float32,127.83222198486328
1774014469.483263,/metrics/pcl/fused/detections_count,std_msgs/msg/Int32,69
1774014469.483387,/metrics/pcl/fused/points_in,std_msgs/msg/Int32,41255
1774014469.4834652,/metrics/pcl/fused/processing_ms,std_msgs/msg/Float32,130.86683654785156
1774014469.7339313,/metrics/pcl/fused/detections_count,std_msgs/msg/Int32,72
1774014469.7340436,/metrics/pcl/fused/points_in,std_msgs/msg/Int32,41742
1774014469.734107,/metrics/pcl/fused/processing_ms,std_msgs/msg/Float32,133.3692626953125
1774014470.232009,/metrics/pcl/fused/detections_count,std_msgs/msg/Int32,70
1774014470.2321205,/metrics/pcl/fused/points_in,std_msgs/msg/Int32,41860
1774014470.2321827,/metrics/pcl/fused/processing_ms,std_msgs/msg/Float32,131.10243225097656
1774014470.479956,/metrics/pcl/fused/detections_count,std_msgs/msg/Int32,72
1774014470.4800735,/metrics/pcl/fused/points_in,std_msgs/msg/Int32,41981
1774014470.4801362,/metrics/pcl/fused/processing_ms,std_msgs/msg/Float32,131.83445739746094
1774014470.7310367,/metrics/pcl/fused/detections_count,std_msgs/msg/Int32,71
1774014470.731146,/metrics/pcl/fused/points_in,std_msgs/msg/Int32,41763
1774014470.7312117,/metrics/pcl/fused/processing_ms,std_msgs/msg/Float32,132.05970764160156
1774014470.9816558,/metrics/pcl/fused/detections_count,std_msgs/msg/Int32,81
1774014470.9818277,/metrics/pcl/fused/points_in,std_msgs/msg/Int32,41469
1774014470.981992,/metrics/pcl/fused/processing_ms,std_msgs/msg/Float32,131.4475860595703
1774014471.2289279,/metrics/pcl/fused/detections_count,std_msgs/msg/Int32,76
1774014471.229036,/metrics/pcl/fused/points_in,std_msgs/msg/Int32,41279
1774014471.2290993,/metrics/pcl/fused/processing_ms,std_msgs/msg/Float32,126.5573959350586
1774014471.4895241,/metrics/pcl/fused/detections_count,std_msgs/msg/Int32,72
1774014471.4896343,/metrics/pcl/fused/points_in,std_msgs/msg/Int32,41428
1774014471.4896965,/metrics/pcl/fused/processing_ms,std_msgs/msg/Float32,137.25538635253906
1774014471.745169,/metrics/pcl/fused/detections_count,std_msgs/msg/Int32,70
1774014471.7452686,/metrics/pcl/fused/points_in,std_msgs/msg/Int32,41773
1774014471.7453218,/metrics/pcl/fused/processing_ms,std_msgs/msg/Float32,132.3572998046875
1774014472.0003927,/metrics/pcl/fused/detections_count,std_msgs/msg/Int32,74
1774014472.0005138,/metrics/pcl/fused/points_in,std_msgs/msg/Int32,41896
1774014472.0005774,/metrics/pcl/fused/processing_ms,std_msgs/msg/Float32,132.87657165527344
1774014472.249399,/metrics/pcl/fused/detections_count,std_msgs/msg/Int32,70
1774014472.249524,/metrics/pcl/fused/points_in,std_msgs/msg/Int32,42064
1774014472.2495866,/metrics/pcl/fused/processing_ms,std_msgs/msg/Float32,131.52635192871094
1774014472.7462347,/metrics/pcl/fused/detections_count,std_msgs/msg/Int32,68
1774014472.7463608,/metrics/pcl/fused/points_in,std_msgs/msg/Int32,41903
1774014472.7464364,/metrics/pcl/fused/processing_ms,std_msgs/msg/Float32,132.881591796875
1774014472.9940674,/metrics/pcl/fused/detections_count,std_msgs/msg/Int32,69
1774014472.9941926,/metrics/pcl/fused/points_in,std_msgs/msg/Int32,41558
1774014472.9942582,/metrics/pcl/fused/processing_ms,std_msgs/msg/Float32,129.95849609375
1774014473.242647,/metrics/pcl/fused/detections_count,std_msgs/msg/Int32,72
1774014473.242752,/metrics/pcl/fused/points_in,std_msgs/msg/Int32,41542
1774014473.2428172,/metrics/pcl/fused/processing_ms,std_msgs/msg/Float32,128.43917846679688
1774014473.494249,/metrics/pcl/fused/detections_count,std_msgs/msg/Int32,73
1774014473.4943693,/metrics/pcl/fused/points_in,std_msgs/msg/Int32,41451
1774014473.4944243,/metrics/pcl/fused/processing_ms,std_msgs/msg/Float32,131.24420166015625
1774014473.7454517,/metrics/pcl/fused/detections_count,std_msgs/msg/Int32,72
1774014473.7455647,/metrics/pcl/fused/points_in,std_msgs/msg/Int32,41233
1774014473.7456346,/metrics/pcl/fused/processing_ms,std_msgs/msg/Float32,130.77813720703125
1774014473.9968128,/metrics/pcl/fused/detections_count,std_msgs/msg/Int32,74
1774014473.9969335,/metrics/pcl/fused/points_in,std_msgs/msg/Int32,41686
1774014473.9970007,/metrics/pcl/fused/processing_ms,std_msgs/msg/Float32,132.28599548339844
1774014474.746892,/metrics/pcl/fused/detections_count,std_msgs/msg/Int32,67
1774014474.747002,/metrics/pcl/fused/points_in,std_msgs/msg/Int32,42133
1774014474.7470663,/metrics/pcl/fused/processing_ms,std_msgs/msg/Float32,135.84744262695312
1774014475.003627,/metrics/pcl/fused/detections_count,std_msgs/msg/Int32,73
1774014475.003745,/metrics/pcl/fused/points_in,std_msgs/msg/Int32,42181
1774014475.0038104,/metrics/pcl/fused/processing_ms,std_msgs/msg/Float32,136.31578063964844
1774014475.2526023,/metrics/pcl/fused/detections_count,std_msgs/msg/Int32,72
1774014475.2527275,/metrics/pcl/fused/points_in,std_msgs/msg/Int32,41913
1774014475.2528439,/metrics/pcl/fused/processing_ms,std_msgs/msg/Float32,133.56072998046875
1774014475.5049038,/metrics/pcl/fused/detections_count,std_msgs/msg/Int32,67
1774014475.5050166,/metrics/pcl/fused/points_in,std_msgs/msg/Int32,41979
1774014475.5050833,/metrics/pcl/fused/processing_ms,std_msgs/msg/Float32,135.16339111328125
1774014475.7541509,/metrics/pcl/fused/detections_count,std_msgs/msg/Int32,68
1774014475.754265,/metrics/pcl/fused/points_in,std_msgs/msg/Int32,42011
1774014475.754335,/metrics/pcl/fused/processing_ms,std_msgs/msg/Float32,134.37173461914062
1774014476.755139,/metrics/pcl/fused/detections_count,std_msgs/msg/Int32,68
1774014476.7552536,/metrics/pcl/fused/points_in,std_msgs/msg/Int32,42035
1774014476.7592268,/metrics/pcl/fused/processing_ms,std_msgs/msg/Float32,132.49903869628906
1774014476.9895892,/metrics/pcl/fused/detections_count,std_msgs/msg/Int32,70
1774014476.9896889,/metrics/pcl/fused/points_in,std_msgs/msg/Int32,42126
1774014476.9897447,/metrics/pcl/fused/processing_ms,std_msgs/msg/Float32,133.10797119140625
1774014477.2198114,/metrics/pcl/fused/detections_count,std_msgs/msg/Int32,68
1774014477.2199373,/metrics/pcl/fused/points_in,std_msgs/msg/Int32,42130
1774014477.2200193,/metrics/pcl/fused/processing_ms,std_msgs/msg/Float32,133.0570526123047
1774014477.6788542,/metrics/pcl/fused/detections_count,std_msgs/msg/Int32,74
1774014477.6790652,/metrics/pcl/fused/points_in,std_msgs/msg/Int32,42107
1774014477.6791492,/metrics/pcl/fused/processing_ms,std_msgs/msg/Float32,136.4934844970703
1774014477.9062984,/metrics/pcl/fused/detections_count,std_msgs/msg/Int32,66
1774014477.9064088,/metrics/pcl/fused/points_in,std_msgs/msg/Int32,42075
1774014477.9064927,/metrics/pcl/fused/processing_ms,std_msgs/msg/Float32,136.79367065429688
1774014478.5850837,/metrics/pcl/fused/detections_count,std_msgs/msg/Int32,77
1774014478.585189,/metrics/pcl/fused/points_in,std_msgs/msg/Int32,41659
1774014478.5852718,/metrics/pcl/fused/processing_ms,std_msgs/msg/Float32,134.04661560058594
1774014479.5075178,/metrics/pcl/fused/detections_count,std_msgs/msg/Int32,75
1774014479.507615,/metrics/pcl/fused/points_in,std_msgs/msg/Int32,41929
1774014479.5076666,/metrics/pcl/fused/processing_ms,std_msgs/msg/Float32,135.42007446289062
1774014480.2016733,/metrics/pcl/fused/detections_count,std_msgs/msg/Int32,68
1774014480.2018037,/metrics/pcl/fused/points_in,std_msgs/msg/Int32,41972
1774014480.2018988,/metrics/pcl/fused/processing_ms,std_msgs/msg/Float32,135.2794189453125
1774014481.363722,/metrics/pcl/fused/detections_count,std_msgs/msg/Int32,67
1774014481.3638332,/metrics/pcl/fused/points_in,std_msgs/msg/Int32,41834
1774014481.3639164,/metrics/pcl/fused/processing_ms,std_msgs/msg/Float32,136.5911102294922
1774014481.6030438,/metrics/pcl/fused/detections_count,std_msgs/msg/Int32,63
1774014481.6031544,/metrics/pcl/fused/points_in,std_msgs/msg/Int32,41891
1774014481.6032171,/metrics/pcl/fused/processing_ms,std_msgs/msg/Float32,138.869140625
1774014481.8379285,/metrics/pcl/fused/detections_count,std_msgs/msg/Int32,74
1774014481.838041,/metrics/pcl/fused/points_in,std_msgs/msg/Int32,41816
1774014481.8381033,/metrics/pcl/fused/processing_ms,std_msgs/msg/Float32,138.74156188964844
1774014482.312689,/metrics/pcl/fused/detections_count,std_msgs/msg/Int32,69
1774014482.3129244,/metrics/pcl/fused/points_in,std_msgs/msg/Int32,41752
1774014482.313007,/metrics/pcl/fused/processing_ms,std_msgs/msg/Float32,137.4942626953125
1774014482.5522053,/metrics/pcl/fused/detections_count,std_msgs/msg/Int32,71
1774014482.5523202,/metrics/pcl/fused/points_in,std_msgs/msg/Int32,41834
1774014482.5523884,/metrics/pcl/fused/processing_ms,std_msgs/msg/Float32,137.75857543945312
1774014482.793598,/metrics/pcl/fused/detections_count,std_msgs/msg/Int32,74
1774014482.7937324,/metrics/pcl/fused/points_in,std_msgs/msg/Int32,41796
1774014482.7938268,/metrics/pcl/fused/processing_ms,std_msgs/msg/Float32,136.31356811523438
1774014483.0352814,/metrics/pcl/fused/detections_count,std_msgs/msg/Int32,72
1774014483.0353918,/metrics/pcl/fused/points_in,std_msgs/msg/Int32,41783
1774014483.0354538,/metrics/pcl/fused/processing_ms,std_msgs/msg/Float32,136.4430694580078
1774014483.2697902,/metrics/pcl/fused/detections_count,std_msgs/msg/Int32,62
1774014483.2699275,/metrics/pcl/fused/points_in,std_msgs/msg/Int32,41729
1774014483.269995,/metrics/pcl/fused/processing_ms,std_msgs/msg/Float32,133.53192138671875
1774014483.9932537,/metrics/pcl/fused/detections_count,std_msgs/msg/Int32,74
1774014483.9933996,/metrics/pcl/fused/points_in,std_msgs/msg/Int32,41953
1774014483.9934933,/metrics/pcl/fused/processing_ms,std_msgs/msg/Float32,134.4644012451172
1774014484.2300193,/metrics/pcl/fused/detections_count,std_msgs/msg/Int32,69
1774014484.2301307,/metrics/pcl/fused/points_in,std_msgs/msg/Int32,41823
1774014484.2301934,/metrics/pcl/fused/processing_ms,std_msgs/msg/Float32,131.28628540039062
1774014484.4720356,/metrics/pcl/fused/detections_count,std_msgs/msg/Int32,66
1774014484.4721465,/metrics/pcl/fused/points_in,std_msgs/msg/Int32,41845
1774014484.47221,/metrics/pcl/fused/processing_ms,std_msgs/msg/Float32,131.9001007080078
1774014484.7142785,/metrics/pcl/fused/detections_count,std_msgs/msg/Int32,70
1774014484.7144089,/metrics/pcl/fused/points_in,std_msgs/msg/Int32,41729
1774014484.7144914,/metrics/pcl/fused/processing_ms,std_msgs/msg/Float32,132.24781799316406
1774014484.9581683,/metrics/pcl/fused/detections_count,std_msgs/msg/Int32,65
1774014484.9583178,/metrics/pcl/fused/points_in,std_msgs/msg/Int32,41690
1774014484.9584236,/metrics/pcl/fused/processing_ms,std_msgs/msg/Float32,130.89425659179688
1774014485.2008383,/metrics/pcl/fused/detections_count,std_msgs/msg/Int32,69
1774014485.2009583,/metrics/pcl/fused/points_in,std_msgs/msg/Int32,41386
1774014485.2010221,/metrics/pcl/fused/processing_ms,std_msgs/msg/Float32,131.51206970214844
1774014485.680406,/metrics/pcl/fused/detections_count,std_msgs/msg/Int32,67
1774014485.680508,/metrics/pcl/fused/points_in,std_msgs/msg/Int32,41205
1774014485.6805747,/metrics/pcl/fused/processing_ms,std_msgs/msg/Float32,127.97371673583984
1774014485.9258544,/metrics/pcl/fused/detections_count,std_msgs/msg/Int32,67
1774014485.9259765,/metrics/pcl/fused/points_in,std_msgs/msg/Int32,41530
1774014485.9260356,/metrics/pcl/fused/processing_ms,std_msgs/msg/Float32,129.58013916015625
1774014486.421561,/metrics/pcl/fused/detections_count,std_msgs/msg/Int32,72
1774014486.421671,/metrics/pcl/fused/points_in,std_msgs/msg/Int32,41550
1774014486.4217336,/metrics/pcl/fused/processing_ms,std_msgs/msg/Float32,132.19281005859375
1774014486.6723115,/metrics/pcl/fused/detections_count,std_msgs/msg/Int32,67
1774014486.6724212,/metrics/pcl/fused/points_in,std_msgs/msg/Int32,41606
1774014486.6724842,/metrics/pcl/fused/processing_ms,std_msgs/msg/Float32,132.91873168945312
1774014487.4151285,/metrics/pcl/fused/detections_count,std_msgs/msg/Int32,66
1774014487.4152408,/metrics/pcl/fused/points_in,std_msgs/msg/Int32,41936
1774014487.415312,/metrics/pcl/fused/processing_ms,std_msgs/msg/Float32,133.50927734375
1774014487.6585793,/metrics/pcl/fused/detections_count,std_msgs/msg/Int32,64
1774014487.6586819,/metrics/pcl/fused/points_in,std_msgs/msg/Int32,41768
1774014487.6587377,/metrics/pcl/fused/processing_ms,std_msgs/msg/Float32,132.1654510498047
1774014487.9040303,/metrics/pcl/fused/detections_count,std_msgs/msg/Int32,67
1774014487.9041362,/metrics/pcl/fused/points_in,std_msgs/msg/Int32,41457
1774014487.9041896,/metrics/pcl/fused/processing_ms,std_msgs/msg/Float32,127.85700225830078
1774014488.1554527,/metrics/pcl/fused/detections_count,std_msgs/msg/Int32,75
1774014488.155563,/metrics/pcl/fused/points_in,std_msgs/msg/Int32,41498
1774014488.1556256,/metrics/pcl/fused/processing_ms,std_msgs/msg/Float32,128.72793579101562
1774014488.4024,/metrics/pcl/fused/detections_count,std_msgs/msg/Int32,70
1774014488.4025075,/metrics/pcl/fused/points_in,std_msgs/msg/Int32,41461
1774014488.40257,/metrics/pcl/fused/processing_ms,std_msgs/msg/Float32,128.58444213867188
1774014488.6496804,/metrics/pcl/fused/detections_count,std_msgs/msg/Int32,67
1774014488.6498492,/metrics/pcl/fused/points_in,std_msgs/msg/Int32,41334
1774014488.6499672,/metrics/pcl/fused/processing_ms,std_msgs/msg/Float32,128.66685485839844
1774014488.9039738,/metrics/pcl/fused/detections_count,std_msgs/msg/Int32,66
1774014488.9042232,/metrics/pcl/fused/points_in,std_msgs/msg/Int32,41225
1774014488.904316,/metrics/pcl/fused/processing_ms,std_msgs/msg/Float32,134.2092742919922
1774014489.3921347,/metrics/pcl/fused/detections_count,std_msgs/msg/Int32,66
1774014489.3922544,/metrics/pcl/fused/points_in,std_msgs/msg/Int32,40825
1774014489.3923233,/metrics/pcl/fused/processing_ms,std_msgs/msg/Float32,128.71475219726562
1774014489.6552188,/metrics/pcl/fused/detections_count,std_msgs/msg/Int32,70
1774014489.655335,/metrics/pcl/fused/points_in,std_msgs/msg/Int32,40933
1774014489.6554084,/metrics/pcl/fused/processing_ms,std_msgs/msg/Float32,142.9373016357422
1774014489.9018643,/metrics/pcl/fused/detections_count,std_msgs/msg/Int32,65
1774014489.9019842,/metrics/pcl/fused/points_in,std_msgs/msg/Int32,40793
1774014489.902047,/metrics/pcl/fused/processing_ms,std_msgs/msg/Float32,129.50140380859375
1774014490.1492393,/metrics/pcl/fused/detections_count,std_msgs/msg/Int32,66
1774014490.1493442,/metrics/pcl/fused/points_in,std_msgs/msg/Int32,40709
1774014490.1494055,/metrics/pcl/fused/processing_ms,std_msgs/msg/Float32,130.23995971679688
1774014490.3937514,/metrics/pcl/fused/detections_count,std_msgs/msg/Int32,70
1774014490.3938787,/metrics/pcl/fused/points_in,std_msgs/msg/Int32,40695
1774014490.3939486,/metrics/pcl/fused/processing_ms,std_msgs/msg/Float32,128.82562255859375
1774014490.6413696,/metrics/pcl/fused/detections_count,std_msgs/msg/Int32,63
1774014490.6414766,/metrics/pcl/fused/points_in,std_msgs/msg/Int32,40833
1774014490.6415434,/metrics/pcl/fused/processing_ms,std_msgs/msg/Float32,129.84622192382812
1774014490.8878243,/metrics/pcl/fused/detections_count,std_msgs/msg/Int32,63
1774014490.88801,/metrics/pcl/fused/points_in,std_msgs/msg/Int32,40910
1774014490.8881395,/metrics/pcl/fused/processing_ms,std_msgs/msg/Float32,129.72494506835938
1774014491.135465,/metrics/pcl/fused/detections_count,std_msgs/msg/Int32,69
1774014491.1355753,/metrics/pcl/fused/points_in,std_msgs/msg/Int32,40876
1774014491.135637,/metrics/pcl/fused/processing_ms,std_msgs/msg/Float32,130.41049194335938
1774014491.3800004,/metrics/pcl/fused/detections_count,std_msgs/msg/Int32,68
1774014491.3800962,/metrics/pcl/fused/points_in,std_msgs/msg/Int32,40794
1774014491.3801484,/metrics/pcl/fused/processing_ms,std_msgs/msg/Float32,129.1648406982422
1774014491.6238058,/metrics/pcl/fused/detections_count,std_msgs/msg/Int32,65
1774014491.6239758,/metrics/pcl/fused/points_in,std_msgs/msg/Int32,40881
1774014491.624047,/metrics/pcl/fused/processing_ms,std_msgs/msg/Float32,131.13169860839844
1774014491.8707027,/metrics/pcl/fused/detections_count,std_msgs/msg/Int32,65
1774014491.8708305,/metrics/pcl/fused/points_in,std_msgs/msg/Int32,40872
1774014491.8709395,/metrics/pcl/fused/processing_ms,std_msgs/msg/Float32,130.72569274902344
1774014492.1180148,/metrics/pcl/fused/detections_count,std_msgs/msg/Int32,67
1774014492.1181245,/metrics/pcl/fused/points_in,std_msgs/msg/Int32,41042
1774014492.1181872,/metrics/pcl/fused/processing_ms,std_msgs/msg/Float32,131.32110595703125
1774014492.359599,/metrics/pcl/fused/detections_count,std_msgs/msg/Int32,64
1774014492.3597028,/metrics/pcl/fused/points_in,std_msgs/msg/Int32,40977
1774014492.3597605,/metrics/pcl/fused/processing_ms,std_msgs/msg/Float32,130.02865600585938
1774014492.853624,/metrics/pcl/fused/detections_count,std_msgs/msg/Int32,66
1774014492.8537319,/metrics/pcl/fused/points_in,std_msgs/msg/Int32,41046
1774014492.8537962,/metrics/pcl/fused/processing_ms,std_msgs/msg/Float32,130.641845703125
1774014493.1014178,/metrics/pcl/fused/detections_count,std_msgs/msg/Int32,68
1774014493.1015565,/metrics/pcl/fused/points_in,std_msgs/msg/Int32,40823
1774014493.101647,/metrics/pcl/fused/processing_ms,std_msgs/msg/Float32,131.78656005859375
1774014493.3447657,/metrics/pcl/fused/detections_count,std_msgs/msg/Int32,71
1774014493.3448877,/metrics/pcl/fused/points_in,std_msgs/msg/Int32,40890
1774014493.3449554,/metrics/pcl/fused/processing_ms,std_msgs/msg/Float32,129.99374389648438
1774014493.5956,/metrics/pcl/fused/detections_count,std_msgs/msg/Int32,74
1774014493.5957086,/metrics/pcl/fused/points_in,std_msgs/msg/Int32,40885
1774014493.59577,/metrics/pcl/fused/processing_ms,std_msgs/msg/Float32,132.13597106933594
1774014493.8465672,/metrics/pcl/fused/detections_count,std_msgs/msg/Int32,65
1774014493.8466756,/metrics/pcl/fused/points_in,std_msgs/msg/Int32,40899
1774014493.8467376,/metrics/pcl/fused/processing_ms,std_msgs/msg/Float32,132.2013702392578
1774014494.0982883,/metrics/pcl/fused/detections_count,std_msgs/msg/Int32,63
1774014494.0983956,/metrics/pcl/fused/points_in,std_msgs/msg/Int32,40781
1774014494.0984585,/metrics/pcl/fused/processing_ms,std_msgs/msg/Float32,129.333251953125
1774014494.594309,/metrics/pcl/fused/detections_count,std_msgs/msg/Int32,70
1774014494.5944316,/metrics/pcl/fused/points_in,std_msgs/msg/Int32,40840
1774014494.5945058,/metrics/pcl/fused/processing_ms,std_msgs/msg/Float32,131.46286010742188
1774014494.8426723,/metrics/pcl/fused/detections_count,std_msgs/msg/Int32,63
1774014494.8428183,/metrics/pcl/fused/points_in,std_msgs/msg/Int32,40894
1774014494.8428922,/metrics/pcl/fused/processing_ms,std_msgs/msg/Float32,129.220703125
1774014495.0965486,/metrics/pcl/fused/detections_count,std_msgs/msg/Int32,75
1774014495.0966575,/metrics/pcl/fused/points_in,std_msgs/msg/Int32,40943
1774014495.096719,/metrics/pcl/fused/processing_ms,std_msgs/msg/Float32,132.07106018066406
1774014495.344485,/metrics/pcl/fused/detections_count,std_msgs/msg/Int32,72
1774014495.3445954,/metrics/pcl/fused/points_in,std_msgs/msg/Int32,40883
1774014495.3446584,/metrics/pcl/fused/processing_ms,std_msgs/msg/Float32,130.75962829589844
1774014495.5941978,/metrics/pcl/fused/detections_count,std_msgs/msg/Int32,74
1774014495.5943072,/metrics/pcl/fused/points_in,std_msgs/msg/Int32,40786
1774014495.5943696,/metrics/pcl/fused/processing_ms,std_msgs/msg/Float32,132.18251037597656
1774014495.846692,/metrics/pcl/fused/detections_count,std_msgs/msg/Int32,69
1774014495.8468153,/metrics/pcl/fused/points_in,std_msgs/msg/Int32,40896
1774014495.846891,/metrics/pcl/fused/processing_ms,std_msgs/msg/Float32,131.90032958984375
1774014496.3492832,/metrics/pcl/fused/detections_count,std_msgs/msg/Int32,72
1774014496.349399,/metrics/pcl/fused/points_in,std_msgs/msg/Int32,40856
1774014496.3494625,/metrics/pcl/fused/processing_ms,std_msgs/msg/Float32,129.89404296875
1774014496.604944,/metrics/pcl/fused/detections_count,std_msgs/msg/Int32,66
1774014496.6050706,/metrics/pcl/fused/points_in,std_msgs/msg/Int32,40964
1774014496.6051345,/metrics/pcl/fused/processing_ms,std_msgs/msg/Float32,134.0321044921875
1774014497.3102233,/metrics/pcl/fused/detections_count,std_msgs/msg/Int32,72
1774014497.3103364,/metrics/pcl/fused/points_in,std_msgs/msg/Int32,40894
1774014497.3104005,/metrics/pcl/fused/processing_ms,std_msgs/msg/Float32,132.9296112060547
1774014498.205444,/metrics/pcl/fused/detections_count,std_msgs/msg/Int32,69
1774014498.2055545,/metrics/pcl/fused/points_in,std_msgs/msg/Int32,40968
1774014498.205618,/metrics/pcl/fused/processing_ms,std_msgs/msg/Float32,132.79913330078125
1774014498.877382,/metrics/pcl/fused/detections_count,std_msgs/msg/Int32,71
1774014498.8774893,/metrics/pcl/fused/points_in,std_msgs/msg/Int32,40802
1774014498.8775458,/metrics/pcl/fused/processing_ms,std_msgs/msg/Float32,133.49874877929688
1774014499.1036887,/metrics/pcl/fused/detections_count,std_msgs/msg/Int32,66
1774014499.1038184,/metrics/pcl/fused/points_in,std_msgs/msg/Int32,40862
1774014499.1038938,/metrics/pcl/fused/processing_ms,std_msgs/msg/Float32,133.46624755859375
1774014499.3260736,/metrics/pcl/fused/detections_count,std_msgs/msg/Int32,69
1774014499.3261824,/metrics/pcl/fused/points_in,std_msgs/msg/Int32,40684
1774014499.3262463,/metrics/pcl/fused/processing_ms,std_msgs/msg/Float32,129.21031188964844
1774014499.5549276,/metrics/pcl/fused/detections_count,std_msgs/msg/Int32,67
1774014499.5550327,/metrics/pcl/fused/points_in,std_msgs/msg/Int32,40713
1774014499.5550952,/metrics/pcl/fused/processing_ms,std_msgs/msg/Float32,131.22207641601562
1774014499.78551,/metrics/pcl/fused/detections_count,std_msgs/msg/Int32,66
1774014499.7856438,/metrics/pcl/fused/points_in,std_msgs/msg/Int32,40774
1774014499.7857292,/metrics/pcl/fused/processing_ms,std_msgs/msg/Float32,130.75643920898438
1774014500.0172791,/metrics/pcl/fused/detections_count,std_msgs/msg/Int32,66
1774014500.0174494,/metrics/pcl/fused/points_in,std_msgs/msg/Int32,40851
1774014500.0175126,/metrics/pcl/fused/processing_ms,std_msgs/msg/Float32,131.84947204589844
1774014500.9528263,/metrics/pcl/fused/detections_count,std_msgs/msg/Int32,68
1774014500.952969,/metrics/pcl/fused/points_in,std_msgs/msg/Int32,40888
1774014500.953044,/metrics/pcl/fused/processing_ms,std_msgs/msg/Float32,136.6353302001953
1774014501.1819162,/metrics/pcl/fused/detections_count,std_msgs/msg/Int32,65
1774014501.1820252,/metrics/pcl/fused/points_in,std_msgs/msg/Int32,40888
1774014501.182087,/metrics/pcl/fused/processing_ms,std_msgs/msg/Float32,130.2279815673828
1774014501.4255705,/metrics/pcl/fused/detections_count,std_msgs/msg/Int32,70
1774014501.425701,/metrics/pcl/fused/points_in,std_msgs/msg/Int32,40910
1774014501.4257612,/metrics/pcl/fused/processing_ms,std_msgs/msg/Float32,130.80477905273438
1774014501.657574,/metrics/pcl/fused/detections_count,std_msgs/msg/Int32,69
1774014501.6576831,/metrics/pcl/fused/points_in,std_msgs/msg/Int32,40838
1774014501.657747,/metrics/pcl/fused/processing_ms,std_msgs/msg/Float32,132.58941650390625
1774014501.8935118,/metrics/pcl/fused/detections_count,std_msgs/msg/Int32,68
1774014501.8936238,/metrics/pcl/fused/points_in,std_msgs/msg/Int32,40919
1774014501.893687,/metrics/pcl/fused/processing_ms,std_msgs/msg/Float32,136.038818359375
1774014502.1230085,/metrics/pcl/fused/detections_count,std_msgs/msg/Int32,71
1774014502.123119,/metrics/pcl/fused/points_in,std_msgs/msg/Int32,40814
1774014502.1231797,/metrics/pcl/fused/processing_ms,std_msgs/msg/Float32,129.4910430908203
1774014502.5869193,/metrics/pcl/fused/detections_count,std_msgs/msg/Int32,71
1774014502.5870426,/metrics/pcl/fused/points_in,std_msgs/msg/Int32,40780
1774014502.587116,/metrics/pcl/fused/processing_ms,std_msgs/msg/Float32,131.88937377929688
1774014502.8232312,/metrics/pcl/fused/detections_count,std_msgs/msg/Int32,72
1774014502.8233712,/metrics/pcl/fused/points_in,std_msgs/msg/Int32,40779
1774014502.8234363,/metrics/pcl/fused/processing_ms,std_msgs/msg/Float32,132.98922729492188
1774014503.0573964,/metrics/pcl/fused/detections_count,std_msgs/msg/Int32,64
1774014503.0575073,/metrics/pcl/fused/points_in,std_msgs/msg/Int32,40760
1774014503.0575607,/metrics/pcl/fused/processing_ms,std_msgs/msg/Float32,129.4088134765625
1774014503.2926397,/metrics/pcl/fused/detections_count,std_msgs/msg/Int32,72
1774014503.2927487,/metrics/pcl/fused/points_in,std_msgs/msg/Int32,40717
1774014503.2928095,/metrics/pcl/fused/processing_ms,std_msgs/msg/Float32,130.8280029296875
1774014503.5243363,/metrics/pcl/fused/detections_count,std_msgs/msg/Int32,74
1774014503.5244472,/metrics/pcl/fused/points_in,std_msgs/msg/Int32,40606
1774014503.5245113,/metrics/pcl/fused/processing_ms,std_msgs/msg/Float32,130.52001953125
1774014503.7626402,/metrics/pcl/fused/detections_count,std_msgs/msg/Int32,67
1774014503.7627525,/metrics/pcl/fused/points_in,std_msgs/msg/Int32,40767
1774014503.7628076,/metrics/pcl/fused/processing_ms,std_msgs/msg/Float32,130.60877990722656
1774014503.9991937,/metrics/pcl/fused/detections_count,std_msgs/msg/Int32,70
1774014503.9993079,/metrics/pcl/fused/points_in,std_msgs/msg/Int32,40710
1774014503.999374,/metrics/pcl/fused/processing_ms,std_msgs/msg/Float32,130.53155517578125
1774014504.4768193,/metrics/pcl/fused/detections_count,std_msgs/msg/Int32,68
1774014504.4769511,/metrics/pcl/fused/points_in,std_msgs/msg/Int32,40942
1774014504.4770112,/metrics/pcl/fused/processing_ms,std_msgs/msg/Float32,132.1548614501953
1774014504.7139127,/metrics/pcl/fused/detections_count,std_msgs/msg/Int32,68
1774014504.7140496,/metrics/pcl/fused/processing_ms,std_msgs/msg/Float32,132.7163848876953
1774014504.7142766,/metrics/pcl/fused/points_in,std_msgs/msg/Int32,40976
1774014504.9537284,/metrics/pcl/fused/detections_count,std_msgs/msg/Int32,65
1774014504.9538321,/metrics/pcl/fused/points_in,std_msgs/msg/Int32,40939
1774014504.9539037,/metrics/pcl/fused/processing_ms,std_msgs/msg/Float32,130.2315673828125
1774014505.1935894,/metrics/pcl/fused/detections_count,std_msgs/msg/Int32,64
1774014505.193709,/metrics/pcl/fused/points_in,std_msgs/msg/Int32,40763
1774014505.193783,/metrics/pcl/fused/processing_ms,std_msgs/msg/Float32,132.65174865722656
1774014505.665666,/metrics/pcl/fused/detections_count,std_msgs/msg/Int32,65
1774014505.6657841,/metrics/pcl/fused/points_in,std_msgs/msg/Int32,40736
1774014505.665856,/metrics/pcl/fused/processing_ms,std_msgs/msg/Float32,131.2830810546875
1774014505.9136274,/metrics/pcl/fused/detections_count,std_msgs/msg/Int32,77
1774014505.9137452,/metrics/pcl/fused/points_in,std_msgs/msg/Int32,40761
1774014505.9138198,/metrics/pcl/fused/processing_ms,std_msgs/msg/Float32,139.421142578125
1774014506.1471,/metrics/pcl/fused/detections_count,std_msgs/msg/Int32,69
1774014506.1472178,/metrics/pcl/fused/points_in,std_msgs/msg/Int32,40856
1774014506.147284,/metrics/pcl/fused/processing_ms,std_msgs/msg/Float32,133.1376953125
1774014506.38345,/metrics/pcl/fused/detections_count,std_msgs/msg/Int32,65
1774014506.3835526,/metrics/pcl/fused/points_in,std_msgs/msg/Int32,40804
1774014506.3875082,/metrics/pcl/fused/processing_ms,std_msgs/msg/Float32,129.9127655029297
1774014506.6199145,/metrics/pcl/fused/detections_count,std_msgs/msg/Int32,61
1774014506.6200216,/metrics/pcl/fused/points_in,std_msgs/msg/Int32,40763
1774014506.620082,/metrics/pcl/fused/processing_ms,std_msgs/msg/Float32,128.62034606933594
1774014506.8675299,/metrics/pcl/fused/detections_count,std_msgs/msg/Int32,72
1774014506.8676386,/metrics/pcl/fused/points_in,std_msgs/msg/Int32,40925
1774014506.8677013,/metrics/pcl/fused/processing_ms,std_msgs/msg/Float32,134.16664123535156
1774014507.5832398,/metrics/pcl/fused/detections_count,std_msgs/msg/Int32,63
1774014507.5833378,/metrics/pcl/fused/points_in,std_msgs/msg/Int32,41013
1774014507.583389,/metrics/pcl/fused/processing_ms,std_msgs/msg/Float32,130.0425262451172
1774014507.8272421,/metrics/pcl/fused/detections_count,std_msgs/msg/Int32,67
1774014507.827353,/metrics/pcl/fused/points_in,std_msgs/msg/Int32,40949
1774014507.8274155,/metrics/pcl/fused/processing_ms,std_msgs/msg/Float32,131.747802734375
1774014508.067058,/metrics/pcl/fused/detections_count,std_msgs/msg/Int32,67
1774014508.0671737,/metrics/pcl/fused/points_in,std_msgs/msg/Int32,40871
1774014508.0672455,/metrics/pcl/fused/processing_ms,std_msgs/msg/Float32,132.21551513671875
1774014508.3121936,/metrics/pcl/fused/detections_count,std_msgs/msg/Int32,69
1774014508.3123035,/metrics/pcl/fused/points_in,std_msgs/msg/Int32,40847
1774014508.3123674,/metrics/pcl/fused/processing_ms,std_msgs/msg/Float32,136.2818145751953
1774014508.7865644,/metrics/pcl/fused/detections_count,std_msgs/msg/Int32,64
1774014508.786679,/metrics/pcl/fused/points_in,std_msgs/msg/Int32,40566
1774014508.7867427,/metrics/pcl/fused/processing_ms,std_msgs/msg/Float32,127.55841827392578
1774014509.0331688,/metrics/pcl/fused/detections_count,std_msgs/msg/Int32,76
1774014509.0332794,/metrics/pcl/fused/points_in,std_msgs/msg/Int32,40716
1774014509.033348,/metrics/pcl/fused/processing_ms,std_msgs/msg/Float32,130.38525390625
1774014509.2738798,/metrics/pcl/fused/detections_count,std_msgs/msg/Int32,67
1774014509.2739778,/metrics/pcl/fused/points_in,std_msgs/msg/Int32,40710
1774014509.2740355,/metrics/pcl/fused/processing_ms,std_msgs/msg/Float32,128.95094299316406
1774014509.5129485,/metrics/pcl/fused/detections_count,std_msgs/msg/Int32,62
1774014509.5130749,/metrics/pcl/fused/points_in,std_msgs/msg/Int32,40564
1774014509.5131588,/metrics/pcl/fused/processing_ms,std_msgs/msg/Float32,130.21461486816406
1774014510.7318604,/metrics/pcl/fused/detections_count,std_msgs/msg/Int32,65
1774014510.7319863,/metrics/pcl/fused/points_in,std_msgs/msg/Int32,40920
1774014510.7320573,/metrics/pcl/fused/processing_ms,std_msgs/msg/Float32,129.89334106445312
1774014511.2284844,/metrics/pcl/fused/detections_count,std_msgs/msg/Int32,67
1774014511.2285936,/metrics/pcl/fused/points_in,std_msgs/msg/Int32,40846
1774014511.2286565,/metrics/pcl/fused/processing_ms,std_msgs/msg/Float32,127.76214599609375
1774014511.4776258,/metrics/pcl/fused/detections_count,std_msgs/msg/Int32,66
1774014511.4777546,/metrics/pcl/fused/points_in,std_msgs/msg/Int32,40809
1774014511.4778085,/metrics/pcl/fused/processing_ms,std_msgs/msg/Float32,132.39212036132812
1774014511.732363,/metrics/pcl/fused/detections_count,std_msgs/msg/Int32,70
1774014511.7324684,/metrics/pcl/fused/points_in,std_msgs/msg/Int32,40723
1774014511.7325318,/metrics/pcl/fused/processing_ms,std_msgs/msg/Float32,129.05906677246094
1774014511.9832504,/metrics/pcl/fused/detections_count,std_msgs/msg/Int32,67
1774014511.9833605,/metrics/pcl/fused/points_in,std_msgs/msg/Int32,40755
1774014511.9834332,/metrics/pcl/fused/processing_ms,std_msgs/msg/Float32,128.72027587890625
1774014512.2299113,/metrics/pcl/fused/detections_count,std_msgs/msg/Int32,70
1774014512.230027,/metrics/pcl/fused/points_in,std_msgs/msg/Int32,40687
1774014512.2300894,/metrics/pcl/fused/processing_ms,std_msgs/msg/Float32,128.36404418945312
1774014512.476785,/metrics/pcl/fused/detections_count,std_msgs/msg/Int32,70
1774014512.4769008,/metrics/pcl/fused/points_in,std_msgs/msg/Int32,40625
1774014512.476967,/metrics/pcl/fused/processing_ms,std_msgs/msg/Float32,128.92320251464844
1774014512.732789,/metrics/pcl/fused/detections_count,std_msgs/msg/Int32,63
1774014512.7329183,/metrics/pcl/fused/points_in,std_msgs/msg/Int32,40673
1774014512.7330077,/metrics/pcl/fused/processing_ms,std_msgs/msg/Float32,132.96714782714844
1774014512.9756365,/metrics/pcl/fused/detections_count,std_msgs/msg/Int32,61
1774014512.9757438,/metrics/pcl/fused/points_in,std_msgs/msg/Int32,40534
1774014512.9758058,/metrics/pcl/fused/processing_ms,std_msgs/msg/Float32,130.3272247314453
1774014513.2191155,/metrics/pcl/fused/detections_count,std_msgs/msg/Int32,68
1774014513.2192225,/metrics/pcl/fused/points_in,std_msgs/msg/Int32,40882
1774014513.2192852,/metrics/pcl/fused/processing_ms,std_msgs/msg/Float32,129.588134765625
1774014513.470979,/metrics/pcl/fused/detections_count,std_msgs/msg/Int32,66
1774014513.471106,/metrics/pcl/fused/points_in,std_msgs/msg/Int32,40986
1774014513.4711852,/metrics/pcl/fused/processing_ms,std_msgs/msg/Float32,136.71176147460938
1774014513.7171938,/metrics/pcl/fused/detections_count,std_msgs/msg/Int32,68
1774014513.717294,/metrics/pcl/fused/points_in,std_msgs/msg/Int32,41078
1774014513.7173476,/metrics/pcl/fused/processing_ms,std_msgs/msg/Float32,133.02757263183594
1774014513.9646914,/metrics/pcl/fused/detections_count,std_msgs/msg/Int32,69
1774014513.9647985,/metrics/pcl/fused/points_in,std_msgs/msg/Int32,41029
1774014513.9648616,/metrics/pcl/fused/processing_ms,std_msgs/msg/Float32,134.40234375
1774014514.2057595,/metrics/pcl/fused/detections_count,std_msgs/msg/Int32,70
1774014514.2058885,/metrics/pcl/fused/points_in,std_msgs/msg/Int32,40831
1774014514.2059567,/metrics/pcl/fused/processing_ms,std_msgs/msg/Float32,129.83822631835938
1774014514.4518619,/metrics/pcl/fused/detections_count,std_msgs/msg/Int32,63
1774014514.4519799,/metrics/pcl/fused/points_in,std_msgs/msg/Int32,40849
1774014514.4520428,/metrics/pcl/fused/processing_ms,std_msgs/msg/Float32,130.6431427001953
1774014514.7001057,/metrics/pcl/fused/detections_count,std_msgs/msg/Int32,74
1774014514.7002268,/metrics/pcl/fused/points_in,std_msgs/msg/Int32,40905
1774014514.7003033,/metrics/pcl/fused/processing_ms,std_msgs/msg/Float32,133.6922149658203
1774014514.9695024,/metrics/pcl/fused/detections_count,std_msgs/msg/Int32,70
1774014514.9696152,/metrics/pcl/fused/points_in,std_msgs/msg/Int32,41065
1774014514.9696763,/metrics/pcl/fused/processing_ms,std_msgs/msg/Float32,143.92930603027344
1774014515.2197375,/metrics/pcl/fused/detections_count,std_msgs/msg/Int32,68
1774014515.219885,/metrics/pcl/fused/points_in,std_msgs/msg/Int32,41031
1774014515.2199736,/metrics/pcl/fused/processing_ms,std_msgs/msg/Float32,131.7335968017578
1774014515.4661973,/metrics/pcl/fused/detections_count,std_msgs/msg/Int32,70
1774014515.4662988,/metrics/pcl/fused/points_in,std_msgs/msg/Int32,40913
1774014515.4663522,/metrics/pcl/fused/processing_ms,std_msgs/msg/Float32,131.6552276611328
1774014515.7184317,/metrics/pcl/fused/detections_count,std_msgs/msg/Int32,68
1774014515.7185516,/metrics/pcl/fused/points_in,std_msgs/msg/Int32,40927
1774014515.718615,/metrics/pcl/fused/processing_ms,std_msgs/msg/Float32,138.18411254882812
1774014515.9627457,/metrics/pcl/fused/detections_count,std_msgs/msg/Int32,69
1774014515.9628632,/metrics/pcl/fused/points_in,std_msgs/msg/Int32,40930
1774014515.962964,/metrics/pcl/fused/processing_ms,std_msgs/msg/Float32,131.30377197265625
1774014516.207743,/metrics/pcl/fused/detections_count,std_msgs/msg/Int32,64
1774014516.2078438,/metrics/pcl/fused/points_in,std_msgs/msg/Int32,40920
1774014516.2079225,/metrics/pcl/fused/processing_ms,std_msgs/msg/Float32,130.959716796875
1774014516.4686484,/metrics/pcl/fused/detections_count,std_msgs/msg/Int32,67
1774014516.4687965,/metrics/pcl/fused/points_in,std_msgs/msg/Int32,40973
1774014516.4688916,/metrics/pcl/fused/processing_ms,std_msgs/msg/Float32,144.36875915527344
1774014516.722868,/metrics/pcl/fused/detections_count,std_msgs/msg/Int32,71
1774014516.722992,/metrics/pcl/fused/points_in,std_msgs/msg/Int32,40923
1774014516.7230535,/metrics/pcl/fused/processing_ms,std_msgs/msg/Float32,136.98269653320312
1774014516.9529095,/metrics/pcl/fused/detections_count,std_msgs/msg/Int32,74
1774014516.9530404,/metrics/pcl/fused/points_in,std_msgs/msg/Int32,40957
1774014516.9531083,/metrics/pcl/fused/processing_ms,std_msgs/msg/Float32,135.62301635742188
1774014517.1757007,/metrics/pcl/fused/detections_count,std_msgs/msg/Int32,68
1774014517.17581,/metrics/pcl/fused/points_in,std_msgs/msg/Int32,41073
1774014517.1758833,/metrics/pcl/fused/processing_ms,std_msgs/msg/Float32,131.4575653076172
1774014517.6261892,/metrics/pcl/fused/detections_count,std_msgs/msg/Int32,77
1774014517.6263242,/metrics/pcl/fused/points_in,std_msgs/msg/Int32,40936
1774014517.6264198,/metrics/pcl/fused/processing_ms,std_msgs/msg/Float32,132.9414825439453
1774014517.8532534,/metrics/pcl/fused/detections_count,std_msgs/msg/Int32,69
1774014517.8533719,/metrics/pcl/fused/points_in,std_msgs/msg/Int32,40948
1774014517.8534462,/metrics/pcl/fused/processing_ms,std_msgs/msg/Float32,132.942138671875
1774014518.3093123,/metrics/pcl/fused/detections_count,std_msgs/msg/Int32,69
1774014518.3094237,/metrics/pcl/fused/points_in,std_msgs/msg/Int32,40768
1774014518.3094866,/metrics/pcl/fused/processing_ms,std_msgs/msg/Float32,134.54855346679688
1774014518.535656,/metrics/pcl/fused/detections_count,std_msgs/msg/Int32,66
1774014518.5358036,/metrics/pcl/fused/points_in,std_msgs/msg/Int32,40745
1774014518.535864,/metrics/pcl/fused/processing_ms,std_msgs/msg/Float32,133.40780639648438
1774014518.7704759,/metrics/pcl/fused/detections_count,std_msgs/msg/Int32,60
1774014518.7705877,/metrics/pcl/fused/points_in,std_msgs/msg/Int32,40751
1774014518.7706556,/metrics/pcl/fused/processing_ms,std_msgs/msg/Float32,138.7266845703125
1774014518.9922125,/metrics/pcl/fused/detections_count,std_msgs/msg/Int32,65
1774014518.9923394,/metrics/pcl/fused/points_in,std_msgs/msg/Int32,40763
1774014518.9924276,/metrics/pcl/fused/processing_ms,std_msgs/msg/Float32,130.83721923828125
1774014519.2202752,/metrics/pcl/fused/detections_count,std_msgs/msg/Int32,63
1774014519.2204003,/metrics/pcl/fused/points_in,std_msgs/msg/Int32,40784
1774014519.2204716,/metrics/pcl/fused/processing_ms,std_msgs/msg/Float32,131.22445678710938
1774014519.4453921,/metrics/pcl/fused/detections_count,std_msgs/msg/Int32,63
1774014519.445502,/metrics/pcl/fused/points_in,std_msgs/msg/Int32,40746
1774014519.4455807,/metrics/pcl/fused/processing_ms,std_msgs/msg/Float32,129.57846069335938
1774014519.6762722,/metrics/pcl/fused/detections_count,std_msgs/msg/Int32,67
1774014519.676386,/metrics/pcl/fused/points_in,std_msgs/msg/Int32,40743
1774014519.676444,/metrics/pcl/fused/processing_ms,std_msgs/msg/Float32,130.8187713623047
1774014519.9083955,/metrics/pcl/fused/detections_count,std_msgs/msg/Int32,68
1774014519.9085066,/metrics/pcl/fused/points_in,std_msgs/msg/Int32,40689
1774014519.908569,/metrics/pcl/fused/processing_ms,std_msgs/msg/Float32,133.67750549316406
1774014520.1378305,/metrics/pcl/fused/detections_count,std_msgs/msg/Int32,68
1774014520.1379635,/metrics/pcl/fused/points_in,std_msgs/msg/Int32,40635
1774014520.1380394,/metrics/pcl/fused/processing_ms,std_msgs/msg/Float32,131.32093811035156
1774014520.3654146,/metrics/pcl/fused/detections_count,std_msgs/msg/Int32,63
1774014520.365535,/metrics/pcl/fused/points_in,std_msgs/msg/Int32,40658
1774014520.3656132,/metrics/pcl/fused/processing_ms,std_msgs/msg/Float32,130.35342407226562
1774014520.5991132,/metrics/pcl/fused/detections_count,std_msgs/msg/Int32,74
1774014520.599225,/metrics/pcl/fused/points_in,std_msgs/msg/Int32,40564
1774014520.5992885,/metrics/pcl/fused/processing_ms,std_msgs/msg/Float32,134.24630737304688
1774014520.8279421,/metrics/pcl/fused/detections_count,std_msgs/msg/Int32,65
1774014520.8280566,/metrics/pcl/fused/points_in,std_msgs/msg/Int32,40672
1774014520.8281205,/metrics/pcl/fused/processing_ms,std_msgs/msg/Float32,131.54574584960938
1774014521.062722,/metrics/pcl/fused/detections_count,std_msgs/msg/Int32,65
1774014521.0628397,/metrics/pcl/fused/points_in,std_msgs/msg/Int32,40671
1774014521.0629303,/metrics/pcl/fused/processing_ms,std_msgs/msg/Float32,134.72096252441406
1774014521.2940788,/metrics/pcl/fused/detections_count,std_msgs/msg/Int32,68
1774014521.294246,/metrics/pcl/fused/points_in,std_msgs/msg/Int32,40648
1774014521.2943432,/metrics/pcl/fused/processing_ms,std_msgs/msg/Float32,129.9554443359375
1774014521.535583,/metrics/pcl/fused/detections_count,std_msgs/msg/Int32,73
1774014521.5357327,/metrics/pcl/fused/points_in,std_msgs/msg/Int32,40634
1774014521.5358038,/metrics/pcl/fused/processing_ms,std_msgs/msg/Float32,134.02003479003906
1774014521.7781951,/metrics/pcl/fused/detections_count,std_msgs/msg/Int32,70
1774014521.7783241,/metrics/pcl/fused/points_in,std_msgs/msg/Int32,40609
1774014521.7783992,/metrics/pcl/fused/processing_ms,std_msgs/msg/Float32,135.13259887695312
1774014522.0163434,/metrics/pcl/fused/detections_count,std_msgs/msg/Int32,71
1774014522.0164464,/metrics/pcl/fused/points_in,std_msgs/msg/Int32,40728
1774014522.016499,/metrics/pcl/fused/processing_ms,std_msgs/msg/Float32,132.4562530517578
1774014522.2554865,/metrics/pcl/fused/detections_count,std_msgs/msg/Int32,70
1774014522.2556224,/metrics/pcl/fused/points_in,std_msgs/msg/Int32,40898
1774014522.2556925,/metrics/pcl/fused/processing_ms,std_msgs/msg/Float32,130.0330047607422
1774014522.7388368,/metrics/pcl/fused/detections_count,std_msgs/msg/Int32,70
1774014522.738975,/metrics/pcl/fused/points_in,std_msgs/msg/Int32,40775
1774014522.7390447,/metrics/pcl/fused/processing_ms,std_msgs/msg/Float32,131.00747680664062
1774014523.2290866,/metrics/pcl/fused/detections_count,std_msgs/msg/Int32,76
1774014523.2291994,/metrics/pcl/fused/points_in,std_msgs/msg/Int32,40938
1774014523.2292612,/metrics/pcl/fused/processing_ms,std_msgs/msg/Float32,130.47975158691406
1774014523.4731698,/metrics/pcl/fused/detections_count,std_msgs/msg/Int32,66
1774014523.4733052,/metrics/pcl/fused/points_in,std_msgs/msg/Int32,40795
1774014523.4733899,/metrics/pcl/fused/processing_ms,std_msgs/msg/Float32,131.69383239746094
1774014524.2133648,/metrics/pcl/fused/detections_count,std_msgs/msg/Int32,68
1774014524.2134743,/metrics/pcl/fused/points_in,std_msgs/msg/Int32,40884
1774014524.2135572,/metrics/pcl/fused/processing_ms,std_msgs/msg/Float32,135.6385955810547
1774014524.459135,/metrics/pcl/fused/detections_count,std_msgs/msg/Int32,63
1774014524.4592278,/metrics/pcl/fused/points_in,std_msgs/msg/Int32,40917
1774014524.4592927,/metrics/pcl/fused/processing_ms,std_msgs/msg/Float32,133.6248321533203
1774014524.7073812,/metrics/pcl/fused/detections_count,std_msgs/msg/Int32,66
1774014524.7075107,/metrics/pcl/fused/points_in,std_msgs/msg/Int32,40642
1774014524.7075925,/metrics/pcl/fused/processing_ms,std_msgs/msg/Float32,131.5391387939453
1774014524.9557607,/metrics/pcl/fused/detections_count,std_msgs/msg/Int32,70
1774014524.955943,/metrics/pcl/fused/points_in,std_msgs/msg/Int32,40580
1774014524.9560518,/metrics/pcl/fused/processing_ms,std_msgs/msg/Float32,129.41799926757812
1774014525.4502075,/metrics/pcl/fused/detections_count,std_msgs/msg/Int32,69
1774014525.4503262,/metrics/pcl/fused/points_in,std_msgs/msg/Int32,40632
1774014525.4503987,/metrics/pcl/fused/processing_ms,std_msgs/msg/Float32,126.95433807373047
1774014525.6990368,/metrics/pcl/fused/detections_count,std_msgs/msg/Int32,71
1774014525.6991773,/metrics/pcl/fused/points_in,std_msgs/msg/Int32,40648
1774014525.6992743,/metrics/pcl/fused/processing_ms,std_msgs/msg/Float32,126.41191864013672
1774014525.9537334,/metrics/pcl/fused/detections_count,std_msgs/msg/Int32,67
1774014525.9540007,/metrics/pcl/fused/points_in,std_msgs/msg/Int32,40614
1774014525.9541166,/metrics/pcl/fused/processing_ms,std_msgs/msg/Float32,128.48924255371094
1774014526.2072737,/metrics/pcl/fused/detections_count,std_msgs/msg/Int32,73
1774014526.2074335,/metrics/pcl/fused/points_in,std_msgs/msg/Int32,40540
1774014526.2075198,/metrics/pcl/fused/processing_ms,std_msgs/msg/Float32,126.98273468017578
1774014526.7064643,/metrics/pcl/fused/detections_count,std_msgs/msg/Int32,71
1774014526.7065768,/metrics/pcl/fused/points_in,std_msgs/msg/Int32,40768
1774014526.7066448,/metrics/pcl/fused/processing_ms,std_msgs/msg/Float32,128.94119262695312
1774014526.9536383,/metrics/pcl/fused/detections_count,std_msgs/msg/Int32,81
1774014526.9538364,/metrics/pcl/fused/points_in,std_msgs/msg/Int32,40914
1774014526.9539564,/metrics/pcl/fused/processing_ms,std_msgs/msg/Float32,127.02212524414062
1774014527.2029495,/metrics/pcl/fused/detections_count,std_msgs/msg/Int32,72
1774014527.2030993,/metrics/pcl/fused/points_in,std_msgs/msg/Int32,40867
1774014527.203177,/metrics/pcl/fused/processing_ms,std_msgs/msg/Float32,126.80726623535156
1774014527.457826,/metrics/pcl/fused/detections_count,std_msgs/msg/Int32,70
1774014527.4579654,/metrics/pcl/fused/points_in,std_msgs/msg/Int32,40912
1774014527.4580343,/metrics/pcl/fused/processing_ms,std_msgs/msg/Float32,130.97100830078125
1774014527.7050433,/metrics/pcl/fused/detections_count,std_msgs/msg/Int32,73
1774014527.7051773,/metrics/pcl/fused/points_in,std_msgs/msg/Int32,40658
1774014527.705238,/metrics/pcl/fused/processing_ms,std_msgs/msg/Float32,128.4703369140625
1774014527.9566638,/metrics/pcl/fused/detections_count,std_msgs/msg/Int32,74
1774014527.95678,/metrics/pcl/fused/points_in,std_msgs/msg/Int32,40555
1774014527.956896,/metrics/pcl/fused/processing_ms,std_msgs/msg/Float32,128.66685485839844
1774014528.4534101,/metrics/pcl/fused/detections_count,std_msgs/msg/Int32,67
1774014528.4535751,/metrics/pcl/fused/points_in,std_msgs/msg/Int32,40761
1774014528.4536557,/metrics/pcl/fused/processing_ms,std_msgs/msg/Float32,128.62818908691406
1774014528.7067382,/metrics/pcl/fused/detections_count,std_msgs/msg/Int32,66
1774014528.7068825,/metrics/pcl/fused/points_in,std_msgs/msg/Int32,40575
1774014528.7069862,/metrics/pcl/fused/processing_ms,std_msgs/msg/Float32,129.91644287109375
1774014528.960308,/metrics/pcl/fused/detections_count,std_msgs/msg/Int32,71
1774014528.9604313,/metrics/pcl/fused/points_in,std_msgs/msg/Int32,40602
1774014528.9604938,/metrics/pcl/fused/processing_ms,std_msgs/msg/Float32,130.1289520263672
1774014529.215073,/metrics/pcl/fused/detections_count,std_msgs/msg/Int32,71
1774014529.2151973,/metrics/pcl/fused/points_in,std_msgs/msg/Int32,40640
1774014529.215274,/metrics/pcl/fused/processing_ms,std_msgs/msg/Float32,129.99884033203125
1774014529.4660778,/metrics/pcl/fused/detections_count,std_msgs/msg/Int32,73
1774014529.466188,/metrics/pcl/fused/points_in,std_msgs/msg/Int32,40539
1774014529.4662497,/metrics/pcl/fused/processing_ms,std_msgs/msg/Float32,130.16958618164062
1774014529.9690611,/metrics/pcl/fused/detections_count,std_msgs/msg/Int32,68
1774014529.9692116,/metrics/pcl/fused/points_in,std_msgs/msg/Int32,40544
1774014529.9692848,/metrics/pcl/fused/processing_ms,std_msgs/msg/Float32,128.82952880859375
1774014530.2165926,/metrics/pcl/fused/detections_count,std_msgs/msg/Int32,71
1774014530.216759,/metrics/pcl/fused/points_in,std_msgs/msg/Int32,40416
1774014530.2168417,/metrics/pcl/fused/processing_ms,std_msgs/msg/Float32,123.8616714477539
1774014530.7144663,/metrics/pcl/fused/detections_count,std_msgs/msg/Int32,69
1774014530.7145772,/metrics/pcl/fused/points_in,std_msgs/msg/Int32,40013
1774014530.7146413,/metrics/pcl/fused/processing_ms,std_msgs/msg/Float32,123.0798110961914
1774014530.972408,/metrics/pcl/fused/detections_count,std_msgs/msg/Int32,75
1774014530.9725316,/metrics/pcl/fused/points_in,std_msgs/msg/Int32,40317
1774014530.972608,/metrics/pcl/fused/processing_ms,std_msgs/msg/Float32,127.32879638671875
1774014531.236192,/metrics/pcl/fused/detections_count,std_msgs/msg/Int32,77
1774014531.236329,/metrics/pcl/fused/points_in,std_msgs/msg/Int32,41485
1774014531.2364008,/metrics/pcl/fused/processing_ms,std_msgs/msg/Float32,134.65176391601562
1774014531.4933267,/metrics/pcl/fused/detections_count,std_msgs/msg/Int32,74
1774014531.4934373,/metrics/pcl/fused/points_in,std_msgs/msg/Int32,41686
1774014531.493502,/metrics/pcl/fused/processing_ms,std_msgs/msg/Float32,135.5758056640625
1774014531.75275,/metrics/pcl/fused/detections_count,std_msgs/msg/Int32,70
1774014531.7529702,/metrics/pcl/fused/points_in,std_msgs/msg/Int32,41753
1774014531.7530441,/metrics/pcl/fused/processing_ms,std_msgs/msg/Float32,137.6342315673828
1774014532.265856,/metrics/pcl/fused/detections_count,std_msgs/msg/Int32,76
1774014532.2660298,/metrics/pcl/fused/points_in,std_msgs/msg/Int32,42108
1774014532.266145,/metrics/pcl/fused/processing_ms,std_msgs/msg/Float32,137.02255249023438
1774014532.7705874,/metrics/pcl/fused/detections_count,std_msgs/msg/Int32,68
1774014532.770729,/metrics/pcl/fused/points_in,std_msgs/msg/Int32,41784
1774014532.7708116,/metrics/pcl/fused/processing_ms,std_msgs/msg/Float32,132.54913330078125
1774014533.2812998,/metrics/pcl/fused/detections_count,std_msgs/msg/Int32,74
1774014533.2814155,/metrics/pcl/fused/points_in,std_msgs/msg/Int32,41798
1774014533.281496,/metrics/pcl/fused/processing_ms,std_msgs/msg/Float32,135.46096801757812
1774014534.0754979,/metrics/pcl/fused/detections_count,std_msgs/msg/Int32,68
1774014534.0756116,/metrics/pcl/fused/points_in,std_msgs/msg/Int32,42017
1774014534.075676,/metrics/pcl/fused/processing_ms,std_msgs/msg/Float32,143.5770721435547
1774014534.3313928,/metrics/pcl/fused/detections_count,std_msgs/msg/Int32,71
1774014534.3315148,/metrics/pcl/fused/points_in,std_msgs/msg/Int32,41842
1774014534.331601,/metrics/pcl/fused/processing_ms,std_msgs/msg/Float32,138.7476348876953
1774014534.5906441,/metrics/pcl/fused/detections_count,std_msgs/msg/Int32,74
1774014534.5907574,/metrics/pcl/fused/points_in,std_msgs/msg/Int32,41838
1774014534.5908248,/metrics/pcl/fused/processing_ms,std_msgs/msg/Float32,139.75674438476562
1774014535.1244397,/metrics/pcl/fused/detections_count,std_msgs/msg/Int32,69
1774014535.124553,/metrics/pcl/fused/points_in,std_msgs/msg/Int32,41909
1774014535.1246195,/metrics/pcl/fused/processing_ms,std_msgs/msg/Float32,136.22279357910156
1774014535.3824065,/metrics/pcl/fused/detections_count,std_msgs/msg/Int32,69
1774014535.3825204,/metrics/pcl/fused/points_in,std_msgs/msg/Int32,41917
1774014535.3825917,/metrics/pcl/fused/processing_ms,std_msgs/msg/Float32,136.64627075195312
1774014535.6506758,/metrics/pcl/fused/detections_count,std_msgs/msg/Int32,71
1774014535.650808,/metrics/pcl/fused/points_in,std_msgs/msg/Int32,41856
1774014535.6508987,/metrics/pcl/fused/processing_ms,std_msgs/msg/Float32,137.90301513671875
1774014535.926031,/metrics/pcl/fused/detections_count,std_msgs/msg/Int32,73
1774014535.9261696,/metrics/pcl/fused/points_in,std_msgs/msg/Int32,41853
1774014535.9262543,/metrics/pcl/fused/processing_ms,std_msgs/msg/Float32,135.63131713867188
1774014536.2004673,/metrics/pcl/fused/detections_count,std_msgs/msg/Int32,72
1774014536.200607,/metrics/pcl/fused/points_in,std_msgs/msg/Int32,41895
1774014536.2006702,/metrics/pcl/fused/processing_ms,std_msgs/msg/Float32,136.9562530517578
1774014536.4630363,/metrics/pcl/fused/detections_count,std_msgs/msg/Int32,72
1774014536.463168,/metrics/pcl/fused/points_in,std_msgs/msg/Int32,41895
1774014536.4632292,/metrics/pcl/fused/processing_ms,std_msgs/msg/Float32,134.41233825683594
1774014536.720716,/metrics/pcl/fused/detections_count,std_msgs/msg/Int32,73
1774014536.720895,/metrics/pcl/fused/points_in,std_msgs/msg/Int32,41816
1774014536.72101,/metrics/pcl/fused/processing_ms,std_msgs/msg/Float32,137.1093292236328
1774014536.983794,/metrics/pcl/fused/detections_count,std_msgs/msg/Int32,71
1774014536.9839444,/metrics/pcl/fused/points_in,std_msgs/msg/Int32,41838
1774014536.9840338,/metrics/pcl/fused/processing_ms,std_msgs/msg/Float32,138.5982666015625
1774014537.2618928,/metrics/pcl/fused/detections_count,std_msgs/msg/Int32,71
1774014537.2620194,/metrics/pcl/fused/points_in,std_msgs/msg/Int32,41846
1774014537.2620904,/metrics/pcl/fused/processing_ms,std_msgs/msg/Float32,147.09878540039062
1774014537.522399,/metrics/pcl/fused/detections_count,std_msgs/msg/Int32,71
1774014537.5225623,/metrics/pcl/fused/points_in,std_msgs/msg/Int32,41725
1774014537.5226786,/metrics/pcl/fused/processing_ms,std_msgs/msg/Float32,138.2961883544922
1774014537.7699957,/metrics/pcl/fused/detections_count,std_msgs/msg/Int32,72
1774014537.7701614,/metrics/pcl/fused/points_in,std_msgs/msg/Int32,41833
1774014537.770275,/metrics/pcl/fused/processing_ms,std_msgs/msg/Float32,134.3328094482422
1774014538.2393484,/metrics/pcl/fused/detections_count,std_msgs/msg/Int32,68
1774014538.2394645,/metrics/pcl/fused/points_in,std_msgs/msg/Int32,41796
1774014538.2395275,/metrics/pcl/fused/processing_ms,std_msgs/msg/Float32,132.95840454101562
1774014538.70944,/metrics/pcl/fused/detections_count,std_msgs/msg/Int32,75
1774014538.7095747,/metrics/pcl/fused/points_in,std_msgs/msg/Int32,41921
1774014538.7096689,/metrics/pcl/fused/processing_ms,std_msgs/msg/Float32,137.15402221679688
1774014539.4324567,/metrics/pcl/fused/detections_count,std_msgs/msg/Int32,71
1774014539.432585,/metrics/pcl/fused/points_in,std_msgs/msg/Int32,41783
1774014539.4326684,/metrics/pcl/fused/processing_ms,std_msgs/msg/Float32,140.40997314453125
1774014539.6683333,/metrics/pcl/fused/detections_count,std_msgs/msg/Int32,74
1774014539.6684604,/metrics/pcl/fused/points_in,std_msgs/msg/Int32,41853
1774014539.6685243,/metrics/pcl/fused/processing_ms,std_msgs/msg/Float32,138.2475128173828
1774014539.908093,/metrics/pcl/fused/detections_count,std_msgs/msg/Int32,65
1774014539.908194,/metrics/pcl/fused/points_in,std_msgs/msg/Int32,41774
1774014539.9082499,/metrics/pcl/fused/processing_ms,std_msgs/msg/Float32,136.47970581054688
1774014540.152834,/metrics/pcl/fused/detections_count,std_msgs/msg/Int32,72
1774014540.1530213,/metrics/pcl/fused/points_in,std_msgs/msg/Int32,41833
1774014540.153131,/metrics/pcl/fused/processing_ms,std_msgs/msg/Float32,138.9139862060547
1774014540.3880405,/metrics/pcl/fused/detections_count,std_msgs/msg/Int32,76
1774014540.388174,/metrics/pcl/fused/points_in,std_msgs/msg/Int32,41840
1774014540.388268,/metrics/pcl/fused/processing_ms,std_msgs/msg/Float32,134.38523864746094
1774014540.6294608,/metrics/pcl/fused/detections_count,std_msgs/msg/Int32,71
1774014540.6295667,/metrics/pcl/fused/points_in,std_msgs/msg/Int32,41837
1774014540.6296208,/metrics/pcl/fused/processing_ms,std_msgs/msg/Float32,134.57052612304688
1774014540.8771622,/metrics/pcl/fused/detections_count,std_msgs/msg/Int32,71
1774014540.8773,/metrics/pcl/fused/points_in,std_msgs/msg/Int32,41823
1774014540.8773847,/metrics/pcl/fused/processing_ms,std_msgs/msg/Float32,132.6309051513672
1774014541.1255536,/metrics/pcl/fused/detections_count,std_msgs/msg/Int32,73
1774014541.1256728,/metrics/pcl/fused/points_in,std_msgs/msg/Int32,41843
1774014541.1257374,/metrics/pcl/fused/processing_ms,std_msgs/msg/Float32,133.21420288085938
1774014541.3732228,/metrics/pcl/fused/detections_count,std_msgs/msg/Int32,71
1774014541.3733377,/metrics/pcl/fused/points_in,std_msgs/msg/Int32,41926
1774014541.3734207,/metrics/pcl/fused/processing_ms,std_msgs/msg/Float32,134.4813690185547
1774014541.6102636,/metrics/pcl/fused/detections_count,std_msgs/msg/Int32,74
1774014541.6103933,/metrics/pcl/fused/points_in,std_msgs/msg/Int32,41846
1774014541.610476,/metrics/pcl/fused/processing_ms,std_msgs/msg/Float32,134.59083557128906
1774014541.859672,/metrics/pcl/fused/detections_count,std_msgs/msg/Int32,82
1774014541.8597763,/metrics/pcl/fused/points_in,std_msgs/msg/Int32,41820
1774014541.8598316,/metrics/pcl/fused/processing_ms,std_msgs/msg/Float32,135.92578125
1774014542.1035945,/metrics/pcl/fused/detections_count,std_msgs/msg/Int32,67
1774014542.1037474,/metrics/pcl/fused/points_in,std_msgs/msg/Int32,41897
1774014542.1038163,/metrics/pcl/fused/processing_ms,std_msgs/msg/Float32,132.68101501464844
1774014542.6015363,/metrics/pcl/fused/detections_count,std_msgs/msg/Int32,78
1774014542.6017058,/metrics/pcl/fused/points_in,std_msgs/msg/Int32,41821
1774014542.6017745,/metrics/pcl/fused/processing_ms,std_msgs/msg/Float32,136.32025146484375
1774014542.8513339,/metrics/pcl/fused/detections_count,std_msgs/msg/Int32,70
1774014542.8515055,/metrics/pcl/fused/points_in,std_msgs/msg/Int32,41791
1774014542.8515882,/metrics/pcl/fused/processing_ms,std_msgs/msg/Float32,136.21546936035156
1774014543.5854104,/metrics/pcl/fused/detections_count,std_msgs/msg/Int32,70
1774014543.5855615,/metrics/pcl/fused/points_in,std_msgs/msg/Int32,41830
1774014543.5856302,/metrics/pcl/fused/processing_ms,std_msgs/msg/Float32,135.87242126464844
1774014543.8341646,/metrics/pcl/fused/detections_count,std_msgs/msg/Int32,67
1774014543.8342803,/metrics/pcl/fused/points_in,std_msgs/msg/Int32,41801
1774014543.8343449,/metrics/pcl/fused/processing_ms,std_msgs/msg/Float32,136.21803283691406
1774014544.596752,/metrics/pcl/fused/detections_count,std_msgs/msg/Int32,75
1774014544.5968642,/metrics/pcl/fused/points_in,std_msgs/msg/Int32,41832
1774014544.5969481,/metrics/pcl/fused/processing_ms,std_msgs/msg/Float32,135.54736328125
1774014544.850846,/metrics/pcl/fused/detections_count,std_msgs/msg/Int32,69
1774014544.851019,/metrics/pcl/fused/points_in,std_msgs/msg/Int32,41792
1774014544.8510935,/metrics/pcl/fused/processing_ms,std_msgs/msg/Float32,135.3338165283203
1774014545.3518271,/metrics/pcl/fused/detections_count,std_msgs/msg/Int32,67
1774014545.351979,/metrics/pcl/fused/points_in,std_msgs/msg/Int32,41839
1774014545.3520377,/metrics/pcl/fused/processing_ms,std_msgs/msg/Float32,134.97500610351562
1774014546.1127796,/metrics/pcl/fused/detections_count,std_msgs/msg/Int32,71
1774014546.112917,/metrics/pcl/fused/points_in,std_msgs/msg/Int32,41732
1774014546.11299,/metrics/pcl/fused/processing_ms,std_msgs/msg/Float32,135.70770263671875
1774014546.610556,/metrics/pcl/fused/detections_count,std_msgs/msg/Int32,71
1774014546.6106715,/metrics/pcl/fused/points_in,std_msgs/msg/Int32,41801
1774014546.6107366,/metrics/pcl/fused/processing_ms,std_msgs/msg/Float32,136.3856964111328
1774014547.623414,/metrics/pcl/fused/detections_count,std_msgs/msg/Int32,70
1774014547.6235971,/metrics/pcl/fused/points_in,std_msgs/msg/Int32,41858
1774014547.623696,/metrics/pcl/fused/processing_ms,std_msgs/msg/Float32,139.15675354003906
1774014547.8781826,/metrics/pcl/fused/detections_count,std_msgs/msg/Int32,68
1774014547.8782895,/metrics/pcl/fused/points_in,std_msgs/msg/Int32,41802
1774014547.878346,/metrics/pcl/fused/processing_ms,std_msgs/msg/Float32,135.61831665039062
1774014548.1385455,/metrics/pcl/fused/detections_count,std_msgs/msg/Int32,70
1774014548.138751,/metrics/pcl/fused/points_in,std_msgs/msg/Int32,41774
1774014548.13884,/metrics/pcl/fused/processing_ms,std_msgs/msg/Float32,139.10494995117188
1774014548.6456652,/metrics/pcl/fused/detections_count,std_msgs/msg/Int32,66
1774014548.645813,/metrics/pcl/fused/points_in,std_msgs/msg/Int32,41845
1774014548.6459281,/metrics/pcl/fused/processing_ms,std_msgs/msg/Float32,134.39051818847656
1774014549.414809,/metrics/pcl/fused/detections_count,std_msgs/msg/Int32,70
1774014549.4149668,/metrics/pcl/fused/points_in,std_msgs/msg/Int32,41797
1774014549.4150608,/metrics/pcl/fused/processing_ms,std_msgs/msg/Float32,133.94979858398438
1774014549.6751344,/metrics/pcl/fused/detections_count,std_msgs/msg/Int32,74
1774014549.6753018,/metrics/pcl/fused/points_in,std_msgs/msg/Int32,41805
1774014549.6753912,/metrics/pcl/fused/processing_ms,std_msgs/msg/Float32,133.84544372558594
1774014549.9374945,/metrics/pcl/fused/detections_count,std_msgs/msg/Int32,69
1774014549.9377065,/metrics/pcl/fused/points_in,std_msgs/msg/Int32,41839
1774014549.9377866,/metrics/pcl/fused/processing_ms,std_msgs/msg/Float32,137.65464782714844
1774014550.1954682,/metrics/pcl/fused/detections_count,std_msgs/msg/Int32,74
1774014550.1956162,/metrics/pcl/fused/points_in,std_msgs/msg/Int32,41807
1774014550.1957097,/metrics/pcl/fused/processing_ms,std_msgs/msg/Float32,136.63348388671875
1774014550.7189832,/metrics/pcl/fused/detections_count,std_msgs/msg/Int32,64
1774014550.7191453,/metrics/pcl/fused/points_in,std_msgs/msg/Int32,41764
1774014550.7192295,/metrics/pcl/fused/processing_ms,std_msgs/msg/Float32,134.4567108154297
1774014550.9843295,/metrics/pcl/fused/detections_count,std_msgs/msg/Int32,69
1774014550.9844725,/metrics/pcl/fused/points_in,std_msgs/msg/Int32,41819
1774014550.9845326,/metrics/pcl/fused/processing_ms,std_msgs/msg/Float32,135.7537841796875
1774014551.2430887,/metrics/pcl/fused/detections_count,std_msgs/msg/Int32,71
1774014551.2432177,/metrics/pcl/fused/points_in,std_msgs/msg/Int32,41743
1774014551.243281,/metrics/pcl/fused/processing_ms,std_msgs/msg/Float32,133.11785888671875
1774014551.504381,/metrics/pcl/fused/detections_count,std_msgs/msg/Int32,72
1774014551.5045736,/metrics/pcl/fused/points_in,std_msgs/msg/Int32,41766
1774014551.5046496,/metrics/pcl/fused/processing_ms,std_msgs/msg/Float32,139.9744415283203
1774014551.7621984,/metrics/pcl/fused/detections_count,std_msgs/msg/Int32,65
1774014551.7623074,/metrics/pcl/fused/points_in,std_msgs/msg/Int32,41818
1774014551.7623715,/metrics/pcl/fused/processing_ms,std_msgs/msg/Float32,136.62966918945312
1774014552.2791047,/metrics/pcl/fused/detections_count,std_msgs/msg/Int32,72
1774014552.2792199,/metrics/pcl/fused/points_in,std_msgs/msg/Int32,41797
1774014552.2792835,/metrics/pcl/fused/processing_ms,std_msgs/msg/Float32,133.33291625976562
1774014552.539401,/metrics/pcl/fused/detections_count,std_msgs/msg/Int32,75
1774014552.5395503,/metrics/pcl/fused/points_in,std_msgs/msg/Int32,41853
1774014552.5396461,/metrics/pcl/fused/processing_ms,std_msgs/msg/Float32,139.3871612548828
1774014553.0547953,/metrics/pcl/fused/detections_count,std_msgs/msg/Int32,69
1774014553.0549445,/metrics/pcl/fused/points_in,std_msgs/msg/Int32,41846
1774014553.055029,/metrics/pcl/fused/processing_ms,std_msgs/msg/Float32,139.8020477294922
1774014553.310075,/metrics/pcl/fused/detections_count,std_msgs/msg/Int32,68
1774014553.3101885,/metrics/pcl/fused/points_in,std_msgs/msg/Int32,41855
1774014553.3102512,/metrics/pcl/fused/processing_ms,std_msgs/msg/Float32,137.9283905029297
1774014553.5601192,/metrics/pcl/fused/detections_count,std_msgs/msg/Int32,75
1774014553.560228,/metrics/pcl/fused/points_in,std_msgs/msg/Int32,41854
1774014553.5602827,/metrics/pcl/fused/processing_ms,std_msgs/msg/Float32,135.41114807128906
1774014553.8191955,/metrics/pcl/fused/detections_count,std_msgs/msg/Int32,66
1774014553.8193953,/metrics/pcl/fused/points_in,std_msgs/msg/Int32,41772
1774014553.8195164,/metrics/pcl/fused/processing_ms,std_msgs/msg/Float32,137.57635498046875
1774014554.0751796,/metrics/pcl/fused/detections_count,std_msgs/msg/Int32,68
1774014554.075294,/metrics/pcl/fused/points_in,std_msgs/msg/Int32,41837
1774014554.0753603,/metrics/pcl/fused/processing_ms,std_msgs/msg/Float32,134.9679718017578
1774014554.3332212,/metrics/pcl/fused/detections_count,std_msgs/msg/Int32,78
1774014554.333337,/metrics/pcl/fused/points_in,std_msgs/msg/Int32,41916
1774014554.3334005,/metrics/pcl/fused/processing_ms,std_msgs/msg/Float32,138.78541564941406
1774014554.5978918,/metrics/pcl/fused/detections_count,std_msgs/msg/Int32,74
1774014554.598005,/metrics/pcl/fused/points_in,std_msgs/msg/Int32,41864
1774014554.5980687,/metrics/pcl/fused/processing_ms,std_msgs/msg/Float32,139.00167846679688
1774014554.8518937,/metrics/pcl/fused/detections_count,std_msgs/msg/Int32,69
1774014554.852041,/metrics/pcl/fused/points_in,std_msgs/msg/Int32,41774
1774014554.8521252,/metrics/pcl/fused/processing_ms,std_msgs/msg/Float32,136.26075744628906
1774014555.3598516,/metrics/pcl/fused/detections_count,std_msgs/msg/Int32,69
1774014555.3599708,/metrics/pcl/fused/points_in,std_msgs/msg/Int32,41821
1774014555.360024,/metrics/pcl/fused/processing_ms,std_msgs/msg/Float32,132.5335235595703
1774014555.873443,/metrics/pcl/fused/detections_count,std_msgs/msg/Int32,76
1774014555.873554,/metrics/pcl/fused/points_in,std_msgs/msg/Int32,41843
1774014555.8736231,/metrics/pcl/fused/processing_ms,std_msgs/msg/Float32,137.43682861328125
1774014556.137919,/metrics/pcl/fused/detections_count,std_msgs/msg/Int32,71
1774014556.1380978,/metrics/pcl/fused/points_in,std_msgs/msg/Int32,41868
1774014556.1382008,/metrics/pcl/fused/processing_ms,std_msgs/msg/Float32,136.09703063964844
1774014556.6532881,/metrics/pcl/fused/detections_count,std_msgs/msg/Int32,69
1774014556.6534057,/metrics/pcl/fused/points_in,std_msgs/msg/Int32,41812
1774014556.653461,/metrics/pcl/fused/processing_ms,std_msgs/msg/Float32,137.7670135498047
1774014556.912774,/metrics/pcl/fused/detections_count,std_msgs/msg/Int32,68
1774014556.9129317,/metrics/pcl/fused/points_in,std_msgs/msg/Int32,41825
1774014556.9130535,/metrics/pcl/fused/processing_ms,std_msgs/msg/Float32,137.23861694335938
1774014557.1702843,/metrics/pcl/fused/detections_count,std_msgs/msg/Int32,74
1774014557.170431,/metrics/pcl/fused/points_in,std_msgs/msg/Int32,41772
1774014557.1705043,/metrics/pcl/fused/processing_ms,std_msgs/msg/Float32,135.34353637695312
1774014557.4254763,/metrics/pcl/fused/detections_count,std_msgs/msg/Int32,71
1774014557.4255893,/metrics/pcl/fused/points_in,std_msgs/msg/Int32,41816
1774014557.425654,/metrics/pcl/fused/processing_ms,std_msgs/msg/Float32,136.5585479736328
1774014557.682497,/metrics/pcl/fused/detections_count,std_msgs/msg/Int32,74
1774014557.6826048,/metrics/pcl/fused/points_in,std_msgs/msg/Int32,41931
1774014557.6826692,/metrics/pcl/fused/processing_ms,std_msgs/msg/Float32,136.8059844970703
1774014558.2176185,/metrics/pcl/fused/detections_count,std_msgs/msg/Int32,71
1774014558.217797,/metrics/pcl/fused/points_in,std_msgs/msg/Int32,41982
1774014558.2178986,/metrics/pcl/fused/processing_ms,std_msgs/msg/Float32,137.6625213623047
1774014558.4774594,/metrics/pcl/fused/detections_count,std_msgs/msg/Int32,72
1774014558.4776092,/metrics/pcl/fused/points_in,std_msgs/msg/Int32,41934
1774014558.4777305,/metrics/pcl/fused/processing_ms,std_msgs/msg/Float32,139.7200927734375
1774014558.7275321,/metrics/pcl/fused/detections_count,std_msgs/msg/Int32,77
1774014558.7277036,/metrics/pcl/fused/points_in,std_msgs/msg/Int32,41878
1774014558.7277977,/metrics/pcl/fused/processing_ms,std_msgs/msg/Float32,143.60594177246094
1774014559.25311,/metrics/pcl/fused/detections_count,std_msgs/msg/Int32,72
1774014559.253256,/metrics/pcl/fused/points_in,std_msgs/msg/Int32,41912
1774014559.2533214,/metrics/pcl/fused/processing_ms,std_msgs/msg/Float32,140.66433715820312
1774014559.4913127,/metrics/pcl/fused/detections_count,std_msgs/msg/Int32,69
1774014559.4914436,/metrics/pcl/fused/points_in,std_msgs/msg/Int32,41853
1774014559.4915285,/metrics/pcl/fused/processing_ms,std_msgs/msg/Float32,135.41604614257812
1774014559.7694101,/metrics/pcl/fused/detections_count,std_msgs/msg/Int32,72
1774014559.7695541,/metrics/pcl/fused/points_in,std_msgs/msg/Int32,41923
1774014559.7696402,/metrics/pcl/fused/processing_ms,std_msgs/msg/Float32,143.36325073242188
1774014560.250014,/metrics/pcl/fused/detections_count,std_msgs/msg/Int32,70
1774014560.2501264,/metrics/pcl/fused/points_in,std_msgs/msg/Int32,41734
1774014560.2501895,/metrics/pcl/fused/processing_ms,std_msgs/msg/Float32,134.6459503173828
1774014560.4926255,/metrics/pcl/fused/detections_count,std_msgs/msg/Int32,75
1774014560.4927437,/metrics/pcl/fused/points_in,std_msgs/msg/Int32,41850
1774014560.4928071,/metrics/pcl/fused/processing_ms,std_msgs/msg/Float32,139.2078857421875
1774014560.7327404,/metrics/pcl/fused/detections_count,std_msgs/msg/Int32,74
1774014560.7328537,/metrics/pcl/fused/points_in,std_msgs/msg/Int32,41817
1774014560.732932,/metrics/pcl/fused/processing_ms,std_msgs/msg/Float32,136.68739318847656
1774014560.986464,/metrics/pcl/fused/detections_count,std_msgs/msg/Int32,73
1774014560.9865952,/metrics/pcl/fused/points_in,std_msgs/msg/Int32,41960
1774014560.9866576,/metrics/pcl/fused/processing_ms,std_msgs/msg/Float32,140.38914489746094
1774014561.7140324,/metrics/pcl/fused/detections_count,std_msgs/msg/Int32,71
1774014561.7141418,/metrics/pcl/fused/points_in,std_msgs/msg/Int32,41623
1774014561.714206,/metrics/pcl/fused/processing_ms,std_msgs/msg/Float32,135.56723022460938
1774014562.192847,/metrics/pcl/fused/detections_count,std_msgs/msg/Int32,78
1774014562.1930087,/metrics/pcl/fused/points_in,std_msgs/msg/Int32,41502
1774014562.1930811,/metrics/pcl/fused/processing_ms,std_msgs/msg/Float32,135.25689697265625
1774014562.4297485,/metrics/pcl/fused/detections_count,std_msgs/msg/Int32,69
1774014562.4298491,/metrics/pcl/fused/points_in,std_msgs/msg/Int32,41739
1774014562.4299252,/metrics/pcl/fused/processing_ms,std_msgs/msg/Float32,138.25425720214844
1774014562.6700313,/metrics/pcl/fused/detections_count,std_msgs/msg/Int32,74
1774014562.6701837,/metrics/pcl/fused/points_in,std_msgs/msg/Int32,41641
1774014562.6702714,/metrics/pcl/fused/processing_ms,std_msgs/msg/Float32,141.58934020996094
1774014562.9080927,/metrics/pcl/fused/detections_count,std_msgs/msg/Int32,75
1774014562.9082682,/metrics/pcl/fused/points_in,std_msgs/msg/Int32,41561
1774014562.9083378,/metrics/pcl/fused/processing_ms,std_msgs/msg/Float32,140.08958435058594
1774014563.1453326,/metrics/pcl/fused/detections_count,std_msgs/msg/Int32,69
1774014563.1454377,/metrics/pcl/fused/points_in,std_msgs/msg/Int32,41608
1774014563.1454985,/metrics/pcl/fused/processing_ms,std_msgs/msg/Float32,137.59909057617188
1774014563.3820882,/metrics/pcl/fused/detections_count,std_msgs/msg/Int32,71
1774014563.3822274,/metrics/pcl/fused/points_in,std_msgs/msg/Int32,41571
1774014563.3823073,/metrics/pcl/fused/processing_ms,std_msgs/msg/Float32,136.14306640625
1774014563.6170557,/metrics/pcl/fused/detections_count,std_msgs/msg/Int32,72
1774014563.6171896,/metrics/pcl/fused/points_in,std_msgs/msg/Int32,41622
1774014563.6172702,/metrics/pcl/fused/processing_ms,std_msgs/msg/Float32,137.1641387939453
1774014563.8596048,/metrics/pcl/fused/detections_count,std_msgs/msg/Int32,77
1774014563.8597162,/metrics/pcl/fused/points_in,std_msgs/msg/Int32,41616
1774014563.8598046,/metrics/pcl/fused/processing_ms,std_msgs/msg/Float32,137.88729858398438
1774014564.0985675,/metrics/pcl/fused/detections_count,std_msgs/msg/Int32,70
1774014564.0986774,/metrics/pcl/fused/points_in,std_msgs/msg/Int32,41641
1774014564.0987427,/metrics/pcl/fused/processing_ms,std_msgs/msg/Float32,135.31704711914062
1774014564.3451257,/metrics/pcl/fused/detections_count,std_msgs/msg/Int32,74
1774014564.3452377,/metrics/pcl/fused/points_in,std_msgs/msg/Int32,41607
1774014564.3453035,/metrics/pcl/fused/processing_ms,std_msgs/msg/Float32,136.85934448242188
1774014564.5959504,/metrics/pcl/fused/detections_count,std_msgs/msg/Int32,71
1774014564.5960987,/metrics/pcl/fused/points_in,std_msgs/msg/Int32,41592
1774014564.5961928,/metrics/pcl/fused/processing_ms,std_msgs/msg/Float32,138.62571716308594
1774014564.8645675,/metrics/pcl/fused/detections_count,std_msgs/msg/Int32,76
1774014564.8646944,/metrics/pcl/fused/points_in,std_msgs/msg/Int32,41449
1774014564.8647614,/metrics/pcl/fused/processing_ms,std_msgs/msg/Float32,140.0185089111328
1774014565.157336,/metrics/pcl/fused/detections_count,std_msgs/msg/Int32,72
1774014565.1574607,/metrics/pcl/fused/points_in,std_msgs/msg/Int32,41556
1774014565.157532,/metrics/pcl/fused/processing_ms,std_msgs/msg/Float32,143.4221649169922
1774014565.4271142,/metrics/pcl/fused/detections_count,std_msgs/msg/Int32,72
1774014565.4272327,/metrics/pcl/fused/points_in,std_msgs/msg/Int32,41526
1774014565.4272995,/metrics/pcl/fused/processing_ms,std_msgs/msg/Float32,136.11891174316406
1774014565.663224,/metrics/pcl/fused/detections_count,std_msgs/msg/Int32,72
1774014565.6633356,/metrics/pcl/fused/points_in,std_msgs/msg/Int32,41529
1774014565.6634018,/metrics/pcl/fused/processing_ms,std_msgs/msg/Float32,133.95802307128906
1774014565.908426,/metrics/pcl/fused/detections_count,std_msgs/msg/Int32,72
1774014565.9085283,/metrics/pcl/fused/points_in,std_msgs/msg/Int32,41600
1774014565.9085855,/metrics/pcl/fused/processing_ms,std_msgs/msg/Float32,135.53733825683594
1774014566.1603599,/metrics/pcl/fused/detections_count,std_msgs/msg/Int32,73
1774014566.1604753,/metrics/pcl/fused/points_in,std_msgs/msg/Int32,41557
1774014566.1605408,/metrics/pcl/fused/processing_ms,std_msgs/msg/Float32,133.64468383789062
1774014566.6527297,/metrics/pcl/fused/detections_count,std_msgs/msg/Int32,76
1774014566.65292,/metrics/pcl/fused/points_in,std_msgs/msg/Int32,41598
1774014566.652998,/metrics/pcl/fused/processing_ms,std_msgs/msg/Float32,136.23324584960938
1774014566.8980546,/metrics/pcl/fused/detections_count,std_msgs/msg/Int32,73
1774014566.898171,/metrics/pcl/fused/points_in,std_msgs/msg/Int32,41586
1774014566.8982503,/metrics/pcl/fused/processing_ms,std_msgs/msg/Float32,134.08181762695312
1774014567.1383014,/metrics/pcl/fused/detections_count,std_msgs/msg/Int32,70
1774014567.138419,/metrics/pcl/fused/points_in,std_msgs/msg/Int32,41670
1774014567.1384773,/metrics/pcl/fused/processing_ms,std_msgs/msg/Float32,129.76014709472656
1774014567.8790436,/metrics/pcl/fused/detections_count,std_msgs/msg/Int32,72
1774014567.8792217,/metrics/pcl/fused/points_in,std_msgs/msg/Int32,41630
1774014567.8793342,/metrics/pcl/fused/processing_ms,std_msgs/msg/Float32,137.34994506835938
1774014568.894545,/metrics/pcl/fused/detections_count,std_msgs/msg/Int32,78
1774014568.8946652,/metrics/pcl/fused/points_in,std_msgs/msg/Int32,41625
1774014568.8947296,/metrics/pcl/fused/processing_ms,std_msgs/msg/Float32,136.47898864746094
1774014569.1434653,/metrics/pcl/fused/detections_count,std_msgs/msg/Int32,73
1774014569.143578,/metrics/pcl/fused/points_in,std_msgs/msg/Int32,41685
1774014569.143642,/metrics/pcl/fused/processing_ms,std_msgs/msg/Float32,133.2937469482422
1774014569.9039102,/metrics/pcl/fused/detections_count,std_msgs/msg/Int32,76
1774014569.9040453,/metrics/pcl/fused/points_in,std_msgs/msg/Int32,41634
1774014569.9041247,/metrics/pcl/fused/processing_ms,std_msgs/msg/Float32,133.88819885253906
1774014570.1683235,/metrics/pcl/fused/detections_count,std_msgs/msg/Int32,69
1774014570.1684687,/metrics/pcl/fused/points_in,std_msgs/msg/Int32,41634
1774014570.168554,/metrics/pcl/fused/processing_ms,std_msgs/msg/Float32,142.5100860595703
1774014570.6804075,/metrics/pcl/fused/detections_count,std_msgs/msg/Int32,73
1774014570.6805184,/metrics/pcl/fused/points_in,std_msgs/msg/Int32,41611
1774014570.680583,/metrics/pcl/fused/processing_ms,std_msgs/msg/Float32,137.8716583251953
1774014570.9390798,/metrics/pcl/fused/detections_count,std_msgs/msg/Int32,76
1774014570.9392328,/metrics/pcl/fused/points_in,std_msgs/msg/Int32,41502
1774014570.9393525,/metrics/pcl/fused/processing_ms,std_msgs/msg/Float32,134.80162048339844
1774014571.203313,/metrics/pcl/fused/detections_count,std_msgs/msg/Int32,75
1774014571.2034667,/metrics/pcl/fused/points_in,std_msgs/msg/Int32,41676
1774014571.2035654,/metrics/pcl/fused/processing_ms,std_msgs/msg/Float32,135.55625915527344
1774014571.4594922,/metrics/pcl/fused/detections_count,std_msgs/msg/Int32,74
1774014571.4596226,/metrics/pcl/fused/points_in,std_msgs/msg/Int32,41703
1774014571.459689,/metrics/pcl/fused/processing_ms,std_msgs/msg/Float32,133.217041015625
1774014571.7197099,/metrics/pcl/fused/detections_count,std_msgs/msg/Int32,73
1774014571.7199702,/metrics/pcl/fused/points_in,std_msgs/msg/Int32,41642
1774014571.7200627,/metrics/pcl/fused/processing_ms,std_msgs/msg/Float32,132.552490234375
1774014572.2316654,/metrics/pcl/fused/detections_count,std_msgs/msg/Int32,74
1774014572.2318122,/metrics/pcl/fused/points_in,std_msgs/msg/Int32,41591
1774014572.2318892,/metrics/pcl/fused/processing_ms,std_msgs/msg/Float32,135.61444091796875
1774014572.4894836,/metrics/pcl/fused/detections_count,std_msgs/msg/Int32,73
1774014572.4896367,/metrics/pcl/fused/points_in,std_msgs/msg/Int32,41462
1774014572.4897144,/metrics/pcl/fused/processing_ms,std_msgs/msg/Float32,137.88058471679688
1774014573.2446775,/metrics/pcl/fused/detections_count,std_msgs/msg/Int32,71
1774014573.244792,/metrics/pcl/fused/points_in,std_msgs/msg/Int32,41547
1774014573.2448568,/metrics/pcl/fused/processing_ms,std_msgs/msg/Float32,131.7208251953125
1774014573.5017817,/metrics/pcl/fused/detections_count,std_msgs/msg/Int32,68
1774014573.501936,/metrics/pcl/fused/points_in,std_msgs/msg/Int32,41566
1774014573.5020094,/metrics/pcl/fused/processing_ms,std_msgs/msg/Float32,134.45433044433594
1774014573.757069,/metrics/pcl/fused/detections_count,std_msgs/msg/Int32,72
1774014573.7571838,/metrics/pcl/fused/points_in,std_msgs/msg/Int32,41470
1774014573.7572474,/metrics/pcl/fused/processing_ms,std_msgs/msg/Float32,133.89752197265625
1774014574.0188148,/metrics/pcl/fused/detections_count,std_msgs/msg/Int32,71
1774014574.0190487,/metrics/pcl/fused/points_in,std_msgs/msg/Int32,41570
1774014574.0191271,/metrics/pcl/fused/processing_ms,std_msgs/msg/Float32,135.25962829589844
1774014574.2819066,/metrics/pcl/fused/detections_count,std_msgs/msg/Int32,68
1774014574.2820222,/metrics/pcl/fused/points_in,std_msgs/msg/Int32,41429
1774014574.2820904,/metrics/pcl/fused/processing_ms,std_msgs/msg/Float32,134.61672973632812
1774014574.5538921,/metrics/pcl/fused/detections_count,std_msgs/msg/Int32,74
1774014574.554087,/metrics/pcl/fused/points_in,std_msgs/msg/Int32,41562
1774014574.5541837,/metrics/pcl/fused/processing_ms,std_msgs/msg/Float32,145.26937866210938
1774014575.0956068,/metrics/pcl/fused/detections_count,std_msgs/msg/Int32,68
1774014575.0957403,/metrics/pcl/fused/points_in,std_msgs/msg/Int32,41614
1774014575.0958126,/metrics/pcl/fused/processing_ms,std_msgs/msg/Float32,142.07388305664062
1774014575.672122,/metrics/pcl/fused/detections_count,std_msgs/msg/Int32,79
1774014575.6722739,/metrics/pcl/fused/points_in,std_msgs/msg/Int32,41526
1774014575.6723387,/metrics/pcl/fused/processing_ms,std_msgs/msg/Float32,141.18264770507812
1774014575.9503815,/metrics/pcl/fused/detections_count,std_msgs/msg/Int32,78
1774014575.950505,/metrics/pcl/fused/points_in,std_msgs/msg/Int32,41469
1774014575.950593,/metrics/pcl/fused/processing_ms,std_msgs/msg/Float32,136.83204650878906
1774014576.2331045,/metrics/pcl/fused/detections_count,std_msgs/msg/Int32,72
1774014576.233264,/metrics/pcl/fused/points_in,std_msgs/msg/Int32,41697
1774014576.2333484,/metrics/pcl/fused/processing_ms,std_msgs/msg/Float32,148.5886993408203
1774014576.5067658,/metrics/pcl/fused/detections_count,std_msgs/msg/Int32,70
1774014576.5069456,/metrics/pcl/fused/points_in,std_msgs/msg/Int32,41693
1774014576.5070822,/metrics/pcl/fused/processing_ms,std_msgs/msg/Float32,137.44290161132812
1774014576.76976,/metrics/pcl/fused/detections_count,std_msgs/msg/Int32,78
1774014576.7699676,/metrics/pcl/fused/points_in,std_msgs/msg/Int32,41680
1774014576.770069,/metrics/pcl/fused/processing_ms,std_msgs/msg/Float32,136.94190979003906
1774014577.0323968,/metrics/pcl/fused/detections_count,std_msgs/msg/Int32,65
1774014577.0325038,/metrics/pcl/fused/points_in,std_msgs/msg/Int32,41693
1774014577.0325608,/metrics/pcl/fused/processing_ms,std_msgs/msg/Float32,133.9937286376953
1774014577.2970982,/metrics/pcl/fused/detections_count,std_msgs/msg/Int32,75
1774014577.2972043,/metrics/pcl/fused/points_in,std_msgs/msg/Int32,41668
1774014577.2972589,/metrics/pcl/fused/processing_ms,std_msgs/msg/Float32,134.80796813964844
1774014577.555316,/metrics/pcl/fused/detections_count,std_msgs/msg/Int32,72
1774014577.5554907,/metrics/pcl/fused/points_in,std_msgs/msg/Int32,41489
1774014577.555597,/metrics/pcl/fused/processing_ms,std_msgs/msg/Float32,135.58631896972656
1774014577.8156905,/metrics/pcl/fused/detections_count,std_msgs/msg/Int32,75
1774014577.8158438,/metrics/pcl/fused/points_in,std_msgs/msg/Int32,41551
1774014577.8159595,/metrics/pcl/fused/processing_ms,std_msgs/msg/Float32,135.3509979248047
1774014578.8816216,/metrics/pcl/fused/detections_count,std_msgs/msg/Int32,75
1774014578.8817432,/metrics/pcl/fused/points_in,std_msgs/msg/Int32,41675
1774014578.8818169,/metrics/pcl/fused/processing_ms,std_msgs/msg/Float32,137.3234405517578
1774014579.411322,/metrics/pcl/fused/detections_count,std_msgs/msg/Int32,72
1774014579.4114358,/metrics/pcl/fused/points_in,std_msgs/msg/Int32,41492
1774014579.4114997,/metrics/pcl/fused/processing_ms,std_msgs/msg/Float32,136.0426788330078
1774014579.654777,/metrics/pcl/fused/detections_count,std_msgs/msg/Int32,73
1774014579.6549456,/metrics/pcl/fused/points_in,std_msgs/msg/Int32,41516
1774014579.6550229,/metrics/pcl/fused/processing_ms,std_msgs/msg/Float32,136.28680419921875
1774014580.398232,/metrics/pcl/fused/detections_count,std_msgs/msg/Int32,75
1774014580.3983703,/metrics/pcl/fused/points_in,std_msgs/msg/Int32,41642
1774014580.3984532,/metrics/pcl/fused/processing_ms,std_msgs/msg/Float32,139.4502410888672
1774014580.6405733,/metrics/pcl/fused/detections_count,std_msgs/msg/Int32,68
1774014580.6407075,/metrics/pcl/fused/points_in,std_msgs/msg/Int32,41601
1774014580.6407776,/metrics/pcl/fused/processing_ms,std_msgs/msg/Float32,137.53733825683594
1774014580.879454,/metrics/pcl/fused/detections_count,std_msgs/msg/Int32,66
1774014580.8795822,/metrics/pcl/fused/points_in,std_msgs/msg/Int32,41698
1774014580.879659,/metrics/pcl/fused/processing_ms,std_msgs/msg/Float32,137.1033935546875
1774014581.1218143,/metrics/pcl/fused/detections_count,std_msgs/msg/Int32,79
1774014581.1219523,/metrics/pcl/fused/points_in,std_msgs/msg/Int32,41678
1774014581.122018,/metrics/pcl/fused/processing_ms,std_msgs/msg/Float32,136.60133361816406
1774014581.5909412,/metrics/pcl/fused/detections_count,std_msgs/msg/Int32,72
1774014581.591054,/metrics/pcl/fused/points_in,std_msgs/msg/Int32,41549
1774014581.5911217,/metrics/pcl/fused/processing_ms,std_msgs/msg/Float32,136.57693481445312
1774014582.0626867,/metrics/pcl/fused/detections_count,std_msgs/msg/Int32,67
1774014582.0628242,/metrics/pcl/fused/points_in,std_msgs/msg/Int32,41614
1774014582.06292,/metrics/pcl/fused/processing_ms,std_msgs/msg/Float32,136.37628173828125
1774014582.540735,/metrics/pcl/fused/detections_count,std_msgs/msg/Int32,70
1774014582.5408418,/metrics/pcl/fused/points_in,std_msgs/msg/Int32,41704
1774014582.5409112,/metrics/pcl/fused/processing_ms,std_msgs/msg/Float32,138.2750701904297
1774014583.0306616,/metrics/pcl/fused/detections_count,std_msgs/msg/Int32,72
1774014583.0307722,/metrics/pcl/fused/points_in,std_msgs/msg/Int32,41685
1774014583.0308359,/metrics/pcl/fused/processing_ms,std_msgs/msg/Float32,134.6649169921875
1774014583.2794058,/metrics/pcl/fused/detections_count,std_msgs/msg/Int32,70
1774014583.2795138,/metrics/pcl/fused/points_in,std_msgs/msg/Int32,41508
1774014583.2795784,/metrics/pcl/fused/processing_ms,std_msgs/msg/Float32,138.77008056640625
1774014583.5295446,/metrics/pcl/fused/detections_count,std_msgs/msg/Int32,78
1774014583.5296829,/metrics/pcl/fused/points_in,std_msgs/msg/Int32,41435
1774014583.5297709,/metrics/pcl/fused/processing_ms,std_msgs/msg/Float32,137.69334411621094
1774014583.7775378,/metrics/pcl/fused/detections_count,std_msgs/msg/Int32,74
1774014583.7777057,/metrics/pcl/fused/points_in,std_msgs/msg/Int32,41642
1774014583.777796,/metrics/pcl/fused/processing_ms,std_msgs/msg/Float32,136.59181213378906
1774014584.2654908,/metrics/pcl/fused/detections_count,std_msgs/msg/Int32,70
1774014584.2656093,/metrics/pcl/fused/points_in,std_msgs/msg/Int32,41468
1774014584.2656717,/metrics/pcl/fused/processing_ms,std_msgs/msg/Float32,135.1911163330078
1774014584.5333433,/metrics/pcl/fused/detections_count,std_msgs/msg/Int32,74
1774014584.533455,/metrics/pcl/fused/points_in,std_msgs/msg/Int32,41507
1774014584.5335221,/metrics/pcl/fused/processing_ms,std_msgs/msg/Float32,138.95269775390625
1774014584.784403,/metrics/pcl/fused/detections_count,std_msgs/msg/Int32,69
1774014584.78452,/metrics/pcl/fused/points_in,std_msgs/msg/Int32,41505
1774014584.7845893,/metrics/pcl/fused/processing_ms,std_msgs/msg/Float32,137.50155639648438
1774014585.032796,/metrics/pcl/fused/detections_count,std_msgs/msg/Int32,72
1774014585.0329587,/metrics/pcl/fused/points_in,std_msgs/msg/Int32,41434
1774014585.0330346,/metrics/pcl/fused/processing_ms,std_msgs/msg/Float32,136.70028686523438
1774014586.0278146,/metrics/pcl/fused/detections_count,std_msgs/msg/Int32,71
1774014586.0279396,/metrics/pcl/fused/points_in,std_msgs/msg/Int32,41568
1774014586.0280097,/metrics/pcl/fused/processing_ms,std_msgs/msg/Float32,137.45907592773438
1774014586.2779408,/metrics/pcl/fused/detections_count,std_msgs/msg/Int32,66
1774014586.2780492,/metrics/pcl/fused/points_in,std_msgs/msg/Int32,41435
1774014586.2781126,/metrics/pcl/fused/processing_ms,std_msgs/msg/Float32,134.67703247070312
1774014586.530882,/metrics/pcl/fused/detections_count,std_msgs/msg/Int32,67
1774014586.5309954,/metrics/pcl/fused/points_in,std_msgs/msg/Int32,41525
1774014586.5310605,/metrics/pcl/fused/processing_ms,std_msgs/msg/Float32,133.44070434570312
1774014587.530324,/metrics/pcl/fused/detections_count,std_msgs/msg/Int32,73
1774014587.5304368,/metrics/pcl/fused/points_in,std_msgs/msg/Int32,41427
1774014587.5305011,/metrics/pcl/fused/processing_ms,std_msgs/msg/Float32,133.6659698486328
1774014587.7923317,/metrics/pcl/fused/detections_count,std_msgs/msg/Int32,77
1774014587.7924728,/metrics/pcl/fused/points_in,std_msgs/msg/Int32,41507
1774014587.7925692,/metrics/pcl/fused/processing_ms,std_msgs/msg/Float32,136.74147033691406
1774014588.0446112,/metrics/pcl/fused/detections_count,std_msgs/msg/Int32,71
1774014588.0447037,/metrics/pcl/fused/points_in,std_msgs/msg/Int32,41526
1774014588.0447574,/metrics/pcl/fused/processing_ms,std_msgs/msg/Float32,134.39968872070312
1774014588.3053157,/metrics/pcl/fused/detections_count,std_msgs/msg/Int32,75
1774014588.3054705,/metrics/pcl/fused/points_in,std_msgs/msg/Int32,41587
1774014588.3055704,/metrics/pcl/fused/processing_ms,std_msgs/msg/Float32,140.05897521972656
1774014588.5678475,/metrics/pcl/fused/detections_count,std_msgs/msg/Int32,73
1774014588.5681832,/metrics/pcl/fused/points_in,std_msgs/msg/Int32,41604
1774014588.568276,/metrics/pcl/fused/processing_ms,std_msgs/msg/Float32,141.4952850341797
1774014588.8346372,/metrics/pcl/fused/detections_count,std_msgs/msg/Int32,73
1774014588.8348331,/metrics/pcl/fused/points_in,std_msgs/msg/Int32,41676
1774014588.834959,/metrics/pcl/fused/processing_ms,std_msgs/msg/Float32,145.27651977539062
1774014589.3689816,/metrics/pcl/fused/detections_count,std_msgs/msg/Int32,71
1774014589.3691933,/metrics/pcl/fused/points_in,std_msgs/msg/Int32,41510
1774014589.369393,/metrics/pcl/fused/processing_ms,std_msgs/msg/Float32,136.97007751464844
1774014589.6265428,/metrics/pcl/fused/detections_count,std_msgs/msg/Int32,70
1774014589.6266778,/metrics/pcl/fused/points_in,std_msgs/msg/Int32,41584
1774014589.6267664,/metrics/pcl/fused/processing_ms,std_msgs/msg/Float32,136.87298583984375
1774014589.8853197,/metrics/pcl/fused/detections_count,std_msgs/msg/Int32,72
1774014589.8854768,/metrics/pcl/fused/points_in,std_msgs/msg/Int32,41446
1774014589.8855767,/metrics/pcl/fused/processing_ms,std_msgs/msg/Float32,134.61819458007812
1774014590.1482909,/metrics/pcl/fused/detections_count,std_msgs/msg/Int32,73
1774014590.1484652,/metrics/pcl/fused/points_in,std_msgs/msg/Int32,41469
1774014590.1485708,/metrics/pcl/fused/processing_ms,std_msgs/msg/Float32,133.90538024902344
1774014590.4091363,/metrics/pcl/fused/detections_count,std_msgs/msg/Int32,74
1774014590.4092484,/metrics/pcl/fused/points_in,std_msgs/msg/Int32,41532
1774014590.4093146,/metrics/pcl/fused/processing_ms,std_msgs/msg/Float32,140.40460205078125
1774014590.6645603,/metrics/pcl/fused/detections_count,std_msgs/msg/Int32,74
1774014590.6646805,/metrics/pcl/fused/points_in,std_msgs/msg/Int32,41577
1774014590.664744,/metrics/pcl/fused/processing_ms,std_msgs/msg/Float32,136.39613342285156
1774014591.1730163,/metrics/pcl/fused/detections_count,std_msgs/msg/Int32,71
1774014591.1731489,/metrics/pcl/fused/points_in,std_msgs/msg/Int32,41572
1774014591.1732318,/metrics/pcl/fused/processing_ms,std_msgs/msg/Float32,136.5740203857422
1774014591.4243581,/metrics/pcl/fused/detections_count,std_msgs/msg/Int32,73
1774014591.4245212,/metrics/pcl/fused/points_in,std_msgs/msg/Int32,41541
1774014591.4245942,/metrics/pcl/fused/processing_ms,std_msgs/msg/Float32,134.59085083007812
1774014591.9385188,/metrics/pcl/fused/detections_count,std_msgs/msg/Int32,62
1774014591.9386196,/metrics/pcl/fused/points_in,std_msgs/msg/Int32,41454
1774014591.9386728,/metrics/pcl/fused/processing_ms,std_msgs/msg/Float32,139.44174194335938
1774014592.1882358,/metrics/pcl/fused/detections_count,std_msgs/msg/Int32,76
1774014592.188377,/metrics/pcl/fused/points_in,std_msgs/msg/Int32,41532
1774014592.188438,/metrics/pcl/fused/processing_ms,std_msgs/msg/Float32,134.57850646972656
1774014592.4448884,/metrics/pcl/fused/detections_count,std_msgs/msg/Int32,76
1774014592.445003,/metrics/pcl/fused/points_in,std_msgs/msg/Int32,41557
1774014592.4450915,/metrics/pcl/fused/processing_ms,std_msgs/msg/Float32,136.7455291748047
1774014592.7003803,/metrics/pcl/fused/detections_count,std_msgs/msg/Int32,72
1774014592.7004764,/metrics/pcl/fused/points_in,std_msgs/msg/Int32,41583
1774014592.7005308,/metrics/pcl/fused/processing_ms,std_msgs/msg/Float32,137.06625366210938
1774014592.9585283,/metrics/pcl/fused/detections_count,std_msgs/msg/Int32,71
1774014592.95864,/metrics/pcl/fused/points_in,std_msgs/msg/Int32,41444
1774014592.9587038,/metrics/pcl/fused/processing_ms,std_msgs/msg/Float32,137.70066833496094
1774014593.2202997,/metrics/pcl/fused/detections_count,std_msgs/msg/Int32,78
1774014593.2204406,/metrics/pcl/fused/points_in,std_msgs/msg/Int32,41557
1774014593.2205162,/metrics/pcl/fused/processing_ms,std_msgs/msg/Float32,139.58633422851562
1774014595.0224738,/metrics/pcl/fused/detections_count,std_msgs/msg/Int32,74
1774014595.0225863,/metrics/pcl/fused/points_in,std_msgs/msg/Int32,41490
1774014595.0226479,/metrics/pcl/fused/processing_ms,std_msgs/msg/Float32,139.753173828125
1774014595.280112,/metrics/pcl/fused/detections_count,std_msgs/msg/Int32,73
1774014595.280224,/metrics/pcl/fused/points_in,std_msgs/msg/Int32,41540
1774014595.2802799,/metrics/pcl/fused/processing_ms,std_msgs/msg/Float32,134.27430725097656
1774014595.5409844,/metrics/pcl/fused/detections_count,std_msgs/msg/Int32,76
1774014595.541087,/metrics/pcl/fused/points_in,std_msgs/msg/Int32,41492
1774014595.5411453,/metrics/pcl/fused/processing_ms,std_msgs/msg/Float32,141.70687866210938
1774014595.7948444,/metrics/pcl/fused/detections_count,std_msgs/msg/Int32,75
1774014595.7949884,/metrics/pcl/fused/points_in,std_msgs/msg/Int32,41516
1774014595.795059,/metrics/pcl/fused/processing_ms,std_msgs/msg/Float32,136.31373596191406
1774014596.058337,/metrics/pcl/fused/detections_count,std_msgs/msg/Int32,73
1774014596.0584505,/metrics/pcl/fused/points_in,std_msgs/msg/Int32,41527
1774014596.0585144,/metrics/pcl/fused/processing_ms,std_msgs/msg/Float32,141.73989868164062
1774014596.569931,/metrics/pcl/fused/detections_count,std_msgs/msg/Int32,73
1774014596.5700967,/metrics/pcl/fused/points_in,std_msgs/msg/Int32,41538
1774014596.5701826,/metrics/pcl/fused/processing_ms,std_msgs/msg/Float32,137.16690063476562
1774014597.3365579,/metrics/pcl/fused/detections_count,std_msgs/msg/Int32,71
1774014597.3367665,/metrics/pcl/fused/points_in,std_msgs/msg/Int32,41609
1774014597.3369083,/metrics/pcl/fused/processing_ms,std_msgs/msg/Float32,136.12831115722656
1774014598.6112103,/metrics/pcl/fused/detections_count,std_msgs/msg/Int32,66
1774014598.6113293,/metrics/pcl/fused/points_in,std_msgs/msg/Int32,41514
1774014598.6114056,/metrics/pcl/fused/processing_ms,std_msgs/msg/Float32,136.1847381591797
1774014599.1257472,/metrics/pcl/fused/detections_count,std_msgs/msg/Int32,72
1774014599.125858,/metrics/pcl/fused/points_in,std_msgs/msg/Int32,41621
1774014599.1259415,/metrics/pcl/fused/processing_ms,std_msgs/msg/Float32,135.99972534179688
1774014599.6329517,/metrics/pcl/fused/detections_count,std_msgs/msg/Int32,67
1774014599.6331418,/metrics/pcl/fused/processing_ms,std_msgs/msg/Float32,134.8691864013672
1774014599.633391,/metrics/pcl/fused/points_in,std_msgs/msg/Int32,41526
1774014600.4377208,/metrics/pcl/fused/detections_count,std_msgs/msg/Int32,70
1774014600.4378803,/metrics/pcl/fused/points_in,std_msgs/msg/Int32,41507
1774014600.437941,/metrics/pcl/fused/processing_ms,std_msgs/msg/Float32,134.48013305664062
1774014600.6850674,/metrics/pcl/fused/detections_count,std_msgs/msg/Int32,76
1774014600.6852162,/metrics/pcl/fused/points_in,std_msgs/msg/Int32,41586
1774014600.6853182,/metrics/pcl/fused/processing_ms,std_msgs/msg/Float32,142.03170776367188
1774014601.1711743,/metrics/pcl/fused/detections_count,std_msgs/msg/Int32,70
1774014601.1713035,/metrics/pcl/fused/points_in,std_msgs/msg/Int32,41627
1774014601.1713796,/metrics/pcl/fused/processing_ms,std_msgs/msg/Float32,134.97023010253906
1774014601.415074,/metrics/pcl/fused/detections_count,std_msgs/msg/Int32,73
1774014601.4152133,/metrics/pcl/fused/points_in,std_msgs/msg/Int32,41593
1774014601.415302,/metrics/pcl/fused/processing_ms,std_msgs/msg/Float32,137.7482452392578
1774014601.6831121,/metrics/pcl/fused/detections_count,std_msgs/msg/Int32,64
1774014601.683246,/metrics/pcl/fused/points_in,std_msgs/msg/Int32,41461
1774014601.6833236,/metrics/pcl/fused/processing_ms,std_msgs/msg/Float32,154.4635772705078
1774014602.1882474,/metrics/pcl/fused/detections_count,std_msgs/msg/Int32,74
1774014602.1883545,/metrics/pcl/fused/points_in,std_msgs/msg/Int32,41474
1774014602.1884122,/metrics/pcl/fused/processing_ms,std_msgs/msg/Float32,135.08334350585938
1774014602.4261515,/metrics/pcl/fused/detections_count,std_msgs/msg/Int32,70
1774014602.4262776,/metrics/pcl/fused/points_in,std_msgs/msg/Int32,41645
1774014602.4263492,/metrics/pcl/fused/processing_ms,std_msgs/msg/Float32,135.41708374023438
1774014602.6615055,/metrics/pcl/fused/detections_count,std_msgs/msg/Int32,73
1774014602.6616247,/metrics/pcl/fused/points_in,std_msgs/msg/Int32,41698
1774014602.661713,/metrics/pcl/fused/processing_ms,std_msgs/msg/Float32,135.51214599609375
1774014602.9048288,/metrics/pcl/fused/detections_count,std_msgs/msg/Int32,68
1774014602.9049854,/metrics/pcl/fused/points_in,std_msgs/msg/Int32,41608
1774014602.9050758,/metrics/pcl/fused/processing_ms,std_msgs/msg/Float32,139.94281005859375
1774014603.1415818,/metrics/pcl/fused/detections_count,std_msgs/msg/Int32,73
1774014603.141695,/metrics/pcl/fused/points_in,std_msgs/msg/Int32,41679
1774014603.1417582,/metrics/pcl/fused/processing_ms,std_msgs/msg/Float32,135.92233276367188
1774014603.3791087,/metrics/pcl/fused/detections_count,std_msgs/msg/Int32,68
1774014603.379222,/metrics/pcl/fused/points_in,std_msgs/msg/Int32,41685
1774014603.379285,/metrics/pcl/fused/processing_ms,std_msgs/msg/Float32,135.8235626220703
1774014603.6147285,/metrics/pcl/fused/detections_count,std_msgs/msg/Int32,67
1774014603.614842,/metrics/pcl/fused/points_in,std_msgs/msg/Int32,41710
1774014603.6149168,/metrics/pcl/fused/processing_ms,std_msgs/msg/Float32,135.96798706054688
1774014603.8555074,/metrics/pcl/fused/detections_count,std_msgs/msg/Int32,65
1774014603.8556423,/metrics/pcl/fused/points_in,std_msgs/msg/Int32,41632
1774014603.8557239,/metrics/pcl/fused/processing_ms,std_msgs/msg/Float32,137.13934326171875
1774014604.0944326,/metrics/pcl/fused/detections_count,std_msgs/msg/Int32,70
1774014604.0945513,/metrics/pcl/fused/points_in,std_msgs/msg/Int32,41694
1774014604.0946147,/metrics/pcl/fused/processing_ms,std_msgs/msg/Float32,135.26077270507812
1774014604.3306713,/metrics/pcl/fused/detections_count,std_msgs/msg/Int32,76
1774014604.3307836,/metrics/pcl/fused/points_in,std_msgs/msg/Int32,41755
1774014604.330847,/metrics/pcl/fused/processing_ms,std_msgs/msg/Float32,134.9524383544922
1774014604.5739977,/metrics/pcl/fused/detections_count,std_msgs/msg/Int32,73
1774014604.5741234,/metrics/pcl/fused/points_in,std_msgs/msg/Int32,41654
1774014604.5742016,/metrics/pcl/fused/processing_ms,std_msgs/msg/Float32,137.38485717773438
1774014605.0524852,/metrics/pcl/fused/detections_count,std_msgs/msg/Int32,74
1774014605.0526335,/metrics/pcl/fused/points_in,std_msgs/msg/Int32,41671
1774014605.052701,/metrics/pcl/fused/processing_ms,std_msgs/msg/Float32,137.0100860595703
1774014605.5260615,/metrics/pcl/fused/detections_count,std_msgs/msg/Int32,68
1774014605.526196,/metrics/pcl/fused/points_in,std_msgs/msg/Int32,41593
1774014605.5262601,/metrics/pcl/fused/processing_ms,std_msgs/msg/Float32,135.5373077392578
1774014606.009259,/metrics/pcl/fused/detections_count,std_msgs/msg/Int32,68
1774014606.0093694,/metrics/pcl/fused/points_in,std_msgs/msg/Int32,41666
1774014606.0094242,/metrics/pcl/fused/processing_ms,std_msgs/msg/Float32,135.6979522705078
1774014606.2569509,/metrics/pcl/fused/detections_count,std_msgs/msg/Int32,72
1774014606.2570944,/metrics/pcl/fused/points_in,std_msgs/msg/Int32,41610
1774014606.257196,/metrics/pcl/fused/processing_ms,std_msgs/msg/Float32,139.8292236328125
1774014606.4960814,/metrics/pcl/fused/detections_count,std_msgs/msg/Int32,72
1774014606.4962332,/metrics/pcl/fused/points_in,std_msgs/msg/Int32,41565
1774014606.4963362,/metrics/pcl/fused/processing_ms,std_msgs/msg/Float32,136.6862335205078
1774014606.9880881,/metrics/pcl/fused/detections_count,std_msgs/msg/Int32,73
1774014606.9882145,/metrics/pcl/fused/points_in,std_msgs/msg/Int32,41671
1774014606.988295,/metrics/pcl/fused/processing_ms,std_msgs/msg/Float32,138.98841857910156
1774014607.2327266,/metrics/pcl/fused/detections_count,std_msgs/msg/Int32,61
1774014607.2328384,/metrics/pcl/fused/points_in,std_msgs/msg/Int32,41650
1774014607.232928,/metrics/pcl/fused/processing_ms,std_msgs/msg/Float32,134.88772583007812
1774014607.7573173,/metrics/pcl/fused/detections_count,std_msgs/msg/Int32,67
1774014607.7574458,/metrics/pcl/fused/points_in,std_msgs/msg/Int32,41701
1774014607.7575185,/metrics/pcl/fused/processing_ms,std_msgs/msg/Float32,147.6731414794922
1774014608.0147119,/metrics/pcl/fused/detections_count,std_msgs/msg/Int32,67
1774014608.0148146,/metrics/pcl/fused/points_in,std_msgs/msg/Int32,41725
1774014608.0148973,/metrics/pcl/fused/processing_ms,std_msgs/msg/Float32,136.0662384033203
1774014608.538956,/metrics/pcl/fused/detections_count,std_msgs/msg/Int32,65
1774014608.5390713,/metrics/pcl/fused/points_in,std_msgs/msg/Int32,41692
1774014608.539135,/metrics/pcl/fused/processing_ms,std_msgs/msg/Float32,140.18954467773438
1774014608.8009286,/metrics/pcl/fused/detections_count,std_msgs/msg/Int32,74
1774014608.8010497,/metrics/pcl/fused/points_in,std_msgs/msg/Int32,41669
1774014608.8011134,/metrics/pcl/fused/processing_ms,std_msgs/msg/Float32,137.97454833984375
1774014609.0580156,/metrics/pcl/fused/detections_count,std_msgs/msg/Int32,74
1774014609.058131,/metrics/pcl/fused/points_in,std_msgs/msg/Int32,41825
1774014609.0581946,/metrics/pcl/fused/processing_ms,std_msgs/msg/Float32,139.81629943847656
1774014609.5717378,/metrics/pcl/fused/detections_count,std_msgs/msg/Int32,65
1774014609.5719543,/metrics/pcl/fused/points_in,std_msgs/msg/Int32,42088
1774014609.572066,/metrics/pcl/fused/processing_ms,std_msgs/msg/Float32,147.12147521972656
1774014609.8629766,/metrics/pcl/fused/detections_count,std_msgs/msg/Int32,71
1774014609.863111,/metrics/pcl/fused/points_in,std_msgs/msg/Int32,41830
1774014609.8632007,/metrics/pcl/fused/processing_ms,std_msgs/msg/Float32,142.05575561523438
1774014610.9260406,/metrics/pcl/fused/detections_count,std_msgs/msg/Int32,67
1774014610.926156,/metrics/pcl/fused/points_in,std_msgs/msg/Int32,41428
1774014610.9262202,/metrics/pcl/fused/processing_ms,std_msgs/msg/Float32,135.54795837402344
1774014611.18934,/metrics/pcl/fused/detections_count,std_msgs/msg/Int32,70
1774014611.1894894,/metrics/pcl/fused/points_in,std_msgs/msg/Int32,41525
1774014611.1895857,/metrics/pcl/fused/processing_ms,std_msgs/msg/Float32,139.74822998046875
1774014611.7080176,/metrics/pcl/fused/detections_count,std_msgs/msg/Int32,73
1774014611.7081625,/metrics/pcl/fused/points_in,std_msgs/msg/Int32,41645
1774014611.7082558,/metrics/pcl/fused/processing_ms,std_msgs/msg/Float32,140.3614501953125
1774014611.976664,/metrics/pcl/fused/detections_count,std_msgs/msg/Int32,71
1774014611.9768631,/metrics/pcl/fused/points_in,std_msgs/msg/Int32,41587
1774014611.9769897,/metrics/pcl/fused/processing_ms,std_msgs/msg/Float32,147.7001190185547
1774014612.784537,/metrics/pcl/fused/detections_count,std_msgs/msg/Int32,70
1774014612.7847135,/metrics/pcl/fused/points_in,std_msgs/msg/Int32,41560
1774014612.784817,/metrics/pcl/fused/processing_ms,std_msgs/msg/Float32,137.19920349121094
1774014613.3260262,/metrics/pcl/fused/detections_count,std_msgs/msg/Int32,72
1774014613.326141,/metrics/pcl/fused/points_in,std_msgs/msg/Int32,41623
1774014613.3262064,/metrics/pcl/fused/processing_ms,std_msgs/msg/Float32,137.04217529296875
1774014613.5920715,/metrics/pcl/fused/detections_count,std_msgs/msg/Int32,69
1774014613.5922127,/metrics/pcl/fused/points_in,std_msgs/msg/Int32,41604
1774014613.5922897,/metrics/pcl/fused/processing_ms,std_msgs/msg/Float32,144.7346954345703
1774014613.8628871,/metrics/pcl/fused/detections_count,std_msgs/msg/Int32,71
1774014613.863047,/metrics/pcl/fused/points_in,std_msgs/msg/Int32,41656
1774014613.863176,/metrics/pcl/fused/processing_ms,std_msgs/msg/Float32,137.19369506835938
1774014614.14897,/metrics/pcl/fused/detections_count,std_msgs/msg/Int32,74
1774014614.149079,/metrics/pcl/fused/points_in,std_msgs/msg/Int32,41550
1774014614.1491418,/metrics/pcl/fused/processing_ms,std_msgs/msg/Float32,151.55999755859375
1774014614.4346805,/metrics/pcl/fused/detections_count,std_msgs/msg/Int32,68
1774014614.434797,/metrics/pcl/fused/points_in,std_msgs/msg/Int32,41551
1774014614.4348602,/metrics/pcl/fused/processing_ms,std_msgs/msg/Float32,139.5372314453125
1774014615.9515846,/metrics/pcl/fused/detections_count,std_msgs/msg/Int32,73
1774014615.9517448,/metrics/pcl/fused/points_in,std_msgs/msg/Int32,41639
1774014615.9518106,/metrics/pcl/fused/processing_ms,std_msgs/msg/Float32,135.35191345214844
1774014616.2098358,/metrics/pcl/fused/detections_count,std_msgs/msg/Int32,74
1774014616.2100127,/metrics/pcl/fused/points_in,std_msgs/msg/Int32,41692
1774014616.210091,/metrics/pcl/fused/processing_ms,std_msgs/msg/Float32,135.95144653320312
1774014616.4690444,/metrics/pcl/fused/detections_count,std_msgs/msg/Int32,67
1774014616.4692116,/metrics/pcl/fused/points_in,std_msgs/msg/Int32,41691
1774014616.4692807,/metrics/pcl/fused/processing_ms,std_msgs/msg/Float32,138.23301696777344
1774014616.7311895,/metrics/pcl/fused/detections_count,std_msgs/msg/Int32,70
1774014616.7313046,/metrics/pcl/fused/points_in,std_msgs/msg/Int32,41638
1774014616.7313707,/metrics/pcl/fused/processing_ms,std_msgs/msg/Float32,137.42120361328125
1774014617.0159163,/metrics/pcl/fused/detections_count,std_msgs/msg/Int32,70
1774014617.016027,/metrics/pcl/fused/points_in,std_msgs/msg/Int32,41537
1774014617.016107,/metrics/pcl/fused/processing_ms,std_msgs/msg/Float32,140.70933532714844
1774014617.2849708,/metrics/pcl/fused/detections_count,std_msgs/msg/Int32,70
1774014617.285138,/metrics/pcl/fused/points_in,std_msgs/msg/Int32,41662
1774014617.2852342,/metrics/pcl/fused/processing_ms,std_msgs/msg/Float32,135.12217712402344
1774014617.560604,/metrics/pcl/fused/detections_count,std_msgs/msg/Int32,70
1774014617.5607278,/metrics/pcl/fused/points_in,std_msgs/msg/Int32,41576
1774014617.5608182,/metrics/pcl/fused/processing_ms,std_msgs/msg/Float32,138.18264770507812
1774014617.83425,/metrics/pcl/fused/detections_count,std_msgs/msg/Int32,70
1774014617.83439,/metrics/pcl/fused/points_in,std_msgs/msg/Int32,41603
1774014617.8345196,/metrics/pcl/fused/processing_ms,std_msgs/msg/Float32,136.51979064941406
1774014618.0879867,/metrics/pcl/fused/detections_count,std_msgs/msg/Int32,69
1774014618.0881867,/metrics/pcl/fused/points_in,std_msgs/msg/Int32,41660
1774014618.0882697,/metrics/pcl/fused/processing_ms,std_msgs/msg/Float32,135.04258728027344
1774014618.6021202,/metrics/pcl/fused/detections_count,std_msgs/msg/Int32,72
1774014618.6022732,/metrics/pcl/fused/points_in,std_msgs/msg/Int32,41594
1774014618.602344,/metrics/pcl/fused/processing_ms,std_msgs/msg/Float32,137.10562133789062
1774014619.346844,/metrics/pcl/fused/detections_count,std_msgs/msg/Int32,72
1774014619.3470292,/metrics/pcl/fused/points_in,std_msgs/msg/Int32,41660
1774014619.3471174,/metrics/pcl/fused/processing_ms,std_msgs/msg/Float32,135.23655700683594
1774014619.5957596,/metrics/pcl/fused/detections_count,std_msgs/msg/Int32,72
1774014619.5958855,/metrics/pcl/fused/points_in,std_msgs/msg/Int32,41693
1774014619.5959568,/metrics/pcl/fused/processing_ms,std_msgs/msg/Float32,133.45477294921875
1774014619.8523743,/metrics/pcl/fused/detections_count,std_msgs/msg/Int32,69
1774014619.852522,/metrics/pcl/fused/points_in,std_msgs/msg/Int32,41709
1774014619.8525896,/metrics/pcl/fused/processing_ms,std_msgs/msg/Float32,138.25193786621094
1774014620.0993652,/metrics/pcl/fused/detections_count,std_msgs/msg/Int32,71
1774014620.099486,/metrics/pcl/fused/points_in,std_msgs/msg/Int32,41567
1774014620.0995502,/metrics/pcl/fused/processing_ms,std_msgs/msg/Float32,134.5342254638672
1774014620.356668,/metrics/pcl/fused/detections_count,std_msgs/msg/Int32,71
1774014620.356781,/metrics/pcl/fused/points_in,std_msgs/msg/Int32,41655
1774014620.3568444,/metrics/pcl/fused/processing_ms,std_msgs/msg/Float32,137.72076416015625
1774014620.617226,/metrics/pcl/fused/detections_count,std_msgs/msg/Int32,69
1774014620.617362,/metrics/pcl/fused/points_in,std_msgs/msg/Int32,41630
1774014620.6174324,/metrics/pcl/fused/processing_ms,std_msgs/msg/Float32,145.0083465576172
1774014620.8715756,/metrics/pcl/fused/detections_count,std_msgs/msg/Int32,73
1774014620.8717227,/metrics/pcl/fused/points_in,std_msgs/msg/Int32,41658
1774014620.8717902,/metrics/pcl/fused/processing_ms,std_msgs/msg/Float32,135.27647399902344
1774014621.126056,/metrics/pcl/fused/detections_count,std_msgs/msg/Int32,77
1774014621.1261756,/metrics/pcl/fused/points_in,std_msgs/msg/Int32,41621
1774014621.1262407,/metrics/pcl/fused/processing_ms,std_msgs/msg/Float32,134.90032958984375
1774014621.6298568,/metrics/pcl/fused/detections_count,std_msgs/msg/Int32,69
1774014621.6299868,/metrics/pcl/fused/points_in,std_msgs/msg/Int32,41693
1774014621.6300514,/metrics/pcl/fused/processing_ms,std_msgs/msg/Float32,132.97213745117188
1774014622.3277237,/metrics/pcl/fused/detections_count,std_msgs/msg/Int32,76
1774014622.327842,/metrics/pcl/fused/points_in,std_msgs/msg/Int32,41669
1774014622.3279324,/metrics/pcl/fused/processing_ms,std_msgs/msg/Float32,134.54856872558594
1774014622.789737,/metrics/pcl/fused/detections_count,std_msgs/msg/Int32,71
1774014622.7899072,/metrics/pcl/fused/points_in,std_msgs/msg/Int32,41554
1774014622.7900395,/metrics/pcl/fused/processing_ms,std_msgs/msg/Float32,135.664306640625
1774014623.0213528,/metrics/pcl/fused/detections_count,std_msgs/msg/Int32,73
1774014623.0214937,/metrics/pcl/fused/points_in,std_msgs/msg/Int32,41711
1774014623.021587,/metrics/pcl/fused/processing_ms,std_msgs/msg/Float32,136.10328674316406
1774014623.4927068,/metrics/pcl/fused/detections_count,std_msgs/msg/Int32,70
1774014623.4928305,/metrics/pcl/fused/points_in,std_msgs/msg/Int32,41635
1774014623.4929125,/metrics/pcl/fused/processing_ms,std_msgs/msg/Float32,138.8897247314453
1774014623.9533393,/metrics/pcl/fused/detections_count,std_msgs/msg/Int32,71
1774014623.9534998,/metrics/pcl/fused/points_in,std_msgs/msg/Int32,41603
1774014623.9535785,/metrics/pcl/fused/processing_ms,std_msgs/msg/Float32,135.88206481933594
1774014624.187493,/metrics/pcl/fused/detections_count,std_msgs/msg/Int32,74
1774014624.1876633,/metrics/pcl/fused/points_in,std_msgs/msg/Int32,41680
1774014624.187744,/metrics/pcl/fused/processing_ms,std_msgs/msg/Float32,136.45083618164062
1774014624.6539922,/metrics/pcl/fused/detections_count,std_msgs/msg/Int32,69
1774014624.6541636,/metrics/pcl/fused/points_in,std_msgs/msg/Int32,41859
1774014624.6542573,/metrics/pcl/fused/processing_ms,std_msgs/msg/Float32,134.48191833496094
1774014624.8902187,/metrics/pcl/fused/detections_count,std_msgs/msg/Int32,69
1774014624.8903456,/metrics/pcl/fused/points_in,std_msgs/msg/Int32,41895
1774014624.8904192,/metrics/pcl/fused/processing_ms,std_msgs/msg/Float32,133.81866455078125
1774014625.351189,/metrics/pcl/fused/detections_count,std_msgs/msg/Int32,74
1774014625.3513024,/metrics/pcl/fused/points_in,std_msgs/msg/Int32,41640
1774014625.351368,/metrics/pcl/fused/processing_ms,std_msgs/msg/Float32,134.9545440673828
1774014626.2899597,/metrics/pcl/fused/detections_count,std_msgs/msg/Int32,69
1774014626.2900662,/metrics/pcl/fused/points_in,std_msgs/msg/Int32,41540
1774014626.2901206,/metrics/pcl/fused/processing_ms,std_msgs/msg/Float32,134.3119354248047
1774014626.524839,/metrics/pcl/fused/detections_count,std_msgs/msg/Int32,68
1774014626.5249712,/metrics/pcl/fused/points_in,std_msgs/msg/Int32,41389
1774014626.525026,/metrics/pcl/fused/processing_ms,std_msgs/msg/Float32,134.92996215820312
1774014626.7585218,/metrics/pcl/fused/detections_count,std_msgs/msg/Int32,71
1774014626.7586586,/metrics/pcl/fused/points_in,std_msgs/msg/Int32,41539
1774014626.7587717,/metrics/pcl/fused/processing_ms,std_msgs/msg/Float32,131.4589080810547
1774014627.0054512,/metrics/pcl/fused/detections_count,std_msgs/msg/Int32,75
1774014627.0055933,/metrics/pcl/fused/points_in,std_msgs/msg/Int32,41542
1774014627.0056593,/metrics/pcl/fused/processing_ms,std_msgs/msg/Float32,137.95413208007812
1774014627.2412326,/metrics/pcl/fused/detections_count,std_msgs/msg/Int32,69
1774014627.2413845,/metrics/pcl/fused/points_in,std_msgs/msg/Int32,41717
1774014627.241462,/metrics/pcl/fused/processing_ms,std_msgs/msg/Float32,133.77552795410156
1774014627.4908483,/metrics/pcl/fused/detections_count,std_msgs/msg/Int32,75
1774014627.490976,/metrics/pcl/fused/points_in,std_msgs/msg/Int32,41699
1774014627.4910455,/metrics/pcl/fused/processing_ms,std_msgs/msg/Float32,135.48033142089844
1774014627.7319148,/metrics/pcl/fused/detections_count,std_msgs/msg/Int32,68
1774014627.7320282,/metrics/pcl/fused/points_in,std_msgs/msg/Int32,41603
1774014627.7320962,/metrics/pcl/fused/processing_ms,std_msgs/msg/Float32,135.8863525390625
1774014628.2111623,/metrics/pcl/fused/detections_count,std_msgs/msg/Int32,71
1774014628.211277,/metrics/pcl/fused/points_in,std_msgs/msg/Int32,41641
1774014628.2113445,/metrics/pcl/fused/processing_ms,std_msgs/msg/Float32,131.0083465576172
1774014628.699523,/metrics/pcl/fused/detections_count,std_msgs/msg/Int32,71
1774014628.6996357,/metrics/pcl/fused/points_in,std_msgs/msg/Int32,41579
1774014628.6997013,/metrics/pcl/fused/processing_ms,std_msgs/msg/Float32,134.5404815673828
1774014629.1885586,/metrics/pcl/fused/detections_count,std_msgs/msg/Int32,73
1774014629.1887693,/metrics/pcl/fused/points_in,std_msgs/msg/Int32,41666
1774014629.188889,/metrics/pcl/fused/processing_ms,std_msgs/msg/Float32,134.77989196777344
1774014629.4346516,/metrics/pcl/fused/detections_count,std_msgs/msg/Int32,71
1774014629.434769,/metrics/pcl/fused/points_in,std_msgs/msg/Int32,41669
1774014629.434837,/metrics/pcl/fused/processing_ms,std_msgs/msg/Float32,134.86802673339844
1774014629.6802125,/metrics/pcl/fused/detections_count,std_msgs/msg/Int32,73
1774014629.68032,/metrics/pcl/fused/points_in,std_msgs/msg/Int32,41665
1774014629.6803875,/metrics/pcl/fused/processing_ms,std_msgs/msg/Float32,134.90235900878906
1774014629.929214,/metrics/pcl/fused/detections_count,std_msgs/msg/Int32,75
1774014629.9293334,/metrics/pcl/fused/points_in,std_msgs/msg/Int32,41646
1774014629.9294016,/metrics/pcl/fused/processing_ms,std_msgs/msg/Float32,137.62527465820312
1774014631.159809,/metrics/pcl/fused/detections_count,std_msgs/msg/Int32,69
1774014631.1599617,/metrics/pcl/fused/points_in,std_msgs/msg/Int32,41603
1774014631.1600482,/metrics/pcl/fused/processing_ms,std_msgs/msg/Float32,133.07540893554688
1774014631.4029965,/metrics/pcl/fused/detections_count,std_msgs/msg/Int32,65
1774014631.4031668,/metrics/pcl/fused/points_in,std_msgs/msg/Int32,41776
1774014631.4032683,/metrics/pcl/fused/processing_ms,std_msgs/msg/Float32,131.1680145263672
1774014632.1495926,/metrics/pcl/fused/detections_count,std_msgs/msg/Int32,68
1774014632.1497087,/metrics/pcl/fused/points_in,std_msgs/msg/Int32,41575
1774014632.1497746,/metrics/pcl/fused/processing_ms,std_msgs/msg/Float32,131.87814331054688
1774014632.3984935,/metrics/pcl/fused/detections_count,std_msgs/msg/Int32,71
1774014632.3986073,/metrics/pcl/fused/points_in,std_msgs/msg/Int32,41667
1774014632.3986728,/metrics/pcl/fused/processing_ms,std_msgs/msg/Float32,132.77354431152344
1774014632.6472638,/metrics/pcl/fused/detections_count,std_msgs/msg/Int32,73
1774014632.6473866,/metrics/pcl/fused/points_in,std_msgs/msg/Int32,41700
1774014632.6474488,/metrics/pcl/fused/processing_ms,std_msgs/msg/Float32,133.83624267578125
1774014632.9056745,/metrics/pcl/fused/detections_count,std_msgs/msg/Int32,68
1774014632.9058495,/metrics/pcl/fused/points_in,std_msgs/msg/Int32,41622
1774014632.9059308,/metrics/pcl/fused/processing_ms,std_msgs/msg/Float32,132.0529022216797
1774014633.1574602,/metrics/pcl/fused/detections_count,std_msgs/msg/Int32,77
1774014633.1575797,/metrics/pcl/fused/points_in,std_msgs/msg/Int32,41495
1774014633.1576614,/metrics/pcl/fused/processing_ms,std_msgs/msg/Float32,131.67259216308594
1774014633.4109313,/metrics/pcl/fused/detections_count,std_msgs/msg/Int32,75
1774014633.4110692,/metrics/pcl/fused/points_in,std_msgs/msg/Int32,41466
1774014633.4111786,/metrics/pcl/fused/processing_ms,std_msgs/msg/Float32,131.6197967529297
1774014633.6630535,/metrics/pcl/fused/detections_count,std_msgs/msg/Int32,73
1774014633.6631792,/metrics/pcl/fused/points_in,std_msgs/msg/Int32,41604
1774014633.663242,/metrics/pcl/fused/processing_ms,std_msgs/msg/Float32,131.25111389160156
1774014633.9108295,/metrics/pcl/fused/detections_count,std_msgs/msg/Int32,68
1774014633.9109545,/metrics/pcl/fused/points_in,std_msgs/msg/Int32,40404
1774014633.9110208,/metrics/pcl/fused/processing_ms,std_msgs/msg/Float32,126.55866241455078
1774014634.1495845,/metrics/pcl/fused/detections_count,std_msgs/msg/Int32,70
1774014634.1496952,/metrics/pcl/fused/points_in,std_msgs/msg/Int32,38787
1774014634.1497579,/metrics/pcl/fused/processing_ms,std_msgs/msg/Float32,115.8221664428711
1774014634.3998282,/metrics/pcl/fused/detections_count,std_msgs/msg/Int32,71
1774014634.3999557,/metrics/pcl/fused/points_in,std_msgs/msg/Int32,38907
1774014634.400023,/metrics/pcl/fused/processing_ms,std_msgs/msg/Float32,119.88910675048828
1774014634.645193,/metrics/pcl/fused/detections_count,std_msgs/msg/Int32,69
1774014634.6453042,/metrics/pcl/fused/points_in,std_msgs/msg/Int32,39138
1774014634.645369,/metrics/pcl/fused/processing_ms,std_msgs/msg/Float32,116.04430389404297
1774014634.9017942,/metrics/pcl/fused/detections_count,std_msgs/msg/Int32,73
1774014634.901963,/metrics/pcl/fused/points_in,std_msgs/msg/Int32,39468
1774014634.9020357,/metrics/pcl/fused/processing_ms,std_msgs/msg/Float32,120.4923324584961
1774014635.154031,/metrics/pcl/fused/detections_count,std_msgs/msg/Int32,72
1774014635.1541665,/metrics/pcl/fused/points_in,std_msgs/msg/Int32,39711
1774014635.1542304,/metrics/pcl/fused/processing_ms,std_msgs/msg/Float32,119.44409942626953
1774014635.657486,/metrics/pcl/fused/detections_count,std_msgs/msg/Int32,69
1774014635.6576161,/metrics/pcl/fused/points_in,std_msgs/msg/Int32,39606
1774014635.6576946,/metrics/pcl/fused/processing_ms,std_msgs/msg/Float32,122.96690368652344
1774014636.899776,/metrics/pcl/fused/detections_count,std_msgs/msg/Int32,75
1774014636.899904,/metrics/pcl/fused/points_in,std_msgs/msg/Int32,39678
1774014636.8999743,/metrics/pcl/fused/processing_ms,std_msgs/msg/Float32,119.70344543457031
1774014637.152276,/metrics/pcl/fused/detections_count,std_msgs/msg/Int32,69
1774014637.1524382,/metrics/pcl/fused/points_in,std_msgs/msg/Int32,40116
1774014637.1525083,/metrics/pcl/fused/processing_ms,std_msgs/msg/Float32,122.73348236083984
1774014637.403436,/metrics/pcl/fused/detections_count,std_msgs/msg/Int32,69
1774014637.4035797,/metrics/pcl/fused/points_in,std_msgs/msg/Int32,40341
1774014637.4036527,/metrics/pcl/fused/processing_ms,std_msgs/msg/Float32,122.75655364990234
1774014637.6533601,/metrics/pcl/fused/detections_count,std_msgs/msg/Int32,75
1774014637.6534967,/metrics/pcl/fused/points_in,std_msgs/msg/Int32,40518
1774014637.6535654,/metrics/pcl/fused/processing_ms,std_msgs/msg/Float32,120.99632263183594
1774014637.9079685,/metrics/pcl/fused/detections_count,std_msgs/msg/Int32,81
1774014637.9080827,/metrics/pcl/fused/points_in,std_msgs/msg/Int32,40463
1774014637.9081464,/metrics/pcl/fused/processing_ms,std_msgs/msg/Float32,122.18070983886719
1774014638.1669102,/metrics/pcl/fused/detections_count,std_msgs/msg/Int32,76
1774014638.1670249,/metrics/pcl/fused/points_in,std_msgs/msg/Int32,40535
1774014638.1670873,/metrics/pcl/fused/processing_ms,std_msgs/msg/Float32,125.0272445678711
1774014638.4168234,/metrics/pcl/fused/detections_count,std_msgs/msg/Int32,72
1774014638.416956,/metrics/pcl/fused/points_in,std_msgs/msg/Int32,40526
1774014638.4210122,/metrics/pcl/fused/processing_ms,std_msgs/msg/Float32,121.31439971923828
1774014638.6732998,/metrics/pcl/fused/detections_count,std_msgs/msg/Int32,74
1774014638.6734438,/metrics/pcl/fused/points_in,std_msgs/msg/Int32,40584
1774014638.6735268,/metrics/pcl/fused/processing_ms,std_msgs/msg/Float32,126.30036163330078
1774014638.9230123,/metrics/pcl/fused/detections_count,std_msgs/msg/Int32,77
1774014638.9231603,/metrics/pcl/fused/points_in,std_msgs/msg/Int32,40524
1774014638.923256,/metrics/pcl/fused/processing_ms,std_msgs/msg/Float32,126.15156555175781
1774014639.4223387,/metrics/pcl/fused/detections_count,std_msgs/msg/Int32,77
1774014639.4224617,/metrics/pcl/fused/points_in,std_msgs/msg/Int32,40529
1774014639.422533,/metrics/pcl/fused/processing_ms,std_msgs/msg/Float32,125.73623657226562
1774014639.9230936,/metrics/pcl/fused/detections_count,std_msgs/msg/Int32,76
1774014639.9232035,/metrics/pcl/fused/points_in,std_msgs/msg/Int32,40384
1774014639.9232578,/metrics/pcl/fused/processing_ms,std_msgs/msg/Float32,123.40143585205078
1774014640.1743832,/metrics/pcl/fused/detections_count,std_msgs/msg/Int32,72
1774014640.1744983,/metrics/pcl/fused/points_in,std_msgs/msg/Int32,40203
1774014640.1745632,/metrics/pcl/fused/processing_ms,std_msgs/msg/Float32,123.63282012939453
1774014640.434101,/metrics/pcl/fused/detections_count,std_msgs/msg/Int32,74
1774014640.4342148,/metrics/pcl/fused/points_in,std_msgs/msg/Int32,40155
1774014640.4342787,/metrics/pcl/fused/processing_ms,std_msgs/msg/Float32,132.69363403320312
1774014640.6831892,/metrics/pcl/fused/detections_count,std_msgs/msg/Int32,72
1774014640.6833043,/metrics/pcl/fused/points_in,std_msgs/msg/Int32,40197
1774014640.683371,/metrics/pcl/fused/processing_ms,std_msgs/msg/Float32,130.2830047607422
1774014640.9426389,/metrics/pcl/fused/detections_count,std_msgs/msg/Int32,71
1774014640.9427552,/metrics/pcl/fused/points_in,std_msgs/msg/Int32,41706
1774014640.942823,/metrics/pcl/fused/processing_ms,std_msgs/msg/Float32,133.8079833984375
1774014641.1985524,/metrics/pcl/fused/detections_count,std_msgs/msg/Int32,78
1774014641.1986635,/metrics/pcl/fused/points_in,std_msgs/msg/Int32,41670
1774014641.1987267,/metrics/pcl/fused/processing_ms,std_msgs/msg/Float32,136.05764770507812
1774014641.444925,/metrics/pcl/fused/detections_count,std_msgs/msg/Int32,68
1774014641.4450376,/metrics/pcl/fused/points_in,std_msgs/msg/Int32,41012
1774014641.4451003,/metrics/pcl/fused/processing_ms,std_msgs/msg/Float32,129.8247833251953
1774014641.7021394,/metrics/pcl/fused/detections_count,std_msgs/msg/Int32,70
1774014641.7023036,/metrics/pcl/fused/points_in,std_msgs/msg/Int32,40846
1774014641.702398,/metrics/pcl/fused/processing_ms,std_msgs/msg/Float32,131.99334716796875
1774014641.9613748,/metrics/pcl/fused/detections_count,std_msgs/msg/Int32,74
1774014641.9615128,/metrics/pcl/fused/points_in,std_msgs/msg/Int32,41380
1774014641.9616153,/metrics/pcl/fused/processing_ms,std_msgs/msg/Float32,134.036376953125
1774014642.202781,/metrics/pcl/fused/detections_count,std_msgs/msg/Int32,73
1774014642.2029717,/metrics/pcl/fused/points_in,std_msgs/msg/Int32,40287
1774014642.2030752,/metrics/pcl/fused/processing_ms,std_msgs/msg/Float32,131.66555786132812
1774014643.140025,/metrics/pcl/fused/detections_count,std_msgs/msg/Int32,67
1774014643.140155,/metrics/pcl/fused/points_in,std_msgs/msg/Int32,41574
1774014643.1402414,/metrics/pcl/fused/processing_ms,std_msgs/msg/Float32,132.69000244140625
1774014643.3746219,/metrics/pcl/fused/detections_count,std_msgs/msg/Int32,72
1774014643.374755,/metrics/pcl/fused/points_in,std_msgs/msg/Int32,41551
1774014643.3748431,/metrics/pcl/fused/processing_ms,std_msgs/msg/Float32,132.70742797851562
1774014644.072357,/metrics/pcl/fused/detections_count,std_msgs/msg/Int32,69
1774014644.0725062,/metrics/pcl/fused/points_in,std_msgs/msg/Int32,41505
1774014644.0725641,/metrics/pcl/fused/processing_ms,std_msgs/msg/Float32,134.822265625
1774014644.5408442,/metrics/pcl/fused/detections_count,std_msgs/msg/Int32,70
1774014644.540975,/metrics/pcl/fused/points_in,std_msgs/msg/Int32,41774
1774014644.541041,/metrics/pcl/fused/processing_ms,std_msgs/msg/Float32,134.82144165039062
1774014645.2577465,/metrics/pcl/fused/detections_count,std_msgs/msg/Int32,71
1774014645.2578957,/metrics/pcl/fused/points_in,std_msgs/msg/Int32,41728
1774014645.257984,/metrics/pcl/fused/processing_ms,std_msgs/msg/Float32,138.219970703125
1774014645.4967926,/metrics/pcl/fused/detections_count,std_msgs/msg/Int32,70
1774014645.4969244,/metrics/pcl/fused/points_in,std_msgs/msg/Int32,41656
1774014645.496992,/metrics/pcl/fused/processing_ms,std_msgs/msg/Float32,134.19483947753906
1774014645.7423048,/metrics/pcl/fused/detections_count,std_msgs/msg/Int32,71
1774014645.7424223,/metrics/pcl/fused/points_in,std_msgs/msg/Int32,41663
1774014645.742487,/metrics/pcl/fused/processing_ms,std_msgs/msg/Float32,134.32464599609375
1774014646.2197213,/metrics/pcl/fused/detections_count,std_msgs/msg/Int32,72
1774014646.2199206,/metrics/pcl/fused/points_in,std_msgs/msg/Int32,41690
1774014646.2200303,/metrics/pcl/fused/processing_ms,std_msgs/msg/Float32,133.0820770263672
1774014646.4585085,/metrics/pcl/fused/detections_count,std_msgs/msg/Int32,76
1774014646.4586215,/metrics/pcl/fused/points_in,std_msgs/msg/Int32,41681
1774014646.4586837,/metrics/pcl/fused/processing_ms,std_msgs/msg/Float32,130.8840789794922
1774014646.698589,/metrics/pcl/fused/detections_count,std_msgs/msg/Int32,78
1774014646.6987002,/metrics/pcl/fused/points_in,std_msgs/msg/Int32,41662
1774014646.6987648,/metrics/pcl/fused/processing_ms,std_msgs/msg/Float32,132.2317657470703
1774014647.4135406,/metrics/pcl/fused/detections_count,std_msgs/msg/Int32,72
1774014647.4136524,/metrics/pcl/fused/points_in,std_msgs/msg/Int32,41625
1774014647.4137156,/metrics/pcl/fused/processing_ms,std_msgs/msg/Float32,132.63258361816406
1774014647.655314,/metrics/pcl/fused/detections_count,std_msgs/msg/Int32,70
1774014647.6555114,/metrics/pcl/fused/points_in,std_msgs/msg/Int32,41761
1774014647.6556187,/metrics/pcl/fused/processing_ms,std_msgs/msg/Float32,131.87451171875
1774014648.1439223,/metrics/pcl/fused/detections_count,std_msgs/msg/Int32,72
1774014648.1440651,/metrics/pcl/fused/points_in,std_msgs/msg/Int32,41742
1774014648.1441681,/metrics/pcl/fused/processing_ms,std_msgs/msg/Float32,132.5482177734375
1774014648.867658,/metrics/pcl/fused/detections_count,std_msgs/msg/Int32,70
1774014648.8678036,/metrics/pcl/fused/points_in,std_msgs/msg/Int32,41648
1774014648.8678808,/metrics/pcl/fused/processing_ms,std_msgs/msg/Float32,133.16050720214844
1774014649.1122732,/metrics/pcl/fused/detections_count,std_msgs/msg/Int32,74
1774014649.1123898,/metrics/pcl/fused/points_in,std_msgs/msg/Int32,41710
1774014649.1124544,/metrics/pcl/fused/processing_ms,std_msgs/msg/Float32,133.43556213378906
1774014650.088916,/metrics/pcl/fused/detections_count,std_msgs/msg/Int32,77
1774014650.0890856,/metrics/pcl/fused/points_in,std_msgs/msg/Int32,41756
1774014650.0892026,/metrics/pcl/fused/processing_ms,std_msgs/msg/Float32,134.0218963623047
1774014650.5886183,/metrics/pcl/fused/detections_count,std_msgs/msg/Int32,64
1774014650.5887606,/metrics/pcl/fused/points_in,std_msgs/msg/Int32,41655
1774014650.5888424,/metrics/pcl/fused/processing_ms,std_msgs/msg/Float32,135.6372833251953
1774014650.8326454,/metrics/pcl/fused/detections_count,std_msgs/msg/Int32,68
1774014650.8327563,/metrics/pcl/fused/points_in,std_msgs/msg/Int32,41601
1774014650.8328195,/metrics/pcl/fused/processing_ms,std_msgs/msg/Float32,133.5215301513672
1774014651.8281622,/metrics/pcl/fused/detections_count,std_msgs/msg/Int32,66
1774014651.8282983,/metrics/pcl/fused/points_in,std_msgs/msg/Int32,41357
1774014651.8283844,/metrics/pcl/fused/processing_ms,std_msgs/msg/Float32,133.75685119628906
1774014652.0795765,/metrics/pcl/fused/detections_count,std_msgs/msg/Int32,72
1774014652.079707,/metrics/pcl/fused/points_in,std_msgs/msg/Int32,41315
1774014652.0797913,/metrics/pcl/fused/processing_ms,std_msgs/msg/Float32,132.9060821533203
1774014652.5825946,/metrics/pcl/fused/detections_count,std_msgs/msg/Int32,67
1774014652.5826921,/metrics/pcl/fused/points_in,std_msgs/msg/Int32,41369
1774014652.5827453,/metrics/pcl/fused/processing_ms,std_msgs/msg/Float32,134.5469512939453
1774014652.835228,/metrics/pcl/fused/detections_count,std_msgs/msg/Int32,70
1774014652.8353806,/metrics/pcl/fused/points_in,std_msgs/msg/Int32,41387
1774014652.8354537,/metrics/pcl/fused/processing_ms,std_msgs/msg/Float32,133.30569458007812
1774014653.344625,/metrics/pcl/fused/detections_count,std_msgs/msg/Int32,77
1774014653.3447375,/metrics/pcl/fused/points_in,std_msgs/msg/Int32,41340
1774014653.3448007,/metrics/pcl/fused/processing_ms,std_msgs/msg/Float32,135.1976776123047
1774014653.591527,/metrics/pcl/fused/detections_count,std_msgs/msg/Int32,73
1774014653.5916295,/metrics/pcl/fused/points_in,std_msgs/msg/Int32,41279
1774014653.5916858,/metrics/pcl/fused/processing_ms,std_msgs/msg/Float32,131.37730407714844
1774014653.8432193,/metrics/pcl/fused/detections_count,std_msgs/msg/Int32,64
1774014653.8433633,/metrics/pcl/fused/points_in,std_msgs/msg/Int32,41377
1774014653.843473,/metrics/pcl/fused/processing_ms,std_msgs/msg/Float32,130.7776641845703
1774014654.099454,/metrics/pcl/fused/detections_count,std_msgs/msg/Int32,74
1774014654.099566,/metrics/pcl/fused/points_in,std_msgs/msg/Int32,41378
1774014654.09963,/metrics/pcl/fused/processing_ms,std_msgs/msg/Float32,131.48768615722656
1774014654.3552058,/metrics/pcl/fused/detections_count,std_msgs/msg/Int32,74
1774014654.3553214,/metrics/pcl/fused/points_in,std_msgs/msg/Int32,41294
1774014654.3553886,/metrics/pcl/fused/processing_ms,std_msgs/msg/Float32,132.128173828125
1774014654.6050727,/metrics/pcl/fused/detections_count,std_msgs/msg/Int32,67
1774014654.605174,/metrics/pcl/fused/points_in,std_msgs/msg/Int32,41400
1774014654.6052268,/metrics/pcl/fused/processing_ms,std_msgs/msg/Float32,130.7071533203125
1774014654.859987,/metrics/pcl/fused/detections_count,std_msgs/msg/Int32,77
1774014654.8600848,/metrics/pcl/fused/points_in,std_msgs/msg/Int32,41291
1774014654.8601377,/metrics/pcl/fused/processing_ms,std_msgs/msg/Float32,133.1112518310547
1774014655.1133478,/metrics/pcl/fused/detections_count,std_msgs/msg/Int32,69
1774014655.1134577,/metrics/pcl/fused/points_in,std_msgs/msg/Int32,41515
1774014655.1135306,/metrics/pcl/fused/processing_ms,std_msgs/msg/Float32,133.43063354492188
1774014655.6225657,/metrics/pcl/fused/detections_count,std_msgs/msg/Int32,73
1774014655.6226673,/metrics/pcl/fused/points_in,std_msgs/msg/Int32,41419
1774014655.6227207,/metrics/pcl/fused/processing_ms,std_msgs/msg/Float32,132.49755859375
1774014656.1268165,/metrics/pcl/fused/detections_count,std_msgs/msg/Int32,72
1774014656.1269443,/metrics/pcl/fused/points_in,std_msgs/msg/Int32,41034
1774014656.1270113,/metrics/pcl/fused/processing_ms,std_msgs/msg/Float32,131.13999938964844
1774014656.3844516,/metrics/pcl/fused/detections_count,std_msgs/msg/Int32,78
1774014656.3845737,/metrics/pcl/fused/points_in,std_msgs/msg/Int32,41494
1774014656.3846376,/metrics/pcl/fused/processing_ms,std_msgs/msg/Float32,132.11390686035156
1774014656.8957415,/metrics/pcl/fused/detections_count,std_msgs/msg/Int32,77
1774014656.8958578,/metrics/pcl/fused/points_in,std_msgs/msg/Int32,41358
1774014656.8959394,/metrics/pcl/fused/processing_ms,std_msgs/msg/Float32,132.24392700195312
1774014657.1507978,/metrics/pcl/fused/detections_count,std_msgs/msg/Int32,76
1774014657.1509235,/metrics/pcl/fused/points_in,std_msgs/msg/Int32,41330
1774014657.1509902,/metrics/pcl/fused/processing_ms,std_msgs/msg/Float32,132.88104248046875
1774014657.407422,/metrics/pcl/fused/detections_count,std_msgs/msg/Int32,70
1774014657.4075363,/metrics/pcl/fused/points_in,std_msgs/msg/Int32,41288
1774014657.4075992,/metrics/pcl/fused/processing_ms,std_msgs/msg/Float32,132.30242919921875
1774014657.664345,/metrics/pcl/fused/detections_count,std_msgs/msg/Int32,71
1774014657.6644602,/metrics/pcl/fused/points_in,std_msgs/msg/Int32,41169
1774014657.6645253,/metrics/pcl/fused/processing_ms,std_msgs/msg/Float32,131.87411499023438
1774014658.1873524,/metrics/pcl/fused/detections_count,std_msgs/msg/Int32,67
1774014658.1875553,/metrics/pcl/fused/points_in,std_msgs/msg/Int32,41374
1774014658.1877024,/metrics/pcl/fused/processing_ms,std_msgs/msg/Float32,131.26165771484375
1774014661.5079608,/metrics/pcl/fused/detections_count,std_msgs/msg/Int32,76
1774014661.5080812,/metrics/pcl/fused/points_in,std_msgs/msg/Int32,41703
1774014661.508144,/metrics/pcl/fused/processing_ms,std_msgs/msg/Float32,136.0323028564453
1774014662.543895,/metrics/pcl/fused/detections_count,std_msgs/msg/Int32,69
1774014662.5440576,/metrics/pcl/fused/points_in,std_msgs/msg/Int32,41621
1774014662.5441685,/metrics/pcl/fused/processing_ms,std_msgs/msg/Float32,135.5542755126953
1774014663.2622933,/metrics/pcl/fused/detections_count,std_msgs/msg/Int32,68
1774014663.2624056,/metrics/pcl/fused/points_in,std_msgs/msg/Int32,41673
1774014663.2624693,/metrics/pcl/fused/processing_ms,std_msgs/msg/Float32,142.0221710205078
1774014663.495485,/metrics/pcl/fused/detections_count,std_msgs/msg/Int32,71
1774014663.4956381,/metrics/pcl/fused/points_in,std_msgs/msg/Int32,41682
1774014663.4957087,/metrics/pcl/fused/processing_ms,std_msgs/msg/Float32,133.49237060546875
1774014663.7357469,/metrics/pcl/fused/detections_count,std_msgs/msg/Int32,69
1774014663.7359145,/metrics/pcl/fused/points_in,std_msgs/msg/Int32,41821
1774014663.7359915,/metrics/pcl/fused/processing_ms,std_msgs/msg/Float32,133.1678924560547
1774014664.202712,/metrics/pcl/fused/detections_count,std_msgs/msg/Int32,72
1774014664.2028606,/metrics/pcl/fused/points_in,std_msgs/msg/Int32,41628
1774014664.2029684,/metrics/pcl/fused/processing_ms,std_msgs/msg/Float32,135.1167449951172
1774014664.4403486,/metrics/pcl/fused/detections_count,std_msgs/msg/Int32,70
1774014664.4404597,/metrics/pcl/fused/points_in,std_msgs/msg/Int32,41740
1774014664.44052,/metrics/pcl/fused/processing_ms,std_msgs/msg/Float32,134.86619567871094
1774014665.6095319,/metrics/pcl/fused/detections_count,std_msgs/msg/Int32,68
1774014665.6096332,/metrics/pcl/fused/points_in,std_msgs/msg/Int32,41871
1774014665.6096869,/metrics/pcl/fused/processing_ms,std_msgs/msg/Float32,135.34889221191406
1774014665.8499274,/metrics/pcl/fused/detections_count,std_msgs/msg/Int32,74
1774014665.8500378,/metrics/pcl/fused/points_in,std_msgs/msg/Int32,41770
1774014665.8501005,/metrics/pcl/fused/processing_ms,std_msgs/msg/Float32,137.2243194580078
1774014666.0804887,/metrics/pcl/fused/detections_count,std_msgs/msg/Int32,71
1774014666.0806024,/metrics/pcl/fused/points_in,std_msgs/msg/Int32,41829
1774014666.080664,/metrics/pcl/fused/processing_ms,std_msgs/msg/Float32,135.24855041503906
1774014666.3121738,/metrics/pcl/fused/detections_count,std_msgs/msg/Int32,78
1774014666.3123574,/metrics/pcl/fused/points_in,std_msgs/msg/Int32,41766
1774014666.3124285,/metrics/pcl/fused/processing_ms,std_msgs/msg/Float32,134.45440673828125
1774014666.5491536,/metrics/pcl/fused/detections_count,std_msgs/msg/Int32,77
1774014666.5492897,/metrics/pcl/fused/points_in,std_msgs/msg/Int32,41846
1774014666.5532393,/metrics/pcl/fused/processing_ms,std_msgs/msg/Float32,135.40594482421875
1774014667.264025,/metrics/pcl/fused/detections_count,std_msgs/msg/Int32,72
1774014667.2641575,/metrics/pcl/fused/points_in,std_msgs/msg/Int32,41685
1774014667.264219,/metrics/pcl/fused/processing_ms,std_msgs/msg/Float32,133.2737579345703
1774014667.5092854,/metrics/pcl/fused/detections_count,std_msgs/msg/Int32,67
1774014667.5093944,/metrics/pcl/fused/points_in,std_msgs/msg/Int32,41875
1774014667.5094566,/metrics/pcl/fused/processing_ms,std_msgs/msg/Float32,137.2838592529297
1774014667.9818537,/metrics/pcl/fused/detections_count,std_msgs/msg/Int32,75
1774014667.9819689,/metrics/pcl/fused/points_in,std_msgs/msg/Int32,41805
1774014667.9820373,/metrics/pcl/fused/processing_ms,std_msgs/msg/Float32,133.04286193847656
1774014668.2194295,/metrics/pcl/fused/detections_count,std_msgs/msg/Int32,68
1774014668.2195761,/metrics/pcl/fused/points_in,std_msgs/msg/Int32,41825
1774014668.2196674,/metrics/pcl/fused/processing_ms,std_msgs/msg/Float32,131.734619140625
1774014668.4609435,/metrics/pcl/fused/detections_count,std_msgs/msg/Int32,76
1774014668.4610581,/metrics/pcl/fused/points_in,std_msgs/msg/Int32,41923
1774014668.4611483,/metrics/pcl/fused/processing_ms,std_msgs/msg/Float32,134.10641479492188
1774014668.7053173,/metrics/pcl/fused/detections_count,std_msgs/msg/Int32,73
1774014668.705462,/metrics/pcl/fused/points_in,std_msgs/msg/Int32,41886
1774014668.7055206,/metrics/pcl/fused/processing_ms,std_msgs/msg/Float32,135.41427612304688
1774014669.187572,/metrics/pcl/fused/detections_count,std_msgs/msg/Int32,76
1774014669.1876762,/metrics/pcl/fused/points_in,std_msgs/msg/Int32,41817
1774014669.1877291,/metrics/pcl/fused/processing_ms,std_msgs/msg/Float32,134.57212829589844
1774014669.4287891,/metrics/pcl/fused/detections_count,std_msgs/msg/Int32,73
1774014669.4289007,/metrics/pcl/fused/points_in,std_msgs/msg/Int32,41818
1774014669.428958,/metrics/pcl/fused/processing_ms,std_msgs/msg/Float32,131.9362030029297
1774014669.916308,/metrics/pcl/fused/detections_count,std_msgs/msg/Int32,68
1774014669.9164433,/metrics/pcl/fused/points_in,std_msgs/msg/Int32,41907
1774014669.91651,/metrics/pcl/fused/processing_ms,std_msgs/msg/Float32,134.557373046875
1774014670.1620557,/metrics/pcl/fused/detections_count,std_msgs/msg/Int32,72
1774014670.162209,/metrics/pcl/fused/points_in,std_msgs/msg/Int32,41861
1774014670.162323,/metrics/pcl/fused/processing_ms,std_msgs/msg/Float32,137.30149841308594
1774014670.3998046,/metrics/pcl/fused/detections_count,std_msgs/msg/Int32,69
1774014670.3999279,/metrics/pcl/fused/points_in,std_msgs/msg/Int32,41835
1774014670.3999965,/metrics/pcl/fused/processing_ms,std_msgs/msg/Float32,131.6081085205078
1774014670.645087,/metrics/pcl/fused/detections_count,std_msgs/msg/Int32,71
1774014670.645195,/metrics/pcl/fused/points_in,std_msgs/msg/Int32,41797
1774014670.6452568,/metrics/pcl/fused/processing_ms,std_msgs/msg/Float32,133.460205078125
1774014671.1345956,/metrics/pcl/fused/detections_count,std_msgs/msg/Int32,62
1774014671.134707,/metrics/pcl/fused/points_in,std_msgs/msg/Int32,41798
1774014671.1347687,/metrics/pcl/fused/processing_ms,std_msgs/msg/Float32,137.63563537597656
1774014671.620763,/metrics/pcl/fused/detections_count,std_msgs/msg/Int32,71
1774014671.620917,/metrics/pcl/fused/points_in,std_msgs/msg/Int32,41855
1774014671.6249142,/metrics/pcl/fused/processing_ms,std_msgs/msg/Float32,134.75596618652344
1774014671.8720553,/metrics/pcl/fused/detections_count,std_msgs/msg/Int32,71
1774014671.8721695,/metrics/pcl/fused/processing_ms,std_msgs/msg/Float32,136.80308532714844
1774014671.8723466,/metrics/pcl/fused/points_in,std_msgs/msg/Int32,41816
1774014672.117266,/metrics/pcl/fused/detections_count,std_msgs/msg/Int32,71
1774014672.1173918,/metrics/pcl/fused/points_in,std_msgs/msg/Int32,41727
1774014672.1174662,/metrics/pcl/fused/processing_ms,std_msgs/msg/Float32,132.74462890625
1774014672.3663564,/metrics/pcl/fused/detections_count,std_msgs/msg/Int32,64
1774014672.3665109,/metrics/pcl/fused/points_in,std_msgs/msg/Int32,41779
1774014672.3665867,/metrics/pcl/fused/processing_ms,std_msgs/msg/Float32,133.60157775878906
1774014673.3504996,/metrics/pcl/fused/detections_count,std_msgs/msg/Int32,71
1774014673.3506308,/metrics/pcl/fused/points_in,std_msgs/msg/Int32,41790
1774014673.350716,/metrics/pcl/fused/processing_ms,std_msgs/msg/Float32,131.60037231445312
1774014673.8578045,/metrics/pcl/fused/detections_count,std_msgs/msg/Int32,71
1774014673.857932,/metrics/pcl/fused/points_in,std_msgs/msg/Int32,41822
1774014673.8579986,/metrics/pcl/fused/processing_ms,std_msgs/msg/Float32,135.7079315185547
1774014674.1073623,/metrics/pcl/fused/detections_count,std_msgs/msg/Int32,72
1774014674.1074743,/metrics/pcl/fused/points_in,std_msgs/msg/Int32,41750
1774014674.1075375,/metrics/pcl/fused/processing_ms,std_msgs/msg/Float32,135.99095153808594
1774014674.353631,/metrics/pcl/fused/detections_count,std_msgs/msg/Int32,74
1774014674.3537703,/metrics/pcl/fused/points_in,std_msgs/msg/Int32,41876
1774014674.3538384,/metrics/pcl/fused/processing_ms,std_msgs/msg/Float32,133.95541381835938
1774014674.8573158,/metrics/pcl/fused/detections_count,std_msgs/msg/Int32,67
1774014674.8574677,/metrics/pcl/fused/points_in,std_msgs/msg/Int32,41778
1774014674.8575485,/metrics/pcl/fused/processing_ms,std_msgs/msg/Float32,132.84124755859375
1774014675.1104689,/metrics/pcl/fused/detections_count,std_msgs/msg/Int32,75
1774014675.110579,/metrics/pcl/fused/points_in,std_msgs/msg/Int32,41812
1774014675.110643,/metrics/pcl/fused/processing_ms,std_msgs/msg/Float32,135.1407928466797
1774014675.356953,/metrics/pcl/fused/detections_count,std_msgs/msg/Int32,75
1774014675.3570745,/metrics/pcl/fused/points_in,std_msgs/msg/Int32,41695
1774014675.3571467,/metrics/pcl/fused/processing_ms,std_msgs/msg/Float32,131.9447021484375
1774014675.6078181,/metrics/pcl/fused/detections_count,std_msgs/msg/Int32,71
1774014675.6079438,/metrics/pcl/fused/points_in,std_msgs/msg/Int32,41770
1774014675.6080105,/metrics/pcl/fused/processing_ms,std_msgs/msg/Float32,132.8706512451172
1774014675.8597283,/metrics/pcl/fused/detections_count,std_msgs/msg/Int32,72
1774014675.859859,/metrics/pcl/fused/points_in,std_msgs/msg/Int32,41729
1774014675.8599422,/metrics/pcl/fused/processing_ms,std_msgs/msg/Float32,135.7036895751953
1774014676.6060872,/metrics/pcl/fused/detections_count,std_msgs/msg/Int32,69
1774014676.6062093,/metrics/pcl/fused/points_in,std_msgs/msg/Int32,41811
1774014676.6062822,/metrics/pcl/fused/processing_ms,std_msgs/msg/Float32,138.02528381347656
1774014676.850524,/metrics/pcl/fused/detections_count,std_msgs/msg/Int32,72
1774014676.8506365,/metrics/pcl/fused/points_in,std_msgs/msg/Int32,41866
1774014676.8506992,/metrics/pcl/fused/processing_ms,std_msgs/msg/Float32,134.87905883789062
1774014678.0923057,/metrics/pcl/fused/detections_count,std_msgs/msg/Int32,74
1774014678.09242,/metrics/pcl/fused/points_in,std_msgs/msg/Int32,41673
1774014678.092482,/metrics/pcl/fused/processing_ms,std_msgs/msg/Float32,137.4087371826172
1774014678.3415494,/metrics/pcl/fused/detections_count,std_msgs/msg/Int32,74
1774014678.3416677,/metrics/pcl/fused/points_in,std_msgs/msg/Int32,41752
1774014678.3417306,/metrics/pcl/fused/processing_ms,std_msgs/msg/Float32,135.90078735351562
1774014678.8349311,/metrics/pcl/fused/detections_count,std_msgs/msg/Int32,67
1774014678.8350797,/metrics/pcl/fused/points_in,std_msgs/msg/Int32,41717
1774014678.8351483,/metrics/pcl/fused/processing_ms,std_msgs/msg/Float32,133.30966186523438
1774014679.8270364,/metrics/pcl/fused/detections_count,std_msgs/msg/Int32,68
1774014679.8271492,/metrics/pcl/fused/points_in,std_msgs/msg/Int32,41734
1774014679.827212,/metrics/pcl/fused/processing_ms,std_msgs/msg/Float32,137.92361450195312
1774014680.32861,/metrics/pcl/fused/detections_count,std_msgs/msg/Int32,71
1774014680.3287368,/metrics/pcl/fused/points_in,std_msgs/msg/Int32,41854
1774014680.3288136,/metrics/pcl/fused/processing_ms,std_msgs/msg/Float32,138.0531005859375
1774014680.580035,/metrics/pcl/fused/detections_count,std_msgs/msg/Int32,71
1774014680.5801246,/metrics/pcl/fused/points_in,std_msgs/msg/Int32,41837
1774014680.5801854,/metrics/pcl/fused/processing_ms,std_msgs/msg/Float32,137.3291473388672
1774014680.8291817,/metrics/pcl/fused/detections_count,std_msgs/msg/Int32,74
1774014680.8292947,/metrics/pcl/fused/points_in,std_msgs/msg/Int32,41912
1774014680.829358,/metrics/pcl/fused/processing_ms,std_msgs/msg/Float32,136.5355224609375
1774014681.3289373,/metrics/pcl/fused/detections_count,std_msgs/msg/Int32,72
1774014681.32905,/metrics/pcl/fused/points_in,std_msgs/msg/Int32,41865
1774014681.3291125,/metrics/pcl/fused/processing_ms,std_msgs/msg/Float32,136.51715087890625
1774014681.8244712,/metrics/pcl/fused/detections_count,std_msgs/msg/Int32,68
1774014681.8245895,/metrics/pcl/fused/points_in,std_msgs/msg/Int32,41768
1774014681.8246522,/metrics/pcl/fused/processing_ms,std_msgs/msg/Float32,133.69993591308594
1774014682.3242123,/metrics/pcl/fused/detections_count,std_msgs/msg/Int32,76
1774014682.3243337,/metrics/pcl/fused/points_in,std_msgs/msg/Int32,41793
1774014682.3243985,/metrics/pcl/fused/processing_ms,std_msgs/msg/Float32,136.55250549316406
1774014682.5753322,/metrics/pcl/fused/detections_count,std_msgs/msg/Int32,70
1774014682.575461,/metrics/pcl/fused/points_in,std_msgs/msg/Int32,41868
1774014682.575524,/metrics/pcl/fused/processing_ms,std_msgs/msg/Float32,139.6174774169922
1774014682.8283036,/metrics/pcl/fused/detections_count,std_msgs/msg/Int32,71
1774014682.828415,/metrics/pcl/fused/points_in,std_msgs/msg/Int32,41888
1774014682.8284774,/metrics/pcl/fused/processing_ms,std_msgs/msg/Float32,139.37982177734375
1774014683.2888548,/metrics/pcl/fused/detections_count,std_msgs/msg/Int32,66
1774014683.2889743,/metrics/pcl/fused/points_in,std_msgs/msg/Int32,41889
1774014683.2890582,/metrics/pcl/fused/processing_ms,std_msgs/msg/Float32,137.9287567138672
1774014683.5198083,/metrics/pcl/fused/detections_count,std_msgs/msg/Int32,74
1774014683.5199695,/metrics/pcl/fused/points_in,std_msgs/msg/Int32,41884
1774014683.520052,/metrics/pcl/fused/processing_ms,std_msgs/msg/Float32,141.05838012695312
1774014683.9698052,/metrics/pcl/fused/detections_count,std_msgs/msg/Int32,66
1774014683.9700048,/metrics/pcl/fused/points_in,std_msgs/msg/Int32,41697
1774014683.970087,/metrics/pcl/fused/processing_ms,std_msgs/msg/Float32,133.2905731201172
1774014684.204432,/metrics/pcl/fused/detections_count,std_msgs/msg/Int32,73
1774014684.2045474,/metrics/pcl/fused/points_in,std_msgs/msg/Int32,41643
1774014684.204611,/metrics/pcl/fused/processing_ms,std_msgs/msg/Float32,137.6224822998047
1774014684.434414,/metrics/pcl/fused/detections_count,std_msgs/msg/Int32,69
1774014684.434522,/metrics/pcl/fused/points_in,std_msgs/msg/Int32,41616
1774014684.434584,/metrics/pcl/fused/processing_ms,std_msgs/msg/Float32,134.99655151367188
1774014684.6672263,/metrics/pcl/fused/detections_count,std_msgs/msg/Int32,73
1774014684.6673498,/metrics/pcl/fused/points_in,std_msgs/msg/Int32,41779
1774014684.6674438,/metrics/pcl/fused/processing_ms,std_msgs/msg/Float32,136.70884704589844
1774014685.8515832,/metrics/pcl/fused/detections_count,std_msgs/msg/Int32,68
1774014685.8517108,/metrics/pcl/fused/points_in,std_msgs/msg/Int32,41811
1774014685.8517776,/metrics/pcl/fused/processing_ms,std_msgs/msg/Float32,136.91641235351562
1774014686.0883918,/metrics/pcl/fused/detections_count,std_msgs/msg/Int32,75
1774014686.0885105,/metrics/pcl/fused/points_in,std_msgs/msg/Int32,41913
1774014686.0885663,/metrics/pcl/fused/processing_ms,std_msgs/msg/Float32,139.32994079589844
1774014686.3234892,/metrics/pcl/fused/detections_count,std_msgs/msg/Int32,75
1774014686.323623,/metrics/pcl/fused/points_in,std_msgs/msg/Int32,41926
1774014686.3237097,/metrics/pcl/fused/processing_ms,std_msgs/msg/Float32,138.603515625
1774014686.5574868,/metrics/pcl/fused/detections_count,std_msgs/msg/Int32,68
1774014686.557604,/metrics/pcl/fused/points_in,std_msgs/msg/Int32,41906
1774014686.557667,/metrics/pcl/fused/processing_ms,std_msgs/msg/Float32,138.0655059814453
1774014687.0242918,/metrics/pcl/fused/detections_count,std_msgs/msg/Int32,76
1774014687.0244222,/metrics/pcl/fused/points_in,std_msgs/msg/Int32,41831
1774014687.024486,/metrics/pcl/fused/processing_ms,std_msgs/msg/Float32,137.87974548339844
1774014688.4326327,/metrics/pcl/fused/detections_count,std_msgs/msg/Int32,67
1774014688.4327316,/metrics/pcl/fused/points_in,std_msgs/msg/Int32,41843
1774014688.4327862,/metrics/pcl/fused/processing_ms,std_msgs/msg/Float32,139.9152069091797
1774014688.6697228,/metrics/pcl/fused/detections_count,std_msgs/msg/Int32,72
1774014688.669901,/metrics/pcl/fused/points_in,std_msgs/msg/Int32,41816
1774014688.66998,/metrics/pcl/fused/processing_ms,std_msgs/msg/Float32,135.43252563476562
1774014689.624529,/metrics/pcl/fused/detections_count,std_msgs/msg/Int32,69
1774014689.6246965,/metrics/pcl/fused/points_in,std_msgs/msg/Int32,41906
1774014689.6247883,/metrics/pcl/fused/processing_ms,std_msgs/msg/Float32,139.01043701171875
1774014690.0938573,/metrics/pcl/fused/detections_count,std_msgs/msg/Int32,66
1774014690.0940044,/metrics/pcl/fused/points_in,std_msgs/msg/Int32,41874
1774014690.094079,/metrics/pcl/fused/processing_ms,std_msgs/msg/Float32,135.26380920410156
1774014690.3377826,/metrics/pcl/fused/detections_count,std_msgs/msg/Int32,77
1774014690.3379323,/metrics/pcl/fused/points_in,std_msgs/msg/Int32,41762
1774014690.338008,/metrics/pcl/fused/processing_ms,std_msgs/msg/Float32,137.49595642089844
1774014690.8142834,/metrics/pcl/fused/detections_count,std_msgs/msg/Int32,74
1774014690.814397,/metrics/pcl/fused/points_in,std_msgs/msg/Int32,41873
1774014690.8144617,/metrics/pcl/fused/processing_ms,std_msgs/msg/Float32,135.79408264160156
1774014691.058074,/metrics/pcl/fused/detections_count,std_msgs/msg/Int32,71
1774014691.0581875,/metrics/pcl/fused/points_in,std_msgs/msg/Int32,41713
1774014691.0582504,/metrics/pcl/fused/processing_ms,std_msgs/msg/Float32,139.9208984375
1774014691.5351849,/metrics/pcl/fused/detections_count,std_msgs/msg/Int32,75
1774014691.5353134,/metrics/pcl/fused/points_in,std_msgs/msg/Int32,41833
1774014691.5353842,/metrics/pcl/fused/processing_ms,std_msgs/msg/Float32,138.30606079101562
1774014692.013662,/metrics/pcl/fused/detections_count,std_msgs/msg/Int32,66
1774014692.013802,/metrics/pcl/fused/points_in,std_msgs/msg/Int32,41963
1774014692.0139322,/metrics/pcl/fused/processing_ms,std_msgs/msg/Float32,136.94549560546875
1774014692.2602997,/metrics/pcl/fused/detections_count,std_msgs/msg/Int32,73
1774014692.2604117,/metrics/pcl/fused/points_in,std_msgs/msg/Int32,41883
1774014692.2604735,/metrics/pcl/fused/processing_ms,std_msgs/msg/Float32,137.82598876953125
1774014692.5019238,/metrics/pcl/fused/detections_count,std_msgs/msg/Int32,77
1774014692.5020554,/metrics/pcl/fused/points_in,std_msgs/msg/Int32,41871
1774014692.5021214,/metrics/pcl/fused/processing_ms,std_msgs/msg/Float32,137.15310668945312
1774014693.7218046,/metrics/pcl/fused/detections_count,std_msgs/msg/Int32,77
1774014693.7219558,/metrics/pcl/fused/points_in,std_msgs/msg/Int32,41957
1774014693.7220442,/metrics/pcl/fused/processing_ms,std_msgs/msg/Float32,141.42626953125
1774014694.454043,/metrics/pcl/fused/detections_count,std_msgs/msg/Int32,69
1774014694.4541523,/metrics/pcl/fused/points_in,std_msgs/msg/Int32,41926
1774014694.4542077,/metrics/pcl/fused/processing_ms,std_msgs/msg/Float32,138.63272094726562
1774014694.6995158,/metrics/pcl/fused/detections_count,std_msgs/msg/Int32,70
1774014694.6996372,/metrics/pcl/fused/points_in,std_msgs/msg/Int32,41847
1774014694.6997025,/metrics/pcl/fused/processing_ms,std_msgs/msg/Float32,137.44017028808594
1774014695.4415035,/metrics/pcl/fused/detections_count,std_msgs/msg/Int32,74
1774014695.44162,/metrics/pcl/fused/points_in,std_msgs/msg/Int32,41954
1774014695.4416838,/metrics/pcl/fused/processing_ms,std_msgs/msg/Float32,138.2554473876953
1774014695.9361641,/metrics/pcl/fused/detections_count,std_msgs/msg/Int32,71
1774014695.9363394,/metrics/pcl/fused/points_in,std_msgs/msg/Int32,42007
1774014695.9364088,/metrics/pcl/fused/processing_ms,std_msgs/msg/Float32,136.76937866210938
1774014696.1826963,/metrics/pcl/fused/detections_count,std_msgs/msg/Int32,77
1774014696.182789,/metrics/pcl/fused/points_in,std_msgs/msg/Int32,41947
1774014696.1828432,/metrics/pcl/fused/processing_ms,std_msgs/msg/Float32,136.3726348876953
1774014697.1736941,/metrics/pcl/fused/detections_count,std_msgs/msg/Int32,73
1774014697.1738105,/metrics/pcl/fused/points_in,std_msgs/msg/Int32,41984
1774014697.1738877,/metrics/pcl/fused/processing_ms,std_msgs/msg/Float32,135.56422424316406
1774014697.67773,/metrics/pcl/fused/detections_count,std_msgs/msg/Int32,67
1774014697.6778603,/metrics/pcl/fused/points_in,std_msgs/msg/Int32,41957
1774014697.677961,/metrics/pcl/fused/processing_ms,std_msgs/msg/Float32,137.77899169921875
1774014697.9292643,/metrics/pcl/fused/detections_count,std_msgs/msg/Int32,67
1774014697.9294384,/metrics/pcl/fused/points_in,std_msgs/msg/Int32,41857
1774014697.9295862,/metrics/pcl/fused/processing_ms,std_msgs/msg/Float32,138.279296875
1774014698.4279125,/metrics/pcl/fused/detections_count,std_msgs/msg/Int32,73
1774014698.4280407,/metrics/pcl/fused/points_in,std_msgs/msg/Int32,41912
1774014698.4281254,/metrics/pcl/fused/processing_ms,std_msgs/msg/Float32,136.25587463378906
1774014698.9240608,/metrics/pcl/fused/detections_count,std_msgs/msg/Int32,73
1774014698.924193,/metrics/pcl/fused/points_in,std_msgs/msg/Int32,41824
1774014698.924276,/metrics/pcl/fused/processing_ms,std_msgs/msg/Float32,136.42636108398438
1774014699.1764576,/metrics/pcl/fused/detections_count,std_msgs/msg/Int32,72
1774014699.1766224,/metrics/pcl/fused/points_in,std_msgs/msg/Int32,41914
1774014699.1767042,/metrics/pcl/fused/processing_ms,std_msgs/msg/Float32,136.1675567626953
1774014699.426435,/metrics/pcl/fused/detections_count,std_msgs/msg/Int32,77
1774014699.426546,/metrics/pcl/fused/points_in,std_msgs/msg/Int32,41825
1774014699.4266095,/metrics/pcl/fused/processing_ms,std_msgs/msg/Float32,136.1676788330078
1774014699.67874,/metrics/pcl/fused/detections_count,std_msgs/msg/Int32,70
1774014699.6788528,/metrics/pcl/fused/points_in,std_msgs/msg/Int32,41837
1774014699.6789293,/metrics/pcl/fused/processing_ms,std_msgs/msg/Float32,135.91726684570312
1774014701.1740742,/metrics/pcl/fused/detections_count,std_msgs/msg/Int32,68
1774014701.1741889,/metrics/pcl/fused/points_in,std_msgs/msg/Int32,42101
1774014701.1742508,/metrics/pcl/fused/processing_ms,std_msgs/msg/Float32,135.752197265625
1774014701.6725845,/metrics/pcl/fused/detections_count,std_msgs/msg/Int32,65
1774014701.6727326,/metrics/pcl/fused/points_in,std_msgs/msg/Int32,41750
1774014701.672795,/metrics/pcl/fused/processing_ms,std_msgs/msg/Float32,136.10113525390625
1774014702.6875243,/metrics/pcl/fused/detections_count,std_msgs/msg/Int32,74
1774014702.6876483,/metrics/pcl/fused/points_in,std_msgs/msg/Int32,41849
1774014702.6877134,/metrics/pcl/fused/processing_ms,std_msgs/msg/Float32,138.94985961914062
1774014702.939547,/metrics/pcl/fused/detections_count,std_msgs/msg/Int32,75
1774014702.939667,/metrics/pcl/fused/points_in,std_msgs/msg/Int32,41774
1774014702.9397392,/metrics/pcl/fused/processing_ms,std_msgs/msg/Float32,138.46180725097656
1774014703.4061146,/metrics/pcl/fused/detections_count,std_msgs/msg/Int32,71
1774014703.4062266,/metrics/pcl/fused/points_in,std_msgs/msg/Int32,41855
1774014703.4062912,/metrics/pcl/fused/processing_ms,std_msgs/msg/Float32,136.9695587158203
1774014703.639251,/metrics/pcl/fused/detections_count,std_msgs/msg/Int32,68
1774014703.6393669,/metrics/pcl/fused/points_in,std_msgs/msg/Int32,41917
1774014703.6394308,/metrics/pcl/fused/processing_ms,std_msgs/msg/Float32,134.7602996826172
1774014703.872483,/metrics/pcl/fused/detections_count,std_msgs/msg/Int32,71
1774014703.872618,/metrics/pcl/fused/points_in,std_msgs/msg/Int32,41952
1774014703.8727,/metrics/pcl/fused/processing_ms,std_msgs/msg/Float32,135.43511962890625
1774014704.1035252,/metrics/pcl/fused/detections_count,std_msgs/msg/Int32,71
1774014704.1036553,/metrics/pcl/fused/points_in,std_msgs/msg/Int32,41843
1774014704.1037169,/metrics/pcl/fused/processing_ms,std_msgs/msg/Float32,134.2642822265625
1774014705.0383127,/metrics/pcl/fused/detections_count,std_msgs/msg/Int32,76
1774014705.0384128,/metrics/pcl/fused/points_in,std_msgs/msg/Int32,41843
1774014705.0384657,/metrics/pcl/fused/processing_ms,std_msgs/msg/Float32,135.11483764648438
1774014705.5117157,/metrics/pcl/fused/detections_count,std_msgs/msg/Int32,68
1774014705.511859,/metrics/pcl/fused/points_in,std_msgs/msg/Int32,41914
1774014705.5119607,/metrics/pcl/fused/processing_ms,std_msgs/msg/Float32,136.13800048828125
1774014705.7465017,/metrics/pcl/fused/detections_count,std_msgs/msg/Int32,80
1774014705.746596,/metrics/pcl/fused/points_in,std_msgs/msg/Int32,41754
1774014705.7466524,/metrics/pcl/fused/processing_ms,std_msgs/msg/Float32,135.7998046875
1774014706.4553897,/metrics/pcl/fused/detections_count,std_msgs/msg/Int32,70
1774014706.4555068,/metrics/pcl/fused/points_in,std_msgs/msg/Int32,41903
1774014706.4555776,/metrics/pcl/fused/processing_ms,std_msgs/msg/Float32,136.2070770263672
1774014706.931074,/metrics/pcl/fused/detections_count,std_msgs/msg/Int32,72
1774014706.931184,/metrics/pcl/fused/points_in,std_msgs/msg/Int32,41870
1774014706.931263,/metrics/pcl/fused/processing_ms,std_msgs/msg/Float32,136.7992706298828
1774014707.1693532,/metrics/pcl/fused/detections_count,std_msgs/msg/Int32,75
1774014707.1695096,/metrics/pcl/fused/points_in,std_msgs/msg/Int32,41878
1774014707.1695843,/metrics/pcl/fused/processing_ms,std_msgs/msg/Float32,135.2563018798828
1774014708.8430324,/metrics/pcl/fused/detections_count,std_msgs/msg/Int32,72
1774014708.8431451,/metrics/pcl/fused/points_in,std_msgs/msg/Int32,41937
1774014708.8432066,/metrics/pcl/fused/processing_ms,std_msgs/msg/Float32,136.3248748779297
1774014709.3286822,/metrics/pcl/fused/detections_count,std_msgs/msg/Int32,75
1774014709.3287992,/metrics/pcl/fused/points_in,std_msgs/msg/Int32,41762
1774014709.3288631,/metrics/pcl/fused/processing_ms,std_msgs/msg/Float32,135.02069091796875
1774014709.5773063,/metrics/pcl/fused/detections_count,std_msgs/msg/Int32,68
1774014709.5774174,/metrics/pcl/fused/points_in,std_msgs/msg/Int32,41884
1774014709.5774777,/metrics/pcl/fused/processing_ms,std_msgs/msg/Float32,137.28030395507812
1774014710.061179,/metrics/pcl/fused/detections_count,std_msgs/msg/Int32,77
1774014710.0612922,/metrics/pcl/fused/points_in,std_msgs/msg/Int32,41831
1774014710.0613558,/metrics/pcl/fused/processing_ms,std_msgs/msg/Float32,133.65664672851562
1774014710.3071349,/metrics/pcl/fused/detections_count,std_msgs/msg/Int32,73
1774014710.3072455,/metrics/pcl/fused/points_in,std_msgs/msg/Int32,41864
1774014710.3073068,/metrics/pcl/fused/processing_ms,std_msgs/msg/Float32,134.74774169921875
1774014710.554821,/metrics/pcl/fused/detections_count,std_msgs/msg/Int32,70
1774014710.554977,/metrics/pcl/fused/points_in,std_msgs/msg/Int32,41862
1774014710.5550442,/metrics/pcl/fused/processing_ms,std_msgs/msg/Float32,136.62782287597656
1774014711.2853975,/metrics/pcl/fused/detections_count,std_msgs/msg/Int32,76
1774014711.2855632,/metrics/pcl/fused/points_in,std_msgs/msg/Int32,41781
1774014711.2856576,/metrics/pcl/fused/processing_ms,std_msgs/msg/Float32,135.37478637695312
1774014711.530946,/metrics/pcl/fused/detections_count,std_msgs/msg/Int32,78
1774014711.531065,/metrics/pcl/fused/points_in,std_msgs/msg/Int32,41892
1774014711.5311291,/metrics/pcl/fused/processing_ms,std_msgs/msg/Float32,136.64865112304688
1774014712.020265,/metrics/pcl/fused/detections_count,std_msgs/msg/Int32,75
1774014712.0204394,/metrics/pcl/fused/points_in,std_msgs/msg/Int32,42049
1774014712.020519,/metrics/pcl/fused/processing_ms,std_msgs/msg/Float32,137.03582763671875
1774014712.510162,/metrics/pcl/fused/detections_count,std_msgs/msg/Int32,67
1774014712.5102723,/metrics/pcl/fused/points_in,std_msgs/msg/Int32,42088
1774014712.5103335,/metrics/pcl/fused/processing_ms,std_msgs/msg/Float32,135.5865478515625
1774014712.756104,/metrics/pcl/fused/detections_count,std_msgs/msg/Int32,77
1774014712.756224,/metrics/pcl/fused/points_in,std_msgs/msg/Int32,42062
1774014712.7562947,/metrics/pcl/fused/processing_ms,std_msgs/msg/Float32,135.3511962890625
1774014713.0048308,/metrics/pcl/fused/detections_count,std_msgs/msg/Int32,69
1774014713.0049832,/metrics/pcl/fused/points_in,std_msgs/msg/Int32,42065
1774014713.0050871,/metrics/pcl/fused/processing_ms,std_msgs/msg/Float32,137.73828125
1774014713.504579,/metrics/pcl/fused/detections_count,std_msgs/msg/Int32,73
1774014713.5047593,/metrics/pcl/fused/points_in,std_msgs/msg/Int32,42164
1774014713.5048344,/metrics/pcl/fused/processing_ms,std_msgs/msg/Float32,140.66371154785156
1774014713.7495515,/metrics/pcl/fused/detections_count,std_msgs/msg/Int32,73
1774014713.7496657,/metrics/pcl/fused/points_in,std_msgs/msg/Int32,42156
1774014713.749729,/metrics/pcl/fused/processing_ms,std_msgs/msg/Float32,137.5703887939453
1774014714.2487938,/metrics/pcl/fused/detections_count,std_msgs/msg/Int32,71
1774014714.2489834,/metrics/pcl/fused/points_in,std_msgs/msg/Int32,42098
1774014714.2490916,/metrics/pcl/fused/processing_ms,std_msgs/msg/Float32,136.74893188476562
1774014714.4985464,/metrics/pcl/fused/detections_count,std_msgs/msg/Int32,69
1774014714.498657,/metrics/pcl/fused/points_in,std_msgs/msg/Int32,42184
1774014714.498734,/metrics/pcl/fused/processing_ms,std_msgs/msg/Float32,133.75364685058594
1774014714.752107,/metrics/pcl/fused/detections_count,std_msgs/msg/Int32,70
1774014714.752239,/metrics/pcl/fused/points_in,std_msgs/msg/Int32,42160
1774014714.7523115,/metrics/pcl/fused/processing_ms,std_msgs/msg/Float32,134.72317504882812
1774014715.0138824,/metrics/pcl/fused/detections_count,std_msgs/msg/Int32,75
1774014715.0140045,/metrics/pcl/fused/points_in,std_msgs/msg/Int32,42201
1774014715.0140672,/metrics/pcl/fused/processing_ms,std_msgs/msg/Float32,139.399658203125
1774014715.2667358,/metrics/pcl/fused/detections_count,std_msgs/msg/Int32,70
1774014715.2668507,/metrics/pcl/fused/points_in,std_msgs/msg/Int32,42112
1774014715.2669356,/metrics/pcl/fused/processing_ms,std_msgs/msg/Float32,137.64654541015625
1774014715.7729063,/metrics/pcl/fused/detections_count,std_msgs/msg/Int32,70
1774014715.7730286,/metrics/pcl/fused/points_in,std_msgs/msg/Int32,42035
1774014715.7731018,/metrics/pcl/fused/processing_ms,std_msgs/msg/Float32,138.314697265625
1774014716.0242677,/metrics/pcl/fused/detections_count,std_msgs/msg/Int32,68
1774014716.0245352,/metrics/pcl/fused/points_in,std_msgs/msg/Int32,42038
1774014716.024608,/metrics/pcl/fused/processing_ms,std_msgs/msg/Float32,140.15162658691406
1774014716.2714605,/metrics/pcl/fused/detections_count,std_msgs/msg/Int32,69
1774014716.271583,/metrics/pcl/fused/points_in,std_msgs/msg/Int32,42024
1774014716.271647,/metrics/pcl/fused/processing_ms,std_msgs/msg/Float32,134.39157104492188
1774014716.5309699,/metrics/pcl/fused/detections_count,std_msgs/msg/Int32,76
1774014716.5310798,/metrics/pcl/fused/points_in,std_msgs/msg/Int32,42115
1774014716.531143,/metrics/pcl/fused/processing_ms,std_msgs/msg/Float32,138.1577911376953
1774014716.7831683,/metrics/pcl/fused/detections_count,std_msgs/msg/Int32,73
1774014716.78328,/metrics/pcl/fused/points_in,std_msgs/msg/Int32,41900
1774014716.7833412,/metrics/pcl/fused/processing_ms,std_msgs/msg/Float32,135.44369506835938
1774014717.0331013,/metrics/pcl/fused/detections_count,std_msgs/msg/Int32,68
1774014717.033223,/metrics/pcl/fused/points_in,std_msgs/msg/Int32,41911
1774014717.0332959,/metrics/pcl/fused/processing_ms,std_msgs/msg/Float32,133.34576416015625
1774014717.8026092,/metrics/pcl/fused/detections_count,std_msgs/msg/Int32,73
1774014717.80275,/metrics/pcl/fused/points_in,std_msgs/msg/Int32,42085
1774014717.8028262,/metrics/pcl/fused/processing_ms,std_msgs/msg/Float32,134.27432250976562
1774014718.0579116,/metrics/pcl/fused/detections_count,std_msgs/msg/Int32,69
1774014718.0580227,/metrics/pcl/fused/points_in,std_msgs/msg/Int32,42038
1774014718.0580888,/metrics/pcl/fused/processing_ms,std_msgs/msg/Float32,132.81956481933594
1774014718.5607903,/metrics/pcl/fused/detections_count,std_msgs/msg/Int32,78
1774014718.5609403,/metrics/pcl/fused/points_in,std_msgs/msg/Int32,42025
1774014718.5610297,/metrics/pcl/fused/processing_ms,std_msgs/msg/Float32,132.10353088378906
1774014718.8183486,/metrics/pcl/fused/detections_count,std_msgs/msg/Int32,76
1774014718.8185134,/metrics/pcl/fused/points_in,std_msgs/msg/Int32,41921
1774014718.8185887,/metrics/pcl/fused/processing_ms,std_msgs/msg/Float32,135.41741943359375
1774014719.3284616,/metrics/pcl/fused/detections_count,std_msgs/msg/Int32,74
1774014719.3285747,/metrics/pcl/fused/points_in,std_msgs/msg/Int32,42019
1774014719.3286388,/metrics/pcl/fused/processing_ms,std_msgs/msg/Float32,134.1618194580078
1774014719.585817,/metrics/pcl/fused/detections_count,std_msgs/msg/Int32,73
1774014719.5860012,/metrics/pcl/fused/points_in,std_msgs/msg/Int32,42066
1774014719.586075,/metrics/pcl/fused/processing_ms,std_msgs/msg/Float32,136.41737365722656
1774014720.0960827,/metrics/pcl/fused/detections_count,std_msgs/msg/Int32,72
1774014720.096237,/metrics/pcl/fused/points_in,std_msgs/msg/Int32,42077
1774014720.0963352,/metrics/pcl/fused/processing_ms,std_msgs/msg/Float32,135.2165985107422
1774014720.3566177,/metrics/pcl/fused/detections_count,std_msgs/msg/Int32,77
1774014720.3567533,/metrics/pcl/fused/points_in,std_msgs/msg/Int32,42063
1774014720.3568158,/metrics/pcl/fused/processing_ms,std_msgs/msg/Float32,138.47865295410156
1774014720.8663056,/metrics/pcl/fused/detections_count,std_msgs/msg/Int32,70
1774014720.8664205,/metrics/pcl/fused/points_in,std_msgs/msg/Int32,41861
1774014720.866488,/metrics/pcl/fused/processing_ms,std_msgs/msg/Float32,135.47113037109375
1774014721.118196,/metrics/pcl/fused/detections_count,std_msgs/msg/Int32,70
1774014721.118334,/metrics/pcl/fused/points_in,std_msgs/msg/Int32,41850
1774014721.1184108,/metrics/pcl/fused/processing_ms,std_msgs/msg/Float32,131.63124084472656
1774014721.3774529,/metrics/pcl/fused/detections_count,std_msgs/msg/Int32,71
1774014721.3775494,/metrics/pcl/fused/points_in,std_msgs/msg/Int32,41961
1774014721.377601,/metrics/pcl/fused/processing_ms,std_msgs/msg/Float32,134.51187133789062
1774014721.6333756,/metrics/pcl/fused/detections_count,std_msgs/msg/Int32,67
1774014721.6334774,/metrics/pcl/fused/points_in,std_msgs/msg/Int32,42038
1774014721.6335316,/metrics/pcl/fused/processing_ms,std_msgs/msg/Float32,133.5636749267578
1774014721.890552,/metrics/pcl/fused/detections_count,std_msgs/msg/Int32,70
1774014721.890656,/metrics/pcl/fused/points_in,std_msgs/msg/Int32,42104
1774014721.8907106,/metrics/pcl/fused/processing_ms,std_msgs/msg/Float32,136.9967041015625
1774014722.1459253,/metrics/pcl/fused/detections_count,std_msgs/msg/Int32,72
1774014722.146029,/metrics/pcl/fused/points_in,std_msgs/msg/Int32,42069
1774014722.1460845,/metrics/pcl/fused/processing_ms,std_msgs/msg/Float32,140.0752410888672
1774014722.3931875,/metrics/pcl/fused/detections_count,std_msgs/msg/Int32,75
1774014722.3933053,/metrics/pcl/fused/points_in,std_msgs/msg/Int32,41956
1774014722.3933682,/metrics/pcl/fused/processing_ms,std_msgs/msg/Float32,137.06307983398438
1774014722.6458058,/metrics/pcl/fused/detections_count,std_msgs/msg/Int32,74
1774014722.645931,/metrics/pcl/fused/points_in,std_msgs/msg/Int32,42259
1774014722.6459978,/metrics/pcl/fused/processing_ms,std_msgs/msg/Float32,139.06004333496094
1774014722.8936787,/metrics/pcl/fused/detections_count,std_msgs/msg/Int32,74
1774014722.8938074,/metrics/pcl/fused/points_in,std_msgs/msg/Int32,42359
1774014722.8938859,/metrics/pcl/fused/processing_ms,std_msgs/msg/Float32,137.14401245117188
1774014723.146497,/metrics/pcl/fused/detections_count,std_msgs/msg/Int32,75
1774014723.1466088,/metrics/pcl/fused/points_in,std_msgs/msg/Int32,42153
1774014723.1466718,/metrics/pcl/fused/processing_ms,std_msgs/msg/Float32,136.68409729003906
1774014723.638377,/metrics/pcl/fused/detections_count,std_msgs/msg/Int32,74
1774014723.63849,/metrics/pcl/fused/points_in,std_msgs/msg/Int32,42056
1774014723.6385524,/metrics/pcl/fused/processing_ms,std_msgs/msg/Float32,137.26544189453125
1774014723.8664482,/metrics/pcl/fused/detections_count,std_msgs/msg/Int32,65
1774014723.8665776,/metrics/pcl/fused/points_in,std_msgs/msg/Int32,41942
1774014723.8666406,/metrics/pcl/fused/processing_ms,std_msgs/msg/Float32,133.34854125976562
1774014724.3243065,/metrics/pcl/fused/detections_count,std_msgs/msg/Int32,71
1774014724.324423,/metrics/pcl/fused/points_in,std_msgs/msg/Int32,41976
1774014724.324485,/metrics/pcl/fused/processing_ms,std_msgs/msg/Float32,133.15890502929688
1774014724.5609434,/metrics/pcl/fused/detections_count,std_msgs/msg/Int32,73
1774014724.5610585,/metrics/pcl/fused/points_in,std_msgs/msg/Int32,41994
1774014724.561121,/metrics/pcl/fused/processing_ms,std_msgs/msg/Float32,134.38406372070312
1774014725.261921,/metrics/pcl/fused/detections_count,std_msgs/msg/Int32,69
1774014725.2620192,/metrics/pcl/fused/points_in,std_msgs/msg/Int32,41868
1774014725.262074,/metrics/pcl/fused/processing_ms,std_msgs/msg/Float32,135.22555541992188
1774014725.7350833,/metrics/pcl/fused/detections_count,std_msgs/msg/Int32,69
1774014725.7351968,/metrics/pcl/fused/points_in,std_msgs/msg/Int32,41882
1774014725.7352629,/metrics/pcl/fused/processing_ms,std_msgs/msg/Float32,133.85169982910156
1774014726.2056904,/metrics/pcl/fused/detections_count,std_msgs/msg/Int32,73
1774014726.205791,/metrics/pcl/fused/points_in,std_msgs/msg/Int32,41912
1774014726.2058446,/metrics/pcl/fused/processing_ms,std_msgs/msg/Float32,137.2489471435547
1774014726.4353278,/metrics/pcl/fused/detections_count,std_msgs/msg/Int32,76
1774014726.4355054,/metrics/pcl/fused/points_in,std_msgs/msg/Int32,41844
1774014726.4355965,/metrics/pcl/fused/processing_ms,std_msgs/msg/Float32,134.28195190429688
1774014726.6685078,/metrics/pcl/fused/detections_count,std_msgs/msg/Int32,70
1774014726.6686935,/metrics/pcl/fused/points_in,std_msgs/msg/Int32,41943
1774014726.6687856,/metrics/pcl/fused/processing_ms,std_msgs/msg/Float32,133.63023376464844
1774014727.1397505,/metrics/pcl/fused/detections_count,std_msgs/msg/Int32,70
1774014727.139919,/metrics/pcl/fused/points_in,std_msgs/msg/Int32,42032
1774014727.140036,/metrics/pcl/fused/processing_ms,std_msgs/msg/Float32,139.78555297851562
1774014727.3676338,/metrics/pcl/fused/detections_count,std_msgs/msg/Int32,68
1774014727.367809,/metrics/pcl/fused/points_in,std_msgs/msg/Int32,41803
1774014727.3679273,/metrics/pcl/fused/processing_ms,std_msgs/msg/Float32,134.05563354492188
1774014727.8421402,/metrics/pcl/fused/detections_count,std_msgs/msg/Int32,71
1774014727.8422554,/metrics/pcl/fused/points_in,std_msgs/msg/Int32,41988
1774014727.8423257,/metrics/pcl/fused/processing_ms,std_msgs/msg/Float32,137.57028198242188
1774014728.3074338,/metrics/pcl/fused/detections_count,std_msgs/msg/Int32,74
1774014728.307571,/metrics/pcl/fused/points_in,std_msgs/msg/Int32,41967
1774014728.307661,/metrics/pcl/fused/processing_ms,std_msgs/msg/Float32,135.7230987548828
1774014728.542179,/metrics/pcl/fused/detections_count,std_msgs/msg/Int32,69
1774014728.5423121,/metrics/pcl/fused/points_in,std_msgs/msg/Int32,41951
1774014728.5424109,/metrics/pcl/fused/processing_ms,std_msgs/msg/Float32,134.4524383544922
1774014729.0161695,/metrics/pcl/fused/detections_count,std_msgs/msg/Int32,71
1774014729.0163062,/metrics/pcl/fused/points_in,std_msgs/msg/Int32,41872
1774014729.0163915,/metrics/pcl/fused/processing_ms,std_msgs/msg/Float32,135.63145446777344
1774014729.2528892,/metrics/pcl/fused/detections_count,std_msgs/msg/Int32,68
1774014729.2530284,/metrics/pcl/fused/points_in,std_msgs/msg/Int32,41885
1774014729.253095,/metrics/pcl/fused/processing_ms,std_msgs/msg/Float32,134.40916442871094
1774014729.49178,/metrics/pcl/fused/detections_count,std_msgs/msg/Int32,68
1774014729.4919174,/metrics/pcl/fused/points_in,std_msgs/msg/Int32,41732
1774014729.4919934,/metrics/pcl/fused/processing_ms,std_msgs/msg/Float32,132.95384216308594
1774014729.7317073,/metrics/pcl/fused/detections_count,std_msgs/msg/Int32,67
1774014729.731821,/metrics/pcl/fused/points_in,std_msgs/msg/Int32,41770
1774014729.7318954,/metrics/pcl/fused/processing_ms,std_msgs/msg/Float32,134.66993713378906
1774014729.9672184,/metrics/pcl/fused/detections_count,std_msgs/msg/Int32,67
1774014729.9673254,/metrics/pcl/fused/points_in,std_msgs/msg/Int32,41771
1774014729.967404,/metrics/pcl/fused/processing_ms,std_msgs/msg/Float32,130.55166625976562
1774014730.2090797,/metrics/pcl/fused/detections_count,std_msgs/msg/Int32,76
1774014730.2091935,/metrics/pcl/fused/points_in,std_msgs/msg/Int32,41916
1774014730.2092562,/metrics/pcl/fused/processing_ms,std_msgs/msg/Float32,134.478271484375
1774014730.4463813,/metrics/pcl/fused/detections_count,std_msgs/msg/Int32,78
1774014730.4464948,/metrics/pcl/fused/points_in,std_msgs/msg/Int32,41765
1774014730.4465575,/metrics/pcl/fused/processing_ms,std_msgs/msg/Float32,132.6503448486328
1774014730.9251273,/metrics/pcl/fused/detections_count,std_msgs/msg/Int32,68
1774014730.9252803,/metrics/pcl/fused/points_in,std_msgs/msg/Int32,41838
1774014730.9253836,/metrics/pcl/fused/processing_ms,std_msgs/msg/Float32,132.3058319091797
1774014731.1669888,/metrics/pcl/fused/detections_count,std_msgs/msg/Int32,78
1774014731.1671007,/metrics/pcl/fused/points_in,std_msgs/msg/Int32,41823
1774014731.1671622,/metrics/pcl/fused/processing_ms,std_msgs/msg/Float32,130.69383239746094
1774014731.6603212,/metrics/pcl/fused/detections_count,std_msgs/msg/Int32,67
1774014731.6604316,/metrics/pcl/fused/points_in,std_msgs/msg/Int32,41819
1774014731.6604948,/metrics/pcl/fused/processing_ms,std_msgs/msg/Float32,132.8075408935547
1774014732.1533372,/metrics/pcl/fused/detections_count,std_msgs/msg/Int32,77
1774014732.1534784,/metrics/pcl/fused/points_in,std_msgs/msg/Int32,41780
1774014732.1535525,/metrics/pcl/fused/processing_ms,std_msgs/msg/Float32,134.02964782714844
1774014732.3964813,/metrics/pcl/fused/detections_count,std_msgs/msg/Int32,74
1774014732.3965847,/metrics/pcl/fused/points_in,std_msgs/msg/Int32,41771
1774014732.3966377,/metrics/pcl/fused/processing_ms,std_msgs/msg/Float32,131.44375610351562
1774014733.8720462,/metrics/pcl/fused/detections_count,std_msgs/msg/Int32,73
1774014733.8721614,/metrics/pcl/fused/points_in,std_msgs/msg/Int32,41754
1774014733.8722253,/metrics/pcl/fused/processing_ms,std_msgs/msg/Float32,131.241943359375
1774014734.8656483,/metrics/pcl/fused/detections_count,std_msgs/msg/Int32,71
1774014734.8657463,/metrics/pcl/fused/points_in,std_msgs/msg/Int32,41841
1774014734.8657997,/metrics/pcl/fused/processing_ms,std_msgs/msg/Float32,135.0327911376953
1774014735.3630304,/metrics/pcl/fused/detections_count,std_msgs/msg/Int32,71
1774014735.3631456,/metrics/pcl/fused/points_in,std_msgs/msg/Int32,41762
1774014735.3632095,/metrics/pcl/fused/processing_ms,std_msgs/msg/Float32,133.73936462402344
1774014735.8690455,/metrics/pcl/fused/detections_count,std_msgs/msg/Int32,76
1774014735.8692086,/metrics/pcl/fused/points_in,std_msgs/msg/Int32,41809
1774014735.8692827,/metrics/pcl/fused/processing_ms,std_msgs/msg/Float32,134.02645874023438
1774014736.1182117,/metrics/pcl/fused/detections_count,std_msgs/msg/Int32,70
1774014736.1183624,/metrics/pcl/fused/points_in,std_msgs/msg/Int32,41791
1774014736.1184394,/metrics/pcl/fused/processing_ms,std_msgs/msg/Float32,131.84408569335938
1774014736.6261547,/metrics/pcl/fused/detections_count,std_msgs/msg/Int32,75
1774014736.6262717,/metrics/pcl/fused/points_in,std_msgs/msg/Int32,41828
1774014736.6263375,/metrics/pcl/fused/processing_ms,std_msgs/msg/Float32,134.15281677246094
1774014736.8830092,/metrics/pcl/fused/detections_count,std_msgs/msg/Int32,74
1774014736.8831224,/metrics/pcl/fused/points_in,std_msgs/msg/Int32,41878
1774014736.883186,/metrics/pcl/fused/processing_ms,std_msgs/msg/Float32,135.3046875
1774014737.3917334,/metrics/pcl/fused/detections_count,std_msgs/msg/Int32,73
1774014737.3918571,/metrics/pcl/fused/points_in,std_msgs/msg/Int32,41867
1774014737.3919377,/metrics/pcl/fused/processing_ms,std_msgs/msg/Float32,133.58206176757812
1774014737.6432922,/metrics/pcl/fused/detections_count,std_msgs/msg/Int32,66
1774014737.643405,/metrics/pcl/fused/points_in,std_msgs/msg/Int32,41801
1774014737.6434703,/metrics/pcl/fused/processing_ms,std_msgs/msg/Float32,133.83697509765625
1774014737.898975,/metrics/pcl/fused/detections_count,std_msgs/msg/Int32,71
1774014737.8990884,/metrics/pcl/fused/points_in,std_msgs/msg/Int32,41768
1774014737.8991532,/metrics/pcl/fused/processing_ms,std_msgs/msg/Float32,134.33163452148438
1774014738.1533554,/metrics/pcl/fused/detections_count,std_msgs/msg/Int32,76
1774014738.153514,/metrics/pcl/fused/points_in,std_msgs/msg/Int32,41908
1774014738.1535902,/metrics/pcl/fused/processing_ms,std_msgs/msg/Float32,135.3690185546875
1774014738.4089353,/metrics/pcl/fused/detections_count,std_msgs/msg/Int32,78
1774014738.4090595,/metrics/pcl/fused/points_in,std_msgs/msg/Int32,41637
1774014738.4091315,/metrics/pcl/fused/processing_ms,std_msgs/msg/Float32,134.10997009277344
1774014738.6667826,/metrics/pcl/fused/detections_count,std_msgs/msg/Int32,69
1774014738.6669116,/metrics/pcl/fused/points_in,std_msgs/msg/Int32,41850
1774014738.667013,/metrics/pcl/fused/processing_ms,std_msgs/msg/Float32,136.29916381835938
1774014739.1728432,/metrics/pcl/fused/detections_count,std_msgs/msg/Int32,70
1774014739.1729991,/metrics/pcl/fused/points_in,std_msgs/msg/Int32,41735
1774014739.1730902,/metrics/pcl/fused/processing_ms,std_msgs/msg/Float32,135.83790588378906
1774014739.9317207,/metrics/pcl/fused/detections_count,std_msgs/msg/Int32,74
1774014739.9318545,/metrics/pcl/fused/points_in,std_msgs/msg/Int32,41805
1774014739.935787,/metrics/pcl/fused/processing_ms,std_msgs/msg/Float32,134.1880645751953
1774014740.185056,/metrics/pcl/fused/detections_count,std_msgs/msg/Int32,71
1774014740.185185,/metrics/pcl/fused/points_in,std_msgs/msg/Int32,41926
1774014740.1852512,/metrics/pcl/fused/processing_ms,std_msgs/msg/Float32,135.8667755126953
1774014740.4299846,/metrics/pcl/fused/detections_count,std_msgs/msg/Int32,71
1774014740.4301038,/metrics/pcl/fused/points_in,std_msgs/msg/Int32,41929
1774014740.4301767,/metrics/pcl/fused/processing_ms,std_msgs/msg/Float32,132.34881591796875
1774014740.6811082,/metrics/pcl/fused/detections_count,std_msgs/msg/Int32,73
1774014740.681274,/metrics/pcl/fused/points_in,std_msgs/msg/Int32,41748
1774014740.681356,/metrics/pcl/fused/processing_ms,std_msgs/msg/Float32,135.09664916992188
1774014741.1838212,/metrics/pcl/fused/detections_count,std_msgs/msg/Int32,79
1774014741.183946,/metrics/pcl/fused/points_in,std_msgs/msg/Int32,41892
1774014741.1840136,/metrics/pcl/fused/processing_ms,std_msgs/msg/Float32,137.90126037597656
1774014741.4264975,/metrics/pcl/fused/detections_count,std_msgs/msg/Int32,73
1774014741.4266157,/metrics/pcl/fused/points_in,std_msgs/msg/Int32,41769
1774014741.4266808,/metrics/pcl/fused/processing_ms,std_msgs/msg/Float32,132.05609130859375
1774014742.4291472,/metrics/pcl/fused/detections_count,std_msgs/msg/Int32,75
1774014742.4292626,/metrics/pcl/fused/points_in,std_msgs/msg/Int32,41900
1774014742.429325,/metrics/pcl/fused/processing_ms,std_msgs/msg/Float32,135.1199951171875
1774014742.6794088,/metrics/pcl/fused/detections_count,std_msgs/msg/Int32,72
1774014742.6795216,/metrics/pcl/fused/points_in,std_msgs/msg/Int32,41773
1774014742.6795833,/metrics/pcl/fused/processing_ms,std_msgs/msg/Float32,133.89674377441406
1774014742.927362,/metrics/pcl/fused/detections_count,std_msgs/msg/Int32,73
1774014742.9274676,/metrics/pcl/fused/points_in,std_msgs/msg/Int32,41738
1774014742.9275265,/metrics/pcl/fused/processing_ms,std_msgs/msg/Float32,133.6475830078125
1774014743.1799374,/metrics/pcl/fused/detections_count,std_msgs/msg/Int32,75
1774014743.1800463,/metrics/pcl/fused/points_in,std_msgs/msg/Int32,41829
1774014743.18011,/metrics/pcl/fused/processing_ms,std_msgs/msg/Float32,136.5474853515625
1774014743.4320621,/metrics/pcl/fused/detections_count,std_msgs/msg/Int32,68
1774014743.432176,/metrics/pcl/fused/points_in,std_msgs/msg/Int32,41862
1774014743.432242,/metrics/pcl/fused/processing_ms,std_msgs/msg/Float32,136.9419708251953
1774014743.687209,/metrics/pcl/fused/detections_count,std_msgs/msg/Int32,66
1774014743.6873572,/metrics/pcl/fused/points_in,std_msgs/msg/Int32,41840
1774014743.6874275,/metrics/pcl/fused/processing_ms,std_msgs/msg/Float32,140.24728393554688
1774014743.9141104,/metrics/pcl/fused/detections_count,std_msgs/msg/Int32,74
1774014743.9142342,/metrics/pcl/fused/points_in,std_msgs/msg/Int32,41905
1774014743.9143076,/metrics/pcl/fused/processing_ms,std_msgs/msg/Float32,134.32994079589844
1774014744.1454532,/metrics/pcl/fused/detections_count,std_msgs/msg/Int32,69
1774014744.145561,/metrics/pcl/fused/points_in,std_msgs/msg/Int32,41829
1774014744.145623,/metrics/pcl/fused/processing_ms,std_msgs/msg/Float32,133.84799194335938
1774014744.6040463,/metrics/pcl/fused/detections_count,std_msgs/msg/Int32,74
1774014744.6041963,/metrics/pcl/fused/points_in,std_msgs/msg/Int32,41639
1774014744.6042674,/metrics/pcl/fused/processing_ms,std_msgs/msg/Float32,136.30764770507812
1774014744.8353322,/metrics/pcl/fused/detections_count,std_msgs/msg/Int32,73
1774014744.8354886,/metrics/pcl/fused/points_in,std_msgs/msg/Int32,41586
1774014744.835556,/metrics/pcl/fused/processing_ms,std_msgs/msg/Float32,137.59693908691406
1774014745.5225883,/metrics/pcl/fused/detections_count,std_msgs/msg/Int32,77
1774014745.5227077,/metrics/pcl/fused/points_in,std_msgs/msg/Int32,41830
1774014745.522787,/metrics/pcl/fused/processing_ms,std_msgs/msg/Float32,135.44436645507812
1774014745.7533967,/metrics/pcl/fused/detections_count,std_msgs/msg/Int32,70
1774014745.7535398,/metrics/pcl/fused/points_in,std_msgs/msg/Int32,41805
1774014745.7536118,/metrics/pcl/fused/processing_ms,std_msgs/msg/Float32,137.05247497558594
1774014746.2133543,/metrics/pcl/fused/detections_count,std_msgs/msg/Int32,78
1774014746.2134795,/metrics/pcl/fused/points_in,std_msgs/msg/Int32,41685
1774014746.2135427,/metrics/pcl/fused/processing_ms,std_msgs/msg/Float32,135.67320251464844
1774014746.910538,/metrics/pcl/fused/detections_count,std_msgs/msg/Int32,74
1774014746.910649,/metrics/pcl/fused/points_in,std_msgs/msg/Int32,41979
1774014746.9107113,/metrics/pcl/fused/processing_ms,std_msgs/msg/Float32,135.295654296875
1774014747.1544106,/metrics/pcl/fused/detections_count,std_msgs/msg/Int32,77
1774014747.1545897,/metrics/pcl/fused/points_in,std_msgs/msg/Int32,41907
1774014747.1546514,/metrics/pcl/fused/processing_ms,std_msgs/msg/Float32,138.84671020507812
1774014747.3879423,/metrics/pcl/fused/detections_count,std_msgs/msg/Int32,67
1774014747.3880777,/metrics/pcl/fused/points_in,std_msgs/msg/Int32,41813
1774014747.3881478,/metrics/pcl/fused/processing_ms,std_msgs/msg/Float32,134.47999572753906
1774014747.8547733,/metrics/pcl/fused/detections_count,std_msgs/msg/Int32,82
1774014747.8549194,/metrics/pcl/fused/points_in,std_msgs/msg/Int32,41833
1774014747.8549845,/metrics/pcl/fused/processing_ms,std_msgs/msg/Float32,135.7506561279297
1774014748.3219328,/metrics/pcl/fused/detections_count,std_msgs/msg/Int32,69
1774014748.322077,/metrics/pcl/fused/points_in,std_msgs/msg/Int32,41797
1774014748.3221714,/metrics/pcl/fused/processing_ms,std_msgs/msg/Float32,134.43695068359375
1774014748.5577388,/metrics/pcl/fused/detections_count,std_msgs/msg/Int32,76
1774014748.5578842,/metrics/pcl/fused/points_in,std_msgs/msg/Int32,41710
1774014748.557972,/metrics/pcl/fused/processing_ms,std_msgs/msg/Float32,135.02755737304688
1774014749.2709045,/metrics/pcl/fused/detections_count,std_msgs/msg/Int32,74
1774014749.2710626,/metrics/pcl/fused/points_in,std_msgs/msg/Int32,41839
1774014749.2711716,/metrics/pcl/fused/processing_ms,std_msgs/msg/Float32,139.18060302734375
1774014749.5067384,/metrics/pcl/fused/detections_count,std_msgs/msg/Int32,75
1774014749.5068488,/metrics/pcl/fused/points_in,std_msgs/msg/Int32,41903
1774014749.506922,/metrics/pcl/fused/processing_ms,std_msgs/msg/Float32,137.21749877929688
1774014749.7427344,/metrics/pcl/fused/detections_count,std_msgs/msg/Int32,79
1774014749.7428493,/metrics/pcl/fused/points_in,std_msgs/msg/Int32,41904
1774014749.7429295,/metrics/pcl/fused/processing_ms,std_msgs/msg/Float32,134.72610473632812
1774014750.4572744,/metrics/pcl/fused/detections_count,std_msgs/msg/Int32,75
1774014750.4573903,/metrics/pcl/fused/points_in,std_msgs/msg/Int32,41838
1774014750.4574547,/metrics/pcl/fused/processing_ms,std_msgs/msg/Float32,134.9443359375
1774014751.1733725,/metrics/pcl/fused/detections_count,std_msgs/msg/Int32,73
1774014751.1735086,/metrics/pcl/fused/points_in,std_msgs/msg/Int32,41821
1774014751.1735778,/metrics/pcl/fused/processing_ms,std_msgs/msg/Float32,136.41448974609375
1774014751.6573982,/metrics/pcl/fused/detections_count,std_msgs/msg/Int32,72
1774014751.6576,/metrics/pcl/fused/points_in,std_msgs/msg/Int32,42079
1774014751.6577375,/metrics/pcl/fused/processing_ms,std_msgs/msg/Float32,139.6943817138672
1774014751.8955235,/metrics/pcl/fused/detections_count,std_msgs/msg/Int32,72
1774014751.89564,/metrics/pcl/fused/points_in,std_msgs/msg/Int32,41989
1774014751.8957064,/metrics/pcl/fused/processing_ms,std_msgs/msg/Float32,133.85491943359375
1774014752.8580203,/metrics/pcl/fused/detections_count,std_msgs/msg/Int32,70
1774014752.858154,/metrics/pcl/fused/points_in,std_msgs/msg/Int32,41885
1774014752.8582428,/metrics/pcl/fused/processing_ms,std_msgs/msg/Float32,135.56700134277344
1774014753.097277,/metrics/pcl/fused/detections_count,std_msgs/msg/Int32,80
1774014753.0974426,/metrics/pcl/fused/points_in,std_msgs/msg/Int32,41772
1774014753.097553,/metrics/pcl/fused/processing_ms,std_msgs/msg/Float32,133.73077392578125
1774014754.5621872,/metrics/pcl/fused/detections_count,std_msgs/msg/Int32,73
1774014754.562302,/metrics/pcl/fused/points_in,std_msgs/msg/Int32,41860
1774014754.5623732,/metrics/pcl/fused/processing_ms,std_msgs/msg/Float32,135.61029052734375
1774014755.789011,/metrics/pcl/fused/detections_count,std_msgs/msg/Int32,73
1774014755.7891896,/metrics/pcl/fused/points_in,std_msgs/msg/Int32,41678
1774014755.7893293,/metrics/pcl/fused/processing_ms,std_msgs/msg/Float32,133.2328338623047
1774014756.5293744,/metrics/pcl/fused/detections_count,std_msgs/msg/Int32,68
1774014756.529518,/metrics/pcl/fused/points_in,std_msgs/msg/Int32,41742
1774014756.5296223,/metrics/pcl/fused/processing_ms,std_msgs/msg/Float32,131.90423583984375
1774014757.7629037,/metrics/pcl/fused/detections_count,std_msgs/msg/Int32,66
1774014757.7630267,/metrics/pcl/fused/points_in,std_msgs/msg/Int32,42060
1774014757.7630994,/metrics/pcl/fused/processing_ms,std_msgs/msg/Float32,132.86338806152344
1774014758.50875,/metrics/pcl/fused/detections_count,std_msgs/msg/Int32,67
1774014758.5088623,/metrics/pcl/fused/points_in,std_msgs/msg/Int32,41982
1774014758.508943,/metrics/pcl/fused/processing_ms,std_msgs/msg/Float32,134.57241821289062
1774014759.009688,/metrics/pcl/fused/detections_count,std_msgs/msg/Int32,71
1774014759.009796,/metrics/pcl/fused/points_in,std_msgs/msg/Int32,41967
1774014759.0098586,/metrics/pcl/fused/processing_ms,std_msgs/msg/Float32,135.80203247070312
1774014759.258788,/metrics/pcl/fused/detections_count,std_msgs/msg/Int32,76
1774014759.2589002,/metrics/pcl/fused/points_in,std_msgs/msg/Int32,41999
1774014759.2589593,/metrics/pcl/fused/processing_ms,std_msgs/msg/Float32,133.392822265625
1774014759.7607985,/metrics/pcl/fused/detections_count,std_msgs/msg/Int32,68
1774014759.7609227,/metrics/pcl/fused/points_in,std_msgs/msg/Int32,41985
1774014759.76099,/metrics/pcl/fused/processing_ms,std_msgs/msg/Float32,135.71839904785156
1774014760.005455,/metrics/pcl/fused/detections_count,std_msgs/msg/Int32,66
1774014760.0055568,/metrics/pcl/fused/points_in,std_msgs/msg/Int32,41909
1774014760.0056098,/metrics/pcl/fused/processing_ms,std_msgs/msg/Float32,130.72874450683594
1774014760.5096507,/metrics/pcl/fused/detections_count,std_msgs/msg/Int32,72
1774014760.5097616,/metrics/pcl/fused/points_in,std_msgs/msg/Int32,41966
1774014760.509825,/metrics/pcl/fused/processing_ms,std_msgs/msg/Float32,133.8511505126953
1774014760.762301,/metrics/pcl/fused/detections_count,std_msgs/msg/Int32,76
1774014760.7624028,/metrics/pcl/fused/points_in,std_msgs/msg/Int32,41886
1774014760.7624552,/metrics/pcl/fused/processing_ms,std_msgs/msg/Float32,134.36734008789062
1774014761.0121083,/metrics/pcl/fused/detections_count,std_msgs/msg/Int32,72
1774014761.0122166,/metrics/pcl/fused/points_in,std_msgs/msg/Int32,42066
1774014761.0122788,/metrics/pcl/fused/processing_ms,std_msgs/msg/Float32,135.0244903564453
1774014761.5129237,/metrics/pcl/fused/detections_count,std_msgs/msg/Int32,69
1774014761.5130394,/metrics/pcl/fused/points_in,std_msgs/msg/Int32,41998
1774014761.5131075,/metrics/pcl/fused/processing_ms,std_msgs/msg/Float32,136.43487548828125
1774014761.7635174,/metrics/pcl/fused/detections_count,std_msgs/msg/Int32,68
1774014761.7636316,/metrics/pcl/fused/points_in,std_msgs/msg/Int32,42023
1774014761.7636945,/metrics/pcl/fused/processing_ms,std_msgs/msg/Float32,134.17767333984375
1774014762.2719123,/metrics/pcl/fused/detections_count,std_msgs/msg/Int32,79
1774014762.272026,/metrics/pcl/fused/points_in,std_msgs/msg/Int32,42057
1774014762.2720902,/metrics/pcl/fused/processing_ms,std_msgs/msg/Float32,134.81069946289062
1774014762.771722,/metrics/pcl/fused/detections_count,std_msgs/msg/Int32,75
1774014762.7718203,/metrics/pcl/fused/points_in,std_msgs/msg/Int32,42044
1774014762.771883,/metrics/pcl/fused/processing_ms,std_msgs/msg/Float32,135.1142578125
1774014763.272819,/metrics/pcl/fused/detections_count,std_msgs/msg/Int32,78
1774014763.2730129,/metrics/pcl/fused/points_in,std_msgs/msg/Int32,42265
1774014763.273074,/metrics/pcl/fused/processing_ms,std_msgs/msg/Float32,135.56517028808594
1774014764.0074801,/metrics/pcl/fused/detections_count,std_msgs/msg/Int32,72
1774014764.0076342,/metrics/pcl/fused/points_in,std_msgs/msg/Int32,42119
1774014764.0077298,/metrics/pcl/fused/processing_ms,std_msgs/msg/Float32,134.3709716796875
1774014764.4671319,/metrics/pcl/fused/detections_count,std_msgs/msg/Int32,70
1774014764.4672825,/metrics/pcl/fused/points_in,std_msgs/msg/Int32,42025
1774014764.4673824,/metrics/pcl/fused/processing_ms,std_msgs/msg/Float32,133.2078857421875
1774014765.1492805,/metrics/pcl/fused/detections_count,std_msgs/msg/Int32,66
1774014765.149413,/metrics/pcl/fused/points_in,std_msgs/msg/Int32,42114
1774014765.149497,/metrics/pcl/fused/processing_ms,std_msgs/msg/Float32,133.7808380126953
1774014765.613226,/metrics/pcl/fused/detections_count,std_msgs/msg/Int32,78
1774014765.6133578,/metrics/pcl/fused/points_in,std_msgs/msg/Int32,42116
1774014765.6134472,/metrics/pcl/fused/processing_ms,std_msgs/msg/Float32,136.64414978027344
1774014766.2990513,/metrics/pcl/fused/detections_count,std_msgs/msg/Int32,74
1774014766.2991755,/metrics/pcl/fused/points_in,std_msgs/msg/Int32,41964
1774014766.2992609,/metrics/pcl/fused/processing_ms,std_msgs/msg/Float32,133.54051208496094
1774014767.2223165,/metrics/pcl/fused/detections_count,std_msgs/msg/Int32,70
1774014767.2224693,/metrics/pcl/fused/points_in,std_msgs/msg/Int32,42126
1774014767.222694,/metrics/pcl/fused/processing_ms,std_msgs/msg/Float32,136.19371032714844
1774014767.4569433,/metrics/pcl/fused/detections_count,std_msgs/msg/Int32,79
1774014767.457079,/metrics/pcl/fused/points_in,std_msgs/msg/Int32,42088
1774014767.4571753,/metrics/pcl/fused/processing_ms,std_msgs/msg/Float32,134.59532165527344
1774014767.9188025,/metrics/pcl/fused/detections_count,std_msgs/msg/Int32,78
1774014767.9189851,/metrics/pcl/fused/points_in,std_msgs/msg/Int32,41938
1774014767.9191432,/metrics/pcl/fused/processing_ms,std_msgs/msg/Float32,132.8541259765625
1774014768.3852468,/metrics/pcl/fused/detections_count,std_msgs/msg/Int32,72
1774014768.3854027,/metrics/pcl/fused/points_in,std_msgs/msg/Int32,42078
1774014768.385483,/metrics/pcl/fused/processing_ms,std_msgs/msg/Float32,134.50343322753906
1774014768.857024,/metrics/pcl/fused/detections_count,std_msgs/msg/Int32,71
1774014768.8571584,/metrics/pcl/fused/points_in,std_msgs/msg/Int32,41998
1774014768.8572476,/metrics/pcl/fused/processing_ms,std_msgs/msg/Float32,135.57534790039062
1774014769.3263738,/metrics/pcl/fused/detections_count,std_msgs/msg/Int32,68
1774014769.3265474,/metrics/pcl/fused/points_in,std_msgs/msg/Int32,42051
1774014769.3266504,/metrics/pcl/fused/processing_ms,std_msgs/msg/Float32,137.31468200683594
1774014769.562575,/metrics/pcl/fused/detections_count,std_msgs/msg/Int32,76
1774014769.5626905,/metrics/pcl/fused/points_in,std_msgs/msg/Int32,42098
1774014769.5627997,/metrics/pcl/fused/processing_ms,std_msgs/msg/Float32,135.4216766357422
1774014770.0379133,/metrics/pcl/fused/detections_count,std_msgs/msg/Int32,67
1774014770.0380354,/metrics/pcl/fused/points_in,std_msgs/msg/Int32,42089
1774014770.0381074,/metrics/pcl/fused/processing_ms,std_msgs/msg/Float32,135.40162658691406
1774014770.276173,/metrics/pcl/fused/detections_count,std_msgs/msg/Int32,67
1774014770.2763054,/metrics/pcl/fused/points_in,std_msgs/msg/Int32,42052
1774014770.2763898,/metrics/pcl/fused/processing_ms,std_msgs/msg/Float32,134.93141174316406
1774014770.7527647,/metrics/pcl/fused/detections_count,std_msgs/msg/Int32,73
1774014770.7529378,/metrics/pcl/fused/points_in,std_msgs/msg/Int32,41965
1774014770.75305,/metrics/pcl/fused/processing_ms,std_msgs/msg/Float32,135.0092315673828
1774014770.9898083,/metrics/pcl/fused/detections_count,std_msgs/msg/Int32,70
1774014770.9899888,/metrics/pcl/fused/points_in,std_msgs/msg/Int32,41816
1774014770.9900787,/metrics/pcl/fused/processing_ms,std_msgs/msg/Float32,131.91375732421875
1774014771.2289147,/metrics/pcl/fused/detections_count,std_msgs/msg/Int32,74
1774014771.2290325,/metrics/pcl/fused/points_in,std_msgs/msg/Int32,41755
1774014771.229101,/metrics/pcl/fused/processing_ms,std_msgs/msg/Float32,131.6772003173828
1774014771.7107446,/metrics/pcl/fused/detections_count,std_msgs/msg/Int32,75
1774014771.7108958,/metrics/pcl/fused/points_in,std_msgs/msg/Int32,41804
1774014771.7109873,/metrics/pcl/fused/processing_ms,std_msgs/msg/Float32,133.30142211914062
1774014771.9517238,/metrics/pcl/fused/detections_count,std_msgs/msg/Int32,69
1774014771.9518845,/metrics/pcl/fused/points_in,std_msgs/msg/Int32,41800
1774014771.9519787,/metrics/pcl/fused/processing_ms,std_msgs/msg/Float32,133.02455139160156
1774014772.4316278,/metrics/pcl/fused/detections_count,std_msgs/msg/Int32,71
1774014772.4317558,/metrics/pcl/fused/points_in,std_msgs/msg/Int32,41905
1774014772.4318416,/metrics/pcl/fused/processing_ms,std_msgs/msg/Float32,132.61944580078125
1774014772.6744645,/metrics/pcl/fused/detections_count,std_msgs/msg/Int32,77
1774014772.6745987,/metrics/pcl/fused/points_in,std_msgs/msg/Int32,42036
1774014772.674687,/metrics/pcl/fused/processing_ms,std_msgs/msg/Float32,134.18423461914062
1774014772.9161577,/metrics/pcl/fused/detections_count,std_msgs/msg/Int32,70
1774014772.9163096,/metrics/pcl/fused/points_in,std_msgs/msg/Int32,42001
1774014772.9163842,/metrics/pcl/fused/processing_ms,std_msgs/msg/Float32,133.15716552734375
1774014774.1216302,/metrics/pcl/fused/detections_count,std_msgs/msg/Int32,76
1774014774.1218147,/metrics/pcl/fused/points_in,std_msgs/msg/Int32,41899
1774014774.1219954,/metrics/pcl/fused/processing_ms,std_msgs/msg/Float32,134.5762176513672
1774014774.6110919,/metrics/pcl/fused/detections_count,std_msgs/msg/Int32,74
1774014774.6111999,/metrics/pcl/fused/points_in,std_msgs/msg/Int32,42032
1774014774.611264,/metrics/pcl/fused/processing_ms,std_msgs/msg/Float32,133.04832458496094
1774014775.598806,/metrics/pcl/fused/detections_count,std_msgs/msg/Int32,72
1774014775.598965,/metrics/pcl/fused/points_in,std_msgs/msg/Int32,41907
1774014775.5990515,/metrics/pcl/fused/processing_ms,std_msgs/msg/Float32,137.70697021484375
1774014777.0659122,/metrics/pcl/fused/detections_count,std_msgs/msg/Int32,68
1774014777.066039,/metrics/pcl/fused/points_in,std_msgs/msg/Int32,41805
1774014777.0661125,/metrics/pcl/fused/processing_ms,std_msgs/msg/Float32,132.49295043945312
1774014777.3129113,/metrics/pcl/fused/detections_count,std_msgs/msg/Int32,76
1774014777.313025,/metrics/pcl/fused/points_in,std_msgs/msg/Int32,41891
1774014777.3130887,/metrics/pcl/fused/processing_ms,std_msgs/msg/Float32,131.69281005859375
1774014777.8073635,/metrics/pcl/fused/detections_count,std_msgs/msg/Int32,74
1774014777.8074763,/metrics/pcl/fused/points_in,std_msgs/msg/Int32,41876
1774014777.8075383,/metrics/pcl/fused/processing_ms,std_msgs/msg/Float32,134.01608276367188
1774014778.0524073,/metrics/pcl/fused/detections_count,std_msgs/msg/Int32,73
1774014778.052534,/metrics/pcl/fused/points_in,std_msgs/msg/Int32,41899
1774014778.052601,/metrics/pcl/fused/processing_ms,std_msgs/msg/Float32,133.48019409179688
1774014778.5497437,/metrics/pcl/fused/detections_count,std_msgs/msg/Int32,67
1774014778.5498557,/metrics/pcl/fused/points_in,std_msgs/msg/Int32,41983
1774014778.550032,/metrics/pcl/fused/processing_ms,std_msgs/msg/Float32,132.86166381835938
1774014778.7982292,/metrics/pcl/fused/detections_count,std_msgs/msg/Int32,73
1774014778.7983406,/metrics/pcl/fused/points_in,std_msgs/msg/Int32,41928
1774014778.7984035,/metrics/pcl/fused/processing_ms,std_msgs/msg/Float32,134.87576293945312
1774014779.7916672,/metrics/pcl/fused/detections_count,std_msgs/msg/Int32,65
1774014779.7917988,/metrics/pcl/fused/points_in,std_msgs/msg/Int32,41916
1774014779.7919154,/metrics/pcl/fused/processing_ms,std_msgs/msg/Float32,132.98870849609375
1774014780.5414526,/metrics/pcl/fused/detections_count,std_msgs/msg/Int32,71
1774014780.5415654,/metrics/pcl/fused/points_in,std_msgs/msg/Int32,41752
1774014780.5416505,/metrics/pcl/fused/processing_ms,std_msgs/msg/Float32,133.39593505859375
1774014781.037672,/metrics/pcl/fused/detections_count,std_msgs/msg/Int32,73
1774014781.0377762,/metrics/pcl/fused/points_in,std_msgs/msg/Int32,41914
1774014781.0378284,/metrics/pcl/fused/processing_ms,std_msgs/msg/Float32,133.7404022216797
1774014781.5358932,/metrics/pcl/fused/detections_count,std_msgs/msg/Int32,72
1774014781.5360386,/metrics/pcl/fused/points_in,std_msgs/msg/Int32,41754
1774014781.536104,/metrics/pcl/fused/processing_ms,std_msgs/msg/Float32,132.3009796142578
1774014782.0317903,/metrics/pcl/fused/detections_count,std_msgs/msg/Int32,81
1774014782.031953,/metrics/pcl/fused/points_in,std_msgs/msg/Int32,41524
1774014782.0320673,/metrics/pcl/fused/processing_ms,std_msgs/msg/Float32,132.96542358398438
1774014783.028341,/metrics/pcl/fused/detections_count,std_msgs/msg/Int32,73
1774014783.028477,/metrics/pcl/fused/points_in,std_msgs/msg/Int32,41836
1774014783.0285437,/metrics/pcl/fused/processing_ms,std_msgs/msg/Float32,137.23313903808594
1774014784.0145798,/metrics/pcl/fused/detections_count,std_msgs/msg/Int32,73
1774014784.0147135,/metrics/pcl/fused/points_in,std_msgs/msg/Int32,41912
1774014784.0147884,/metrics/pcl/fused/processing_ms,std_msgs/msg/Float32,135.36270141601562
1774014784.24651,/metrics/pcl/fused/detections_count,std_msgs/msg/Int32,70
1774014784.2466252,/metrics/pcl/fused/points_in,std_msgs/msg/Int32,41801
1774014784.2466884,/metrics/pcl/fused/processing_ms,std_msgs/msg/Float32,136.0493927001953
1774014784.4745,/metrics/pcl/fused/detections_count,std_msgs/msg/Int32,75
1774014784.4746108,/metrics/pcl/fused/points_in,std_msgs/msg/Int32,41843
1774014784.4746733,/metrics/pcl/fused/processing_ms,std_msgs/msg/Float32,133.16644287109375
1774014784.7019615,/metrics/pcl/fused/detections_count,std_msgs/msg/Int32,80
1774014784.7020905,/metrics/pcl/fused/points_in,std_msgs/msg/Int32,41796
1774014784.7021558,/metrics/pcl/fused/processing_ms,std_msgs/msg/Float32,133.44505310058594
1774014784.9284763,/metrics/pcl/fused/detections_count,std_msgs/msg/Int32,74
1774014784.9285715,/metrics/pcl/fused/points_in,std_msgs/msg/Int32,41742
1774014784.9286244,/metrics/pcl/fused/processing_ms,std_msgs/msg/Float32,131.7777862548828
1774014785.1599524,/metrics/pcl/fused/detections_count,std_msgs/msg/Int32,72
1774014785.1600747,/metrics/pcl/fused/points_in,std_msgs/msg/Int32,41684
1774014785.1601405,/metrics/pcl/fused/processing_ms,std_msgs/msg/Float32,134.30288696289062
1774014785.617584,/metrics/pcl/fused/detections_count,std_msgs/msg/Int32,77
1774014785.6176815,/metrics/pcl/fused/points_in,std_msgs/msg/Int32,41610
1774014785.6177576,/metrics/pcl/fused/processing_ms,std_msgs/msg/Float32,130.49844360351562
1774014785.8479023,/metrics/pcl/fused/detections_count,std_msgs/msg/Int32,77
1774014785.8480165,/metrics/pcl/fused/points_in,std_msgs/msg/Int32,41545
1774014785.8480802,/metrics/pcl/fused/processing_ms,std_msgs/msg/Float32,129.95077514648438
1774014786.0766006,/metrics/pcl/fused/detections_count,std_msgs/msg/Int32,69
1774014786.0767121,/metrics/pcl/fused/points_in,std_msgs/msg/Int32,41579
1774014786.0767753,/metrics/pcl/fused/processing_ms,std_msgs/msg/Float32,127.21781921386719
1774014786.316496,/metrics/pcl/fused/detections_count,std_msgs/msg/Int32,73
1774014786.31667,/metrics/pcl/fused/points_in,std_msgs/msg/Int32,41645
1774014786.316756,/metrics/pcl/fused/processing_ms,std_msgs/msg/Float32,131.19947814941406
1774014786.7804358,/metrics/pcl/fused/detections_count,std_msgs/msg/Int32,75
1774014786.7805462,/metrics/pcl/fused/points_in,std_msgs/msg/Int32,41546
1774014786.7806091,/metrics/pcl/fused/processing_ms,std_msgs/msg/Float32,132.3402557373047
1774014787.0126488,/metrics/pcl/fused/detections_count,std_msgs/msg/Int32,77
1774014787.012761,/metrics/pcl/fused/points_in,std_msgs/msg/Int32,41629
1774014787.0128233,/metrics/pcl/fused/processing_ms,std_msgs/msg/Float32,133.2542724609375
1774014787.4797027,/metrics/pcl/fused/detections_count,std_msgs/msg/Int32,78
1774014787.4798148,/metrics/pcl/fused/points_in,std_msgs/msg/Int32,41407
1774014787.4799259,/metrics/pcl/fused/processing_ms,std_msgs/msg/Float32,133.69744873046875
1774014788.1725986,/metrics/pcl/fused/detections_count,std_msgs/msg/Int32,72
1774014788.172696,/metrics/pcl/fused/points_in,std_msgs/msg/Int32,41500
1774014788.1727479,/metrics/pcl/fused/processing_ms,std_msgs/msg/Float32,129.84083557128906
1774014788.40543,/metrics/pcl/fused/detections_count,std_msgs/msg/Int32,76
1774014788.405568,/metrics/pcl/fused/points_in,std_msgs/msg/Int32,41460
1774014788.4056706,/metrics/pcl/fused/processing_ms,std_msgs/msg/Float32,129.3506622314453
1774014788.877201,/metrics/pcl/fused/detections_count,std_msgs/msg/Int32,70
1774014788.8773117,/metrics/pcl/fused/points_in,std_msgs/msg/Int32,41666
1774014788.8773756,/metrics/pcl/fused/processing_ms,std_msgs/msg/Float32,132.0931396484375
1774014789.112857,/metrics/pcl/fused/detections_count,std_msgs/msg/Int32,70
1774014789.1129816,/metrics/pcl/fused/points_in,std_msgs/msg/Int32,41465
1774014789.1130466,/metrics/pcl/fused/processing_ms,std_msgs/msg/Float32,131.22691345214844
1774014789.5829372,/metrics/pcl/fused/detections_count,std_msgs/msg/Int32,73
1774014789.583038,/metrics/pcl/fused/points_in,std_msgs/msg/Int32,41408
1774014789.5830905,/metrics/pcl/fused/processing_ms,std_msgs/msg/Float32,130.9037322998047
1774014789.8200593,/metrics/pcl/fused/detections_count,std_msgs/msg/Int32,70
1774014789.8201683,/metrics/pcl/fused/points_in,std_msgs/msg/Int32,41307
1774014789.8202424,/metrics/pcl/fused/processing_ms,std_msgs/msg/Float32,129.7751922607422
1774014790.0577538,/metrics/pcl/fused/detections_count,std_msgs/msg/Int32,79
1774014790.0578604,/metrics/pcl/fused/points_in,std_msgs/msg/Int32,41450
1774014790.0618565,/metrics/pcl/fused/processing_ms,std_msgs/msg/Float32,129.151123046875
1774014790.2994015,/metrics/pcl/fused/detections_count,std_msgs/msg/Int32,72
1774014790.2995107,/metrics/pcl/fused/points_in,std_msgs/msg/Int32,41416
1774014790.2995725,/metrics/pcl/fused/processing_ms,std_msgs/msg/Float32,130.9695587158203
1774014790.5363467,/metrics/pcl/fused/detections_count,std_msgs/msg/Int32,75
1774014790.5365453,/metrics/pcl/fused/points_in,std_msgs/msg/Int32,41409
1774014790.536624,/metrics/pcl/fused/processing_ms,std_msgs/msg/Float32,128.7647705078125
1774014790.7766578,/metrics/pcl/fused/detections_count,std_msgs/msg/Int32,70
1774014790.7767699,/metrics/pcl/fused/points_in,std_msgs/msg/Int32,41399
1774014790.7768316,/metrics/pcl/fused/processing_ms,std_msgs/msg/Float32,130.0326385498047
1774014791.2576427,/metrics/pcl/fused/detections_count,std_msgs/msg/Int32,74
1774014791.2577522,/metrics/pcl/fused/points_in,std_msgs/msg/Int32,41775
1774014791.2578158,/metrics/pcl/fused/processing_ms,std_msgs/msg/Float32,133.1900634765625
1774014792.2142236,/metrics/pcl/fused/detections_count,std_msgs/msg/Int32,70
1774014792.2143338,/metrics/pcl/fused/points_in,std_msgs/msg/Int32,41883
1774014792.214397,/metrics/pcl/fused/processing_ms,std_msgs/msg/Float32,132.71530151367188
1774014793.4245265,/metrics/pcl/fused/detections_count,std_msgs/msg/Int32,78
1774014793.4246788,/metrics/pcl/fused/points_in,std_msgs/msg/Int32,41855
1774014793.4247794,/metrics/pcl/fused/processing_ms,std_msgs/msg/Float32,135.24461364746094
1774014793.6707134,/metrics/pcl/fused/detections_count,std_msgs/msg/Int32,73
1774014793.670863,/metrics/pcl/fused/points_in,std_msgs/msg/Int32,41844
1774014793.6709569,/metrics/pcl/fused/processing_ms,std_msgs/msg/Float32,137.18252563476562
1774014793.915034,/metrics/pcl/fused/detections_count,std_msgs/msg/Int32,68
1774014793.9151473,/metrics/pcl/fused/points_in,std_msgs/msg/Int32,41782
1774014793.9152095,/metrics/pcl/fused/processing_ms,std_msgs/msg/Float32,134.8954315185547
1774014794.1585855,/metrics/pcl/fused/detections_count,std_msgs/msg/Int32,75
1774014794.1586995,/metrics/pcl/fused/points_in,std_msgs/msg/Int32,41943
1774014794.1587625,/metrics/pcl/fused/processing_ms,std_msgs/msg/Float32,135.91058349609375
1774014794.4000444,/metrics/pcl/fused/detections_count,std_msgs/msg/Int32,65
1774014794.4001672,/metrics/pcl/fused/points_in,std_msgs/msg/Int32,41877
1774014794.4002318,/metrics/pcl/fused/processing_ms,std_msgs/msg/Float32,133.1997528076172
1774014794.6545486,/metrics/pcl/fused/detections_count,std_msgs/msg/Int32,74
1774014794.654679,/metrics/pcl/fused/points_in,std_msgs/msg/Int32,41961
1774014794.6547444,/metrics/pcl/fused/processing_ms,std_msgs/msg/Float32,141.646240234375
1774014795.1508224,/metrics/pcl/fused/detections_count,std_msgs/msg/Int32,73
1774014795.150943,/metrics/pcl/fused/points_in,std_msgs/msg/Int32,41829
1774014795.1510103,/metrics/pcl/fused/processing_ms,std_msgs/msg/Float32,136.8455810546875
1774014796.1397214,/metrics/pcl/fused/detections_count,std_msgs/msg/Int32,71
1774014796.1398213,/metrics/pcl/fused/points_in,std_msgs/msg/Int32,41817
1774014796.1398969,/metrics/pcl/fused/processing_ms,std_msgs/msg/Float32,140.1155548095703
1774014796.3876045,/metrics/pcl/fused/detections_count,std_msgs/msg/Int32,72
1774014796.3877494,/metrics/pcl/fused/points_in,std_msgs/msg/Int32,41806
1774014796.3878152,/metrics/pcl/fused/processing_ms,std_msgs/msg/Float32,137.1559295654297
1774014796.6339893,/metrics/pcl/fused/detections_count,std_msgs/msg/Int32,73
1774014796.6341043,/metrics/pcl/fused/points_in,std_msgs/msg/Int32,41786
1774014796.634168,/metrics/pcl/fused/processing_ms,std_msgs/msg/Float32,133.42276000976562
1774014796.8792665,/metrics/pcl/fused/detections_count,std_msgs/msg/Int32,76
1774014796.8793986,/metrics/pcl/fused/points_in,std_msgs/msg/Int32,41813
1774014796.8794627,/metrics/pcl/fused/processing_ms,std_msgs/msg/Float32,133.31198120117188
1774014797.1258204,/metrics/pcl/fused/detections_count,std_msgs/msg/Int32,71
1774014797.1259985,/metrics/pcl/fused/points_in,std_msgs/msg/Int32,41989
1774014797.1260898,/metrics/pcl/fused/processing_ms,std_msgs/msg/Float32,133.58651733398438
1774014797.3773968,/metrics/pcl/fused/detections_count,std_msgs/msg/Int32,75
1774014797.3775115,/metrics/pcl/fused/points_in,std_msgs/msg/Int32,42093
1774014797.3775742,/metrics/pcl/fused/processing_ms,std_msgs/msg/Float32,136.21823120117188
1774014798.1221273,/metrics/pcl/fused/detections_count,std_msgs/msg/Int32,69
1774014798.1222482,/metrics/pcl/fused/points_in,std_msgs/msg/Int32,42045
1774014798.1223288,/metrics/pcl/fused/processing_ms,std_msgs/msg/Float32,136.39833068847656
1774014798.6228483,/metrics/pcl/fused/detections_count,std_msgs/msg/Int32,72
1774014798.6230116,/metrics/pcl/fused/points_in,std_msgs/msg/Int32,42010
1774014798.6231039,/metrics/pcl/fused/processing_ms,std_msgs/msg/Float32,136.12173461914062
1774014799.1161401,/metrics/pcl/fused/detections_count,std_msgs/msg/Int32,69
1774014799.1162634,/metrics/pcl/fused/points_in,std_msgs/msg/Int32,42182
1774014799.1163263,/metrics/pcl/fused/processing_ms,std_msgs/msg/Float32,136.13490295410156
1774014800.3561583,/metrics/pcl/fused/detections_count,std_msgs/msg/Int32,72
1774014800.3562741,/metrics/pcl/fused/points_in,std_msgs/msg/Int32,42144
1774014800.3563366,/metrics/pcl/fused/processing_ms,std_msgs/msg/Float32,135.80555725097656
1774014800.857134,/metrics/pcl/fused/detections_count,std_msgs/msg/Int32,74
1774014800.857256,/metrics/pcl/fused/points_in,std_msgs/msg/Int32,42111
1774014800.8573327,/metrics/pcl/fused/processing_ms,std_msgs/msg/Float32,134.20225524902344
1774014801.1077545,/metrics/pcl/fused/detections_count,std_msgs/msg/Int32,74
1774014801.107865,/metrics/pcl/fused/points_in,std_msgs/msg/Int32,41989
1774014801.1079443,/metrics/pcl/fused/processing_ms,std_msgs/msg/Float32,134.4670867919922
1774014802.1120472,/metrics/pcl/fused/detections_count,std_msgs/msg/Int32,70
1774014802.1121984,/metrics/pcl/fused/points_in,std_msgs/msg/Int32,42194
1774014802.1161077,/metrics/pcl/fused/processing_ms,std_msgs/msg/Float32,136.04225158691406
1774014802.3612123,/metrics/pcl/fused/detections_count,std_msgs/msg/Int32,73
1774014802.3613257,/metrics/pcl/fused/points_in,std_msgs/msg/Int32,42164
1774014802.36139,/metrics/pcl/fused/processing_ms,std_msgs/msg/Float32,135.11480712890625
1774014802.6106024,/metrics/pcl/fused/detections_count,std_msgs/msg/Int32,68
1774014802.6107144,/metrics/pcl/fused/points_in,std_msgs/msg/Int32,42151
1774014802.6107774,/metrics/pcl/fused/processing_ms,std_msgs/msg/Float32,134.63710021972656
1774014802.8638594,/metrics/pcl/fused/detections_count,std_msgs/msg/Int32,75
1774014802.864027,/metrics/pcl/fused/points_in,std_msgs/msg/Int32,41944
1774014802.8641145,/metrics/pcl/fused/processing_ms,std_msgs/msg/Float32,133.4822998046875
1774014803.1137047,/metrics/pcl/fused/detections_count,std_msgs/msg/Int32,74
1774014803.1138186,/metrics/pcl/fused/points_in,std_msgs/msg/Int32,42001
1774014803.1138985,/metrics/pcl/fused/processing_ms,std_msgs/msg/Float32,133.94810485839844
1774014804.333219,/metrics/pcl/fused/detections_count,std_msgs/msg/Int32,77
1774014804.3333282,/metrics/pcl/fused/points_in,std_msgs/msg/Int32,41699
1774014804.3333898,/metrics/pcl/fused/processing_ms,std_msgs/msg/Float32,136.84405517578125
1774014805.0185,/metrics/pcl/fused/detections_count,std_msgs/msg/Int32,70
1774014805.0186758,/metrics/pcl/fused/points_in,std_msgs/msg/Int32,41732
1774014805.018756,/metrics/pcl/fused/processing_ms,std_msgs/msg/Float32,138.38055419921875
1774014805.7045052,/metrics/pcl/fused/detections_count,std_msgs/msg/Int32,73
1774014805.7046843,/metrics/pcl/fused/points_in,std_msgs/msg/Int32,41812
1774014805.704802,/metrics/pcl/fused/processing_ms,std_msgs/msg/Float32,134.9105682373047
1774014805.9387162,/metrics/pcl/fused/detections_count,std_msgs/msg/Int32,68
1774014805.938821,/metrics/pcl/fused/points_in,std_msgs/msg/Int32,41981
1774014805.9388885,/metrics/pcl/fused/processing_ms,std_msgs/msg/Float32,134.75196838378906
1774014806.1651542,/metrics/pcl/fused/detections_count,std_msgs/msg/Int32,66
1774014806.1652567,/metrics/pcl/fused/points_in,std_msgs/msg/Int32,41763
1774014806.1653101,/metrics/pcl/fused/processing_ms,std_msgs/msg/Float32,131.1041717529297
1774014806.4001138,/metrics/pcl/fused/detections_count,std_msgs/msg/Int32,66
1774014806.400227,/metrics/pcl/fused/points_in,std_msgs/msg/Int32,41797
1774014806.4002907,/metrics/pcl/fused/processing_ms,std_msgs/msg/Float32,134.19766235351562
1774014806.8624287,/metrics/pcl/fused/detections_count,std_msgs/msg/Int32,76
1774014806.862554,/metrics/pcl/fused/points_in,std_msgs/msg/Int32,41767
1774014806.8626184,/metrics/pcl/fused/processing_ms,std_msgs/msg/Float32,132.00210571289062
1774014808.9515488,/metrics/pcl/fused/detections_count,std_msgs/msg/Int32,66
1774014808.951687,/metrics/pcl/fused/points_in,std_msgs/msg/Int32,41741
1774014808.9517531,/metrics/pcl/fused/processing_ms,std_msgs/msg/Float32,133.67941284179688
1774014809.1872995,/metrics/pcl/fused/detections_count,std_msgs/msg/Int32,72
1774014809.1874366,/metrics/pcl/fused/points_in,std_msgs/msg/Int32,41864
1774014809.187522,/metrics/pcl/fused/processing_ms,std_msgs/msg/Float32,132.41702270507812
1774014809.661219,/metrics/pcl/fused/detections_count,std_msgs/msg/Int32,74
1774014809.661346,/metrics/pcl/fused/points_in,std_msgs/msg/Int32,41789
1774014809.6614103,/metrics/pcl/fused/processing_ms,std_msgs/msg/Float32,132.79653930664062
1774014809.9009001,/metrics/pcl/fused/detections_count,std_msgs/msg/Int32,78
1774014809.9010108,/metrics/pcl/fused/points_in,std_msgs/msg/Int32,41736
1774014809.901073,/metrics/pcl/fused/processing_ms,std_msgs/msg/Float32,134.7855224609375
1774014810.1395092,/metrics/pcl/fused/detections_count,std_msgs/msg/Int32,72
1774014810.1396494,/metrics/pcl/fused/points_in,std_msgs/msg/Int32,41806
1774014810.1397228,/metrics/pcl/fused/processing_ms,std_msgs/msg/Float32,134.0982208251953
1774014811.3253534,/metrics/pcl/fused/detections_count,std_msgs/msg/Int32,74
1774014811.325473,/metrics/pcl/fused/points_in,std_msgs/msg/Int32,41811
1774014811.3255408,/metrics/pcl/fused/processing_ms,std_msgs/msg/Float32,132.22955322265625
1774014812.0434966,/metrics/pcl/fused/detections_count,std_msgs/msg/Int32,74
1774014812.0436106,/metrics/pcl/fused/points_in,std_msgs/msg/Int32,41778
1774014812.0436773,/metrics/pcl/fused/processing_ms,std_msgs/msg/Float32,131.3115234375
1774014812.5275455,/metrics/pcl/fused/detections_count,std_msgs/msg/Int32,72
1774014812.5276518,/metrics/pcl/fused/points_in,std_msgs/msg/Int32,41891
1774014812.527721,/metrics/pcl/fused/processing_ms,std_msgs/msg/Float32,133.89932250976562
1774014812.769033,/metrics/pcl/fused/detections_count,std_msgs/msg/Int32,82
1774014812.769192,/metrics/pcl/fused/points_in,std_msgs/msg/Int32,41765
1774014812.769262,/metrics/pcl/fused/processing_ms,std_msgs/msg/Float32,132.23951721191406
1774014813.740543,/metrics/pcl/fused/detections_count,std_msgs/msg/Int32,69
1774014813.7406764,/metrics/pcl/fused/points_in,std_msgs/msg/Int32,41855
1774014813.7407568,/metrics/pcl/fused/processing_ms,std_msgs/msg/Float32,133.7339324951172
1774014814.7147892,/metrics/pcl/fused/detections_count,std_msgs/msg/Int32,67
1774014814.7149403,/metrics/pcl/fused/points_in,std_msgs/msg/Int32,41744
1774014814.7150145,/metrics/pcl/fused/processing_ms,std_msgs/msg/Float32,131.3813934326172
1774014814.962476,/metrics/pcl/fused/detections_count,std_msgs/msg/Int32,71
1774014814.962589,/metrics/pcl/fused/points_in,std_msgs/msg/Int32,41786
1774014814.9626513,/metrics/pcl/fused/processing_ms,std_msgs/msg/Float32,133.57516479492188
1774014815.7027996,/metrics/pcl/fused/detections_count,std_msgs/msg/Int32,75
1774014815.7029574,/metrics/pcl/fused/points_in,std_msgs/msg/Int32,41690
1774014815.7030308,/metrics/pcl/fused/processing_ms,std_msgs/msg/Float32,132.84210205078125
1774014815.9493392,/metrics/pcl/fused/detections_count,std_msgs/msg/Int32,67
1774014815.9494457,/metrics/pcl/fused/points_in,std_msgs/msg/Int32,41684
1774014815.9495213,/metrics/pcl/fused/processing_ms,std_msgs/msg/Float32,132.32131958007812
1774014816.4478154,/metrics/pcl/fused/detections_count,std_msgs/msg/Int32,77
1774014816.4479399,/metrics/pcl/fused/points_in,std_msgs/msg/Int32,41874
1774014816.4480088,/metrics/pcl/fused/processing_ms,std_msgs/msg/Float32,134.82130432128906
1774014816.9424355,/metrics/pcl/fused/detections_count,std_msgs/msg/Int32,74
1774014816.9425466,/metrics/pcl/fused/points_in,std_msgs/msg/Int32,41825
1774014816.9426103,/metrics/pcl/fused/processing_ms,std_msgs/msg/Float32,134.39590454101562
1774014817.687305,/metrics/pcl/fused/detections_count,std_msgs/msg/Int32,73
1774014817.6874433,/metrics/pcl/fused/points_in,std_msgs/msg/Int32,41812
1774014817.687526,/metrics/pcl/fused/processing_ms,std_msgs/msg/Float32,132.3896942138672
1774014817.9373515,/metrics/pcl/fused/detections_count,std_msgs/msg/Int32,75
1774014817.9375029,/metrics/pcl/fused/points_in,std_msgs/msg/Int32,41812
1774014817.9375734,/metrics/pcl/fused/processing_ms,std_msgs/msg/Float32,136.04310607910156
1774014818.1813812,/metrics/pcl/fused/detections_count,std_msgs/msg/Int32,69
1774014818.1815264,/metrics/pcl/fused/points_in,std_msgs/msg/Int32,41793
1774014818.1816165,/metrics/pcl/fused/processing_ms,std_msgs/msg/Float32,134.06956481933594
1774014818.4361486,/metrics/pcl/fused/detections_count,std_msgs/msg/Int32,77
1774014818.4362836,/metrics/pcl/fused/points_in,std_msgs/msg/Int32,41892
1774014818.4363544,/metrics/pcl/fused/processing_ms,std_msgs/msg/Float32,136.65670776367188
1774014818.6828437,/metrics/pcl/fused/detections_count,std_msgs/msg/Int32,73
1774014818.6829755,/metrics/pcl/fused/points_in,std_msgs/msg/Int32,41869
1774014818.6830575,/metrics/pcl/fused/processing_ms,std_msgs/msg/Float32,135.18360900878906
1774014818.9304655,/metrics/pcl/fused/detections_count,std_msgs/msg/Int32,75
1774014818.9305735,/metrics/pcl/fused/points_in,std_msgs/msg/Int32,41758
1774014818.9306307,/metrics/pcl/fused/processing_ms,std_msgs/msg/Float32,133.0063934326172
1774014819.184305,/metrics/pcl/fused/detections_count,std_msgs/msg/Int32,70
1774014819.1844206,/metrics/pcl/fused/points_in,std_msgs/msg/Int32,41826
1774014819.1845062,/metrics/pcl/fused/processing_ms,std_msgs/msg/Float32,134.9674835205078
1774014819.4368892,/metrics/pcl/fused/detections_count,std_msgs/msg/Int32,75
1774014819.4370322,/metrics/pcl/fused/points_in,std_msgs/msg/Int32,41948
1774014819.4371238,/metrics/pcl/fused/processing_ms,std_msgs/msg/Float32,133.59725952148438
1774014820.1940153,/metrics/pcl/fused/detections_count,std_msgs/msg/Int32,76
1774014820.1941428,/metrics/pcl/fused/points_in,std_msgs/msg/Int32,41762
1774014820.1941998,/metrics/pcl/fused/processing_ms,std_msgs/msg/Float32,135.13514709472656
1774014820.6910543,/metrics/pcl/fused/detections_count,std_msgs/msg/Int32,75
1774014820.6911685,/metrics/pcl/fused/points_in,std_msgs/msg/Int32,41989
1774014820.6912239,/metrics/pcl/fused/processing_ms,std_msgs/msg/Float32,133.90518188476562
1774014820.940686,/metrics/pcl/fused/detections_count,std_msgs/msg/Int32,66
1774014820.940799,/metrics/pcl/fused/points_in,std_msgs/msg/Int32,41898
1774014820.9408605,/metrics/pcl/fused/processing_ms,std_msgs/msg/Float32,133.68931579589844
1774014821.18701,/metrics/pcl/fused/detections_count,std_msgs/msg/Int32,67
1774014821.1871815,/metrics/pcl/fused/points_in,std_msgs/msg/Int32,41837
1774014821.1872656,/metrics/pcl/fused/processing_ms,std_msgs/msg/Float32,130.3431854248047
1774014821.444945,/metrics/pcl/fused/detections_count,std_msgs/msg/Int32,72
1774014821.445056,/metrics/pcl/fused/points_in,std_msgs/msg/Int32,41913
1774014821.445119,/metrics/pcl/fused/processing_ms,std_msgs/msg/Float32,133.78419494628906
1774014821.9476912,/metrics/pcl/fused/detections_count,std_msgs/msg/Int32,78
1774014821.9478028,/metrics/pcl/fused/points_in,std_msgs/msg/Int32,41797
1774014821.947866,/metrics/pcl/fused/processing_ms,std_msgs/msg/Float32,134.62632751464844
1774014822.1960766,/metrics/pcl/fused/detections_count,std_msgs/msg/Int32,72
1774014822.1961977,/metrics/pcl/fused/points_in,std_msgs/msg/Int32,41807
1774014822.196263,/metrics/pcl/fused/processing_ms,std_msgs/msg/Float32,133.369140625
1774014822.4485319,/metrics/pcl/fused/detections_count,std_msgs/msg/Int32,71
1774014822.44866,/metrics/pcl/fused/points_in,std_msgs/msg/Int32,41853
1774014822.448725,/metrics/pcl/fused/processing_ms,std_msgs/msg/Float32,135.82102966308594
1774014822.6973507,/metrics/pcl/fused/detections_count,std_msgs/msg/Int32,74
1774014822.6974616,/metrics/pcl/fused/points_in,std_msgs/msg/Int32,41779
1774014822.6975288,/metrics/pcl/fused/processing_ms,std_msgs/msg/Float32,133.92076110839844
1774014823.6932645,/metrics/pcl/fused/detections_count,std_msgs/msg/Int32,73
1774014823.693365,/metrics/pcl/fused/points_in,std_msgs/msg/Int32,41890
1774014823.6934254,/metrics/pcl/fused/processing_ms,std_msgs/msg/Float32,133.95361328125
1774014824.175849,/metrics/pcl/fused/detections_count,std_msgs/msg/Int32,73
1774014824.1759753,/metrics/pcl/fused/points_in,std_msgs/msg/Int32,41842
1774014824.1760373,/metrics/pcl/fused/processing_ms,std_msgs/msg/Float32,133.50381469726562
1774014824.6358664,/metrics/pcl/fused/detections_count,std_msgs/msg/Int32,71
1774014824.6360574,/metrics/pcl/fused/points_in,std_msgs/msg/Int32,41753
1774014824.6361327,/metrics/pcl/fused/processing_ms,std_msgs/msg/Float32,138.29254150390625
1774014824.8619738,/metrics/pcl/fused/detections_count,std_msgs/msg/Int32,74
1774014824.8620882,/metrics/pcl/fused/points_in,std_msgs/msg/Int32,41891
1774014824.8621514,/metrics/pcl/fused/processing_ms,std_msgs/msg/Float32,133.86709594726562
1774014826.4638946,/metrics/pcl/fused/detections_count,std_msgs/msg/Int32,72
1774014826.46401,/metrics/pcl/fused/points_in,std_msgs/msg/Int32,41922
1774014826.4641051,/metrics/pcl/fused/processing_ms,std_msgs/msg/Float32,132.5166015625
1774014826.9283817,/metrics/pcl/fused/detections_count,std_msgs/msg/Int32,69
1774014826.9285061,/metrics/pcl/fused/points_in,std_msgs/msg/Int32,42082
1774014826.9285738,/metrics/pcl/fused/processing_ms,std_msgs/msg/Float32,132.8041229248047
1774014827.6256568,/metrics/pcl/fused/detections_count,std_msgs/msg/Int32,75
1774014827.625775,/metrics/pcl/fused/points_in,std_msgs/msg/Int32,42193
1774014827.6258318,/metrics/pcl/fused/processing_ms,std_msgs/msg/Float32,138.5599365234375
1774014827.85692,/metrics/pcl/fused/detections_count,std_msgs/msg/Int32,73
1774014827.857085,/metrics/pcl/fused/points_in,std_msgs/msg/Int32,42129
1774014827.8571746,/metrics/pcl/fused/processing_ms,std_msgs/msg/Float32,133.8413543701172
1774014828.0939775,/metrics/pcl/fused/detections_count,std_msgs/msg/Int32,73
1774014828.0940764,/metrics/pcl/fused/points_in,std_msgs/msg/Int32,42147
1774014828.0941393,/metrics/pcl/fused/processing_ms,std_msgs/msg/Float32,139.27114868164062
1774014828.3281214,/metrics/pcl/fused/detections_count,std_msgs/msg/Int32,77
1774014828.3282466,/metrics/pcl/fused/points_in,std_msgs/msg/Int32,42184
1774014828.328338,/metrics/pcl/fused/processing_ms,std_msgs/msg/Float32,141.20733642578125
1774014828.790867,/metrics/pcl/fused/detections_count,std_msgs/msg/Int32,73
1774014828.791009,/metrics/pcl/fused/points_in,std_msgs/msg/Int32,42055
1774014828.7910833,/metrics/pcl/fused/processing_ms,std_msgs/msg/Float32,139.53814697265625
1774014829.0257125,/metrics/pcl/fused/detections_count,std_msgs/msg/Int32,70
1774014829.0258415,/metrics/pcl/fused/points_in,std_msgs/msg/Int32,42132
1774014829.0259302,/metrics/pcl/fused/processing_ms,std_msgs/msg/Float32,139.26437377929688
1774014829.7282548,/metrics/pcl/fused/detections_count,std_msgs/msg/Int32,75
1774014829.728369,/metrics/pcl/fused/points_in,std_msgs/msg/Int32,42128
1774014829.7284389,/metrics/pcl/fused/processing_ms,std_msgs/msg/Float32,137.8002471923828
1774014830.1968322,/metrics/pcl/fused/detections_count,std_msgs/msg/Int32,68
1774014830.1969593,/metrics/pcl/fused/points_in,std_msgs/msg/Int32,42042
1774014830.1970265,/metrics/pcl/fused/processing_ms,std_msgs/msg/Float32,135.20033264160156
1774014830.4331102,/metrics/pcl/fused/detections_count,std_msgs/msg/Int32,72
1774014830.4332201,/metrics/pcl/fused/points_in,std_msgs/msg/Int32,42068
1774014830.4332836,/metrics/pcl/fused/processing_ms,std_msgs/msg/Float32,134.30482482910156
1774014831.384266,/metrics/pcl/fused/detections_count,std_msgs/msg/Int32,72
1774014831.3843896,/metrics/pcl/fused/points_in,std_msgs/msg/Int32,42068
1774014831.3844883,/metrics/pcl/fused/processing_ms,std_msgs/msg/Float32,136.27682495117188
1774014831.864933,/metrics/pcl/fused/detections_count,std_msgs/msg/Int32,72
1774014831.8650427,/metrics/pcl/fused/points_in,std_msgs/msg/Int32,41941
1774014831.8651106,/metrics/pcl/fused/processing_ms,std_msgs/msg/Float32,135.63473510742188
1774014832.3430684,/metrics/pcl/fused/detections_count,std_msgs/msg/Int32,70
1774014832.343186,/metrics/pcl/fused/points_in,std_msgs/msg/Int32,42037
1774014832.3432512,/metrics/pcl/fused/processing_ms,std_msgs/msg/Float32,134.6730499267578
1774014833.0630093,/metrics/pcl/fused/detections_count,std_msgs/msg/Int32,76
1774014833.063125,/metrics/pcl/fused/points_in,std_msgs/msg/Int32,42100
1774014833.0632036,/metrics/pcl/fused/processing_ms,std_msgs/msg/Float32,133.83665466308594
1774014833.7907052,/metrics/pcl/fused/detections_count,std_msgs/msg/Int32,77
1774014833.7908516,/metrics/pcl/fused/points_in,std_msgs/msg/Int32,42034
1774014833.790953,/metrics/pcl/fused/processing_ms,std_msgs/msg/Float32,133.9820098876953
1774014834.0362923,/metrics/pcl/fused/detections_count,std_msgs/msg/Int32,75
1774014834.036412,/metrics/pcl/fused/points_in,std_msgs/msg/Int32,42157
1774014834.0364697,/metrics/pcl/fused/processing_ms,std_msgs/msg/Float32,135.36807250976562
1774014834.5226586,/metrics/pcl/fused/detections_count,std_msgs/msg/Int32,68
1774014834.5227706,/metrics/pcl/fused/points_in,std_msgs/msg/Int32,42000
1774014834.5228539,/metrics/pcl/fused/processing_ms,std_msgs/msg/Float32,132.69236755371094
1774014834.7687871,/metrics/pcl/fused/detections_count,std_msgs/msg/Int32,71
1774014834.7689369,/metrics/pcl/fused/points_in,std_msgs/msg/Int32,42055
1774014834.7690165,/metrics/pcl/fused/processing_ms,std_msgs/msg/Float32,134.15884399414062
1774014835.0103142,/metrics/pcl/fused/detections_count,std_msgs/msg/Int32,73
1774014835.0104308,/metrics/pcl/fused/points_in,std_msgs/msg/Int32,41985
1774014835.010494,/metrics/pcl/fused/processing_ms,std_msgs/msg/Float32,132.69863891601562
1774014835.2573438,/metrics/pcl/fused/detections_count,std_msgs/msg/Int32,69
1774014835.257471,/metrics/pcl/fused/points_in,std_msgs/msg/Int32,41940
1774014835.2575338,/metrics/pcl/fused/processing_ms,std_msgs/msg/Float32,130.74838256835938
1774014837.98644,/metrics/pcl/fused/detections_count,std_msgs/msg/Int32,71
1774014837.986667,/metrics/pcl/fused/points_in,std_msgs/msg/Int32,42093
1774014837.9868193,/metrics/pcl/fused/processing_ms,std_msgs/msg/Float32,134.400146484375
1774014838.7357693,/metrics/pcl/fused/detections_count,std_msgs/msg/Int32,73
1774014838.735946,/metrics/pcl/fused/points_in,std_msgs/msg/Int32,42089
1774014838.7360215,/metrics/pcl/fused/processing_ms,std_msgs/msg/Float32,137.29464721679688
1774014838.9820044,/metrics/pcl/fused/detections_count,std_msgs/msg/Int32,73
1774014838.9821596,/metrics/pcl/fused/points_in,std_msgs/msg/Int32,41843
1774014838.9822369,/metrics/pcl/fused/processing_ms,std_msgs/msg/Float32,134.291015625
1774014839.2301342,/metrics/pcl/fused/detections_count,std_msgs/msg/Int32,73
1774014839.2302554,/metrics/pcl/fused/points_in,std_msgs/msg/Int32,41569
1774014839.2303426,/metrics/pcl/fused/processing_ms,std_msgs/msg/Float32,131.56021118164062
1774014839.4804537,/metrics/pcl/fused/detections_count,std_msgs/msg/Int32,74
1774014839.480566,/metrics/pcl/fused/points_in,std_msgs/msg/Int32,41534
1774014839.4806297,/metrics/pcl/fused/processing_ms,std_msgs/msg/Float32,132.20846557617188
1774014839.726682,/metrics/pcl/fused/detections_count,std_msgs/msg/Int32,75
1774014839.7267845,/metrics/pcl/fused/points_in,std_msgs/msg/Int32,41527
1774014839.726838,/metrics/pcl/fused/processing_ms,std_msgs/msg/Float32,131.07687377929688
1774014839.9729521,/metrics/pcl/fused/detections_count,std_msgs/msg/Int32,72
1774014839.9730558,/metrics/pcl/fused/points_in,std_msgs/msg/Int32,41413
1774014839.9731102,/metrics/pcl/fused/processing_ms,std_msgs/msg/Float32,128.47950744628906
1774014840.2287707,/metrics/pcl/fused/detections_count,std_msgs/msg/Int32,72
1774014840.2289128,/metrics/pcl/fused/points_in,std_msgs/msg/Int32,41646
1774014840.2328749,/metrics/pcl/fused/processing_ms,std_msgs/msg/Float32,131.09844970703125
1774014840.9789965,/metrics/pcl/fused/detections_count,std_msgs/msg/Int32,73
1774014840.9790976,/metrics/pcl/fused/points_in,std_msgs/msg/Int32,41595
1774014840.9791505,/metrics/pcl/fused/processing_ms,std_msgs/msg/Float32,133.460205078125
1774014843.7496984,/metrics/pcl/fused/detections_count,std_msgs/msg/Int32,70
1774014843.7498157,/metrics/pcl/fused/points_in,std_msgs/msg/Int32,41492
1774014843.7498975,/metrics/pcl/fused/processing_ms,std_msgs/msg/Float32,132.8959503173828
1774014844.0075412,/metrics/pcl/fused/detections_count,std_msgs/msg/Int32,70
1774014844.007746,/metrics/pcl/fused/points_in,std_msgs/msg/Int32,41556
1774014844.007849,/metrics/pcl/fused/processing_ms,std_msgs/msg/Float32,133.76368713378906
1774014844.472694,/metrics/pcl/fused/detections_count,std_msgs/msg/Int32,75
1774014844.4728432,/metrics/pcl/fused/points_in,std_msgs/msg/Int32,41534
1774014844.472926,/metrics/pcl/fused/processing_ms,std_msgs/msg/Float32,132.95460510253906
1774014844.7050455,/metrics/pcl/fused/detections_count,std_msgs/msg/Int32,73
1774014844.7051866,/metrics/pcl/fused/points_in,std_msgs/msg/Int32,41630
1774014844.7052534,/metrics/pcl/fused/processing_ms,std_msgs/msg/Float32,135.38365173339844
1774014844.9319944,/metrics/pcl/fused/detections_count,std_msgs/msg/Int32,67
1774014844.9321043,/metrics/pcl/fused/points_in,std_msgs/msg/Int32,41628
1774014844.9321713,/metrics/pcl/fused/processing_ms,std_msgs/msg/Float32,132.0654296875
1774014845.1657827,/metrics/pcl/fused/detections_count,std_msgs/msg/Int32,74
1774014845.1658983,/metrics/pcl/fused/points_in,std_msgs/msg/Int32,41698
1774014845.1659582,/metrics/pcl/fused/processing_ms,std_msgs/msg/Float32,132.50376892089844
1774014845.6314294,/metrics/pcl/fused/detections_count,std_msgs/msg/Int32,66
1774014845.631549,/metrics/pcl/fused/points_in,std_msgs/msg/Int32,41758
1774014845.6316175,/metrics/pcl/fused/processing_ms,std_msgs/msg/Float32,136.12484741210938
1774014845.871715,/metrics/pcl/fused/detections_count,std_msgs/msg/Int32,73
1774014845.871916,/metrics/pcl/fused/points_in,std_msgs/msg/Int32,41665
1774014845.8719933,/metrics/pcl/fused/processing_ms,std_msgs/msg/Float32,143.8164825439453
1774014846.3541589,/metrics/pcl/fused/detections_count,std_msgs/msg/Int32,74
1774014846.3542867,/metrics/pcl/fused/points_in,std_msgs/msg/Int32,41581
1774014846.354357,/metrics/pcl/fused/processing_ms,std_msgs/msg/Float32,137.6025390625
1774014846.6108546,/metrics/pcl/fused/detections_count,std_msgs/msg/Int32,74
1774014846.610998,/metrics/pcl/fused/points_in,std_msgs/msg/Int32,41554
1774014846.6110663,/metrics/pcl/fused/processing_ms,std_msgs/msg/Float32,147.2264404296875
1774014846.8572123,/metrics/pcl/fused/detections_count,std_msgs/msg/Int32,72
1774014846.8573163,/metrics/pcl/fused/points_in,std_msgs/msg/Int32,41701
1774014846.8573763,/metrics/pcl/fused/processing_ms,std_msgs/msg/Float32,137.0594024658203
1774014847.0941496,/metrics/pcl/fused/detections_count,std_msgs/msg/Int32,68
1774014847.0943165,/metrics/pcl/fused/points_in,std_msgs/msg/Int32,41693
1774014847.0943985,/metrics/pcl/fused/processing_ms,std_msgs/msg/Float32,133.8303985595703
1774014847.326072,/metrics/pcl/fused/detections_count,std_msgs/msg/Int32,75
1774014847.3261878,/metrics/pcl/fused/points_in,std_msgs/msg/Int32,41680
1774014847.3262513,/metrics/pcl/fused/processing_ms,std_msgs/msg/Float32,131.4199981689453
1774014847.5629292,/metrics/pcl/fused/detections_count,std_msgs/msg/Int32,77
1774014847.5630567,/metrics/pcl/fused/points_in,std_msgs/msg/Int32,41736
1774014847.5631385,/metrics/pcl/fused/processing_ms,std_msgs/msg/Float32,135.10704040527344
1774014848.2720003,/metrics/pcl/fused/detections_count,std_msgs/msg/Int32,69
1774014848.2721057,/metrics/pcl/fused/points_in,std_msgs/msg/Int32,41670
1774014848.2721605,/metrics/pcl/fused/processing_ms,std_msgs/msg/Float32,133.2654571533203
1774014848.507499,/metrics/pcl/fused/detections_count,std_msgs/msg/Int32,70
1774014848.5076156,/metrics/pcl/fused/points_in,std_msgs/msg/Int32,41563
1774014848.5076861,/metrics/pcl/fused/processing_ms,std_msgs/msg/Float32,134.71090698242188
1774014848.9812534,/metrics/pcl/fused/detections_count,std_msgs/msg/Int32,72
1774014848.9813643,/metrics/pcl/fused/points_in,std_msgs/msg/Int32,41595
1774014848.9814286,/metrics/pcl/fused/processing_ms,std_msgs/msg/Float32,134.47023010253906
1774014849.455627,/metrics/pcl/fused/detections_count,std_msgs/msg/Int32,68
1774014849.455751,/metrics/pcl/fused/points_in,std_msgs/msg/Int32,41670
1774014849.4558132,/metrics/pcl/fused/processing_ms,std_msgs/msg/Float32,136.63287353515625
1774014849.6966069,/metrics/pcl/fused/detections_count,std_msgs/msg/Int32,71
1774014849.696765,/metrics/pcl/fused/points_in,std_msgs/msg/Int32,41636
1774014849.6968813,/metrics/pcl/fused/processing_ms,std_msgs/msg/Float32,138.9307403564453
1774014849.9301214,/metrics/pcl/fused/detections_count,std_msgs/msg/Int32,66
1774014849.9302773,/metrics/pcl/fused/points_in,std_msgs/msg/Int32,41702
1774014849.930353,/metrics/pcl/fused/processing_ms,std_msgs/msg/Float32,132.46665954589844
1774014850.1778314,/metrics/pcl/fused/detections_count,std_msgs/msg/Int32,76
1774014850.1779377,/metrics/pcl/fused/points_in,std_msgs/msg/Int32,41709
1774014850.1779947,/metrics/pcl/fused/processing_ms,std_msgs/msg/Float32,134.79962158203125
1774014850.4213436,/metrics/pcl/fused/detections_count,std_msgs/msg/Int32,71
1774014850.4214935,/metrics/pcl/fused/points_in,std_msgs/msg/Int32,41742
1774014850.4215646,/metrics/pcl/fused/processing_ms,std_msgs/msg/Float32,138.57681274414062
1774014851.382105,/metrics/pcl/fused/detections_count,std_msgs/msg/Int32,70
1774014851.382206,/metrics/pcl/fused/points_in,std_msgs/msg/Int32,41577
1774014851.3822627,/metrics/pcl/fused/processing_ms,std_msgs/msg/Float32,133.6506805419922
1774014851.8729782,/metrics/pcl/fused/detections_count,std_msgs/msg/Int32,74
1774014851.8730922,/metrics/pcl/fused/points_in,std_msgs/msg/Int32,41721
1774014851.8731449,/metrics/pcl/fused/processing_ms,std_msgs/msg/Float32,138.71839904785156
1774014852.1143332,/metrics/pcl/fused/detections_count,std_msgs/msg/Int32,75
1774014852.1144423,/metrics/pcl/fused/points_in,std_msgs/msg/Int32,41687
1774014852.1145053,/metrics/pcl/fused/processing_ms,std_msgs/msg/Float32,136.97122192382812
1774014852.3520033,/metrics/pcl/fused/detections_count,std_msgs/msg/Int32,72
1774014852.352147,/metrics/pcl/fused/points_in,std_msgs/msg/Int32,41767
1774014852.352219,/metrics/pcl/fused/processing_ms,std_msgs/msg/Float32,131.73468017578125
1774014853.0862753,/metrics/pcl/fused/detections_count,std_msgs/msg/Int32,70
1774014853.086483,/metrics/pcl/fused/points_in,std_msgs/msg/Int32,41777
1774014853.0866177,/metrics/pcl/fused/processing_ms,std_msgs/msg/Float32,134.53785705566406
1774014853.3260744,/metrics/pcl/fused/detections_count,std_msgs/msg/Int32,75
1774014853.326199,/metrics/pcl/fused/points_in,std_msgs/msg/Int32,41614
1774014853.326264,/metrics/pcl/fused/processing_ms,std_msgs/msg/Float32,130.34619140625
1774014854.073461,/metrics/pcl/fused/detections_count,std_msgs/msg/Int32,79
1774014854.0735683,/metrics/pcl/fused/points_in,std_msgs/msg/Int32,41814
1774014854.0736356,/metrics/pcl/fused/processing_ms,std_msgs/msg/Float32,133.63525390625
1774014855.077622,/metrics/pcl/fused/detections_count,std_msgs/msg/Int32,74
1774014855.0777366,/metrics/pcl/fused/points_in,std_msgs/msg/Int32,41677
1774014855.0778,/metrics/pcl/fused/processing_ms,std_msgs/msg/Float32,132.59823608398438
1774014855.3305445,/metrics/pcl/fused/detections_count,std_msgs/msg/Int32,71
1774014855.3307023,/metrics/pcl/fused/points_in,std_msgs/msg/Int32,41639
1774014855.3307943,/metrics/pcl/fused/processing_ms,std_msgs/msg/Float32,130.6592254638672
1774014855.5888405,/metrics/pcl/fused/detections_count,std_msgs/msg/Int32,71
1774014855.588979,/metrics/pcl/fused/points_in,std_msgs/msg/Int32,41677
1774014855.5890455,/metrics/pcl/fused/processing_ms,std_msgs/msg/Float32,137.17344665527344
1774014855.8383324,/metrics/pcl/fused/detections_count,std_msgs/msg/Int32,71
1774014855.8385289,/metrics/pcl/fused/points_in,std_msgs/msg/Int32,41705
1774014855.838638,/metrics/pcl/fused/processing_ms,std_msgs/msg/Float32,131.6954803466797
1774014856.592682,/metrics/pcl/fused/detections_count,std_msgs/msg/Int32,74
1774014856.5927973,/metrics/pcl/fused/points_in,std_msgs/msg/Int32,41693
1774014856.5928624,/metrics/pcl/fused/processing_ms,std_msgs/msg/Float32,132.9274444580078
1774014857.0964744,/metrics/pcl/fused/detections_count,std_msgs/msg/Int32,76
1774014857.096642,/metrics/pcl/fused/points_in,std_msgs/msg/Int32,41650
1774014857.0967214,/metrics/pcl/fused/processing_ms,std_msgs/msg/Float32,132.68563842773438
1774014857.593811,/metrics/pcl/fused/detections_count,std_msgs/msg/Int32,77
1774014857.5939538,/metrics/pcl/fused/points_in,std_msgs/msg/Int32,41735
1774014857.594014,/metrics/pcl/fused/processing_ms,std_msgs/msg/Float32,133.45899963378906
1774014857.8453593,/metrics/pcl/fused/detections_count,std_msgs/msg/Int32,69
1774014857.845477,/metrics/pcl/fused/points_in,std_msgs/msg/Int32,41658
1774014857.8455424,/metrics/pcl/fused/processing_ms,std_msgs/msg/Float32,131.5738983154297
1774014858.0983078,/metrics/pcl/fused/detections_count,std_msgs/msg/Int32,68
1774014858.098444,/metrics/pcl/fused/points_in,std_msgs/msg/Int32,41417
1774014858.0985105,/metrics/pcl/fused/processing_ms,std_msgs/msg/Float32,132.9044952392578
1774014858.5946405,/metrics/pcl/fused/detections_count,std_msgs/msg/Int32,73
1774014858.594751,/metrics/pcl/fused/points_in,std_msgs/msg/Int32,41421
1774014858.5948136,/metrics/pcl/fused/processing_ms,std_msgs/msg/Float32,134.88250732421875
1774014858.850398,/metrics/pcl/fused/detections_count,std_msgs/msg/Int32,78
1774014858.8504941,/metrics/pcl/fused/points_in,std_msgs/msg/Int32,41427
1774014858.8505456,/metrics/pcl/fused/processing_ms,std_msgs/msg/Float32,136.2770233154297
1774014859.3549564,/metrics/pcl/fused/detections_count,std_msgs/msg/Int32,75
1774014859.3550692,/metrics/pcl/fused/points_in,std_msgs/msg/Int32,41489
1774014859.3551347,/metrics/pcl/fused/processing_ms,std_msgs/msg/Float32,132.4480743408203
1774014859.8605142,/metrics/pcl/fused/detections_count,std_msgs/msg/Int32,80
1774014859.8606398,/metrics/pcl/fused/points_in,std_msgs/msg/Int32,41556
1774014859.8607044,/metrics/pcl/fused/processing_ms,std_msgs/msg/Float32,136.03114318847656
1774014860.1117525,/metrics/pcl/fused/detections_count,std_msgs/msg/Int32,75
1774014860.111917,/metrics/pcl/fused/points_in,std_msgs/msg/Int32,41552
1774014860.1120145,/metrics/pcl/fused/processing_ms,std_msgs/msg/Float32,133.3425750732422
1774014860.3608677,/metrics/pcl/fused/detections_count,std_msgs/msg/Int32,75
1774014860.3610406,/metrics/pcl/fused/points_in,std_msgs/msg/Int32,41582
1774014860.3611128,/metrics/pcl/fused/processing_ms,std_msgs/msg/Float32,132.13514709472656
1774014860.6133997,/metrics/pcl/fused/detections_count,std_msgs/msg/Int32,70
1774014860.6135135,/metrics/pcl/fused/points_in,std_msgs/msg/Int32,41560
1774014860.6135786,/metrics/pcl/fused/processing_ms,std_msgs/msg/Float32,133.15879821777344
1774014861.122773,/metrics/pcl/fused/detections_count,std_msgs/msg/Int32,73
1774014861.1229136,/metrics/pcl/fused/points_in,std_msgs/msg/Int32,41592
1774014861.1229844,/metrics/pcl/fused/processing_ms,std_msgs/msg/Float32,132.0860595703125
1774014861.6262462,/metrics/pcl/fused/detections_count,std_msgs/msg/Int32,75
1774014861.6263697,/metrics/pcl/fused/points_in,std_msgs/msg/Int32,41532
1774014861.626449,/metrics/pcl/fused/processing_ms,std_msgs/msg/Float32,131.1544952392578
1774014861.882959,/metrics/pcl/fused/detections_count,std_msgs/msg/Int32,74
1774014861.883087,/metrics/pcl/fused/points_in,std_msgs/msg/Int32,41533
1774014861.8832028,/metrics/pcl/fused/processing_ms,std_msgs/msg/Float32,132.50938415527344
1774014862.8904116,/metrics/pcl/fused/detections_count,std_msgs/msg/Int32,73
1774014862.8905144,/metrics/pcl/fused/points_in,std_msgs/msg/Int32,41555
1774014862.8905697,/metrics/pcl/fused/processing_ms,std_msgs/msg/Float32,132.59475708007812
1774014863.148487,/metrics/pcl/fused/detections_count,std_msgs/msg/Int32,68
1774014863.1485922,/metrics/pcl/fused/points_in,std_msgs/msg/Int32,41617
1774014863.1486542,/metrics/pcl/fused/processing_ms,std_msgs/msg/Float32,136.438232421875
1774014863.649224,/metrics/pcl/fused/detections_count,std_msgs/msg/Int32,71
1774014863.6493351,/metrics/pcl/fused/points_in,std_msgs/msg/Int32,41484
1774014863.6493986,/metrics/pcl/fused/processing_ms,std_msgs/msg/Float32,135.96383666992188
1774014863.908516,/metrics/pcl/fused/detections_count,std_msgs/msg/Int32,74
1774014863.9086459,/metrics/pcl/fused/points_in,std_msgs/msg/Int32,41524
1774014863.9087117,/metrics/pcl/fused/processing_ms,std_msgs/msg/Float32,135.0347442626953
1774014864.6574874,/metrics/pcl/fused/detections_count,std_msgs/msg/Int32,75
1774014864.6576133,/metrics/pcl/fused/points_in,std_msgs/msg/Int32,41505
1774014864.6576917,/metrics/pcl/fused/processing_ms,std_msgs/msg/Float32,134.6780242919922
1774014865.1240225,/metrics/pcl/fused/detections_count,std_msgs/msg/Int32,71
1774014865.124134,/metrics/pcl/fused/points_in,std_msgs/msg/Int32,41353
1774014865.1241922,/metrics/pcl/fused/processing_ms,std_msgs/msg/Float32,135.29244995117188
1774014865.3538027,/metrics/pcl/fused/detections_count,std_msgs/msg/Int32,63
1774014865.3539994,/metrics/pcl/fused/points_in,std_msgs/msg/Int32,41585
1774014865.3541083,/metrics/pcl/fused/processing_ms,std_msgs/msg/Float32,135.49749755859375
1774014865.8198085,/metrics/pcl/fused/detections_count,std_msgs/msg/Int32,73
1774014865.8200283,/metrics/pcl/fused/points_in,std_msgs/msg/Int32,41508
1774014865.820117,/metrics/pcl/fused/processing_ms,std_msgs/msg/Float32,137.33192443847656
1774014866.0511885,/metrics/pcl/fused/detections_count,std_msgs/msg/Int32,72
1774014866.0512998,/metrics/pcl/fused/points_in,std_msgs/msg/Int32,41542
1774014866.0513613,/metrics/pcl/fused/processing_ms,std_msgs/msg/Float32,133.9318084716797
1774014866.2821455,/metrics/pcl/fused/detections_count,std_msgs/msg/Int32,69
1774014866.282242,/metrics/pcl/fused/points_in,std_msgs/msg/Int32,41586
1774014866.2823067,/metrics/pcl/fused/processing_ms,std_msgs/msg/Float32,132.26931762695312
1774014866.5270882,/metrics/pcl/fused/detections_count,std_msgs/msg/Int32,72
1774014866.527214,/metrics/pcl/fused/points_in,std_msgs/msg/Int32,41603
1774014866.5272713,/metrics/pcl/fused/processing_ms,std_msgs/msg/Float32,141.0695037841797
1774014866.7665992,/metrics/pcl/fused/detections_count,std_msgs/msg/Int32,69
1774014866.7667096,/metrics/pcl/fused/points_in,std_msgs/msg/Int32,41450
1774014866.7667742,/metrics/pcl/fused/processing_ms,std_msgs/msg/Float32,138.6222381591797
1774014867.009578,/metrics/pcl/fused/detections_count,std_msgs/msg/Int32,73
1774014867.0096877,/metrics/pcl/fused/points_in,std_msgs/msg/Int32,41559
1774014867.0097528,/metrics/pcl/fused/processing_ms,std_msgs/msg/Float32,140.14974975585938
1774014867.4708416,/metrics/pcl/fused/detections_count,std_msgs/msg/Int32,75
1774014867.4709823,/metrics/pcl/fused/points_in,std_msgs/msg/Int32,41548
1774014867.4710405,/metrics/pcl/fused/processing_ms,std_msgs/msg/Float32,134.94320678710938
1774014867.7062101,/metrics/pcl/fused/detections_count,std_msgs/msg/Int32,72
1774014867.7063386,/metrics/pcl/fused/points_in,std_msgs/msg/Int32,41530
1774014867.706407,/metrics/pcl/fused/processing_ms,std_msgs/msg/Float32,133.84426879882812
1774014867.9408298,/metrics/pcl/fused/detections_count,std_msgs/msg/Int32,69
1774014867.9409678,/metrics/pcl/fused/points_in,std_msgs/msg/Int32,41687
1774014867.9450738,/metrics/pcl/fused/processing_ms,std_msgs/msg/Float32,133.4921112060547
1774014868.4274566,/metrics/pcl/fused/detections_count,std_msgs/msg/Int32,75
1774014868.4275548,/metrics/pcl/fused/points_in,std_msgs/msg/Int32,41508
1774014868.4276087,/metrics/pcl/fused/processing_ms,std_msgs/msg/Float32,132.33560180664062
1774014868.6674266,/metrics/pcl/fused/detections_count,std_msgs/msg/Int32,74
1774014868.667551,/metrics/pcl/fused/points_in,std_msgs/msg/Int32,41545
1774014868.6676257,/metrics/pcl/fused/processing_ms,std_msgs/msg/Float32,133.90928649902344
1774014869.8522003,/metrics/pcl/fused/detections_count,std_msgs/msg/Int32,73
1774014869.8523548,/metrics/pcl/fused/points_in,std_msgs/msg/Int32,41610
1774014869.8524249,/metrics/pcl/fused/processing_ms,std_msgs/msg/Float32,135.8132781982422
1774014870.3256762,/metrics/pcl/fused/detections_count,std_msgs/msg/Int32,69
1774014870.3257897,/metrics/pcl/fused/points_in,std_msgs/msg/Int32,41671
1774014870.3258529,/metrics/pcl/fused/processing_ms,std_msgs/msg/Float32,132.1295623779297
1774014870.5723422,/metrics/pcl/fused/detections_count,std_msgs/msg/Int32,76
1774014870.5724597,/metrics/pcl/fused/points_in,std_msgs/msg/Int32,41627
1774014870.5725138,/metrics/pcl/fused/processing_ms,std_msgs/msg/Float32,137.1318359375
1774014870.8161108,/metrics/pcl/fused/detections_count,std_msgs/msg/Int32,76
1774014870.816239,/metrics/pcl/fused/points_in,std_msgs/msg/Int32,41546
1774014870.816304,/metrics/pcl/fused/processing_ms,std_msgs/msg/Float32,132.61505126953125
1774014871.0620906,/metrics/pcl/fused/detections_count,std_msgs/msg/Int32,77
1774014871.0622842,/metrics/pcl/fused/points_in,std_msgs/msg/Int32,41464
1774014871.0623653,/metrics/pcl/fused/processing_ms,std_msgs/msg/Float32,132.50033569335938
1774014871.7889147,/metrics/pcl/fused/detections_count,std_msgs/msg/Int32,71
1774014871.789061,/metrics/pcl/fused/points_in,std_msgs/msg/Int32,41611
1774014871.789131,/metrics/pcl/fused/processing_ms,std_msgs/msg/Float32,133.58517456054688
1774014872.0359445,/metrics/pcl/fused/detections_count,std_msgs/msg/Int32,70
1774014872.036087,/metrics/pcl/fused/points_in,std_msgs/msg/Int32,41561
1774014872.0361562,/metrics/pcl/fused/processing_ms,std_msgs/msg/Float32,135.5395965576172
1774014872.7879193,/metrics/pcl/fused/detections_count,std_msgs/msg/Int32,70
1774014872.7880669,/metrics/pcl/fused/points_in,std_msgs/msg/Int32,41572
1774014872.7881377,/metrics/pcl/fused/processing_ms,std_msgs/msg/Float32,148.8542938232422
1774014873.054851,/metrics/pcl/fused/detections_count,std_msgs/msg/Int32,70
1774014873.0550616,/metrics/pcl/fused/points_in,std_msgs/msg/Int32,41835
1774014873.0551345,/metrics/pcl/fused/processing_ms,std_msgs/msg/Float32,141.0814971923828
1774014873.3100324,/metrics/pcl/fused/detections_count,std_msgs/msg/Int32,73
1774014873.3101645,/metrics/pcl/fused/points_in,std_msgs/msg/Int32,42040
1774014873.3102322,/metrics/pcl/fused/processing_ms,std_msgs/msg/Float32,144.2119903564453
1774014873.5573723,/metrics/pcl/fused/detections_count,std_msgs/msg/Int32,78
1774014873.557508,/metrics/pcl/fused/points_in,std_msgs/msg/Int32,41900
1774014873.5575926,/metrics/pcl/fused/processing_ms,std_msgs/msg/Float32,139.81504821777344
1774014873.8115785,/metrics/pcl/fused/detections_count,std_msgs/msg/Int32,74
1774014873.8117778,/metrics/pcl/fused/processing_ms,std_msgs/msg/Float32,135.66726684570312
1774014873.8121505,/metrics/pcl/fused/points_in,std_msgs/msg/Int32,41758
1774014874.0648243,/metrics/pcl/fused/detections_count,std_msgs/msg/Int32,73
1774014874.0649807,/metrics/pcl/fused/points_in,std_msgs/msg/Int32,41711
1774014874.065054,/metrics/pcl/fused/processing_ms,std_msgs/msg/Float32,135.51702880859375
1774014874.3110194,/metrics/pcl/fused/detections_count,std_msgs/msg/Int32,71
1774014874.3111336,/metrics/pcl/fused/points_in,std_msgs/msg/Int32,41630
1774014874.3111966,/metrics/pcl/fused/processing_ms,std_msgs/msg/Float32,133.5818328857422
1774014875.0658126,/metrics/pcl/fused/detections_count,std_msgs/msg/Int32,73
1774014875.065964,/metrics/pcl/fused/points_in,std_msgs/msg/Int32,41785
1774014875.066059,/metrics/pcl/fused/processing_ms,std_msgs/msg/Float32,137.9962921142578
1774014875.3099284,/metrics/pcl/fused/detections_count,std_msgs/msg/Int32,72
1774014875.3100798,/metrics/pcl/fused/points_in,std_msgs/msg/Int32,41838
1774014875.3101776,/metrics/pcl/fused/processing_ms,std_msgs/msg/Float32,132.29449462890625
1774014875.81264,/metrics/pcl/fused/detections_count,std_msgs/msg/Int32,73
1774014875.8127532,/metrics/pcl/fused/points_in,std_msgs/msg/Int32,41887
1774014875.8128161,/metrics/pcl/fused/processing_ms,std_msgs/msg/Float32,136.4842987060547
1774014876.065129,/metrics/pcl/fused/detections_count,std_msgs/msg/Int32,76
1774014876.0652425,/metrics/pcl/fused/points_in,std_msgs/msg/Int32,42027
1774014876.0653205,/metrics/pcl/fused/processing_ms,std_msgs/msg/Float32,135.8182830810547
1774014876.3097801,/metrics/pcl/fused/detections_count,std_msgs/msg/Int32,69
1774014876.3099067,/metrics/pcl/fused/points_in,std_msgs/msg/Int32,42075
1774014876.3099756,/metrics/pcl/fused/processing_ms,std_msgs/msg/Float32,131.93118286132812
1774014876.5627828,/metrics/pcl/fused/detections_count,std_msgs/msg/Int32,74
1774014876.5629299,/metrics/pcl/fused/points_in,std_msgs/msg/Int32,42021
1774014876.5629988,/metrics/pcl/fused/processing_ms,std_msgs/msg/Float32,137.2810516357422
1774014876.814974,/metrics/pcl/fused/detections_count,std_msgs/msg/Int32,70
1774014876.8150933,/metrics/pcl/fused/points_in,std_msgs/msg/Int32,42044
1774014876.815162,/metrics/pcl/fused/processing_ms,std_msgs/msg/Float32,135.2202606201172
1774014877.071812,/metrics/pcl/fused/detections_count,std_msgs/msg/Int32,75
1774014877.071983,/metrics/pcl/fused/points_in,std_msgs/msg/Int32,41902
1774014877.0720565,/metrics/pcl/fused/processing_ms,std_msgs/msg/Float32,136.09625244140625
1774014877.3256278,/metrics/pcl/fused/detections_count,std_msgs/msg/Int32,75
1774014877.3257387,/metrics/pcl/fused/points_in,std_msgs/msg/Int32,41808
1774014877.3257918,/metrics/pcl/fused/processing_ms,std_msgs/msg/Float32,135.13250732421875
1774014877.5784636,/metrics/pcl/fused/detections_count,std_msgs/msg/Int32,70
1774014877.5786047,/metrics/pcl/fused/points_in,std_msgs/msg/Int32,41811
1774014877.5787024,/metrics/pcl/fused/processing_ms,std_msgs/msg/Float32,135.7372589111328
1774014877.837648,/metrics/pcl/fused/detections_count,std_msgs/msg/Int32,79
1774014877.837752,/metrics/pcl/fused/points_in,std_msgs/msg/Int32,41949
1774014877.8378074,/metrics/pcl/fused/processing_ms,std_msgs/msg/Float32,139.00587463378906
1774014878.094958,/metrics/pcl/fused/detections_count,std_msgs/msg/Int32,80
1774014878.095118,/metrics/pcl/fused/points_in,std_msgs/msg/Int32,41881
1774014878.0951874,/metrics/pcl/fused/processing_ms,std_msgs/msg/Float32,136.76063537597656
1774014878.8629246,/metrics/pcl/fused/detections_count,std_msgs/msg/Int32,76
1774014878.8630366,/metrics/pcl/fused/points_in,std_msgs/msg/Int32,41999
1774014878.8630989,/metrics/pcl/fused/processing_ms,std_msgs/msg/Float32,138.30081176757812
1774014879.1166499,/metrics/pcl/fused/detections_count,std_msgs/msg/Int32,76
1774014879.1167648,/metrics/pcl/fused/points_in,std_msgs/msg/Int32,41980
1774014879.116828,/metrics/pcl/fused/processing_ms,std_msgs/msg/Float32,136.74925231933594
1774014879.371665,/metrics/pcl/fused/detections_count,std_msgs/msg/Int32,73
1774014879.3717782,/metrics/pcl/fused/points_in,std_msgs/msg/Int32,41910
1774014879.3718421,/metrics/pcl/fused/processing_ms,std_msgs/msg/Float32,136.90928649902344
1774014879.6306987,/metrics/pcl/fused/detections_count,std_msgs/msg/Int32,80
1774014879.63082,/metrics/pcl/fused/points_in,std_msgs/msg/Int32,41765
1774014879.6309218,/metrics/pcl/fused/processing_ms,std_msgs/msg/Float32,138.9105682373047
1774014879.8834882,/metrics/pcl/fused/detections_count,std_msgs/msg/Int32,77
1774014879.8836093,/metrics/pcl/fused/points_in,std_msgs/msg/Int32,41919
1774014879.8836837,/metrics/pcl/fused/processing_ms,std_msgs/msg/Float32,136.5847625732422
1774014880.6390371,/metrics/pcl/fused/detections_count,std_msgs/msg/Int32,70
1774014880.6392138,/metrics/pcl/fused/points_in,std_msgs/msg/Int32,41975
1774014880.6393204,/metrics/pcl/fused/processing_ms,std_msgs/msg/Float32,139.1031951904297
1774014881.393311,/metrics/pcl/fused/detections_count,std_msgs/msg/Int32,70
1774014881.3934371,/metrics/pcl/fused/points_in,std_msgs/msg/Int32,41848
1774014881.3935418,/metrics/pcl/fused/processing_ms,std_msgs/msg/Float32,134.075439453125
1774014881.6464353,/metrics/pcl/fused/detections_count,std_msgs/msg/Int32,72
1774014881.6465347,/metrics/pcl/fused/points_in,std_msgs/msg/Int32,42004
1774014881.646588,/metrics/pcl/fused/processing_ms,std_msgs/msg/Float32,136.56642150878906
1774014881.9039857,/metrics/pcl/fused/detections_count,std_msgs/msg/Int32,77
1774014881.9041324,/metrics/pcl/fused/points_in,std_msgs/msg/Int32,41916
1774014881.9042008,/metrics/pcl/fused/processing_ms,std_msgs/msg/Float32,138.52084350585938
1774014882.1600747,/metrics/pcl/fused/detections_count,std_msgs/msg/Int32,80
1774014882.1601915,/metrics/pcl/fused/points_in,std_msgs/msg/Int32,41888
1774014882.160259,/metrics/pcl/fused/processing_ms,std_msgs/msg/Float32,136.46353149414062
1774014882.668197,/metrics/pcl/fused/detections_count,std_msgs/msg/Int32,73
1774014882.6683195,/metrics/pcl/fused/points_in,std_msgs/msg/Int32,41816
1774014882.6683846,/metrics/pcl/fused/processing_ms,std_msgs/msg/Float32,139.38343811035156
1774014883.1786516,/metrics/pcl/fused/detections_count,std_msgs/msg/Int32,68
1774014883.178754,/metrics/pcl/fused/points_in,std_msgs/msg/Int32,41801
1774014883.1788173,/metrics/pcl/fused/processing_ms,std_msgs/msg/Float32,134.8228302001953
1774014883.4329576,/metrics/pcl/fused/detections_count,std_msgs/msg/Int32,65
1774014883.4330783,/metrics/pcl/fused/points_in,std_msgs/msg/Int32,41839
1774014883.4331732,/metrics/pcl/fused/processing_ms,std_msgs/msg/Float32,135.77980041503906
1774014883.948882,/metrics/pcl/fused/detections_count,std_msgs/msg/Int32,72
1774014883.9489973,/metrics/pcl/fused/points_in,std_msgs/msg/Int32,41790
1774014883.9490626,/metrics/pcl/fused/processing_ms,std_msgs/msg/Float32,138.82403564453125
1774014884.2007935,/metrics/pcl/fused/detections_count,std_msgs/msg/Int32,69
1774014884.200917,/metrics/pcl/fused/points_in,std_msgs/msg/Int32,41867
1774014884.2010098,/metrics/pcl/fused/processing_ms,std_msgs/msg/Float32,132.5545196533203
1774014884.4598656,/metrics/pcl/fused/detections_count,std_msgs/msg/Int32,73
1774014884.4599893,/metrics/pcl/fused/points_in,std_msgs/msg/Int32,41923
1774014884.4600527,/metrics/pcl/fused/processing_ms,std_msgs/msg/Float32,134.38827514648438
1774014884.7198212,/metrics/pcl/fused/detections_count,std_msgs/msg/Int32,72
1774014884.720022,/metrics/pcl/fused/points_in,std_msgs/msg/Int32,41894
1774014884.7201066,/metrics/pcl/fused/processing_ms,std_msgs/msg/Float32,137.34628295898438
1774014884.9785957,/metrics/pcl/fused/detections_count,std_msgs/msg/Int32,71
1774014884.9787152,/metrics/pcl/fused/points_in,std_msgs/msg/Int32,41868
1774014884.9787993,/metrics/pcl/fused/processing_ms,std_msgs/msg/Float32,133.9088134765625
1774014885.2186306,/metrics/pcl/fused/detections_count,std_msgs/msg/Int32,72
1774014885.2187715,/metrics/pcl/fused/points_in,std_msgs/msg/Int32,41842
1774014885.2189207,/metrics/pcl/fused/processing_ms,std_msgs/msg/Float32,136.4920654296875
1774014885.449131,/metrics/pcl/fused/detections_count,std_msgs/msg/Int32,70
1774014885.4492633,/metrics/pcl/fused/points_in,std_msgs/msg/Int32,41908
1774014885.4493537,/metrics/pcl/fused/processing_ms,std_msgs/msg/Float32,135.06964111328125
1774014885.6801116,/metrics/pcl/fused/detections_count,std_msgs/msg/Int32,74
1774014885.6802337,/metrics/pcl/fused/points_in,std_msgs/msg/Int32,41867
1774014885.6802914,/metrics/pcl/fused/processing_ms,std_msgs/msg/Float32,134.3043212890625
1774014885.915442,/metrics/pcl/fused/detections_count,std_msgs/msg/Int32,78
1774014885.9155412,/metrics/pcl/fused/points_in,std_msgs/msg/Int32,41834
1774014885.9155946,/metrics/pcl/fused/processing_ms,std_msgs/msg/Float32,137.8453369140625
1774014886.1439893,/metrics/pcl/fused/detections_count,std_msgs/msg/Int32,74
1774014886.144103,/metrics/pcl/fused/points_in,std_msgs/msg/Int32,41779
1774014886.1441665,/metrics/pcl/fused/processing_ms,std_msgs/msg/Float32,134.1678466796875
1774014886.6085567,/metrics/pcl/fused/detections_count,std_msgs/msg/Int32,76
1774014886.6087024,/metrics/pcl/fused/points_in,std_msgs/msg/Int32,41823
1774014886.6087978,/metrics/pcl/fused/processing_ms,std_msgs/msg/Float32,141.08782958984375
1774014886.843301,/metrics/pcl/fused/detections_count,std_msgs/msg/Int32,77
1774014886.8434174,/metrics/pcl/fused/points_in,std_msgs/msg/Int32,41859
1774014886.8434815,/metrics/pcl/fused/processing_ms,std_msgs/msg/Float32,137.98300170898438
1774014887.541038,/metrics/pcl/fused/detections_count,std_msgs/msg/Int32,72
1774014887.541177,/metrics/pcl/fused/points_in,std_msgs/msg/Int32,41940
1774014887.5412407,/metrics/pcl/fused/processing_ms,std_msgs/msg/Float32,136.1855926513672
1774014888.0128531,/metrics/pcl/fused/detections_count,std_msgs/msg/Int32,71
1774014888.013018,/metrics/pcl/fused/points_in,std_msgs/msg/Int32,41842
1774014888.013124,/metrics/pcl/fused/processing_ms,std_msgs/msg/Float32,138.164794921875
1774014888.477901,/metrics/pcl/fused/detections_count,std_msgs/msg/Int32,74
1774014888.4780169,/metrics/pcl/fused/points_in,std_msgs/msg/Int32,41799
1774014888.4780812,/metrics/pcl/fused/processing_ms,std_msgs/msg/Float32,134.4658660888672
1774014888.952526,/metrics/pcl/fused/detections_count,std_msgs/msg/Int32,67
1774014888.952751,/metrics/pcl/fused/points_in,std_msgs/msg/Int32,41707
1774014888.9529047,/metrics/pcl/fused/processing_ms,std_msgs/msg/Float32,136.26712036132812
1774014889.8990817,/metrics/pcl/fused/detections_count,std_msgs/msg/Int32,71
1774014889.8991973,/metrics/pcl/fused/points_in,std_msgs/msg/Int32,41963
1774014889.899267,/metrics/pcl/fused/processing_ms,std_msgs/msg/Float32,137.61412048339844
1774014890.6122222,/metrics/pcl/fused/detections_count,std_msgs/msg/Int32,69
1774014890.6123528,/metrics/pcl/fused/points_in,std_msgs/msg/Int32,41973
1774014890.6124363,/metrics/pcl/fused/processing_ms,std_msgs/msg/Float32,135.28038024902344
1774014890.8570318,/metrics/pcl/fused/detections_count,std_msgs/msg/Int32,65
1774014890.857144,/metrics/pcl/fused/points_in,std_msgs/msg/Int32,41911
1774014890.8572109,/metrics/pcl/fused/processing_ms,std_msgs/msg/Float32,136.37351989746094
1774014891.101645,/metrics/pcl/fused/detections_count,std_msgs/msg/Int32,76
1774014891.101775,/metrics/pcl/fused/points_in,std_msgs/msg/Int32,41993
1774014891.1018393,/metrics/pcl/fused/processing_ms,std_msgs/msg/Float32,135.49969482421875
1774014891.3417199,/metrics/pcl/fused/detections_count,std_msgs/msg/Int32,72
1774014891.3418388,/metrics/pcl/fused/points_in,std_msgs/msg/Int32,42019
1774014891.341924,/metrics/pcl/fused/processing_ms,std_msgs/msg/Float32,135.02320861816406
1774014891.826761,/metrics/pcl/fused/detections_count,std_msgs/msg/Int32,80
1774014891.826921,/metrics/pcl/fused/points_in,std_msgs/msg/Int32,41953
1774014891.8270214,/metrics/pcl/fused/processing_ms,std_msgs/msg/Float32,135.4282989501953
1774014892.555064,/metrics/pcl/fused/detections_count,std_msgs/msg/Int32,76
1774014892.5551767,/metrics/pcl/fused/points_in,std_msgs/msg/Int32,41866
1774014892.5552304,/metrics/pcl/fused/processing_ms,std_msgs/msg/Float32,139.41729736328125
1774014893.2860887,/metrics/pcl/fused/detections_count,std_msgs/msg/Int32,74
1774014893.2862425,/metrics/pcl/fused/points_in,std_msgs/msg/Int32,41796
1774014893.286303,/metrics/pcl/fused/processing_ms,std_msgs/msg/Float32,134.0027618408203
1774014893.5384698,/metrics/pcl/fused/detections_count,std_msgs/msg/Int32,73
1774014893.5385816,/metrics/pcl/fused/points_in,std_msgs/msg/Int32,41849
1774014893.5386488,/metrics/pcl/fused/processing_ms,std_msgs/msg/Float32,139.6309814453125
1774014894.0304224,/metrics/pcl/fused/detections_count,std_msgs/msg/Int32,73
1774014894.030538,/metrics/pcl/fused/points_in,std_msgs/msg/Int32,41791
1774014894.0306048,/metrics/pcl/fused/processing_ms,std_msgs/msg/Float32,138.8925323486328
1774014894.5228262,/metrics/pcl/fused/detections_count,std_msgs/msg/Int32,74
1774014894.522957,/metrics/pcl/fused/points_in,std_msgs/msg/Int32,41660
1774014894.523029,/metrics/pcl/fused/processing_ms,std_msgs/msg/Float32,136.46388244628906
1774014894.7813225,/metrics/pcl/fused/detections_count,std_msgs/msg/Int32,75
1774014894.7814338,/metrics/pcl/fused/points_in,std_msgs/msg/Int32,41733
1774014894.7814977,/metrics/pcl/fused/processing_ms,std_msgs/msg/Float32,132.9113311767578
1774014896.0270126,/metrics/pcl/fused/detections_count,std_msgs/msg/Int32,76
1774014896.027113,/metrics/pcl/fused/points_in,std_msgs/msg/Int32,41824
1774014896.0271652,/metrics/pcl/fused/processing_ms,std_msgs/msg/Float32,137.50796508789062
1774014896.2758217,/metrics/pcl/fused/detections_count,std_msgs/msg/Int32,68
1774014896.2759297,/metrics/pcl/fused/points_in,std_msgs/msg/Int32,41804
1774014896.275986,/metrics/pcl/fused/processing_ms,std_msgs/msg/Float32,135.67019653320312
1774014896.5244288,/metrics/pcl/fused/detections_count,std_msgs/msg/Int32,79
1774014896.5245383,/metrics/pcl/fused/points_in,std_msgs/msg/Int32,41773
1774014896.5246055,/metrics/pcl/fused/processing_ms,std_msgs/msg/Float32,133.81910705566406
1774014897.535602,/metrics/pcl/fused/detections_count,std_msgs/msg/Int32,72
1774014897.5357862,/metrics/pcl/fused/points_in,std_msgs/msg/Int32,41930
1774014897.5358543,/metrics/pcl/fused/processing_ms,std_msgs/msg/Float32,139.875732421875
1774014897.786246,/metrics/pcl/fused/detections_count,std_msgs/msg/Int32,71
1774014897.786378,/metrics/pcl/fused/points_in,std_msgs/msg/Int32,41915
1774014897.786451,/metrics/pcl/fused/processing_ms,std_msgs/msg/Float32,137.69851684570312
1774014899.0518892,/metrics/pcl/fused/detections_count,std_msgs/msg/Int32,74
1774014899.0520186,/metrics/pcl/fused/points_in,std_msgs/msg/Int32,42000
1774014899.052089,/metrics/pcl/fused/processing_ms,std_msgs/msg/Float32,139.6011199951172
1774014899.5553036,/metrics/pcl/fused/detections_count,std_msgs/msg/Int32,70
1774014899.5554283,/metrics/pcl/fused/points_in,std_msgs/msg/Int32,41944
1774014899.555499,/metrics/pcl/fused/processing_ms,std_msgs/msg/Float32,139.7901611328125
1774014900.3134809,/metrics/pcl/fused/detections_count,std_msgs/msg/Int32,73
1774014900.3135948,/metrics/pcl/fused/points_in,std_msgs/msg/Int32,42138
1774014900.31366,/metrics/pcl/fused/processing_ms,std_msgs/msg/Float32,136.1451873779297
1774014900.5700715,/metrics/pcl/fused/detections_count,std_msgs/msg/Int32,78
1774014900.570225,/metrics/pcl/fused/points_in,std_msgs/msg/Int32,42036
1774014900.5703337,/metrics/pcl/fused/processing_ms,std_msgs/msg/Float32,139.8137664794922
1774014901.831455,/metrics/pcl/fused/detections_count,std_msgs/msg/Int32,71
1774014901.8315594,/metrics/pcl/fused/points_in,std_msgs/msg/Int32,41919
1774014901.8316138,/metrics/pcl/fused/processing_ms,std_msgs/msg/Float32,137.68963623046875
1774014902.0878892,/metrics/pcl/fused/detections_count,std_msgs/msg/Int32,70
1774014902.0880435,/metrics/pcl/fused/points_in,std_msgs/msg/Int32,41870
1774014902.088114,/metrics/pcl/fused/processing_ms,std_msgs/msg/Float32,138.75534057617188
1774014902.338285,/metrics/pcl/fused/detections_count,std_msgs/msg/Int32,69
1774014902.3384023,/metrics/pcl/fused/points_in,std_msgs/msg/Int32,41858
1774014902.3384712,/metrics/pcl/fused/processing_ms,std_msgs/msg/Float32,134.92208862304688
1774014903.105705,/metrics/pcl/fused/detections_count,std_msgs/msg/Int32,79
1774014903.105804,/metrics/pcl/fused/points_in,std_msgs/msg/Int32,41924
1774014903.1058557,/metrics/pcl/fused/processing_ms,std_msgs/msg/Float32,136.24832153320312
1774014903.3591993,/metrics/pcl/fused/detections_count,std_msgs/msg/Int32,74
1774014903.359325,/metrics/pcl/fused/points_in,std_msgs/msg/Int32,41928
1774014903.3594055,/metrics/pcl/fused/processing_ms,std_msgs/msg/Float32,135.83323669433594
1774014903.6161911,/metrics/pcl/fused/detections_count,std_msgs/msg/Int32,77
1774014903.616305,/metrics/pcl/fused/points_in,std_msgs/msg/Int32,41924
1774014903.6163692,/metrics/pcl/fused/processing_ms,std_msgs/msg/Float32,140.2959442138672
1774014903.8694217,/metrics/pcl/fused/detections_count,std_msgs/msg/Int32,72
1774014903.8695683,/metrics/pcl/fused/points_in,std_msgs/msg/Int32,41878
1774014903.8696468,/metrics/pcl/fused/processing_ms,std_msgs/msg/Float32,137.7079620361328
1774014904.1230423,/metrics/pcl/fused/detections_count,std_msgs/msg/Int32,74
1774014904.1231613,/metrics/pcl/fused/points_in,std_msgs/msg/Int32,41829
1774014904.1232245,/metrics/pcl/fused/processing_ms,std_msgs/msg/Float32,136.04254150390625
1774014904.629629,/metrics/pcl/fused/detections_count,std_msgs/msg/Int32,71
1774014904.6297886,/metrics/pcl/fused/points_in,std_msgs/msg/Int32,41848
1774014904.6299112,/metrics/pcl/fused/processing_ms,std_msgs/msg/Float32,137.95748901367188
1774014904.883741,/metrics/pcl/fused/detections_count,std_msgs/msg/Int32,68
1774014904.8838468,/metrics/pcl/fused/points_in,std_msgs/msg/Int32,41790
1774014904.883917,/metrics/pcl/fused/processing_ms,std_msgs/msg/Float32,137.929443359375
1774014905.137041,/metrics/pcl/fused/detections_count,std_msgs/msg/Int32,70
1774014905.1371849,/metrics/pcl/fused/points_in,std_msgs/msg/Int32,41840
1774014905.137253,/metrics/pcl/fused/processing_ms,std_msgs/msg/Float32,138.2015838623047
1774014905.6234884,/metrics/pcl/fused/detections_count,std_msgs/msg/Int32,69
1774014905.6236007,/metrics/pcl/fused/points_in,std_msgs/msg/Int32,41786
1774014905.6236658,/metrics/pcl/fused/processing_ms,std_msgs/msg/Float32,136.27975463867188
1774014905.8573208,/metrics/pcl/fused/detections_count,std_msgs/msg/Int32,69
1774014905.8574557,/metrics/pcl/fused/points_in,std_msgs/msg/Int32,41760
1774014905.857536,/metrics/pcl/fused/processing_ms,std_msgs/msg/Float32,136.07415771484375
1774014906.087778,/metrics/pcl/fused/detections_count,std_msgs/msg/Int32,69
1774014906.0879617,/metrics/pcl/fused/points_in,std_msgs/msg/Int32,41842
1774014906.0880349,/metrics/pcl/fused/processing_ms,std_msgs/msg/Float32,134.6817626953125
1774014906.3218944,/metrics/pcl/fused/detections_count,std_msgs/msg/Int32,74
1774014906.321996,/metrics/pcl/fused/points_in,std_msgs/msg/Int32,41919
1774014906.3220494,/metrics/pcl/fused/processing_ms,std_msgs/msg/Float32,136.94467163085938
1774014906.5550954,/metrics/pcl/fused/detections_count,std_msgs/msg/Int32,75
1774014906.5551991,/metrics/pcl/fused/points_in,std_msgs/msg/Int32,41881
1774014906.5552511,/metrics/pcl/fused/processing_ms,std_msgs/msg/Float32,138.5198974609375
1774014906.7838664,/metrics/pcl/fused/detections_count,std_msgs/msg/Int32,69
1774014906.783993,/metrics/pcl/fused/points_in,std_msgs/msg/Int32,41769
1774014906.784083,/metrics/pcl/fused/processing_ms,std_msgs/msg/Float32,134.24356079101562
1774014907.0188813,/metrics/pcl/fused/detections_count,std_msgs/msg/Int32,70
1774014907.0190272,/metrics/pcl/fused/points_in,std_msgs/msg/Int32,41882
1774014907.0191002,/metrics/pcl/fused/processing_ms,std_msgs/msg/Float32,135.2439727783203
1774014907.2529495,/metrics/pcl/fused/detections_count,std_msgs/msg/Int32,70
1774014907.2531788,/metrics/pcl/fused/points_in,std_msgs/msg/Int32,41770
1774014907.2532642,/metrics/pcl/fused/processing_ms,std_msgs/msg/Float32,134.68911743164062
1774014907.9509423,/metrics/pcl/fused/detections_count,std_msgs/msg/Int32,77
1774014907.951052,/metrics/pcl/fused/points_in,std_msgs/msg/Int32,41818
1774014907.9511573,/metrics/pcl/fused/processing_ms,std_msgs/msg/Float32,136.667724609375
1774014908.8892035,/metrics/pcl/fused/detections_count,std_msgs/msg/Int32,70
1774014908.8893492,/metrics/pcl/fused/points_in,std_msgs/msg/Int32,41801
1774014908.889424,/metrics/pcl/fused/processing_ms,std_msgs/msg/Float32,138.63131713867188
1774014909.126723,/metrics/pcl/fused/detections_count,std_msgs/msg/Int32,70
1774014909.1268678,/metrics/pcl/fused/points_in,std_msgs/msg/Int32,41765
1774014909.1269734,/metrics/pcl/fused/processing_ms,std_msgs/msg/Float32,136.67599487304688
1774014909.3655922,/metrics/pcl/fused/detections_count,std_msgs/msg/Int32,76
1774014909.3657045,/metrics/pcl/fused/points_in,std_msgs/msg/Int32,41706
1774014909.365767,/metrics/pcl/fused/processing_ms,std_msgs/msg/Float32,137.7320556640625
1774014910.3053029,/metrics/pcl/fused/detections_count,std_msgs/msg/Int32,72
1774014910.3054364,/metrics/pcl/fused/points_in,std_msgs/msg/Int32,41822
1774014910.3054912,/metrics/pcl/fused/processing_ms,std_msgs/msg/Float32,132.71966552734375
1774014911.7327385,/metrics/pcl/fused/detections_count,std_msgs/msg/Int32,70
1774014911.7329085,/metrics/pcl/fused/points_in,std_msgs/msg/Int32,41673
1774014911.7329693,/metrics/pcl/fused/processing_ms,std_msgs/msg/Float32,135.70030212402344
1774014911.9755507,/metrics/pcl/fused/detections_count,std_msgs/msg/Int32,75
1774014911.9757183,/metrics/pcl/fused/points_in,std_msgs/msg/Int32,41818
1774014911.9757762,/metrics/pcl/fused/processing_ms,std_msgs/msg/Float32,135.02281188964844
1774014912.2202482,/metrics/pcl/fused/detections_count,std_msgs/msg/Int32,64
1774014912.2204375,/metrics/pcl/fused/points_in,std_msgs/msg/Int32,41862
1774014912.2205162,/metrics/pcl/fused/processing_ms,std_msgs/msg/Float32,135.25509643554688
1774014912.7039232,/metrics/pcl/fused/detections_count,std_msgs/msg/Int32,77
1774014912.7040575,/metrics/pcl/fused/points_in,std_msgs/msg/Int32,42031
1774014912.704119,/metrics/pcl/fused/processing_ms,std_msgs/msg/Float32,139.7601776123047
1774014912.9478004,/metrics/pcl/fused/detections_count,std_msgs/msg/Int32,73
1774014912.9479241,/metrics/pcl/fused/points_in,std_msgs/msg/Int32,41837
1774014912.9479945,/metrics/pcl/fused/processing_ms,std_msgs/msg/Float32,138.57432556152344
1774014913.453403,/metrics/pcl/fused/detections_count,std_msgs/msg/Int32,75
1774014913.4536333,/metrics/pcl/fused/points_in,std_msgs/msg/Int32,41772
1774014913.4537945,/metrics/pcl/fused/processing_ms,std_msgs/msg/Float32,136.21681213378906
1774014913.7071502,/metrics/pcl/fused/detections_count,std_msgs/msg/Int32,67
1774014913.7072964,/metrics/pcl/fused/points_in,std_msgs/msg/Int32,41897
1774014913.7073722,/metrics/pcl/fused/processing_ms,std_msgs/msg/Float32,133.25326538085938
1774014913.9603863,/metrics/pcl/fused/detections_count,std_msgs/msg/Int32,77
1774014913.96052,/metrics/pcl/fused/points_in,std_msgs/msg/Int32,41899
1774014913.9605956,/metrics/pcl/fused/processing_ms,std_msgs/msg/Float32,133.3308563232422
1774014914.2138598,/metrics/pcl/fused/detections_count,std_msgs/msg/Int32,67
1774014914.213968,/metrics/pcl/fused/points_in,std_msgs/msg/Int32,41775
1774014914.2140236,/metrics/pcl/fused/processing_ms,std_msgs/msg/Float32,134.4881134033203
1774014914.7131774,/metrics/pcl/fused/detections_count,std_msgs/msg/Int32,78
1774014914.7133243,/metrics/pcl/fused/points_in,std_msgs/msg/Int32,41820
1774014914.7133906,/metrics/pcl/fused/processing_ms,std_msgs/msg/Float32,133.8404083251953
1774014914.9694061,/metrics/pcl/fused/detections_count,std_msgs/msg/Int32,74
1774014914.9695323,/metrics/pcl/fused/points_in,std_msgs/msg/Int32,41767
1774014914.969588,/metrics/pcl/fused/processing_ms,std_msgs/msg/Float32,135.57269287109375
1774014915.2210414,/metrics/pcl/fused/detections_count,std_msgs/msg/Int32,68
1774014915.221175,/metrics/pcl/fused/points_in,std_msgs/msg/Int32,41777
1774014915.2212434,/metrics/pcl/fused/processing_ms,std_msgs/msg/Float32,133.0557403564453
1774014915.4700098,/metrics/pcl/fused/detections_count,std_msgs/msg/Int32,71
1774014915.4701364,/metrics/pcl/fused/points_in,std_msgs/msg/Int32,41759
1774014915.4702444,/metrics/pcl/fused/processing_ms,std_msgs/msg/Float32,134.14454650878906
1774014915.731571,/metrics/pcl/fused/detections_count,std_msgs/msg/Int32,72
1774014915.7316968,/metrics/pcl/fused/points_in,std_msgs/msg/Int32,41812
1774014915.7317693,/metrics/pcl/fused/processing_ms,std_msgs/msg/Float32,139.7207489013672
1774014915.9840043,/metrics/pcl/fused/detections_count,std_msgs/msg/Int32,74
1774014915.9841156,/metrics/pcl/fused/points_in,std_msgs/msg/Int32,41753
1774014915.9841774,/metrics/pcl/fused/processing_ms,std_msgs/msg/Float32,138.41554260253906
1774014916.2473776,/metrics/pcl/fused/detections_count,std_msgs/msg/Int32,68
1774014916.2474945,/metrics/pcl/fused/points_in,std_msgs/msg/Int32,41944
1774014916.2475612,/metrics/pcl/fused/processing_ms,std_msgs/msg/Float32,148.52345275878906
1774014916.5022593,/metrics/pcl/fused/detections_count,std_msgs/msg/Int32,79
1774014916.502423,/metrics/pcl/fused/points_in,std_msgs/msg/Int32,41784
1774014916.5024986,/metrics/pcl/fused/processing_ms,std_msgs/msg/Float32,139.8546600341797
1774014916.753349,/metrics/pcl/fused/detections_count,std_msgs/msg/Int32,66
1774014916.7535124,/metrics/pcl/fused/points_in,std_msgs/msg/Int32,41727
1774014916.7536263,/metrics/pcl/fused/processing_ms,std_msgs/msg/Float32,139.16629028320312
1774014917.0056472,/metrics/pcl/fused/detections_count,std_msgs/msg/Int32,73
1774014917.0057914,/metrics/pcl/fused/points_in,std_msgs/msg/Int32,41689
1774014917.0058901,/metrics/pcl/fused/processing_ms,std_msgs/msg/Float32,139.82972717285156
1774014917.2525854,/metrics/pcl/fused/detections_count,std_msgs/msg/Int32,68
1774014917.2527273,/metrics/pcl/fused/points_in,std_msgs/msg/Int32,41756
1774014917.2528062,/metrics/pcl/fused/processing_ms,std_msgs/msg/Float32,132.80325317382812
1774014917.5065773,/metrics/pcl/fused/detections_count,std_msgs/msg/Int32,68
1774014917.506686,/metrics/pcl/fused/points_in,std_msgs/msg/Int32,41771
1774014917.506741,/metrics/pcl/fused/processing_ms,std_msgs/msg/Float32,137.0355987548828
1774014918.0112538,/metrics/pcl/fused/detections_count,std_msgs/msg/Int32,72
1774014918.011367,/metrics/pcl/fused/points_in,std_msgs/msg/Int32,41798
1774014918.0114312,/metrics/pcl/fused/processing_ms,std_msgs/msg/Float32,137.44894409179688
1774014918.260115,/metrics/pcl/fused/detections_count,std_msgs/msg/Int32,75
1774014918.2602274,/metrics/pcl/fused/points_in,std_msgs/msg/Int32,41509
1774014918.2602894,/metrics/pcl/fused/processing_ms,std_msgs/msg/Float32,135.6069793701172
1774014918.7627704,/metrics/pcl/fused/detections_count,std_msgs/msg/Int32,72
1774014918.7629745,/metrics/pcl/fused/points_in,std_msgs/msg/Int32,41579
1774014918.7630794,/metrics/pcl/fused/processing_ms,std_msgs/msg/Float32,137.7108612060547
1774014919.0232158,/metrics/pcl/fused/detections_count,std_msgs/msg/Int32,74
1774014919.0233617,/metrics/pcl/fused/points_in,std_msgs/msg/Int32,41692
1774014919.0234778,/metrics/pcl/fused/processing_ms,std_msgs/msg/Float32,142.9571075439453
1774014919.2706556,/metrics/pcl/fused/detections_count,std_msgs/msg/Int32,72
1774014919.270828,/metrics/pcl/fused/points_in,std_msgs/msg/Int32,41496
1774014919.2709134,/metrics/pcl/fused/processing_ms,std_msgs/msg/Float32,137.15904235839844
1774014919.516113,/metrics/pcl/fused/detections_count,std_msgs/msg/Int32,72
1774014919.5162663,/metrics/pcl/fused/points_in,std_msgs/msg/Int32,41327
1774014919.5163414,/metrics/pcl/fused/processing_ms,std_msgs/msg/Float32,130.78085327148438
1774014920.0264087,/metrics/pcl/fused/detections_count,std_msgs/msg/Int32,72
1774014920.02653,/metrics/pcl/fused/points_in,std_msgs/msg/Int32,41098
1774014920.026593,/metrics/pcl/fused/processing_ms,std_msgs/msg/Float32,132.5369415283203
1774014920.280071,/metrics/pcl/fused/detections_count,std_msgs/msg/Int32,74
1774014920.2801828,/metrics/pcl/fused/points_in,std_msgs/msg/Int32,41456
1774014920.2802453,/metrics/pcl/fused/processing_ms,std_msgs/msg/Float32,134.5633544921875
1774014920.5313733,/metrics/pcl/fused/detections_count,std_msgs/msg/Int32,74
1774014920.5314896,/metrics/pcl/fused/points_in,std_msgs/msg/Int32,41523
1774014920.531561,/metrics/pcl/fused/processing_ms,std_msgs/msg/Float32,136.08595275878906
1774014920.7854764,/metrics/pcl/fused/detections_count,std_msgs/msg/Int32,71
1774014920.785597,/metrics/pcl/fused/points_in,std_msgs/msg/Int32,41837
1774014920.785654,/metrics/pcl/fused/processing_ms,std_msgs/msg/Float32,137.10877990722656
1774014921.2896369,/metrics/pcl/fused/detections_count,std_msgs/msg/Int32,77
1774014921.2897677,/metrics/pcl/fused/points_in,std_msgs/msg/Int32,41909
1774014921.2898371,/metrics/pcl/fused/processing_ms,std_msgs/msg/Float32,136.40127563476562
1774014922.0543962,/metrics/pcl/fused/detections_count,std_msgs/msg/Int32,73
1774014922.0545552,/metrics/pcl/fused/points_in,std_msgs/msg/Int32,41891
1774014922.0546517,/metrics/pcl/fused/processing_ms,std_msgs/msg/Float32,138.18701171875
1774014922.559789,/metrics/pcl/fused/detections_count,std_msgs/msg/Int32,72
1774014922.5599134,/metrics/pcl/fused/points_in,std_msgs/msg/Int32,41838
1774014922.5599828,/metrics/pcl/fused/processing_ms,std_msgs/msg/Float32,137.54933166503906
1774014922.8163757,/metrics/pcl/fused/detections_count,std_msgs/msg/Int32,70
1774014922.816488,/metrics/pcl/fused/points_in,std_msgs/msg/Int32,41873
1774014922.8165717,/metrics/pcl/fused/processing_ms,std_msgs/msg/Float32,138.5861053466797
1774014923.070414,/metrics/pcl/fused/detections_count,std_msgs/msg/Int32,74
1774014923.0706115,/metrics/pcl/fused/points_in,std_msgs/msg/Int32,41770
1774014923.070732,/metrics/pcl/fused/processing_ms,std_msgs/msg/Float32,136.2147979736328
1774014923.323954,/metrics/pcl/fused/detections_count,std_msgs/msg/Int32,78
1774014923.3240674,/metrics/pcl/fused/points_in,std_msgs/msg/Int32,41810
1774014923.3241305,/metrics/pcl/fused/processing_ms,std_msgs/msg/Float32,135.42733764648438
1774014923.8362014,/metrics/pcl/fused/detections_count,std_msgs/msg/Int32,68
1774014923.8363545,/metrics/pcl/fused/points_in,std_msgs/msg/Int32,41890
1774014923.8364353,/metrics/pcl/fused/processing_ms,std_msgs/msg/Float32,140.11187744140625
1774014924.091511,/metrics/pcl/fused/detections_count,std_msgs/msg/Int32,70
1774014924.0916672,/metrics/pcl/fused/points_in,std_msgs/msg/Int32,41892
1774014924.0917397,/metrics/pcl/fused/processing_ms,std_msgs/msg/Float32,135.8826446533203
1774014924.345458,/metrics/pcl/fused/detections_count,std_msgs/msg/Int32,68
1774014924.3455899,/metrics/pcl/fused/points_in,std_msgs/msg/Int32,41959
1774014924.3456628,/metrics/pcl/fused/processing_ms,std_msgs/msg/Float32,134.45240783691406
1774014924.6112592,/metrics/pcl/fused/detections_count,std_msgs/msg/Int32,67
1774014924.6113706,/metrics/pcl/fused/points_in,std_msgs/msg/Int32,41915
1774014924.611434,/metrics/pcl/fused/processing_ms,std_msgs/msg/Float32,138.9652099609375
1774014924.8800154,/metrics/pcl/fused/detections_count,std_msgs/msg/Int32,70
1774014924.8801441,/metrics/pcl/fused/points_in,std_msgs/msg/Int32,41884
1774014924.880224,/metrics/pcl/fused/processing_ms,std_msgs/msg/Float32,140.40577697753906
1774014925.412989,/metrics/pcl/fused/detections_count,std_msgs/msg/Int32,69
1774014925.4131007,/metrics/pcl/fused/points_in,std_msgs/msg/Int32,41731
1774014925.413163,/metrics/pcl/fused/processing_ms,std_msgs/msg/Float32,138.32179260253906
1774014925.6785135,/metrics/pcl/fused/detections_count,std_msgs/msg/Int32,71
1774014925.6786275,/metrics/pcl/fused/points_in,std_msgs/msg/Int32,41937
1774014925.6786962,/metrics/pcl/fused/processing_ms,std_msgs/msg/Float32,141.3011016845703
1774014925.9385996,/metrics/pcl/fused/detections_count,std_msgs/msg/Int32,74
1774014925.9387474,/metrics/pcl/fused/points_in,std_msgs/msg/Int32,41610
1774014925.9388387,/metrics/pcl/fused/processing_ms,std_msgs/msg/Float32,135.67459106445312
1774014926.1725194,/metrics/pcl/fused/detections_count,std_msgs/msg/Int32,74
1774014926.1726425,/metrics/pcl/fused/points_in,std_msgs/msg/Int32,41558
1774014926.1727078,/metrics/pcl/fused/processing_ms,std_msgs/msg/Float32,132.80007934570312
1774014926.4083672,/metrics/pcl/fused/detections_count,std_msgs/msg/Int32,74
1774014926.4084687,/metrics/pcl/fused/points_in,std_msgs/msg/Int32,41420
1774014926.408522,/metrics/pcl/fused/processing_ms,std_msgs/msg/Float32,134.6192626953125
1774014926.8722556,/metrics/pcl/fused/detections_count,std_msgs/msg/Int32,76
1774014926.8723564,/metrics/pcl/fused/points_in,std_msgs/msg/Int32,41513
1774014926.8724108,/metrics/pcl/fused/processing_ms,std_msgs/msg/Float32,135.6575164794922
1774014927.5548425,/metrics/pcl/fused/detections_count,std_msgs/msg/Int32,72
1774014927.554992,/metrics/pcl/fused/points_in,std_msgs/msg/Int32,41383
1774014927.5550601,/metrics/pcl/fused/processing_ms,std_msgs/msg/Float32,133.27804565429688
1774014928.0090773,/metrics/pcl/fused/detections_count,std_msgs/msg/Int32,68
1774014928.0091953,/metrics/pcl/fused/processing_ms,std_msgs/msg/Float32,133.3623046875
1774014928.0094311,/metrics/pcl/fused/points_in,std_msgs/msg/Int32,40941
1774014928.239989,/metrics/pcl/fused/detections_count,std_msgs/msg/Int32,77
1774014928.2401128,/metrics/pcl/fused/points_in,std_msgs/msg/Int32,40958
1774014928.2401917,/metrics/pcl/fused/processing_ms,std_msgs/msg/Float32,134.20132446289062
1774014928.4660566,/metrics/pcl/fused/detections_count,std_msgs/msg/Int32,78
1774014928.4661694,/metrics/pcl/fused/points_in,std_msgs/msg/Int32,40908
1774014928.466234,/metrics/pcl/fused/processing_ms,std_msgs/msg/Float32,132.6383056640625
1774014928.6946456,/metrics/pcl/fused/detections_count,std_msgs/msg/Int32,72
1774014928.6947577,/metrics/pcl/fused/points_in,std_msgs/msg/Int32,40957
1774014928.6948206,/metrics/pcl/fused/processing_ms,std_msgs/msg/Float32,131.78131103515625
1774014928.9252057,/metrics/pcl/fused/detections_count,std_msgs/msg/Int32,77
1774014928.9253232,/metrics/pcl/fused/points_in,std_msgs/msg/Int32,41096
1774014928.9253862,/metrics/pcl/fused/processing_ms,std_msgs/msg/Float32,132.70323181152344
1774014929.6188517,/metrics/pcl/fused/detections_count,std_msgs/msg/Int32,70
1774014929.619095,/metrics/pcl/fused/points_in,std_msgs/msg/Int32,40942
1774014929.6191795,/metrics/pcl/fused/processing_ms,std_msgs/msg/Float32,134.6929931640625
1774014929.849784,/metrics/pcl/fused/detections_count,std_msgs/msg/Int32,76
1774014929.8499105,/metrics/pcl/fused/points_in,std_msgs/msg/Int32,40983
1774014929.8499775,/metrics/pcl/fused/processing_ms,std_msgs/msg/Float32,134.67042541503906
1774014930.5445206,/metrics/pcl/fused/detections_count,std_msgs/msg/Int32,73
1774014930.5446677,/metrics/pcl/fused/points_in,std_msgs/msg/Int32,41237
1774014930.544741,/metrics/pcl/fused/processing_ms,std_msgs/msg/Float32,136.1536865234375
1774014930.7754104,/metrics/pcl/fused/detections_count,std_msgs/msg/Int32,68
1774014930.7755237,/metrics/pcl/fused/points_in,std_msgs/msg/Int32,41560
1774014930.7755868,/metrics/pcl/fused/processing_ms,std_msgs/msg/Float32,133.59561157226562
1774014931.7195506,/metrics/pcl/fused/detections_count,std_msgs/msg/Int32,66
1774014931.7197294,/metrics/pcl/fused/points_in,std_msgs/msg/Int32,41803
1774014931.719819,/metrics/pcl/fused/processing_ms,std_msgs/msg/Float32,140.63436889648438
1774014931.9521856,/metrics/pcl/fused/detections_count,std_msgs/msg/Int32,73
1774014931.9523137,/metrics/pcl/fused/points_in,std_msgs/msg/Int32,41578
1774014931.9524457,/metrics/pcl/fused/processing_ms,std_msgs/msg/Float32,134.80955505371094
1774014932.1979485,/metrics/pcl/fused/detections_count,std_msgs/msg/Int32,79
1774014932.1981053,/metrics/pcl/fused/points_in,std_msgs/msg/Int32,41624
1774014932.1982143,/metrics/pcl/fused/processing_ms,std_msgs/msg/Float32,137.33731079101562
1774014932.684952,/metrics/pcl/fused/detections_count,std_msgs/msg/Int32,75
1774014932.6850936,/metrics/pcl/fused/points_in,std_msgs/msg/Int32,41688
1774014932.6851726,/metrics/pcl/fused/processing_ms,std_msgs/msg/Float32,135.14822387695312
1774014932.9417827,/metrics/pcl/fused/detections_count,std_msgs/msg/Int32,72
1774014932.9419086,/metrics/pcl/fused/points_in,std_msgs/msg/Int32,41536
1774014932.9419768,/metrics/pcl/fused/processing_ms,std_msgs/msg/Float32,143.2958221435547
1774014933.6818666,/metrics/pcl/fused/detections_count,std_msgs/msg/Int32,77
1774014933.6820297,/metrics/pcl/fused/points_in,std_msgs/msg/Int32,40917
1774014933.682114,/metrics/pcl/fused/processing_ms,std_msgs/msg/Float32,137.4426727294922
1774014933.9468317,/metrics/pcl/fused/detections_count,std_msgs/msg/Int32,78
1774014933.946994,/metrics/pcl/fused/points_in,std_msgs/msg/Int32,40969
1774014933.9471126,/metrics/pcl/fused/processing_ms,std_msgs/msg/Float32,136.53334045410156
1774014934.1892843,/metrics/pcl/fused/detections_count,std_msgs/msg/Int32,79
1774014934.1894472,/metrics/pcl/fused/points_in,std_msgs/msg/Int32,41119
1774014934.1895692,/metrics/pcl/fused/processing_ms,std_msgs/msg/Float32,136.7352752685547
1774014934.4392974,/metrics/pcl/fused/detections_count,std_msgs/msg/Int32,76
1774014934.4394722,/metrics/pcl/fused/points_in,std_msgs/msg/Int32,41072
1774014934.4395525,/metrics/pcl/fused/processing_ms,std_msgs/msg/Float32,137.02061462402344
1774014934.682001,/metrics/pcl/fused/detections_count,std_msgs/msg/Int32,73
1774014934.6821094,/metrics/pcl/fused/points_in,std_msgs/msg/Int32,41219
1774014934.6821744,/metrics/pcl/fused/processing_ms,std_msgs/msg/Float32,134.60922241210938
1774014934.9242394,/metrics/pcl/fused/detections_count,std_msgs/msg/Int32,72
1774014934.9243505,/metrics/pcl/fused/points_in,std_msgs/msg/Int32,41333
1774014934.924414,/metrics/pcl/fused/processing_ms,std_msgs/msg/Float32,136.23779296875
1774014935.164676,/metrics/pcl/fused/detections_count,std_msgs/msg/Int32,76
1774014935.1647878,/metrics/pcl/fused/points_in,std_msgs/msg/Int32,41272
1774014935.16485,/metrics/pcl/fused/processing_ms,std_msgs/msg/Float32,134.4535369873047
1774014935.4085708,/metrics/pcl/fused/detections_count,std_msgs/msg/Int32,74
1774014935.4086807,/metrics/pcl/fused/points_in,std_msgs/msg/Int32,40686
1774014935.4087434,/metrics/pcl/fused/processing_ms,std_msgs/msg/Float32,132.31129455566406
1774014935.6524336,/metrics/pcl/fused/detections_count,std_msgs/msg/Int32,76
1774014935.6525764,/metrics/pcl/fused/points_in,std_msgs/msg/Int32,40767
1774014935.652644,/metrics/pcl/fused/processing_ms,std_msgs/msg/Float32,130.38890075683594
1774014935.8983004,/metrics/pcl/fused/detections_count,std_msgs/msg/Int32,67
1774014935.8983974,/metrics/pcl/fused/points_in,std_msgs/msg/Int32,41057
1774014935.8984516,/metrics/pcl/fused/processing_ms,std_msgs/msg/Float32,131.00892639160156
1774014936.1545415,/metrics/pcl/fused/detections_count,std_msgs/msg/Int32,79
1774014936.1546736,/metrics/pcl/fused/points_in,std_msgs/msg/Int32,41100
1774014936.1547382,/metrics/pcl/fused/processing_ms,std_msgs/msg/Float32,141.7843017578125
1774014936.640673,/metrics/pcl/fused/detections_count,std_msgs/msg/Int32,71
1774014936.6408033,/metrics/pcl/fused/points_in,std_msgs/msg/Int32,41292
1774014936.6408985,/metrics/pcl/fused/processing_ms,std_msgs/msg/Float32,139.06564331054688
1774014936.8816707,/metrics/pcl/fused/detections_count,std_msgs/msg/Int32,74
1774014936.8817675,/metrics/pcl/fused/points_in,std_msgs/msg/Int32,41358
1774014936.8818207,/metrics/pcl/fused/processing_ms,std_msgs/msg/Float32,136.7887420654297
1774014937.1214237,/metrics/pcl/fused/detections_count,std_msgs/msg/Int32,76
1774014937.1215272,/metrics/pcl/fused/points_in,std_msgs/msg/Int32,41323
1774014937.1215956,/metrics/pcl/fused/processing_ms,std_msgs/msg/Float32,133.61024475097656
1774014937.3653417,/metrics/pcl/fused/detections_count,std_msgs/msg/Int32,77
1774014937.3654537,/metrics/pcl/fused/points_in,std_msgs/msg/Int32,41283
1774014937.3655176,/metrics/pcl/fused/processing_ms,std_msgs/msg/Float32,131.4048614501953
1774014939.0830846,/metrics/pcl/fused/detections_count,std_msgs/msg/Int32,80
1774014939.0831957,/metrics/pcl/fused/points_in,std_msgs/msg/Int32,41445
1774014939.0832596,/metrics/pcl/fused/processing_ms,std_msgs/msg/Float32,131.67298889160156
1774014939.5881355,/metrics/pcl/fused/detections_count,std_msgs/msg/Int32,75
1774014939.5882661,/metrics/pcl/fused/points_in,std_msgs/msg/Int32,41611
1774014939.5883229,/metrics/pcl/fused/processing_ms,std_msgs/msg/Float32,140.57833862304688
1774014939.831314,/metrics/pcl/fused/detections_count,std_msgs/msg/Int32,70
1774014939.8314164,/metrics/pcl/fused/points_in,std_msgs/msg/Int32,41486
1774014939.8314722,/metrics/pcl/fused/processing_ms,std_msgs/msg/Float32,132.4467010498047
1774014940.077709,/metrics/pcl/fused/detections_count,std_msgs/msg/Int32,70
1774014940.0778244,/metrics/pcl/fused/points_in,std_msgs/msg/Int32,41349
1774014940.077905,/metrics/pcl/fused/processing_ms,std_msgs/msg/Float32,132.9901580810547
1774014940.5716062,/metrics/pcl/fused/detections_count,std_msgs/msg/Int32,71
1774014940.5717483,/metrics/pcl/fused/points_in,std_msgs/msg/Int32,40912
1774014940.5718038,/metrics/pcl/fused/processing_ms,std_msgs/msg/Float32,133.11961364746094
1774014940.8188186,/metrics/pcl/fused/detections_count,std_msgs/msg/Int32,77
1774014940.8190787,/metrics/pcl/fused/points_in,std_msgs/msg/Int32,41069
1774014940.8191679,/metrics/pcl/fused/processing_ms,std_msgs/msg/Float32,132.76498413085938
1774014941.0685406,/metrics/pcl/fused/detections_count,std_msgs/msg/Int32,76
1774014941.068698,/metrics/pcl/fused/points_in,std_msgs/msg/Int32,41140
1774014941.068779,/metrics/pcl/fused/processing_ms,std_msgs/msg/Float32,132.66407775878906
1774014941.3167107,/metrics/pcl/fused/detections_count,std_msgs/msg/Int32,78
1774014941.3168309,/metrics/pcl/fused/points_in,std_msgs/msg/Int32,40951
1774014941.3169143,/metrics/pcl/fused/processing_ms,std_msgs/msg/Float32,132.95143127441406
1774014942.5453558,/metrics/pcl/fused/detections_count,std_msgs/msg/Int32,76
1774014942.545463,/metrics/pcl/fused/points_in,std_msgs/msg/Int32,40242
1774014942.5455365,/metrics/pcl/fused/processing_ms,std_msgs/msg/Float32,131.07772827148438
1774014943.531413,/metrics/pcl/fused/detections_count,std_msgs/msg/Int32,71
1774014943.5315278,/metrics/pcl/fused/points_in,std_msgs/msg/Int32,41103
1774014943.5315926,/metrics/pcl/fused/processing_ms,std_msgs/msg/Float32,130.89663696289062
1774014945.0185604,/metrics/pcl/fused/detections_count,std_msgs/msg/Int32,75
1774014945.0186992,/metrics/pcl/fused/points_in,std_msgs/msg/Int32,41331
1774014945.0187707,/metrics/pcl/fused/processing_ms,std_msgs/msg/Float32,134.3406219482422
1774014945.2642236,/metrics/pcl/fused/detections_count,std_msgs/msg/Int32,77
1774014945.264334,/metrics/pcl/fused/points_in,std_msgs/msg/Int32,41186
1774014945.2644103,/metrics/pcl/fused/processing_ms,std_msgs/msg/Float32,131.00486755371094
1774014945.513505,/metrics/pcl/fused/detections_count,std_msgs/msg/Int32,72
1774014945.513627,/metrics/pcl/fused/points_in,std_msgs/msg/Int32,40999
1774014945.5137029,/metrics/pcl/fused/processing_ms,std_msgs/msg/Float32,134.0189208984375
1774014947.0917199,/metrics/pcl/fused/detections_count,std_msgs/msg/Int32,73
1774014947.0918427,/metrics/pcl/fused/points_in,std_msgs/msg/Int32,38789
1774014947.0919654,/metrics/pcl/fused/processing_ms,std_msgs/msg/Float32,305.83135986328125
1774014947.3163788,/metrics/pcl/fused/detections_count,std_msgs/msg/Int32,69
1774014947.3165267,/metrics/pcl/fused/points_in,std_msgs/msg/Int32,36138
1774014947.3166106,/metrics/pcl/fused/processing_ms,std_msgs/msg/Float32,120.01077270507812
1774014947.5448296,/metrics/pcl/fused/detections_count,std_msgs/msg/Int32,68
1774014947.5449905,/metrics/pcl/fused/points_in,std_msgs/msg/Int32,35175
1774014947.545059,/metrics/pcl/fused/processing_ms,std_msgs/msg/Float32,118.42906951904297
1774014947.7631736,/metrics/pcl/fused/detections_count,std_msgs/msg/Int32,65
1774014947.763286,/metrics/pcl/fused/points_in,std_msgs/msg/Int32,35506
1774014947.7633522,/metrics/pcl/fused/processing_ms,std_msgs/msg/Float32,115.2353515625
1774014947.9977353,/metrics/pcl/fused/detections_count,std_msgs/msg/Int32,69
1774014947.9978926,/metrics/pcl/fused/points_in,std_msgs/msg/Int32,37934
1774014947.9980068,/metrics/pcl/fused/processing_ms,std_msgs/msg/Float32,124.76375579833984
1774014948.2246315,/metrics/pcl/fused/detections_count,std_msgs/msg/Int32,67
1774014948.2247872,/metrics/pcl/fused/points_in,std_msgs/msg/Int32,38457
1774014948.224856,/metrics/pcl/fused/processing_ms,std_msgs/msg/Float32,125.09324645996094
1774014948.4437103,/metrics/pcl/fused/detections_count,std_msgs/msg/Int32,69
1774014948.4438229,/metrics/pcl/fused/points_in,std_msgs/msg/Int32,35983
1774014948.4439063,/metrics/pcl/fused/processing_ms,std_msgs/msg/Float32,117.63401794433594
1774014948.6592524,/metrics/pcl/fused/detections_count,std_msgs/msg/Int32,63
1774014948.659373,/metrics/pcl/fused/points_in,std_msgs/msg/Int32,33748
1774014948.6594357,/metrics/pcl/fused/processing_ms,std_msgs/msg/Float32,105.30305480957031
1774014948.8843243,/metrics/pcl/fused/detections_count,std_msgs/msg/Int32,66
1774014948.8844337,/metrics/pcl/fused/points_in,std_msgs/msg/Int32,32744
1774014948.884519,/metrics/pcl/fused/processing_ms,std_msgs/msg/Float32,106.79383087158203
1774014949.1063814,/metrics/pcl/fused/detections_count,std_msgs/msg/Int32,63
1774014949.1065023,/metrics/pcl/fused/points_in,std_msgs/msg/Int32,31916
1774014949.1065767,/metrics/pcl/fused/processing_ms,std_msgs/msg/Float32,105.199462890625
1774014949.332237,/metrics/pcl/fused/detections_count,std_msgs/msg/Int32,66
1774014949.3323445,/metrics/pcl/fused/points_in,std_msgs/msg/Int32,32398
1774014949.3324268,/metrics/pcl/fused/processing_ms,std_msgs/msg/Float32,105.21392822265625
1774014949.5662181,/metrics/pcl/fused/detections_count,std_msgs/msg/Int32,71
1774014949.5663517,/metrics/pcl/fused/points_in,std_msgs/msg/Int32,34223
1774014949.5664248,/metrics/pcl/fused/processing_ms,std_msgs/msg/Float32,115.81842041015625
1774014949.7882757,/metrics/pcl/fused/detections_count,std_msgs/msg/Int32,64
1774014949.7884266,/metrics/pcl/fused/points_in,std_msgs/msg/Int32,34292
1774014949.7884953,/metrics/pcl/fused/processing_ms,std_msgs/msg/Float32,112.73424530029297
1774014950.0130763,/metrics/pcl/fused/detections_count,std_msgs/msg/Int32,69
1774014950.0131931,/metrics/pcl/fused/points_in,std_msgs/msg/Int32,33846
1774014950.013263,/metrics/pcl/fused/processing_ms,std_msgs/msg/Float32,113.2283706665039
1774014950.2357352,/metrics/pcl/fused/detections_count,std_msgs/msg/Int32,67
1774014950.23586,/metrics/pcl/fused/points_in,std_msgs/msg/Int32,33444
1774014950.2359588,/metrics/pcl/fused/processing_ms,std_msgs/msg/Float32,110.624267578125
1774014950.4616923,/metrics/pcl/fused/detections_count,std_msgs/msg/Int32,69
1774014950.4618104,/metrics/pcl/fused/points_in,std_msgs/msg/Int32,33082
1774014950.461888,/metrics/pcl/fused/processing_ms,std_msgs/msg/Float32,112.32270050048828
1774014950.6857028,/metrics/pcl/fused/detections_count,std_msgs/msg/Int32,70
1774014950.685827,/metrics/pcl/fused/points_in,std_msgs/msg/Int32,32498
1774014950.685906,/metrics/pcl/fused/processing_ms,std_msgs/msg/Float32,110.10092163085938
1774014950.9093304,/metrics/pcl/fused/detections_count,std_msgs/msg/Int32,62
1774014950.9094536,/metrics/pcl/fused/points_in,std_msgs/msg/Int32,32117
1774014950.909517,/metrics/pcl/fused/processing_ms,std_msgs/msg/Float32,109.17487335205078
1774014951.143718,/metrics/pcl/fused/detections_count,std_msgs/msg/Int32,66
1774014951.143854,/metrics/pcl/fused/points_in,std_msgs/msg/Int32,33191
1774014951.1439419,/metrics/pcl/fused/processing_ms,std_msgs/msg/Float32,114.15589904785156
1774014951.3815243,/metrics/pcl/fused/detections_count,std_msgs/msg/Int32,64
1774014951.381639,/metrics/pcl/fused/points_in,std_msgs/msg/Int32,35178
1774014951.381704,/metrics/pcl/fused/processing_ms,std_msgs/msg/Float32,122.72286987304688
1774014952.346078,/metrics/pcl/fused/detections_count,std_msgs/msg/Int32,77
1774014952.3461864,/metrics/pcl/fused/points_in,std_msgs/msg/Int32,42658
1774014952.3462496,/metrics/pcl/fused/processing_ms,std_msgs/msg/Float32,142.98057556152344
1774014952.8232002,/metrics/pcl/fused/detections_count,std_msgs/msg/Int32,87
1774014952.8233237,/metrics/pcl/fused/points_in,std_msgs/msg/Int32,43081
1774014952.8233876,/metrics/pcl/fused/processing_ms,std_msgs/msg/Float32,142.34559631347656
1774014953.5365095,/metrics/pcl/fused/detections_count,std_msgs/msg/Int32,77
1774014953.5366266,/metrics/pcl/fused/points_in,std_msgs/msg/Int32,42723
1774014953.536692,/metrics/pcl/fused/processing_ms,std_msgs/msg/Float32,138.42971801757812
1774014953.7790985,/metrics/pcl/fused/detections_count,std_msgs/msg/Int32,84
1774014953.7792137,/metrics/pcl/fused/points_in,std_msgs/msg/Int32,42385
1774014953.7792768,/metrics/pcl/fused/processing_ms,std_msgs/msg/Float32,140.9065399169922
1774014955.699342,/metrics/pcl/fused/detections_count,std_msgs/msg/Int32,86
1774014955.699464,/metrics/pcl/fused/points_in,std_msgs/msg/Int32,42278
1774014955.6995275,/metrics/pcl/fused/processing_ms,std_msgs/msg/Float32,141.75634765625
1774014957.1791189,/metrics/pcl/fused/detections_count,std_msgs/msg/Int32,85
1774014957.179224,/metrics/pcl/fused/points_in,std_msgs/msg/Int32,42262
1774014957.1792855,/metrics/pcl/fused/processing_ms,std_msgs/msg/Float32,136.48793029785156
1774014957.433496,/metrics/pcl/fused/detections_count,std_msgs/msg/Int32,86
1774014957.4335961,/metrics/pcl/fused/points_in,std_msgs/msg/Int32,42137
1774014957.4336474,/metrics/pcl/fused/processing_ms,std_msgs/msg/Float32,138.11219787597656
1774014957.6830006,/metrics/pcl/fused/detections_count,std_msgs/msg/Int32,84
1774014957.6831129,/metrics/pcl/fused/points_in,std_msgs/msg/Int32,42319
1774014957.683177,/metrics/pcl/fused/processing_ms,std_msgs/msg/Float32,138.83572387695312
1774014957.9302552,/metrics/pcl/fused/detections_count,std_msgs/msg/Int32,82
1774014957.9303792,/metrics/pcl/fused/points_in,std_msgs/msg/Int32,42209
1774014957.9304445,/metrics/pcl/fused/processing_ms,std_msgs/msg/Float32,136.84756469726562
1774014958.1798365,/metrics/pcl/fused/detections_count,std_msgs/msg/Int32,82
1774014958.1799743,/metrics/pcl/fused/points_in,std_msgs/msg/Int32,42174
1774014958.1800377,/metrics/pcl/fused/processing_ms,std_msgs/msg/Float32,136.6785125732422
1774014958.4307246,/metrics/pcl/fused/detections_count,std_msgs/msg/Int32,83
1774014958.430859,/metrics/pcl/fused/points_in,std_msgs/msg/Int32,42009
1774014958.430945,/metrics/pcl/fused/processing_ms,std_msgs/msg/Float32,137.6029815673828
1774014958.6827457,/metrics/pcl/fused/detections_count,std_msgs/msg/Int32,87
1774014958.6828573,/metrics/pcl/fused/points_in,std_msgs/msg/Int32,42047
1774014958.682942,/metrics/pcl/fused/processing_ms,std_msgs/msg/Float32,138.38084411621094
1774014958.929688,/metrics/pcl/fused/detections_count,std_msgs/msg/Int32,81
1774014958.929799,/metrics/pcl/fused/points_in,std_msgs/msg/Int32,42074
1774014958.929863,/metrics/pcl/fused/processing_ms,std_msgs/msg/Float32,136.86871337890625
1774014959.1790287,/metrics/pcl/fused/detections_count,std_msgs/msg/Int32,84
1774014959.1791747,/metrics/pcl/fused/points_in,std_msgs/msg/Int32,41950
1774014959.1792612,/metrics/pcl/fused/processing_ms,std_msgs/msg/Float32,136.5316925048828
1774014960.1828117,/metrics/pcl/fused/detections_count,std_msgs/msg/Int32,71
1774014960.18302,/metrics/pcl/fused/points_in,std_msgs/msg/Int32,41486
1774014960.1831317,/metrics/pcl/fused/processing_ms,std_msgs/msg/Float32,136.952392578125
1774014960.9239802,/metrics/pcl/fused/detections_count,std_msgs/msg/Int32,76
1774014960.9240985,/metrics/pcl/fused/points_in,std_msgs/msg/Int32,41055
1774014960.924162,/metrics/pcl/fused/processing_ms,std_msgs/msg/Float32,133.07318115234375
1774014961.175151,/metrics/pcl/fused/detections_count,std_msgs/msg/Int32,78
1774014961.17531,/metrics/pcl/fused/points_in,std_msgs/msg/Int32,41030
1774014961.1753738,/metrics/pcl/fused/processing_ms,std_msgs/msg/Float32,134.4173126220703
1774014961.4256263,/metrics/pcl/fused/detections_count,std_msgs/msg/Int32,73
1774014961.4257615,/metrics/pcl/fused/points_in,std_msgs/msg/Int32,41286
1774014961.4258347,/metrics/pcl/fused/processing_ms,std_msgs/msg/Float32,135.97494506835938
1774014961.9263978,/metrics/pcl/fused/detections_count,std_msgs/msg/Int32,77
1774014961.926535,/metrics/pcl/fused/points_in,std_msgs/msg/Int32,41029
1774014961.9266086,/metrics/pcl/fused/processing_ms,std_msgs/msg/Float32,131.5297393798828
1774014962.4266837,/metrics/pcl/fused/detections_count,std_msgs/msg/Int32,77
1774014962.4268157,/metrics/pcl/fused/points_in,std_msgs/msg/Int32,41519
1774014962.4269054,/metrics/pcl/fused/processing_ms,std_msgs/msg/Float32,132.13079833984375
1774014962.9246392,/metrics/pcl/fused/detections_count,std_msgs/msg/Int32,72
1774014962.924779,/metrics/pcl/fused/points_in,std_msgs/msg/Int32,41590
1774014962.9248617,/metrics/pcl/fused/processing_ms,std_msgs/msg/Float32,132.1888427734375
1774014963.927382,/metrics/pcl/fused/detections_count,std_msgs/msg/Int32,78
1774014963.927521,/metrics/pcl/fused/points_in,std_msgs/msg/Int32,41958
1774014963.9276223,/metrics/pcl/fused/processing_ms,std_msgs/msg/Float32,135.29110717773438
1774014964.1647897,/metrics/pcl/fused/detections_count,std_msgs/msg/Int32,74
1774014964.16492,/metrics/pcl/fused/points_in,std_msgs/msg/Int32,38327
1774014964.165008,/metrics/pcl/fused/processing_ms,std_msgs/msg/Float32,124.1042709350586
1774014964.4029648,/metrics/pcl/fused/detections_count,std_msgs/msg/Int32,70
1774014964.403062,/metrics/pcl/fused/points_in,std_msgs/msg/Int32,35736
1774014964.4031193,/metrics/pcl/fused/processing_ms,std_msgs/msg/Float32,118.49429321289062
1774014964.6541624,/metrics/pcl/fused/detections_count,std_msgs/msg/Int32,75
1774014964.6543288,/metrics/pcl/fused/points_in,std_msgs/msg/Int32,37640
1774014964.6544414,/metrics/pcl/fused/processing_ms,std_msgs/msg/Float32,121.51437377929688
1774014964.900039,/metrics/pcl/fused/detections_count,std_msgs/msg/Int32,71
1774014964.9001598,/metrics/pcl/fused/points_in,std_msgs/msg/Int32,37346
1774014964.9002438,/metrics/pcl/fused/processing_ms,std_msgs/msg/Float32,122.50299835205078
1774014965.1505766,/metrics/pcl/fused/detections_count,std_msgs/msg/Int32,79
1774014965.1507084,/metrics/pcl/fused/points_in,std_msgs/msg/Int32,38087
1774014965.1508012,/metrics/pcl/fused/processing_ms,std_msgs/msg/Float32,126.49638366699219
1774014965.899213,/metrics/pcl/fused/detections_count,std_msgs/msg/Int32,77
1774014965.8993456,/metrics/pcl/fused/points_in,std_msgs/msg/Int32,39833
1774014965.8994327,/metrics/pcl/fused/processing_ms,std_msgs/msg/Float32,129.2434539794922
1774014966.380122,/metrics/pcl/fused/detections_count,std_msgs/msg/Int32,81
1774014966.3802514,/metrics/pcl/fused/points_in,std_msgs/msg/Int32,40897
1774014966.38035,/metrics/pcl/fused/processing_ms,std_msgs/msg/Float32,129.66127014160156
1774014966.6175563,/metrics/pcl/fused/detections_count,std_msgs/msg/Int32,78
1774014966.617697,/metrics/pcl/fused/points_in,std_msgs/msg/Int32,41004
1774014966.6177711,/metrics/pcl/fused/processing_ms,std_msgs/msg/Float32,138.25367736816406
1774014966.853103,/metrics/pcl/fused/detections_count,std_msgs/msg/Int32,79
1774014966.853263,/metrics/pcl/fused/points_in,std_msgs/msg/Int32,40950
1774014966.8533587,/metrics/pcl/fused/processing_ms,std_msgs/msg/Float32,135.2138671875
1774014967.085699,/metrics/pcl/fused/detections_count,std_msgs/msg/Int32,73
1774014967.0858035,/metrics/pcl/fused/points_in,std_msgs/msg/Int32,40823
1774014967.0858567,/metrics/pcl/fused/processing_ms,std_msgs/msg/Float32,132.36009216308594
1774014967.322071,/metrics/pcl/fused/detections_count,std_msgs/msg/Int32,73
1774014967.3222415,/metrics/pcl/fused/points_in,std_msgs/msg/Int32,41152
1774014967.3223457,/metrics/pcl/fused/processing_ms,std_msgs/msg/Float32,134.8741455078125
1774014968.5063708,/metrics/pcl/fused/detections_count,std_msgs/msg/Int32,74
1774014968.5065608,/metrics/pcl/fused/points_in,std_msgs/msg/Int32,41159
1774014968.5066526,/metrics/pcl/fused/processing_ms,std_msgs/msg/Float32,135.9156494140625
1774014968.9830027,/metrics/pcl/fused/detections_count,std_msgs/msg/Int32,75
1774014968.9831347,/metrics/pcl/fused/points_in,std_msgs/msg/Int32,41018
1774014968.9832318,/metrics/pcl/fused/processing_ms,std_msgs/msg/Float32,138.465087890625
1774014969.2187479,/metrics/pcl/fused/detections_count,std_msgs/msg/Int32,70
1774014969.2189472,/metrics/pcl/fused/points_in,std_msgs/msg/Int32,40766
1774014969.2190518,/metrics/pcl/fused/processing_ms,std_msgs/msg/Float32,140.3518524169922
1774014969.4540238,/metrics/pcl/fused/detections_count,std_msgs/msg/Int32,77
1774014969.4541688,/metrics/pcl/fused/points_in,std_msgs/msg/Int32,40725
1774014969.4542587,/metrics/pcl/fused/processing_ms,std_msgs/msg/Float32,130.93316650390625
1774014969.6867902,/metrics/pcl/fused/detections_count,std_msgs/msg/Int32,78
1774014969.6869738,/metrics/pcl/fused/points_in,std_msgs/msg/Int32,40439
1774014969.6870701,/metrics/pcl/fused/processing_ms,std_msgs/msg/Float32,130.2242431640625
1774014969.9323993,/metrics/pcl/fused/detections_count,std_msgs/msg/Int32,76
1774014969.9325852,/metrics/pcl/fused/points_in,std_msgs/msg/Int32,40412
1774014969.932663,/metrics/pcl/fused/processing_ms,std_msgs/msg/Float32,137.77601623535156
1774014970.4029622,/metrics/pcl/fused/detections_count,std_msgs/msg/Int32,72
1774014970.4030883,/metrics/pcl/fused/points_in,std_msgs/msg/Int32,39647
1774014970.4031646,/metrics/pcl/fused/processing_ms,std_msgs/msg/Float32,133.9097137451172
1774014971.1391497,/metrics/pcl/fused/detections_count,std_msgs/msg/Int32,67
1774014971.139363,/metrics/pcl/fused/points_in,std_msgs/msg/Int32,38151
1774014971.1396232,/metrics/pcl/fused/processing_ms,std_msgs/msg/Float32,132.6722412109375
1774014971.618268,/metrics/pcl/fused/detections_count,std_msgs/msg/Int32,72
1774014971.6183982,/metrics/pcl/fused/points_in,std_msgs/msg/Int32,37555
1774014971.6184874,/metrics/pcl/fused/processing_ms,std_msgs/msg/Float32,124.31182098388672
1774014971.8571086,/metrics/pcl/fused/detections_count,std_msgs/msg/Int32,68
1774014971.8572466,/metrics/pcl/fused/points_in,std_msgs/msg/Int32,35955
1774014971.8573158,/metrics/pcl/fused/processing_ms,std_msgs/msg/Float32,121.28870391845703
1774014972.0975568,/metrics/pcl/fused/detections_count,std_msgs/msg/Int32,61
1774014972.0977097,/metrics/pcl/fused/points_in,std_msgs/msg/Int32,36848
1774014972.09781,/metrics/pcl/fused/processing_ms,std_msgs/msg/Float32,126.70612335205078
1774014972.3487895,/metrics/pcl/fused/detections_count,std_msgs/msg/Int32,58
1774014972.348934,/metrics/pcl/fused/points_in,std_msgs/msg/Int32,38183
1774014972.3490129,/metrics/pcl/fused/processing_ms,std_msgs/msg/Float32,132.1753692626953
1774014972.6114497,/metrics/pcl/fused/detections_count,std_msgs/msg/Int32,72
1774014972.6115887,/metrics/pcl/fused/points_in,std_msgs/msg/Int32,41202
1774014972.6116734,/metrics/pcl/fused/processing_ms,std_msgs/msg/Float32,143.0868377685547
1774014972.8575437,/metrics/pcl/fused/detections_count,std_msgs/msg/Int32,81
1774014972.8576605,/metrics/pcl/fused/points_in,std_msgs/msg/Int32,41743
1774014972.8577278,/metrics/pcl/fused/processing_ms,std_msgs/msg/Float32,137.9109649658203
1774014973.8153694,/metrics/pcl/fused/detections_count,std_msgs/msg/Int32,71
1774014973.815537,/metrics/pcl/fused/points_in,std_msgs/msg/Int32,35559
1774014973.8156586,/metrics/pcl/fused/processing_ms,std_msgs/msg/Float32,124.36802673339844
1774014974.0599585,/metrics/pcl/fused/detections_count,std_msgs/msg/Int32,77
1774014974.0600755,/metrics/pcl/fused/points_in,std_msgs/msg/Int32,35568
1774014974.0601475,/metrics/pcl/fused/processing_ms,std_msgs/msg/Float32,118.6780014038086
1774014974.298839,/metrics/pcl/fused/detections_count,std_msgs/msg/Int32,83
1774014974.2990158,/metrics/pcl/fused/points_in,std_msgs/msg/Int32,36645
1774014974.2990918,/metrics/pcl/fused/processing_ms,std_msgs/msg/Float32,117.23529815673828
1774014974.5437317,/metrics/pcl/fused/detections_count,std_msgs/msg/Int32,75
1774014974.5438395,/metrics/pcl/fused/points_in,std_msgs/msg/Int32,37462
1774014974.543911,/metrics/pcl/fused/processing_ms,std_msgs/msg/Float32,119.38034057617188
1774014975.5057096,/metrics/pcl/fused/detections_count,std_msgs/msg/Int32,77
1774014975.505894,/metrics/pcl/fused/points_in,std_msgs/msg/Int32,37448
1774014975.506014,/metrics/pcl/fused/processing_ms,std_msgs/msg/Float32,121.60041809082031
1774014975.9980865,/metrics/pcl/fused/detections_count,std_msgs/msg/Int32,71
1774014975.9982662,/metrics/pcl/fused/points_in,std_msgs/msg/Int32,37912
1774014975.9983451,/metrics/pcl/fused/processing_ms,std_msgs/msg/Float32,124.91783905029297
1774014976.49595,/metrics/pcl/fused/detections_count,std_msgs/msg/Int32,71
1774014976.4960794,/metrics/pcl/fused/points_in,std_msgs/msg/Int32,38047
1774014976.4961534,/metrics/pcl/fused/processing_ms,std_msgs/msg/Float32,125.36231994628906
1774014977.2463558,/metrics/pcl/fused/detections_count,std_msgs/msg/Int32,73
1774014977.2464852,/metrics/pcl/fused/points_in,std_msgs/msg/Int32,38486
1774014977.2465503,/metrics/pcl/fused/processing_ms,std_msgs/msg/Float32,133.34170532226562
1774014977.98882,/metrics/pcl/fused/detections_count,std_msgs/msg/Int32,68
1774014977.988978,/metrics/pcl/fused/points_in,std_msgs/msg/Int32,38651
1774014977.9930468,/metrics/pcl/fused/processing_ms,std_msgs/msg/Float32,128.256591796875
1774014978.2435057,/metrics/pcl/fused/detections_count,std_msgs/msg/Int32,67
1774014978.2436216,/metrics/pcl/fused/points_in,std_msgs/msg/Int32,38507
1774014978.2436845,/metrics/pcl/fused/processing_ms,std_msgs/msg/Float32,125.97470092773438
1774014979.7372391,/metrics/pcl/fused/detections_count,std_msgs/msg/Int32,69
1774014979.7373898,/metrics/pcl/fused/points_in,std_msgs/msg/Int32,38151
1774014979.7374659,/metrics/pcl/fused/processing_ms,std_msgs/msg/Float32,123.54302215576172
1774014979.9805222,/metrics/pcl/fused/detections_count,std_msgs/msg/Int32,68
1774014979.980673,/metrics/pcl/fused/points_in,std_msgs/msg/Int32,36662
1774014979.980744,/metrics/pcl/fused/processing_ms,std_msgs/msg/Float32,117.32655334472656
1774014980.4994123,/metrics/pcl/fused/detections_count,std_msgs/msg/Int32,69
1774014980.4995496,/metrics/pcl/fused/points_in,std_msgs/msg/Int32,36272
1774014980.4996238,/metrics/pcl/fused/processing_ms,std_msgs/msg/Float32,123.13909149169922
1774014980.750669,/metrics/pcl/fused/detections_count,std_msgs/msg/Int32,70
1774014980.7508018,/metrics/pcl/fused/points_in,std_msgs/msg/Int32,33713
1774014980.750912,/metrics/pcl/fused/processing_ms,std_msgs/msg/Float32,111.83114624023438
1774014981.0063312,/metrics/pcl/fused/detections_count,std_msgs/msg/Int32,68
1774014981.0064826,/metrics/pcl/fused/points_in,std_msgs/msg/Int32,34141
1774014981.006547,/metrics/pcl/fused/processing_ms,std_msgs/msg/Float32,115.38243103027344
1774014981.802204,/metrics/pcl/fused/detections_count,std_msgs/msg/Int32,76
1774014981.802332,/metrics/pcl/fused/points_in,std_msgs/msg/Int32,39728
1774014981.8024056,/metrics/pcl/fused/processing_ms,std_msgs/msg/Float32,146.3634796142578
1774014982.632282,/metrics/pcl/fused/detections_count,std_msgs/msg/Int32,71
1774014982.6324291,/metrics/pcl/fused/points_in,std_msgs/msg/Int32,39219
1774014982.6325037,/metrics/pcl/fused/processing_ms,std_msgs/msg/Float32,128.79112243652344
1774014985.2191927,/metrics/pcl/fused/detections_count,std_msgs/msg/Int32,74
1774014985.2193716,/metrics/pcl/fused/points_in,std_msgs/msg/Int32,39696
1774014985.219461,/metrics/pcl/fused/processing_ms,std_msgs/msg/Float32,125.06840515136719
1774014985.4802573,/metrics/pcl/fused/detections_count,std_msgs/msg/Int32,79
1774014985.4803877,/metrics/pcl/fused/points_in,std_msgs/msg/Int32,39558
1774014985.4804597,/metrics/pcl/fused/processing_ms,std_msgs/msg/Float32,126.15544891357422
1774014986.0006437,/metrics/pcl/fused/detections_count,std_msgs/msg/Int32,75
1774014986.000801,/metrics/pcl/fused/points_in,std_msgs/msg/Int32,39551
1774014986.000883,/metrics/pcl/fused/processing_ms,std_msgs/msg/Float32,124.73002624511719
1774014986.258368,/metrics/pcl/fused/detections_count,std_msgs/msg/Int32,72
1774014986.2584925,/metrics/pcl/fused/points_in,std_msgs/msg/Int32,39615
1774014986.2585561,/metrics/pcl/fused/processing_ms,std_msgs/msg/Float32,125.18584442138672
1774014986.519267,/metrics/pcl/fused/detections_count,std_msgs/msg/Int32,72
1774014986.5194545,/metrics/pcl/fused/points_in,std_msgs/msg/Int32,39612
1774014986.5195372,/metrics/pcl/fused/processing_ms,std_msgs/msg/Float32,125.63790893554688
1774014986.7784884,/metrics/pcl/fused/detections_count,std_msgs/msg/Int32,74
1774014986.7786355,/metrics/pcl/fused/points_in,std_msgs/msg/Int32,39582
1774014986.7787044,/metrics/pcl/fused/processing_ms,std_msgs/msg/Float32,126.9780502319336
1774014987.0165408,/metrics/pcl/fused/detections_count,std_msgs/msg/Int32,74
1774014987.0166698,/metrics/pcl/fused/points_in,std_msgs/msg/Int32,39526
1774014987.016733,/metrics/pcl/fused/processing_ms,std_msgs/msg/Float32,129.0834197998047
1774014987.2581954,/metrics/pcl/fused/detections_count,std_msgs/msg/Int32,75
1774014987.258368,/metrics/pcl/fused/points_in,std_msgs/msg/Int32,39479
1774014987.258468,/metrics/pcl/fused/processing_ms,std_msgs/msg/Float32,136.6571807861328
1774014987.7748368,/metrics/pcl/fused/detections_count,std_msgs/msg/Int32,73
1774014987.774986,/metrics/pcl/fused/points_in,std_msgs/msg/Int32,39498
1774014987.775049,/metrics/pcl/fused/processing_ms,std_msgs/msg/Float32,131.0174560546875
1774014988.014546,/metrics/pcl/fused/detections_count,std_msgs/msg/Int32,70
1774014988.0146592,/metrics/pcl/fused/points_in,std_msgs/msg/Int32,39514
1774014988.014726,/metrics/pcl/fused/processing_ms,std_msgs/msg/Float32,130.0614776611328
1774014989.42358,/metrics/pcl/fused/detections_count,std_msgs/msg/Int32,76
1774014989.423795,/metrics/pcl/fused/points_in,std_msgs/msg/Int32,39595
1774014989.4238992,/metrics/pcl/fused/processing_ms,std_msgs/msg/Float32,130.29225158691406
1774014991.0791357,/metrics/pcl/fused/detections_count,std_msgs/msg/Int32,72
1774014991.079273,/metrics/pcl/fused/points_in,std_msgs/msg/Int32,39414
1774014991.079342,/metrics/pcl/fused/processing_ms,std_msgs/msg/Float32,127.55864715576172
1774014991.3235404,/metrics/pcl/fused/detections_count,std_msgs/msg/Int32,73
1774014991.3236692,/metrics/pcl/fused/points_in,std_msgs/msg/Int32,39431
1774014991.3237534,/metrics/pcl/fused/processing_ms,std_msgs/msg/Float32,128.5568084716797
1774014992.3050792,/metrics/pcl/fused/detections_count,std_msgs/msg/Int32,73
1774014992.3052142,/metrics/pcl/fused/points_in,std_msgs/msg/Int32,39090
1774014992.3052924,/metrics/pcl/fused/processing_ms,std_msgs/msg/Float32,131.7103271484375
1774014992.5790591,/metrics/pcl/fused/detections_count,std_msgs/msg/Int32,75
1774014992.5791905,/metrics/pcl/fused/points_in,std_msgs/msg/Int32,39332
1774014992.5792558,/metrics/pcl/fused/processing_ms,std_msgs/msg/Float32,154.56195068359375
1774014992.8683822,/metrics/pcl/fused/detections_count,std_msgs/msg/Int32,73
1774014992.8685036,/metrics/pcl/fused/points_in,std_msgs/msg/Int32,39657
1774014992.8685703,/metrics/pcl/fused/processing_ms,std_msgs/msg/Float32,131.89146423339844
1774014994.1340344,/metrics/pcl/fused/detections_count,std_msgs/msg/Int32,74
1774014994.1341717,/metrics/pcl/fused/points_in,std_msgs/msg/Int32,39752
1774014994.1342437,/metrics/pcl/fused/processing_ms,std_msgs/msg/Float32,137.08204650878906
1774014994.4058251,/metrics/pcl/fused/detections_count,std_msgs/msg/Int32,81
1774014994.4059975,/metrics/pcl/fused/points_in,std_msgs/msg/Int32,39831
1774014994.4060779,/metrics/pcl/fused/processing_ms,std_msgs/msg/Float32,136.3560791015625
1774014994.6825917,/metrics/pcl/fused/detections_count,std_msgs/msg/Int32,75
1774014994.6827605,/metrics/pcl/fused/points_in,std_msgs/msg/Int32,39841
1774014994.6828415,/metrics/pcl/fused/processing_ms,std_msgs/msg/Float32,138.20977783203125
1774014995.2095962,/metrics/pcl/fused/detections_count,std_msgs/msg/Int32,70
1774014995.2097511,/metrics/pcl/fused/points_in,std_msgs/msg/Int32,39824
1774014995.209822,/metrics/pcl/fused/processing_ms,std_msgs/msg/Float32,129.89437866210938
1774014995.723487,/metrics/pcl/fused/detections_count,std_msgs/msg/Int32,71
1774014995.7236562,/metrics/pcl/fused/points_in,std_msgs/msg/Int32,39712
1774014995.7237263,/metrics/pcl/fused/processing_ms,std_msgs/msg/Float32,131.69129943847656
1774014997.0089693,/metrics/pcl/fused/detections_count,std_msgs/msg/Int32,77
1774014997.0091512,/metrics/pcl/fused/points_in,std_msgs/msg/Int32,39520
1774014997.009251,/metrics/pcl/fused/processing_ms,std_msgs/msg/Float32,132.46351623535156
1774014997.2560692,/metrics/pcl/fused/detections_count,std_msgs/msg/Int32,74
1774014997.2562165,/metrics/pcl/fused/points_in,std_msgs/msg/Int32,39723
1774014997.2562885,/metrics/pcl/fused/processing_ms,std_msgs/msg/Float32,123.97750854492188
1774014997.7710845,/metrics/pcl/fused/detections_count,std_msgs/msg/Int32,79
1774014997.7712004,/metrics/pcl/fused/points_in,std_msgs/msg/Int32,39739
1774014997.771272,/metrics/pcl/fused/processing_ms,std_msgs/msg/Float32,134.65782165527344
1774014998.2806816,/metrics/pcl/fused/detections_count,std_msgs/msg/Int32,75
1774014998.2808073,/metrics/pcl/fused/points_in,std_msgs/msg/Int32,39944
1774014998.2808998,/metrics/pcl/fused/processing_ms,std_msgs/msg/Float32,133.11907958984375
1774014998.540405,/metrics/pcl/fused/detections_count,std_msgs/msg/Int32,82
1774014998.5405195,/metrics/pcl/fused/points_in,std_msgs/msg/Int32,39923
1774014998.5405974,/metrics/pcl/fused/processing_ms,std_msgs/msg/Float32,137.29739379882812
1774014999.0767975,/metrics/pcl/fused/detections_count,std_msgs/msg/Int32,85
1774014999.0769289,/metrics/pcl/fused/points_in,std_msgs/msg/Int32,39741
1774014999.0769935,/metrics/pcl/fused/processing_ms,std_msgs/msg/Float32,135.39712524414062
1774014999.3357122,/metrics/pcl/fused/detections_count,std_msgs/msg/Int32,75
1774014999.335865,/metrics/pcl/fused/points_in,std_msgs/msg/Int32,39833
1774014999.3360066,/metrics/pcl/fused/processing_ms,std_msgs/msg/Float32,131.84523010253906
1774014999.6029236,/metrics/pcl/fused/detections_count,std_msgs/msg/Int32,74
1774014999.6031022,/metrics/pcl/fused/points_in,std_msgs/msg/Int32,39787
1774014999.6031961,/metrics/pcl/fused/processing_ms,std_msgs/msg/Float32,136.93397521972656
1774014999.8698442,/metrics/pcl/fused/detections_count,std_msgs/msg/Int32,72
1774014999.8700075,/metrics/pcl/fused/points_in,std_msgs/msg/Int32,39792
1774014999.870079,/metrics/pcl/fused/processing_ms,std_msgs/msg/Float32,136.29364013671875
1774015000.1282156,/metrics/pcl/fused/detections_count,std_msgs/msg/Int32,76
1774015000.1283336,/metrics/pcl/fused/points_in,std_msgs/msg/Int32,39674
1774015000.1284106,/metrics/pcl/fused/processing_ms,std_msgs/msg/Float32,130.35421752929688
1774015000.3871555,/metrics/pcl/fused/detections_count,std_msgs/msg/Int32,78
1774015000.3873045,/metrics/pcl/fused/points_in,std_msgs/msg/Int32,39719
1774015000.3873713,/metrics/pcl/fused/processing_ms,std_msgs/msg/Float32,130.0593719482422
1774015000.9136133,/metrics/pcl/fused/detections_count,std_msgs/msg/Int32,77
1774015000.9137728,/metrics/pcl/fused/points_in,std_msgs/msg/Int32,40219
1774015000.913849,/metrics/pcl/fused/processing_ms,std_msgs/msg/Float32,136.8921661376953
1774015001.4324677,/metrics/pcl/fused/detections_count,std_msgs/msg/Int32,73
1774015001.4326093,/metrics/pcl/fused/points_in,std_msgs/msg/Int32,40127
1774015001.4327059,/metrics/pcl/fused/processing_ms,std_msgs/msg/Float32,135.00535583496094
1774015001.9554226,/metrics/pcl/fused/detections_count,std_msgs/msg/Int32,78
1774015001.9555686,/metrics/pcl/fused/points_in,std_msgs/msg/Int32,40117
1774015001.9556344,/metrics/pcl/fused/processing_ms,std_msgs/msg/Float32,137.49722290039062
1774015002.2137034,/metrics/pcl/fused/detections_count,std_msgs/msg/Int32,76
1774015002.2138226,/metrics/pcl/fused/points_in,std_msgs/msg/Int32,40083
1774015002.2139008,/metrics/pcl/fused/processing_ms,std_msgs/msg/Float32,131.2637939453125
1774015002.736784,/metrics/pcl/fused/detections_count,std_msgs/msg/Int32,70
1774015002.7369516,/metrics/pcl/fused/points_in,std_msgs/msg/Int32,40293
1774015002.737042,/metrics/pcl/fused/processing_ms,std_msgs/msg/Float32,132.3193359375
1774015003.2617128,/metrics/pcl/fused/detections_count,std_msgs/msg/Int32,80
1774015003.261827,/metrics/pcl/fused/points_in,std_msgs/msg/Int32,40151
1774015003.2619083,/metrics/pcl/fused/processing_ms,std_msgs/msg/Float32,127.59063720703125
1774015005.0875669,/metrics/pcl/fused/detections_count,std_msgs/msg/Int32,74
1774015005.0877638,/metrics/pcl/fused/points_in,std_msgs/msg/Int32,39896
1774015005.0878615,/metrics/pcl/fused/processing_ms,std_msgs/msg/Float32,132.72207641601562
1774015005.3484697,/metrics/pcl/fused/detections_count,std_msgs/msg/Int32,79
1774015005.3485942,/metrics/pcl/fused/points_in,std_msgs/msg/Int32,39906
1774015005.3486588,/metrics/pcl/fused/processing_ms,std_msgs/msg/Float32,130.35360717773438
1774015005.6125557,/metrics/pcl/fused/detections_count,std_msgs/msg/Int32,79
1774015005.612713,/metrics/pcl/fused/points_in,std_msgs/msg/Int32,39945
1774015005.6127813,/metrics/pcl/fused/processing_ms,std_msgs/msg/Float32,130.98980712890625
1774015006.404519,/metrics/pcl/fused/detections_count,std_msgs/msg/Int32,74
1774015006.4047518,/metrics/pcl/fused/points_in,std_msgs/msg/Int32,39927
1774015006.404844,/metrics/pcl/fused/processing_ms,std_msgs/msg/Float32,132.81565856933594
1774015006.6737485,/metrics/pcl/fused/detections_count,std_msgs/msg/Int32,76
1774015006.674047,/metrics/pcl/fused/points_in,std_msgs/msg/Int32,39944
1774015006.6741633,/metrics/pcl/fused/processing_ms,std_msgs/msg/Float32,135.38023376464844
1774015006.9445689,/metrics/pcl/fused/detections_count,std_msgs/msg/Int32,75
1774015006.944723,/metrics/pcl/fused/points_in,std_msgs/msg/Int32,39804
1774015006.944827,/metrics/pcl/fused/processing_ms,std_msgs/msg/Float32,134.9971923828125
1774015007.2107058,/metrics/pcl/fused/detections_count,std_msgs/msg/Int32,75
1774015007.2108238,/metrics/pcl/fused/points_in,std_msgs/msg/Int32,39834
1774015007.2108984,/metrics/pcl/fused/processing_ms,std_msgs/msg/Float32,128.32550048828125
1774015007.4771607,/metrics/pcl/fused/detections_count,std_msgs/msg/Int32,78
1774015007.477325,/metrics/pcl/fused/points_in,std_msgs/msg/Int32,40138
1774015007.4774022,/metrics/pcl/fused/processing_ms,std_msgs/msg/Float32,131.71127319335938
1774015007.7487195,/metrics/pcl/fused/detections_count,std_msgs/msg/Int32,76
1774015007.748833,/metrics/pcl/fused/points_in,std_msgs/msg/Int32,40102
1774015007.7489073,/metrics/pcl/fused/processing_ms,std_msgs/msg/Float32,131.8599395751953
1774015009.6573613,/metrics/pcl/fused/detections_count,std_msgs/msg/Int32,79
1774015009.6574786,/metrics/pcl/fused/points_in,std_msgs/msg/Int32,40379
1774015009.6575334,/metrics/pcl/fused/processing_ms,std_msgs/msg/Float32,138.94216918945312
1774015010.1385055,/metrics/pcl/fused/detections_count,std_msgs/msg/Int32,77
1774015010.1386797,/metrics/pcl/fused/points_in,std_msgs/msg/Int32,40294
1774015010.138763,/metrics/pcl/fused/processing_ms,std_msgs/msg/Float32,141.46510314941406
1774015011.0898838,/metrics/pcl/fused/detections_count,std_msgs/msg/Int32,81
1774015011.0900314,/metrics/pcl/fused/points_in,std_msgs/msg/Int32,40178
1774015011.0901265,/metrics/pcl/fused/processing_ms,std_msgs/msg/Float32,137.47581481933594
1774015011.57191,/metrics/pcl/fused/detections_count,std_msgs/msg/Int32,74
1774015011.5720494,/metrics/pcl/fused/points_in,std_msgs/msg/Int32,40263
1774015011.5721183,/metrics/pcl/fused/processing_ms,std_msgs/msg/Float32,137.77320861816406
1774015011.8102999,/metrics/pcl/fused/detections_count,std_msgs/msg/Int32,77
1774015011.8104215,/metrics/pcl/fused/points_in,std_msgs/msg/Int32,40136
1774015011.8104842,/metrics/pcl/fused/processing_ms,std_msgs/msg/Float32,132.9048614501953
1774015012.5353415,/metrics/pcl/fused/detections_count,std_msgs/msg/Int32,76
1774015012.5354624,/metrics/pcl/fused/points_in,std_msgs/msg/Int32,40303
1774015012.535542,/metrics/pcl/fused/processing_ms,std_msgs/msg/Float32,135.34349060058594
1774015012.7895918,/metrics/pcl/fused/detections_count,std_msgs/msg/Int32,78
1774015012.7897053,/metrics/pcl/fused/points_in,std_msgs/msg/Int32,40309
1774015012.7897706,/metrics/pcl/fused/processing_ms,std_msgs/msg/Float32,135.5545196533203
1774015013.0383034,/metrics/pcl/fused/detections_count,std_msgs/msg/Int32,73
1774015013.0384247,/metrics/pcl/fused/points_in,std_msgs/msg/Int32,40241
1774015013.0384881,/metrics/pcl/fused/processing_ms,std_msgs/msg/Float32,138.1384735107422
1774015013.2798488,/metrics/pcl/fused/detections_count,std_msgs/msg/Int32,75
1774015013.2799826,/metrics/pcl/fused/points_in,std_msgs/msg/Int32,40264
1774015013.2800453,/metrics/pcl/fused/processing_ms,std_msgs/msg/Float32,131.67189025878906
1774015013.5277972,/metrics/pcl/fused/detections_count,std_msgs/msg/Int32,79
1774015013.5280528,/metrics/pcl/fused/points_in,std_msgs/msg/Int32,40279
1774015013.5281892,/metrics/pcl/fused/processing_ms,std_msgs/msg/Float32,134.65284729003906
1774015014.0246434,/metrics/pcl/fused/detections_count,std_msgs/msg/Int32,75
1774015014.0248296,/metrics/pcl/fused/points_in,std_msgs/msg/Int32,40097
1774015014.0249732,/metrics/pcl/fused/processing_ms,std_msgs/msg/Float32,139.27027893066406
1774015015.511033,/metrics/pcl/fused/detections_count,std_msgs/msg/Int32,78
1774015015.5112004,/metrics/pcl/fused/points_in,std_msgs/msg/Int32,40086
1774015015.5113015,/metrics/pcl/fused/processing_ms,std_msgs/msg/Float32,133.01226806640625
1774015015.7689013,/metrics/pcl/fused/detections_count,std_msgs/msg/Int32,78
1774015015.7690377,/metrics/pcl/fused/points_in,std_msgs/msg/Int32,40161
1774015015.7691119,/metrics/pcl/fused/processing_ms,std_msgs/msg/Float32,137.37210083007812
1774015016.5457487,/metrics/pcl/fused/detections_count,std_msgs/msg/Int32,78
1774015016.5458674,/metrics/pcl/fused/points_in,std_msgs/msg/Int32,40281
1774015016.5460663,/metrics/pcl/fused/processing_ms,std_msgs/msg/Float32,142.13670349121094
1774015018.6136565,/metrics/pcl/fused/detections_count,std_msgs/msg/Int32,79
1774015018.6137855,/metrics/pcl/fused/points_in,std_msgs/msg/Int32,40290
1774015018.6138468,/metrics/pcl/fused/processing_ms,std_msgs/msg/Float32,134.62469482421875
1774015020.9584122,/metrics/pcl/fused/detections_count,std_msgs/msg/Int32,74
1774015020.9585614,/metrics/pcl/fused/points_in,std_msgs/msg/Int32,39883
1774015020.9586465,/metrics/pcl/fused/processing_ms,std_msgs/msg/Float32,133.22036743164062
1774015021.2229402,/metrics/pcl/fused/detections_count,std_msgs/msg/Int32,77
1774015021.2230778,/metrics/pcl/fused/points_in,std_msgs/msg/Int32,40064
1774015021.2231586,/metrics/pcl/fused/processing_ms,std_msgs/msg/Float32,133.1751708984375
1774015022.2648292,/metrics/pcl/fused/detections_count,std_msgs/msg/Int32,76
1774015022.264977,/metrics/pcl/fused/points_in,std_msgs/msg/Int32,40041
1774015022.2650542,/metrics/pcl/fused/processing_ms,std_msgs/msg/Float32,128.83990478515625
1774015022.7900069,/metrics/pcl/fused/detections_count,std_msgs/msg/Int32,75
1774015022.7902024,/metrics/pcl/fused/points_in,std_msgs/msg/Int32,40056
1774015022.7903025,/metrics/pcl/fused/processing_ms,std_msgs/msg/Float32,134.0814971923828
1774015023.0619721,/metrics/pcl/fused/detections_count,std_msgs/msg/Int32,72
1774015023.0621123,/metrics/pcl/fused/points_in,std_msgs/msg/Int32,40172
1774015023.062204,/metrics/pcl/fused/processing_ms,std_msgs/msg/Float32,135.61672973632812
1774015023.5974157,/metrics/pcl/fused/detections_count,std_msgs/msg/Int32,77
1774015023.5975966,/metrics/pcl/fused/points_in,std_msgs/msg/Int32,40207
1774015023.5976856,/metrics/pcl/fused/processing_ms,std_msgs/msg/Float32,141.37847900390625
1774015023.8750024,/metrics/pcl/fused/detections_count,std_msgs/msg/Int32,78
1774015023.8751643,/metrics/pcl/fused/points_in,std_msgs/msg/Int32,40155
1774015023.8752592,/metrics/pcl/fused/processing_ms,std_msgs/msg/Float32,146.15655517578125
1774015024.1470616,/metrics/pcl/fused/detections_count,std_msgs/msg/Int32,76
1774015024.1471813,/metrics/pcl/fused/points_in,std_msgs/msg/Int32,40236
1774015024.1472688,/metrics/pcl/fused/processing_ms,std_msgs/msg/Float32,138.35289001464844
1774015026.3377607,/metrics/pcl/fused/detections_count,std_msgs/msg/Int32,82
1774015026.337956,/metrics/pcl/fused/points_in,std_msgs/msg/Int32,40089
1774015026.3380635,/metrics/pcl/fused/processing_ms,std_msgs/msg/Float32,134.07080078125
1774015027.9645865,/metrics/pcl/fused/detections_count,std_msgs/msg/Int32,73
1774015027.9647157,/metrics/pcl/fused/points_in,std_msgs/msg/Int32,40080
1774015027.964789,/metrics/pcl/fused/processing_ms,std_msgs/msg/Float32,148.38934326171875
1774015028.2370446,/metrics/pcl/fused/detections_count,std_msgs/msg/Int32,71
1774015028.2371762,/metrics/pcl/fused/points_in,std_msgs/msg/Int32,40138
1774015028.2372394,/metrics/pcl/fused/processing_ms,std_msgs/msg/Float32,134.95831298828125
1774015030.094626,/metrics/pcl/fused/detections_count,std_msgs/msg/Int32,76
1774015030.094726,/metrics/pcl/fused/points_in,std_msgs/msg/Int32,40183
1774015030.0947847,/metrics/pcl/fused/processing_ms,std_msgs/msg/Float32,146.45152282714844
1774015030.806787,/metrics/pcl/fused/detections_count,std_msgs/msg/Int32,82
1774015030.8069944,/metrics/pcl/fused/points_in,std_msgs/msg/Int32,40087
1774015030.8072019,/metrics/pcl/fused/processing_ms,std_msgs/msg/Float32,137.3034210205078
1774015031.0653324,/metrics/pcl/fused/detections_count,std_msgs/msg/Int32,77
1774015031.0654511,/metrics/pcl/fused/points_in,std_msgs/msg/Int32,40206
1774015031.0655332,/metrics/pcl/fused/processing_ms,std_msgs/msg/Float32,147.0842742919922
1774015031.308314,/metrics/pcl/fused/detections_count,std_msgs/msg/Int32,80
1774015031.3084695,/metrics/pcl/fused/points_in,std_msgs/msg/Int32,40287
1774015031.3085375,/metrics/pcl/fused/processing_ms,std_msgs/msg/Float32,134.8924560546875
1774015031.7976887,/metrics/pcl/fused/detections_count,std_msgs/msg/Int32,75
1774015031.797856,/metrics/pcl/fused/points_in,std_msgs/msg/Int32,40230
1774015031.7979462,/metrics/pcl/fused/processing_ms,std_msgs/msg/Float32,141.50384521484375
1774015033.4945884,/metrics/pcl/fused/detections_count,std_msgs/msg/Int32,79
1774015033.4947271,/metrics/pcl/fused/points_in,std_msgs/msg/Int32,40079
1774015033.4947963,/metrics/pcl/fused/processing_ms,std_msgs/msg/Float32,141.15576171875
1774015033.7473314,/metrics/pcl/fused/detections_count,std_msgs/msg/Int32,77
1774015033.7474875,/metrics/pcl/fused/points_in,std_msgs/msg/Int32,40103
1774015033.7475731,/metrics/pcl/fused/processing_ms,std_msgs/msg/Float32,141.07666015625
1774015034.0241337,/metrics/pcl/fused/detections_count,std_msgs/msg/Int32,77
1774015034.0242918,/metrics/pcl/fused/points_in,std_msgs/msg/Int32,40013
1774015034.0243642,/metrics/pcl/fused/processing_ms,std_msgs/msg/Float32,147.04476928710938
1774015035.0661635,/metrics/pcl/fused/detections_count,std_msgs/msg/Int32,71
1774015035.0662978,/metrics/pcl/fused/points_in,std_msgs/msg/Int32,40144
1774015035.066391,/metrics/pcl/fused/processing_ms,std_msgs/msg/Float32,138.3194122314453
1774015035.582113,/metrics/pcl/fused/detections_count,std_msgs/msg/Int32,77
1774015035.5822232,/metrics/pcl/fused/points_in,std_msgs/msg/Int32,40180
1774015035.5823095,/metrics/pcl/fused/processing_ms,std_msgs/msg/Float32,139.49171447753906
1774015036.0999103,/metrics/pcl/fused/detections_count,std_msgs/msg/Int32,75
1774015036.100076,/metrics/pcl/fused/points_in,std_msgs/msg/Int32,40354
1774015036.1001668,/metrics/pcl/fused/processing_ms,std_msgs/msg/Float32,143.50308227539062
1774015036.3504584,/metrics/pcl/fused/detections_count,std_msgs/msg/Int32,81
1774015036.3506496,/metrics/pcl/fused/points_in,std_msgs/msg/Int32,40386
1774015036.350725,/metrics/pcl/fused/processing_ms,std_msgs/msg/Float32,133.5830841064453
1774015036.6281395,/metrics/pcl/fused/detections_count,std_msgs/msg/Int32,79
1774015036.6282835,/metrics/pcl/fused/points_in,std_msgs/msg/Int32,40222
1774015036.6283727,/metrics/pcl/fused/processing_ms,std_msgs/msg/Float32,154.33908081054688
1774015037.1496534,/metrics/pcl/fused/detections_count,std_msgs/msg/Int32,77
1774015037.1497872,/metrics/pcl/fused/points_in,std_msgs/msg/Int32,40310
1774015037.1498535,/metrics/pcl/fused/processing_ms,std_msgs/msg/Float32,139.3016815185547
1774015037.3971007,/metrics/pcl/fused/detections_count,std_msgs/msg/Int32,78
1774015037.397291,/metrics/pcl/fused/points_in,std_msgs/msg/Int32,40429
1774015037.3973892,/metrics/pcl/fused/processing_ms,std_msgs/msg/Float32,132.44248962402344
1774015037.6564348,/metrics/pcl/fused/detections_count,std_msgs/msg/Int32,77
1774015037.6566284,/metrics/pcl/fused/points_in,std_msgs/msg/Int32,40460
1774015037.6567373,/metrics/pcl/fused/processing_ms,std_msgs/msg/Float32,140.32093811035156
1774015037.9167037,/metrics/pcl/fused/detections_count,std_msgs/msg/Int32,76
1774015037.916825,/metrics/pcl/fused/points_in,std_msgs/msg/Int32,40657
1774015037.9169266,/metrics/pcl/fused/processing_ms,std_msgs/msg/Float32,140.08609008789062
1774015038.1734996,/metrics/pcl/fused/detections_count,std_msgs/msg/Int32,82
1774015038.1736157,/metrics/pcl/fused/points_in,std_msgs/msg/Int32,40649
1774015038.1737049,/metrics/pcl/fused/processing_ms,std_msgs/msg/Float32,138.17478942871094
1774015039.7255373,/metrics/pcl/fused/detections_count,std_msgs/msg/Int32,74
1774015039.725658,/metrics/pcl/fused/points_in,std_msgs/msg/Int32,40156
1774015039.7257438,/metrics/pcl/fused/processing_ms,std_msgs/msg/Float32,134.44448852539062
1774015041.340086,/metrics/pcl/fused/detections_count,std_msgs/msg/Int32,78
1774015041.3402948,/metrics/pcl/fused/points_in,std_msgs/msg/Int32,40071
1774015041.3404562,/metrics/pcl/fused/processing_ms,std_msgs/msg/Float32,133.27090454101562
1774015041.8814437,/metrics/pcl/fused/detections_count,std_msgs/msg/Int32,77
1774015041.8815527,/metrics/pcl/fused/points_in,std_msgs/msg/Int32,40193
1774015041.8816113,/metrics/pcl/fused/processing_ms,std_msgs/msg/Float32,141.11851501464844
1774015042.6667225,/metrics/pcl/fused/detections_count,std_msgs/msg/Int32,76
1774015042.6668508,/metrics/pcl/fused/points_in,std_msgs/msg/Int32,40315
1774015042.6669595,/metrics/pcl/fused/processing_ms,std_msgs/msg/Float32,139.75094604492188
1774015043.2650728,/metrics/pcl/fused/detections_count,std_msgs/msg/Int32,77
1774015043.2652469,/metrics/pcl/fused/points_in,std_msgs/msg/Int32,40475
1774015043.2653518,/metrics/pcl/fused/processing_ms,std_msgs/msg/Float32,138.7355499267578
1774015043.5466645,/metrics/pcl/fused/detections_count,std_msgs/msg/Int32,73
1774015043.5467858,/metrics/pcl/fused/points_in,std_msgs/msg/Int32,40488
1774015043.546855,/metrics/pcl/fused/processing_ms,std_msgs/msg/Float32,144.5238800048828
1774015044.6895049,/metrics/pcl/fused/detections_count,std_msgs/msg/Int32,76
1774015044.6896865,/metrics/pcl/fused/points_in,std_msgs/msg/Int32,40230
1774015044.689792,/metrics/pcl/fused/processing_ms,std_msgs/msg/Float32,137.6145782470703
1774015044.9624927,/metrics/pcl/fused/detections_count,std_msgs/msg/Int32,78
1774015044.9625976,/metrics/pcl/fused/points_in,std_msgs/msg/Int32,40408
1774015044.9626544,/metrics/pcl/fused/processing_ms,std_msgs/msg/Float32,135.9307861328125
1774015045.2303562,/metrics/pcl/fused/detections_count,std_msgs/msg/Int32,76
1774015045.2304735,/metrics/pcl/fused/points_in,std_msgs/msg/Int32,40395
1774015045.230537,/metrics/pcl/fused/processing_ms,std_msgs/msg/Float32,129.80458068847656
1774015045.4936407,/metrics/pcl/fused/detections_count,std_msgs/msg/Int32,82
1774015045.493794,/metrics/pcl/fused/points_in,std_msgs/msg/Int32,40387
1774015045.4939034,/metrics/pcl/fused/processing_ms,std_msgs/msg/Float32,132.72804260253906
1774015045.7660415,/metrics/pcl/fused/detections_count,std_msgs/msg/Int32,79
1774015045.766196,/metrics/pcl/fused/points_in,std_msgs/msg/Int32,40340
1774015045.7663107,/metrics/pcl/fused/processing_ms,std_msgs/msg/Float32,137.54022216796875
1774015046.0370784,/metrics/pcl/fused/detections_count,std_msgs/msg/Int32,77
1774015046.037336,/metrics/pcl/fused/points_in,std_msgs/msg/Int32,40374
1774015046.0374367,/metrics/pcl/fused/processing_ms,std_msgs/msg/Float32,136.64710998535156
1774015046.3092525,/metrics/pcl/fused/detections_count,std_msgs/msg/Int32,81
1774015046.3093705,/metrics/pcl/fused/points_in,std_msgs/msg/Int32,40371
1774015046.309436,/metrics/pcl/fused/processing_ms,std_msgs/msg/Float32,135.68844604492188
1774015046.588091,/metrics/pcl/fused/detections_count,std_msgs/msg/Int32,77
1774015046.5883193,/metrics/pcl/fused/points_in,std_msgs/msg/Int32,40483
1774015046.5884335,/metrics/pcl/fused/processing_ms,std_msgs/msg/Float32,142.09642028808594
1774015047.7293832,/metrics/pcl/fused/detections_count,std_msgs/msg/Int32,78
1774015047.729555,/metrics/pcl/fused/points_in,std_msgs/msg/Int32,40350
1774015047.7296624,/metrics/pcl/fused/processing_ms,std_msgs/msg/Float32,148.49913024902344
1774015049.7607646,/metrics/pcl/fused/detections_count,std_msgs/msg/Int32,75
1774015049.7609272,/metrics/pcl/fused/points_in,std_msgs/msg/Int32,40697
1774015049.761008,/metrics/pcl/fused/processing_ms,std_msgs/msg/Float32,151.06243896484375
1774015050.0678089,/metrics/pcl/fused/detections_count,std_msgs/msg/Int32,73
1774015050.0679753,/metrics/pcl/fused/points_in,std_msgs/msg/Int32,40659
1774015050.0680945,/metrics/pcl/fused/processing_ms,std_msgs/msg/Float32,144.88339233398438
1774015050.3567758,/metrics/pcl/fused/detections_count,std_msgs/msg/Int32,82
1774015050.356967,/metrics/pcl/fused/points_in,std_msgs/msg/Int32,40544
1774015050.3570535,/metrics/pcl/fused/processing_ms,std_msgs/msg/Float32,143.47561645507812
1774015050.6528027,/metrics/pcl/fused/detections_count,std_msgs/msg/Int32,74
1774015050.6529644,/metrics/pcl/fused/points_in,std_msgs/msg/Int32,40555
1774015050.6530526,/metrics/pcl/fused/processing_ms,std_msgs/msg/Float32,149.7523956298828
1774015050.9869583,/metrics/pcl/fused/detections_count,std_msgs/msg/Int32,78
1774015050.9870942,/metrics/pcl/fused/points_in,std_msgs/msg/Int32,40528
1774015050.9871612,/metrics/pcl/fused/processing_ms,std_msgs/msg/Float32,184.5791473388672
1774015051.2738364,/metrics/pcl/fused/detections_count,std_msgs/msg/Int32,79
1774015051.2740312,/metrics/pcl/fused/processing_ms,std_msgs/msg/Float32,145.88038635253906
1774015051.2743134,/metrics/pcl/fused/points_in,std_msgs/msg/Int32,40599
1774015051.5696113,/metrics/pcl/fused/detections_count,std_msgs/msg/Int32,79
1774015051.569771,/metrics/pcl/fused/points_in,std_msgs/msg/Int32,40650
1774015051.569841,/metrics/pcl/fused/processing_ms,std_msgs/msg/Float32,155.44107055664062
1774015051.8377013,/metrics/pcl/fused/detections_count,std_msgs/msg/Int32,82
1774015051.8379247,/metrics/pcl/fused/points_in,std_msgs/msg/Int32,40663
1774015051.8380194,/metrics/pcl/fused/processing_ms,std_msgs/msg/Float32,149.51182556152344
1774015053.9429193,/metrics/pcl/fused/detections_count,std_msgs/msg/Int32,73
1774015053.9430625,/metrics/pcl/fused/points_in,std_msgs/msg/Int32,40664
1774015053.9431484,/metrics/pcl/fused/processing_ms,std_msgs/msg/Float32,182.2373046875
1774015054.2090013,/metrics/pcl/fused/detections_count,std_msgs/msg/Int32,75
1774015054.2091322,/metrics/pcl/fused/points_in,std_msgs/msg/Int32,40662
1774015054.2092,/metrics/pcl/fused/processing_ms,std_msgs/msg/Float32,142.60302734375
1774015054.4558985,/metrics/pcl/fused/detections_count,std_msgs/msg/Int32,77
1774015054.4560375,/metrics/pcl/fused/points_in,std_msgs/msg/Int32,40668
1774015054.4561129,/metrics/pcl/fused/processing_ms,std_msgs/msg/Float32,139.0884246826172
1774015054.9440875,/metrics/pcl/fused/detections_count,std_msgs/msg/Int32,74
1774015054.9441938,/metrics/pcl/fused/points_in,std_msgs/msg/Int32,40502
1774015054.9442558,/metrics/pcl/fused/processing_ms,std_msgs/msg/Float32,141.28768920898438
1774015055.9579134,/metrics/pcl/fused/detections_count,std_msgs/msg/Int32,79
1774015055.9580774,/metrics/pcl/fused/points_in,std_msgs/msg/Int32,40682
1774015055.9581704,/metrics/pcl/fused/processing_ms,std_msgs/msg/Float32,152.95663452148438
1774015057.5388014,/metrics/pcl/fused/detections_count,std_msgs/msg/Int32,80
1774015057.5389733,/metrics/pcl/fused/points_in,std_msgs/msg/Int32,40677
1774015057.5390682,/metrics/pcl/fused/processing_ms,std_msgs/msg/Float32,144.37794494628906
1774015058.320064,/metrics/pcl/fused/detections_count,std_msgs/msg/Int32,78
1774015058.3202417,/metrics/pcl/fused/points_in,std_msgs/msg/Int32,40740
1774015058.320333,/metrics/pcl/fused/processing_ms,std_msgs/msg/Float32,133.19070434570312
1774015058.5811384,/metrics/pcl/fused/detections_count,std_msgs/msg/Int32,80
1774015058.5812395,/metrics/pcl/fused/points_in,std_msgs/msg/Int32,40794
1774015058.5812962,/metrics/pcl/fused/processing_ms,std_msgs/msg/Float32,144.14791870117188
1774015059.6182287,/metrics/pcl/fused/detections_count,std_msgs/msg/Int32,78
1774015059.618332,/metrics/pcl/fused/points_in,std_msgs/msg/Int32,40707
1774015059.6183853,/metrics/pcl/fused/processing_ms,std_msgs/msg/Float32,145.6425018310547
1774015060.404594,/metrics/pcl/fused/detections_count,std_msgs/msg/Int32,74
1774015060.4047372,/metrics/pcl/fused/points_in,std_msgs/msg/Int32,40749
1774015060.404836,/metrics/pcl/fused/processing_ms,std_msgs/msg/Float32,138.58836364746094
1774015060.6748922,/metrics/pcl/fused/detections_count,std_msgs/msg/Int32,76
1774015060.675057,/metrics/pcl/fused/points_in,std_msgs/msg/Int32,41018
1774015060.6751351,/metrics/pcl/fused/processing_ms,std_msgs/msg/Float32,137.81532287597656
1774015060.9454482,/metrics/pcl/fused/detections_count,std_msgs/msg/Int32,77
1774015060.9455948,/metrics/pcl/fused/points_in,std_msgs/msg/Int32,40871
1774015060.9456835,/metrics/pcl/fused/processing_ms,std_msgs/msg/Float32,136.91969299316406
1774015062.7849004,/metrics/pcl/fused/detections_count,std_msgs/msg/Int32,76
1774015062.7850568,/metrics/pcl/fused/points_in,std_msgs/msg/Int32,41102
1774015062.7851248,/metrics/pcl/fused/processing_ms,std_msgs/msg/Float32,142.36697387695312
1774015063.297795,/metrics/pcl/fused/detections_count,std_msgs/msg/Int32,78
1774015063.2979581,/metrics/pcl/fused/points_in,std_msgs/msg/Int32,41041
1774015063.2980626,/metrics/pcl/fused/processing_ms,std_msgs/msg/Float32,133.4164581298828
1774015063.8286648,/metrics/pcl/fused/detections_count,std_msgs/msg/Int32,79
1774015063.8288035,/metrics/pcl/fused/points_in,std_msgs/msg/Int32,41116
1774015063.8289063,/metrics/pcl/fused/processing_ms,std_msgs/msg/Float32,138.6569061279297
1774015064.6118536,/metrics/pcl/fused/detections_count,std_msgs/msg/Int32,80
1774015064.6120262,/metrics/pcl/fused/points_in,std_msgs/msg/Int32,41097
1774015064.6120977,/metrics/pcl/fused/processing_ms,std_msgs/msg/Float32,137.22103881835938
1774015064.8793848,/metrics/pcl/fused/detections_count,std_msgs/msg/Int32,79
1774015064.8794951,/metrics/pcl/fused/points_in,std_msgs/msg/Int32,41094
1774015064.8795524,/metrics/pcl/fused/processing_ms,std_msgs/msg/Float32,136.19467163085938
1774015065.1474855,/metrics/pcl/fused/detections_count,std_msgs/msg/Int32,76
1774015065.1476,/metrics/pcl/fused/points_in,std_msgs/msg/Int32,41050
1774015065.1476645,/metrics/pcl/fused/processing_ms,std_msgs/msg/Float32,137.33860778808594
1774015065.929888,/metrics/pcl/fused/detections_count,std_msgs/msg/Int32,75
1774015065.930051,/metrics/pcl/fused/points_in,std_msgs/msg/Int32,41069
1774015065.9301605,/metrics/pcl/fused/processing_ms,std_msgs/msg/Float32,138.9409942626953
1774015066.4556932,/metrics/pcl/fused/detections_count,std_msgs/msg/Int32,77
1774015066.4558241,/metrics/pcl/fused/points_in,std_msgs/msg/Int32,41040
1774015066.4559395,/metrics/pcl/fused/processing_ms,std_msgs/msg/Float32,137.0246124267578
1774015066.9832125,/metrics/pcl/fused/detections_count,std_msgs/msg/Int32,81
1774015066.9833689,/metrics/pcl/fused/points_in,std_msgs/msg/Int32,41161
1774015066.983496,/metrics/pcl/fused/processing_ms,std_msgs/msg/Float32,137.92520141601562
1774015068.0427573,/metrics/pcl/fused/detections_count,std_msgs/msg/Int32,77
1774015068.0429,/metrics/pcl/fused/points_in,std_msgs/msg/Int32,41206
1774015068.0429783,/metrics/pcl/fused/processing_ms,std_msgs/msg/Float32,140.93690490722656
1774015068.5651162,/metrics/pcl/fused/detections_count,std_msgs/msg/Int32,75
1774015068.5652766,/metrics/pcl/fused/points_in,std_msgs/msg/Int32,41152
1774015068.5654504,/metrics/pcl/fused/processing_ms,std_msgs/msg/Float32,138.3546600341797
1774015069.8964596,/metrics/pcl/fused/detections_count,std_msgs/msg/Int32,81
1774015069.8966227,/metrics/pcl/fused/points_in,std_msgs/msg/Int32,41190
1774015069.896706,/metrics/pcl/fused/processing_ms,std_msgs/msg/Float32,139.5109405517578
1774015070.1663315,/metrics/pcl/fused/detections_count,std_msgs/msg/Int32,75
1774015070.1664436,/metrics/pcl/fused/points_in,std_msgs/msg/Int32,41162
1774015070.16651,/metrics/pcl/fused/processing_ms,std_msgs/msg/Float32,134.03887939453125
1774015070.7110927,/metrics/pcl/fused/detections_count,std_msgs/msg/Int32,73
1774015070.7112837,/metrics/pcl/fused/points_in,std_msgs/msg/Int32,41150
1774015070.711429,/metrics/pcl/fused/processing_ms,std_msgs/msg/Float32,143.8722686767578
1774015071.7964904,/metrics/pcl/fused/detections_count,std_msgs/msg/Int32,77
1774015071.7966194,/metrics/pcl/fused/points_in,std_msgs/msg/Int32,41215
1774015071.7967026,/metrics/pcl/fused/processing_ms,std_msgs/msg/Float32,141.6347198486328
1774015072.3370159,/metrics/pcl/fused/detections_count,std_msgs/msg/Int32,80
1774015072.3371499,/metrics/pcl/fused/points_in,std_msgs/msg/Int32,41171
1774015072.3372378,/metrics/pcl/fused/processing_ms,std_msgs/msg/Float32,137.01182556152344
1774015072.6114664,/metrics/pcl/fused/detections_count,std_msgs/msg/Int32,74
1774015072.6116,/metrics/pcl/fused/points_in,std_msgs/msg/Int32,41254
1774015072.6116662,/metrics/pcl/fused/processing_ms,std_msgs/msg/Float32,140.72181701660156
1774015074.159469,/metrics/pcl/fused/detections_count,std_msgs/msg/Int32,76
1774015074.1595948,/metrics/pcl/fused/points_in,std_msgs/msg/Int32,41327
1774015074.1596851,/metrics/pcl/fused/processing_ms,std_msgs/msg/Float32,134.98318481445312
1774015074.397738,/metrics/pcl/fused/detections_count,std_msgs/msg/Int32,80
1774015074.3978558,/metrics/pcl/fused/points_in,std_msgs/msg/Int32,41160
1774015074.3979335,/metrics/pcl/fused/processing_ms,std_msgs/msg/Float32,137.17311096191406
1774015075.6394682,/metrics/pcl/fused/detections_count,std_msgs/msg/Int32,77
1774015075.639606,/metrics/pcl/fused/points_in,std_msgs/msg/Int32,41165
1774015075.6396997,/metrics/pcl/fused/processing_ms,std_msgs/msg/Float32,170.13392639160156
1774015075.894024,/metrics/pcl/fused/detections_count,std_msgs/msg/Int32,76
1774015075.8941765,/metrics/pcl/fused/points_in,std_msgs/msg/Int32,41157
1774015075.8942392,/metrics/pcl/fused/processing_ms,std_msgs/msg/Float32,143.44949340820312
1774015077.1106536,/metrics/pcl/fused/detections_count,std_msgs/msg/Int32,85
1774015077.1107743,/metrics/pcl/fused/points_in,std_msgs/msg/Int32,40888
1774015077.1108434,/metrics/pcl/fused/processing_ms,std_msgs/msg/Float32,142.41188049316406
1774015077.8448324,/metrics/pcl/fused/detections_count,std_msgs/msg/Int32,79
1774015077.8449771,/metrics/pcl/fused/points_in,std_msgs/msg/Int32,40895
1774015077.8450506,/metrics/pcl/fused/processing_ms,std_msgs/msg/Float32,136.91502380371094
1774015078.5904508,/metrics/pcl/fused/detections_count,std_msgs/msg/Int32,81
1774015078.5905876,/metrics/pcl/fused/points_in,std_msgs/msg/Int32,40881
1774015078.590664,/metrics/pcl/fused/processing_ms,std_msgs/msg/Float32,137.53192138671875
1774015081.6377053,/metrics/pcl/fused/detections_count,std_msgs/msg/Int32,79
1774015081.6378396,/metrics/pcl/fused/points_in,std_msgs/msg/Int32,40960
1774015081.6379175,/metrics/pcl/fused/processing_ms,std_msgs/msg/Float32,139.18789672851562
1774015082.4127138,/metrics/pcl/fused/detections_count,std_msgs/msg/Int32,77
1774015082.4128678,/metrics/pcl/fused/points_in,std_msgs/msg/Int32,40838
1774015082.4129677,/metrics/pcl/fused/processing_ms,std_msgs/msg/Float32,132.80142211914062
1774015082.9379616,/metrics/pcl/fused/detections_count,std_msgs/msg/Int32,76
1774015082.9381137,/metrics/pcl/fused/points_in,std_msgs/msg/Int32,40709
1774015082.9381866,/metrics/pcl/fused/processing_ms,std_msgs/msg/Float32,134.70440673828125
1774015083.7631075,/metrics/pcl/fused/detections_count,std_msgs/msg/Int32,76
1774015083.7632332,/metrics/pcl/fused/points_in,std_msgs/msg/Int32,40760
1774015083.7633348,/metrics/pcl/fused/processing_ms,std_msgs/msg/Float32,142.4376220703125
1774015084.0961607,/metrics/pcl/fused/detections_count,std_msgs/msg/Int32,81
1774015084.0962765,/metrics/pcl/fused/points_in,std_msgs/msg/Int32,40804
1774015084.0963526,/metrics/pcl/fused/processing_ms,std_msgs/msg/Float32,147.50326538085938
1774015084.6916585,/metrics/pcl/fused/detections_count,std_msgs/msg/Int32,71
1774015084.6918168,/metrics/pcl/fused/points_in,std_msgs/msg/Int32,40739
1774015084.6919591,/metrics/pcl/fused/processing_ms,std_msgs/msg/Float32,150.695068359375
1774015084.9711428,/metrics/pcl/fused/detections_count,std_msgs/msg/Int32,78
1774015084.9712648,/metrics/pcl/fused/points_in,std_msgs/msg/Int32,40717
1774015084.9713442,/metrics/pcl/fused/processing_ms,std_msgs/msg/Float32,139.9362030029297
1774015085.2309756,/metrics/pcl/fused/detections_count,std_msgs/msg/Int32,75
1774015085.2311234,/metrics/pcl/fused/points_in,std_msgs/msg/Int32,40655
1774015085.2312346,/metrics/pcl/fused/processing_ms,std_msgs/msg/Float32,132.02398681640625
1774015085.497927,/metrics/pcl/fused/detections_count,std_msgs/msg/Int32,77
1774015085.4981394,/metrics/pcl/fused/points_in,std_msgs/msg/Int32,40727
1774015085.498249,/metrics/pcl/fused/processing_ms,std_msgs/msg/Float32,136.13232421875
1774015085.7728934,/metrics/pcl/fused/detections_count,std_msgs/msg/Int32,77
1774015085.773092,/metrics/pcl/fused/points_in,std_msgs/msg/Int32,40807
1774015085.7731848,/metrics/pcl/fused/processing_ms,std_msgs/msg/Float32,137.18014526367188
1774015086.0484905,/metrics/pcl/fused/detections_count,std_msgs/msg/Int32,75
1774015086.0486004,/metrics/pcl/fused/points_in,std_msgs/msg/Int32,40746
1774015086.048664,/metrics/pcl/fused/processing_ms,std_msgs/msg/Float32,140.5716552734375
1774015086.5741127,/metrics/pcl/fused/detections_count,std_msgs/msg/Int32,74
1774015086.5742662,/metrics/pcl/fused/points_in,std_msgs/msg/Int32,40729
1774015086.574346,/metrics/pcl/fused/processing_ms,std_msgs/msg/Float32,139.31149291992188
1774015086.841698,/metrics/pcl/fused/detections_count,std_msgs/msg/Int32,78
1774015086.841862,/metrics/pcl/fused/points_in,std_msgs/msg/Int32,40693
1774015086.8419728,/metrics/pcl/fused/processing_ms,std_msgs/msg/Float32,135.20191955566406
1774015087.6387627,/metrics/pcl/fused/detections_count,std_msgs/msg/Int32,77
1774015087.6389568,/metrics/pcl/fused/points_in,std_msgs/msg/Int32,40656
1774015087.6390455,/metrics/pcl/fused/processing_ms,std_msgs/msg/Float32,138.5386505126953
1774015088.4656594,/metrics/pcl/fused/detections_count,std_msgs/msg/Int32,71
1774015088.4658134,/metrics/pcl/fused/points_in,std_msgs/msg/Int32,40890
1774015088.465966,/metrics/pcl/fused/processing_ms,std_msgs/msg/Float32,152.28976440429688
1774015089.0420232,/metrics/pcl/fused/detections_count,std_msgs/msg/Int32,74
1774015089.042156,/metrics/pcl/fused/points_in,std_msgs/msg/Int32,41049
1774015089.0422277,/metrics/pcl/fused/processing_ms,std_msgs/msg/Float32,149.0565643310547
1774015089.3288243,/metrics/pcl/fused/detections_count,std_msgs/msg/Int32,71
1774015089.3290238,/metrics/pcl/fused/points_in,std_msgs/msg/Int32,40758
1774015089.3291402,/metrics/pcl/fused/processing_ms,std_msgs/msg/Float32,150.81773376464844
1774015090.2401495,/metrics/pcl/fused/detections_count,std_msgs/msg/Int32,74
1774015090.2403097,/metrics/pcl/fused/points_in,std_msgs/msg/Int32,40934
1774015090.2404003,/metrics/pcl/fused/processing_ms,std_msgs/msg/Float32,175.11756896972656
1774015091.1071904,/metrics/pcl/fused/detections_count,std_msgs/msg/Int32,77
1774015091.1073217,/metrics/pcl/fused/points_in,std_msgs/msg/Int32,41108
1774015091.1074057,/metrics/pcl/fused/processing_ms,std_msgs/msg/Float32,144.82192993164062
1774015091.4322839,/metrics/pcl/fused/detections_count,std_msgs/msg/Int32,79
1774015091.4324183,/metrics/pcl/fused/points_in,std_msgs/msg/Int32,41044
1774015091.4325285,/metrics/pcl/fused/processing_ms,std_msgs/msg/Float32,173.58067321777344
1774015091.743378,/metrics/pcl/fused/detections_count,std_msgs/msg/Int32,79
1774015091.7435098,/metrics/pcl/fused/points_in,std_msgs/msg/Int32,40863
1774015091.7435715,/metrics/pcl/fused/processing_ms,std_msgs/msg/Float32,150.96820068359375
1774015092.9364166,/metrics/pcl/fused/detections_count,std_msgs/msg/Int32,76
1774015092.9365523,/metrics/pcl/fused/points_in,std_msgs/msg/Int32,40810
1774015092.9366221,/metrics/pcl/fused/processing_ms,std_msgs/msg/Float32,171.00015258789062
1774015093.2244134,/metrics/pcl/fused/detections_count,std_msgs/msg/Int32,78
1774015093.224572,/metrics/pcl/fused/points_in,std_msgs/msg/Int32,40737
1774015093.2246473,/metrics/pcl/fused/processing_ms,std_msgs/msg/Float32,146.2928009033203
1774015093.8146849,/metrics/pcl/fused/detections_count,std_msgs/msg/Int32,77
1774015093.8148048,/metrics/pcl/fused/points_in,std_msgs/msg/Int32,41035
1774015093.814896,/metrics/pcl/fused/processing_ms,std_msgs/msg/Float32,150.71115112304688
1774015095.0025585,/metrics/pcl/fused/detections_count,std_msgs/msg/Int32,74
1774015095.0027359,/metrics/pcl/fused/points_in,std_msgs/msg/Int32,40839
1774015095.0028088,/metrics/pcl/fused/processing_ms,std_msgs/msg/Float32,152.3548583984375
1774015098.9443824,/metrics/pcl/fused/detections_count,std_msgs/msg/Int32,77
1774015098.9445145,/metrics/pcl/fused/points_in,std_msgs/msg/Int32,41001
1774015098.9445872,/metrics/pcl/fused/processing_ms,std_msgs/msg/Float32,145.38592529296875
1774015103.3472068,/metrics/pcl/fused/detections_count,std_msgs/msg/Int32,76
1774015103.3473606,/metrics/pcl/fused/points_in,std_msgs/msg/Int32,41253
1774015103.347446,/metrics/pcl/fused/processing_ms,std_msgs/msg/Float32,138.82907104492188
1774015103.611186,/metrics/pcl/fused/detections_count,std_msgs/msg/Int32,82
1774015103.611311,/metrics/pcl/fused/points_in,std_msgs/msg/Int32,41385
1774015103.6113787,/metrics/pcl/fused/processing_ms,std_msgs/msg/Float32,140.02471923828125
1774015103.8828452,/metrics/pcl/fused/detections_count,std_msgs/msg/Int32,75
1774015103.8829954,/metrics/pcl/fused/points_in,std_msgs/msg/Int32,41201
1774015103.883068,/metrics/pcl/fused/processing_ms,std_msgs/msg/Float32,143.02142333984375
1774015105.176605,/metrics/pcl/fused/detections_count,std_msgs/msg/Int32,77
1774015105.1767404,/metrics/pcl/fused/points_in,std_msgs/msg/Int32,41390
1774015105.1768224,/metrics/pcl/fused/processing_ms,std_msgs/msg/Float32,136.48431396484375
1774015105.7077467,/metrics/pcl/fused/detections_count,std_msgs/msg/Int32,82
1774015105.7079408,/metrics/pcl/fused/points_in,std_msgs/msg/Int32,41246
1774015105.7080185,/metrics/pcl/fused/processing_ms,std_msgs/msg/Float32,140.70596313476562
1774015106.2362359,/metrics/pcl/fused/detections_count,std_msgs/msg/Int32,78
1774015106.2363667,/metrics/pcl/fused/points_in,std_msgs/msg/Int32,41350
1774015106.2364376,/metrics/pcl/fused/processing_ms,std_msgs/msg/Float32,131.701904296875
1774015106.504533,/metrics/pcl/fused/detections_count,std_msgs/msg/Int32,74
1774015106.5047152,/metrics/pcl/fused/points_in,std_msgs/msg/Int32,41717
1774015106.5048327,/metrics/pcl/fused/processing_ms,std_msgs/msg/Float32,139.1235809326172
1774015106.7790802,/metrics/pcl/fused/detections_count,std_msgs/msg/Int32,75
1774015106.7791955,/metrics/pcl/fused/points_in,std_msgs/msg/Int32,41883
1774015106.7792668,/metrics/pcl/fused/processing_ms,std_msgs/msg/Float32,139.94317626953125
1774015107.3128045,/metrics/pcl/fused/detections_count,std_msgs/msg/Int32,81
1774015107.3129416,/metrics/pcl/fused/points_in,std_msgs/msg/Int32,41828
1774015107.313017,/metrics/pcl/fused/processing_ms,std_msgs/msg/Float32,133.2084197998047
1774015108.3674448,/metrics/pcl/fused/detections_count,std_msgs/msg/Int32,79
1774015108.367566,/metrics/pcl/fused/points_in,std_msgs/msg/Int32,41754
1774015108.3676326,/metrics/pcl/fused/processing_ms,std_msgs/msg/Float32,134.77792358398438
1774015109.419381,/metrics/pcl/fused/detections_count,std_msgs/msg/Int32,83
1774015109.4195044,/metrics/pcl/fused/points_in,std_msgs/msg/Int32,41779
1774015109.4195616,/metrics/pcl/fused/processing_ms,std_msgs/msg/Float32,137.22496032714844
1774015109.706644,/metrics/pcl/fused/detections_count,std_msgs/msg/Int32,76
1774015109.7068272,/metrics/pcl/fused/points_in,std_msgs/msg/Int32,41827
1774015109.7069473,/metrics/pcl/fused/processing_ms,std_msgs/msg/Float32,149.26095581054688
1774015110.2580109,/metrics/pcl/fused/detections_count,std_msgs/msg/Int32,79
1774015110.2581596,/metrics/pcl/fused/points_in,std_msgs/msg/Int32,42112
1774015110.2582316,/metrics/pcl/fused/processing_ms,std_msgs/msg/Float32,140.03785705566406
1774015110.5274794,/metrics/pcl/fused/detections_count,std_msgs/msg/Int32,71
1774015110.5276065,/metrics/pcl/fused/points_in,std_msgs/msg/Int32,42028
1774015110.5276885,/metrics/pcl/fused/processing_ms,std_msgs/msg/Float32,141.84674072265625
1774015110.8059702,/metrics/pcl/fused/detections_count,std_msgs/msg/Int32,77
1774015110.8060923,/metrics/pcl/fused/points_in,std_msgs/msg/Int32,42011
1774015110.8061569,/metrics/pcl/fused/processing_ms,std_msgs/msg/Float32,142.99696350097656
1774015112.7447112,/metrics/pcl/fused/detections_count,std_msgs/msg/Int32,77
1774015112.744836,/metrics/pcl/fused/points_in,std_msgs/msg/Int32,42079
1774015112.7449408,/metrics/pcl/fused/processing_ms,std_msgs/msg/Float32,144.6007080078125
1774015113.0226202,/metrics/pcl/fused/detections_count,std_msgs/msg/Int32,74
1774015113.0227697,/metrics/pcl/fused/points_in,std_msgs/msg/Int32,42035
1774015113.022882,/metrics/pcl/fused/processing_ms,std_msgs/msg/Float32,141.95606994628906
1774015114.6112235,/metrics/pcl/fused/detections_count,std_msgs/msg/Int32,77
1774015114.6113563,/metrics/pcl/fused/points_in,std_msgs/msg/Int32,41870
1774015114.6114242,/metrics/pcl/fused/processing_ms,std_msgs/msg/Float32,141.6388702392578
1774015116.2437346,/metrics/pcl/fused/detections_count,std_msgs/msg/Int32,80
1774015116.2438922,/metrics/pcl/fused/points_in,std_msgs/msg/Int32,41804
1774015116.2439923,/metrics/pcl/fused/processing_ms,std_msgs/msg/Float32,146.915283203125
1774015116.811838,/metrics/pcl/fused/detections_count,std_msgs/msg/Int32,77
1774015116.8119996,/metrics/pcl/fused/points_in,std_msgs/msg/Int32,42030
1774015116.8120854,/metrics/pcl/fused/processing_ms,std_msgs/msg/Float32,157.29725646972656
1774015117.0994887,/metrics/pcl/fused/detections_count,std_msgs/msg/Int32,79
1774015117.099621,/metrics/pcl/fused/points_in,std_msgs/msg/Int32,41939
1774015117.0996866,/metrics/pcl/fused/processing_ms,std_msgs/msg/Float32,147.90304565429688
1774015117.3721666,/metrics/pcl/fused/detections_count,std_msgs/msg/Int32,76
1774015117.37235,/metrics/pcl/fused/points_in,std_msgs/msg/Int32,41892
1774015117.3724818,/metrics/pcl/fused/processing_ms,std_msgs/msg/Float32,141.27711486816406
1774015117.6531775,/metrics/pcl/fused/detections_count,std_msgs/msg/Int32,74
1774015117.6533005,/metrics/pcl/fused/points_in,std_msgs/msg/Int32,41980
1774015117.6533642,/metrics/pcl/fused/processing_ms,std_msgs/msg/Float32,145.7633819580078
1774015117.9391801,/metrics/pcl/fused/detections_count,std_msgs/msg/Int32,74
1774015117.9393196,/metrics/pcl/fused/points_in,std_msgs/msg/Int32,41902
1774015117.9393878,/metrics/pcl/fused/processing_ms,std_msgs/msg/Float32,146.8579864501953
1774015118.189909,/metrics/pcl/fused/detections_count,std_msgs/msg/Int32,74
1774015118.190071,/metrics/pcl/fused/points_in,std_msgs/msg/Int32,41992
1774015118.190141,/metrics/pcl/fused/processing_ms,std_msgs/msg/Float32,144.75885009765625
1774015118.937372,/metrics/pcl/fused/detections_count,std_msgs/msg/Int32,78
1774015118.9375281,/metrics/pcl/fused/points_in,std_msgs/msg/Int32,41981
1774015118.9376044,/metrics/pcl/fused/processing_ms,std_msgs/msg/Float32,161.84844970703125
1774015119.1903276,/metrics/pcl/fused/detections_count,std_msgs/msg/Int32,76
1774015119.1905262,/metrics/pcl/fused/points_in,std_msgs/msg/Int32,41938
1774015119.1906705,/metrics/pcl/fused/processing_ms,std_msgs/msg/Float32,149.7984161376953
1774015119.4358144,/metrics/pcl/fused/detections_count,std_msgs/msg/Int32,76
1774015119.4359694,/metrics/pcl/fused/points_in,std_msgs/msg/Int32,42045
1774015119.4360306,/metrics/pcl/fused/processing_ms,std_msgs/msg/Float32,145.0737762451172
1774015119.6851017,/metrics/pcl/fused/detections_count,std_msgs/msg/Int32,75
1774015119.6852322,/metrics/pcl/fused/points_in,std_msgs/msg/Int32,41896
1774015119.685315,/metrics/pcl/fused/processing_ms,std_msgs/msg/Float32,146.5465850830078
1774015120.1752703,/metrics/pcl/fused/detections_count,std_msgs/msg/Int32,79
1774015120.175402,/metrics/pcl/fused/points_in,std_msgs/msg/Int32,42014
1774015120.1754794,/metrics/pcl/fused/processing_ms,std_msgs/msg/Float32,147.3166961669922
1774015121.3936663,/metrics/pcl/fused/detections_count,std_msgs/msg/Int32,74
1774015121.393804,/metrics/pcl/fused/points_in,std_msgs/msg/Int32,41782
1774015121.3938973,/metrics/pcl/fused/processing_ms,std_msgs/msg/Float32,144.86795043945312
1774015124.6942558,/metrics/pcl/fused/detections_count,std_msgs/msg/Int32,74
1774015124.6943848,/metrics/pcl/fused/points_in,std_msgs/msg/Int32,41893
1774015124.6944685,/metrics/pcl/fused/processing_ms,std_msgs/msg/Float32,146.15493774414062
1774015125.740841,/metrics/pcl/fused/detections_count,std_msgs/msg/Int32,76
1774015125.7409968,/metrics/pcl/fused/points_in,std_msgs/msg/Int32,41011
1774015125.7410634,/metrics/pcl/fused/processing_ms,std_msgs/msg/Float32,141.881591796875
1774015126.0119529,/metrics/pcl/fused/detections_count,std_msgs/msg/Int32,80
1774015126.0120869,/metrics/pcl/fused/points_in,std_msgs/msg/Int32,40903
1774015126.0121574,/metrics/pcl/fused/processing_ms,std_msgs/msg/Float32,145.89125061035156
1774015126.2761939,/metrics/pcl/fused/detections_count,std_msgs/msg/Int32,75
1774015126.2763045,/metrics/pcl/fused/points_in,std_msgs/msg/Int32,40947
1774015126.2763648,/metrics/pcl/fused/processing_ms,std_msgs/msg/Float32,137.79393005371094
1774015126.550097,/metrics/pcl/fused/detections_count,std_msgs/msg/Int32,73
1774015126.5502126,/metrics/pcl/fused/points_in,std_msgs/msg/Int32,41012
1774015126.550282,/metrics/pcl/fused/processing_ms,std_msgs/msg/Float32,139.54188537597656
1774015127.343346,/metrics/pcl/fused/detections_count,std_msgs/msg/Int32,73
1774015127.343469,/metrics/pcl/fused/points_in,std_msgs/msg/Int32,40734
1774015127.3435514,/metrics/pcl/fused/processing_ms,std_msgs/msg/Float32,136.22882080078125
1774015127.6263099,/metrics/pcl/fused/detections_count,std_msgs/msg/Int32,73
1774015127.6264312,/metrics/pcl/fused/points_in,std_msgs/msg/Int32,40664
1774015127.6264915,/metrics/pcl/fused/processing_ms,std_msgs/msg/Float32,145.16883850097656
1774015128.1651585,/metrics/pcl/fused/detections_count,std_msgs/msg/Int32,73
1774015128.1653068,/metrics/pcl/fused/points_in,std_msgs/msg/Int32,40537
1774015128.1653748,/metrics/pcl/fused/processing_ms,std_msgs/msg/Float32,137.93431091308594
1774015128.4375215,/metrics/pcl/fused/detections_count,std_msgs/msg/Int32,74
1774015128.4376848,/metrics/pcl/fused/points_in,std_msgs/msg/Int32,40592
1774015128.4377477,/metrics/pcl/fused/processing_ms,std_msgs/msg/Float32,146.35110473632812
1774015128.964594,/metrics/pcl/fused/detections_count,std_msgs/msg/Int32,70
1774015128.9647331,/metrics/pcl/fused/points_in,std_msgs/msg/Int32,40137
1774015128.9648094,/metrics/pcl/fused/processing_ms,std_msgs/msg/Float32,145.7323455810547
1774015129.738817,/metrics/pcl/fused/detections_count,std_msgs/msg/Int32,67
1774015129.739079,/metrics/pcl/fused/points_in,std_msgs/msg/Int32,40111
1774015129.7391922,/metrics/pcl/fused/processing_ms,std_msgs/msg/Float32,140.52047729492188
1774015130.0116432,/metrics/pcl/fused/detections_count,std_msgs/msg/Int32,72
1774015130.0117965,/metrics/pcl/fused/points_in,std_msgs/msg/Int32,40187
1774015130.0119557,/metrics/pcl/fused/processing_ms,std_msgs/msg/Float32,137.76528930664062
1774015131.6136744,/metrics/pcl/fused/detections_count,std_msgs/msg/Int32,77
1774015131.6137931,/metrics/pcl/fused/points_in,std_msgs/msg/Int32,40877
1774015131.6178532,/metrics/pcl/fused/processing_ms,std_msgs/msg/Float32,139.2246856689453
1774015132.6642194,/metrics/pcl/fused/detections_count,std_msgs/msg/Int32,72
1774015132.6643596,/metrics/pcl/fused/points_in,std_msgs/msg/Int32,39925
1774015132.664456,/metrics/pcl/fused/processing_ms,std_msgs/msg/Float32,137.36758422851562
1774015133.4467626,/metrics/pcl/fused/detections_count,std_msgs/msg/Int32,77
1774015133.4470286,/metrics/pcl/fused/points_in,std_msgs/msg/Int32,39976
1774015133.447139,/metrics/pcl/fused/processing_ms,std_msgs/msg/Float32,134.73944091796875
1774015133.7133653,/metrics/pcl/fused/detections_count,std_msgs/msg/Int32,77
1774015133.7134845,/metrics/pcl/fused/points_in,std_msgs/msg/Int32,40054
1774015133.7135527,/metrics/pcl/fused/processing_ms,std_msgs/msg/Float32,137.17372131347656
1774015134.7616425,/metrics/pcl/fused/detections_count,std_msgs/msg/Int32,77
1774015134.761783,/metrics/pcl/fused/points_in,std_msgs/msg/Int32,40791
1774015134.7618835,/metrics/pcl/fused/processing_ms,std_msgs/msg/Float32,137.1479949951172
1774015135.0414584,/metrics/pcl/fused/detections_count,std_msgs/msg/Int32,76
1774015135.0416088,/metrics/pcl/fused/points_in,std_msgs/msg/Int32,40710
1774015135.0417216,/metrics/pcl/fused/processing_ms,std_msgs/msg/Float32,135.57301330566406
1774015135.3119307,/metrics/pcl/fused/detections_count,std_msgs/msg/Int32,74
1774015135.3121154,/metrics/pcl/fused/points_in,std_msgs/msg/Int32,40687
1774015135.3122344,/metrics/pcl/fused/processing_ms,std_msgs/msg/Float32,133.4292449951172
1774015137.2282453,/metrics/pcl/fused/detections_count,std_msgs/msg/Int32,75
1774015137.228349,/metrics/pcl/fused/points_in,std_msgs/msg/Int32,40679
1774015137.228426,/metrics/pcl/fused/processing_ms,std_msgs/msg/Float32,132.16282653808594
1774015140.9225712,/metrics/pcl/fused/detections_count,std_msgs/msg/Int32,78
1774015140.9227083,/metrics/pcl/fused/points_in,std_msgs/msg/Int32,41177
1774015140.9227672,/metrics/pcl/fused/processing_ms,std_msgs/msg/Float32,142.38328552246094
1774015141.1665988,/metrics/pcl/fused/detections_count,std_msgs/msg/Int32,69
1774015141.1667197,/metrics/pcl/fused/points_in,std_msgs/msg/Int32,41250
1774015141.1667888,/metrics/pcl/fused/processing_ms,std_msgs/msg/Float32,139.54022216796875
1774015142.1413784,/metrics/pcl/fused/detections_count,std_msgs/msg/Int32,76
1774015142.1415098,/metrics/pcl/fused/points_in,std_msgs/msg/Int32,41161
1774015142.1415813,/metrics/pcl/fused/processing_ms,std_msgs/msg/Float32,142.1215057373047
1774015142.8716311,/metrics/pcl/fused/detections_count,std_msgs/msg/Int32,75
1774015142.871848,/metrics/pcl/fused/points_in,std_msgs/msg/Int32,41064
1774015142.8719714,/metrics/pcl/fused/processing_ms,std_msgs/msg/Float32,139.7301025390625
1774015143.1281774,/metrics/pcl/fused/detections_count,std_msgs/msg/Int32,79
1774015143.128334,/metrics/pcl/fused/points_in,std_msgs/msg/Int32,41054
1774015143.128403,/metrics/pcl/fused/processing_ms,std_msgs/msg/Float32,142.39907836914062
1774015144.110471,/metrics/pcl/fused/detections_count,std_msgs/msg/Int32,77
1774015144.110603,/metrics/pcl/fused/points_in,std_msgs/msg/Int32,40403
1774015144.1106699,/metrics/pcl/fused/processing_ms,std_msgs/msg/Float32,139.39891052246094
1774015144.3637185,/metrics/pcl/fused/detections_count,std_msgs/msg/Int32,77
1774015144.3638487,/metrics/pcl/fused/points_in,std_msgs/msg/Int32,40544
1774015144.3639593,/metrics/pcl/fused/processing_ms,std_msgs/msg/Float32,140.69869995117188
1774015145.1167114,/metrics/pcl/fused/detections_count,std_msgs/msg/Int32,76
1774015145.1168523,/metrics/pcl/fused/points_in,std_msgs/msg/Int32,40572
1774015145.116962,/metrics/pcl/fused/processing_ms,std_msgs/msg/Float32,142.78692626953125
1774015145.3657904,/metrics/pcl/fused/detections_count,std_msgs/msg/Int32,69
1774015145.365939,/metrics/pcl/fused/points_in,std_msgs/msg/Int32,40313
1774015145.36604,/metrics/pcl/fused/processing_ms,std_msgs/msg/Float32,139.02503967285156
1774015145.8808165,/metrics/pcl/fused/detections_count,std_msgs/msg/Int32,74
1774015145.8809931,/metrics/pcl/fused/points_in,std_msgs/msg/Int32,41457
1774015145.8810809,/metrics/pcl/fused/processing_ms,std_msgs/msg/Float32,149.48619079589844
1774015146.6472113,/metrics/pcl/fused/detections_count,std_msgs/msg/Int32,81
1774015146.647322,/metrics/pcl/fused/points_in,std_msgs/msg/Int32,41385
1774015146.6473973,/metrics/pcl/fused/processing_ms,std_msgs/msg/Float32,150.17703247070312
1774015148.1843293,/metrics/pcl/fused/detections_count,std_msgs/msg/Int32,72
1774015148.1844406,/metrics/pcl/fused/points_in,std_msgs/msg/Int32,41954
1774015148.1845253,/metrics/pcl/fused/processing_ms,std_msgs/msg/Float32,142.7672119140625
1774015150.78354,/metrics/pcl/fused/detections_count,std_msgs/msg/Int32,84
1774015150.783668,/metrics/pcl/fused/points_in,std_msgs/msg/Int32,40646
1774015150.7837412,/metrics/pcl/fused/processing_ms,std_msgs/msg/Float32,141.843505859375
1774015151.5678446,/metrics/pcl/fused/detections_count,std_msgs/msg/Int32,83
1774015151.5680559,/metrics/pcl/fused/points_in,std_msgs/msg/Int32,40157
1774015151.5681443,/metrics/pcl/fused/processing_ms,std_msgs/msg/Float32,137.0283203125
1774015152.0965788,/metrics/pcl/fused/detections_count,std_msgs/msg/Int32,77
1774015152.0967193,/metrics/pcl/fused/points_in,std_msgs/msg/Int32,40678
1774015152.0967941,/metrics/pcl/fused/processing_ms,std_msgs/msg/Float32,137.58157348632812
1774015153.4061472,/metrics/pcl/fused/detections_count,std_msgs/msg/Int32,75
1774015153.4063294,/metrics/pcl/fused/points_in,std_msgs/msg/Int32,40843
1774015153.4064045,/metrics/pcl/fused/processing_ms,std_msgs/msg/Float32,136.90638732910156
1774015153.6726663,/metrics/pcl/fused/detections_count,std_msgs/msg/Int32,72
1774015153.6728518,/metrics/pcl/fused/points_in,std_msgs/msg/Int32,40083
1774015153.6729739,/metrics/pcl/fused/processing_ms,std_msgs/msg/Float32,136.56935119628906
1774015153.9447215,/metrics/pcl/fused/detections_count,std_msgs/msg/Int32,80
1774015153.944844,/metrics/pcl/fused/points_in,std_msgs/msg/Int32,40127
1774015153.9449413,/metrics/pcl/fused/processing_ms,std_msgs/msg/Float32,140.19798278808594
1774015154.2152226,/metrics/pcl/fused/detections_count,std_msgs/msg/Int32,76
1774015154.2153594,/metrics/pcl/fused/points_in,std_msgs/msg/Int32,40101
1774015154.2154567,/metrics/pcl/fused/processing_ms,std_msgs/msg/Float32,138.90589904785156
1774015155.025709,/metrics/pcl/fused/detections_count,std_msgs/msg/Int32,72
1774015155.0259235,/metrics/pcl/fused/points_in,std_msgs/msg/Int32,40316
1774015155.0260825,/metrics/pcl/fused/processing_ms,std_msgs/msg/Float32,138.4960479736328
1774015155.5456693,/metrics/pcl/fused/detections_count,std_msgs/msg/Int32,80
1774015155.5457954,/metrics/pcl/fused/points_in,std_msgs/msg/Int32,40201
1774015155.5458903,/metrics/pcl/fused/processing_ms,std_msgs/msg/Float32,137.64418029785156
1774015156.0910707,/metrics/pcl/fused/detections_count,std_msgs/msg/Int32,81
1774015156.0912237,/metrics/pcl/fused/points_in,std_msgs/msg/Int32,40822
1774015156.0913022,/metrics/pcl/fused/processing_ms,std_msgs/msg/Float32,144.45126342773438
1774015156.8881903,/metrics/pcl/fused/detections_count,std_msgs/msg/Int32,79
1774015156.8883548,/metrics/pcl/fused/points_in,std_msgs/msg/Int32,41009
1774015156.8884363,/metrics/pcl/fused/processing_ms,std_msgs/msg/Float32,139.02040100097656
1774015157.6948304,/metrics/pcl/fused/detections_count,std_msgs/msg/Int32,77
1774015157.6949637,/metrics/pcl/fused/points_in,std_msgs/msg/Int32,41048
1774015157.69504,/metrics/pcl/fused/processing_ms,std_msgs/msg/Float32,140.06240844726562
1774015159.586087,/metrics/pcl/fused/detections_count,std_msgs/msg/Int32,76
1774015159.586217,/metrics/pcl/fused/points_in,std_msgs/msg/Int32,41725
1774015159.5862763,/metrics/pcl/fused/processing_ms,std_msgs/msg/Float32,146.43203735351562
1774015159.8779962,/metrics/pcl/fused/detections_count,std_msgs/msg/Int32,77
1774015159.8781152,/metrics/pcl/fused/points_in,std_msgs/msg/Int32,41948
1774015159.878185,/metrics/pcl/fused/processing_ms,std_msgs/msg/Float32,152.86434936523438
1774015160.6961918,/metrics/pcl/fused/detections_count,std_msgs/msg/Int32,76
1774015160.6963294,/metrics/pcl/fused/points_in,std_msgs/msg/Int32,41906
1774015160.6964118,/metrics/pcl/fused/processing_ms,std_msgs/msg/Float32,149.53871154785156
1774015160.9813085,/metrics/pcl/fused/detections_count,std_msgs/msg/Int32,73
1774015160.981459,/metrics/pcl/fused/points_in,std_msgs/msg/Int32,41813
1774015160.9815412,/metrics/pcl/fused/processing_ms,std_msgs/msg/Float32,153.21994018554688
1774015161.3091063,/metrics/pcl/fused/detections_count,std_msgs/msg/Int32,77
1774015161.3092277,/metrics/pcl/fused/points_in,std_msgs/msg/Int32,41984
1774015161.3092954,/metrics/pcl/fused/processing_ms,std_msgs/msg/Float32,177.9515380859375
1774015162.0699906,/metrics/pcl/fused/detections_count,std_msgs/msg/Int32,74
1774015162.070105,/metrics/pcl/fused/points_in,std_msgs/msg/Int32,41374
1774015162.0701835,/metrics/pcl/fused/processing_ms,std_msgs/msg/Float32,145.43695068359375
1774015162.3190596,/metrics/pcl/fused/detections_count,std_msgs/msg/Int32,76
1774015162.3191774,/metrics/pcl/fused/points_in,std_msgs/msg/Int32,41578
1774015162.3192425,/metrics/pcl/fused/processing_ms,std_msgs/msg/Float32,145.77944946289062
1774015162.8134975,/metrics/pcl/fused/detections_count,std_msgs/msg/Int32,70
1774015162.813633,/metrics/pcl/fused/points_in,std_msgs/msg/Int32,41392
1774015162.8136983,/metrics/pcl/fused/processing_ms,std_msgs/msg/Float32,146.14849853515625
1774015163.309521,/metrics/pcl/fused/detections_count,std_msgs/msg/Int32,69
1774015163.309646,/metrics/pcl/fused/points_in,std_msgs/msg/Int32,40915
1774015163.3097055,/metrics/pcl/fused/processing_ms,std_msgs/msg/Float32,140.872314453125
1774015163.5590856,/metrics/pcl/fused/detections_count,std_msgs/msg/Int32,70
1774015163.5592294,/metrics/pcl/fused/points_in,std_msgs/msg/Int32,40535
1774015163.5593116,/metrics/pcl/fused/processing_ms,std_msgs/msg/Float32,141.91122436523438
1774015164.058103,/metrics/pcl/fused/detections_count,std_msgs/msg/Int32,72
1774015164.0582528,/metrics/pcl/fused/points_in,std_msgs/msg/Int32,39599
1774015164.0583398,/metrics/pcl/fused/processing_ms,std_msgs/msg/Float32,133.51028442382812
1774015164.55485,/metrics/pcl/fused/detections_count,std_msgs/msg/Int32,77
1774015164.5549827,/metrics/pcl/fused/points_in,std_msgs/msg/Int32,38674
1774015164.5550873,/metrics/pcl/fused/processing_ms,std_msgs/msg/Float32,130.75929260253906
1774015166.0278568,/metrics/pcl/fused/detections_count,std_msgs/msg/Int32,67
1774015166.027998,/metrics/pcl/fused/points_in,std_msgs/msg/Int32,35613
1774015166.028064,/metrics/pcl/fused/processing_ms,std_msgs/msg/Float32,112.6684799194336
1774015167.3251972,/metrics/pcl/fused/detections_count,std_msgs/msg/Int32,71
1774015167.325315,/metrics/pcl/fused/points_in,std_msgs/msg/Int32,40772
1774015167.3253784,/metrics/pcl/fused/processing_ms,std_msgs/msg/Float32,144.10435485839844
1774015167.854743,/metrics/pcl/fused/detections_count,std_msgs/msg/Int32,77
1774015167.85491,/metrics/pcl/fused/points_in,std_msgs/msg/Int32,40315
1774015167.8549817,/metrics/pcl/fused/processing_ms,std_msgs/msg/Float32,141.85650634765625
1774015168.8877168,/metrics/pcl/fused/detections_count,std_msgs/msg/Int32,62
1774015168.8879876,/metrics/pcl/fused/points_in,std_msgs/msg/Int32,39979
1774015168.8881068,/metrics/pcl/fused/processing_ms,std_msgs/msg/Float32,138.5628204345703
1774015172.2860882,/metrics/pcl/fused/detections_count,std_msgs/msg/Int32,75
1774015172.2862134,/metrics/pcl/fused/points_in,std_msgs/msg/Int32,41239
1774015172.2862906,/metrics/pcl/fused/processing_ms,std_msgs/msg/Float32,139.4860382080078
1774015172.8228865,/metrics/pcl/fused/detections_count,std_msgs/msg/Int32,79
1774015172.8230362,/metrics/pcl/fused/points_in,std_msgs/msg/Int32,41455
1774015172.8231027,/metrics/pcl/fused/processing_ms,std_msgs/msg/Float32,143.7855682373047
1774015173.3671954,/metrics/pcl/fused/detections_count,std_msgs/msg/Int32,76
1774015173.3673275,/metrics/pcl/fused/points_in,std_msgs/msg/Int32,41860
1774015173.3674183,/metrics/pcl/fused/processing_ms,std_msgs/msg/Float32,140.851806640625
1774015175.2562435,/metrics/pcl/fused/detections_count,std_msgs/msg/Int32,71
1774015175.2563894,/metrics/pcl/fused/points_in,std_msgs/msg/Int32,41950
1774015175.2564695,/metrics/pcl/fused/processing_ms,std_msgs/msg/Float32,141.6964111328125
1774015175.8215067,/metrics/pcl/fused/detections_count,std_msgs/msg/Int32,79
1774015175.8216457,/metrics/pcl/fused/points_in,std_msgs/msg/Int32,42075
1774015175.821713,/metrics/pcl/fused/processing_ms,std_msgs/msg/Float32,144.6178436279297
1774015176.3571157,/metrics/pcl/fused/detections_count,std_msgs/msg/Int32,76
1774015176.3572478,/metrics/pcl/fused/points_in,std_msgs/msg/Int32,41869
1774015176.3573194,/metrics/pcl/fused/processing_ms,std_msgs/msg/Float32,139.8477325439453
1774015176.6433997,/metrics/pcl/fused/detections_count,std_msgs/msg/Int32,79
1774015176.643545,/metrics/pcl/fused/points_in,std_msgs/msg/Int32,41897
1774015176.6436255,/metrics/pcl/fused/processing_ms,std_msgs/msg/Float32,142.8046112060547
1774015177.1850402,/metrics/pcl/fused/detections_count,std_msgs/msg/Int32,80
1774015177.1851869,/metrics/pcl/fused/points_in,std_msgs/msg/Int32,41473
1774015177.1853065,/metrics/pcl/fused/processing_ms,std_msgs/msg/Float32,138.03082275390625
1774015177.7385352,/metrics/pcl/fused/detections_count,std_msgs/msg/Int32,80
1774015177.7386613,/metrics/pcl/fused/points_in,std_msgs/msg/Int32,41271
1774015177.73873,/metrics/pcl/fused/processing_ms,std_msgs/msg/Float32,139.68618774414062
1774015178.0358407,/metrics/pcl/fused/detections_count,std_msgs/msg/Int32,80
1774015178.0360057,/metrics/pcl/fused/points_in,std_msgs/msg/Int32,41123
1774015178.0360775,/metrics/pcl/fused/processing_ms,std_msgs/msg/Float32,144.81753540039062
1774015178.5826046,/metrics/pcl/fused/detections_count,std_msgs/msg/Int32,74
1774015178.5827093,/metrics/pcl/fused/points_in,std_msgs/msg/Int32,40753
1774015178.5827665,/metrics/pcl/fused/processing_ms,std_msgs/msg/Float32,138.91299438476562
1774015178.8614948,/metrics/pcl/fused/detections_count,std_msgs/msg/Int32,73
1774015178.8616114,/metrics/pcl/fused/points_in,std_msgs/msg/Int32,40494
1774015178.8616738,/metrics/pcl/fused/processing_ms,std_msgs/msg/Float32,137.8622589111328
1774015180.2248418,/metrics/pcl/fused/detections_count,std_msgs/msg/Int32,74
1774015180.225023,/metrics/pcl/fused/points_in,std_msgs/msg/Int32,40414
1774015180.225126,/metrics/pcl/fused/processing_ms,std_msgs/msg/Float32,132.21371459960938
1774015180.5011814,/metrics/pcl/fused/detections_count,std_msgs/msg/Int32,78
1774015180.5013976,/metrics/pcl/fused/points_in,std_msgs/msg/Int32,40708
1774015180.5014699,/metrics/pcl/fused/processing_ms,std_msgs/msg/Float32,135.74710083007812
1774015180.7825685,/metrics/pcl/fused/detections_count,std_msgs/msg/Int32,82
1774015180.782684,/metrics/pcl/fused/points_in,std_msgs/msg/Int32,41063
1774015180.7827466,/metrics/pcl/fused/processing_ms,std_msgs/msg/Float32,136.8791046142578
1774015181.3275707,/metrics/pcl/fused/detections_count,std_msgs/msg/Int32,79
1774015181.327698,/metrics/pcl/fused/points_in,std_msgs/msg/Int32,39882
1774015181.3277705,/metrics/pcl/fused/processing_ms,std_msgs/msg/Float32,133.8072967529297
1774015181.6004999,/metrics/pcl/fused/detections_count,std_msgs/msg/Int32,78
1774015181.600631,/metrics/pcl/fused/points_in,std_msgs/msg/Int32,39507
1774015181.600714,/metrics/pcl/fused/processing_ms,std_msgs/msg/Float32,135.05258178710938
1774015182.1482813,/metrics/pcl/fused/detections_count,std_msgs/msg/Int32,78
1774015182.1483862,/metrics/pcl/fused/points_in,std_msgs/msg/Int32,39566
1774015182.1484485,/metrics/pcl/fused/processing_ms,std_msgs/msg/Float32,135.65374755859375
1774015182.9869251,/metrics/pcl/fused/detections_count,std_msgs/msg/Int32,76
1774015182.987027,/metrics/pcl/fused/points_in,std_msgs/msg/Int32,40543
1774015182.9870822,/metrics/pcl/fused/processing_ms,std_msgs/msg/Float32,135.42819213867188
1774015183.5159686,/metrics/pcl/fused/detections_count,std_msgs/msg/Int32,76
1774015183.5160782,/metrics/pcl/fused/points_in,std_msgs/msg/Int32,40681
1774015183.5161395,/metrics/pcl/fused/processing_ms,std_msgs/msg/Float32,136.67965698242188
1774015185.524562,/metrics/pcl/fused/detections_count,std_msgs/msg/Int32,74
1774015185.5246856,/metrics/pcl/fused/points_in,std_msgs/msg/Int32,40718
1774015185.5247643,/metrics/pcl/fused/processing_ms,std_msgs/msg/Float32,142.02223205566406
1774015187.0325913,/metrics/pcl/fused/detections_count,std_msgs/msg/Int32,76
1774015187.0327432,/metrics/pcl/fused/points_in,std_msgs/msg/Int32,41084
1774015187.0328104,/metrics/pcl/fused/processing_ms,std_msgs/msg/Float32,140.77587890625
1774015188.1017783,/metrics/pcl/fused/detections_count,std_msgs/msg/Int32,80
1774015188.1020067,/metrics/pcl/fused/points_in,std_msgs/msg/Int32,40600
1774015188.1021378,/metrics/pcl/fused/processing_ms,std_msgs/msg/Float32,146.9003448486328
1774015188.3940723,/metrics/pcl/fused/detections_count,std_msgs/msg/Int32,73
1774015188.3942282,/metrics/pcl/fused/points_in,std_msgs/msg/Int32,40794
1774015188.394308,/metrics/pcl/fused/processing_ms,std_msgs/msg/Float32,163.7191925048828
1774015188.6542807,/metrics/pcl/fused/detections_count,std_msgs/msg/Int32,74
1774015188.6544135,/metrics/pcl/fused/points_in,std_msgs/msg/Int32,40691
1774015188.6544862,/metrics/pcl/fused/processing_ms,std_msgs/msg/Float32,144.70115661621094
1774015188.9318588,/metrics/pcl/fused/detections_count,std_msgs/msg/Int32,73
1774015188.9319735,/metrics/pcl/fused/points_in,std_msgs/msg/Int32,40349
1774015188.932027,/metrics/pcl/fused/processing_ms,std_msgs/msg/Float32,146.582763671875
1774015189.1866083,/metrics/pcl/fused/detections_count,std_msgs/msg/Int32,75
1774015189.1867461,/metrics/pcl/fused/points_in,std_msgs/msg/Int32,40165
1774015189.186806,/metrics/pcl/fused/processing_ms,std_msgs/msg/Float32,138.7529754638672
1774015189.968357,/metrics/pcl/fused/detections_count,std_msgs/msg/Int32,73
1774015189.968485,/metrics/pcl/fused/points_in,std_msgs/msg/Int32,39639
1774015189.9685502,/metrics/pcl/fused/processing_ms,std_msgs/msg/Float32,137.86795043945312
1774015190.5054264,/metrics/pcl/fused/detections_count,std_msgs/msg/Int32,67
1774015190.5056207,/metrics/pcl/fused/points_in,std_msgs/msg/Int32,39319
1774015190.5057058,/metrics/pcl/fused/processing_ms,std_msgs/msg/Float32,135.66151428222656
1774015190.77196,/metrics/pcl/fused/detections_count,std_msgs/msg/Int32,70
1774015190.7721598,/metrics/pcl/fused/points_in,std_msgs/msg/Int32,38482
1774015190.7722294,/metrics/pcl/fused/processing_ms,std_msgs/msg/Float32,134.8087158203125
1774015191.0343928,/metrics/pcl/fused/detections_count,std_msgs/msg/Int32,69
1774015191.0345597,/metrics/pcl/fused/points_in,std_msgs/msg/Int32,37940
1774015191.0346687,/metrics/pcl/fused/processing_ms,std_msgs/msg/Float32,133.5897979736328
1774015191.552024,/metrics/pcl/fused/detections_count,std_msgs/msg/Int32,74
1774015191.5521526,/metrics/pcl/fused/points_in,std_msgs/msg/Int32,37418
1774015191.5522242,/metrics/pcl/fused/processing_ms,std_msgs/msg/Float32,128.39657592773438
1774015191.822216,/metrics/pcl/fused/detections_count,std_msgs/msg/Int32,72
1774015191.8223596,/metrics/pcl/fused/points_in,std_msgs/msg/Int32,38300
1774015191.8224387,/metrics/pcl/fused/processing_ms,std_msgs/msg/Float32,134.27401733398438
1774015193.142802,/metrics/pcl/fused/detections_count,std_msgs/msg/Int32,79
1774015193.1429856,/metrics/pcl/fused/points_in,std_msgs/msg/Int32,40235
1774015193.1431077,/metrics/pcl/fused/processing_ms,std_msgs/msg/Float32,137.0786895751953
1774015193.415667,/metrics/pcl/fused/detections_count,std_msgs/msg/Int32,82
1774015193.4158082,/metrics/pcl/fused/points_in,std_msgs/msg/Int32,40263
1774015193.4158847,/metrics/pcl/fused/processing_ms,std_msgs/msg/Float32,141.66123962402344
1774015193.6861913,/metrics/pcl/fused/detections_count,std_msgs/msg/Int32,78
1774015193.6863403,/metrics/pcl/fused/points_in,std_msgs/msg/Int32,40448
1774015193.686413,/metrics/pcl/fused/processing_ms,std_msgs/msg/Float32,141.0330810546875
1774015195.0365446,/metrics/pcl/fused/detections_count,std_msgs/msg/Int32,75
1774015195.036669,/metrics/pcl/fused/points_in,std_msgs/msg/Int32,41361
1774015195.0367355,/metrics/pcl/fused/processing_ms,std_msgs/msg/Float32,143.38592529296875
1774015195.5683634,/metrics/pcl/fused/detections_count,std_msgs/msg/Int32,73
1774015195.5685525,/metrics/pcl/fused/points_in,std_msgs/msg/Int32,41266
1774015195.568709,/metrics/pcl/fused/processing_ms,std_msgs/msg/Float32,140.76475524902344
1774015195.8427057,/metrics/pcl/fused/detections_count,std_msgs/msg/Int32,78
1774015195.8428364,/metrics/pcl/fused/points_in,std_msgs/msg/Int32,41376
1774015195.8429484,/metrics/pcl/fused/processing_ms,std_msgs/msg/Float32,142.899658203125
1774015196.126896,/metrics/pcl/fused/detections_count,std_msgs/msg/Int32,74
1774015196.127022,/metrics/pcl/fused/points_in,std_msgs/msg/Int32,41261
1774015196.1270971,/metrics/pcl/fused/processing_ms,std_msgs/msg/Float32,148.65567016601562
1774015196.6835704,/metrics/pcl/fused/detections_count,std_msgs/msg/Int32,67
1774015196.6836808,/metrics/pcl/fused/points_in,std_msgs/msg/Int32,41423
1774015196.683743,/metrics/pcl/fused/processing_ms,std_msgs/msg/Float32,152.2249755859375
1774015196.976217,/metrics/pcl/fused/detections_count,std_msgs/msg/Int32,73
1774015196.9764001,/metrics/pcl/fused/points_in,std_msgs/msg/Int32,41706
1774015196.9764981,/metrics/pcl/fused/processing_ms,std_msgs/msg/Float32,147.64735412597656
1774015197.2477086,/metrics/pcl/fused/detections_count,std_msgs/msg/Int32,71
1774015197.247836,/metrics/pcl/fused/points_in,std_msgs/msg/Int32,41840
1774015197.247927,/metrics/pcl/fused/processing_ms,std_msgs/msg/Float32,139.1136932373047
1774015197.7965965,/metrics/pcl/fused/detections_count,std_msgs/msg/Int32,76
1774015197.7967675,/metrics/pcl/fused/points_in,std_msgs/msg/Int32,41924
1774015197.7968817,/metrics/pcl/fused/processing_ms,std_msgs/msg/Float32,141.77978515625
1774015198.343104,/metrics/pcl/fused/detections_count,std_msgs/msg/Int32,80
1774015198.3432748,/metrics/pcl/fused/points_in,std_msgs/msg/Int32,41906
1774015198.3433485,/metrics/pcl/fused/processing_ms,std_msgs/msg/Float32,144.3643035888672
1774015200.8283963,/metrics/pcl/fused/detections_count,std_msgs/msg/Int32,74
1774015200.8285198,/metrics/pcl/fused/points_in,std_msgs/msg/Int32,42158
1774015200.828604,/metrics/pcl/fused/processing_ms,std_msgs/msg/Float32,154.4178009033203
1774015201.3901644,/metrics/pcl/fused/detections_count,std_msgs/msg/Int32,76
1774015201.3903239,/metrics/pcl/fused/points_in,std_msgs/msg/Int32,42185
1774015201.3904128,/metrics/pcl/fused/processing_ms,std_msgs/msg/Float32,159.60183715820312
1774015201.695386,/metrics/pcl/fused/detections_count,std_msgs/msg/Int32,71
1774015201.6955078,/metrics/pcl/fused/points_in,std_msgs/msg/Int32,42069
1774015201.6955879,/metrics/pcl/fused/processing_ms,std_msgs/msg/Float32,158.11813354492188
1774015202.830038,/metrics/pcl/fused/detections_count,std_msgs/msg/Int32,74
1774015202.8301718,/metrics/pcl/fused/points_in,std_msgs/msg/Int32,41421
1774015202.8302455,/metrics/pcl/fused/processing_ms,std_msgs/msg/Float32,155.64141845703125
1774015203.1214564,/metrics/pcl/fused/detections_count,std_msgs/msg/Int32,71
1774015203.1215947,/metrics/pcl/fused/points_in,std_msgs/msg/Int32,41538
1774015203.1216578,/metrics/pcl/fused/processing_ms,std_msgs/msg/Float32,156.52841186523438
1774015203.4235954,/metrics/pcl/fused/detections_count,std_msgs/msg/Int32,75
1774015203.4238026,/metrics/pcl/fused/points_in,std_msgs/msg/Int32,41492
1774015203.4239028,/metrics/pcl/fused/processing_ms,std_msgs/msg/Float32,156.9773406982422
1774015204.4993465,/metrics/pcl/fused/detections_count,std_msgs/msg/Int32,78
1774015204.499505,/metrics/pcl/fused/points_in,std_msgs/msg/Int32,40727
1774015204.4995935,/metrics/pcl/fused/processing_ms,std_msgs/msg/Float32,141.36927795410156
1774015205.564963,/metrics/pcl/fused/detections_count,std_msgs/msg/Int32,77
1774015205.5651095,/metrics/pcl/fused/points_in,std_msgs/msg/Int32,40061
1774015205.5652025,/metrics/pcl/fused/processing_ms,std_msgs/msg/Float32,140.63197326660156
1774015206.5315926,/metrics/pcl/fused/detections_count,std_msgs/msg/Int32,71
1774015206.5317266,/metrics/pcl/fused/points_in,std_msgs/msg/Int32,40298
1774015206.5317974,/metrics/pcl/fused/processing_ms,std_msgs/msg/Float32,143.29710388183594
1774015206.7848783,/metrics/pcl/fused/detections_count,std_msgs/msg/Int32,74
1774015206.785023,/metrics/pcl/fused/points_in,std_msgs/msg/Int32,39964
1774015206.7851164,/metrics/pcl/fused/processing_ms,std_msgs/msg/Float32,148.52464294433594
1774015207.2652183,/metrics/pcl/fused/detections_count,std_msgs/msg/Int32,70
1774015207.2653322,/metrics/pcl/fused/points_in,std_msgs/msg/Int32,40461
1774015207.2653947,/metrics/pcl/fused/processing_ms,std_msgs/msg/Float32,139.74606323242188
1774015207.747017,/metrics/pcl/fused/detections_count,std_msgs/msg/Int32,70
1774015207.7471387,/metrics/pcl/fused/points_in,std_msgs/msg/Int32,39297
1774015207.747203,/metrics/pcl/fused/processing_ms,std_msgs/msg/Float32,142.0089569091797
1774015207.9806054,/metrics/pcl/fused/detections_count,std_msgs/msg/Int32,68
1774015207.9807196,/metrics/pcl/fused/points_in,std_msgs/msg/Int32,36879
1774015207.980786,/metrics/pcl/fused/processing_ms,std_msgs/msg/Float32,127.9957504272461
1774015208.2274683,/metrics/pcl/fused/detections_count,std_msgs/msg/Int32,73
1774015208.227619,/metrics/pcl/fused/points_in,std_msgs/msg/Int32,36853
1774015208.227742,/metrics/pcl/fused/processing_ms,std_msgs/msg/Float32,127.89266204833984
1774015208.9756029,/metrics/pcl/fused/detections_count,std_msgs/msg/Int32,70
1774015208.97574,/metrics/pcl/fused/points_in,std_msgs/msg/Int32,35355
1774015208.9758105,/metrics/pcl/fused/processing_ms,std_msgs/msg/Float32,129.69888305664062
1774015209.225343,/metrics/pcl/fused/detections_count,std_msgs/msg/Int32,73
1774015209.2254725,/metrics/pcl/fused/points_in,std_msgs/msg/Int32,37172
1774015209.225564,/metrics/pcl/fused/processing_ms,std_msgs/msg/Float32,123.7462158203125
1774015209.7117207,/metrics/pcl/fused/detections_count,std_msgs/msg/Int32,67
1774015209.7118561,/metrics/pcl/fused/points_in,std_msgs/msg/Int32,37030
1774015209.711974,/metrics/pcl/fused/processing_ms,std_msgs/msg/Float32,126.34170532226562
1774015210.977642,/metrics/pcl/fused/detections_count,std_msgs/msg/Int32,71
1774015210.977814,/metrics/pcl/fused/points_in,std_msgs/msg/Int32,38780
1774015210.9779165,/metrics/pcl/fused/processing_ms,std_msgs/msg/Float32,135.74072265625
1774015212.249489,/metrics/pcl/fused/detections_count,std_msgs/msg/Int32,72
1774015212.249616,/metrics/pcl/fused/points_in,std_msgs/msg/Int32,39622
1774015212.2496762,/metrics/pcl/fused/processing_ms,std_msgs/msg/Float32,136.7236785888672
1774015212.505123,/metrics/pcl/fused/detections_count,std_msgs/msg/Int32,69
1774015212.5052996,/metrics/pcl/fused/points_in,std_msgs/msg/Int32,39286
1774015212.5053842,/metrics/pcl/fused/processing_ms,std_msgs/msg/Float32,138.5533905029297
1774015212.7611861,/metrics/pcl/fused/detections_count,std_msgs/msg/Int32,70
1774015212.7613049,/metrics/pcl/fused/points_in,std_msgs/msg/Int32,38953
1774015212.7613976,/metrics/pcl/fused/processing_ms,std_msgs/msg/Float32,135.27452087402344
1774015213.031623,/metrics/pcl/fused/detections_count,std_msgs/msg/Int32,71
1774015213.031769,/metrics/pcl/fused/points_in,std_msgs/msg/Int32,40051
1774015213.0318556,/metrics/pcl/fused/processing_ms,std_msgs/msg/Float32,144.1368408203125
1774015213.2874675,/metrics/pcl/fused/detections_count,std_msgs/msg/Int32,73
1774015213.2876253,/metrics/pcl/fused/points_in,std_msgs/msg/Int32,40200
1774015213.2876973,/metrics/pcl/fused/processing_ms,std_msgs/msg/Float32,139.5161590576172
1774015213.5485628,/metrics/pcl/fused/detections_count,std_msgs/msg/Int32,70
1774015213.5486946,/metrics/pcl/fused/points_in,std_msgs/msg/Int32,40655
1774015213.5487614,/metrics/pcl/fused/processing_ms,std_msgs/msg/Float32,141.74012756347656
1774015214.0742383,/metrics/pcl/fused/detections_count,std_msgs/msg/Int32,77
1774015214.074369,/metrics/pcl/fused/points_in,std_msgs/msg/Int32,41454
1774015214.0744293,/metrics/pcl/fused/processing_ms,std_msgs/msg/Float32,141.06016540527344
1774015214.3308642,/metrics/pcl/fused/detections_count,std_msgs/msg/Int32,78
1774015214.3310273,/metrics/pcl/fused/points_in,std_msgs/msg/Int32,41851
1774015214.3311484,/metrics/pcl/fused/processing_ms,std_msgs/msg/Float32,140.2350311279297
1774015215.906242,/metrics/pcl/fused/detections_count,std_msgs/msg/Int32,77
1774015215.9064114,/metrics/pcl/fused/points_in,std_msgs/msg/Int32,41887
1774015215.9065206,/metrics/pcl/fused/processing_ms,std_msgs/msg/Float32,154.64369201660156
1774015216.1761496,/metrics/pcl/fused/detections_count,std_msgs/msg/Int32,76
1774015216.1762762,/metrics/pcl/fused/points_in,std_msgs/msg/Int32,42055
1774015216.176337,/metrics/pcl/fused/processing_ms,std_msgs/msg/Float32,147.73873901367188
1774015216.7028234,/metrics/pcl/fused/detections_count,std_msgs/msg/Int32,79
1774015216.7029884,/metrics/pcl/fused/points_in,std_msgs/msg/Int32,41813
1774015216.7030766,/metrics/pcl/fused/processing_ms,std_msgs/msg/Float32,145.861572265625
1774015217.5210516,/metrics/pcl/fused/detections_count,std_msgs/msg/Int32,73
1774015217.5212233,/metrics/pcl/fused/points_in,std_msgs/msg/Int32,41960
1774015217.5213165,/metrics/pcl/fused/processing_ms,std_msgs/msg/Float32,170.07179260253906
1774015218.330901,/metrics/pcl/fused/detections_count,std_msgs/msg/Int32,74
1774015218.3310552,/metrics/pcl/fused/points_in,std_msgs/msg/Int32,41999
1774015218.331154,/metrics/pcl/fused/processing_ms,std_msgs/msg/Float32,136.10980224609375
1774015220.1759105,/metrics/pcl/fused/detections_count,std_msgs/msg/Int32,78
1774015220.1760814,/metrics/pcl/fused/points_in,std_msgs/msg/Int32,41567
1774015220.1761773,/metrics/pcl/fused/processing_ms,std_msgs/msg/Float32,145.70391845703125
1774015220.4527447,/metrics/pcl/fused/detections_count,std_msgs/msg/Int32,75
1774015220.4529176,/metrics/pcl/fused/points_in,std_msgs/msg/Int32,41443
1774015220.4530323,/metrics/pcl/fused/processing_ms,std_msgs/msg/Float32,149.45838928222656
1774015221.2810068,/metrics/pcl/fused/detections_count,std_msgs/msg/Int32,70
1774015221.2811093,/metrics/pcl/fused/points_in,std_msgs/msg/Int32,41434
1774015221.2811656,/metrics/pcl/fused/processing_ms,std_msgs/msg/Float32,142.47129821777344
1774015221.5598369,/metrics/pcl/fused/detections_count,std_msgs/msg/Int32,75
1774015221.559968,/metrics/pcl/fused/points_in,std_msgs/msg/Int32,41519
1774015221.5600624,/metrics/pcl/fused/processing_ms,std_msgs/msg/Float32,148.92848205566406
1774015221.8382425,/metrics/pcl/fused/detections_count,std_msgs/msg/Int32,74
1774015221.8384032,/metrics/pcl/fused/points_in,std_msgs/msg/Int32,41424
1774015221.8384738,/metrics/pcl/fused/processing_ms,std_msgs/msg/Float32,148.64332580566406
1774015222.9542217,/metrics/pcl/fused/detections_count,std_msgs/msg/Int32,75
1774015222.9543328,/metrics/pcl/fused/points_in,std_msgs/msg/Int32,41347
1774015222.9543989,/metrics/pcl/fused/processing_ms,std_msgs/msg/Float32,161.8641815185547
1774015223.5163395,/metrics/pcl/fused/detections_count,std_msgs/msg/Int32,76
1774015223.5164428,/metrics/pcl/fused/points_in,std_msgs/msg/Int32,41430
1774015223.516501,/metrics/pcl/fused/processing_ms,std_msgs/msg/Float32,148.1126251220703
1774015224.6281796,/metrics/pcl/fused/detections_count,std_msgs/msg/Int32,74
1774015224.6283064,/metrics/pcl/fused/points_in,std_msgs/msg/Int32,41326
1774015224.6283798,/metrics/pcl/fused/processing_ms,std_msgs/msg/Float32,151.7281494140625
1774015225.2018554,/metrics/pcl/fused/detections_count,std_msgs/msg/Int32,75
1774015225.2020097,/metrics/pcl/fused/points_in,std_msgs/msg/Int32,41216
1774015225.2021017,/metrics/pcl/fused/processing_ms,std_msgs/msg/Float32,144.3135986328125
1774015226.38265,/metrics/pcl/fused/detections_count,std_msgs/msg/Int32,74
1774015226.3828177,/metrics/pcl/fused/points_in,std_msgs/msg/Int32,41308
1774015226.382931,/metrics/pcl/fused/processing_ms,std_msgs/msg/Float32,145.3766632080078
1774015226.6846185,/metrics/pcl/fused/detections_count,std_msgs/msg/Int32,71
1774015226.6847699,/metrics/pcl/fused/points_in,std_msgs/msg/Int32,41464
1774015226.6848402,/metrics/pcl/fused/processing_ms,std_msgs/msg/Float32,148.5420379638672
1774015226.984894,/metrics/pcl/fused/detections_count,std_msgs/msg/Int32,73
1774015226.985037,/metrics/pcl/fused/points_in,std_msgs/msg/Int32,41410
1774015226.9851184,/metrics/pcl/fused/processing_ms,std_msgs/msg/Float32,153.38137817382812
1774015227.2739043,/metrics/pcl/fused/detections_count,std_msgs/msg/Int32,71
1774015227.2740874,/metrics/pcl/fused/points_in,std_msgs/msg/Int32,41394
1774015227.2741685,/metrics/pcl/fused/processing_ms,std_msgs/msg/Float32,145.8717041015625
1774015227.5717773,/metrics/pcl/fused/detections_count,std_msgs/msg/Int32,76
1774015227.5720127,/metrics/pcl/fused/points_in,std_msgs/msg/Int32,41337
1774015227.572095,/metrics/pcl/fused/processing_ms,std_msgs/msg/Float32,155.26185607910156
1774015228.382281,/metrics/pcl/fused/detections_count,std_msgs/msg/Int32,74
1774015228.3824298,/metrics/pcl/fused/points_in,std_msgs/msg/Int32,41448
1774015228.382506,/metrics/pcl/fused/processing_ms,std_msgs/msg/Float32,147.88912963867188
1774015229.6832962,/metrics/pcl/fused/detections_count,std_msgs/msg/Int32,75
1774015229.6834111,/metrics/pcl/fused/points_in,std_msgs/msg/Int32,41487
1774015229.6834786,/metrics/pcl/fused/processing_ms,std_msgs/msg/Float32,149.021728515625
1774015229.9579768,/metrics/pcl/fused/detections_count,std_msgs/msg/Int32,75
1774015229.9581907,/metrics/pcl/fused/points_in,std_msgs/msg/Int32,41406
1774015229.9583006,/metrics/pcl/fused/processing_ms,std_msgs/msg/Float32,151.04457092285156
1774015230.224294,/metrics/pcl/fused/detections_count,std_msgs/msg/Int32,68
1774015230.224483,/metrics/pcl/fused/points_in,std_msgs/msg/Int32,41368
1774015230.2245674,/metrics/pcl/fused/processing_ms,std_msgs/msg/Float32,146.00901794433594
1774015230.4930289,/metrics/pcl/fused/detections_count,std_msgs/msg/Int32,68
1774015230.4931517,/metrics/pcl/fused/points_in,std_msgs/msg/Int32,41364
1774015230.4932156,/metrics/pcl/fused/processing_ms,std_msgs/msg/Float32,150.03680419921875
1774015230.7646983,/metrics/pcl/fused/detections_count,std_msgs/msg/Int32,78
1774015230.7648275,/metrics/pcl/fused/points_in,std_msgs/msg/Int32,41404
1774015230.764926,/metrics/pcl/fused/processing_ms,std_msgs/msg/Float32,150.05860900878906
1774015232.8970745,/metrics/pcl/fused/detections_count,std_msgs/msg/Int32,77
1774015232.8972816,/metrics/pcl/fused/points_in,std_msgs/msg/Int32,41368
1774015232.8973699,/metrics/pcl/fused/processing_ms,std_msgs/msg/Float32,153.16619873046875
1774015233.195239,/metrics/pcl/fused/detections_count,std_msgs/msg/Int32,69
1774015233.1953683,/metrics/pcl/fused/points_in,std_msgs/msg/Int32,41361
1774015233.195425,/metrics/pcl/fused/processing_ms,std_msgs/msg/Float32,163.6213836669922
1774015233.4687119,/metrics/pcl/fused/detections_count,std_msgs/msg/Int32,70
1774015233.4688318,/metrics/pcl/fused/points_in,std_msgs/msg/Int32,41194
1774015233.4689028,/metrics/pcl/fused/processing_ms,std_msgs/msg/Float32,148.7511749267578
1774015234.4812427,/metrics/pcl/fused/detections_count,std_msgs/msg/Int32,77
1774015234.481354,/metrics/pcl/fused/points_in,std_msgs/msg/Int32,41480
1774015234.4814157,/metrics/pcl/fused/processing_ms,std_msgs/msg/Float32,137.473876953125
1774015234.9877274,/metrics/pcl/fused/detections_count,std_msgs/msg/Int32,74
1774015234.9878519,/metrics/pcl/fused/points_in,std_msgs/msg/Int32,41441
1774015234.987949,/metrics/pcl/fused/processing_ms,std_msgs/msg/Float32,138.25042724609375
1774015235.2493904,/metrics/pcl/fused/detections_count,std_msgs/msg/Int32,73
1774015235.2495146,/metrics/pcl/fused/points_in,std_msgs/msg/Int32,41447
1774015235.2495725,/metrics/pcl/fused/processing_ms,std_msgs/msg/Float32,137.8625030517578
1774015235.5206397,/metrics/pcl/fused/detections_count,std_msgs/msg/Int32,72
1774015235.5208256,/metrics/pcl/fused/points_in,std_msgs/msg/Int32,41373
1774015235.520948,/metrics/pcl/fused/processing_ms,std_msgs/msg/Float32,142.62220764160156
1774015235.790078,/metrics/pcl/fused/detections_count,std_msgs/msg/Int32,77
1774015235.7902052,/metrics/pcl/fused/points_in,std_msgs/msg/Int32,41624
1774015235.7902699,/metrics/pcl/fused/processing_ms,std_msgs/msg/Float32,149.31564331054688
1774015236.0491147,/metrics/pcl/fused/detections_count,std_msgs/msg/Int32,75
1774015236.0492454,/metrics/pcl/fused/points_in,std_msgs/msg/Int32,41780
1774015236.049315,/metrics/pcl/fused/processing_ms,std_msgs/msg/Float32,138.63250732421875
1774015236.5556552,/metrics/pcl/fused/detections_count,std_msgs/msg/Int32,77
1774015236.5557775,/metrics/pcl/fused/points_in,std_msgs/msg/Int32,42061
1774015236.555848,/metrics/pcl/fused/processing_ms,std_msgs/msg/Float32,139.4866943359375
1774015236.8141723,/metrics/pcl/fused/detections_count,std_msgs/msg/Int32,81
1774015236.8143656,/metrics/pcl/fused/points_in,std_msgs/msg/Int32,41942
1774015236.8144975,/metrics/pcl/fused/processing_ms,std_msgs/msg/Float32,141.9146270751953
1774015237.0867708,/metrics/pcl/fused/detections_count,std_msgs/msg/Int32,72
1774015237.0869627,/metrics/pcl/fused/points_in,std_msgs/msg/Int32,41986
1774015237.0870771,/metrics/pcl/fused/processing_ms,std_msgs/msg/Float32,143.6438446044922
1774015237.8728254,/metrics/pcl/fused/detections_count,std_msgs/msg/Int32,84
1774015237.8730676,/metrics/pcl/fused/points_in,std_msgs/msg/Int32,41858
1774015237.8731894,/metrics/pcl/fused/processing_ms,std_msgs/msg/Float32,141.11785888671875
1774015239.7070909,/metrics/pcl/fused/detections_count,std_msgs/msg/Int32,78
1774015239.7072608,/metrics/pcl/fused/points_in,std_msgs/msg/Int32,42066
1774015239.7073436,/metrics/pcl/fused/processing_ms,std_msgs/msg/Float32,144.740234375
1774015239.987342,/metrics/pcl/fused/detections_count,std_msgs/msg/Int32,76
1774015239.9875221,/metrics/pcl/fused/points_in,std_msgs/msg/Int32,42049
1774015239.9876037,/metrics/pcl/fused/processing_ms,std_msgs/msg/Float32,142.90185546875
1774015243.940915,/metrics/pcl/fused/detections_count,std_msgs/msg/Int32,73
1774015243.9410527,/metrics/pcl/fused/points_in,std_msgs/msg/Int32,41914
1774015243.941134,/metrics/pcl/fused/processing_ms,std_msgs/msg/Float32,156.8235626220703
1774015245.3291793,/metrics/pcl/fused/detections_count,std_msgs/msg/Int32,76
1774015245.3293297,/metrics/pcl/fused/points_in,std_msgs/msg/Int32,42112
1774015245.3294344,/metrics/pcl/fused/processing_ms,std_msgs/msg/Float32,148.0619659423828
1774015245.8844197,/metrics/pcl/fused/detections_count,std_msgs/msg/Int32,69
1774015245.8845992,/metrics/pcl/fused/points_in,std_msgs/msg/Int32,41173
1774015245.8846874,/metrics/pcl/fused/processing_ms,std_msgs/msg/Float32,148.45199584960938
1774015247.6183085,/metrics/pcl/fused/detections_count,std_msgs/msg/Int32,69
1774015247.618491,/metrics/pcl/fused/points_in,std_msgs/msg/Int32,40937
1774015247.6186128,/metrics/pcl/fused/processing_ms,std_msgs/msg/Float32,155.3138885498047
1774015248.460578,/metrics/pcl/fused/detections_count,std_msgs/msg/Int32,77
1774015248.460737,/metrics/pcl/fused/points_in,std_msgs/msg/Int32,41030
1774015248.4608307,/metrics/pcl/fused/processing_ms,std_msgs/msg/Float32,151.06961059570312
1774015249.5926285,/metrics/pcl/fused/detections_count,std_msgs/msg/Int32,68
1774015249.592784,/metrics/pcl/fused/points_in,std_msgs/msg/Int32,41057
1774015249.592884,/metrics/pcl/fused/processing_ms,std_msgs/msg/Float32,151.4104461669922
1774015249.8912702,/metrics/pcl/fused/detections_count,std_msgs/msg/Int32,74
1774015249.8914587,/metrics/pcl/fused/processing_ms,std_msgs/msg/Float32,156.16470336914062
1774015249.8917732,/metrics/pcl/fused/points_in,std_msgs/msg/Int32,40942
1774015250.6811202,/metrics/pcl/fused/detections_count,std_msgs/msg/Int32,70
1774015250.6812773,/metrics/pcl/fused/points_in,std_msgs/msg/Int32,41028
1774015250.6813688,/metrics/pcl/fused/processing_ms,std_msgs/msg/Float32,153.08506774902344
1774015250.9433305,/metrics/pcl/fused/detections_count,std_msgs/msg/Int32,75
1774015250.9434664,/metrics/pcl/fused/points_in,std_msgs/msg/Int32,40982
1774015250.9435894,/metrics/pcl/fused/processing_ms,std_msgs/msg/Float32,151.82058715820312
1774015251.4547386,/metrics/pcl/fused/detections_count,std_msgs/msg/Int32,72
1774015251.454905,/metrics/pcl/fused/points_in,std_msgs/msg/Int32,40994
1774015251.4550412,/metrics/pcl/fused/processing_ms,std_msgs/msg/Float32,145.00308227539062
1774015251.983498,/metrics/pcl/fused/detections_count,std_msgs/msg/Int32,72
1774015251.9836633,/metrics/pcl/fused/points_in,std_msgs/msg/Int32,41080
1774015251.9837816,/metrics/pcl/fused/processing_ms,std_msgs/msg/Float32,151.88035583496094
1774015252.253677,/metrics/pcl/fused/detections_count,std_msgs/msg/Int32,72
1774015252.2537913,/metrics/pcl/fused/points_in,std_msgs/msg/Int32,41083
1774015252.2538598,/metrics/pcl/fused/processing_ms,std_msgs/msg/Float32,145.56643676757812
1774015252.516129,/metrics/pcl/fused/detections_count,std_msgs/msg/Int32,76
1774015252.5163364,/metrics/pcl/fused/points_in,std_msgs/msg/Int32,41522
1774015252.5164692,/metrics/pcl/fused/processing_ms,std_msgs/msg/Float32,149.91195678710938
1774015252.7735746,/metrics/pcl/fused/detections_count,std_msgs/msg/Int32,77
1774015252.7737088,/metrics/pcl/fused/points_in,std_msgs/msg/Int32,41877
1774015252.7737856,/metrics/pcl/fused/processing_ms,std_msgs/msg/Float32,138.6428680419922
1774015253.0314023,/metrics/pcl/fused/detections_count,std_msgs/msg/Int32,76
1774015253.031552,/metrics/pcl/fused/points_in,std_msgs/msg/Int32,41761
1774015253.0316226,/metrics/pcl/fused/processing_ms,std_msgs/msg/Float32,147.90347290039062
1774015253.518673,/metrics/pcl/fused/detections_count,std_msgs/msg/Int32,77
1774015253.5187774,/metrics/pcl/fused/points_in,std_msgs/msg/Int32,41903
1774015253.5188391,/metrics/pcl/fused/processing_ms,std_msgs/msg/Float32,141.4011993408203
1774015254.068522,/metrics/pcl/fused/detections_count,std_msgs/msg/Int32,76
1774015254.0687206,/metrics/pcl/fused/points_in,std_msgs/msg/Int32,41945
1774015254.068861,/metrics/pcl/fused/processing_ms,std_msgs/msg/Float32,154.57154846191406
1774015254.589034,/metrics/pcl/fused/detections_count,std_msgs/msg/Int32,79
1774015254.589153,/metrics/pcl/fused/points_in,std_msgs/msg/Int32,42039
1774015254.5892258,/metrics/pcl/fused/processing_ms,std_msgs/msg/Float32,160.73678588867188
1774015254.841728,/metrics/pcl/fused/detections_count,std_msgs/msg/Int32,73
1774015254.8419547,/metrics/pcl/fused/points_in,std_msgs/msg/Int32,42032
1774015254.842037,/metrics/pcl/fused/processing_ms,std_msgs/msg/Float32,148.239990234375
1774015255.3420098,/metrics/pcl/fused/detections_count,std_msgs/msg/Int32,75
1774015255.3421755,/metrics/pcl/fused/points_in,std_msgs/msg/Int32,41995
1774015255.3422627,/metrics/pcl/fused/processing_ms,std_msgs/msg/Float32,132.60914611816406
1774015255.6139996,/metrics/pcl/fused/detections_count,std_msgs/msg/Int32,85
1774015255.6141102,/metrics/pcl/fused/points_in,std_msgs/msg/Int32,42045
1774015255.6141746,/metrics/pcl/fused/processing_ms,std_msgs/msg/Float32,153.40467834472656
1774015256.1646888,/metrics/pcl/fused/detections_count,std_msgs/msg/Int32,75
1774015256.1648812,/metrics/pcl/fused/points_in,std_msgs/msg/Int32,42043
1774015256.1649976,/metrics/pcl/fused/processing_ms,std_msgs/msg/Float32,155.5755157470703
1774015256.4254944,/metrics/pcl/fused/detections_count,std_msgs/msg/Int32,76
1774015256.4256737,/metrics/pcl/fused/points_in,std_msgs/msg/Int32,41928
1774015256.42578,/metrics/pcl/fused/processing_ms,std_msgs/msg/Float32,142.66705322265625
1774015257.4273217,/metrics/pcl/fused/detections_count,std_msgs/msg/Int32,73
1774015257.4274879,/metrics/pcl/fused/points_in,std_msgs/msg/Int32,41973
1774015257.4275792,/metrics/pcl/fused/processing_ms,std_msgs/msg/Float32,144.58816528320312
1774015258.1821084,/metrics/pcl/fused/detections_count,std_msgs/msg/Int32,77
1774015258.1822145,/metrics/pcl/fused/points_in,std_msgs/msg/Int32,42017
1774015258.1822705,/metrics/pcl/fused/processing_ms,std_msgs/msg/Float32,138.84930419921875
1774015258.688352,/metrics/pcl/fused/detections_count,std_msgs/msg/Int32,77
1774015258.688569,/metrics/pcl/fused/points_in,std_msgs/msg/Int32,41999
1774015258.688685,/metrics/pcl/fused/processing_ms,std_msgs/msg/Float32,141.9803466796875
1774015259.4470482,/metrics/pcl/fused/detections_count,std_msgs/msg/Int32,85
1774015259.4471896,/metrics/pcl/fused/points_in,std_msgs/msg/Int32,41985
1774015259.447308,/metrics/pcl/fused/processing_ms,std_msgs/msg/Float32,141.27749633789062
1774015260.2177682,/metrics/pcl/fused/detections_count,std_msgs/msg/Int32,80
1774015260.2179363,/metrics/pcl/fused/points_in,std_msgs/msg/Int32,42120
1774015260.2180378,/metrics/pcl/fused/processing_ms,std_msgs/msg/Float32,144.0857391357422
1774015260.7336383,/metrics/pcl/fused/detections_count,std_msgs/msg/Int32,74
1774015260.7337575,/metrics/pcl/fused/points_in,std_msgs/msg/Int32,42102
1774015260.7338264,/metrics/pcl/fused/processing_ms,std_msgs/msg/Float32,149.58338928222656
1774015261.7740424,/metrics/pcl/fused/detections_count,std_msgs/msg/Int32,75
1774015261.7741692,/metrics/pcl/fused/points_in,std_msgs/msg/Int32,41918
1774015261.7742333,/metrics/pcl/fused/processing_ms,std_msgs/msg/Float32,145.8882293701172
1774015264.0720341,/metrics/pcl/fused/detections_count,std_msgs/msg/Int32,77
1774015264.0722294,/metrics/pcl/fused/points_in,std_msgs/msg/Int32,41973
1774015264.0723283,/metrics/pcl/fused/processing_ms,std_msgs/msg/Float32,140.7896728515625
1774015265.600166,/metrics/pcl/fused/detections_count,std_msgs/msg/Int32,74
1774015265.6002948,/metrics/pcl/fused/points_in,std_msgs/msg/Int32,41936
1774015265.6003609,/metrics/pcl/fused/processing_ms,std_msgs/msg/Float32,140.52178955078125
1774015266.131009,/metrics/pcl/fused/detections_count,std_msgs/msg/Int32,81
1774015266.1311362,/metrics/pcl/fused/points_in,std_msgs/msg/Int32,41911
1774015266.13121,/metrics/pcl/fused/processing_ms,std_msgs/msg/Float32,143.4197540283203
1774015266.664048,/metrics/pcl/fused/detections_count,std_msgs/msg/Int32,81
1774015266.6641934,/metrics/pcl/fused/points_in,std_msgs/msg/Int32,42030
1774015266.6642754,/metrics/pcl/fused/processing_ms,std_msgs/msg/Float32,137.69459533691406
1774015267.2483525,/metrics/pcl/fused/detections_count,std_msgs/msg/Int32,76
1774015267.2484734,/metrics/pcl/fused/points_in,std_msgs/msg/Int32,41999
1774015267.248542,/metrics/pcl/fused/processing_ms,std_msgs/msg/Float32,140.4652557373047
1774015267.5096436,/metrics/pcl/fused/detections_count,std_msgs/msg/Int32,79
1774015267.5097702,/metrics/pcl/fused/points_in,std_msgs/msg/Int32,41940
1774015267.5098355,/metrics/pcl/fused/processing_ms,std_msgs/msg/Float32,142.7443084716797
1774015267.7786388,/metrics/pcl/fused/detections_count,std_msgs/msg/Int32,75
1774015267.7787945,/metrics/pcl/fused/points_in,std_msgs/msg/Int32,42012
1774015267.7788615,/metrics/pcl/fused/processing_ms,std_msgs/msg/Float32,144.29141235351562
1774015268.0509162,/metrics/pcl/fused/detections_count,std_msgs/msg/Int32,75
1774015268.0510514,/metrics/pcl/fused/points_in,std_msgs/msg/Int32,42101
1774015268.0511167,/metrics/pcl/fused/processing_ms,std_msgs/msg/Float32,145.77894592285156
1774015268.3047142,/metrics/pcl/fused/detections_count,std_msgs/msg/Int32,76
1774015268.304856,/metrics/pcl/fused/points_in,std_msgs/msg/Int32,41897
1774015268.3049636,/metrics/pcl/fused/processing_ms,std_msgs/msg/Float32,135.79638671875
1774015268.5732656,/metrics/pcl/fused/detections_count,std_msgs/msg/Int32,75
1774015268.573374,/metrics/pcl/fused/points_in,std_msgs/msg/Int32,42042
1774015268.57343,/metrics/pcl/fused/processing_ms,std_msgs/msg/Float32,142.97714233398438
1774015270.9008994,/metrics/pcl/fused/detections_count,std_msgs/msg/Int32,83
1774015270.9010136,/metrics/pcl/fused/points_in,std_msgs/msg/Int32,42011
1774015270.9010887,/metrics/pcl/fused/processing_ms,std_msgs/msg/Float32,144.34535217285156
1774015272.3741221,/metrics/pcl/fused/detections_count,std_msgs/msg/Int32,78
1774015272.3742402,/metrics/pcl/fused/points_in,std_msgs/msg/Int32,42050
1774015272.3743029,/metrics/pcl/fused/processing_ms,std_msgs/msg/Float32,139.48541259765625
1774015273.084737,/metrics/pcl/fused/detections_count,std_msgs/msg/Int32,74
1774015273.0848682,/metrics/pcl/fused/points_in,std_msgs/msg/Int32,41961
1774015273.084969,/metrics/pcl/fused/processing_ms,std_msgs/msg/Float32,141.3810272216797
1774015273.5597296,/metrics/pcl/fused/detections_count,std_msgs/msg/Int32,74
1774015273.5598521,/metrics/pcl/fused/points_in,std_msgs/msg/Int32,42007
1774015273.5599473,/metrics/pcl/fused/processing_ms,std_msgs/msg/Float32,141.90924072265625
1774015277.420723,/metrics/pcl/fused/detections_count,std_msgs/msg/Int32,76
1774015277.4208615,/metrics/pcl/fused/points_in,std_msgs/msg/Int32,42068
1774015277.4209557,/metrics/pcl/fused/processing_ms,std_msgs/msg/Float32,135.48777770996094
1774015277.6760702,/metrics/pcl/fused/detections_count,std_msgs/msg/Int32,85
1774015277.6761918,/metrics/pcl/fused/points_in,std_msgs/msg/Int32,42052
1774015277.6762583,/metrics/pcl/fused/processing_ms,std_msgs/msg/Float32,143.68763732910156
1774015279.6513546,/metrics/pcl/fused/detections_count,std_msgs/msg/Int32,77
1774015279.6514654,/metrics/pcl/fused/points_in,std_msgs/msg/Int32,41951
1774015279.6515505,/metrics/pcl/fused/processing_ms,std_msgs/msg/Float32,139.07052612304688
1774015281.9330182,/metrics/pcl/fused/detections_count,std_msgs/msg/Int32,74
1774015281.9331603,/metrics/pcl/fused/points_in,std_msgs/msg/Int32,41903
1774015281.9332943,/metrics/pcl/fused/processing_ms,std_msgs/msg/Float32,144.40574645996094
1774015282.7108617,/metrics/pcl/fused/detections_count,std_msgs/msg/Int32,74
1774015282.7110271,/metrics/pcl/fused/points_in,std_msgs/msg/Int32,41960
1774015282.7110963,/metrics/pcl/fused/processing_ms,std_msgs/msg/Float32,140.99563598632812
1774015283.2397776,/metrics/pcl/fused/detections_count,std_msgs/msg/Int32,74
1774015283.2399802,/metrics/pcl/fused/points_in,std_msgs/msg/Int32,42079
1774015283.2400448,/metrics/pcl/fused/processing_ms,std_msgs/msg/Float32,139.0626678466797
1774015284.601347,/metrics/pcl/fused/detections_count,std_msgs/msg/Int32,75
1774015284.601463,/metrics/pcl/fused/points_in,std_msgs/msg/Int32,41942
1774015284.6056132,/metrics/pcl/fused/processing_ms,std_msgs/msg/Float32,144.87037658691406
1774015286.7701278,/metrics/pcl/fused/detections_count,std_msgs/msg/Int32,77
1774015286.7702854,/metrics/pcl/fused/points_in,std_msgs/msg/Int32,41983
1774015286.7703757,/metrics/pcl/fused/processing_ms,std_msgs/msg/Float32,140.73634338378906
1774015287.0349183,/metrics/pcl/fused/detections_count,std_msgs/msg/Int32,71
1774015287.0350614,/metrics/pcl/fused/points_in,std_msgs/msg/Int32,42075
1774015287.035163,/metrics/pcl/fused/processing_ms,std_msgs/msg/Float32,137.96665954589844
1774015287.5539715,/metrics/pcl/fused/detections_count,std_msgs/msg/Int32,81
1774015287.5540907,/metrics/pcl/fused/points_in,std_msgs/msg/Int32,41982
1774015287.5541606,/metrics/pcl/fused/processing_ms,std_msgs/msg/Float32,141.3721466064453
1774015287.822123,/metrics/pcl/fused/detections_count,std_msgs/msg/Int32,78
1774015287.8222997,/metrics/pcl/fused/points_in,std_msgs/msg/Int32,41854
1774015287.8223596,/metrics/pcl/fused/processing_ms,std_msgs/msg/Float32,144.45901489257812
1774015288.0860224,/metrics/pcl/fused/detections_count,std_msgs/msg/Int32,78
1774015288.0861588,/metrics/pcl/fused/points_in,std_msgs/msg/Int32,41932
1774015288.0862315,/metrics/pcl/fused/processing_ms,std_msgs/msg/Float32,139.37567138671875
1774015289.1418269,/metrics/pcl/fused/detections_count,std_msgs/msg/Int32,76
1774015289.1419768,/metrics/pcl/fused/points_in,std_msgs/msg/Int32,42089
1774015289.1420553,/metrics/pcl/fused/processing_ms,std_msgs/msg/Float32,139.61412048339844
1774015289.3982124,/metrics/pcl/fused/detections_count,std_msgs/msg/Int32,81
1774015289.39833,/metrics/pcl/fused/points_in,std_msgs/msg/Int32,41933
1774015289.3983939,/metrics/pcl/fused/processing_ms,std_msgs/msg/Float32,136.67965698242188
1774015290.7112672,/metrics/pcl/fused/detections_count,std_msgs/msg/Int32,77
1774015290.7113912,/metrics/pcl/fused/points_in,std_msgs/msg/Int32,41928
1774015290.7114615,/metrics/pcl/fused/processing_ms,std_msgs/msg/Float32,139.9564208984375
1774015290.9877234,/metrics/pcl/fused/detections_count,std_msgs/msg/Int32,80
1774015290.9879453,/metrics/pcl/fused/points_in,std_msgs/msg/Int32,41990
1774015290.9880338,/metrics/pcl/fused/processing_ms,std_msgs/msg/Float32,148.12127685546875
1774015291.2535844,/metrics/pcl/fused/detections_count,std_msgs/msg/Int32,81
1774015291.2537477,/metrics/pcl/fused/points_in,std_msgs/msg/Int32,42017
1774015291.25383,/metrics/pcl/fused/processing_ms,std_msgs/msg/Float32,137.42303466796875
1774015291.511999,/metrics/pcl/fused/detections_count,std_msgs/msg/Int32,80
1774015291.5121822,/metrics/pcl/fused/points_in,std_msgs/msg/Int32,42033
1774015291.512252,/metrics/pcl/fused/processing_ms,std_msgs/msg/Float32,138.3251190185547
1774015296.6666112,/metrics/pcl/fused/detections_count,std_msgs/msg/Int32,78
1774015296.666734,/metrics/pcl/fused/points_in,std_msgs/msg/Int32,41982
1774015296.6668165,/metrics/pcl/fused/processing_ms,std_msgs/msg/Float32,142.43276977539062
1774015297.6420174,/metrics/pcl/fused/detections_count,std_msgs/msg/Int32,73
1774015297.6421504,/metrics/pcl/fused/points_in,std_msgs/msg/Int32,41293
1774015297.6422222,/metrics/pcl/fused/processing_ms,std_msgs/msg/Float32,142.5202178955078
1774015298.1352866,/metrics/pcl/fused/detections_count,std_msgs/msg/Int32,79
1774015298.1354158,/metrics/pcl/fused/points_in,std_msgs/msg/Int32,41191
1774015298.1354957,/metrics/pcl/fused/processing_ms,std_msgs/msg/Float32,138.8523406982422
1774015299.603542,/metrics/pcl/fused/detections_count,std_msgs/msg/Int32,71
1774015299.6037085,/metrics/pcl/fused/points_in,std_msgs/msg/Int32,40690
1774015299.6037736,/metrics/pcl/fused/processing_ms,std_msgs/msg/Float32,142.8678741455078
1774015300.3442852,/metrics/pcl/fused/detections_count,std_msgs/msg/Int32,71
1774015300.3444047,/metrics/pcl/fused/points_in,std_msgs/msg/Int32,40260
1774015300.344469,/metrics/pcl/fused/processing_ms,std_msgs/msg/Float32,137.33116149902344
1774015301.605443,/metrics/pcl/fused/detections_count,std_msgs/msg/Int32,73
1774015301.6056302,/metrics/pcl/fused/points_in,std_msgs/msg/Int32,41200
1774015301.6057346,/metrics/pcl/fused/processing_ms,std_msgs/msg/Float32,142.6553955078125
1774015302.6283586,/metrics/pcl/fused/detections_count,std_msgs/msg/Int32,72
1774015302.6284642,/metrics/pcl/fused/points_in,std_msgs/msg/Int32,41128
1774015302.6285343,/metrics/pcl/fused/processing_ms,std_msgs/msg/Float32,146.62416076660156
1774015302.8910563,/metrics/pcl/fused/detections_count,std_msgs/msg/Int32,75
1774015302.891274,/metrics/pcl/fused/points_in,std_msgs/msg/Int32,41237
1774015302.8913426,/metrics/pcl/fused/processing_ms,std_msgs/msg/Float32,136.953369140625
1774015304.1744943,/metrics/pcl/fused/detections_count,std_msgs/msg/Int32,76
1774015304.174745,/metrics/pcl/fused/points_in,std_msgs/msg/Int32,41374
1774015304.174917,/metrics/pcl/fused/processing_ms,std_msgs/msg/Float32,134.33999633789062
1774015304.4315636,/metrics/pcl/fused/detections_count,std_msgs/msg/Int32,76
1774015304.4316764,/metrics/pcl/fused/points_in,std_msgs/msg/Int32,41409
1774015304.4317353,/metrics/pcl/fused/processing_ms,std_msgs/msg/Float32,136.7161102294922
1774015305.4651427,/metrics/pcl/fused/detections_count,std_msgs/msg/Int32,82
1774015305.4652736,/metrics/pcl/fused/points_in,std_msgs/msg/Int32,41768
1774015305.4653418,/metrics/pcl/fused/processing_ms,std_msgs/msg/Float32,137.48770141601562
1774015305.9874249,/metrics/pcl/fused/detections_count,std_msgs/msg/Int32,74
1774015305.9875634,/metrics/pcl/fused/points_in,std_msgs/msg/Int32,41713
1774015305.987648,/metrics/pcl/fused/processing_ms,std_msgs/msg/Float32,139.10086059570312
1774015306.2397685,/metrics/pcl/fused/detections_count,std_msgs/msg/Int32,72
1774015306.2399852,/metrics/pcl/fused/points_in,std_msgs/msg/Int32,41242
1774015306.2400784,/metrics/pcl/fused/processing_ms,std_msgs/msg/Float32,129.39547729492188
1774015307.0262458,/metrics/pcl/fused/detections_count,std_msgs/msg/Int32,66
1774015307.0263503,/metrics/pcl/fused/points_in,std_msgs/msg/Int32,40623
1774015307.0264034,/metrics/pcl/fused/processing_ms,std_msgs/msg/Float32,136.6558380126953
1774015308.3084774,/metrics/pcl/fused/detections_count,std_msgs/msg/Int32,74
1774015308.3086276,/metrics/pcl/fused/points_in,std_msgs/msg/Int32,41864
1774015308.3087223,/metrics/pcl/fused/processing_ms,std_msgs/msg/Float32,135.9625701904297
1774015308.57332,/metrics/pcl/fused/detections_count,std_msgs/msg/Int32,80
1774015308.5734425,/metrics/pcl/fused/points_in,std_msgs/msg/Int32,41998
1774015308.573519,/metrics/pcl/fused/processing_ms,std_msgs/msg/Float32,142.7097625732422
1774015308.8406823,/metrics/pcl/fused/detections_count,std_msgs/msg/Int32,75
1774015308.840853,/metrics/pcl/fused/points_in,std_msgs/msg/Int32,41921
1774015308.8409529,/metrics/pcl/fused/processing_ms,std_msgs/msg/Float32,140.45445251464844
1774015309.3591187,/metrics/pcl/fused/detections_count,std_msgs/msg/Int32,75
1774015309.3592916,/metrics/pcl/fused/points_in,std_msgs/msg/Int32,41933
1774015309.3593867,/metrics/pcl/fused/processing_ms,std_msgs/msg/Float32,128.94883728027344
1774015309.8832912,/metrics/pcl/fused/detections_count,std_msgs/msg/Int32,73
1774015309.883432,/metrics/pcl/fused/points_in,std_msgs/msg/Int32,42069
1774015309.8835013,/metrics/pcl/fused/processing_ms,std_msgs/msg/Float32,140.96214294433594
1774015310.147718,/metrics/pcl/fused/detections_count,std_msgs/msg/Int32,74
1774015310.1478293,/metrics/pcl/fused/points_in,std_msgs/msg/Int32,41888
1774015310.1479056,/metrics/pcl/fused/processing_ms,std_msgs/msg/Float32,137.39715576171875
1774015310.436161,/metrics/pcl/fused/detections_count,std_msgs/msg/Int32,75
1774015310.4363112,/metrics/pcl/fused/points_in,std_msgs/msg/Int32,41910
1774015310.4363904,/metrics/pcl/fused/processing_ms,std_msgs/msg/Float32,169.09339904785156
1774015312.275953,/metrics/pcl/fused/detections_count,std_msgs/msg/Int32,81
1774015312.2760658,/metrics/pcl/fused/points_in,std_msgs/msg/Int32,41990
1774015312.2761295,/metrics/pcl/fused/processing_ms,std_msgs/msg/Float32,137.0093536376953
1774015312.802094,/metrics/pcl/fused/detections_count,std_msgs/msg/Int32,76
1774015312.8022761,/metrics/pcl/fused/points_in,std_msgs/msg/Int32,41905
1774015312.8023703,/metrics/pcl/fused/processing_ms,std_msgs/msg/Float32,138.42156982421875
1774015314.0876355,/metrics/pcl/fused/detections_count,std_msgs/msg/Int32,73
1774015314.0877998,/metrics/pcl/fused/points_in,std_msgs/msg/Int32,41875
1774015314.0878894,/metrics/pcl/fused/processing_ms,std_msgs/msg/Float32,141.6254119873047
1774015315.0672994,/metrics/pcl/fused/detections_count,std_msgs/msg/Int32,77
1774015315.0674305,/metrics/pcl/fused/points_in,std_msgs/msg/Int32,41918
1774015315.0675113,/metrics/pcl/fused/processing_ms,std_msgs/msg/Float32,134.53875732421875
1774015315.305938,/metrics/pcl/fused/detections_count,std_msgs/msg/Int32,73
1774015315.3061473,/metrics/pcl/fused/points_in,std_msgs/msg/Int32,41886
1774015315.306224,/metrics/pcl/fused/processing_ms,std_msgs/msg/Float32,133.1210174560547
1774015315.7966807,/metrics/pcl/fused/detections_count,std_msgs/msg/Int32,77
1774015315.796829,/metrics/pcl/fused/points_in,std_msgs/msg/Int32,41947
1774015315.7969182,/metrics/pcl/fused/processing_ms,std_msgs/msg/Float32,142.79544067382812
1774015316.0402427,/metrics/pcl/fused/detections_count,std_msgs/msg/Int32,77
1774015316.0403678,/metrics/pcl/fused/points_in,std_msgs/msg/Int32,42049
1774015316.0404322,/metrics/pcl/fused/processing_ms,std_msgs/msg/Float32,138.8697967529297
1774015316.5199609,/metrics/pcl/fused/detections_count,std_msgs/msg/Int32,79
1774015316.5200815,/metrics/pcl/fused/points_in,std_msgs/msg/Int32,42063
1774015316.5201557,/metrics/pcl/fused/processing_ms,std_msgs/msg/Float32,137.9178924560547
1774015318.2330916,/metrics/pcl/fused/detections_count,std_msgs/msg/Int32,81
1774015318.2332125,/metrics/pcl/fused/points_in,std_msgs/msg/Int32,41977
1774015318.2332795,/metrics/pcl/fused/processing_ms,std_msgs/msg/Float32,132.49913024902344
1774015318.9646175,/metrics/pcl/fused/detections_count,std_msgs/msg/Int32,78
1774015318.964733,/metrics/pcl/fused/points_in,std_msgs/msg/Int32,41920
1774015318.9648023,/metrics/pcl/fused/processing_ms,std_msgs/msg/Float32,137.0314483642578
1774015320.9504588,/metrics/pcl/fused/detections_count,std_msgs/msg/Int32,76
1774015320.9505787,/metrics/pcl/fused/points_in,std_msgs/msg/Int32,41914
1774015320.950665,/metrics/pcl/fused/processing_ms,std_msgs/msg/Float32,140.66551208496094
1774015322.2114017,/metrics/pcl/fused/detections_count,std_msgs/msg/Int32,77
1774015322.2115266,/metrics/pcl/fused/points_in,std_msgs/msg/Int32,41905
1774015322.2115967,/metrics/pcl/fused/processing_ms,std_msgs/msg/Float32,133.86952209472656
1774015323.4814138,/metrics/pcl/fused/detections_count,std_msgs/msg/Int32,75
1774015323.4815369,/metrics/pcl/fused/points_in,std_msgs/msg/Int32,41933
1774015323.4816098,/metrics/pcl/fused/processing_ms,std_msgs/msg/Float32,137.78326416015625
1774015323.7487185,/metrics/pcl/fused/detections_count,std_msgs/msg/Int32,75
1774015323.7488282,/metrics/pcl/fused/points_in,std_msgs/msg/Int32,41878
1774015323.7489111,/metrics/pcl/fused/processing_ms,std_msgs/msg/Float32,139.3789520263672
1774015324.0129874,/metrics/pcl/fused/detections_count,std_msgs/msg/Int32,77
1774015324.0131102,/metrics/pcl/fused/points_in,std_msgs/msg/Int32,42033
1774015324.0131836,/metrics/pcl/fused/processing_ms,std_msgs/msg/Float32,140.03245544433594
1774015325.0489953,/metrics/pcl/fused/detections_count,std_msgs/msg/Int32,74
1774015325.049146,/metrics/pcl/fused/points_in,std_msgs/msg/Int32,41903
1774015325.0492594,/metrics/pcl/fused/processing_ms,std_msgs/msg/Float32,136.33343505859375
1774015326.8935525,/metrics/pcl/fused/detections_count,std_msgs/msg/Int32,77
1774015326.8937044,/metrics/pcl/fused/points_in,std_msgs/msg/Int32,42008
1774015326.8937912,/metrics/pcl/fused/processing_ms,std_msgs/msg/Float32,138.8134307861328
1774015327.414027,/metrics/pcl/fused/detections_count,std_msgs/msg/Int32,74
1774015327.4141467,/metrics/pcl/fused/points_in,std_msgs/msg/Int32,41924
1774015327.4142108,/metrics/pcl/fused/processing_ms,std_msgs/msg/Float32,138.91830444335938
1774015328.4481487,/metrics/pcl/fused/detections_count,std_msgs/msg/Int32,79
1774015328.448274,/metrics/pcl/fused/points_in,std_msgs/msg/Int32,41967
1774015328.4483404,/metrics/pcl/fused/processing_ms,std_msgs/msg/Float32,136.7401580810547
1774015328.724948,/metrics/pcl/fused/detections_count,std_msgs/msg/Int32,78
1774015328.7251313,/metrics/pcl/fused/points_in,std_msgs/msg/Int32,41948
1774015328.725225,/metrics/pcl/fused/processing_ms,std_msgs/msg/Float32,147.8102569580078
1774015329.0030699,/metrics/pcl/fused/detections_count,std_msgs/msg/Int32,77
1774015329.0031881,/metrics/pcl/fused/points_in,std_msgs/msg/Int32,41967
1774015329.0032473,/metrics/pcl/fused/processing_ms,std_msgs/msg/Float32,146.36598205566406
1774015329.5432663,/metrics/pcl/fused/detections_count,std_msgs/msg/Int32,79
1774015329.5434077,/metrics/pcl/fused/points_in,std_msgs/msg/Int32,41640
1774015329.5434775,/metrics/pcl/fused/processing_ms,std_msgs/msg/Float32,146.3763427734375
1774015329.8681488,/metrics/pcl/fused/detections_count,std_msgs/msg/Int32,79
1774015329.8682678,/metrics/pcl/fused/points_in,std_msgs/msg/Int32,41397
1774015329.868335,/metrics/pcl/fused/processing_ms,std_msgs/msg/Float32,179.40380859375
1774015330.1609278,/metrics/pcl/fused/detections_count,std_msgs/msg/Int32,71
1774015330.1611457,/metrics/pcl/fused/points_in,std_msgs/msg/Int32,41312
1774015330.1612475,/metrics/pcl/fused/processing_ms,std_msgs/msg/Float32,143.22048950195312
1774015330.4482322,/metrics/pcl/fused/detections_count,std_msgs/msg/Int32,68
1774015330.448372,/metrics/pcl/fused/points_in,std_msgs/msg/Int32,41077
1774015330.4484625,/metrics/pcl/fused/processing_ms,std_msgs/msg/Float32,142.2418212890625
1774015330.7132058,/metrics/pcl/fused/detections_count,std_msgs/msg/Int32,71
1774015330.7133188,/metrics/pcl/fused/points_in,std_msgs/msg/Int32,41090
1774015330.7133815,/metrics/pcl/fused/processing_ms,std_msgs/msg/Float32,138.06431579589844
1774015330.9803185,/metrics/pcl/fused/detections_count,std_msgs/msg/Int32,77
1774015330.980461,/metrics/pcl/fused/points_in,std_msgs/msg/Int32,41154
1774015330.9805634,/metrics/pcl/fused/processing_ms,std_msgs/msg/Float32,137.96209716796875
1774015331.2418396,/metrics/pcl/fused/detections_count,std_msgs/msg/Int32,75
1774015331.2419882,/metrics/pcl/fused/points_in,std_msgs/msg/Int32,40940
1774015331.242053,/metrics/pcl/fused/processing_ms,std_msgs/msg/Float32,134.7896270751953
1774015331.496327,/metrics/pcl/fused/detections_count,std_msgs/msg/Int32,74
1774015331.496479,/metrics/pcl/fused/points_in,std_msgs/msg/Int32,40568
1774015331.4965596,/metrics/pcl/fused/processing_ms,std_msgs/msg/Float32,133.86744689941406
1774015331.7627912,/metrics/pcl/fused/detections_count,std_msgs/msg/Int32,76
1774015331.762925,/metrics/pcl/fused/points_in,std_msgs/msg/Int32,40457
1774015331.7630086,/metrics/pcl/fused/processing_ms,std_msgs/msg/Float32,136.1869354248047
1774015332.022487,/metrics/pcl/fused/detections_count,std_msgs/msg/Int32,74
1774015332.022641,/metrics/pcl/fused/points_in,std_msgs/msg/Int32,40228
1774015332.0227144,/metrics/pcl/fused/processing_ms,std_msgs/msg/Float32,132.25714111328125
1774015332.5338342,/metrics/pcl/fused/detections_count,std_msgs/msg/Int32,73
1774015332.5339644,/metrics/pcl/fused/points_in,std_msgs/msg/Int32,40008
1774015332.5340433,/metrics/pcl/fused/processing_ms,std_msgs/msg/Float32,135.2869873046875
1774015332.7920113,/metrics/pcl/fused/detections_count,std_msgs/msg/Int32,72
1774015332.792143,/metrics/pcl/fused/points_in,std_msgs/msg/Int32,40027
1774015332.7922237,/metrics/pcl/fused/processing_ms,std_msgs/msg/Float32,133.3222198486328
1774015333.0550966,/metrics/pcl/fused/detections_count,std_msgs/msg/Int32,75
1774015333.0552301,/metrics/pcl/fused/points_in,std_msgs/msg/Int32,39981
1774015333.055294,/metrics/pcl/fused/processing_ms,std_msgs/msg/Float32,135.37930297851562
1774015333.8681943,/metrics/pcl/fused/detections_count,std_msgs/msg/Int32,68
1774015333.8683095,/metrics/pcl/fused/points_in,std_msgs/msg/Int32,39927
1774015333.8683734,/metrics/pcl/fused/processing_ms,std_msgs/msg/Float32,151.4632568359375
1774015334.1454663,/metrics/pcl/fused/detections_count,std_msgs/msg/Int32,76
1774015334.1456482,/metrics/pcl/fused/points_in,std_msgs/msg/Int32,39929
1774015334.1457396,/metrics/pcl/fused/processing_ms,std_msgs/msg/Float32,142.89878845214844
1774015334.4145277,/metrics/pcl/fused/detections_count,std_msgs/msg/Int32,71
1774015334.4146438,/metrics/pcl/fused/points_in,std_msgs/msg/Int32,39983
1774015334.4147036,/metrics/pcl/fused/processing_ms,std_msgs/msg/Float32,145.06198120117188
1774015334.6950793,/metrics/pcl/fused/detections_count,std_msgs/msg/Int32,80
1774015334.6952791,/metrics/pcl/fused/points_in,std_msgs/msg/Int32,39859
1774015334.6953983,/metrics/pcl/fused/processing_ms,std_msgs/msg/Float32,142.097412109375
1774015334.9901628,/metrics/pcl/fused/detections_count,std_msgs/msg/Int32,73
1774015334.990383,/metrics/pcl/fused/points_in,std_msgs/msg/Int32,39876
1774015334.9905715,/metrics/pcl/fused/processing_ms,std_msgs/msg/Float32,148.42181396484375
1774015335.2738929,/metrics/pcl/fused/detections_count,std_msgs/msg/Int32,70
1774015335.274045,/metrics/pcl/fused/points_in,std_msgs/msg/Int32,39701
1774015335.2741055,/metrics/pcl/fused/processing_ms,std_msgs/msg/Float32,162.58291625976562
1774015335.5430577,/metrics/pcl/fused/detections_count,std_msgs/msg/Int32,71
1774015335.5432599,/metrics/pcl/fused/points_in,std_msgs/msg/Int32,39695
1774015335.5433483,/metrics/pcl/fused/processing_ms,std_msgs/msg/Float32,144.5162811279297
1774015336.041036,/metrics/pcl/fused/detections_count,std_msgs/msg/Int32,70
1774015336.0412102,/metrics/pcl/fused/points_in,std_msgs/msg/Int32,39859
1774015336.0412765,/metrics/pcl/fused/processing_ms,std_msgs/msg/Float32,141.89291381835938
1774015338.0898626,/metrics/pcl/fused/detections_count,std_msgs/msg/Int32,75
1774015338.0900362,/metrics/pcl/fused/points_in,std_msgs/msg/Int32,40560
1774015338.0901206,/metrics/pcl/fused/processing_ms,std_msgs/msg/Float32,177.9876251220703
1774015339.3587496,/metrics/pcl/fused/detections_count,std_msgs/msg/Int32,69
1774015339.3589325,/metrics/pcl/fused/points_in,std_msgs/msg/Int32,40633
1774015339.3590126,/metrics/pcl/fused/processing_ms,std_msgs/msg/Float32,140.41734313964844
1774015340.6894362,/metrics/pcl/fused/detections_count,std_msgs/msg/Int32,73
1774015340.689593,/metrics/pcl/fused/points_in,std_msgs/msg/Int32,41200
1774015340.6896663,/metrics/pcl/fused/processing_ms,std_msgs/msg/Float32,147.18292236328125
1774015341.7542107,/metrics/pcl/fused/detections_count,std_msgs/msg/Int32,68
1774015341.7543917,/metrics/pcl/fused/points_in,std_msgs/msg/Int32,40778
1774015341.754472,/metrics/pcl/fused/processing_ms,std_msgs/msg/Float32,135.4185791015625
1774015342.0087826,/metrics/pcl/fused/detections_count,std_msgs/msg/Int32,68
1774015342.0089881,/metrics/pcl/fused/points_in,std_msgs/msg/Int32,40619
1774015342.009088,/metrics/pcl/fused/processing_ms,std_msgs/msg/Float32,134.3220672607422
1774015342.4989784,/metrics/pcl/fused/detections_count,std_msgs/msg/Int32,76
1774015342.4991243,/metrics/pcl/fused/points_in,std_msgs/msg/Int32,40694
1774015342.4991877,/metrics/pcl/fused/processing_ms,std_msgs/msg/Float32,134.6658172607422
1774015343.312075,/metrics/pcl/fused/detections_count,std_msgs/msg/Int32,69
1774015343.3122168,/metrics/pcl/fused/points_in,std_msgs/msg/Int32,40713
1774015343.312302,/metrics/pcl/fused/processing_ms,std_msgs/msg/Float32,141.58697509765625
1774015343.874285,/metrics/pcl/fused/detections_count,std_msgs/msg/Int32,68
1774015343.8744028,/metrics/pcl/fused/points_in,std_msgs/msg/Int32,40734
1774015343.874472,/metrics/pcl/fused/processing_ms,std_msgs/msg/Float32,134.5034942626953
1774015344.644275,/metrics/pcl/fused/detections_count,std_msgs/msg/Int32,64
1774015344.6443937,/metrics/pcl/fused/points_in,std_msgs/msg/Int32,40750
1774015344.644455,/metrics/pcl/fused/processing_ms,std_msgs/msg/Float32,137.21192932128906
1774015345.4175024,/metrics/pcl/fused/detections_count,std_msgs/msg/Int32,73
1774015345.4176407,/metrics/pcl/fused/points_in,std_msgs/msg/Int32,40760
1774015345.417724,/metrics/pcl/fused/processing_ms,std_msgs/msg/Float32,137.70603942871094
1774015345.6753252,/metrics/pcl/fused/detections_count,std_msgs/msg/Int32,71
1774015345.6754668,/metrics/pcl/fused/points_in,std_msgs/msg/Int32,40786
1774015345.6755462,/metrics/pcl/fused/processing_ms,std_msgs/msg/Float32,135.1408233642578
1774015345.9374468,/metrics/pcl/fused/detections_count,std_msgs/msg/Int32,65
1774015345.937586,/metrics/pcl/fused/points_in,std_msgs/msg/Int32,40832
1774015345.937661,/metrics/pcl/fused/processing_ms,std_msgs/msg/Float32,137.0721435546875
1774015346.4472308,/metrics/pcl/fused/detections_count,std_msgs/msg/Int32,67
1774015346.4473941,/metrics/pcl/fused/points_in,std_msgs/msg/Int32,40718
1774015346.4474938,/metrics/pcl/fused/processing_ms,std_msgs/msg/Float32,133.89698791503906
1774015347.2207198,/metrics/pcl/fused/detections_count,std_msgs/msg/Int32,72
1774015347.2208385,/metrics/pcl/fused/points_in,std_msgs/msg/Int32,40637
1774015347.220954,/metrics/pcl/fused/processing_ms,std_msgs/msg/Float32,131.60482788085938
1774015347.4746735,/metrics/pcl/fused/detections_count,std_msgs/msg/Int32,72
1774015347.4747937,/metrics/pcl/fused/points_in,std_msgs/msg/Int32,40512
1774015347.474886,/metrics/pcl/fused/processing_ms,std_msgs/msg/Float32,133.51116943359375
1774015347.9990203,/metrics/pcl/fused/detections_count,std_msgs/msg/Int32,70
1774015347.999163,/metrics/pcl/fused/points_in,std_msgs/msg/Int32,40672
1774015347.9992533,/metrics/pcl/fused/processing_ms,std_msgs/msg/Float32,136.51654052734375
1774015348.7783093,/metrics/pcl/fused/detections_count,std_msgs/msg/Int32,66
1774015348.7784486,/metrics/pcl/fused/points_in,std_msgs/msg/Int32,40559
1774015348.7785244,/metrics/pcl/fused/processing_ms,std_msgs/msg/Float32,136.47804260253906
1774015349.0511048,/metrics/pcl/fused/detections_count,std_msgs/msg/Int32,71
1774015349.0512307,/metrics/pcl/fused/points_in,std_msgs/msg/Int32,40534
1774015349.0513144,/metrics/pcl/fused/processing_ms,std_msgs/msg/Float32,141.58961486816406
1774015349.5642765,/metrics/pcl/fused/detections_count,std_msgs/msg/Int32,72
1774015349.5643895,/metrics/pcl/fused/points_in,std_msgs/msg/Int32,40764
1774015349.5644512,/metrics/pcl/fused/processing_ms,std_msgs/msg/Float32,136.54977416992188
1774015350.098232,/metrics/pcl/fused/detections_count,std_msgs/msg/Int32,75
1774015350.0983844,/metrics/pcl/fused/points_in,std_msgs/msg/Int32,40954
1774015350.0984564,/metrics/pcl/fused/processing_ms,std_msgs/msg/Float32,142.52728271484375
1774015350.3515184,/metrics/pcl/fused/detections_count,std_msgs/msg/Int32,70
1774015350.351655,/metrics/pcl/fused/points_in,std_msgs/msg/Int32,41130
1774015350.3517418,/metrics/pcl/fused/processing_ms,std_msgs/msg/Float32,131.79852294921875
1774015351.1440403,/metrics/pcl/fused/detections_count,std_msgs/msg/Int32,76
1774015351.144153,/metrics/pcl/fused/points_in,std_msgs/msg/Int32,41310
1774015351.1442175,/metrics/pcl/fused/processing_ms,std_msgs/msg/Float32,139.5303192138672
1774015351.9286454,/metrics/pcl/fused/detections_count,std_msgs/msg/Int32,73
1774015351.928769,/metrics/pcl/fused/points_in,std_msgs/msg/Int32,41350
1774015351.928841,/metrics/pcl/fused/processing_ms,std_msgs/msg/Float32,135.1971435546875
1774015352.4625788,/metrics/pcl/fused/detections_count,std_msgs/msg/Int32,77
1774015352.4627006,/metrics/pcl/fused/points_in,std_msgs/msg/Int32,41236
1774015352.4627671,/metrics/pcl/fused/processing_ms,std_msgs/msg/Float32,134.81088256835938
1774015352.9839168,/metrics/pcl/fused/detections_count,std_msgs/msg/Int32,70
1774015352.9840353,/metrics/pcl/fused/points_in,std_msgs/msg/Int32,41286
1774015352.9840946,/metrics/pcl/fused/processing_ms,std_msgs/msg/Float32,136.31390380859375
1774015355.1283174,/metrics/pcl/fused/detections_count,std_msgs/msg/Int32,73
1774015355.1284387,/metrics/pcl/fused/points_in,std_msgs/msg/Int32,41889
1774015355.128516,/metrics/pcl/fused/processing_ms,std_msgs/msg/Float32,141.75619506835938
1774015355.916465,/metrics/pcl/fused/detections_count,std_msgs/msg/Int32,75
1774015355.9165905,/metrics/pcl/fused/points_in,std_msgs/msg/Int32,41891
1774015355.9166644,/metrics/pcl/fused/processing_ms,std_msgs/msg/Float32,145.26226806640625
1774015358.0944338,/metrics/pcl/fused/detections_count,std_msgs/msg/Int32,79
1774015358.0945892,/metrics/pcl/fused/points_in,std_msgs/msg/Int32,41981
1774015358.0946684,/metrics/pcl/fused/processing_ms,std_msgs/msg/Float32,139.08169555664062
1774015359.2673073,/metrics/pcl/fused/detections_count,std_msgs/msg/Int32,78
1774015359.267418,/metrics/pcl/fused/points_in,std_msgs/msg/Int32,41997
1774015359.2674818,/metrics/pcl/fused/processing_ms,std_msgs/msg/Float32,134.29937744140625
1774015359.5091465,/metrics/pcl/fused/detections_count,std_msgs/msg/Int32,77
1774015359.5092776,/metrics/pcl/fused/points_in,std_msgs/msg/Int32,42073
1774015359.5093365,/metrics/pcl/fused/processing_ms,std_msgs/msg/Float32,141.28399658203125
1774015360.4929278,/metrics/pcl/fused/detections_count,std_msgs/msg/Int32,79
1774015360.493042,/metrics/pcl/fused/points_in,std_msgs/msg/Int32,41893
1774015360.4931006,/metrics/pcl/fused/processing_ms,std_msgs/msg/Float32,148.99398803710938
1774015360.7543726,/metrics/pcl/fused/detections_count,std_msgs/msg/Int32,80
1774015360.754519,/metrics/pcl/fused/points_in,std_msgs/msg/Int32,41874
1774015360.754589,/metrics/pcl/fused/processing_ms,std_msgs/msg/Float32,150.9429931640625
1774015361.024123,/metrics/pcl/fused/detections_count,std_msgs/msg/Int32,84
1774015361.0242553,/metrics/pcl/fused/points_in,std_msgs/msg/Int32,41970
1774015361.0243158,/metrics/pcl/fused/processing_ms,std_msgs/msg/Float32,152.31314086914062
1774015361.2702541,/metrics/pcl/fused/detections_count,std_msgs/msg/Int32,82
1774015361.2703867,/metrics/pcl/fused/points_in,std_msgs/msg/Int32,41847
1774015361.2704558,/metrics/pcl/fused/processing_ms,std_msgs/msg/Float32,140.23553466796875
1774015362.0111463,/metrics/pcl/fused/detections_count,std_msgs/msg/Int32,80
1774015362.0112746,/metrics/pcl/fused/points_in,std_msgs/msg/Int32,41949
1774015362.011352,/metrics/pcl/fused/processing_ms,std_msgs/msg/Float32,141.16004943847656
1774015362.2591033,/metrics/pcl/fused/detections_count,std_msgs/msg/Int32,80
1774015362.2592363,/metrics/pcl/fused/points_in,std_msgs/msg/Int32,42001
1774015362.2592928,/metrics/pcl/fused/processing_ms,std_msgs/msg/Float32,135.5458526611328
1774015362.5133123,/metrics/pcl/fused/detections_count,std_msgs/msg/Int32,78
1774015362.5134757,/metrics/pcl/fused/points_in,std_msgs/msg/Int32,41957
1774015362.5135455,/metrics/pcl/fused/processing_ms,std_msgs/msg/Float32,144.54165649414062
1774015362.7813382,/metrics/pcl/fused/detections_count,std_msgs/msg/Int32,72
1774015362.7814438,/metrics/pcl/fused/points_in,std_msgs/msg/Int32,42001
1774015362.7814965,/metrics/pcl/fused/processing_ms,std_msgs/msg/Float32,152.3823699951172
1774015363.0431633,/metrics/pcl/fused/detections_count,std_msgs/msg/Int32,70
1774015363.0432866,/metrics/pcl/fused/points_in,std_msgs/msg/Int32,42048
1774015363.043361,/metrics/pcl/fused/processing_ms,std_msgs/msg/Float32,147.1002197265625
1774015363.552122,/metrics/pcl/fused/detections_count,std_msgs/msg/Int32,78
1774015363.5522313,/metrics/pcl/fused/points_in,std_msgs/msg/Int32,41921
1774015363.5522897,/metrics/pcl/fused/processing_ms,std_msgs/msg/Float32,149.3716583251953
1774015364.2992594,/metrics/pcl/fused/detections_count,std_msgs/msg/Int32,73
1774015364.2993991,/metrics/pcl/fused/points_in,std_msgs/msg/Int32,41997
1774015364.299458,/metrics/pcl/fused/processing_ms,std_msgs/msg/Float32,136.5635528564453
1774015364.8462677,/metrics/pcl/fused/detections_count,std_msgs/msg/Int32,75
1774015364.8463914,/metrics/pcl/fused/points_in,std_msgs/msg/Int32,41978
1774015364.846472,/metrics/pcl/fused/processing_ms,std_msgs/msg/Float32,148.55291748046875
