stamp_sec,topic,type,value
1774021586.005913,/metrics/pcl/fused/detections_count,std_msgs/msg/Int32,18
1774021586.0061886,/metrics/pcl/fused/points_in,std_msgs/msg/Int32,9418
1774021586.0063655,/metrics/pcl/fused/processing_ms,std_msgs/msg/Float32,68.5947036743164
1774021586.1109982,/metrics/pcl/fused/detections_count,std_msgs/msg/Int32,19
1774021586.1111844,/metrics/pcl/fused/points_in,std_msgs/msg/Int32,9369
1774021586.1112993,/metrics/pcl/fused/processing_ms,std_msgs/msg/Float32,63.810752868652344
1774021586.2187426,/metrics/pcl/fused/detections_count,std_msgs/msg/Int32,15
1774021586.2189507,/metrics/pcl/fused/points_in,std_msgs/msg/Int32,9471
1774021586.2190695,/metrics/pcl/fused/processing_ms,std_msgs/msg/Float32,64.51927947998047
1774021586.3224266,/metrics/pcl/fused/detections_count,std_msgs/msg/Int32,19
1774021586.322625,/metrics/pcl/fused/points_in,std_msgs/msg/Int32,9416
1774021586.3227582,/metrics/pcl/fused/processing_ms,std_msgs/msg/Float32,61.5703239440918
1774021586.431085,/metrics/pcl/fused/detections_count,std_msgs/msg/Int32,18
1774021586.431249,/metrics/pcl/fused/points_in,std_msgs/msg/Int32,9413
1774021586.4314194,/metrics/pcl/fused/processing_ms,std_msgs/msg/Float32,62.38929748535156
1774021586.5431526,/metrics/pcl/fused/detections_count,std_msgs/msg/Int32,17
1774021586.5433474,/metrics/pcl/fused/points_in,std_msgs/msg/Int32,9448
1774021586.5434773,/metrics/pcl/fused/processing_ms,std_msgs/msg/Float32,66.74493408203125
1774021586.6482186,/metrics/pcl/fused/detections_count,std_msgs/msg/Int32,17
1774021586.6485505,/metrics/pcl/fused/points_in,std_msgs/msg/Int32,9397
1774021586.648659,/metrics/pcl/fused/processing_ms,std_msgs/msg/Float32,64.5395736694336
1774021586.7554004,/metrics/pcl/fused/detections_count,std_msgs/msg/Int32,16
1774021586.7555642,/metrics/pcl/fused/points_in,std_msgs/msg/Int32,9461
1774021586.7556617,/metrics/pcl/fused/processing_ms,std_msgs/msg/Float32,65.89395141601562
1774021586.8575466,/metrics/pcl/fused/detections_count,std_msgs/msg/Int32,20
1774021586.8577754,/metrics/pcl/fused/points_in,std_msgs/msg/Int32,9481
1774021586.8578765,/metrics/pcl/fused/processing_ms,std_msgs/msg/Float32,62.82745361328125
1774021586.9654713,/metrics/pcl/fused/detections_count,std_msgs/msg/Int32,17
1774021586.9656527,/metrics/pcl/fused/points_in,std_msgs/msg/Int32,9486
1774021586.9657454,/metrics/pcl/fused/processing_ms,std_msgs/msg/Float32,65.29612731933594
1774021587.0752409,/metrics/pcl/fused/detections_count,std_msgs/msg/Int32,17
1774021587.075471,/metrics/pcl/fused/points_in,std_msgs/msg/Int32,9465
1774021587.075596,/metrics/pcl/fused/processing_ms,std_msgs/msg/Float32,68.6273193359375
1774021587.1947494,/metrics/pcl/fused/detections_count,std_msgs/msg/Int32,16
1774021587.1949172,/metrics/pcl/fused/points_in,std_msgs/msg/Int32,9455
1774021587.195026,/metrics/pcl/fused/processing_ms,std_msgs/msg/Float32,68.02360534667969
1774021587.3142912,/metrics/pcl/fused/detections_count,std_msgs/msg/Int32,15
1774021587.314487,/metrics/pcl/fused/points_in,std_msgs/msg/Int32,9422
1774021587.3145943,/metrics/pcl/fused/processing_ms,std_msgs/msg/Float32,68.54859161376953
1774021587.4195526,/metrics/pcl/fused/detections_count,std_msgs/msg/Int32,16
1774021587.4197636,/metrics/pcl/fused/points_in,std_msgs/msg/Int32,9476
1774021587.4199028,/metrics/pcl/fused/processing_ms,std_msgs/msg/Float32,63.942020416259766
1774021587.5242383,/metrics/pcl/fused/detections_count,std_msgs/msg/Int32,15
1774021587.5245206,/metrics/pcl/fused/points_in,std_msgs/msg/Int32,9523
1774021587.5247562,/metrics/pcl/fused/processing_ms,std_msgs/msg/Float32,61.29264450073242
1774021587.633995,/metrics/pcl/fused/detections_count,std_msgs/msg/Int32,17
1774021587.6341395,/metrics/pcl/fused/points_in,std_msgs/msg/Int32,9460
1774021587.6342318,/metrics/pcl/fused/processing_ms,std_msgs/msg/Float32,62.95893859863281
1774021587.7407389,/metrics/pcl/fused/detections_count,std_msgs/msg/Int32,16
1774021587.7408824,/metrics/pcl/fused/points_in,std_msgs/msg/Int32,9368
1774021587.7409718,/metrics/pcl/fused/processing_ms,std_msgs/msg/Float32,61.349369049072266
1774021587.847317,/metrics/pcl/fused/detections_count,std_msgs/msg/Int32,14
1774021587.847499,/metrics/pcl/fused/points_in,std_msgs/msg/Int32,9424
1774021587.8475978,/metrics/pcl/fused/processing_ms,std_msgs/msg/Float32,63.261390686035156
1774021588.1568758,/metrics/pcl/fused/detections_count,std_msgs/msg/Int32,35
1774021588.1570857,/metrics/pcl/fused/points_in,std_msgs/msg/Int32,21071
1774021588.1572943,/metrics/pcl/fused/processing_ms,std_msgs/msg/Float32,145.02389526367188
1774021588.3760717,/metrics/pcl/fused/detections_count,std_msgs/msg/Int32,32
1774021588.3764482,/metrics/pcl/fused/points_in,std_msgs/msg/Int32,21059
1774021588.3766067,/metrics/pcl/fused/processing_ms,std_msgs/msg/Float32,135.12327575683594
1774021588.6072426,/metrics/pcl/fused/detections_count,std_msgs/msg/Int32,38
1774021588.6075213,/metrics/pcl/fused/points_in,std_msgs/msg/Int32,21081
1774021588.6076443,/metrics/pcl/fused/processing_ms,std_msgs/msg/Float32,136.449462890625
1774021589.020344,/metrics/pcl/fused/detections_count,std_msgs/msg/Int32,47
1774021589.0205688,/metrics/pcl/fused/points_in,std_msgs/msg/Int32,30546
1774021589.0207336,/metrics/pcl/fused/processing_ms,std_msgs/msg/Float32,206.1398162841797
1774021589.372882,/metrics/pcl/fused/detections_count,std_msgs/msg/Int32,43
1774021589.3731751,/metrics/pcl/fused/points_in,std_msgs/msg/Int32,30609
1774021589.3735073,/metrics/pcl/fused/processing_ms,std_msgs/msg/Float32,212.74307250976562
1774021589.7125962,/metrics/pcl/fused/detections_count,std_msgs/msg/Int32,42
1774021589.712862,/metrics/pcl/fused/points_in,std_msgs/msg/Int32,30759
1774021589.7130117,/metrics/pcl/fused/processing_ms,std_msgs/msg/Float32,211.2478485107422
1774021590.0654852,/metrics/pcl/fused/detections_count,std_msgs/msg/Int32,47
1774021590.0657268,/metrics/pcl/fused/points_in,std_msgs/msg/Int32,30651
1774021590.0658348,/metrics/pcl/fused/processing_ms,std_msgs/msg/Float32,226.96661376953125
1774021591.0286834,/metrics/pcl/fused/detections_count,std_msgs/msg/Int32,81
1774021591.0288565,/metrics/pcl/fused/processing_ms,std_msgs/msg/Float32,284.281005859375
1774021591.0293148,/metrics/pcl/fused/points_in,std_msgs/msg/Int32,40937
1774021591.4726408,/metrics/pcl/fused/detections_count,std_msgs/msg/Int32,76
1774021591.472828,/metrics/pcl/fused/points_in,std_msgs/msg/Int32,40860
1774021591.4729395,/metrics/pcl/fused/processing_ms,std_msgs/msg/Float32,265.577880859375
1774021591.9298048,/metrics/pcl/fused/detections_count,std_msgs/msg/Int32,70
1774021591.9299984,/metrics/pcl/fused/points_in,std_msgs/msg/Int32,40914
1774021591.930108,/metrics/pcl/fused/processing_ms,std_msgs/msg/Float32,269.6991882324219
1774021592.391212,/metrics/pcl/fused/detections_count,std_msgs/msg/Int32,76
1774021592.391429,/metrics/pcl/fused/points_in,std_msgs/msg/Int32,40800
1774021592.3915446,/metrics/pcl/fused/processing_ms,std_msgs/msg/Float32,269.227783203125
1774021593.2808337,/metrics/pcl/fused/detections_count,std_msgs/msg/Int32,77
1774021593.28101,/metrics/pcl/fused/points_in,std_msgs/msg/Int32,40903
1774021593.2811785,/metrics/pcl/fused/processing_ms,std_msgs/msg/Float32,260.0165710449219
1774021593.7455275,/metrics/pcl/fused/detections_count,std_msgs/msg/Int32,76
1774021593.7456784,/metrics/pcl/fused/points_in,std_msgs/msg/Int32,40669
1774021593.7457762,/metrics/pcl/fused/processing_ms,std_msgs/msg/Float32,265.92132568359375
1774021594.387084,/metrics/pcl/fused/detections_count,std_msgs/msg/Int32,82
1774021594.3872023,/metrics/pcl/fused/points_in,std_msgs/msg/Int32,40430
1774021594.3872979,/metrics/pcl/fused/processing_ms,std_msgs/msg/Float32,165.32264709472656
1774021595.3463786,/metrics/pcl/fused/detections_count,std_msgs/msg/Int32,72
1774021595.3464983,/metrics/pcl/fused/points_in,std_msgs/msg/Int32,40654
1774021595.3465593,/metrics/pcl/fused/processing_ms,std_msgs/msg/Float32,131.6603546142578
1774021595.5838928,/metrics/pcl/fused/detections_count,std_msgs/msg/Int32,78
1774021595.5839837,/metrics/pcl/fused/points_in,std_msgs/msg/Int32,40524
1774021595.584065,/metrics/pcl/fused/processing_ms,std_msgs/msg/Float32,132.82713317871094
1774021596.0938208,/metrics/pcl/fused/detections_count,std_msgs/msg/Int32,74
1774021596.0939558,/metrics/pcl/fused/points_in,std_msgs/msg/Int32,40757
1774021596.094033,/metrics/pcl/fused/processing_ms,std_msgs/msg/Float32,172.04315185546875
1774021596.348168,/metrics/pcl/fused/detections_count,std_msgs/msg/Int32,73
1774021596.34835,/metrics/pcl/fused/points_in,std_msgs/msg/Int32,40576
1774021596.3484457,/metrics/pcl/fused/processing_ms,std_msgs/msg/Float32,133.91787719726562
1774021596.597177,/metrics/pcl/fused/detections_count,std_msgs/msg/Int32,77
1774021596.597311,/metrics/pcl/fused/points_in,std_msgs/msg/Int32,40583
1774021596.5974107,/metrics/pcl/fused/processing_ms,std_msgs/msg/Float32,132.4075164794922
1774021597.3059733,/metrics/pcl/fused/detections_count,std_msgs/msg/Int32,76
1774021597.3060772,/metrics/pcl/fused/points_in,std_msgs/msg/Int32,40735
1774021597.3061347,/metrics/pcl/fused/processing_ms,std_msgs/msg/Float32,134.27178955078125
1774021597.538983,/metrics/pcl/fused/detections_count,std_msgs/msg/Int32,73
1774021597.5391223,/metrics/pcl/fused/points_in,std_msgs/msg/Int32,40896
1774021597.5391846,/metrics/pcl/fused/processing_ms,std_msgs/msg/Float32,131.6978759765625
1774021597.7694743,/metrics/pcl/fused/detections_count,std_msgs/msg/Int32,74
1774021597.7695737,/metrics/pcl/fused/points_in,std_msgs/msg/Int32,40861
1774021597.7696335,/metrics/pcl/fused/processing_ms,std_msgs/msg/Float32,130.93917846679688
1774021598.4828615,/metrics/pcl/fused/detections_count,std_msgs/msg/Int32,73
1774021598.4830275,/metrics/pcl/fused/points_in,std_msgs/msg/Int32,40853
1774021598.4831321,/metrics/pcl/fused/processing_ms,std_msgs/msg/Float32,135.5504913330078
1774021599.188834,/metrics/pcl/fused/detections_count,std_msgs/msg/Int32,72
1774021599.1889434,/metrics/pcl/fused/points_in,std_msgs/msg/Int32,40830
1774021599.1890087,/metrics/pcl/fused/processing_ms,std_msgs/msg/Float32,134.2147216796875
1774021599.6958125,/metrics/pcl/fused/detections_count,std_msgs/msg/Int32,76
1774021599.6959655,/metrics/pcl/fused/points_in,std_msgs/msg/Int32,40756
1774021599.69604,/metrics/pcl/fused/processing_ms,std_msgs/msg/Float32,130.51681518554688
1774021601.7165325,/metrics/pcl/fused/detections_count,std_msgs/msg/Int32,71
1774021601.7166283,/metrics/pcl/fused/points_in,std_msgs/msg/Int32,40835
1774021601.7166786,/metrics/pcl/fused/processing_ms,std_msgs/msg/Float32,134.93714904785156
1774021602.4711318,/metrics/pcl/fused/detections_count,std_msgs/msg/Int32,79
1774021602.4712574,/metrics/pcl/fused/points_in,std_msgs/msg/Int32,40855
1774021602.4713607,/metrics/pcl/fused/processing_ms,std_msgs/msg/Float32,134.08401489257812
1774021603.1881242,/metrics/pcl/fused/detections_count,std_msgs/msg/Int32,74
1774021603.1882637,/metrics/pcl/fused/points_in,std_msgs/msg/Int32,40669
1774021603.1883745,/metrics/pcl/fused/processing_ms,std_msgs/msg/Float32,132.54855346679688
1774021604.1406984,/metrics/pcl/fused/detections_count,std_msgs/msg/Int32,70
1774021604.1408172,/metrics/pcl/fused/points_in,std_msgs/msg/Int32,40781
1774021604.1408904,/metrics/pcl/fused/processing_ms,std_msgs/msg/Float32,131.72015380859375
1774021605.3849518,/metrics/pcl/fused/detections_count,std_msgs/msg/Int32,74
1774021605.3850665,/metrics/pcl/fused/points_in,std_msgs/msg/Int32,40754
1774021605.3851292,/metrics/pcl/fused/processing_ms,std_msgs/msg/Float32,136.4874267578125
1774021605.8800356,/metrics/pcl/fused/detections_count,std_msgs/msg/Int32,71
1774021605.880154,/metrics/pcl/fused/points_in,std_msgs/msg/Int32,40688
1774021605.880216,/metrics/pcl/fused/processing_ms,std_msgs/msg/Float32,139.84927368164062
1774021606.131193,/metrics/pcl/fused/detections_count,std_msgs/msg/Int32,76
1774021606.1313539,/metrics/pcl/fused/points_in,std_msgs/msg/Int32,40813
1774021606.1314783,/metrics/pcl/fused/processing_ms,std_msgs/msg/Float32,137.0223846435547
1774021606.3757422,/metrics/pcl/fused/detections_count,std_msgs/msg/Int32,72
1774021606.3758526,/metrics/pcl/fused/points_in,std_msgs/msg/Int32,40715
1774021606.375941,/metrics/pcl/fused/processing_ms,std_msgs/msg/Float32,135.01368713378906
1774021606.6224728,/metrics/pcl/fused/detections_count,std_msgs/msg/Int32,71
1774021606.622577,/metrics/pcl/fused/points_in,std_msgs/msg/Int32,40494
1774021606.6226413,/metrics/pcl/fused/processing_ms,std_msgs/msg/Float32,135.24168395996094
1774021606.8689556,/metrics/pcl/fused/detections_count,std_msgs/msg/Int32,70
1774021606.8691063,/metrics/pcl/fused/points_in,std_msgs/msg/Int32,40599
1774021606.8692017,/metrics/pcl/fused/processing_ms,std_msgs/msg/Float32,138.32119750976562
1774021607.1249278,/metrics/pcl/fused/detections_count,std_msgs/msg/Int32,77
1774021607.1250567,/metrics/pcl/fused/points_in,std_msgs/msg/Int32,40671
1774021607.1251442,/metrics/pcl/fused/processing_ms,std_msgs/msg/Float32,142.33193969726562
1774021607.3766606,/metrics/pcl/fused/detections_count,std_msgs/msg/Int32,73
1774021607.3767695,/metrics/pcl/fused/points_in,std_msgs/msg/Int32,40692
1774021607.3768318,/metrics/pcl/fused/processing_ms,std_msgs/msg/Float32,139.79580688476562
1774021607.624509,/metrics/pcl/fused/detections_count,std_msgs/msg/Int32,73
1774021607.6246195,/metrics/pcl/fused/points_in,std_msgs/msg/Int32,40587
1774021607.6246872,/metrics/pcl/fused/processing_ms,std_msgs/msg/Float32,133.09523010253906
1774021608.8521116,/metrics/pcl/fused/detections_count,std_msgs/msg/Int32,76
1774021608.8522599,/metrics/pcl/fused/points_in,std_msgs/msg/Int32,40652
1774021608.8523602,/metrics/pcl/fused/processing_ms,std_msgs/msg/Float32,140.87997436523438
1774021612.5266025,/metrics/pcl/fused/detections_count,std_msgs/msg/Int32,75
1774021612.526744,/metrics/pcl/fused/points_in,std_msgs/msg/Int32,40572
1774021612.5268102,/metrics/pcl/fused/processing_ms,std_msgs/msg/Float32,135.69960021972656
1774021613.5012493,/metrics/pcl/fused/detections_count,std_msgs/msg/Int32,77
1774021613.5014143,/metrics/pcl/fused/points_in,std_msgs/msg/Int32,40513
1774021613.5015132,/metrics/pcl/fused/processing_ms,std_msgs/msg/Float32,135.34228515625
1774021614.4897115,/metrics/pcl/fused/detections_count,std_msgs/msg/Int32,72
1774021614.4898276,/metrics/pcl/fused/points_in,std_msgs/msg/Int32,40613
1774021614.4899004,/metrics/pcl/fused/processing_ms,std_msgs/msg/Float32,131.55531311035156
1774021614.7385478,/metrics/pcl/fused/detections_count,std_msgs/msg/Int32,72
1774021614.7386572,/metrics/pcl/fused/points_in,std_msgs/msg/Int32,40635
1774021614.7387214,/metrics/pcl/fused/processing_ms,std_msgs/msg/Float32,130.3153839111328
1774021614.981296,/metrics/pcl/fused/detections_count,std_msgs/msg/Int32,72
1774021614.9814622,/metrics/pcl/fused/points_in,std_msgs/msg/Int32,40605
1774021614.9815915,/metrics/pcl/fused/processing_ms,std_msgs/msg/Float32,132.90377807617188
1774021615.4743733,/metrics/pcl/fused/detections_count,std_msgs/msg/Int32,74
1774021615.4744809,/metrics/pcl/fused/points_in,std_msgs/msg/Int32,40738
1774021615.4745505,/metrics/pcl/fused/processing_ms,std_msgs/msg/Float32,132.69483947753906
1774021615.9588315,/metrics/pcl/fused/detections_count,std_msgs/msg/Int32,74
1774021615.9589443,/metrics/pcl/fused/points_in,std_msgs/msg/Int32,40482
1774021615.9590368,/metrics/pcl/fused/processing_ms,std_msgs/msg/Float32,138.69436645507812
1774021616.2109184,/metrics/pcl/fused/detections_count,std_msgs/msg/Int32,71
1774021616.2110333,/metrics/pcl/fused/points_in,std_msgs/msg/Int32,40395
1774021616.2150776,/metrics/pcl/fused/processing_ms,std_msgs/msg/Float32,137.98358154296875
1774021617.2294703,/metrics/pcl/fused/detections_count,std_msgs/msg/Int32,72
1774021617.2295868,/metrics/pcl/fused/points_in,std_msgs/msg/Int32,40647
1774021617.229646,/metrics/pcl/fused/processing_ms,std_msgs/msg/Float32,138.8409423828125
1774021617.7299616,/metrics/pcl/fused/detections_count,std_msgs/msg/Int32,69
1774021617.73007,/metrics/pcl/fused/points_in,std_msgs/msg/Int32,40688
1774021617.730137,/metrics/pcl/fused/processing_ms,std_msgs/msg/Float32,140.94741821289062
1774021617.96448,/metrics/pcl/fused/detections_count,std_msgs/msg/Int32,71
1774021617.9646254,/metrics/pcl/fused/points_in,std_msgs/msg/Int32,40778
1774021617.9646888,/metrics/pcl/fused/processing_ms,std_msgs/msg/Float32,136.85137939453125
1774021618.9313536,/metrics/pcl/fused/detections_count,std_msgs/msg/Int32,72
1774021618.9314752,/metrics/pcl/fused/points_in,std_msgs/msg/Int32,40605
1774021618.931548,/metrics/pcl/fused/processing_ms,std_msgs/msg/Float32,131.28211975097656
1774021619.4023738,/metrics/pcl/fused/detections_count,std_msgs/msg/Int32,74
1774021619.4024994,/metrics/pcl/fused/points_in,std_msgs/msg/Int32,40674
1774021619.4025924,/metrics/pcl/fused/processing_ms,std_msgs/msg/Float32,134.80035400390625
1774021620.1258755,/metrics/pcl/fused/detections_count,std_msgs/msg/Int32,74
1774021620.1259818,/metrics/pcl/fused/points_in,std_msgs/msg/Int32,40691
1774021620.126045,/metrics/pcl/fused/processing_ms,std_msgs/msg/Float32,145.69309997558594
1774021621.3173478,/metrics/pcl/fused/detections_count,std_msgs/msg/Int32,77
1774021621.3174624,/metrics/pcl/fused/points_in,std_msgs/msg/Int32,40647
1774021621.3175232,/metrics/pcl/fused/processing_ms,std_msgs/msg/Float32,139.90907287597656
1774021621.7834795,/metrics/pcl/fused/detections_count,std_msgs/msg/Int32,72
1774021621.7835958,/metrics/pcl/fused/points_in,std_msgs/msg/Int32,40575
1774021621.7836566,/metrics/pcl/fused/processing_ms,std_msgs/msg/Float32,129.80943298339844
1774021622.028528,/metrics/pcl/fused/detections_count,std_msgs/msg/Int32,70
1774021622.0286627,/metrics/pcl/fused/points_in,std_msgs/msg/Int32,40456
1774021622.0287912,/metrics/pcl/fused/processing_ms,std_msgs/msg/Float32,135.80435180664062
1774021622.5526104,/metrics/pcl/fused/detections_count,std_msgs/msg/Int32,75
1774021622.5527241,/metrics/pcl/fused/points_in,std_msgs/msg/Int32,40585
1774021622.552786,/metrics/pcl/fused/processing_ms,std_msgs/msg/Float32,135.41506958007812
1774021622.8000188,/metrics/pcl/fused/detections_count,std_msgs/msg/Int32,71
1774021622.8001382,/metrics/pcl/fused/points_in,std_msgs/msg/Int32,40536
1774021622.800212,/metrics/pcl/fused/processing_ms,std_msgs/msg/Float32,132.489013671875
1774021623.0542643,/metrics/pcl/fused/detections_count,std_msgs/msg/Int32,74
1774021623.05439,/metrics/pcl/fused/points_in,std_msgs/msg/Int32,40559
1774021623.0544426,/metrics/pcl/fused/processing_ms,std_msgs/msg/Float32,137.9344024658203
1774021623.7899783,/metrics/pcl/fused/detections_count,std_msgs/msg/Int32,73
1774021623.7901134,/metrics/pcl/fused/points_in,std_msgs/msg/Int32,40761
1774021623.7901957,/metrics/pcl/fused/processing_ms,std_msgs/msg/Float32,130.11648559570312
1774021624.5593872,/metrics/pcl/fused/detections_count,std_msgs/msg/Int32,75
1774021624.5595248,/metrics/pcl/fused/processing_ms,std_msgs/msg/Float32,135.97348022460938
1774021624.5597453,/metrics/pcl/fused/points_in,std_msgs/msg/Int32,40742
1774021624.8132353,/metrics/pcl/fused/detections_count,std_msgs/msg/Int32,69
1774021624.8133812,/metrics/pcl/fused/points_in,std_msgs/msg/Int32,40728
1774021624.8134422,/metrics/pcl/fused/processing_ms,std_msgs/msg/Float32,127.20198822021484
1774021625.079724,/metrics/pcl/fused/detections_count,std_msgs/msg/Int32,76
1774021625.0798113,/metrics/pcl/fused/points_in,std_msgs/msg/Int32,40754
1774021625.079871,/metrics/pcl/fused/processing_ms,std_msgs/msg/Float32,132.7711639404297
1774021625.349199,/metrics/pcl/fused/detections_count,std_msgs/msg/Int32,66
1774021625.3493457,/metrics/pcl/fused/points_in,std_msgs/msg/Int32,40658
1774021625.3494165,/metrics/pcl/fused/processing_ms,std_msgs/msg/Float32,137.27926635742188
1774021626.0925303,/metrics/pcl/fused/detections_count,std_msgs/msg/Int32,74
1774021626.092639,/metrics/pcl/fused/points_in,std_msgs/msg/Int32,40631
1774021626.0926979,/metrics/pcl/fused/processing_ms,std_msgs/msg/Float32,140.37081909179688
1774021626.5761852,/metrics/pcl/fused/detections_count,std_msgs/msg/Int32,72
1774021626.5763428,/metrics/pcl/fused/points_in,std_msgs/msg/Int32,40714
1774021626.5764265,/metrics/pcl/fused/processing_ms,std_msgs/msg/Float32,136.08372497558594
1774021627.34178,/metrics/pcl/fused/detections_count,std_msgs/msg/Int32,73
1774021627.3418972,/metrics/pcl/fused/points_in,std_msgs/msg/Int32,40473
1774021627.341966,/metrics/pcl/fused/processing_ms,std_msgs/msg/Float32,142.03018188476562
1774021627.5942485,/metrics/pcl/fused/detections_count,std_msgs/msg/Int32,75
1774021627.5943563,/metrics/pcl/fused/points_in,std_msgs/msg/Int32,40580
1774021627.594409,/metrics/pcl/fused/processing_ms,std_msgs/msg/Float32,133.60113525390625
1774021627.8458178,/metrics/pcl/fused/detections_count,std_msgs/msg/Int32,73
1774021627.845922,/metrics/pcl/fused/points_in,std_msgs/msg/Int32,40531
1774021627.8459811,/metrics/pcl/fused/processing_ms,std_msgs/msg/Float32,128.55731201171875
1774021628.094454,/metrics/pcl/fused/detections_count,std_msgs/msg/Int32,75
1774021628.0945613,/metrics/pcl/fused/points_in,std_msgs/msg/Int32,40608
1774021628.094631,/metrics/pcl/fused/processing_ms,std_msgs/msg/Float32,130.9700927734375
1774021628.821727,/metrics/pcl/fused/detections_count,std_msgs/msg/Int32,74
1774021628.8218203,/metrics/pcl/fused/points_in,std_msgs/msg/Int32,40626
1774021628.8218732,/metrics/pcl/fused/processing_ms,std_msgs/msg/Float32,127.49993133544922
1774021629.0593088,/metrics/pcl/fused/detections_count,std_msgs/msg/Int32,73
1774021629.0594378,/metrics/pcl/fused/points_in,std_msgs/msg/Int32,40559
1774021629.059497,/metrics/pcl/fused/processing_ms,std_msgs/msg/Float32,135.70880126953125
1774021629.5326083,/metrics/pcl/fused/detections_count,std_msgs/msg/Int32,80
1774021629.5326958,/metrics/pcl/fused/points_in,std_msgs/msg/Int32,40657
1774021629.5327475,/metrics/pcl/fused/processing_ms,std_msgs/msg/Float32,143.28829956054688
1774021630.2611675,/metrics/pcl/fused/detections_count,std_msgs/msg/Int32,75
1774021630.2613652,/metrics/pcl/fused/points_in,std_msgs/msg/Int32,40655
1774021630.261486,/metrics/pcl/fused/processing_ms,std_msgs/msg/Float32,134.8827362060547
1774021630.9966114,/metrics/pcl/fused/detections_count,std_msgs/msg/Int32,74
1774021630.99672,/metrics/pcl/fused/points_in,std_msgs/msg/Int32,40744
1774021630.9967797,/metrics/pcl/fused/processing_ms,std_msgs/msg/Float32,145.11033630371094
1774021631.2456477,/metrics/pcl/fused/detections_count,std_msgs/msg/Int32,70
1774021631.2458103,/metrics/pcl/fused/points_in,std_msgs/msg/Int32,40689
1774021631.2458968,/metrics/pcl/fused/processing_ms,std_msgs/msg/Float32,145.15866088867188
1774021631.4947586,/metrics/pcl/fused/detections_count,std_msgs/msg/Int32,70
1774021631.4948854,/metrics/pcl/fused/points_in,std_msgs/msg/Int32,40535
1774021631.4949682,/metrics/pcl/fused/processing_ms,std_msgs/msg/Float32,141.52670288085938
1774021631.7374613,/metrics/pcl/fused/detections_count,std_msgs/msg/Int32,73
1774021631.7376003,/metrics/pcl/fused/points_in,std_msgs/msg/Int32,40609
1774021631.7376714,/metrics/pcl/fused/processing_ms,std_msgs/msg/Float32,133.1534423828125
1774021632.2018898,/metrics/pcl/fused/detections_count,std_msgs/msg/Int32,75
1774021632.2019894,/metrics/pcl/fused/points_in,std_msgs/msg/Int32,39899
1774021632.2020504,/metrics/pcl/fused/processing_ms,std_msgs/msg/Float32,135.29261779785156
1774021632.6742163,/metrics/pcl/fused/detections_count,std_msgs/msg/Int32,68
1774021632.6743386,/metrics/pcl/fused/points_in,std_msgs/msg/Int32,38463
1774021632.6744342,/metrics/pcl/fused/processing_ms,std_msgs/msg/Float32,128.62091064453125
1774021632.9105752,/metrics/pcl/fused/detections_count,std_msgs/msg/Int32,73
1774021632.9106843,/metrics/pcl/fused/points_in,std_msgs/msg/Int32,38044
1774021632.9107509,/metrics/pcl/fused/processing_ms,std_msgs/msg/Float32,129.6715087890625
1774021633.3797488,/metrics/pcl/fused/detections_count,std_msgs/msg/Int32,72
1774021633.3798552,/metrics/pcl/fused/points_in,std_msgs/msg/Int32,37409
1774021633.3799257,/metrics/pcl/fused/processing_ms,std_msgs/msg/Float32,121.67799377441406
1774021633.613221,/metrics/pcl/fused/detections_count,std_msgs/msg/Int32,65
1774021633.6133504,/metrics/pcl/fused/points_in,std_msgs/msg/Int32,37565
1774021633.6134276,/metrics/pcl/fused/processing_ms,std_msgs/msg/Float32,121.39588165283203
1774021633.8507826,/metrics/pcl/fused/detections_count,std_msgs/msg/Int32,73
1774021633.8508832,/metrics/pcl/fused/points_in,std_msgs/msg/Int32,38156
1774021633.8509398,/metrics/pcl/fused/processing_ms,std_msgs/msg/Float32,124.64476776123047
1774021634.3324342,/metrics/pcl/fused/detections_count,std_msgs/msg/Int32,76
1774021634.332535,/metrics/pcl/fused/points_in,std_msgs/msg/Int32,37982
1774021634.3325977,/metrics/pcl/fused/processing_ms,std_msgs/msg/Float32,130.14132690429688
1774021634.5722077,/metrics/pcl/fused/detections_count,std_msgs/msg/Int32,71
1774021634.5723398,/metrics/pcl/fused/points_in,std_msgs/msg/Int32,36692
1774021634.572413,/metrics/pcl/fused/processing_ms,std_msgs/msg/Float32,118.01860046386719
1774021634.7937202,/metrics/pcl/fused/detections_count,std_msgs/msg/Int32,71
1774021634.7938898,/metrics/pcl/fused/points_in,std_msgs/msg/Int32,35306
1774021634.7940078,/metrics/pcl/fused/processing_ms,std_msgs/msg/Float32,107.82453918457031
1774021635.027786,/metrics/pcl/fused/detections_count,std_msgs/msg/Int32,68
1774021635.027908,/metrics/pcl/fused/points_in,std_msgs/msg/Int32,36466
1774021635.0279758,/metrics/pcl/fused/processing_ms,std_msgs/msg/Float32,114.1230239868164
1774021635.273005,/metrics/pcl/fused/detections_count,std_msgs/msg/Int32,69
1774021635.2731314,/metrics/pcl/fused/points_in,std_msgs/msg/Int32,37896
1774021635.2732062,/metrics/pcl/fused/processing_ms,std_msgs/msg/Float32,123.69810485839844
1774021635.520259,/metrics/pcl/fused/detections_count,std_msgs/msg/Int32,71
1774021635.5203788,/metrics/pcl/fused/points_in,std_msgs/msg/Int32,38722
1774021635.5204406,/metrics/pcl/fused/processing_ms,std_msgs/msg/Float32,134.77914428710938
1774021635.7488585,/metrics/pcl/fused/detections_count,std_msgs/msg/Int32,70
1774021635.7489595,/metrics/pcl/fused/points_in,std_msgs/msg/Int32,38457
1774021635.7490194,/metrics/pcl/fused/processing_ms,std_msgs/msg/Float32,120.9887924194336
1774021635.9829621,/metrics/pcl/fused/detections_count,std_msgs/msg/Int32,67
1774021635.98307,/metrics/pcl/fused/points_in,std_msgs/msg/Int32,38138
1774021635.9831607,/metrics/pcl/fused/processing_ms,std_msgs/msg/Float32,126.32687377929688
1774021637.3813384,/metrics/pcl/fused/detections_count,std_msgs/msg/Int32,72
1774021637.3814588,/metrics/pcl/fused/points_in,std_msgs/msg/Int32,37920
1774021637.3815339,/metrics/pcl/fused/processing_ms,std_msgs/msg/Float32,120.18282318115234
1774021638.0970976,/metrics/pcl/fused/detections_count,std_msgs/msg/Int32,68
1774021638.097204,/metrics/pcl/fused/points_in,std_msgs/msg/Int32,38687
1774021638.0972958,/metrics/pcl/fused/processing_ms,std_msgs/msg/Float32,125.12873840332031
1774021638.347083,/metrics/pcl/fused/detections_count,std_msgs/msg/Int32,66
1774021638.3472223,/metrics/pcl/fused/points_in,std_msgs/msg/Int32,38715
1774021638.3473482,/metrics/pcl/fused/processing_ms,std_msgs/msg/Float32,135.22042846679688
1774021638.810997,/metrics/pcl/fused/detections_count,std_msgs/msg/Int32,77
1774021638.81113,/metrics/pcl/fused/points_in,std_msgs/msg/Int32,38670
1774021638.8112216,/metrics/pcl/fused/processing_ms,std_msgs/msg/Float32,123.06751251220703
1774021640.0968106,/metrics/pcl/fused/detections_count,std_msgs/msg/Int32,71
1774021640.0969174,/metrics/pcl/fused/points_in,std_msgs/msg/Int32,38650
1774021640.0969748,/metrics/pcl/fused/processing_ms,std_msgs/msg/Float32,126.2115707397461
1774021640.3439553,/metrics/pcl/fused/detections_count,std_msgs/msg/Int32,70
1774021640.3440557,/metrics/pcl/fused/points_in,std_msgs/msg/Int32,38785
1774021640.3441064,/metrics/pcl/fused/processing_ms,std_msgs/msg/Float32,129.5585174560547
1774021642.89907,/metrics/pcl/fused/detections_count,std_msgs/msg/Int32,75
1774021642.899209,/metrics/pcl/fused/points_in,std_msgs/msg/Int32,38687
1774021642.8993459,/metrics/pcl/fused/processing_ms,std_msgs/msg/Float32,123.97514343261719
1774021643.4168956,/metrics/pcl/fused/detections_count,std_msgs/msg/Int32,70
1774021643.4169981,/metrics/pcl/fused/points_in,std_msgs/msg/Int32,38685
1774021643.41707,/metrics/pcl/fused/processing_ms,std_msgs/msg/Float32,128.05104064941406
1774021643.6562388,/metrics/pcl/fused/detections_count,std_msgs/msg/Int32,75
1774021643.65636,/metrics/pcl/fused/points_in,std_msgs/msg/Int32,38695
1774021643.6564236,/metrics/pcl/fused/processing_ms,std_msgs/msg/Float32,123.97140502929688
1774021646.1531672,/metrics/pcl/fused/detections_count,std_msgs/msg/Int32,71
1774021646.1533072,/metrics/pcl/fused/points_in,std_msgs/msg/Int32,38979
1774021646.153383,/metrics/pcl/fused/processing_ms,std_msgs/msg/Float32,128.30223083496094
1774021648.3183227,/metrics/pcl/fused/detections_count,std_msgs/msg/Int32,75
1774021648.318437,/metrics/pcl/fused/points_in,std_msgs/msg/Int32,40783
1774021648.3185084,/metrics/pcl/fused/processing_ms,std_msgs/msg/Float32,133.06600952148438
1774021648.8001387,/metrics/pcl/fused/detections_count,std_msgs/msg/Int32,77
1774021648.800241,/metrics/pcl/fused/points_in,std_msgs/msg/Int32,40647
1774021648.8003268,/metrics/pcl/fused/processing_ms,std_msgs/msg/Float32,129.94334411621094
1774021649.0469832,/metrics/pcl/fused/detections_count,std_msgs/msg/Int32,78
1774021649.047087,/metrics/pcl/fused/points_in,std_msgs/msg/Int32,40647
1774021649.0471578,/metrics/pcl/fused/processing_ms,std_msgs/msg/Float32,134.90203857421875
1774021649.952887,/metrics/pcl/fused/detections_count,std_msgs/msg/Int32,73
1774021649.9529905,/metrics/pcl/fused/points_in,std_msgs/msg/Int32,40602
1774021649.9530528,/metrics/pcl/fused/processing_ms,std_msgs/msg/Float32,134.55113220214844
1774021650.1812198,/metrics/pcl/fused/detections_count,std_msgs/msg/Int32,82
1774021650.1813483,/metrics/pcl/fused/points_in,std_msgs/msg/Int32,40544
1774021650.1814148,/metrics/pcl/fused/processing_ms,std_msgs/msg/Float32,135.4972686767578
1774021650.6378255,/metrics/pcl/fused/detections_count,std_msgs/msg/Int32,74
1774021650.6379356,/metrics/pcl/fused/points_in,std_msgs/msg/Int32,40633
1774021650.6380115,/metrics/pcl/fused/processing_ms,std_msgs/msg/Float32,133.29843139648438
1774021650.8679256,/metrics/pcl/fused/detections_count,std_msgs/msg/Int32,77
1774021650.8680308,/metrics/pcl/fused/points_in,std_msgs/msg/Int32,40373
1774021650.8680966,/metrics/pcl/fused/processing_ms,std_msgs/msg/Float32,134.3826141357422
1774021651.1049798,/metrics/pcl/fused/detections_count,std_msgs/msg/Int32,74
1774021651.1050894,/metrics/pcl/fused/points_in,std_msgs/msg/Int32,40274
1774021651.1051598,/metrics/pcl/fused/processing_ms,std_msgs/msg/Float32,140.17901611328125
1774021651.599759,/metrics/pcl/fused/detections_count,std_msgs/msg/Int32,74
1774021651.599888,/metrics/pcl/fused/points_in,std_msgs/msg/Int32,40336
1774021651.5999708,/metrics/pcl/fused/processing_ms,std_msgs/msg/Float32,142.5977783203125
1774021651.826202,/metrics/pcl/fused/detections_count,std_msgs/msg/Int32,72
1774021651.826359,/metrics/pcl/fused/points_in,std_msgs/msg/Int32,40319
1774021651.8264303,/metrics/pcl/fused/processing_ms,std_msgs/msg/Float32,126.89972686767578
1774021652.0656579,/metrics/pcl/fused/detections_count,std_msgs/msg/Int32,72
1774021652.0657835,/metrics/pcl/fused/points_in,std_msgs/msg/Int32,40077
1774021652.0658484,/metrics/pcl/fused/processing_ms,std_msgs/msg/Float32,135.86666870117188
1774021652.3036351,/metrics/pcl/fused/detections_count,std_msgs/msg/Int32,73
1774021652.3037405,/metrics/pcl/fused/points_in,std_msgs/msg/Int32,39482
1774021652.3037984,/metrics/pcl/fused/processing_ms,std_msgs/msg/Float32,134.6509246826172
1774021652.5338576,/metrics/pcl/fused/detections_count,std_msgs/msg/Int32,69
1774021652.5339699,/metrics/pcl/fused/points_in,std_msgs/msg/Int32,38607
1774021652.5340364,/metrics/pcl/fused/processing_ms,std_msgs/msg/Float32,125.64774322509766
1774021652.7581415,/metrics/pcl/fused/detections_count,std_msgs/msg/Int32,73
1774021652.7582633,/metrics/pcl/fused/points_in,std_msgs/msg/Int32,38635
1774021652.7583447,/metrics/pcl/fused/processing_ms,std_msgs/msg/Float32,120.45588684082031
1774021653.4464564,/metrics/pcl/fused/detections_count,std_msgs/msg/Int32,74
1774021653.446558,/metrics/pcl/fused/points_in,std_msgs/msg/Int32,38653
1774021653.446639,/metrics/pcl/fused/processing_ms,std_msgs/msg/Float32,126.0522232055664
1774021653.6751132,/metrics/pcl/fused/detections_count,std_msgs/msg/Int32,73
1774021653.6752138,/metrics/pcl/fused/points_in,std_msgs/msg/Int32,38804
1774021653.6752915,/metrics/pcl/fused/processing_ms,std_msgs/msg/Float32,120.51483154296875
1774021653.9107027,/metrics/pcl/fused/detections_count,std_msgs/msg/Int32,67
1774021653.910808,/metrics/pcl/fused/points_in,std_msgs/msg/Int32,39152
1774021653.910869,/metrics/pcl/fused/processing_ms,std_msgs/msg/Float32,123.7962875366211
1774021654.1533794,/metrics/pcl/fused/detections_count,std_msgs/msg/Int32,72
1774021654.1535025,/metrics/pcl/fused/points_in,std_msgs/msg/Int32,39449
1774021654.1535854,/metrics/pcl/fused/processing_ms,std_msgs/msg/Float32,131.86000061035156
1774021654.4017606,/metrics/pcl/fused/detections_count,std_msgs/msg/Int32,69
1774021654.4018514,/metrics/pcl/fused/points_in,std_msgs/msg/Int32,39713
1774021654.4019136,/metrics/pcl/fused/processing_ms,std_msgs/msg/Float32,138.4457550048828
1774021654.6459863,/metrics/pcl/fused/detections_count,std_msgs/msg/Int32,76
1774021654.6461077,/metrics/pcl/fused/processing_ms,std_msgs/msg/Float32,139.87088012695312
1774021654.6463785,/metrics/pcl/fused/points_in,std_msgs/msg/Int32,39829
1774021654.8753338,/metrics/pcl/fused/detections_count,std_msgs/msg/Int32,79
1774021654.8754437,/metrics/pcl/fused/points_in,std_msgs/msg/Int32,39913
1774021654.8755062,/metrics/pcl/fused/processing_ms,std_msgs/msg/Float32,132.11614990234375
1774021655.1103504,/metrics/pcl/fused/detections_count,std_msgs/msg/Int32,73
1774021655.1104553,/metrics/pcl/fused/points_in,std_msgs/msg/Int32,40117
1774021655.1105084,/metrics/pcl/fused/processing_ms,std_msgs/msg/Float32,133.63133239746094
1774021655.3460588,/metrics/pcl/fused/detections_count,std_msgs/msg/Int32,68
1774021655.3461592,/metrics/pcl/fused/points_in,std_msgs/msg/Int32,40085
1774021655.34621,/metrics/pcl/fused/processing_ms,std_msgs/msg/Float32,130.3397674560547
1774021655.5833986,/metrics/pcl/fused/detections_count,std_msgs/msg/Int32,72
1774021655.5835176,/metrics/pcl/fused/points_in,std_msgs/msg/Int32,39979
1774021655.5835786,/metrics/pcl/fused/processing_ms,std_msgs/msg/Float32,131.17327880859375
1774021656.0506265,/metrics/pcl/fused/detections_count,std_msgs/msg/Int32,72
1774021656.0507343,/metrics/pcl/fused/points_in,std_msgs/msg/Int32,39926
1774021656.0507956,/metrics/pcl/fused/processing_ms,std_msgs/msg/Float32,135.29112243652344
1774021656.5204852,/metrics/pcl/fused/detections_count,std_msgs/msg/Int32,78
1774021656.5205963,/metrics/pcl/fused/points_in,std_msgs/msg/Int32,39992
1774021656.5206592,/metrics/pcl/fused/processing_ms,std_msgs/msg/Float32,132.3420867919922
1774021656.9920673,/metrics/pcl/fused/detections_count,std_msgs/msg/Int32,77
1774021656.9921954,/metrics/pcl/fused/points_in,std_msgs/msg/Int32,40013
1774021656.9922702,/metrics/pcl/fused/processing_ms,std_msgs/msg/Float32,133.599853515625
1774021657.2286766,/metrics/pcl/fused/detections_count,std_msgs/msg/Int32,72
1774021657.2287743,/metrics/pcl/fused/points_in,std_msgs/msg/Int32,40022
1774021657.2288258,/metrics/pcl/fused/processing_ms,std_msgs/msg/Float32,130.3665008544922
1774021657.5040314,/metrics/pcl/fused/detections_count,std_msgs/msg/Int32,73
1774021657.5041838,/metrics/pcl/fused/points_in,std_msgs/msg/Int32,40055
1774021657.5042825,/metrics/pcl/fused/processing_ms,std_msgs/msg/Float32,141.3249969482422
1774021657.7457643,/metrics/pcl/fused/detections_count,std_msgs/msg/Int32,77
1774021657.7458706,/metrics/pcl/fused/points_in,std_msgs/msg/Int32,39655
1774021657.7459319,/metrics/pcl/fused/processing_ms,std_msgs/msg/Float32,128.23045349121094
1774021657.9849813,/metrics/pcl/fused/detections_count,std_msgs/msg/Int32,81
1774021657.9851081,/metrics/pcl/fused/points_in,std_msgs/msg/Int32,39414
1774021657.985187,/metrics/pcl/fused/processing_ms,std_msgs/msg/Float32,130.37820434570312
1774021658.2237785,/metrics/pcl/fused/detections_count,std_msgs/msg/Int32,75
1774021658.2239094,/metrics/pcl/fused/points_in,std_msgs/msg/Int32,39488
1774021658.2239954,/metrics/pcl/fused/processing_ms,std_msgs/msg/Float32,127.40939331054688
1774021658.467334,/metrics/pcl/fused/detections_count,std_msgs/msg/Int32,74
1774021658.4674354,/metrics/pcl/fused/points_in,std_msgs/msg/Int32,39545
1774021658.4674945,/metrics/pcl/fused/processing_ms,std_msgs/msg/Float32,130.39918518066406
1774021658.9435654,/metrics/pcl/fused/detections_count,std_msgs/msg/Int32,73
1774021658.94366,/metrics/pcl/fused/points_in,std_msgs/msg/Int32,39754
1774021658.9437103,/metrics/pcl/fused/processing_ms,std_msgs/msg/Float32,129.00997924804688
1774021659.1834426,/metrics/pcl/fused/detections_count,std_msgs/msg/Int32,69
1774021659.1835508,/metrics/pcl/fused/points_in,std_msgs/msg/Int32,39796
1774021659.1836205,/metrics/pcl/fused/processing_ms,std_msgs/msg/Float32,127.2317123413086
1774021659.4291224,/metrics/pcl/fused/detections_count,std_msgs/msg/Int32,78
1774021659.429236,/metrics/pcl/fused/points_in,std_msgs/msg/Int32,39667
1774021659.4293354,/metrics/pcl/fused/processing_ms,std_msgs/msg/Float32,130.87107849121094
1774021659.6723495,/metrics/pcl/fused/detections_count,std_msgs/msg/Int32,78
1774021659.6724513,/metrics/pcl/fused/points_in,std_msgs/msg/Int32,39632
1774021659.6725118,/metrics/pcl/fused/processing_ms,std_msgs/msg/Float32,127.23966217041016
1774021660.1410666,/metrics/pcl/fused/detections_count,std_msgs/msg/Int32,76
1774021660.1411653,/metrics/pcl/fused/points_in,std_msgs/msg/Int32,39695
1774021660.1412175,/metrics/pcl/fused/processing_ms,std_msgs/msg/Float32,128.11676025390625
1774021660.3821528,/metrics/pcl/fused/detections_count,std_msgs/msg/Int32,71
1774021660.3822618,/metrics/pcl/fused/points_in,std_msgs/msg/Int32,39745
1774021660.3824434,/metrics/pcl/fused/processing_ms,std_msgs/msg/Float32,130.16226196289062
1774021660.6218522,/metrics/pcl/fused/detections_count,std_msgs/msg/Int32,75
1774021660.6219606,/metrics/pcl/fused/points_in,std_msgs/msg/Int32,39666
1774021660.6220324,/metrics/pcl/fused/processing_ms,std_msgs/msg/Float32,128.6984100341797
1774021661.0893898,/metrics/pcl/fused/detections_count,std_msgs/msg/Int32,83
1774021661.089503,/metrics/pcl/fused/points_in,std_msgs/msg/Int32,39500
1774021661.0895677,/metrics/pcl/fused/processing_ms,std_msgs/msg/Float32,128.19667053222656
1774021661.3331091,/metrics/pcl/fused/detections_count,std_msgs/msg/Int32,76
1774021661.3332229,/metrics/pcl/fused/points_in,std_msgs/msg/Int32,39763
1774021661.333297,/metrics/pcl/fused/processing_ms,std_msgs/msg/Float32,130.83221435546875
1774021661.5736575,/metrics/pcl/fused/detections_count,std_msgs/msg/Int32,78
1774021661.5737805,/metrics/pcl/fused/points_in,std_msgs/msg/Int32,39949
1774021661.5738542,/metrics/pcl/fused/processing_ms,std_msgs/msg/Float32,130.3282012939453
1774021661.8047438,/metrics/pcl/fused/detections_count,std_msgs/msg/Int32,73
1774021661.8048468,/metrics/pcl/fused/points_in,std_msgs/msg/Int32,40011
1774021661.8049061,/metrics/pcl/fused/processing_ms,std_msgs/msg/Float32,126.25422668457031
1774021662.0453107,/metrics/pcl/fused/detections_count,std_msgs/msg/Int32,72
1774021662.045445,/metrics/pcl/fused/points_in,std_msgs/msg/Int32,40009
1774021662.0455155,/metrics/pcl/fused/processing_ms,std_msgs/msg/Float32,128.78115844726562
1774021662.2924826,/metrics/pcl/fused/detections_count,std_msgs/msg/Int32,70
1774021662.2925906,/metrics/pcl/fused/points_in,std_msgs/msg/Int32,40026
1774021662.2926524,/metrics/pcl/fused/processing_ms,std_msgs/msg/Float32,133.53395080566406
1774021662.5328205,/metrics/pcl/fused/detections_count,std_msgs/msg/Int32,77
1774021662.5329554,/metrics/pcl/fused/points_in,std_msgs/msg/Int32,40007
1774021662.533024,/metrics/pcl/fused/processing_ms,std_msgs/msg/Float32,131.7047119140625
1774021662.7667227,/metrics/pcl/fused/detections_count,std_msgs/msg/Int32,75
1774021662.7668478,/metrics/pcl/fused/points_in,std_msgs/msg/Int32,40005
1774021662.7669106,/metrics/pcl/fused/processing_ms,std_msgs/msg/Float32,126.25557708740234
1774021663.0055728,/metrics/pcl/fused/detections_count,std_msgs/msg/Int32,75
1774021663.0056703,/metrics/pcl/fused/points_in,std_msgs/msg/Int32,39917
1774021663.0057266,/metrics/pcl/fused/processing_ms,std_msgs/msg/Float32,129.93569946289062
1774021663.2473536,/metrics/pcl/fused/detections_count,std_msgs/msg/Int32,76
1774021663.247466,/metrics/pcl/fused/points_in,std_msgs/msg/Int32,39905
1774021663.2475507,/metrics/pcl/fused/processing_ms,std_msgs/msg/Float32,129.71353149414062
1774021663.4885106,/metrics/pcl/fused/detections_count,std_msgs/msg/Int32,77
1774021663.488604,/metrics/pcl/fused/points_in,std_msgs/msg/Int32,39817
1774021663.4886534,/metrics/pcl/fused/processing_ms,std_msgs/msg/Float32,128.99996948242188
1774021663.7270522,/metrics/pcl/fused/detections_count,std_msgs/msg/Int32,76
1774021663.7271564,/metrics/pcl/fused/points_in,std_msgs/msg/Int32,40015
1774021663.7272148,/metrics/pcl/fused/processing_ms,std_msgs/msg/Float32,127.29438781738281
1774021663.964863,/metrics/pcl/fused/detections_count,std_msgs/msg/Int32,74
1774021663.964973,/metrics/pcl/fused/points_in,std_msgs/msg/Int32,40090
1774021663.965038,/metrics/pcl/fused/processing_ms,std_msgs/msg/Float32,131.68934631347656
1774021664.4452014,/metrics/pcl/fused/detections_count,std_msgs/msg/Int32,77
1774021664.4454007,/metrics/pcl/fused/points_in,std_msgs/msg/Int32,40052
1774021664.4454925,/metrics/pcl/fused/processing_ms,std_msgs/msg/Float32,130.85047912597656
1774021664.684657,/metrics/pcl/fused/detections_count,std_msgs/msg/Int32,74
1774021664.6848297,/metrics/pcl/fused/points_in,std_msgs/msg/Int32,39989
1774021664.6849177,/metrics/pcl/fused/processing_ms,std_msgs/msg/Float32,127.63153839111328
1774021664.9215934,/metrics/pcl/fused/detections_count,std_msgs/msg/Int32,72
1774021664.9217849,/metrics/pcl/fused/points_in,std_msgs/msg/Int32,39975
1774021664.9218721,/metrics/pcl/fused/processing_ms,std_msgs/msg/Float32,129.08413696289062
1774021665.4023595,/metrics/pcl/fused/detections_count,std_msgs/msg/Int32,77
1774021665.4024744,/metrics/pcl/fused/points_in,std_msgs/msg/Int32,40061
1774021665.402533,/metrics/pcl/fused/processing_ms,std_msgs/msg/Float32,131.67526245117188
1774021665.637907,/metrics/pcl/fused/detections_count,std_msgs/msg/Int32,82
1774021665.6380124,/metrics/pcl/fused/points_in,std_msgs/msg/Int32,40069
1774021665.6380737,/metrics/pcl/fused/processing_ms,std_msgs/msg/Float32,129.4571075439453
1774021666.109184,/metrics/pcl/fused/detections_count,std_msgs/msg/Int32,73
1774021666.1093435,/metrics/pcl/fused/points_in,std_msgs/msg/Int32,39994
1774021666.1094382,/metrics/pcl/fused/processing_ms,std_msgs/msg/Float32,129.8198699951172
1774021666.3488162,/metrics/pcl/fused/detections_count,std_msgs/msg/Int32,73
1774021666.3489106,/metrics/pcl/fused/points_in,std_msgs/msg/Int32,39956
1774021666.348965,/metrics/pcl/fused/processing_ms,std_msgs/msg/Float32,129.45652770996094
1774021666.5891712,/metrics/pcl/fused/detections_count,std_msgs/msg/Int32,74
1774021666.5892704,/metrics/pcl/fused/points_in,std_msgs/msg/Int32,39833
1774021666.5893414,/metrics/pcl/fused/processing_ms,std_msgs/msg/Float32,130.70797729492188
1774021667.0607858,/metrics/pcl/fused/detections_count,std_msgs/msg/Int32,74
1774021667.0609226,/metrics/pcl/fused/points_in,std_msgs/msg/Int32,39443
1774021667.0610566,/metrics/pcl/fused/processing_ms,std_msgs/msg/Float32,130.0125732421875
1774021667.297897,/metrics/pcl/fused/detections_count,std_msgs/msg/Int32,77
1774021667.2980034,/metrics/pcl/fused/points_in,std_msgs/msg/Int32,39345
1774021667.2980566,/metrics/pcl/fused/processing_ms,std_msgs/msg/Float32,128.38485717773438
1774021668.0132709,/metrics/pcl/fused/detections_count,std_msgs/msg/Int32,75
1774021668.0134168,/metrics/pcl/fused/points_in,std_msgs/msg/Int32,39440
1774021668.013486,/metrics/pcl/fused/processing_ms,std_msgs/msg/Float32,127.22002410888672
1774021668.4974265,/metrics/pcl/fused/detections_count,std_msgs/msg/Int32,71
1774021668.497586,/metrics/pcl/fused/points_in,std_msgs/msg/Int32,39497
1774021668.497651,/metrics/pcl/fused/processing_ms,std_msgs/msg/Float32,131.1140899658203
1774021669.1947064,/metrics/pcl/fused/detections_count,std_msgs/msg/Int32,74
1774021669.1948097,/metrics/pcl/fused/points_in,std_msgs/msg/Int32,39426
1774021669.1948807,/metrics/pcl/fused/processing_ms,std_msgs/msg/Float32,131.66761779785156
1774021669.4246562,/metrics/pcl/fused/detections_count,std_msgs/msg/Int32,76
1774021669.4247615,/metrics/pcl/fused/points_in,std_msgs/msg/Int32,39515
1774021669.424823,/metrics/pcl/fused/processing_ms,std_msgs/msg/Float32,130.42279052734375
1774021670.103219,/metrics/pcl/fused/detections_count,std_msgs/msg/Int32,74
1774021670.10338,/metrics/pcl/fused/points_in,std_msgs/msg/Int32,39501
1774021670.1034544,/metrics/pcl/fused/processing_ms,std_msgs/msg/Float32,131.3885040283203
1774021670.5770538,/metrics/pcl/fused/detections_count,std_msgs/msg/Int32,78
1774021670.5771613,/metrics/pcl/fused/points_in,std_msgs/msg/Int32,39494
1774021670.5772252,/metrics/pcl/fused/processing_ms,std_msgs/msg/Float32,132.49728393554688
1774021670.8084366,/metrics/pcl/fused/detections_count,std_msgs/msg/Int32,71
1774021670.8085382,/metrics/pcl/fused/points_in,std_msgs/msg/Int32,39564
1774021670.8086097,/metrics/pcl/fused/processing_ms,std_msgs/msg/Float32,126.39671325683594
1774021671.0519307,/metrics/pcl/fused/detections_count,std_msgs/msg/Int32,80
1774021671.0520885,/metrics/pcl/fused/points_in,std_msgs/msg/Int32,39488
1774021671.0522254,/metrics/pcl/fused/processing_ms,std_msgs/msg/Float32,132.87893676757812
1774021671.2936947,/metrics/pcl/fused/detections_count,std_msgs/msg/Int32,71
1774021671.293824,/metrics/pcl/fused/points_in,std_msgs/msg/Int32,39493
1774021671.293894,/metrics/pcl/fused/processing_ms,std_msgs/msg/Float32,131.731201171875
1774021671.526366,/metrics/pcl/fused/detections_count,std_msgs/msg/Int32,76
1774021671.5265288,/metrics/pcl/fused/points_in,std_msgs/msg/Int32,39563
1774021671.5266402,/metrics/pcl/fused/processing_ms,std_msgs/msg/Float32,131.4048309326172
1774021671.7555707,/metrics/pcl/fused/detections_count,std_msgs/msg/Int32,74
1774021671.7556837,/metrics/pcl/fused/points_in,std_msgs/msg/Int32,39534
1774021671.7557564,/metrics/pcl/fused/processing_ms,std_msgs/msg/Float32,127.8811264038086
1774021671.9976795,/metrics/pcl/fused/detections_count,std_msgs/msg/Int32,71
1774021671.9977944,/metrics/pcl/fused/points_in,std_msgs/msg/Int32,39511
1774021671.9978697,/metrics/pcl/fused/processing_ms,std_msgs/msg/Float32,129.779296875
1774021672.4650314,/metrics/pcl/fused/detections_count,std_msgs/msg/Int32,74
1774021672.4651613,/metrics/pcl/fused/points_in,std_msgs/msg/Int32,39572
1774021672.4652271,/metrics/pcl/fused/processing_ms,std_msgs/msg/Float32,132.43502807617188
1774021672.6900523,/metrics/pcl/fused/detections_count,std_msgs/msg/Int32,70
1774021672.6901543,/metrics/pcl/fused/points_in,std_msgs/msg/Int32,39783
1774021672.6902258,/metrics/pcl/fused/processing_ms,std_msgs/msg/Float32,126.26094055175781
1774021672.9304445,/metrics/pcl/fused/detections_count,std_msgs/msg/Int32,70
1774021672.9305663,/metrics/pcl/fused/points_in,std_msgs/msg/Int32,39776
1774021672.9306297,/metrics/pcl/fused/processing_ms,std_msgs/msg/Float32,132.36715698242188
1774021673.1746857,/metrics/pcl/fused/detections_count,std_msgs/msg/Int32,76
1774021673.1747797,/metrics/pcl/fused/points_in,std_msgs/msg/Int32,39797
1774021673.1748314,/metrics/pcl/fused/processing_ms,std_msgs/msg/Float32,131.92086791992188
1774021673.683635,/metrics/pcl/fused/detections_count,std_msgs/msg/Int32,77
1774021673.683739,/metrics/pcl/fused/points_in,std_msgs/msg/Int32,39887
1774021673.683799,/metrics/pcl/fused/processing_ms,std_msgs/msg/Float32,128.46461486816406
1774021673.9383845,/metrics/pcl/fused/detections_count,std_msgs/msg/Int32,71
1774021673.9384906,/metrics/pcl/fused/points_in,std_msgs/msg/Int32,40057
1774021673.938552,/metrics/pcl/fused/processing_ms,std_msgs/msg/Float32,130.49517822265625
1774021674.1924436,/metrics/pcl/fused/detections_count,std_msgs/msg/Int32,78
1774021674.1925516,/metrics/pcl/fused/points_in,std_msgs/msg/Int32,39877
1774021674.1926372,/metrics/pcl/fused/processing_ms,std_msgs/msg/Float32,131.39366149902344
1774021674.4474816,/metrics/pcl/fused/detections_count,std_msgs/msg/Int32,80
1774021674.4475892,/metrics/pcl/fused/points_in,std_msgs/msg/Int32,39811
1774021674.4476535,/metrics/pcl/fused/processing_ms,std_msgs/msg/Float32,131.68162536621094
1774021674.6951892,/metrics/pcl/fused/detections_count,std_msgs/msg/Int32,74
1774021674.6953032,/metrics/pcl/fused/points_in,std_msgs/msg/Int32,39775
1774021674.6953738,/metrics/pcl/fused/processing_ms,std_msgs/msg/Float32,131.16175842285156
1774021674.939267,/metrics/pcl/fused/detections_count,std_msgs/msg/Int32,78
1774021674.9394016,/metrics/pcl/fused/points_in,std_msgs/msg/Int32,39869
1774021674.939464,/metrics/pcl/fused/processing_ms,std_msgs/msg/Float32,139.51919555664062
1774021675.1737843,/metrics/pcl/fused/detections_count,std_msgs/msg/Int32,80
1774021675.173923,/metrics/pcl/fused/points_in,std_msgs/msg/Int32,39777
1774021675.1739862,/metrics/pcl/fused/processing_ms,std_msgs/msg/Float32,136.62240600585938
1774021675.4192514,/metrics/pcl/fused/detections_count,std_msgs/msg/Int32,77
1774021675.419379,/metrics/pcl/fused/points_in,std_msgs/msg/Int32,39811
1774021675.4194353,/metrics/pcl/fused/processing_ms,std_msgs/msg/Float32,143.30189514160156
1774021675.882114,/metrics/pcl/fused/detections_count,std_msgs/msg/Int32,72
1774021675.8822591,/metrics/pcl/fused/points_in,std_msgs/msg/Int32,39835
1774021675.88241,/metrics/pcl/fused/processing_ms,std_msgs/msg/Float32,129.84727478027344
1774021676.1227286,/metrics/pcl/fused/detections_count,std_msgs/msg/Int32,74
1774021676.1228335,/metrics/pcl/fused/points_in,std_msgs/msg/Int32,39765
1774021676.1229017,/metrics/pcl/fused/processing_ms,std_msgs/msg/Float32,132.838134765625
1774021676.3638504,/metrics/pcl/fused/detections_count,std_msgs/msg/Int32,75
1774021676.3639927,/metrics/pcl/fused/points_in,std_msgs/msg/Int32,39825
1774021676.3640711,/metrics/pcl/fused/processing_ms,std_msgs/msg/Float32,132.48719787597656
1774021676.6051917,/metrics/pcl/fused/detections_count,std_msgs/msg/Int32,77
1774021676.6053503,/metrics/pcl/fused/points_in,std_msgs/msg/Int32,39792
1774021676.605441,/metrics/pcl/fused/processing_ms,std_msgs/msg/Float32,131.5149688720703
1774021676.8384855,/metrics/pcl/fused/detections_count,std_msgs/msg/Int32,75
1774021676.8386066,/metrics/pcl/fused/points_in,std_msgs/msg/Int32,39691
1774021676.8386827,/metrics/pcl/fused/processing_ms,std_msgs/msg/Float32,128.41085815429688
1774021677.5605602,/metrics/pcl/fused/detections_count,std_msgs/msg/Int32,74
1774021677.5606892,/metrics/pcl/fused/points_in,std_msgs/msg/Int32,39856
1774021677.5607693,/metrics/pcl/fused/processing_ms,std_msgs/msg/Float32,131.23648071289062
1774021677.7952373,/metrics/pcl/fused/detections_count,std_msgs/msg/Int32,79
1774021677.7953439,/metrics/pcl/fused/points_in,std_msgs/msg/Int32,39876
1774021677.7954018,/metrics/pcl/fused/processing_ms,std_msgs/msg/Float32,128.27720642089844
1774021678.036936,/metrics/pcl/fused/detections_count,std_msgs/msg/Int32,73
1774021678.037035,/metrics/pcl/fused/points_in,std_msgs/msg/Int32,39785
1774021678.037093,/metrics/pcl/fused/processing_ms,std_msgs/msg/Float32,131.61517333984375
1774021678.2884412,/metrics/pcl/fused/detections_count,std_msgs/msg/Int32,76
1774021678.2885718,/metrics/pcl/fused/points_in,std_msgs/msg/Int32,39752
1774021678.288658,/metrics/pcl/fused/processing_ms,std_msgs/msg/Float32,137.17169189453125
1774021678.5467734,/metrics/pcl/fused/detections_count,std_msgs/msg/Int32,77
1774021678.5469012,/metrics/pcl/fused/points_in,std_msgs/msg/Int32,39806
1774021678.546998,/metrics/pcl/fused/processing_ms,std_msgs/msg/Float32,139.70199584960938
1774021679.987983,/metrics/pcl/fused/detections_count,std_msgs/msg/Int32,74
1774021679.9881065,/metrics/pcl/fused/points_in,std_msgs/msg/Int32,39717
1774021679.988194,/metrics/pcl/fused/processing_ms,std_msgs/msg/Float32,132.20277404785156
1774021680.2434773,/metrics/pcl/fused/detections_count,std_msgs/msg/Int32,73
1774021680.243605,/metrics/pcl/fused/points_in,std_msgs/msg/Int32,39837
1774021680.2436745,/metrics/pcl/fused/processing_ms,std_msgs/msg/Float32,143.1912841796875
1774021680.729604,/metrics/pcl/fused/detections_count,std_msgs/msg/Int32,78
1774021680.7297232,/metrics/pcl/fused/points_in,std_msgs/msg/Int32,39834
1774021680.7298098,/metrics/pcl/fused/processing_ms,std_msgs/msg/Float32,139.3720245361328
1774021681.4440033,/metrics/pcl/fused/detections_count,std_msgs/msg/Int32,78
1774021681.4441137,/metrics/pcl/fused/points_in,std_msgs/msg/Int32,39700
1774021681.4441795,/metrics/pcl/fused/processing_ms,std_msgs/msg/Float32,133.3047332763672
1774021681.9605627,/metrics/pcl/fused/detections_count,std_msgs/msg/Int32,81
1774021681.9606552,/metrics/pcl/fused/points_in,std_msgs/msg/Int32,39726
1774021681.9607053,/metrics/pcl/fused/processing_ms,std_msgs/msg/Float32,132.1016387939453
1774021682.2250547,/metrics/pcl/fused/detections_count,std_msgs/msg/Int32,78
1774021682.2251823,/metrics/pcl/fused/points_in,std_msgs/msg/Int32,39724
1774021682.2252634,/metrics/pcl/fused/processing_ms,std_msgs/msg/Float32,140.78414916992188
1774021682.4851758,/metrics/pcl/fused/detections_count,std_msgs/msg/Int32,72
1774021682.4853902,/metrics/pcl/fused/points_in,std_msgs/msg/Int32,39628
1774021682.485526,/metrics/pcl/fused/processing_ms,std_msgs/msg/Float32,138.44833374023438
1774021682.7691467,/metrics/pcl/fused/detections_count,std_msgs/msg/Int32,77
1774021682.7692528,/metrics/pcl/fused/points_in,std_msgs/msg/Int32,39731
1774021682.769338,/metrics/pcl/fused/processing_ms,std_msgs/msg/Float32,138.7626190185547
1774021684.0266216,/metrics/pcl/fused/detections_count,std_msgs/msg/Int32,70
1774021684.0267448,/metrics/pcl/fused/points_in,std_msgs/msg/Int32,37842
1774021684.026828,/metrics/pcl/fused/processing_ms,std_msgs/msg/Float32,124.3003921508789
1774021684.2665875,/metrics/pcl/fused/detections_count,std_msgs/msg/Int32,71
1774021684.2666907,/metrics/pcl/fused/points_in,std_msgs/msg/Int32,38380
1774021684.266741,/metrics/pcl/fused/processing_ms,std_msgs/msg/Float32,122.50308990478516
1774021684.5110896,/metrics/pcl/fused/detections_count,std_msgs/msg/Int32,73
1774021684.5112104,/metrics/pcl/fused/points_in,std_msgs/msg/Int32,38615
1774021684.5112963,/metrics/pcl/fused/processing_ms,std_msgs/msg/Float32,126.58019256591797
1774021684.742893,/metrics/pcl/fused/detections_count,std_msgs/msg/Int32,75
1774021684.742994,/metrics/pcl/fused/points_in,std_msgs/msg/Int32,38605
1774021684.7430532,/metrics/pcl/fused/processing_ms,std_msgs/msg/Float32,118.9418716430664
1774021685.2139523,/metrics/pcl/fused/detections_count,std_msgs/msg/Int32,69
1774021685.2140675,/metrics/pcl/fused/points_in,std_msgs/msg/Int32,37761
1774021685.2141373,/metrics/pcl/fused/processing_ms,std_msgs/msg/Float32,118.53441619873047
1774021685.4566238,/metrics/pcl/fused/detections_count,std_msgs/msg/Int32,70
1774021685.4567392,/metrics/pcl/fused/points_in,std_msgs/msg/Int32,37903
1774021685.4568071,/metrics/pcl/fused/processing_ms,std_msgs/msg/Float32,119.57706451416016
1774021685.6934605,/metrics/pcl/fused/detections_count,std_msgs/msg/Int32,73
1774021685.6935818,/metrics/pcl/fused/points_in,std_msgs/msg/Int32,38071
1774021685.6936543,/metrics/pcl/fused/processing_ms,std_msgs/msg/Float32,121.54193115234375
1774021685.9276316,/metrics/pcl/fused/detections_count,std_msgs/msg/Int32,73
1774021685.9277232,/metrics/pcl/fused/points_in,std_msgs/msg/Int32,38053
1774021685.9277844,/metrics/pcl/fused/processing_ms,std_msgs/msg/Float32,120.71432495117188
1774021686.4040601,/metrics/pcl/fused/detections_count,std_msgs/msg/Int32,74
1774021686.4041975,/metrics/pcl/fused/points_in,std_msgs/msg/Int32,38597
1774021686.4042542,/metrics/pcl/fused/processing_ms,std_msgs/msg/Float32,123.60236358642578
1774021686.653142,/metrics/pcl/fused/detections_count,std_msgs/msg/Int32,73
1774021686.6532466,/metrics/pcl/fused/points_in,std_msgs/msg/Int32,39416
1774021686.6533244,/metrics/pcl/fused/processing_ms,std_msgs/msg/Float32,129.25257873535156
1774021687.6046205,/metrics/pcl/fused/detections_count,std_msgs/msg/Int32,69
1774021687.6047401,/metrics/pcl/fused/points_in,std_msgs/msg/Int32,39019
1774021687.6048126,/metrics/pcl/fused/processing_ms,std_msgs/msg/Float32,124.73556518554688
1774021689.0620847,/metrics/pcl/fused/detections_count,std_msgs/msg/Int32,69
1774021689.0622094,/metrics/pcl/fused/points_in,std_msgs/msg/Int32,38851
1774021689.0622969,/metrics/pcl/fused/processing_ms,std_msgs/msg/Float32,125.68589782714844
1774021689.3184936,/metrics/pcl/fused/detections_count,std_msgs/msg/Int32,72
1774021689.3185992,/metrics/pcl/fused/points_in,std_msgs/msg/Int32,39173
1774021689.3186603,/metrics/pcl/fused/processing_ms,std_msgs/msg/Float32,128.42617797851562
1774021689.7896414,/metrics/pcl/fused/detections_count,std_msgs/msg/Int32,78
1774021689.7897408,/metrics/pcl/fused/points_in,std_msgs/msg/Int32,39643
1774021689.7897992,/metrics/pcl/fused/processing_ms,std_msgs/msg/Float32,125.73558044433594
1774021690.0309167,/metrics/pcl/fused/detections_count,std_msgs/msg/Int32,77
1774021690.031026,/metrics/pcl/fused/points_in,std_msgs/msg/Int32,39710
1774021690.0310874,/metrics/pcl/fused/processing_ms,std_msgs/msg/Float32,130.71694946289062
1774021690.2684786,/metrics/pcl/fused/detections_count,std_msgs/msg/Int32,72
1774021690.2685814,/metrics/pcl/fused/points_in,std_msgs/msg/Int32,39616
1774021690.268638,/metrics/pcl/fused/processing_ms,std_msgs/msg/Float32,135.1468505859375
1774021690.5193646,/metrics/pcl/fused/detections_count,std_msgs/msg/Int32,76
1774021690.5194685,/metrics/pcl/fused/points_in,std_msgs/msg/Int32,39544
1774021690.5195284,/metrics/pcl/fused/processing_ms,std_msgs/msg/Float32,139.00656127929688
1774021690.7735195,/metrics/pcl/fused/detections_count,std_msgs/msg/Int32,77
1774021690.7736192,/metrics/pcl/fused/points_in,std_msgs/msg/Int32,39768
1774021690.773672,/metrics/pcl/fused/processing_ms,std_msgs/msg/Float32,141.50643920898438
1774021691.5410514,/metrics/pcl/fused/detections_count,std_msgs/msg/Int32,76
1774021691.541161,/metrics/pcl/fused/points_in,std_msgs/msg/Int32,39579
1774021691.541229,/metrics/pcl/fused/processing_ms,std_msgs/msg/Float32,137.09432983398438
1774021692.0366833,/metrics/pcl/fused/detections_count,std_msgs/msg/Int32,70
1774021692.0367894,/metrics/pcl/fused/points_in,std_msgs/msg/Int32,39582
1774021692.0368447,/metrics/pcl/fused/processing_ms,std_msgs/msg/Float32,136.24017333984375
1774021692.2900643,/metrics/pcl/fused/detections_count,std_msgs/msg/Int32,72
1774021692.2901714,/metrics/pcl/fused/points_in,std_msgs/msg/Int32,39672
1774021692.2902334,/metrics/pcl/fused/processing_ms,std_msgs/msg/Float32,136.4570770263672
1774021692.527733,/metrics/pcl/fused/detections_count,std_msgs/msg/Int32,72
1774021692.5278604,/metrics/pcl/fused/points_in,std_msgs/msg/Int32,39616
1774021692.5279384,/metrics/pcl/fused/processing_ms,std_msgs/msg/Float32,135.31077575683594
1774021692.7691329,/metrics/pcl/fused/detections_count,std_msgs/msg/Int32,69
1774021692.7692385,/metrics/pcl/fused/points_in,std_msgs/msg/Int32,39479
1774021692.769318,/metrics/pcl/fused/processing_ms,std_msgs/msg/Float32,138.5292510986328
1774021693.7059846,/metrics/pcl/fused/detections_count,std_msgs/msg/Int32,72
1774021693.7061133,/metrics/pcl/fused/points_in,std_msgs/msg/Int32,39471
1774021693.706193,/metrics/pcl/fused/processing_ms,std_msgs/msg/Float32,133.5434112548828
1774021695.1350138,/metrics/pcl/fused/detections_count,std_msgs/msg/Int32,72
1774021695.1351137,/metrics/pcl/fused/points_in,std_msgs/msg/Int32,37889
1774021695.1351807,/metrics/pcl/fused/processing_ms,std_msgs/msg/Float32,127.11489868164062
1774021695.5941303,/metrics/pcl/fused/detections_count,std_msgs/msg/Int32,82
1774021695.594257,/metrics/pcl/fused/points_in,std_msgs/msg/Int32,36277
1774021695.5943522,/metrics/pcl/fused/processing_ms,std_msgs/msg/Float32,116.16669464111328
1774021695.8337686,/metrics/pcl/fused/detections_count,std_msgs/msg/Int32,71
1774021695.833922,/metrics/pcl/fused/points_in,std_msgs/msg/Int32,36062
1774021695.8340347,/metrics/pcl/fused/processing_ms,std_msgs/msg/Float32,115.37541198730469
1774021696.330378,/metrics/pcl/fused/detections_count,std_msgs/msg/Int32,70
1774021696.3304875,/metrics/pcl/fused/points_in,std_msgs/msg/Int32,39211
1774021696.3305495,/metrics/pcl/fused/processing_ms,std_msgs/msg/Float32,132.4127655029297
1774021698.00784,/metrics/pcl/fused/detections_count,std_msgs/msg/Int32,72
1774021698.0079548,/metrics/pcl/fused/points_in,std_msgs/msg/Int32,39774
1774021698.0080194,/metrics/pcl/fused/processing_ms,std_msgs/msg/Float32,140.04998779296875
1774021698.733505,/metrics/pcl/fused/detections_count,std_msgs/msg/Int32,78
1774021698.733667,/metrics/pcl/fused/points_in,std_msgs/msg/Int32,39659
1774021698.7337387,/metrics/pcl/fused/processing_ms,std_msgs/msg/Float32,133.37753295898438
1774021699.9299202,/metrics/pcl/fused/detections_count,std_msgs/msg/Int32,69
1774021699.9300475,/metrics/pcl/fused/points_in,std_msgs/msg/Int32,36108
1774021699.9301393,/metrics/pcl/fused/processing_ms,std_msgs/msg/Float32,117.62657928466797
1774021700.4587553,/metrics/pcl/fused/detections_count,std_msgs/msg/Int32,75
1774021700.4588654,/metrics/pcl/fused/points_in,std_msgs/msg/Int32,38957
1774021700.4589317,/metrics/pcl/fused/processing_ms,std_msgs/msg/Float32,141.30137634277344
1774021700.7060878,/metrics/pcl/fused/detections_count,std_msgs/msg/Int32,71
1774021700.706211,/metrics/pcl/fused/points_in,std_msgs/msg/Int32,39230
1774021700.7062876,/metrics/pcl/fused/processing_ms,std_msgs/msg/Float32,135.00064086914062
1774021700.9641433,/metrics/pcl/fused/detections_count,std_msgs/msg/Int32,75
1774021700.9642513,/metrics/pcl/fused/points_in,std_msgs/msg/Int32,39492
1774021700.964336,/metrics/pcl/fused/processing_ms,std_msgs/msg/Float32,139.8965606689453
1774021701.4794972,/metrics/pcl/fused/detections_count,std_msgs/msg/Int32,73
1774021701.4796026,/metrics/pcl/fused/points_in,std_msgs/msg/Int32,39313
1774021701.479666,/metrics/pcl/fused/processing_ms,std_msgs/msg/Float32,138.94361877441406
1774021701.7318127,/metrics/pcl/fused/detections_count,std_msgs/msg/Int32,73
1774021701.7319164,/metrics/pcl/fused/points_in,std_msgs/msg/Int32,39270
1774021701.7319748,/metrics/pcl/fused/processing_ms,std_msgs/msg/Float32,132.24853515625
1774021702.2339175,/metrics/pcl/fused/detections_count,std_msgs/msg/Int32,68
1774021702.2341104,/metrics/pcl/fused/points_in,std_msgs/msg/Int32,39264
1774021702.234204,/metrics/pcl/fused/processing_ms,std_msgs/msg/Float32,137.14096069335938
1774021702.5051525,/metrics/pcl/fused/detections_count,std_msgs/msg/Int32,75
1774021702.5053031,/metrics/pcl/fused/points_in,std_msgs/msg/Int32,39265
1774021702.505427,/metrics/pcl/fused/processing_ms,std_msgs/msg/Float32,140.29750061035156
1774021702.7928994,/metrics/pcl/fused/detections_count,std_msgs/msg/Int32,78
1774021702.7930245,/metrics/pcl/fused/points_in,std_msgs/msg/Int32,39170
1774021702.7931046,/metrics/pcl/fused/processing_ms,std_msgs/msg/Float32,164.571533203125
1774021703.0615807,/metrics/pcl/fused/detections_count,std_msgs/msg/Int32,67
1774021703.061685,/metrics/pcl/fused/points_in,std_msgs/msg/Int32,39301
1774021703.0617495,/metrics/pcl/fused/processing_ms,std_msgs/msg/Float32,142.98158264160156
1774021703.32086,/metrics/pcl/fused/detections_count,std_msgs/msg/Int32,75
1774021703.3209543,/metrics/pcl/fused/points_in,std_msgs/msg/Int32,39266
1774021703.3210185,/metrics/pcl/fused/processing_ms,std_msgs/msg/Float32,139.01197814941406
1774021704.090192,/metrics/pcl/fused/detections_count,std_msgs/msg/Int32,73
1774021704.0903676,/metrics/pcl/fused/points_in,std_msgs/msg/Int32,39274
1774021704.0904648,/metrics/pcl/fused/processing_ms,std_msgs/msg/Float32,138.5826873779297
1774021704.3490045,/metrics/pcl/fused/detections_count,std_msgs/msg/Int32,71
1774021704.349127,/metrics/pcl/fused/points_in,std_msgs/msg/Int32,39130
1774021704.3491826,/metrics/pcl/fused/processing_ms,std_msgs/msg/Float32,140.42185974121094
1774021705.1141977,/metrics/pcl/fused/detections_count,std_msgs/msg/Int32,69
1774021705.1143684,/metrics/pcl/fused/points_in,std_msgs/msg/Int32,39213
1774021705.11446,/metrics/pcl/fused/processing_ms,std_msgs/msg/Float32,143.62071228027344
1774021705.3835187,/metrics/pcl/fused/detections_count,std_msgs/msg/Int32,81
1774021705.3836315,/metrics/pcl/fused/points_in,std_msgs/msg/Int32,39296
1774021705.3837187,/metrics/pcl/fused/processing_ms,std_msgs/msg/Float32,138.83987426757812
1774021705.914482,/metrics/pcl/fused/detections_count,std_msgs/msg/Int32,73
1774021705.9145954,/metrics/pcl/fused/points_in,std_msgs/msg/Int32,39225
1774021705.9146597,/metrics/pcl/fused/processing_ms,std_msgs/msg/Float32,138.2114715576172
1774021706.166502,/metrics/pcl/fused/detections_count,std_msgs/msg/Int32,75
1774021706.16661,/metrics/pcl/fused/points_in,std_msgs/msg/Int32,39256
1774021706.1666636,/metrics/pcl/fused/processing_ms,std_msgs/msg/Float32,133.97506713867188
1774021706.4256015,/metrics/pcl/fused/detections_count,std_msgs/msg/Int32,68
1774021706.4257534,/metrics/pcl/fused/points_in,std_msgs/msg/Int32,39273
1774021706.4258666,/metrics/pcl/fused/processing_ms,std_msgs/msg/Float32,135.43370056152344
1774021706.6800492,/metrics/pcl/fused/detections_count,std_msgs/msg/Int32,73
1774021706.6801536,/metrics/pcl/fused/points_in,std_msgs/msg/Int32,39208
1774021706.6802163,/metrics/pcl/fused/processing_ms,std_msgs/msg/Float32,135.97198486328125
1774021706.928865,/metrics/pcl/fused/detections_count,std_msgs/msg/Int32,72
1774021706.9289951,/metrics/pcl/fused/points_in,std_msgs/msg/Int32,39262
1774021706.9290652,/metrics/pcl/fused/processing_ms,std_msgs/msg/Float32,135.7406463623047
1774021707.90278,/metrics/pcl/fused/detections_count,std_msgs/msg/Int32,71
1774021707.9028928,/metrics/pcl/fused/points_in,std_msgs/msg/Int32,39222
1774021707.902958,/metrics/pcl/fused/processing_ms,std_msgs/msg/Float32,129.7506561279297
1774021708.1455324,/metrics/pcl/fused/detections_count,std_msgs/msg/Int32,72
1774021708.1456406,/metrics/pcl/fused/points_in,std_msgs/msg/Int32,39035
1774021708.1457047,/metrics/pcl/fused/processing_ms,std_msgs/msg/Float32,131.94436645507812
1774021708.3870487,/metrics/pcl/fused/detections_count,std_msgs/msg/Int32,65
1774021708.3871505,/metrics/pcl/fused/points_in,std_msgs/msg/Int32,39114
1774021708.3872128,/metrics/pcl/fused/processing_ms,std_msgs/msg/Float32,129.50930786132812
1774021709.1358125,/metrics/pcl/fused/detections_count,std_msgs/msg/Int32,75
1774021709.1359413,/metrics/pcl/fused/points_in,std_msgs/msg/Int32,39249
1774021709.1360056,/metrics/pcl/fused/processing_ms,std_msgs/msg/Float32,135.59666442871094
1774021709.4175677,/metrics/pcl/fused/detections_count,std_msgs/msg/Int32,71
1774021709.4176958,/metrics/pcl/fused/points_in,std_msgs/msg/Int32,39208
1774021709.4177744,/metrics/pcl/fused/processing_ms,std_msgs/msg/Float32,133.30323791503906
1774021709.934964,/metrics/pcl/fused/detections_count,std_msgs/msg/Int32,69
1774021709.9351428,/metrics/pcl/fused/points_in,std_msgs/msg/Int32,39183
1774021709.935254,/metrics/pcl/fused/processing_ms,std_msgs/msg/Float32,159.7008056640625
1774021710.1818326,/metrics/pcl/fused/detections_count,std_msgs/msg/Int32,70
1774021710.1819348,/metrics/pcl/fused/points_in,std_msgs/msg/Int32,39195
1774021710.1819983,/metrics/pcl/fused/processing_ms,std_msgs/msg/Float32,129.94332885742188
1774021710.6657853,/metrics/pcl/fused/detections_count,std_msgs/msg/Int32,70
1774021710.6659224,/metrics/pcl/fused/points_in,std_msgs/msg/Int32,39265
1774021710.6699502,/metrics/pcl/fused/processing_ms,std_msgs/msg/Float32,127.00614166259766
1774021711.1394203,/metrics/pcl/fused/detections_count,std_msgs/msg/Int32,71
1774021711.1395295,/metrics/pcl/fused/points_in,std_msgs/msg/Int32,39237
1774021711.1395962,/metrics/pcl/fused/processing_ms,std_msgs/msg/Float32,135.1827850341797
1774021711.849248,/metrics/pcl/fused/detections_count,std_msgs/msg/Int32,70
1774021711.849413,/metrics/pcl/fused/points_in,std_msgs/msg/Int32,39135
1774021711.8494678,/metrics/pcl/fused/processing_ms,std_msgs/msg/Float32,137.12716674804688
1774021712.323786,/metrics/pcl/fused/detections_count,std_msgs/msg/Int32,74
1774021712.3238986,/metrics/pcl/fused/points_in,std_msgs/msg/Int32,39225
1774021712.323995,/metrics/pcl/fused/processing_ms,std_msgs/msg/Float32,136.03622436523438
1774021712.5633764,/metrics/pcl/fused/detections_count,std_msgs/msg/Int32,78
1774021712.5634763,/metrics/pcl/fused/points_in,std_msgs/msg/Int32,39159
1774021712.563529,/metrics/pcl/fused/processing_ms,std_msgs/msg/Float32,138.3865509033203
1774021713.0418315,/metrics/pcl/fused/detections_count,std_msgs/msg/Int32,70
1774021713.0419362,/metrics/pcl/fused/points_in,std_msgs/msg/Int32,39157
1774021713.041993,/metrics/pcl/fused/processing_ms,std_msgs/msg/Float32,140.34951782226562
1774021714.4720473,/metrics/pcl/fused/detections_count,std_msgs/msg/Int32,70
1774021714.4721925,/metrics/pcl/fused/points_in,std_msgs/msg/Int32,39097
1774021714.4722667,/metrics/pcl/fused/processing_ms,std_msgs/msg/Float32,140.62518310546875
1774021714.7042875,/metrics/pcl/fused/detections_count,std_msgs/msg/Int32,68
1774021714.70445,/metrics/pcl/fused/points_in,std_msgs/msg/Int32,39146
1774021714.7045465,/metrics/pcl/fused/processing_ms,std_msgs/msg/Float32,131.1006622314453
1774021715.1695,/metrics/pcl/fused/detections_count,std_msgs/msg/Int32,66
1774021715.169651,/metrics/pcl/fused/points_in,std_msgs/msg/Int32,39150
1774021715.1697474,/metrics/pcl/fused/processing_ms,std_msgs/msg/Float32,134.5308380126953
1774021717.3191535,/metrics/pcl/fused/detections_count,std_msgs/msg/Int32,67
1774021717.319356,/metrics/pcl/fused/points_in,std_msgs/msg/Int32,39122
1774021717.319454,/metrics/pcl/fused/processing_ms,std_msgs/msg/Float32,134.7219696044922
1774021717.563142,/metrics/pcl/fused/detections_count,std_msgs/msg/Int32,71
1774021717.5632925,/metrics/pcl/fused/points_in,std_msgs/msg/Int32,39167
1774021717.5633845,/metrics/pcl/fused/processing_ms,std_msgs/msg/Float32,133.16688537597656
1774021718.0526848,/metrics/pcl/fused/detections_count,std_msgs/msg/Int32,67
1774021718.0528533,/metrics/pcl/fused/points_in,std_msgs/msg/Int32,39266
1774021718.052944,/metrics/pcl/fused/processing_ms,std_msgs/msg/Float32,140.33609008789062
1774021718.3057275,/metrics/pcl/fused/detections_count,std_msgs/msg/Int32,69
1774021718.305855,/metrics/pcl/fused/points_in,std_msgs/msg/Int32,39378
1774021718.3059278,/metrics/pcl/fused/processing_ms,std_msgs/msg/Float32,139.6431884765625
1774021718.5588617,/metrics/pcl/fused/detections_count,std_msgs/msg/Int32,74
1774021718.5589666,/metrics/pcl/fused/points_in,std_msgs/msg/Int32,39251
1774021718.5590262,/metrics/pcl/fused/processing_ms,std_msgs/msg/Float32,140.84390258789062
1774021718.8092468,/metrics/pcl/fused/detections_count,std_msgs/msg/Int32,79
1774021718.80939,/metrics/pcl/fused/points_in,std_msgs/msg/Int32,39380
1774021718.8094816,/metrics/pcl/fused/processing_ms,std_msgs/msg/Float32,138.6161346435547
1774021719.0634499,/metrics/pcl/fused/detections_count,std_msgs/msg/Int32,72
1774021719.0635583,/metrics/pcl/fused/points_in,std_msgs/msg/Int32,39352
1774021719.063624,/metrics/pcl/fused/processing_ms,std_msgs/msg/Float32,137.39678955078125
1774021719.3172417,/metrics/pcl/fused/detections_count,std_msgs/msg/Int32,73
1774021719.3173702,/metrics/pcl/fused/points_in,std_msgs/msg/Int32,39336
1774021719.3174605,/metrics/pcl/fused/processing_ms,std_msgs/msg/Float32,138.8600616455078
1774021719.8058972,/metrics/pcl/fused/detections_count,std_msgs/msg/Int32,77
1774021719.8060021,/metrics/pcl/fused/points_in,std_msgs/msg/Int32,39268
1774021719.806065,/metrics/pcl/fused/processing_ms,std_msgs/msg/Float32,140.0075225830078
1774021720.062584,/metrics/pcl/fused/detections_count,std_msgs/msg/Int32,75
1774021720.0627003,/metrics/pcl/fused/points_in,std_msgs/msg/Int32,39150
1774021720.0627687,/metrics/pcl/fused/processing_ms,std_msgs/msg/Float32,140.48471069335938
1774021720.5710318,/metrics/pcl/fused/detections_count,std_msgs/msg/Int32,70
1774021720.5711355,/metrics/pcl/fused/points_in,std_msgs/msg/Int32,39247
1774021720.571188,/metrics/pcl/fused/processing_ms,std_msgs/msg/Float32,141.99148559570312
1774021722.0301857,/metrics/pcl/fused/detections_count,std_msgs/msg/Int32,71
1774021722.0303495,/metrics/pcl/fused/points_in,std_msgs/msg/Int32,38857
1774021722.0304215,/metrics/pcl/fused/processing_ms,std_msgs/msg/Float32,131.71043395996094
1774021722.287213,/metrics/pcl/fused/detections_count,std_msgs/msg/Int32,71
1774021722.2873573,/metrics/pcl/fused/points_in,std_msgs/msg/Int32,38822
1774021722.2874558,/metrics/pcl/fused/processing_ms,std_msgs/msg/Float32,137.92694091796875
1774021724.5324442,/metrics/pcl/fused/detections_count,std_msgs/msg/Int32,73
1774021724.5325797,/metrics/pcl/fused/points_in,std_msgs/msg/Int32,39156
1774021724.5326748,/metrics/pcl/fused/processing_ms,std_msgs/msg/Float32,135.4968719482422
1774021725.043342,/metrics/pcl/fused/detections_count,std_msgs/msg/Int32,69
1774021725.0434594,/metrics/pcl/fused/points_in,std_msgs/msg/Int32,38814
1774021725.0435288,/metrics/pcl/fused/processing_ms,std_msgs/msg/Float32,140.35623168945312
1774021725.2977247,/metrics/pcl/fused/detections_count,std_msgs/msg/Int32,79
1774021725.2978392,/metrics/pcl/fused/points_in,std_msgs/msg/Int32,40009
1774021725.2978992,/metrics/pcl/fused/processing_ms,std_msgs/msg/Float32,138.3152313232422
1774021726.0425642,/metrics/pcl/fused/detections_count,std_msgs/msg/Int32,75
1774021726.04267,/metrics/pcl/fused/points_in,std_msgs/msg/Int32,40965
1774021726.0427306,/metrics/pcl/fused/processing_ms,std_msgs/msg/Float32,137.8841094970703
1774021726.2977083,/metrics/pcl/fused/detections_count,std_msgs/msg/Int32,72
1774021726.297849,/metrics/pcl/fused/points_in,std_msgs/msg/Int32,40665
1774021726.297919,/metrics/pcl/fused/processing_ms,std_msgs/msg/Float32,139.3074951171875
1774021726.8077857,/metrics/pcl/fused/detections_count,std_msgs/msg/Int32,70
1774021726.8079069,/metrics/pcl/fused/points_in,std_msgs/msg/Int32,41778
1774021726.807973,/metrics/pcl/fused/processing_ms,std_msgs/msg/Float32,143.30615234375
1774021727.070724,/metrics/pcl/fused/detections_count,std_msgs/msg/Int32,71
1774021727.070834,/metrics/pcl/fused/points_in,std_msgs/msg/Int32,42148
1774021727.0708973,/metrics/pcl/fused/processing_ms,std_msgs/msg/Float32,146.8791961669922
1774021727.3259122,/metrics/pcl/fused/detections_count,std_msgs/msg/Int32,76
1774021727.3260925,/metrics/pcl/fused/points_in,std_msgs/msg/Int32,41800
1774021727.3261757,/metrics/pcl/fused/processing_ms,std_msgs/msg/Float32,144.6170196533203
1774021727.5775664,/metrics/pcl/fused/detections_count,std_msgs/msg/Int32,79
1774021727.5776641,/metrics/pcl/fused/points_in,std_msgs/msg/Int32,40287
1774021727.5777144,/metrics/pcl/fused/processing_ms,std_msgs/msg/Float32,140.85191345214844
1774021727.8349085,/metrics/pcl/fused/detections_count,std_msgs/msg/Int32,68
1774021727.835021,/metrics/pcl/fused/points_in,std_msgs/msg/Int32,39837
1774021727.8350956,/metrics/pcl/fused/processing_ms,std_msgs/msg/Float32,139.94024658203125
1774021728.0981052,/metrics/pcl/fused/detections_count,std_msgs/msg/Int32,72
1774021728.0981998,/metrics/pcl/fused/points_in,std_msgs/msg/Int32,41622
1774021728.0982537,/metrics/pcl/fused/processing_ms,std_msgs/msg/Float32,146.14100646972656
1774021729.3776677,/metrics/pcl/fused/detections_count,std_msgs/msg/Int32,78
1774021729.3777854,/metrics/pcl/fused/points_in,std_msgs/msg/Int32,41298
1774021729.3778467,/metrics/pcl/fused/processing_ms,std_msgs/msg/Float32,150.71102905273438
1774021731.5843835,/metrics/pcl/fused/detections_count,std_msgs/msg/Int32,77
1774021731.5845053,/metrics/pcl/fused/points_in,std_msgs/msg/Int32,41515
1774021731.5845685,/metrics/pcl/fused/processing_ms,std_msgs/msg/Float32,151.4063720703125
1774021732.3151875,/metrics/pcl/fused/detections_count,std_msgs/msg/Int32,74
1774021732.3152945,/metrics/pcl/fused/points_in,std_msgs/msg/Int32,41202
1774021732.3153684,/metrics/pcl/fused/processing_ms,std_msgs/msg/Float32,143.22552490234375
1774021733.2533965,/metrics/pcl/fused/detections_count,std_msgs/msg/Int32,78
1774021733.2535007,/metrics/pcl/fused/points_in,std_msgs/msg/Int32,41296
1774021733.2535622,/metrics/pcl/fused/processing_ms,std_msgs/msg/Float32,136.9600372314453
1774021733.5105443,/metrics/pcl/fused/detections_count,std_msgs/msg/Int32,77
1774021733.5106723,/metrics/pcl/fused/points_in,std_msgs/msg/Int32,41334
1774021733.5107539,/metrics/pcl/fused/processing_ms,std_msgs/msg/Float32,148.6028594970703
1774021733.7733257,/metrics/pcl/fused/detections_count,std_msgs/msg/Int32,70
1774021733.7734945,/metrics/pcl/fused/points_in,std_msgs/msg/Int32,41418
1774021733.7736003,/metrics/pcl/fused/processing_ms,std_msgs/msg/Float32,151.65357971191406
1774021734.5316477,/metrics/pcl/fused/detections_count,std_msgs/msg/Int32,73
1774021734.5317392,/metrics/pcl/fused/points_in,std_msgs/msg/Int32,41342
1774021734.5317917,/metrics/pcl/fused/processing_ms,std_msgs/msg/Float32,143.9642333984375
1774021735.7357235,/metrics/pcl/fused/detections_count,std_msgs/msg/Int32,79
1774021735.7359014,/metrics/pcl/fused/points_in,std_msgs/msg/Int32,41468
1774021735.7360275,/metrics/pcl/fused/processing_ms,std_msgs/msg/Float32,144.62069702148438
1774021735.9876363,/metrics/pcl/fused/detections_count,std_msgs/msg/Int32,74
1774021735.987742,/metrics/pcl/fused/points_in,std_msgs/msg/Int32,41337
1774021735.9877985,/metrics/pcl/fused/processing_ms,std_msgs/msg/Float32,145.03414916992188
1774021736.483528,/metrics/pcl/fused/detections_count,std_msgs/msg/Int32,74
1774021736.4836318,/metrics/pcl/fused/points_in,std_msgs/msg/Int32,41405
1774021736.483706,/metrics/pcl/fused/processing_ms,std_msgs/msg/Float32,144.87379455566406
1774021738.1916473,/metrics/pcl/fused/detections_count,std_msgs/msg/Int32,73
1774021738.1917624,/metrics/pcl/fused/points_in,std_msgs/msg/Int32,41330
1774021738.1918232,/metrics/pcl/fused/processing_ms,std_msgs/msg/Float32,143.37701416015625
1774021738.944249,/metrics/pcl/fused/detections_count,std_msgs/msg/Int32,72
1774021738.9444711,/metrics/pcl/fused/points_in,std_msgs/msg/Int32,41361
1774021738.9445715,/metrics/pcl/fused/processing_ms,std_msgs/msg/Float32,149.01319885253906
1774021739.9698765,/metrics/pcl/fused/detections_count,std_msgs/msg/Int32,76
1774021739.9700696,/metrics/pcl/fused/points_in,std_msgs/msg/Int32,41309
1774021739.970176,/metrics/pcl/fused/processing_ms,std_msgs/msg/Float32,147.54684448242188
1774021741.4285612,/metrics/pcl/fused/detections_count,std_msgs/msg/Int32,73
1774021741.4287012,/metrics/pcl/fused/points_in,std_msgs/msg/Int32,41214
1774021741.4287791,/metrics/pcl/fused/processing_ms,std_msgs/msg/Float32,155.0850372314453
1774021741.9984922,/metrics/pcl/fused/detections_count,std_msgs/msg/Int32,77
1774021741.9986713,/metrics/pcl/fused/points_in,std_msgs/msg/Int32,41510
1774021741.998771,/metrics/pcl/fused/processing_ms,std_msgs/msg/Float32,173.16249084472656
1774021742.3802269,/metrics/pcl/fused/detections_count,std_msgs/msg/Int32,84
1774021742.380424,/metrics/pcl/fused/points_in,std_msgs/msg/Int32,41148
1774021742.3805313,/metrics/pcl/fused/processing_ms,std_msgs/msg/Float32,198.477783203125
1774021743.0523028,/metrics/pcl/fused/detections_count,std_msgs/msg/Int32,70
1774021743.0524378,/metrics/pcl/fused/points_in,std_msgs/msg/Int32,40063
1774021743.0525117,/metrics/pcl/fused/processing_ms,std_msgs/msg/Float32,176.3571319580078
1774021743.4046628,/metrics/pcl/fused/detections_count,std_msgs/msg/Int32,72
1774021743.404833,/metrics/pcl/fused/points_in,std_msgs/msg/Int32,40455
1774021743.4049325,/metrics/pcl/fused/processing_ms,std_msgs/msg/Float32,189.69107055664062
1774021744.062632,/metrics/pcl/fused/detections_count,std_msgs/msg/Int32,79
1774021744.062793,/metrics/pcl/fused/points_in,std_msgs/msg/Int32,41312
1774021744.0628793,/metrics/pcl/fused/processing_ms,std_msgs/msg/Float32,190.41163635253906
1774021744.3988116,/metrics/pcl/fused/detections_count,std_msgs/msg/Int32,68
1774021744.3989568,/metrics/pcl/fused/points_in,std_msgs/msg/Int32,41458
1774021744.3990388,/metrics/pcl/fused/processing_ms,std_msgs/msg/Float32,178.62986755371094
1774021745.2041178,/metrics/pcl/fused/detections_count,std_msgs/msg/Int32,70
1774021745.2042594,/metrics/pcl/fused/points_in,std_msgs/msg/Int32,41260
1774021745.2043908,/metrics/pcl/fused/processing_ms,std_msgs/msg/Float32,202.6593780517578
1774021745.9389668,/metrics/pcl/fused/detections_count,std_msgs/msg/Int32,74
1774021745.9391162,/metrics/pcl/fused/points_in,std_msgs/msg/Int32,41083
1774021745.939205,/metrics/pcl/fused/processing_ms,std_msgs/msg/Float32,173.2833251953125
1774021746.3167293,/metrics/pcl/fused/detections_count,std_msgs/msg/Int32,76
1774021746.3169138,/metrics/pcl/fused/points_in,std_msgs/msg/Int32,41216
1774021746.317028,/metrics/pcl/fused/processing_ms,std_msgs/msg/Float32,210.8320770263672
1774021746.8024392,/metrics/pcl/fused/detections_count,std_msgs/msg/Int32,72
1774021746.8043082,/metrics/pcl/fused/points_in,std_msgs/msg/Int32,41275
1774021746.8044522,/metrics/pcl/fused/processing_ms,std_msgs/msg/Float32,234.1956024169922
1774021747.339998,/metrics/pcl/fused/detections_count,std_msgs/msg/Int32,76
1774021747.3401644,/metrics/pcl/fused/points_in,std_msgs/msg/Int32,41086
1774021747.340305,/metrics/pcl/fused/processing_ms,std_msgs/msg/Float32,238.36053466796875
1774021747.8273644,/metrics/pcl/fused/detections_count,std_msgs/msg/Int32,74
1774021747.8275692,/metrics/pcl/fused/points_in,std_msgs/msg/Int32,41123
1774021747.82769,/metrics/pcl/fused/processing_ms,std_msgs/msg/Float32,224.4491424560547
1774021748.310406,/metrics/pcl/fused/detections_count,std_msgs/msg/Int32,74
1774021748.3105981,/metrics/pcl/fused/points_in,std_msgs/msg/Int32,41249
1774021748.310709,/metrics/pcl/fused/processing_ms,std_msgs/msg/Float32,225.38690185546875
1774021748.7910874,/metrics/pcl/fused/detections_count,std_msgs/msg/Int32,72
1774021748.7913053,/metrics/pcl/fused/points_in,std_msgs/msg/Int32,41087
1774021748.7914438,/metrics/pcl/fused/processing_ms,std_msgs/msg/Float32,221.1635284423828
1774021749.2569668,/metrics/pcl/fused/detections_count,std_msgs/msg/Int32,75
1774021749.25716,/metrics/pcl/fused/points_in,std_msgs/msg/Int32,41290
1774021749.2572894,/metrics/pcl/fused/processing_ms,std_msgs/msg/Float32,185.97039794921875
1774021749.6233497,/metrics/pcl/fused/detections_count,std_msgs/msg/Int32,70
1774021749.6235693,/metrics/pcl/fused/points_in,std_msgs/msg/Int32,41138
1774021749.6237411,/metrics/pcl/fused/processing_ms,std_msgs/msg/Float32,188.29737854003906
1774021750.0126064,/metrics/pcl/fused/detections_count,std_msgs/msg/Int32,76
1774021750.0130417,/metrics/pcl/fused/points_in,std_msgs/msg/Int32,40987
1774021750.0131493,/metrics/pcl/fused/processing_ms,std_msgs/msg/Float32,195.5621337890625
1774021750.4476376,/metrics/pcl/fused/detections_count,std_msgs/msg/Int32,73
1774021750.4477608,/metrics/pcl/fused/points_in,std_msgs/msg/Int32,40699
1774021750.4478343,/metrics/pcl/fused/processing_ms,std_msgs/msg/Float32,222.3112335205078
1774021750.7583778,/metrics/pcl/fused/detections_count,std_msgs/msg/Int32,74
1774021750.7584782,/metrics/pcl/fused/points_in,std_msgs/msg/Int32,40351
1774021750.7585528,/metrics/pcl/fused/processing_ms,std_msgs/msg/Float32,156.3871612548828
1774021751.0754163,/metrics/pcl/fused/detections_count,std_msgs/msg/Int32,72
1774021751.0755663,/metrics/pcl/fused/points_in,std_msgs/msg/Int32,39822
1774021751.0756521,/metrics/pcl/fused/processing_ms,std_msgs/msg/Float32,178.1658477783203
1774021751.3933964,/metrics/pcl/fused/detections_count,std_msgs/msg/Int32,72
1774021751.393572,/metrics/pcl/fused/points_in,std_msgs/msg/Int32,39984
1774021751.3936613,/metrics/pcl/fused/processing_ms,std_msgs/msg/Float32,165.4722442626953
1774021751.7198105,/metrics/pcl/fused/detections_count,std_msgs/msg/Int32,77
1774021751.719969,/metrics/pcl/fused/points_in,std_msgs/msg/Int32,39557
1774021751.7200747,/metrics/pcl/fused/processing_ms,std_msgs/msg/Float32,160.7543487548828
1774021752.063418,/metrics/pcl/fused/detections_count,std_msgs/msg/Int32,77
1774021752.0636132,/metrics/pcl/fused/points_in,std_msgs/msg/Int32,39351
1774021752.0637083,/metrics/pcl/fused/processing_ms,std_msgs/msg/Float32,163.52291870117188
1774021752.4079678,/metrics/pcl/fused/detections_count,std_msgs/msg/Int32,75
1774021752.4081118,/metrics/pcl/fused/points_in,std_msgs/msg/Int32,39382
1774021752.408179,/metrics/pcl/fused/processing_ms,std_msgs/msg/Float32,164.37147521972656
1774021752.729604,/metrics/pcl/fused/detections_count,std_msgs/msg/Int32,64
1774021752.7297137,/metrics/pcl/fused/points_in,std_msgs/msg/Int32,40057
1774021752.7297795,/metrics/pcl/fused/processing_ms,std_msgs/msg/Float32,150.8745880126953
1774021753.0131643,/metrics/pcl/fused/detections_count,std_msgs/msg/Int32,65
1774021753.0132878,/metrics/pcl/fused/points_in,std_msgs/msg/Int32,40193
1774021753.0133655,/metrics/pcl/fused/processing_ms,std_msgs/msg/Float32,149.09446716308594
1774021753.3146148,/metrics/pcl/fused/detections_count,std_msgs/msg/Int32,70
1774021753.314782,/metrics/pcl/fused/points_in,std_msgs/msg/Int32,40318
1774021753.3148754,/metrics/pcl/fused/processing_ms,std_msgs/msg/Float32,151.3837432861328
1774021753.6740122,/metrics/pcl/fused/detections_count,std_msgs/msg/Int32,72
1774021753.6741664,/metrics/pcl/fused/points_in,std_msgs/msg/Int32,40674
1774021753.6742945,/metrics/pcl/fused/processing_ms,std_msgs/msg/Float32,161.9009552001953
1774021754.587299,/metrics/pcl/fused/detections_count,std_msgs/msg/Int32,73
1774021754.587428,/metrics/pcl/fused/points_in,std_msgs/msg/Int32,40092
1774021754.587496,/metrics/pcl/fused/processing_ms,std_msgs/msg/Float32,143.31504821777344
1774021755.3558009,/metrics/pcl/fused/detections_count,std_msgs/msg/Int32,78
1774021755.3559744,/metrics/pcl/fused/points_in,std_msgs/msg/Int32,40474
1774021755.3560658,/metrics/pcl/fused/processing_ms,std_msgs/msg/Float32,138.52932739257812
1774021755.836442,/metrics/pcl/fused/detections_count,std_msgs/msg/Int32,80
1774021755.8365777,/metrics/pcl/fused/points_in,std_msgs/msg/Int32,40538
1774021755.8366597,/metrics/pcl/fused/processing_ms,std_msgs/msg/Float32,139.09921264648438
1774021756.1055067,/metrics/pcl/fused/detections_count,std_msgs/msg/Int32,82
1774021756.1056445,/metrics/pcl/fused/points_in,std_msgs/msg/Int32,40439
1774021756.105728,/metrics/pcl/fused/processing_ms,std_msgs/msg/Float32,165.0140380859375
1774021757.5670173,/metrics/pcl/fused/detections_count,std_msgs/msg/Int32,73
1774021757.5671399,/metrics/pcl/fused/points_in,std_msgs/msg/Int32,40872
1774021757.567207,/metrics/pcl/fused/processing_ms,std_msgs/msg/Float32,140.61611938476562
1774021758.084067,/metrics/pcl/fused/detections_count,std_msgs/msg/Int32,73
1774021758.0841992,/metrics/pcl/fused/points_in,std_msgs/msg/Int32,41010
1774021758.0842667,/metrics/pcl/fused/processing_ms,std_msgs/msg/Float32,141.7090301513672
1774021758.818359,/metrics/pcl/fused/detections_count,std_msgs/msg/Int32,73
1774021758.818472,/metrics/pcl/fused/points_in,std_msgs/msg/Int32,41044
1774021758.818535,/metrics/pcl/fused/processing_ms,std_msgs/msg/Float32,137.11404418945312
1774021759.328715,/metrics/pcl/fused/detections_count,std_msgs/msg/Int32,76
1774021759.3288412,/metrics/pcl/fused/points_in,std_msgs/msg/Int32,41186
1774021759.3289235,/metrics/pcl/fused/processing_ms,std_msgs/msg/Float32,146.9353790283203
1774021760.0807953,/metrics/pcl/fused/detections_count,std_msgs/msg/Int32,74
1774021760.080905,/metrics/pcl/fused/points_in,std_msgs/msg/Int32,41241
1774021760.0809753,/metrics/pcl/fused/processing_ms,std_msgs/msg/Float32,145.51571655273438
1774021760.3460498,/metrics/pcl/fused/detections_count,std_msgs/msg/Int32,80
1774021760.346165,/metrics/pcl/fused/points_in,std_msgs/msg/Int32,41265
1774021760.3462293,/metrics/pcl/fused/processing_ms,std_msgs/msg/Float32,149.40794372558594
1774021761.542743,/metrics/pcl/fused/detections_count,std_msgs/msg/Int32,75
1774021761.542865,/metrics/pcl/fused/points_in,std_msgs/msg/Int32,41010
1774021761.542929,/metrics/pcl/fused/processing_ms,std_msgs/msg/Float32,142.65032958984375
1774021761.7778418,/metrics/pcl/fused/detections_count,std_msgs/msg/Int32,76
1774021761.777943,/metrics/pcl/fused/points_in,std_msgs/msg/Int32,41193
1774021761.7780108,/metrics/pcl/fused/processing_ms,std_msgs/msg/Float32,132.90113830566406
1774021763.9986863,/metrics/pcl/fused/detections_count,std_msgs/msg/Int32,77
1774021763.9988291,/metrics/pcl/fused/points_in,std_msgs/msg/Int32,41091
1774021763.9989126,/metrics/pcl/fused/processing_ms,std_msgs/msg/Float32,139.08154296875
1774021764.2552903,/metrics/pcl/fused/detections_count,std_msgs/msg/Int32,78
1774021764.2554204,/metrics/pcl/fused/points_in,std_msgs/msg/Int32,41224
1774021764.25549,/metrics/pcl/fused/processing_ms,std_msgs/msg/Float32,142.10459899902344
1774021764.7550027,/metrics/pcl/fused/detections_count,std_msgs/msg/Int32,74
1774021764.7551134,/metrics/pcl/fused/points_in,std_msgs/msg/Int32,41046
1774021764.7551754,/metrics/pcl/fused/processing_ms,std_msgs/msg/Float32,134.67129516601562
1774021765.0133567,/metrics/pcl/fused/detections_count,std_msgs/msg/Int32,76
1774021765.0134606,/metrics/pcl/fused/points_in,std_msgs/msg/Int32,41240
1774021765.0135152,/metrics/pcl/fused/processing_ms,std_msgs/msg/Float32,140.78912353515625
1774021765.271912,/metrics/pcl/fused/detections_count,std_msgs/msg/Int32,74
1774021765.2720351,/metrics/pcl/fused/points_in,std_msgs/msg/Int32,41157
1774021765.2721112,/metrics/pcl/fused/processing_ms,std_msgs/msg/Float32,141.4864501953125
1774021765.5534718,/metrics/pcl/fused/detections_count,std_msgs/msg/Int32,74
1774021765.553586,/metrics/pcl/fused/points_in,std_msgs/msg/Int32,41136
1774021765.5536516,/metrics/pcl/fused/processing_ms,std_msgs/msg/Float32,152.61203002929688
1774021765.8145094,/metrics/pcl/fused/detections_count,std_msgs/msg/Int32,79
1774021765.8146226,/metrics/pcl/fused/points_in,std_msgs/msg/Int32,41106
1774021765.8146899,/metrics/pcl/fused/processing_ms,std_msgs/msg/Float32,136.8438262939453
1774021766.5750356,/metrics/pcl/fused/detections_count,std_msgs/msg/Int32,73
1774021766.5751631,/metrics/pcl/fused/points_in,std_msgs/msg/Int32,41177
1774021766.5752509,/metrics/pcl/fused/processing_ms,std_msgs/msg/Float32,141.21133422851562
1774021766.8430395,/metrics/pcl/fused/detections_count,std_msgs/msg/Int32,77
1774021766.8432043,/metrics/pcl/fused/points_in,std_msgs/msg/Int32,41232
1774021766.8433042,/metrics/pcl/fused/processing_ms,std_msgs/msg/Float32,140.53646850585938
1774021767.3560662,/metrics/pcl/fused/detections_count,std_msgs/msg/Int32,76
1774021767.3562143,/metrics/pcl/fused/points_in,std_msgs/msg/Int32,41147
1774021767.3563786,/metrics/pcl/fused/processing_ms,std_msgs/msg/Float32,147.05516052246094
1774021768.627797,/metrics/pcl/fused/detections_count,std_msgs/msg/Int32,74
1774021768.627925,/metrics/pcl/fused/points_in,std_msgs/msg/Int32,40968
1774021768.6280143,/metrics/pcl/fused/processing_ms,std_msgs/msg/Float32,140.81480407714844
1774021768.8975677,/metrics/pcl/fused/detections_count,std_msgs/msg/Int32,75
1774021768.8977134,/metrics/pcl/fused/points_in,std_msgs/msg/Int32,41276
1774021768.8977797,/metrics/pcl/fused/processing_ms,std_msgs/msg/Float32,137.55445861816406
1774021769.408512,/metrics/pcl/fused/detections_count,std_msgs/msg/Int32,71
1774021769.4086199,/metrics/pcl/fused/points_in,std_msgs/msg/Int32,41167
1774021769.4086766,/metrics/pcl/fused/processing_ms,std_msgs/msg/Float32,146.38807678222656
1774021769.6751282,/metrics/pcl/fused/detections_count,std_msgs/msg/Int32,77
1774021769.6752944,/metrics/pcl/fused/points_in,std_msgs/msg/Int32,41194
1774021769.6754189,/metrics/pcl/fused/processing_ms,std_msgs/msg/Float32,143.4170379638672
1774021769.9553308,/metrics/pcl/fused/detections_count,std_msgs/msg/Int32,78
1774021769.9554932,/metrics/pcl/fused/points_in,std_msgs/msg/Int32,41092
1774021769.9555953,/metrics/pcl/fused/processing_ms,std_msgs/msg/Float32,152.3160400390625
1774021770.2541933,/metrics/pcl/fused/detections_count,std_msgs/msg/Int32,78
1774021770.254333,/metrics/pcl/fused/points_in,std_msgs/msg/Int32,41207
1774021770.2544112,/metrics/pcl/fused/processing_ms,std_msgs/msg/Float32,145.97915649414062
1774021770.8088768,/metrics/pcl/fused/detections_count,std_msgs/msg/Int32,74
1774021770.808995,/metrics/pcl/fused/points_in,std_msgs/msg/Int32,41114
1774021770.8090756,/metrics/pcl/fused/processing_ms,std_msgs/msg/Float32,138.44862365722656
1774021771.0877573,/metrics/pcl/fused/detections_count,std_msgs/msg/Int32,75
1774021771.087882,/metrics/pcl/fused/points_in,std_msgs/msg/Int32,41095
1774021771.0879424,/metrics/pcl/fused/processing_ms,std_msgs/msg/Float32,145.63848876953125
1774021771.3647513,/metrics/pcl/fused/detections_count,std_msgs/msg/Int32,77
1774021771.3648984,/metrics/pcl/fused/points_in,std_msgs/msg/Int32,41210
1774021771.3649662,/metrics/pcl/fused/processing_ms,std_msgs/msg/Float32,156.5426025390625
1774021771.629087,/metrics/pcl/fused/detections_count,std_msgs/msg/Int32,75
1774021771.6292107,/metrics/pcl/fused/points_in,std_msgs/msg/Int32,41189
1774021771.6292698,/metrics/pcl/fused/processing_ms,std_msgs/msg/Float32,143.8707733154297
1774021772.6898901,/metrics/pcl/fused/detections_count,std_msgs/msg/Int32,70
1774021772.689998,/metrics/pcl/fused/points_in,std_msgs/msg/Int32,41208
1774021772.6900597,/metrics/pcl/fused/processing_ms,std_msgs/msg/Float32,135.80206298828125
1774021772.9503703,/metrics/pcl/fused/detections_count,std_msgs/msg/Int32,74
1774021772.9504657,/metrics/pcl/fused/points_in,std_msgs/msg/Int32,41211
1774021772.9505186,/metrics/pcl/fused/processing_ms,std_msgs/msg/Float32,138.9256591796875
1774021773.2121804,/metrics/pcl/fused/detections_count,std_msgs/msg/Int32,68
1774021773.2123308,/metrics/pcl/fused/points_in,std_msgs/msg/Int32,41141
1774021773.2124236,/metrics/pcl/fused/processing_ms,std_msgs/msg/Float32,138.84426879882812
1774021773.7219312,/metrics/pcl/fused/detections_count,std_msgs/msg/Int32,76
1774021773.7220473,/metrics/pcl/fused/points_in,std_msgs/msg/Int32,41231
1774021773.7221172,/metrics/pcl/fused/processing_ms,std_msgs/msg/Float32,139.42955017089844
1774021773.9778583,/metrics/pcl/fused/detections_count,std_msgs/msg/Int32,78
1774021773.977964,/metrics/pcl/fused/points_in,std_msgs/msg/Int32,41213
1774021773.9780207,/metrics/pcl/fused/processing_ms,std_msgs/msg/Float32,143.19757080078125
1774021774.2453957,/metrics/pcl/fused/detections_count,std_msgs/msg/Int32,79
1774021774.2455974,/metrics/pcl/fused/points_in,std_msgs/msg/Int32,41222
1774021774.2457013,/metrics/pcl/fused/processing_ms,std_msgs/msg/Float32,142.9526824951172
1774021774.5120778,/metrics/pcl/fused/detections_count,std_msgs/msg/Int32,77
1774021774.5122237,/metrics/pcl/fused/points_in,std_msgs/msg/Int32,41093
1774021774.5123007,/metrics/pcl/fused/processing_ms,std_msgs/msg/Float32,142.64002990722656
1774021775.0369518,/metrics/pcl/fused/detections_count,std_msgs/msg/Int32,73
1774021775.037068,/metrics/pcl/fused/points_in,std_msgs/msg/Int32,41204
1774021775.0371583,/metrics/pcl/fused/processing_ms,std_msgs/msg/Float32,135.1884002685547
1774021775.2868092,/metrics/pcl/fused/detections_count,std_msgs/msg/Int32,71
1774021775.286936,/metrics/pcl/fused/points_in,std_msgs/msg/Int32,41106
1774021775.287002,/metrics/pcl/fused/processing_ms,std_msgs/msg/Float32,137.58119201660156
1774021775.546863,/metrics/pcl/fused/detections_count,std_msgs/msg/Int32,75
1774021775.5470378,/metrics/pcl/fused/points_in,std_msgs/msg/Int32,40983
1774021775.5471323,/metrics/pcl/fused/processing_ms,std_msgs/msg/Float32,147.34130859375
1774021775.8000245,/metrics/pcl/fused/detections_count,std_msgs/msg/Int32,72
1774021775.800139,/metrics/pcl/fused/points_in,std_msgs/msg/Int32,40926
1774021775.8002326,/metrics/pcl/fused/processing_ms,std_msgs/msg/Float32,143.11656188964844
1774021776.0478556,/metrics/pcl/fused/detections_count,std_msgs/msg/Int32,75
1774021776.0479934,/metrics/pcl/fused/points_in,std_msgs/msg/Int32,40700
1774021776.048059,/metrics/pcl/fused/processing_ms,std_msgs/msg/Float32,133.6115264892578
1774021776.2925768,/metrics/pcl/fused/detections_count,std_msgs/msg/Int32,69
1774021776.2927346,/metrics/pcl/fused/points_in,std_msgs/msg/Int32,40958
1774021776.2928343,/metrics/pcl/fused/processing_ms,std_msgs/msg/Float32,135.75440979003906
1774021776.5326903,/metrics/pcl/fused/detections_count,std_msgs/msg/Int32,76
1774021776.5328019,/metrics/pcl/fused/points_in,std_msgs/msg/Int32,41168
1774021776.5328617,/metrics/pcl/fused/processing_ms,std_msgs/msg/Float32,139.60618591308594
1774021776.7642446,/metrics/pcl/fused/detections_count,std_msgs/msg/Int32,79
1774021776.7643895,/metrics/pcl/fused/points_in,std_msgs/msg/Int32,41211
1774021776.7644536,/metrics/pcl/fused/processing_ms,std_msgs/msg/Float32,134.55177307128906
1774021776.999199,/metrics/pcl/fused/detections_count,std_msgs/msg/Int32,76
1774021776.9993412,/metrics/pcl/fused/points_in,std_msgs/msg/Int32,41212
1774021776.9994102,/metrics/pcl/fused/processing_ms,std_msgs/msg/Float32,134.10787963867188
1774021777.2342014,/metrics/pcl/fused/detections_count,std_msgs/msg/Int32,77
1774021777.2343385,/metrics/pcl/fused/points_in,std_msgs/msg/Int32,41188
1774021777.2344031,/metrics/pcl/fused/processing_ms,std_msgs/msg/Float32,135.3407745361328
1774021777.4767663,/metrics/pcl/fused/detections_count,std_msgs/msg/Int32,74
1774021777.4768906,/metrics/pcl/fused/points_in,std_msgs/msg/Int32,41316
1774021777.4769585,/metrics/pcl/fused/processing_ms,std_msgs/msg/Float32,140.77908325195312
1774021778.164399,/metrics/pcl/fused/detections_count,std_msgs/msg/Int32,70
1774021778.1645164,/metrics/pcl/fused/points_in,std_msgs/msg/Int32,41243
1774021778.1645832,/metrics/pcl/fused/processing_ms,std_msgs/msg/Float32,135.40081787109375
1774021779.1436582,/metrics/pcl/fused/detections_count,std_msgs/msg/Int32,75
1774021779.1437654,/metrics/pcl/fused/points_in,std_msgs/msg/Int32,41311
1774021779.1438305,/metrics/pcl/fused/processing_ms,std_msgs/msg/Float32,139.8815460205078
1774021779.6302166,/metrics/pcl/fused/detections_count,std_msgs/msg/Int32,73
1774021779.6303637,/metrics/pcl/fused/points_in,std_msgs/msg/Int32,41386
1774021779.6344159,/metrics/pcl/fused/processing_ms,std_msgs/msg/Float32,132.34390258789062
1774021782.006233,/metrics/pcl/fused/detections_count,std_msgs/msg/Int32,76
1774021782.0063627,/metrics/pcl/fused/points_in,std_msgs/msg/Int32,41184
1774021782.0064263,/metrics/pcl/fused/processing_ms,std_msgs/msg/Float32,136.82159423828125
1774021783.6767614,/metrics/pcl/fused/detections_count,std_msgs/msg/Int32,76
1774021783.6768718,/metrics/pcl/fused/points_in,std_msgs/msg/Int32,41415
1774021783.6769335,/metrics/pcl/fused/processing_ms,std_msgs/msg/Float32,131.98281860351562
1774021783.9272542,/metrics/pcl/fused/detections_count,std_msgs/msg/Int32,76
1774021783.9274101,/metrics/pcl/fused/points_in,std_msgs/msg/Int32,41473
1774021783.9274895,/metrics/pcl/fused/processing_ms,std_msgs/msg/Float32,142.3563995361328
1774021784.182549,/metrics/pcl/fused/detections_count,std_msgs/msg/Int32,76
1774021784.1827145,/metrics/pcl/fused/points_in,std_msgs/msg/Int32,41283
1774021784.1828246,/metrics/pcl/fused/processing_ms,std_msgs/msg/Float32,148.46249389648438
1774021784.449008,/metrics/pcl/fused/detections_count,std_msgs/msg/Int32,72
1774021784.449145,/metrics/pcl/fused/points_in,std_msgs/msg/Int32,41302
1774021784.4492128,/metrics/pcl/fused/processing_ms,std_msgs/msg/Float32,152.0162353515625
1774021784.708363,/metrics/pcl/fused/detections_count,std_msgs/msg/Int32,72
1774021784.7084699,/metrics/pcl/fused/points_in,std_msgs/msg/Int32,41264
1774021784.708537,/metrics/pcl/fused/processing_ms,std_msgs/msg/Float32,148.43438720703125
1774021785.008054,/metrics/pcl/fused/detections_count,std_msgs/msg/Int32,77
1774021785.0081968,/metrics/pcl/fused/points_in,std_msgs/msg/Int32,41308
1774021785.0082834,/metrics/pcl/fused/processing_ms,std_msgs/msg/Float32,183.99082946777344
1774021785.3606153,/metrics/pcl/fused/detections_count,std_msgs/msg/Int32,74
1774021785.3607516,/metrics/pcl/fused/points_in,std_msgs/msg/Int32,41285
1774021785.360833,/metrics/pcl/fused/processing_ms,std_msgs/msg/Float32,188.90013122558594
1774021785.6637444,/metrics/pcl/fused/detections_count,std_msgs/msg/Int32,77
1774021785.663869,/metrics/pcl/fused/points_in,std_msgs/msg/Int32,41180
1774021785.66394,/metrics/pcl/fused/processing_ms,std_msgs/msg/Float32,168.9702606201172
1774021785.9554641,/metrics/pcl/fused/detections_count,std_msgs/msg/Int32,83
1774021785.9556758,/metrics/pcl/fused/points_in,std_msgs/msg/Int32,41231
1774021785.9558475,/metrics/pcl/fused/processing_ms,std_msgs/msg/Float32,170.1593475341797
1774021786.5719006,/metrics/pcl/fused/detections_count,std_msgs/msg/Int32,71
1774021786.5720887,/metrics/pcl/fused/points_in,std_msgs/msg/Int32,41247
1774021786.572245,/metrics/pcl/fused/processing_ms,std_msgs/msg/Float32,170.32167053222656
1774021786.855116,/metrics/pcl/fused/detections_count,std_msgs/msg/Int32,79
1774021786.855259,/metrics/pcl/fused/points_in,std_msgs/msg/Int32,41320
1774021786.8554258,/metrics/pcl/fused/processing_ms,std_msgs/msg/Float32,163.6683807373047
