stamp_sec,topic,type,value
1774528674.1151595,/metrics/dbscan/right/detections_count,std_msgs/msg/Int32,11
1774528674.115328,/metrics/dbscan/right/points_in,std_msgs/msg/Int32,9833
1774528674.1354792,/metrics/dbscan/front/detections_count,std_msgs/msg/Int32,11
1774528674.1356008,/metrics/dbscan/front/points_in,std_msgs/msg/Int32,5584
1774528674.1356819,/metrics/dbscan/front/processing_ms,std_msgs/msg/Float32,58.35990524291992
1774528674.1439826,/metrics/dbscan/left/detections_count,std_msgs/msg/Int32,11
1774528674.1440954,/metrics/dbscan/left/points_in,std_msgs/msg/Int32,7442
1774528674.1441681,/metrics/dbscan/left/processing_ms,std_msgs/msg/Float32,70.24295806884766
1774528674.209673,/metrics/dbscan/right/detections_count,std_msgs/msg/Int32,9
1774528674.209812,/metrics/dbscan/right/points_in,std_msgs/msg/Int32,9808
1774528674.2328236,/metrics/dbscan/front/detections_count,std_msgs/msg/Int32,11
1774528674.2329419,/metrics/dbscan/front/points_in,std_msgs/msg/Int32,5607
1774528674.2330072,/metrics/dbscan/front/processing_ms,std_msgs/msg/Float32,55.24677658081055
1774528674.2645254,/metrics/dbscan/left/detections_count,std_msgs/msg/Int32,11
1774528674.2646585,/metrics/dbscan/left/points_in,std_msgs/msg/Int32,7467
1774528674.2647257,/metrics/dbscan/left/processing_ms,std_msgs/msg/Float32,90.94053649902344
1774528674.338999,/metrics/dbscan/left/detections_count,std_msgs/msg/Int32,11
1774528674.339123,/metrics/dbscan/left/points_in,std_msgs/msg/Int32,7451
1774528674.33919,/metrics/dbscan/left/processing_ms,std_msgs/msg/Float32,64.67933654785156
1774528674.339251,/metrics/dbscan/right/detections_count,std_msgs/msg/Int32,10
1774528674.339324,/metrics/dbscan/right/points_in,std_msgs/msg/Int32,9769
1774528674.3633997,/metrics/dbscan/front/detections_count,std_msgs/msg/Int32,11
1774528674.363519,/metrics/dbscan/front/points_in,std_msgs/msg/Int32,5595
1774528674.3635826,/metrics/dbscan/front/processing_ms,std_msgs/msg/Float32,84.2938232421875
1774528674.4150295,/metrics/dbscan/right/detections_count,std_msgs/msg/Int32,10
1774528674.41515,/metrics/dbscan/right/points_in,std_msgs/msg/Int32,9411
1774528674.4339736,/metrics/dbscan/front/detections_count,std_msgs/msg/Int32,11
1774528674.4340854,/metrics/dbscan/front/points_in,std_msgs/msg/Int32,5610
1774528674.43415,/metrics/dbscan/front/processing_ms,std_msgs/msg/Float32,53.89960479736328
1774528674.4393814,/metrics/dbscan/left/detections_count,std_msgs/msg/Int32,11
1774528674.439464,/metrics/dbscan/left/points_in,std_msgs/msg/Int32,7471
1774528674.4395232,/metrics/dbscan/left/processing_ms,std_msgs/msg/Float32,64.12724304199219
1774528674.5212238,/metrics/dbscan/right/detections_count,std_msgs/msg/Int32,10
1774528674.5213435,/metrics/dbscan/right/points_in,std_msgs/msg/Int32,9135
1774528674.5293646,/metrics/dbscan/front/detections_count,std_msgs/msg/Int32,13
1774528674.5295177,/metrics/dbscan/front/points_in,std_msgs/msg/Int32,5616
1774528674.5296128,/metrics/dbscan/front/processing_ms,std_msgs/msg/Float32,52.235069274902344
1774528674.5385692,/metrics/dbscan/left/detections_count,std_msgs/msg/Int32,11
1774528674.538663,/metrics/dbscan/left/points_in,std_msgs/msg/Int32,7462
1774528674.5387313,/metrics/dbscan/left/processing_ms,std_msgs/msg/Float32,65.24411010742188
1774528674.6213036,/metrics/dbscan/right/detections_count,std_msgs/msg/Int32,10
1774528674.6214645,/metrics/dbscan/right/points_in,std_msgs/msg/Int32,9025
1774528674.6273267,/metrics/dbscan/front/detections_count,std_msgs/msg/Int32,11
1774528674.627418,/metrics/dbscan/front/points_in,std_msgs/msg/Int32,5679
1774528674.6274805,/metrics/dbscan/front/processing_ms,std_msgs/msg/Float32,50.717063903808594
1774528674.6373758,/metrics/dbscan/left/detections_count,std_msgs/msg/Int32,11
1774528674.6374815,/metrics/dbscan/left/points_in,std_msgs/msg/Int32,7462
1774528674.6375508,/metrics/dbscan/left/processing_ms,std_msgs/msg/Float32,64.7182388305664
1774528674.7227125,/metrics/dbscan/right/detections_count,std_msgs/msg/Int32,8
1774528674.7228334,/metrics/dbscan/right/points_in,std_msgs/msg/Int32,8831
1774528674.7296848,/metrics/dbscan/front/detections_count,std_msgs/msg/Int32,12
1774528674.7297893,/metrics/dbscan/front/points_in,std_msgs/msg/Int32,5808
1774528674.7298524,/metrics/dbscan/front/processing_ms,std_msgs/msg/Float32,51.96509552001953
1774528674.7439957,/metrics/dbscan/left/detections_count,std_msgs/msg/Int32,11
1774528674.7441077,/metrics/dbscan/left/points_in,std_msgs/msg/Int32,7466
1774528674.744171,/metrics/dbscan/left/processing_ms,std_msgs/msg/Float32,70.6858901977539
1774528674.8140776,/metrics/dbscan/right/detections_count,std_msgs/msg/Int32,11
1774528674.814307,/metrics/dbscan/right/points_in,std_msgs/msg/Int32,8535
1774528674.8313913,/metrics/dbscan/front/detections_count,std_msgs/msg/Int32,12
1774528674.8314984,/metrics/dbscan/front/points_in,std_msgs/msg/Int32,6037
1774528674.8315618,/metrics/dbscan/front/processing_ms,std_msgs/msg/Float32,53.06134033203125
1774528674.8404706,/metrics/dbscan/left/detections_count,std_msgs/msg/Int32,12
1774528674.8405657,/metrics/dbscan/left/points_in,std_msgs/msg/Int32,7485
1774528674.8406262,/metrics/dbscan/left/processing_ms,std_msgs/msg/Float32,65.8409652709961
1774528674.877499,/metrics/dbscan/back/detections_count,std_msgs/msg/Int32,11
1774528674.8776238,/metrics/dbscan/back/points_in,std_msgs/msg/Int32,4116
1774528674.8776786,/metrics/dbscan/back/processing_ms,std_msgs/msg/Float32,48.52328109741211
1774528674.9160445,/metrics/dbscan/right/detections_count,std_msgs/msg/Int32,9
1774528674.9161754,/metrics/dbscan/right/points_in,std_msgs/msg/Int32,8687
1774528674.9162498,/metrics/dbscan/right/processing_ms,std_msgs/msg/Float32,62.4261589050293
1774528674.929662,/metrics/dbscan/front/detections_count,std_msgs/msg/Int32,11
1774528674.9297607,/metrics/dbscan/front/points_in,std_msgs/msg/Int32,6372
1774528674.9298246,/metrics/dbscan/front/processing_ms,std_msgs/msg/Float32,50.55043411254883
1774528674.9413862,/metrics/dbscan/left/detections_count,std_msgs/msg/Int32,12
1774528674.941506,/metrics/dbscan/left/points_in,std_msgs/msg/Int32,7496
1774528674.941585,/metrics/dbscan/left/processing_ms,std_msgs/msg/Float32,66.02185821533203
1774528674.976512,/metrics/dbscan/back/detections_count,std_msgs/msg/Int32,10
1774528674.9766424,/metrics/dbscan/back/points_in,std_msgs/msg/Int32,4130
1774528674.9767263,/metrics/dbscan/back/processing_ms,std_msgs/msg/Float32,47.82439041137695
1774528675.0171356,/metrics/dbscan/right/detections_count,std_msgs/msg/Int32,9
1774528675.0172534,/metrics/dbscan/right/points_in,std_msgs/msg/Int32,9041
1774528675.0173306,/metrics/dbscan/right/processing_ms,std_msgs/msg/Float32,61.387142181396484
1774528675.0258021,/metrics/dbscan/front/detections_count,std_msgs/msg/Int32,12
1774528675.0258899,/metrics/dbscan/front/points_in,std_msgs/msg/Int32,6807
1774528675.0259514,/metrics/dbscan/front/processing_ms,std_msgs/msg/Float32,49.56064224243164
1774528675.0350606,/metrics/dbscan/left/detections_count,std_msgs/msg/Int32,12
1774528675.0351713,/metrics/dbscan/left/points_in,std_msgs/msg/Int32,7493
1774528675.0352354,/metrics/dbscan/left/processing_ms,std_msgs/msg/Float32,63.03736114501953
1774528675.0776772,/metrics/dbscan/back/detections_count,std_msgs/msg/Int32,11
1774528675.0777853,/metrics/dbscan/back/points_in,std_msgs/msg/Int32,4117
1774528675.0778487,/metrics/dbscan/back/processing_ms,std_msgs/msg/Float32,48.3482780456543
1774528675.1174352,/metrics/dbscan/right/detections_count,std_msgs/msg/Int32,9
1774528675.117552,/metrics/dbscan/right/points_in,std_msgs/msg/Int32,9369
1774528675.1176174,/metrics/dbscan/right/processing_ms,std_msgs/msg/Float32,61.48940658569336
1774528675.1262896,/metrics/dbscan/front/detections_count,std_msgs/msg/Int32,11
1774528675.126372,/metrics/dbscan/front/points_in,std_msgs/msg/Int32,7398
1774528675.1264381,/metrics/dbscan/front/processing_ms,std_msgs/msg/Float32,49.998695373535156
1774528675.13803,/metrics/dbscan/left/detections_count,std_msgs/msg/Int32,12
1774528675.1381388,/metrics/dbscan/left/points_in,std_msgs/msg/Int32,7495
1774528675.1382036,/metrics/dbscan/left/processing_ms,std_msgs/msg/Float32,65.47027587890625
1774528675.1767008,/metrics/dbscan/back/detections_count,std_msgs/msg/Int32,10
1774528675.17683,/metrics/dbscan/back/points_in,std_msgs/msg/Int32,4129
1774528675.1769135,/metrics/dbscan/back/processing_ms,std_msgs/msg/Float32,46.82447814941406
1774528675.2163758,/metrics/dbscan/right/detections_count,std_msgs/msg/Int32,9
1774528675.2164931,/metrics/dbscan/right/points_in,std_msgs/msg/Int32,9420
1774528675.216558,/metrics/dbscan/right/processing_ms,std_msgs/msg/Float32,63.239906311035156
1774528675.2262263,/metrics/dbscan/front/detections_count,std_msgs/msg/Int32,8
1774528675.22633,/metrics/dbscan/front/points_in,std_msgs/msg/Int32,7743
1774528675.226397,/metrics/dbscan/front/processing_ms,std_msgs/msg/Float32,48.10133743286133
1774528675.2395067,/metrics/dbscan/left/detections_count,std_msgs/msg/Int32,12
1774528675.2396138,/metrics/dbscan/left/points_in,std_msgs/msg/Int32,7491
1774528675.2396789,/metrics/dbscan/left/processing_ms,std_msgs/msg/Float32,65.86383056640625
1774528675.2776542,/metrics/dbscan/back/detections_count,std_msgs/msg/Int32,10
1774528675.2777634,/metrics/dbscan/back/points_in,std_msgs/msg/Int32,4123
1774528675.2778273,/metrics/dbscan/back/processing_ms,std_msgs/msg/Float32,46.923797607421875
1774528675.3155234,/metrics/dbscan/right/detections_count,std_msgs/msg/Int32,9
1774528675.3156636,/metrics/dbscan/right/points_in,std_msgs/msg/Int32,9375
1774528675.3157396,/metrics/dbscan/right/processing_ms,std_msgs/msg/Float32,62.19840621948242
1774528675.3299417,/metrics/dbscan/front/detections_count,std_msgs/msg/Int32,11
1774528675.3300757,/metrics/dbscan/front/points_in,std_msgs/msg/Int32,8346
1774528675.3301644,/metrics/dbscan/front/processing_ms,std_msgs/msg/Float32,50.5372200012207
1774528675.3384714,/metrics/dbscan/left/detections_count,std_msgs/msg/Int32,11
1774528675.3385808,/metrics/dbscan/left/processing_ms,std_msgs/msg/Float32,63.39606475830078
1774528675.3389196,/metrics/dbscan/left/points_in,std_msgs/msg/Int32,7479
1774528675.3746126,/metrics/dbscan/back/detections_count,std_msgs/msg/Int32,11
1774528675.3747349,/metrics/dbscan/back/points_in,std_msgs/msg/Int32,4115
1774528675.3748016,/metrics/dbscan/back/processing_ms,std_msgs/msg/Float32,47.11418151855469
1774528675.4173684,/metrics/dbscan/right/detections_count,std_msgs/msg/Int32,11
1774528675.4174807,/metrics/dbscan/right/points_in,std_msgs/msg/Int32,9387
1774528675.4175448,/metrics/dbscan/right/processing_ms,std_msgs/msg/Float32,63.3978157043457
1774528675.431626,/metrics/dbscan/front/detections_count,std_msgs/msg/Int32,14
1774528675.431739,/metrics/dbscan/front/points_in,std_msgs/msg/Int32,9106
1774528675.4317977,/metrics/dbscan/front/processing_ms,std_msgs/msg/Float32,51.993751525878906
1774528675.439036,/metrics/dbscan/left/detections_count,std_msgs/msg/Int32,11
1774528675.4391212,/metrics/dbscan/left/points_in,std_msgs/msg/Int32,7475
1774528675.4391816,/metrics/dbscan/left/processing_ms,std_msgs/msg/Float32,63.95561981201172
1774528675.4767582,/metrics/dbscan/back/detections_count,std_msgs/msg/Int32,10
1774528675.4768746,/metrics/dbscan/back/points_in,std_msgs/msg/Int32,4114
1774528675.4769387,/metrics/dbscan/back/processing_ms,std_msgs/msg/Float32,48.93586349487305
1774528675.525677,/metrics/dbscan/right/detections_count,std_msgs/msg/Int32,11
1774528675.5258076,/metrics/dbscan/right/points_in,std_msgs/msg/Int32,9084
1774528675.525877,/metrics/dbscan/right/processing_ms,std_msgs/msg/Float32,70.5951919555664
1774528675.5337088,/metrics/dbscan/front/detections_count,std_msgs/msg/Int32,13
1774528675.5338302,/metrics/dbscan/front/points_in,std_msgs/msg/Int32,9779
1774528675.5339046,/metrics/dbscan/front/processing_ms,std_msgs/msg/Float32,57.73180389404297
1774528675.540645,/metrics/dbscan/left/detections_count,std_msgs/msg/Int32,11
1774528675.5407445,/metrics/dbscan/left/points_in,std_msgs/msg/Int32,7464
1774528675.540807,/metrics/dbscan/left/processing_ms,std_msgs/msg/Float32,68.94876098632812
1774528675.5849514,/metrics/dbscan/back/detections_count,std_msgs/msg/Int32,11
1774528675.585087,/metrics/dbscan/back/points_in,std_msgs/msg/Int32,4118
1774528675.5851564,/metrics/dbscan/back/processing_ms,std_msgs/msg/Float32,55.67879867553711
1774528675.623196,/metrics/dbscan/right/detections_count,std_msgs/msg/Int32,10
1774528675.6233256,/metrics/dbscan/right/points_in,std_msgs/msg/Int32,8912
1774528675.6233904,/metrics/dbscan/right/processing_ms,std_msgs/msg/Float32,68.05460357666016
1774528675.6363428,/metrics/dbscan/front/detections_count,std_msgs/msg/Int32,12
1774528675.6364634,/metrics/dbscan/front/points_in,std_msgs/msg/Int32,10028
1774528675.636531,/metrics/dbscan/front/processing_ms,std_msgs/msg/Float32,59.39564514160156
1774528675.6501627,/metrics/dbscan/left/detections_count,std_msgs/msg/Int32,11
1774528675.650282,/metrics/dbscan/left/points_in,std_msgs/msg/Int32,7464
1774528675.6503541,/metrics/dbscan/left/processing_ms,std_msgs/msg/Float32,76.99198150634766
1774528675.6758027,/metrics/dbscan/back/detections_count,std_msgs/msg/Int32,10
1774528675.6759121,/metrics/dbscan/back/points_in,std_msgs/msg/Int32,4119
1774528675.6759746,/metrics/dbscan/back/processing_ms,std_msgs/msg/Float32,46.33673095703125
1774528675.716037,/metrics/dbscan/right/detections_count,std_msgs/msg/Int32,9
1774528675.7161496,/metrics/dbscan/right/points_in,std_msgs/msg/Int32,8834
1774528675.7162125,/metrics/dbscan/right/processing_ms,std_msgs/msg/Float32,64.58016967773438
1774528675.7372231,/metrics/dbscan/left/detections_count,std_msgs/msg/Int32,11
1774528675.7373483,/metrics/dbscan/left/points_in,std_msgs/msg/Int32,7470
1774528675.737428,/metrics/dbscan/left/processing_ms,std_msgs/msg/Float32,63.74980545043945
1774528675.7379491,/metrics/dbscan/front/detections_count,std_msgs/msg/Int32,12
1774528675.7380512,/metrics/dbscan/front/points_in,std_msgs/msg/Int32,10120
1774528675.7381437,/metrics/dbscan/front/processing_ms,std_msgs/msg/Float32,59.674896240234375
1774528675.784411,/metrics/dbscan/back/detections_count,std_msgs/msg/Int32,10
1774528675.7845562,/metrics/dbscan/back/points_in,std_msgs/msg/Int32,4181
1774528675.7846246,/metrics/dbscan/back/processing_ms,std_msgs/msg/Float32,53.99595642089844
1774528675.8178124,/metrics/dbscan/right/detections_count,std_msgs/msg/Int32,11
1774528675.8179233,/metrics/dbscan/right/points_in,std_msgs/msg/Int32,8547
1774528675.8179877,/metrics/dbscan/right/processing_ms,std_msgs/msg/Float32,64.90721893310547
1774528675.8381956,/metrics/dbscan/front/detections_count,std_msgs/msg/Int32,11
1774528675.838412,/metrics/dbscan/front/points_in,std_msgs/msg/Int32,10261
1774528675.8385024,/metrics/dbscan/front/processing_ms,std_msgs/msg/Float32,59.88898468017578
1774528675.8386016,/metrics/dbscan/left/detections_count,std_msgs/msg/Int32,11
1774528675.8386676,/metrics/dbscan/left/points_in,std_msgs/msg/Int32,7466
1774528675.8387275,/metrics/dbscan/left/processing_ms,std_msgs/msg/Float32,63.21829605102539
1774528675.8750205,/metrics/dbscan/back/detections_count,std_msgs/msg/Int32,10
1774528675.8751385,/metrics/dbscan/back/points_in,std_msgs/msg/Int32,4357
1774528675.8752007,/metrics/dbscan/back/processing_ms,std_msgs/msg/Float32,48.15704345703125
1774528675.9162161,/metrics/dbscan/right/detections_count,std_msgs/msg/Int32,10
1774528675.9163423,/metrics/dbscan/right/points_in,std_msgs/msg/Int32,8097
1774528675.9164104,/metrics/dbscan/right/processing_ms,std_msgs/msg/Float32,62.95952224731445
1774528675.9428818,/metrics/dbscan/left/detections_count,std_msgs/msg/Int32,11
1774528675.9430046,/metrics/dbscan/left/points_in,std_msgs/msg/Int32,7458
1774528675.9430692,/metrics/dbscan/left/processing_ms,std_msgs/msg/Float32,67.94485473632812
1774528675.9434226,/metrics/dbscan/front/detections_count,std_msgs/msg/Int32,12
1774528675.9434884,/metrics/dbscan/front/points_in,std_msgs/msg/Int32,10306
1774528675.9435427,/metrics/dbscan/front/processing_ms,std_msgs/msg/Float32,63.490882873535156
1774528675.9873497,/metrics/dbscan/back/detections_count,std_msgs/msg/Int32,10
1774528675.987478,/metrics/dbscan/back/points_in,std_msgs/msg/Int32,4553
1774528675.9875689,/metrics/dbscan/back/processing_ms,std_msgs/msg/Float32,53.899574279785156
1774528676.0196512,/metrics/dbscan/right/detections_count,std_msgs/msg/Int32,10
1774528676.0197644,/metrics/dbscan/right/points_in,std_msgs/msg/Int32,7694
1774528676.0198293,/metrics/dbscan/right/processing_ms,std_msgs/msg/Float32,64.00357818603516
1774528676.0357928,/metrics/dbscan/front/detections_count,std_msgs/msg/Int32,10
1774528676.035907,/metrics/dbscan/front/points_in,std_msgs/msg/Int32,10309
1774528676.0359735,/metrics/dbscan/front/processing_ms,std_msgs/msg/Float32,59.4379768371582
1774528676.0371194,/metrics/dbscan/left/detections_count,std_msgs/msg/Int32,11
1774528676.0372224,/metrics/dbscan/left/points_in,std_msgs/msg/Int32,7466
1774528676.0373068,/metrics/dbscan/left/processing_ms,std_msgs/msg/Float32,64.94256591796875
1774528676.0792305,/metrics/dbscan/back/detections_count,std_msgs/msg/Int32,11
1774528676.0793557,/metrics/dbscan/back/points_in,std_msgs/msg/Int32,4750
1774528676.079425,/metrics/dbscan/back/processing_ms,std_msgs/msg/Float32,51.44784927368164
1774528676.1191213,/metrics/dbscan/right/detections_count,std_msgs/msg/Int32,10
1774528676.119241,/metrics/dbscan/right/points_in,std_msgs/msg/Int32,7298
1774528676.119318,/metrics/dbscan/right/processing_ms,std_msgs/msg/Float32,63.92905807495117
1774528676.1379716,/metrics/dbscan/left/detections_count,std_msgs/msg/Int32,12
1774528676.1380885,/metrics/dbscan/left/points_in,std_msgs/msg/Int32,7506
1774528676.1381516,/metrics/dbscan/left/processing_ms,std_msgs/msg/Float32,64.10519409179688
1774528676.1388123,/metrics/dbscan/front/detections_count,std_msgs/msg/Int32,11
1774528676.1390896,/metrics/dbscan/front/points_in,std_msgs/msg/Int32,10160
1774528676.1391428,/metrics/dbscan/front/processing_ms,std_msgs/msg/Float32,60.36735534667969
1774528676.1788123,/metrics/dbscan/back/detections_count,std_msgs/msg/Int32,11
1774528676.1789227,/metrics/dbscan/back/points_in,std_msgs/msg/Int32,4962
1774528676.178987,/metrics/dbscan/back/processing_ms,std_msgs/msg/Float32,49.83146667480469
1774528676.2211876,/metrics/dbscan/right/detections_count,std_msgs/msg/Int32,10
1774528676.221323,/metrics/dbscan/right/points_in,std_msgs/msg/Int32,6812
1774528676.2214112,/metrics/dbscan/right/processing_ms,std_msgs/msg/Float32,64.89131164550781
1774528676.2364454,/metrics/dbscan/left/detections_count,std_msgs/msg/Int32,11
1774528676.2365677,/metrics/dbscan/left/points_in,std_msgs/msg/Int32,7710
1774528676.236632,/metrics/dbscan/left/processing_ms,std_msgs/msg/Float32,63.17177963256836
1774528676.2410057,/metrics/dbscan/front/detections_count,std_msgs/msg/Int32,13
1774528676.2410903,/metrics/dbscan/front/points_in,std_msgs/msg/Int32,9930
1774528676.2411566,/metrics/dbscan/front/processing_ms,std_msgs/msg/Float32,63.21352767944336
1774528676.277992,/metrics/dbscan/back/detections_count,std_msgs/msg/Int32,11
1774528676.2781098,/metrics/dbscan/back/points_in,std_msgs/msg/Int32,5150
1774528676.2781763,/metrics/dbscan/back/processing_ms,std_msgs/msg/Float32,48.67127227783203
1774528676.3122053,/metrics/dbscan/right/detections_count,std_msgs/msg/Int32,11
1774528676.3123462,/metrics/dbscan/right/points_in,std_msgs/msg/Int32,6304
1774528676.3124142,/metrics/dbscan/right/processing_ms,std_msgs/msg/Float32,59.182369232177734
1774528676.3429852,/metrics/dbscan/front/detections_count,std_msgs/msg/Int32,13
1774528676.3431199,/metrics/dbscan/front/points_in,std_msgs/msg/Int32,9806
1774528676.3431852,/metrics/dbscan/front/processing_ms,std_msgs/msg/Float32,63.8322639465332
1774528676.3435483,/metrics/dbscan/left/detections_count,std_msgs/msg/Int32,11
1774528676.3436031,/metrics/dbscan/left/points_in,std_msgs/msg/Int32,8109
1774528676.3436477,/metrics/dbscan/left/processing_ms,std_msgs/msg/Float32,68.77816772460938
1774528676.3824909,/metrics/dbscan/back/detections_count,std_msgs/msg/Int32,11
1774528676.3826218,/metrics/dbscan/back/points_in,std_msgs/msg/Int32,5358
1774528676.3826976,/metrics/dbscan/back/processing_ms,std_msgs/msg/Float32,51.23638916015625
1774528676.414718,/metrics/dbscan/right/detections_count,std_msgs/msg/Int32,9
1774528676.414846,/metrics/dbscan/right/points_in,std_msgs/msg/Int32,6173
1774528676.414926,/metrics/dbscan/right/processing_ms,std_msgs/msg/Float32,61.133541107177734
1774528676.437513,/metrics/dbscan/front/detections_count,std_msgs/msg/Int32,13
1774528676.4376357,/metrics/dbscan/front/points_in,std_msgs/msg/Int32,9492
1774528676.4376998,/metrics/dbscan/front/processing_ms,std_msgs/msg/Float32,61.52837371826172
1774528676.4407742,/metrics/dbscan/left/detections_count,std_msgs/msg/Int32,11
1774528676.4408576,/metrics/dbscan/left/processing_ms,std_msgs/msg/Float32,65.34234619140625
1774528676.4411469,/metrics/dbscan/left/points_in,std_msgs/msg/Int32,8545
1774528676.4770997,/metrics/dbscan/back/detections_count,std_msgs/msg/Int32,11
1774528676.4772348,/metrics/dbscan/back/points_in,std_msgs/msg/Int32,5504
1774528676.477326,/metrics/dbscan/back/processing_ms,std_msgs/msg/Float32,49.59095001220703
1774528676.5142949,/metrics/dbscan/right/detections_count,std_msgs/msg/Int32,9
1774528676.5144193,/metrics/dbscan/right/points_in,std_msgs/msg/Int32,6171
1774528676.5144877,/metrics/dbscan/right/processing_ms,std_msgs/msg/Float32,60.87560272216797
1774528676.535222,/metrics/dbscan/front/detections_count,std_msgs/msg/Int32,12
1774528676.5353575,/metrics/dbscan/front/points_in,std_msgs/msg/Int32,9022
1774528676.535426,/metrics/dbscan/front/processing_ms,std_msgs/msg/Float32,58.85487747192383
1774528676.5373743,/metrics/dbscan/left/detections_count,std_msgs/msg/Int32,11
1774528676.5374398,/metrics/dbscan/left/points_in,std_msgs/msg/Int32,9000
1774528676.537492,/metrics/dbscan/left/processing_ms,std_msgs/msg/Float32,65.28929138183594
1774528676.5776742,/metrics/dbscan/back/detections_count,std_msgs/msg/Int32,11
1774528676.5777915,/metrics/dbscan/back/points_in,std_msgs/msg/Int32,5574
1774528676.577863,/metrics/dbscan/back/processing_ms,std_msgs/msg/Float32,50.56742858886719
1774528676.6163538,/metrics/dbscan/right/detections_count,std_msgs/msg/Int32,9
1774528676.6164691,/metrics/dbscan/right/points_in,std_msgs/msg/Int32,6174
1774528676.616535,/metrics/dbscan/right/processing_ms,std_msgs/msg/Float32,61.177894592285156
1774528676.6435504,/metrics/dbscan/front/detections_count,std_msgs/msg/Int32,12
1774528676.6436598,/metrics/dbscan/front/points_in,std_msgs/msg/Int32,8733
1774528676.6437244,/metrics/dbscan/front/processing_ms,std_msgs/msg/Float32,65.87171173095703
1774528676.647041,/metrics/dbscan/left/detections_count,std_msgs/msg/Int32,11
1774528676.647139,/metrics/dbscan/left/processing_ms,std_msgs/msg/Float32,74.1959457397461
1774528676.647558,/metrics/dbscan/left/points_in,std_msgs/msg/Int32,9405
1774528676.684881,/metrics/dbscan/back/detections_count,std_msgs/msg/Int32,11
1774528676.684997,/metrics/dbscan/back/points_in,std_msgs/msg/Int32,5658
1774528676.685061,/metrics/dbscan/back/processing_ms,std_msgs/msg/Float32,56.126068115234375
1774528676.7172277,/metrics/dbscan/right/detections_count,std_msgs/msg/Int32,9
1774528676.7173584,/metrics/dbscan/right/points_in,std_msgs/msg/Int32,6154
1774528676.7174268,/metrics/dbscan/right/processing_ms,std_msgs/msg/Float32,61.34093475341797
1774528676.7377646,/metrics/dbscan/front/detections_count,std_msgs/msg/Int32,12
1774528676.7378812,/metrics/dbscan/front/points_in,std_msgs/msg/Int32,8774
1774528676.737946,/metrics/dbscan/front/processing_ms,std_msgs/msg/Float32,59.793853759765625
1774528676.7433155,/metrics/dbscan/left/detections_count,std_msgs/msg/Int32,11
1774528676.7434044,/metrics/dbscan/left/points_in,std_msgs/msg/Int32,9791
1774528676.7434723,/metrics/dbscan/left/processing_ms,std_msgs/msg/Float32,69.89453125
1774528676.783078,/metrics/dbscan/back/detections_count,std_msgs/msg/Int32,11
1774528676.7832024,/metrics/dbscan/back/points_in,std_msgs/msg/Int32,5798
1774528676.783286,/metrics/dbscan/back/processing_ms,std_msgs/msg/Float32,54.31258010864258
1774528676.8172557,/metrics/dbscan/right/detections_count,std_msgs/msg/Int32,9
1774528676.817389,/metrics/dbscan/right/points_in,std_msgs/msg/Int32,6164
1774528676.817472,/metrics/dbscan/right/processing_ms,std_msgs/msg/Float32,60.27532958984375
1774528676.8391845,/metrics/dbscan/front/detections_count,std_msgs/msg/Int32,10
1774528676.8393092,/metrics/dbscan/front/points_in,std_msgs/msg/Int32,8658
1774528676.8393774,/metrics/dbscan/front/processing_ms,std_msgs/msg/Float32,59.799015045166016
1774528676.8422942,/metrics/dbscan/left/detections_count,std_msgs/msg/Int32,12
1774528676.8423607,/metrics/dbscan/left/points_in,std_msgs/msg/Int32,10205
1774528676.8424175,/metrics/dbscan/left/processing_ms,std_msgs/msg/Float32,67.90467071533203
1774528676.8794754,/metrics/dbscan/back/detections_count,std_msgs/msg/Int32,12
1774528676.879587,/metrics/dbscan/back/points_in,std_msgs/msg/Int32,5557
1774528676.8796508,/metrics/dbscan/back/processing_ms,std_msgs/msg/Float32,49.33910369873047
1774528676.9159951,/metrics/dbscan/right/detections_count,std_msgs/msg/Int32,9
1774528676.9161227,/metrics/dbscan/right/points_in,std_msgs/msg/Int32,6162
1774528676.9161994,/metrics/dbscan/right/processing_ms,std_msgs/msg/Float32,63.18288040161133
1774528676.9365902,/metrics/dbscan/front/detections_count,std_msgs/msg/Int32,10
1774528676.9367242,/metrics/dbscan/front/points_in,std_msgs/msg/Int32,8588
1774528676.9368281,/metrics/dbscan/front/processing_ms,std_msgs/msg/Float32,59.950382232666016
1774528676.9451742,/metrics/dbscan/left/detections_count,std_msgs/msg/Int32,12
1774528676.9452913,/metrics/dbscan/left/points_in,std_msgs/msg/Int32,10582
1774528676.9453802,/metrics/dbscan/left/processing_ms,std_msgs/msg/Float32,68.85284423828125
1774528676.9878006,/metrics/dbscan/back/detections_count,std_msgs/msg/Int32,12
1774528676.987955,/metrics/dbscan/back/points_in,std_msgs/msg/Int32,5538
1774528676.9880497,/metrics/dbscan/back/processing_ms,std_msgs/msg/Float32,56.77815628051758
1774528677.015466,/metrics/dbscan/right/detections_count,std_msgs/msg/Int32,9
1774528677.0156326,/metrics/dbscan/right/points_in,std_msgs/msg/Int32,6158
1774528677.0157394,/metrics/dbscan/right/processing_ms,std_msgs/msg/Float32,61.7025146484375
1774528677.0377417,/metrics/dbscan/front/detections_count,std_msgs/msg/Int32,9
1774528677.0378675,/metrics/dbscan/front/processing_ms,std_msgs/msg/Float32,61.14888000488281
1774528677.0382059,/metrics/dbscan/front/points_in,std_msgs/msg/Int32,8580
1774528677.0418258,/metrics/dbscan/left/detections_count,std_msgs/msg/Int32,12
1774528677.0418987,/metrics/dbscan/left/points_in,std_msgs/msg/Int32,10832
1774528677.0419698,/metrics/dbscan/left/processing_ms,std_msgs/msg/Float32,70.00999450683594
1774528677.0775764,/metrics/dbscan/back/detections_count,std_msgs/msg/Int32,10
1774528677.0776846,/metrics/dbscan/back/points_in,std_msgs/msg/Int32,5657
1774528677.0777485,/metrics/dbscan/back/processing_ms,std_msgs/msg/Float32,51.231971740722656
1774528677.1134953,/metrics/dbscan/right/detections_count,std_msgs/msg/Int32,9
1774528677.1136231,/metrics/dbscan/right/points_in,std_msgs/msg/Int32,6154
1774528677.1136878,/metrics/dbscan/right/processing_ms,std_msgs/msg/Float32,59.10917282104492
1774528677.1343284,/metrics/dbscan/front/detections_count,std_msgs/msg/Int32,8
1774528677.1344423,/metrics/dbscan/front/points_in,std_msgs/msg/Int32,8399
1774528677.1345048,/metrics/dbscan/front/processing_ms,std_msgs/msg/Float32,57.16487503051758
1774528677.1445634,/metrics/dbscan/left/detections_count,std_msgs/msg/Int32,12
1774528677.1446536,/metrics/dbscan/left/points_in,std_msgs/msg/Int32,10953
1774528677.1447146,/metrics/dbscan/left/processing_ms,std_msgs/msg/Float32,71.47502136230469
1774528677.1774766,/metrics/dbscan/back/detections_count,std_msgs/msg/Int32,11
1774528677.1776092,/metrics/dbscan/back/points_in,std_msgs/msg/Int32,5713
1774528677.1776726,/metrics/dbscan/back/processing_ms,std_msgs/msg/Float32,49.203922271728516
1774528677.2140653,/metrics/dbscan/right/detections_count,std_msgs/msg/Int32,9
1774528677.214219,/metrics/dbscan/right/points_in,std_msgs/msg/Int32,6169
1774528677.2143083,/metrics/dbscan/right/processing_ms,std_msgs/msg/Float32,58.98242950439453
1774528677.2308109,/metrics/dbscan/front/detections_count,std_msgs/msg/Int32,9
1774528677.2309191,/metrics/dbscan/front/points_in,std_msgs/msg/Int32,8299
1774528677.2309818,/metrics/dbscan/front/processing_ms,std_msgs/msg/Float32,52.95582962036133
1774528677.2426457,/metrics/dbscan/left/detections_count,std_msgs/msg/Int32,12
1774528677.2427416,/metrics/dbscan/left/points_in,std_msgs/msg/Int32,10831
1774528677.2428029,/metrics/dbscan/left/processing_ms,std_msgs/msg/Float32,68.8340835571289
1774528677.2799149,/metrics/dbscan/back/detections_count,std_msgs/msg/Int32,11
1774528677.280058,/metrics/dbscan/back/points_in,std_msgs/msg/Int32,5765
1774528677.2801535,/metrics/dbscan/back/processing_ms,std_msgs/msg/Float32,50.02886199951172
1774528677.3145144,/metrics/dbscan/right/detections_count,std_msgs/msg/Int32,9
1774528677.3146741,/metrics/dbscan/right/points_in,std_msgs/msg/Int32,6155
1774528677.3147779,/metrics/dbscan/right/processing_ms,std_msgs/msg/Float32,59.2420768737793
1774528677.332713,/metrics/dbscan/front/detections_count,std_msgs/msg/Int32,9
1774528677.3328357,/metrics/dbscan/front/points_in,std_msgs/msg/Int32,7980
1774528677.3329158,/metrics/dbscan/front/processing_ms,std_msgs/msg/Float32,53.71026611328125
1774528677.344194,/metrics/dbscan/left/detections_count,std_msgs/msg/Int32,11
1774528677.3443215,/metrics/dbscan/left/points_in,std_msgs/msg/Int32,10688
1774528677.3443978,/metrics/dbscan/left/processing_ms,std_msgs/msg/Float32,69.26631164550781
1774528677.3831818,/metrics/dbscan/back/detections_count,std_msgs/msg/Int32,11
1774528677.3833382,/metrics/dbscan/back/points_in,std_msgs/msg/Int32,5749
1774528677.3834097,/metrics/dbscan/back/processing_ms,std_msgs/msg/Float32,52.59555435180664
1774528677.4166746,/metrics/dbscan/right/detections_count,std_msgs/msg/Int32,8
1774528677.4167883,/metrics/dbscan/right/points_in,std_msgs/msg/Int32,6160
1774528677.4168532,/metrics/dbscan/right/processing_ms,std_msgs/msg/Float32,64.55189514160156
1774528677.4293017,/metrics/dbscan/front/detections_count,std_msgs/msg/Int32,10
1774528677.4294112,/metrics/dbscan/front/points_in,std_msgs/msg/Int32,7540
1774528677.4294755,/metrics/dbscan/front/processing_ms,std_msgs/msg/Float32,53.68559646606445
1774528677.4449139,/metrics/dbscan/left/detections_count,std_msgs/msg/Int32,11
1774528677.4450204,/metrics/dbscan/left/points_in,std_msgs/msg/Int32,10610
1774528677.445082,/metrics/dbscan/left/processing_ms,std_msgs/msg/Float32,73.62419891357422
1774528677.4835267,/metrics/dbscan/back/detections_count,std_msgs/msg/Int32,10
1774528677.483635,/metrics/dbscan/back/points_in,std_msgs/msg/Int32,5759
1774528677.483699,/metrics/dbscan/back/processing_ms,std_msgs/msg/Float32,52.50904846191406
1774528677.5168953,/metrics/dbscan/right/detections_count,std_msgs/msg/Int32,9
1774528677.5170574,/metrics/dbscan/right/points_in,std_msgs/msg/Int32,6173
1774528677.5171494,/metrics/dbscan/right/processing_ms,std_msgs/msg/Float32,63.12306594848633
1774528677.530175,/metrics/dbscan/front/detections_count,std_msgs/msg/Int32,11
1774528677.5302994,/metrics/dbscan/front/points_in,std_msgs/msg/Int32,7315
1774528677.5303652,/metrics/dbscan/front/processing_ms,std_msgs/msg/Float32,53.333526611328125
1774528677.547095,/metrics/dbscan/left/detections_count,std_msgs/msg/Int32,11
1774528677.5472016,/metrics/dbscan/left/points_in,std_msgs/msg/Int32,10652
1774528677.547264,/metrics/dbscan/left/processing_ms,std_msgs/msg/Float32,72.10067749023438
1774528677.5820236,/metrics/dbscan/back/detections_count,std_msgs/msg/Int32,12
1774528677.5821476,/metrics/dbscan/back/points_in,std_msgs/msg/Int32,5757
1774528677.582225,/metrics/dbscan/back/processing_ms,std_msgs/msg/Float32,49.98347854614258
1774528677.616912,/metrics/dbscan/right/detections_count,std_msgs/msg/Int32,9
1774528677.6170416,/metrics/dbscan/right/points_in,std_msgs/msg/Int32,6161
1774528677.6171353,/metrics/dbscan/right/processing_ms,std_msgs/msg/Float32,61.08074188232422
1774528677.6290998,/metrics/dbscan/front/detections_count,std_msgs/msg/Int32,11
1774528677.6292322,/metrics/dbscan/front/points_in,std_msgs/msg/Int32,7087
1774528677.629331,/metrics/dbscan/front/processing_ms,std_msgs/msg/Float32,51.716270446777344
1774528677.6435194,/metrics/dbscan/left/detections_count,std_msgs/msg/Int32,11
1774528677.6436305,/metrics/dbscan/left/points_in,std_msgs/msg/Int32,10581
1774528677.6436954,/metrics/dbscan/left/processing_ms,std_msgs/msg/Float32,68.53050994873047
1774528677.6813047,/metrics/dbscan/back/detections_count,std_msgs/msg/Int32,12
1774528677.681438,/metrics/dbscan/back/processing_ms,std_msgs/msg/Float32,52.71766662597656
1774528677.6819036,/metrics/dbscan/back/points_in,std_msgs/msg/Int32,5626
1774528677.7171926,/metrics/dbscan/right/detections_count,std_msgs/msg/Int32,9
1774528677.7173235,/metrics/dbscan/right/points_in,std_msgs/msg/Int32,6171
1774528677.7173944,/metrics/dbscan/right/processing_ms,std_msgs/msg/Float32,61.864219665527344
1774528677.7288167,/metrics/dbscan/front/detections_count,std_msgs/msg/Int32,10
1774528677.728925,/metrics/dbscan/front/points_in,std_msgs/msg/Int32,6813
1774528677.7289944,/metrics/dbscan/front/processing_ms,std_msgs/msg/Float32,49.724422454833984
1774528677.7446153,/metrics/dbscan/left/detections_count,std_msgs/msg/Int32,12
1774528677.7447152,/metrics/dbscan/left/points_in,std_msgs/msg/Int32,10473
1774528677.7447782,/metrics/dbscan/left/processing_ms,std_msgs/msg/Float32,67.99043273925781
1774528677.7773411,/metrics/dbscan/back/detections_count,std_msgs/msg/Int32,12
1774528677.777457,/metrics/dbscan/back/points_in,std_msgs/msg/Int32,5389
1774528677.7775197,/metrics/dbscan/back/processing_ms,std_msgs/msg/Float32,48.44758605957031
1774528677.8165755,/metrics/dbscan/right/detections_count,std_msgs/msg/Int32,9
1774528677.81669,/metrics/dbscan/right/points_in,std_msgs/msg/Int32,6179
1774528677.8167543,/metrics/dbscan/right/processing_ms,std_msgs/msg/Float32,60.72774124145508
1774528677.8286994,/metrics/dbscan/front/detections_count,std_msgs/msg/Int32,10
1774528677.8288114,/metrics/dbscan/front/points_in,std_msgs/msg/Int32,6567
1774528677.828877,/metrics/dbscan/front/processing_ms,std_msgs/msg/Float32,49.069210052490234
1774528677.8439426,/metrics/dbscan/left/detections_count,std_msgs/msg/Int32,12
1774528677.8440409,/metrics/dbscan/left/points_in,std_msgs/msg/Int32,10310
1774528677.8441048,/metrics/dbscan/left/processing_ms,std_msgs/msg/Float32,67.77259063720703
1774528677.8781385,/metrics/dbscan/back/detections_count,std_msgs/msg/Int32,12
1774528677.878246,/metrics/dbscan/back/points_in,std_msgs/msg/Int32,5292
1774528677.8783195,/metrics/dbscan/back/processing_ms,std_msgs/msg/Float32,48.3011474609375
1774528677.9186413,/metrics/dbscan/right/detections_count,std_msgs/msg/Int32,9
1774528677.9188063,/metrics/dbscan/right/points_in,std_msgs/msg/Int32,6172
1774528677.9188716,/metrics/dbscan/right/processing_ms,std_msgs/msg/Float32,61.403926849365234
1774528677.9339533,/metrics/dbscan/front/detections_count,std_msgs/msg/Int32,13
1774528677.9340582,/metrics/dbscan/front/points_in,std_msgs/msg/Int32,6332
1774528677.9341223,/metrics/dbscan/front/processing_ms,std_msgs/msg/Float32,53.25035858154297
1774528677.9406455,/metrics/dbscan/left/detections_count,std_msgs/msg/Int32,12
1774528677.9407334,/metrics/dbscan/left/points_in,std_msgs/msg/Int32,10263
1774528677.9408002,/metrics/dbscan/left/processing_ms,std_msgs/msg/Float32,68.2617416381836
1774528677.9822824,/metrics/dbscan/back/detections_count,std_msgs/msg/Int32,12
1774528677.9824018,/metrics/dbscan/back/points_in,std_msgs/msg/Int32,5258
1774528677.9824665,/metrics/dbscan/back/processing_ms,std_msgs/msg/Float32,51.12202072143555
1774528678.0149903,/metrics/dbscan/right/detections_count,std_msgs/msg/Int32,9
1774528678.015169,/metrics/dbscan/right/points_in,std_msgs/msg/Int32,6168
1774528678.0152533,/metrics/dbscan/right/processing_ms,std_msgs/msg/Float32,61.595882415771484
1774528678.0325322,/metrics/dbscan/front/detections_count,std_msgs/msg/Int32,13
1774528678.0326428,/metrics/dbscan/front/points_in,std_msgs/msg/Int32,6084
1774528678.0327244,/metrics/dbscan/front/processing_ms,std_msgs/msg/Float32,54.95509338378906
1774528678.041228,/metrics/dbscan/left/detections_count,std_msgs/msg/Int32,12
1774528678.0413291,/metrics/dbscan/left/points_in,std_msgs/msg/Int32,9772
1774528678.041397,/metrics/dbscan/left/processing_ms,std_msgs/msg/Float32,67.54935455322266
1774528678.0830672,/metrics/dbscan/back/detections_count,std_msgs/msg/Int32,12
1774528678.0831943,/metrics/dbscan/back/points_in,std_msgs/msg/Int32,5153
1774528678.083288,/metrics/dbscan/back/processing_ms,std_msgs/msg/Float32,50.837669372558594
1774528678.1168818,/metrics/dbscan/right/detections_count,std_msgs/msg/Int32,9
1774528678.1170018,/metrics/dbscan/right/points_in,std_msgs/msg/Int32,6159
1774528678.1170669,/metrics/dbscan/right/processing_ms,std_msgs/msg/Float32,62.21120071411133
1774528678.1320772,/metrics/dbscan/front/detections_count,std_msgs/msg/Int32,13
1774528678.1321867,/metrics/dbscan/front/points_in,std_msgs/msg/Int32,5856
1774528678.132251,/metrics/dbscan/front/processing_ms,std_msgs/msg/Float32,54.25644302368164
1774528678.1439013,/metrics/dbscan/left/detections_count,std_msgs/msg/Int32,11
1774528678.1441114,/metrics/dbscan/left/points_in,std_msgs/msg/Int32,9572
1774528678.144207,/metrics/dbscan/left/processing_ms,std_msgs/msg/Float32,68.7110366821289
1774528678.1789424,/metrics/dbscan/back/detections_count,std_msgs/msg/Int32,13
1774528678.1791186,/metrics/dbscan/back/points_in,std_msgs/msg/Int32,5057
1774528678.1792166,/metrics/dbscan/back/processing_ms,std_msgs/msg/Float32,47.454627990722656
1774528678.2171907,/metrics/dbscan/right/detections_count,std_msgs/msg/Int32,9
1774528678.2173135,/metrics/dbscan/right/points_in,std_msgs/msg/Int32,6152
1774528678.2173815,/metrics/dbscan/right/processing_ms,std_msgs/msg/Float32,61.15130615234375
1774528678.2364728,/metrics/dbscan/front/detections_count,std_msgs/msg/Int32,12
1774528678.2365847,/metrics/dbscan/front/points_in,std_msgs/msg/Int32,5692
1774528678.2366517,/metrics/dbscan/front/processing_ms,std_msgs/msg/Float32,57.02479934692383
1774528678.2445118,/metrics/dbscan/left/detections_count,std_msgs/msg/Int32,11
1774528678.2446234,/metrics/dbscan/left/points_in,std_msgs/msg/Int32,9639
1774528678.244686,/metrics/dbscan/left/processing_ms,std_msgs/msg/Float32,69.05792236328125
1774528678.2760096,/metrics/dbscan/back/detections_count,std_msgs/msg/Int32,10
1774528678.2761533,/metrics/dbscan/back/points_in,std_msgs/msg/Int32,5106
1774528678.2762256,/metrics/dbscan/back/processing_ms,std_msgs/msg/Float32,47.288543701171875
1774528678.3152869,/metrics/dbscan/right/detections_count,std_msgs/msg/Int32,9
1774528678.3154013,/metrics/dbscan/right/points_in,std_msgs/msg/Int32,6171
1774528678.315464,/metrics/dbscan/right/processing_ms,std_msgs/msg/Float32,59.01543426513672
1774528678.3408394,/metrics/dbscan/front/detections_count,std_msgs/msg/Int32,11
1774528678.3409388,/metrics/dbscan/front/points_in,std_msgs/msg/Int32,5595
1774528678.3409977,/metrics/dbscan/front/processing_ms,std_msgs/msg/Float32,61.29176330566406
1774528678.3417795,/metrics/dbscan/left/detections_count,std_msgs/msg/Int32,12
1774528678.341885,/metrics/dbscan/left/processing_ms,std_msgs/msg/Float32,65.35368347167969
1774528678.3423467,/metrics/dbscan/left/points_in,std_msgs/msg/Int32,9621
1774528678.384597,/metrics/dbscan/back/detections_count,std_msgs/msg/Int32,11
1774528678.384708,/metrics/dbscan/back/points_in,std_msgs/msg/Int32,5141
1774528678.3847725,/metrics/dbscan/back/processing_ms,std_msgs/msg/Float32,55.62565612792969
1774528678.4195952,/metrics/dbscan/right/detections_count,std_msgs/msg/Int32,10
1774528678.419715,/metrics/dbscan/right/points_in,std_msgs/msg/Int32,6165
1774528678.4197822,/metrics/dbscan/right/processing_ms,std_msgs/msg/Float32,61.997684478759766
1774528678.4374967,/metrics/dbscan/front/detections_count,std_msgs/msg/Int32,10
1774528678.43762,/metrics/dbscan/front/points_in,std_msgs/msg/Int32,5570
1774528678.437695,/metrics/dbscan/front/processing_ms,std_msgs/msg/Float32,56.71247482299805
1774528678.4389966,/metrics/dbscan/left/detections_count,std_msgs/msg/Int32,12
1774528678.4390593,/metrics/dbscan/left/processing_ms,std_msgs/msg/Float32,66.0728759765625
1774528678.4392934,/metrics/dbscan/left/points_in,std_msgs/msg/Int32,9501
1774528678.477734,/metrics/dbscan/back/detections_count,std_msgs/msg/Int32,11
1774528678.4778485,/metrics/dbscan/back/points_in,std_msgs/msg/Int32,5125
1774528678.4779038,/metrics/dbscan/back/processing_ms,std_msgs/msg/Float32,47.84262466430664
1774528678.5196083,/metrics/dbscan/right/detections_count,std_msgs/msg/Int32,9
1774528678.519722,/metrics/dbscan/right/points_in,std_msgs/msg/Int32,6163
1774528678.5197885,/metrics/dbscan/right/processing_ms,std_msgs/msg/Float32,62.00139236450195
1774528678.5347092,/metrics/dbscan/front/detections_count,std_msgs/msg/Int32,12
1774528678.5348337,/metrics/dbscan/front/points_in,std_msgs/msg/Int32,5576
1774528678.5349197,/metrics/dbscan/front/processing_ms,std_msgs/msg/Float32,56.17854690551758
1774528678.5387511,/metrics/dbscan/left/detections_count,std_msgs/msg/Int32,12
1774528678.5388336,/metrics/dbscan/left/processing_ms,std_msgs/msg/Float32,63.93826675415039
1774528678.5391355,/metrics/dbscan/left/points_in,std_msgs/msg/Int32,9408
1774528678.5787783,/metrics/dbscan/back/detections_count,std_msgs/msg/Int32,12
1774528678.5788927,/metrics/dbscan/back/points_in,std_msgs/msg/Int32,5268
1774528678.5789714,/metrics/dbscan/back/processing_ms,std_msgs/msg/Float32,47.87971496582031
1774528678.6172373,/metrics/dbscan/right/detections_count,std_msgs/msg/Int32,9
1774528678.6173816,/metrics/dbscan/right/points_in,std_msgs/msg/Int32,6175
1774528678.6174674,/metrics/dbscan/right/processing_ms,std_msgs/msg/Float32,63.89606475830078
1774528678.63399,/metrics/dbscan/front/detections_count,std_msgs/msg/Int32,12
1774528678.6341145,/metrics/dbscan/front/points_in,std_msgs/msg/Int32,5577
1774528678.6342132,/metrics/dbscan/front/processing_ms,std_msgs/msg/Float32,56.51042938232422
1774528678.6389515,/metrics/dbscan/left/detections_count,std_msgs/msg/Int32,11
1774528678.639041,/metrics/dbscan/left/points_in,std_msgs/msg/Int32,9213
1774528678.6391234,/metrics/dbscan/left/processing_ms,std_msgs/msg/Float32,64.83247375488281
1774528678.6809413,/metrics/dbscan/back/detections_count,std_msgs/msg/Int32,11
1774528678.6810918,/metrics/dbscan/back/points_in,std_msgs/msg/Int32,5389
1774528678.6811721,/metrics/dbscan/back/processing_ms,std_msgs/msg/Float32,49.43320846557617
1774528678.7174342,/metrics/dbscan/right/detections_count,std_msgs/msg/Int32,9
1774528678.7175722,/metrics/dbscan/right/points_in,std_msgs/msg/Int32,6157
1774528678.7176394,/metrics/dbscan/right/processing_ms,std_msgs/msg/Float32,62.38007354736328
1774528678.7368155,/metrics/dbscan/front/detections_count,std_msgs/msg/Int32,11
1774528678.7369406,/metrics/dbscan/front/points_in,std_msgs/msg/Int32,5583
1774528678.7370167,/metrics/dbscan/front/processing_ms,std_msgs/msg/Float32,57.98151779174805
1774528678.7401896,/metrics/dbscan/left/detections_count,std_msgs/msg/Int32,12
1774528678.7402818,/metrics/dbscan/left/points_in,std_msgs/msg/Int32,8864
1774528678.7403533,/metrics/dbscan/left/processing_ms,std_msgs/msg/Float32,64.69853973388672
1774528678.7767234,/metrics/dbscan/back/detections_count,std_msgs/msg/Int32,10
1774528678.7768328,/metrics/dbscan/back/points_in,std_msgs/msg/Int32,5495
1774528678.7768955,/metrics/dbscan/back/processing_ms,std_msgs/msg/Float32,47.826393127441406
1774528678.8201087,/metrics/dbscan/right/detections_count,std_msgs/msg/Int32,9
1774528678.8202221,/metrics/dbscan/right/points_in,std_msgs/msg/Int32,6165
1774528678.820301,/metrics/dbscan/right/processing_ms,std_msgs/msg/Float32,64.60798645019531
1774528678.836504,/metrics/dbscan/front/detections_count,std_msgs/msg/Int32,13
1774528678.8366082,/metrics/dbscan/front/points_in,std_msgs/msg/Int32,5586
1774528678.8366692,/metrics/dbscan/front/processing_ms,std_msgs/msg/Float32,56.75519561767578
1774528678.8417141,/metrics/dbscan/left/detections_count,std_msgs/msg/Int32,13
1774528678.8418036,/metrics/dbscan/left/points_in,std_msgs/msg/Int32,8641
1774528678.841862,/metrics/dbscan/left/processing_ms,std_msgs/msg/Float32,65.19134521484375
1774528678.8818536,/metrics/dbscan/back/detections_count,std_msgs/msg/Int32,11
1774528678.8819735,/metrics/dbscan/back/points_in,std_msgs/msg/Int32,5590
1774528678.8820374,/metrics/dbscan/back/processing_ms,std_msgs/msg/Float32,52.81507110595703
1774528678.9180512,/metrics/dbscan/right/detections_count,std_msgs/msg/Int32,9
1774528678.9181736,/metrics/dbscan/right/points_in,std_msgs/msg/Int32,6163
1774528678.9182405,/metrics/dbscan/right/processing_ms,std_msgs/msg/Float32,61.915470123291016
1774528678.934931,/metrics/dbscan/left/detections_count,std_msgs/msg/Int32,12
1774528678.9350674,/metrics/dbscan/left/points_in,std_msgs/msg/Int32,8582
1774528678.9351408,/metrics/dbscan/left/processing_ms,std_msgs/msg/Float32,61.80252456665039
1774528678.9376626,/metrics/dbscan/front/detections_count,std_msgs/msg/Int32,11
1774528678.9377327,/metrics/dbscan/front/points_in,std_msgs/msg/Int32,5597
1774528678.9377875,/metrics/dbscan/front/processing_ms,std_msgs/msg/Float32,57.15092849731445
1774528678.979525,/metrics/dbscan/back/detections_count,std_msgs/msg/Int32,11
1774528678.979656,/metrics/dbscan/back/points_in,std_msgs/msg/Int32,5559
1774528678.979731,/metrics/dbscan/back/processing_ms,std_msgs/msg/Float32,49.558738708496094
1774528679.0197473,/metrics/dbscan/right/detections_count,std_msgs/msg/Int32,9
1774528679.0198655,/metrics/dbscan/right/points_in,std_msgs/msg/Int32,6153
1774528679.019933,/metrics/dbscan/right/processing_ms,std_msgs/msg/Float32,62.814369201660156
1774528679.036199,/metrics/dbscan/front/detections_count,std_msgs/msg/Int32,11
1774528679.0363293,/metrics/dbscan/front/points_in,std_msgs/msg/Int32,5585
1774528679.0363965,/metrics/dbscan/front/processing_ms,std_msgs/msg/Float32,59.17734146118164
1774528679.038809,/metrics/dbscan/left/detections_count,std_msgs/msg/Int32,12
1774528679.0388768,/metrics/dbscan/left/processing_ms,std_msgs/msg/Float32,64.87189483642578
1774528679.039113,/metrics/dbscan/left/points_in,std_msgs/msg/Int32,8585
1774528679.0823379,/metrics/dbscan/back/detections_count,std_msgs/msg/Int32,12
1774528679.0824485,/metrics/dbscan/back/points_in,std_msgs/msg/Int32,5593
1774528679.0825112,/metrics/dbscan/back/processing_ms,std_msgs/msg/Float32,51.467288970947266
1774528679.1238694,/metrics/dbscan/right/detections_count,std_msgs/msg/Int32,9
1774528679.12398,/metrics/dbscan/right/points_in,std_msgs/msg/Int32,6160
1774528679.1240435,/metrics/dbscan/right/processing_ms,std_msgs/msg/Float32,65.80258178710938
1774528679.136092,/metrics/dbscan/front/detections_count,std_msgs/msg/Int32,12
1774528679.136232,/metrics/dbscan/front/points_in,std_msgs/msg/Int32,5584
1774528679.1363256,/metrics/dbscan/front/processing_ms,std_msgs/msg/Float32,56.8167724609375
1774528679.1397586,/metrics/dbscan/left/detections_count,std_msgs/msg/Int32,11
1774528679.1398778,/metrics/dbscan/left/points_in,std_msgs/msg/Int32,8566
1774528679.139967,/metrics/dbscan/left/processing_ms,std_msgs/msg/Float32,64.10224914550781
1774528679.1833258,/metrics/dbscan/back/detections_count,std_msgs/msg/Int32,11
1774528679.1834474,/metrics/dbscan/back/points_in,std_msgs/msg/Int32,5692
1774528679.1835206,/metrics/dbscan/back/processing_ms,std_msgs/msg/Float32,52.06418228149414
1774528679.215914,/metrics/dbscan/right/detections_count,std_msgs/msg/Int32,10
1774528679.216027,/metrics/dbscan/right/points_in,std_msgs/msg/Int32,6168
1774528679.21609,/metrics/dbscan/right/processing_ms,std_msgs/msg/Float32,60.16766357421875
1774528679.23714,/metrics/dbscan/left/detections_count,std_msgs/msg/Int32,11
1774528679.237263,/metrics/dbscan/left/points_in,std_msgs/msg/Int32,8517
1774528679.2373548,/metrics/dbscan/left/processing_ms,std_msgs/msg/Float32,61.83369445800781
1774528679.2388732,/metrics/dbscan/front/detections_count,std_msgs/msg/Int32,12
1774528679.2389538,/metrics/dbscan/front/processing_ms,std_msgs/msg/Float32,59.70340347290039
1774528679.2393503,/metrics/dbscan/front/points_in,std_msgs/msg/Int32,5580
1774528679.2852597,/metrics/dbscan/back/detections_count,std_msgs/msg/Int32,12
1774528679.2853978,/metrics/dbscan/back/points_in,std_msgs/msg/Int32,5824
1774528679.2854822,/metrics/dbscan/back/processing_ms,std_msgs/msg/Float32,53.168643951416016
1774528679.3149798,/metrics/dbscan/right/detections_count,std_msgs/msg/Int32,9
1774528679.315096,/metrics/dbscan/right/points_in,std_msgs/msg/Int32,6160
1774528679.3151584,/metrics/dbscan/right/processing_ms,std_msgs/msg/Float32,59.65616226196289
1774528679.337203,/metrics/dbscan/front/detections_count,std_msgs/msg/Int32,12
1774528679.3373373,/metrics/dbscan/front/points_in,std_msgs/msg/Int32,5575
1774528679.337408,/metrics/dbscan/front/processing_ms,std_msgs/msg/Float32,56.119789123535156
1774528679.340254,/metrics/dbscan/left/detections_count,std_msgs/msg/Int32,11
1774528679.3403509,/metrics/dbscan/left/processing_ms,std_msgs/msg/Float32,63.1116943359375
1774528679.3406348,/metrics/dbscan/left/points_in,std_msgs/msg/Int32,8576
1774528679.3791046,/metrics/dbscan/back/detections_count,std_msgs/msg/Int32,12
1774528679.3792114,/metrics/dbscan/back/points_in,std_msgs/msg/Int32,5828
1774528679.3793192,/metrics/dbscan/back/processing_ms,std_msgs/msg/Float32,50.337982177734375
1774528679.4184659,/metrics/dbscan/right/detections_count,std_msgs/msg/Int32,9
1774528679.4185889,/metrics/dbscan/right/points_in,std_msgs/msg/Int32,6162
1774528679.4186563,/metrics/dbscan/right/processing_ms,std_msgs/msg/Float32,62.393577575683594
1774528679.434353,/metrics/dbscan/left/detections_count,std_msgs/msg/Int32,10
1774528679.4344685,/metrics/dbscan/left/points_in,std_msgs/msg/Int32,8594
1774528679.43453,/metrics/dbscan/left/processing_ms,std_msgs/msg/Float32,61.31768035888672
1774528679.4380825,/metrics/dbscan/front/detections_count,std_msgs/msg/Int32,11
1774528679.4381511,/metrics/dbscan/front/processing_ms,std_msgs/msg/Float32,57.66874313354492
1774528679.4383912,/metrics/dbscan/front/points_in,std_msgs/msg/Int32,5575
1774528679.4792907,/metrics/dbscan/back/detections_count,std_msgs/msg/Int32,11
1774528679.4794147,/metrics/dbscan/back/points_in,std_msgs/msg/Int32,5804
1774528679.4794903,/metrics/dbscan/back/processing_ms,std_msgs/msg/Float32,50.1281623840332
1774528679.5176048,/metrics/dbscan/right/detections_count,std_msgs/msg/Int32,9
1774528679.517744,/metrics/dbscan/right/points_in,std_msgs/msg/Int32,6171
1774528679.517832,/metrics/dbscan/right/processing_ms,std_msgs/msg/Float32,61.0396842956543
1774528679.5344212,/metrics/dbscan/front/detections_count,std_msgs/msg/Int32,11
1774528679.5345232,/metrics/dbscan/front/points_in,std_msgs/msg/Int32,5575
1774528679.5345767,/metrics/dbscan/front/processing_ms,std_msgs/msg/Float32,56.983978271484375
1774528679.536403,/metrics/dbscan/left/detections_count,std_msgs/msg/Int32,10
1774528679.5364692,/metrics/dbscan/left/points_in,std_msgs/msg/Int32,8667
1774528679.536522,/metrics/dbscan/left/processing_ms,std_msgs/msg/Float32,62.66474533081055
1774528679.5791702,/metrics/dbscan/back/detections_count,std_msgs/msg/Int32,12
1774528679.5792887,/metrics/dbscan/back/points_in,std_msgs/msg/Int32,5722
1774528679.5793579,/metrics/dbscan/back/processing_ms,std_msgs/msg/Float32,49.100337982177734
1774528679.618813,/metrics/dbscan/right/detections_count,std_msgs/msg/Int32,9
1774528679.6189256,/metrics/dbscan/right/points_in,std_msgs/msg/Int32,6165
1774528679.6189885,/metrics/dbscan/right/processing_ms,std_msgs/msg/Float32,61.37674331665039
1774528679.6351385,/metrics/dbscan/front/detections_count,std_msgs/msg/Int32,10
1774528679.6352513,/metrics/dbscan/front/points_in,std_msgs/msg/Int32,5568
1774528679.6353269,/metrics/dbscan/front/processing_ms,std_msgs/msg/Float32,56.49565124511719
1774528679.6372874,/metrics/dbscan/left/detections_count,std_msgs/msg/Int32,11
1774528679.6373556,/metrics/dbscan/left/points_in,std_msgs/msg/Int32,8713
1774528679.637406,/metrics/dbscan/left/processing_ms,std_msgs/msg/Float32,62.33512878417969
1774528679.680791,/metrics/dbscan/back/detections_count,std_msgs/msg/Int32,13
1774528679.6809483,/metrics/dbscan/back/points_in,std_msgs/msg/Int32,5536
1774528679.6810284,/metrics/dbscan/back/processing_ms,std_msgs/msg/Float32,49.32585525512695
1774528679.7149632,/metrics/dbscan/right/detections_count,std_msgs/msg/Int32,9
1774528679.7151163,/metrics/dbscan/right/points_in,std_msgs/msg/Int32,6157
1774528679.715189,/metrics/dbscan/right/processing_ms,std_msgs/msg/Float32,61.70509719848633
1774528679.7361443,/metrics/dbscan/left/detections_count,std_msgs/msg/Int32,10
1774528679.736271,/metrics/dbscan/left/points_in,std_msgs/msg/Int32,8722
1774528679.7363627,/metrics/dbscan/left/processing_ms,std_msgs/msg/Float32,60.72209167480469
1774528679.7368064,/metrics/dbscan/front/detections_count,std_msgs/msg/Int32,11
1774528679.7368824,/metrics/dbscan/front/points_in,std_msgs/msg/Int32,5581
1774528679.7369545,/metrics/dbscan/front/processing_ms,std_msgs/msg/Float32,56.82340621948242
1774528679.7810605,/metrics/dbscan/back/detections_count,std_msgs/msg/Int32,10
1774528679.7811594,/metrics/dbscan/back/points_in,std_msgs/msg/Int32,5399
1774528679.7812126,/metrics/dbscan/back/processing_ms,std_msgs/msg/Float32,49.7116813659668
1774528679.817676,/metrics/dbscan/right/detections_count,std_msgs/msg/Int32,10
1774528679.8177888,/metrics/dbscan/right/points_in,std_msgs/msg/Int32,6157
1774528679.8178506,/metrics/dbscan/right/processing_ms,std_msgs/msg/Float32,63.721614837646484
1774528679.8373294,/metrics/dbscan/front/detections_count,std_msgs/msg/Int32,11
1774528679.8374448,/metrics/dbscan/front/points_in,std_msgs/msg/Int32,5576
1774528679.8375099,/metrics/dbscan/front/processing_ms,std_msgs/msg/Float32,57.144386291503906
1774528679.83785,/metrics/dbscan/left/detections_count,std_msgs/msg/Int32,10
1774528679.8379154,/metrics/dbscan/left/points_in,std_msgs/msg/Int32,8706
1774528679.8379757,/metrics/dbscan/left/processing_ms,std_msgs/msg/Float32,60.94864273071289
1774528679.88179,/metrics/dbscan/back/detections_count,std_msgs/msg/Int32,9
1774528679.8819118,/metrics/dbscan/back/points_in,std_msgs/msg/Int32,5229
1774528679.881987,/metrics/dbscan/back/processing_ms,std_msgs/msg/Float32,49.02231979370117
1774528679.915377,/metrics/dbscan/right/detections_count,std_msgs/msg/Int32,9
1774528679.9154906,/metrics/dbscan/right/points_in,std_msgs/msg/Int32,6170
1774528679.915552,/metrics/dbscan/right/processing_ms,std_msgs/msg/Float32,59.883724212646484
1774528679.9332187,/metrics/dbscan/left/detections_count,std_msgs/msg/Int32,10
1774528679.933354,/metrics/dbscan/left/points_in,std_msgs/msg/Int32,8679
1774528679.933423,/metrics/dbscan/left/processing_ms,std_msgs/msg/Float32,60.04912185668945
1774528679.9361246,/metrics/dbscan/front/detections_count,std_msgs/msg/Int32,12
1774528679.936211,/metrics/dbscan/front/points_in,std_msgs/msg/Int32,5582
1774528679.9362953,/metrics/dbscan/front/processing_ms,std_msgs/msg/Float32,55.658790588378906
1774528679.977554,/metrics/dbscan/back/detections_count,std_msgs/msg/Int32,9
1774528679.9776766,/metrics/dbscan/back/points_in,std_msgs/msg/Int32,5250
1774528679.9777508,/metrics/dbscan/back/processing_ms,std_msgs/msg/Float32,48.68535614013672
1774528680.0183156,/metrics/dbscan/right/detections_count,std_msgs/msg/Int32,9
1774528680.0184271,/metrics/dbscan/right/points_in,std_msgs/msg/Int32,6177
1774528680.0184896,/metrics/dbscan/right/processing_ms,std_msgs/msg/Float32,60.591312408447266
1774528680.0339334,/metrics/dbscan/left/detections_count,std_msgs/msg/Int32,10
1774528680.0340447,/metrics/dbscan/left/points_in,std_msgs/msg/Int32,8654
1774528680.0341146,/metrics/dbscan/left/processing_ms,std_msgs/msg/Float32,59.873897552490234
1774528680.034518,/metrics/dbscan/front/detections_count,std_msgs/msg/Int32,11
1774528680.0345995,/metrics/dbscan/front/points_in,std_msgs/msg/Int32,5588
1774528680.0346577,/metrics/dbscan/front/processing_ms,std_msgs/msg/Float32,57.05168914794922
1774528680.0791237,/metrics/dbscan/back/detections_count,std_msgs/msg/Int32,10
1774528680.0792432,/metrics/dbscan/back/points_in,std_msgs/msg/Int32,5506
1774528680.0793462,/metrics/dbscan/back/processing_ms,std_msgs/msg/Float32,49.953250885009766
1774528680.1157043,/metrics/dbscan/right/detections_count,std_msgs/msg/Int32,9
1774528680.1158218,/metrics/dbscan/right/points_in,std_msgs/msg/Int32,6170
1774528680.1158838,/metrics/dbscan/right/processing_ms,std_msgs/msg/Float32,58.92542266845703
1774528680.1345246,/metrics/dbscan/front/detections_count,std_msgs/msg/Int32,11
1774528680.1346323,/metrics/dbscan/front/points_in,std_msgs/msg/Int32,5582
1774528680.1346955,/metrics/dbscan/front/processing_ms,std_msgs/msg/Float32,55.682273864746094
1774528680.135926,/metrics/dbscan/left/detections_count,std_msgs/msg/Int32,10
1774528680.1359918,/metrics/dbscan/left/points_in,std_msgs/msg/Int32,8601
1774528680.1360397,/metrics/dbscan/left/processing_ms,std_msgs/msg/Float32,60.894989013671875
1774528680.1798368,/metrics/dbscan/back/detections_count,std_msgs/msg/Int32,10
1774528680.1799555,/metrics/dbscan/back/points_in,std_msgs/msg/Int32,5922
1774528680.1800354,/metrics/dbscan/back/processing_ms,std_msgs/msg/Float32,49.663360595703125
1774528680.2190738,/metrics/dbscan/right/detections_count,std_msgs/msg/Int32,10
1774528680.2191858,/metrics/dbscan/right/points_in,std_msgs/msg/Int32,6160
1774528680.2192478,/metrics/dbscan/right/processing_ms,std_msgs/msg/Float32,60.94725799560547
1774528680.2342875,/metrics/dbscan/front/detections_count,std_msgs/msg/Int32,11
1774528680.2344098,/metrics/dbscan/front/points_in,std_msgs/msg/Int32,5582
1774528680.2344878,/metrics/dbscan/front/processing_ms,std_msgs/msg/Float32,54.96891784667969
1774528680.237251,/metrics/dbscan/left/detections_count,std_msgs/msg/Int32,10
1774528680.2373378,/metrics/dbscan/left/points_in,std_msgs/msg/Int32,8562
1774528680.2373998,/metrics/dbscan/left/processing_ms,std_msgs/msg/Float32,61.97471237182617
1774528680.2812698,/metrics/dbscan/back/detections_count,std_msgs/msg/Int32,9
1774528680.281401,/metrics/dbscan/back/points_in,std_msgs/msg/Int32,6101
1774528680.2814624,/metrics/dbscan/back/processing_ms,std_msgs/msg/Float32,50.33021545410156
1774528680.3216424,/metrics/dbscan/right/detections_count,std_msgs/msg/Int32,8
1774528680.321758,/metrics/dbscan/right/points_in,std_msgs/msg/Int32,6166
1774528680.3218215,/metrics/dbscan/right/processing_ms,std_msgs/msg/Float32,67.27831268310547
1774528680.3382304,/metrics/dbscan/front/detections_count,std_msgs/msg/Int32,12
1774528680.338358,/metrics/dbscan/front/points_in,std_msgs/msg/Int32,5585
1774528680.3384256,/metrics/dbscan/front/processing_ms,std_msgs/msg/Float32,58.29105758666992
1774528680.3384874,/metrics/dbscan/left/detections_count,std_msgs/msg/Int32,10
1774528680.3385448,/metrics/dbscan/left/points_in,std_msgs/msg/Int32,8491
1774528680.3386009,/metrics/dbscan/left/processing_ms,std_msgs/msg/Float32,61.83404541015625
1774528680.384411,/metrics/dbscan/back/detections_count,std_msgs/msg/Int32,11
1774528680.3845317,/metrics/dbscan/back/points_in,std_msgs/msg/Int32,6296
1774528680.3846,/metrics/dbscan/back/processing_ms,std_msgs/msg/Float32,52.00275802612305
1774528680.4178236,/metrics/dbscan/right/detections_count,std_msgs/msg/Int32,8
1774528680.4179883,/metrics/dbscan/right/points_in,std_msgs/msg/Int32,6173
1774528680.418057,/metrics/dbscan/right/processing_ms,std_msgs/msg/Float32,60.09602737426758
1774528680.4317887,/metrics/dbscan/left/detections_count,std_msgs/msg/Int32,10
1774528680.4319022,/metrics/dbscan/left/points_in,std_msgs/msg/Int32,8451
1774528680.4319558,/metrics/dbscan/left/processing_ms,std_msgs/msg/Float32,59.04715347290039
1774528680.4403894,/metrics/dbscan/front/detections_count,std_msgs/msg/Int32,11
1774528680.440488,/metrics/dbscan/front/points_in,std_msgs/msg/Int32,5597
1774528680.4405487,/metrics/dbscan/front/processing_ms,std_msgs/msg/Float32,59.44974899291992
1774528680.484071,/metrics/dbscan/back/detections_count,std_msgs/msg/Int32,11
1774528680.4842515,/metrics/dbscan/back/points_in,std_msgs/msg/Int32,6253
1774528680.4843721,/metrics/dbscan/back/processing_ms,std_msgs/msg/Float32,51.67802810668945
1774528680.5205815,/metrics/dbscan/right/detections_count,std_msgs/msg/Int32,9
1774528680.520694,/metrics/dbscan/right/points_in,std_msgs/msg/Int32,6166
1774528680.520761,/metrics/dbscan/right/processing_ms,std_msgs/msg/Float32,65.5967788696289
1774528680.5358853,/metrics/dbscan/left/detections_count,std_msgs/msg/Int32,10
1774528680.5359976,/metrics/dbscan/left/points_in,std_msgs/msg/Int32,8430
1774528680.53606,/metrics/dbscan/left/processing_ms,std_msgs/msg/Float32,62.32825469970703
1774528680.5375407,/metrics/dbscan/front/detections_count,std_msgs/msg/Int32,11
1774528680.5376034,/metrics/dbscan/front/processing_ms,std_msgs/msg/Float32,60.555023193359375
1774528680.5378287,/metrics/dbscan/front/points_in,std_msgs/msg/Int32,5583
1774528680.5824811,/metrics/dbscan/back/detections_count,std_msgs/msg/Int32,11
1774528680.582604,/metrics/dbscan/back/points_in,std_msgs/msg/Int32,5918
1774528680.5826805,/metrics/dbscan/back/processing_ms,std_msgs/msg/Float32,53.80674743652344
1774528680.6182883,/metrics/dbscan/right/detections_count,std_msgs/msg/Int32,9
1774528680.618403,/metrics/dbscan/right/points_in,std_msgs/msg/Int32,6171
1774528680.6184654,/metrics/dbscan/right/processing_ms,std_msgs/msg/Float32,62.172035217285156
1774528680.6339543,/metrics/dbscan/front/detections_count,std_msgs/msg/Int32,10
1774528680.63407,/metrics/dbscan/front/points_in,std_msgs/msg/Int32,5579
1774528680.6341338,/metrics/dbscan/front/processing_ms,std_msgs/msg/Float32,56.59778594970703
1774528680.6401355,/metrics/dbscan/left/detections_count,std_msgs/msg/Int32,10
1774528680.640255,/metrics/dbscan/left/points_in,std_msgs/msg/Int32,8467
1774528680.6403284,/metrics/dbscan/left/processing_ms,std_msgs/msg/Float32,65.25188446044922
1774528680.6786063,/metrics/dbscan/back/detections_count,std_msgs/msg/Int32,12
1774528680.6787016,/metrics/dbscan/back/points_in,std_msgs/msg/Int32,5505
1774528680.6787567,/metrics/dbscan/back/processing_ms,std_msgs/msg/Float32,49.26677322387695
1774528680.7167118,/metrics/dbscan/right/detections_count,std_msgs/msg/Int32,9
1774528680.7168314,/metrics/dbscan/right/points_in,std_msgs/msg/Int32,6163
1774528680.7169008,/metrics/dbscan/right/processing_ms,std_msgs/msg/Float32,60.365379333496094
1774528680.7382147,/metrics/dbscan/left/detections_count,std_msgs/msg/Int32,10
1774528680.7383873,/metrics/dbscan/left/points_in,std_msgs/msg/Int32,8566
1774528680.7384624,/metrics/dbscan/left/processing_ms,std_msgs/msg/Float32,62.47222900390625
1774528680.741314,/metrics/dbscan/front/detections_count,std_msgs/msg/Int32,11
1774528680.741398,/metrics/dbscan/front/processing_ms,std_msgs/msg/Float32,62.18313980102539
1774528680.7416747,/metrics/dbscan/front/points_in,std_msgs/msg/Int32,5584
1774528680.78057,/metrics/dbscan/back/detections_count,std_msgs/msg/Int32,10
1774528680.7806895,/metrics/dbscan/back/points_in,std_msgs/msg/Int32,5257
1774528680.780771,/metrics/dbscan/back/processing_ms,std_msgs/msg/Float32,50.95563507080078
1774528680.8216379,/metrics/dbscan/right/detections_count,std_msgs/msg/Int32,9
1774528680.821757,/metrics/dbscan/right/points_in,std_msgs/msg/Int32,6159
1774528680.8218236,/metrics/dbscan/right/processing_ms,std_msgs/msg/Float32,63.23032760620117
1774528680.8353698,/metrics/dbscan/left/detections_count,std_msgs/msg/Int32,10
1774528680.8354788,/metrics/dbscan/left/points_in,std_msgs/msg/Int32,8618
1774528680.8355432,/metrics/dbscan/left/processing_ms,std_msgs/msg/Float32,59.55939865112305
1774528680.8399045,/metrics/dbscan/front/detections_count,std_msgs/msg/Int32,11
1774528680.8399804,/metrics/dbscan/front/points_in,std_msgs/msg/Int32,5588
1774528680.8400452,/metrics/dbscan/front/processing_ms,std_msgs/msg/Float32,59.81694793701172
1774528680.8818877,/metrics/dbscan/back/detections_count,std_msgs/msg/Int32,9
1774528680.8820071,/metrics/dbscan/back/points_in,std_msgs/msg/Int32,5603
1774528680.882088,/metrics/dbscan/back/processing_ms,std_msgs/msg/Float32,50.990474700927734
1774528680.9134636,/metrics/dbscan/right/detections_count,std_msgs/msg/Int32,9
1774528680.913592,/metrics/dbscan/right/points_in,std_msgs/msg/Int32,6162
1774528680.913683,/metrics/dbscan/right/processing_ms,std_msgs/msg/Float32,58.93751525878906
1774528680.9328878,/metrics/dbscan/left/detections_count,std_msgs/msg/Int32,10
1774528680.9330013,/metrics/dbscan/left/points_in,std_msgs/msg/Int32,8609
1774528680.9330657,/metrics/dbscan/left/processing_ms,std_msgs/msg/Float32,58.98794174194336
1774528680.9360878,/metrics/dbscan/front/detections_count,std_msgs/msg/Int32,12
1774528680.9361625,/metrics/dbscan/front/points_in,std_msgs/msg/Int32,5585
1774528680.9362257,/metrics/dbscan/front/processing_ms,std_msgs/msg/Float32,54.605316162109375
1774528680.9809718,/metrics/dbscan/back/detections_count,std_msgs/msg/Int32,11
1774528680.9810941,/metrics/dbscan/back/points_in,std_msgs/msg/Int32,5947
1774528680.9811773,/metrics/dbscan/back/processing_ms,std_msgs/msg/Float32,48.5787467956543
1774528681.0149553,/metrics/dbscan/right/detections_count,std_msgs/msg/Int32,9
1774528681.0150728,/metrics/dbscan/right/points_in,std_msgs/msg/Int32,6164
1774528681.015139,/metrics/dbscan/right/processing_ms,std_msgs/msg/Float32,59.40128707885742
1774528681.0308232,/metrics/dbscan/left/detections_count,std_msgs/msg/Int32,10
1774528681.030948,/metrics/dbscan/left/points_in,std_msgs/msg/Int32,8616
1774528681.0310178,/metrics/dbscan/left/processing_ms,std_msgs/msg/Float32,57.21565246582031
1774528681.0328426,/metrics/dbscan/front/detections_count,std_msgs/msg/Int32,11
1774528681.0329149,/metrics/dbscan/front/points_in,std_msgs/msg/Int32,5574
1774528681.0329766,/metrics/dbscan/front/processing_ms,std_msgs/msg/Float32,56.3360595703125
1774528681.0849717,/metrics/dbscan/back/detections_count,std_msgs/msg/Int32,9
1774528681.085098,/metrics/dbscan/back/points_in,std_msgs/msg/Int32,6103
1774528681.08518,/metrics/dbscan/back/processing_ms,std_msgs/msg/Float32,52.78866195678711
1774528681.1165738,/metrics/dbscan/right/detections_count,std_msgs/msg/Int32,10
1774528681.1167233,/metrics/dbscan/right/points_in,std_msgs/msg/Int32,6159
1774528681.116801,/metrics/dbscan/right/processing_ms,std_msgs/msg/Float32,60.74180603027344
1774528681.133945,/metrics/dbscan/left/detections_count,std_msgs/msg/Int32,10
1774528681.1340694,/metrics/dbscan/left/points_in,std_msgs/msg/Int32,8623
1774528681.1341472,/metrics/dbscan/left/processing_ms,std_msgs/msg/Float32,59.83454132080078
1774528681.1345878,/metrics/dbscan/front/detections_count,std_msgs/msg/Int32,11
1774528681.1346576,/metrics/dbscan/front/processing_ms,std_msgs/msg/Float32,56.8400764465332
1774528681.1349647,/metrics/dbscan/front/points_in,std_msgs/msg/Int32,5576
1774528681.1801617,/metrics/dbscan/back/detections_count,std_msgs/msg/Int32,9
1774528681.1803017,/metrics/dbscan/back/points_in,std_msgs/msg/Int32,6030
1774528681.1803815,/metrics/dbscan/back/processing_ms,std_msgs/msg/Float32,50.77341079711914
1774528681.2179942,/metrics/dbscan/right/detections_count,std_msgs/msg/Int32,9
1774528681.2181203,/metrics/dbscan/right/points_in,std_msgs/msg/Int32,6167
1774528681.218193,/metrics/dbscan/right/processing_ms,std_msgs/msg/Float32,61.22814178466797
1774528681.2320957,/metrics/dbscan/left/detections_count,std_msgs/msg/Int32,12
1774528681.2322028,/metrics/dbscan/left/points_in,std_msgs/msg/Int32,8621
1774528681.2322834,/metrics/dbscan/left/processing_ms,std_msgs/msg/Float32,56.77005386352539
1774528681.2359207,/metrics/dbscan/front/detections_count,std_msgs/msg/Int32,11
1774528681.2359862,/metrics/dbscan/front/points_in,std_msgs/msg/Int32,5575
1774528681.2360353,/metrics/dbscan/front/processing_ms,std_msgs/msg/Float32,57.228275299072266
1774528681.2852104,/metrics/dbscan/back/detections_count,std_msgs/msg/Int32,9
1774528681.285391,/metrics/dbscan/back/points_in,std_msgs/msg/Int32,5876
1774528681.2854927,/metrics/dbscan/back/processing_ms,std_msgs/msg/Float32,55.07831573486328
1774528681.3257892,/metrics/dbscan/right/detections_count,std_msgs/msg/Int32,8
1774528681.3259125,/metrics/dbscan/right/points_in,std_msgs/msg/Int32,6166
1774528681.325981,/metrics/dbscan/right/processing_ms,std_msgs/msg/Float32,68.79431915283203
1774528681.335197,/metrics/dbscan/left/detections_count,std_msgs/msg/Int32,11
1774528681.3353064,/metrics/dbscan/left/points_in,std_msgs/msg/Int32,8592
1774528681.3353722,/metrics/dbscan/left/processing_ms,std_msgs/msg/Float32,58.91597366333008
1774528681.343881,/metrics/dbscan/front/detections_count,std_msgs/msg/Int32,11
1774528681.3440645,/metrics/dbscan/front/points_in,std_msgs/msg/Int32,5588
1774528681.3441339,/metrics/dbscan/front/processing_ms,std_msgs/msg/Float32,64.86538696289062
1774528681.3817987,/metrics/dbscan/back/detections_count,std_msgs/msg/Int32,10
1774528681.38192,/metrics/dbscan/back/points_in,std_msgs/msg/Int32,5318
1774528681.3819945,/metrics/dbscan/back/processing_ms,std_msgs/msg/Float32,51.25446319580078
1774528681.4203875,/metrics/dbscan/right/detections_count,std_msgs/msg/Int32,9
1774528681.420499,/metrics/dbscan/right/points_in,std_msgs/msg/Int32,6156
1774528681.4205627,/metrics/dbscan/right/processing_ms,std_msgs/msg/Float32,65.70357513427734
1774528681.4292328,/metrics/dbscan/left/detections_count,std_msgs/msg/Int32,11
1774528681.4293475,/metrics/dbscan/left/processing_ms,std_msgs/msg/Float32,55.79008102416992
1774528681.4296527,/metrics/dbscan/left/points_in,std_msgs/msg/Int32,8711
1774528681.436246,/metrics/dbscan/front/detections_count,std_msgs/msg/Int32,12
1774528681.4363456,/metrics/dbscan/front/points_in,std_msgs/msg/Int32,5606
1774528681.4364018,/metrics/dbscan/front/processing_ms,std_msgs/msg/Float32,55.462608337402344
1774528681.4873,/metrics/dbscan/back/detections_count,std_msgs/msg/Int32,11
1774528681.487412,/metrics/dbscan/back/points_in,std_msgs/msg/Int32,4701
1774528681.4874768,/metrics/dbscan/back/processing_ms,std_msgs/msg/Float32,56.11406707763672
1774528681.521627,/metrics/dbscan/right/detections_count,std_msgs/msg/Int32,9
1774528681.5217383,/metrics/dbscan/right/points_in,std_msgs/msg/Int32,6164
1774528681.5218012,/metrics/dbscan/right/processing_ms,std_msgs/msg/Float32,66.6406478881836
1774528681.5309505,/metrics/dbscan/left/detections_count,std_msgs/msg/Int32,11
1774528681.5310588,/metrics/dbscan/left/points_in,std_msgs/msg/Int32,8944
1774528681.5311198,/metrics/dbscan/left/processing_ms,std_msgs/msg/Float32,56.21254348754883
1774528681.5323827,/metrics/dbscan/front/detections_count,std_msgs/msg/Int32,11
1774528681.53244,/metrics/dbscan/front/points_in,std_msgs/msg/Int32,5581
1774528681.53249,/metrics/dbscan/front/processing_ms,std_msgs/msg/Float32,55.47123336791992
1774528681.5807009,/metrics/dbscan/back/detections_count,std_msgs/msg/Int32,10
1774528681.5808098,/metrics/dbscan/back/points_in,std_msgs/msg/Int32,4168
1774528681.580874,/metrics/dbscan/back/processing_ms,std_msgs/msg/Float32,48.68252182006836
1774528681.6165187,/metrics/dbscan/right/detections_count,std_msgs/msg/Int32,9
1774528681.6166496,/metrics/dbscan/right/points_in,std_msgs/msg/Int32,6159
1774528681.6167288,/metrics/dbscan/right/processing_ms,std_msgs/msg/Float32,60.37432861328125
1774528681.6281729,/metrics/dbscan/left/detections_count,std_msgs/msg/Int32,10
1774528681.6282816,/metrics/dbscan/left/points_in,std_msgs/msg/Int32,9304
1774528681.6283543,/metrics/dbscan/left/processing_ms,std_msgs/msg/Float32,53.74355697631836
1774528681.6319587,/metrics/dbscan/front/detections_count,std_msgs/msg/Int32,11
1774528681.6320567,/metrics/dbscan/front/points_in,std_msgs/msg/Int32,5566
1774528681.6321216,/metrics/dbscan/front/processing_ms,std_msgs/msg/Float32,54.68356704711914
1774528681.6755412,/metrics/dbscan/back/detections_count,std_msgs/msg/Int32,10
1774528681.6756604,/metrics/dbscan/back/points_in,std_msgs/msg/Int32,4123
1774528681.6757386,/metrics/dbscan/back/processing_ms,std_msgs/msg/Float32,47.00334930419922
1774528681.714001,/metrics/dbscan/right/detections_count,std_msgs/msg/Int32,9
1774528681.714114,/metrics/dbscan/right/points_in,std_msgs/msg/Int32,6160
1774528681.7141783,/metrics/dbscan/right/processing_ms,std_msgs/msg/Float32,58.64335632324219
1774528681.7306714,/metrics/dbscan/left/detections_count,std_msgs/msg/Int32,10
1774528681.7308002,/metrics/dbscan/left/points_in,std_msgs/msg/Int32,9728
1774528681.730866,/metrics/dbscan/left/processing_ms,std_msgs/msg/Float32,54.32284927368164
1774528681.7369328,/metrics/dbscan/front/detections_count,std_msgs/msg/Int32,11
1774528681.7370167,/metrics/dbscan/front/processing_ms,std_msgs/msg/Float32,57.25886154174805
1774528681.7373602,/metrics/dbscan/front/points_in,std_msgs/msg/Int32,5589
1774528681.7777765,/metrics/dbscan/back/detections_count,std_msgs/msg/Int32,11
1774528681.7779047,/metrics/dbscan/back/points_in,std_msgs/msg/Int32,4109
1774528681.7779703,/metrics/dbscan/back/processing_ms,std_msgs/msg/Float32,48.614322662353516
1774528681.8177667,/metrics/dbscan/right/detections_count,std_msgs/msg/Int32,9
1774528681.8178852,/metrics/dbscan/right/points_in,std_msgs/msg/Int32,6165
1774528681.817948,/metrics/dbscan/right/processing_ms,std_msgs/msg/Float32,60.677486419677734
1774528684.5227568,/metrics/dbscan/front/detections_count,std_msgs/msg/Int32,14
1774528684.522872,/metrics/dbscan/front/points_in,std_msgs/msg/Int32,6415
1774528684.5229356,/metrics/dbscan/front/processing_ms,std_msgs/msg/Float32,62.047481536865234
1774528684.618164,/metrics/dbscan/front/detections_count,std_msgs/msg/Int32,13
1774528684.6183243,/metrics/dbscan/front/points_in,std_msgs/msg/Int32,6435
1774528684.618392,/metrics/dbscan/front/processing_ms,std_msgs/msg/Float32,58.8801155090332
1774528684.7236416,/metrics/dbscan/front/detections_count,std_msgs/msg/Int32,13
1774528684.723813,/metrics/dbscan/front/points_in,std_msgs/msg/Int32,6400
1774528684.7238963,/metrics/dbscan/front/processing_ms,std_msgs/msg/Float32,61.73538589477539
1774528684.8148603,/metrics/dbscan/front/detections_count,std_msgs/msg/Int32,13
1774528684.814974,/metrics/dbscan/front/points_in,std_msgs/msg/Int32,6378
1774528684.8150485,/metrics/dbscan/front/processing_ms,std_msgs/msg/Float32,58.0360107421875
1774528684.9161143,/metrics/dbscan/front/detections_count,std_msgs/msg/Int32,13
1774528684.9162261,/metrics/dbscan/front/points_in,std_msgs/msg/Int32,6296
1774528684.916301,/metrics/dbscan/front/processing_ms,std_msgs/msg/Float32,58.08488464355469
1774528685.020143,/metrics/dbscan/front/detections_count,std_msgs/msg/Int32,11
1774528685.0203288,/metrics/dbscan/front/points_in,std_msgs/msg/Int32,6187
1774528685.0204127,/metrics/dbscan/front/processing_ms,std_msgs/msg/Float32,60.76436233520508
1774528685.1162462,/metrics/dbscan/front/detections_count,std_msgs/msg/Int32,13
1774528685.1163738,/metrics/dbscan/front/points_in,std_msgs/msg/Int32,6163
1774528685.1164403,/metrics/dbscan/front/processing_ms,std_msgs/msg/Float32,55.98797607421875
1774528685.2008715,/metrics/dbscan/right/detections_count,std_msgs/msg/Int32,9
1774528685.2009819,/metrics/dbscan/right/points_in,std_msgs/msg/Int32,6713
1774528685.2010455,/metrics/dbscan/right/processing_ms,std_msgs/msg/Float32,63.491798400878906
1774528685.2169375,/metrics/dbscan/front/detections_count,std_msgs/msg/Int32,12
1774528685.2170858,/metrics/dbscan/front/points_in,std_msgs/msg/Int32,6106
1774528685.2171705,/metrics/dbscan/front/processing_ms,std_msgs/msg/Float32,60.600677490234375
1774528685.2963831,/metrics/dbscan/right/detections_count,std_msgs/msg/Int32,8
1774528685.2964811,/metrics/dbscan/right/points_in,std_msgs/msg/Int32,6662
1774528685.2965353,/metrics/dbscan/right/processing_ms,std_msgs/msg/Float32,61.92280578613281
1774528685.3182642,/metrics/dbscan/front/detections_count,std_msgs/msg/Int32,15
1774528685.318389,/metrics/dbscan/front/points_in,std_msgs/msg/Int32,6110
1774528685.3184502,/metrics/dbscan/front/processing_ms,std_msgs/msg/Float32,60.13283920288086
1774528685.3978002,/metrics/dbscan/right/detections_count,std_msgs/msg/Int32,9
1774528685.3979328,/metrics/dbscan/right/points_in,std_msgs/msg/Int32,6677
1774528685.3979983,/metrics/dbscan/right/processing_ms,std_msgs/msg/Float32,62.7233772277832
1774528685.4168599,/metrics/dbscan/front/detections_count,std_msgs/msg/Int32,12
1774528685.416965,/metrics/dbscan/front/points_in,std_msgs/msg/Int32,6142
1774528685.4170403,/metrics/dbscan/front/processing_ms,std_msgs/msg/Float32,59.78004837036133
1774528685.4977772,/metrics/dbscan/right/detections_count,std_msgs/msg/Int32,9
1774528685.4978957,/metrics/dbscan/right/points_in,std_msgs/msg/Int32,6700
1774528685.4979632,/metrics/dbscan/right/processing_ms,std_msgs/msg/Float32,62.27354049682617
1774528685.5179543,/metrics/dbscan/front/detections_count,std_msgs/msg/Int32,13
1774528685.5180686,/metrics/dbscan/front/points_in,std_msgs/msg/Int32,6151
1774528685.5181298,/metrics/dbscan/front/processing_ms,std_msgs/msg/Float32,59.748409271240234
1774528685.6024241,/metrics/dbscan/right/detections_count,std_msgs/msg/Int32,9
1774528685.602534,/metrics/dbscan/right/points_in,std_msgs/msg/Int32,6725
1774528685.6025968,/metrics/dbscan/right/processing_ms,std_msgs/msg/Float32,65.3722152709961
1774528685.6157725,/metrics/dbscan/front/detections_count,std_msgs/msg/Int32,13
1774528685.6158667,/metrics/dbscan/front/points_in,std_msgs/msg/Int32,6195
1774528685.6159277,/metrics/dbscan/front/processing_ms,std_msgs/msg/Float32,56.443233489990234
1774528685.6949873,/metrics/dbscan/right/detections_count,std_msgs/msg/Int32,9
1774528685.6951292,/metrics/dbscan/right/points_in,std_msgs/msg/Int32,6762
1774528685.695204,/metrics/dbscan/right/processing_ms,std_msgs/msg/Float32,61.692256927490234
1774528685.7162066,/metrics/dbscan/front/detections_count,std_msgs/msg/Int32,12
1774528685.71633,/metrics/dbscan/front/points_in,std_msgs/msg/Int32,6241
1774528685.7163956,/metrics/dbscan/front/processing_ms,std_msgs/msg/Float32,56.34700012207031
1774528685.797971,/metrics/dbscan/right/detections_count,std_msgs/msg/Int32,9
1774528685.7980816,/metrics/dbscan/right/points_in,std_msgs/msg/Int32,6813
1774528685.7981427,/metrics/dbscan/right/processing_ms,std_msgs/msg/Float32,63.3036003112793
1774528685.8122225,/metrics/dbscan/front/detections_count,std_msgs/msg/Int32,12
1774528685.8123407,/metrics/dbscan/front/points_in,std_msgs/msg/Int32,6267
1774528685.8124094,/metrics/dbscan/front/processing_ms,std_msgs/msg/Float32,55.74560546875
1774528685.9000401,/metrics/dbscan/right/detections_count,std_msgs/msg/Int32,8
1774528685.9001868,/metrics/dbscan/right/points_in,std_msgs/msg/Int32,6827
1774528685.9002569,/metrics/dbscan/right/processing_ms,std_msgs/msg/Float32,64.96696472167969
1774528685.9143734,/metrics/dbscan/front/detections_count,std_msgs/msg/Int32,12
1774528685.91446,/metrics/dbscan/front/points_in,std_msgs/msg/Int32,6265
1774528685.914518,/metrics/dbscan/front/processing_ms,std_msgs/msg/Float32,56.94615173339844
1774528686.0188763,/metrics/dbscan/front/detections_count,std_msgs/msg/Int32,13
1774528686.0189848,/metrics/dbscan/front/points_in,std_msgs/msg/Int32,6266
1774528686.0190475,/metrics/dbscan/front/processing_ms,std_msgs/msg/Float32,60.40699005126953
1774528686.0873563,/metrics/dbscan/right/detections_count,std_msgs/msg/Int32,9
1774528686.087487,/metrics/dbscan/right/points_in,std_msgs/msg/Int32,6823
1774528686.087575,/metrics/dbscan/right/processing_ms,std_msgs/msg/Float32,62.89472198486328
1774528686.1161864,/metrics/dbscan/front/detections_count,std_msgs/msg/Int32,13
1774528686.1163056,/metrics/dbscan/front/points_in,std_msgs/msg/Int32,6255
1774528686.1163743,/metrics/dbscan/front/processing_ms,std_msgs/msg/Float32,55.80550003051758
1774528686.151098,/metrics/dbscan/right/detections_count,std_msgs/msg/Int32,10
1774528686.1512058,/metrics/dbscan/right/points_in,std_msgs/msg/Int32,6847
1774528686.151268,/metrics/dbscan/right/processing_ms,std_msgs/msg/Float32,62.7757453918457
1774528686.2152693,/metrics/dbscan/right/detections_count,std_msgs/msg/Int32,10
1774528686.2153811,/metrics/dbscan/right/points_in,std_msgs/msg/Int32,6819
1774528686.215436,/metrics/dbscan/right/processing_ms,std_msgs/msg/Float32,63.16989517211914
1774528686.2210608,/metrics/dbscan/front/detections_count,std_msgs/msg/Int32,13
1774528686.2211518,/metrics/dbscan/front/points_in,std_msgs/msg/Int32,6282
1774528686.221211,/metrics/dbscan/front/processing_ms,std_msgs/msg/Float32,61.395111083984375
1774528686.2222264,/metrics/dbscan/left/detections_count,std_msgs/msg/Int32,12
1774528686.2222915,/metrics/dbscan/left/points_in,std_msgs/msg/Int32,8229
1774528686.222338,/metrics/dbscan/left/processing_ms,std_msgs/msg/Float32,67.34172058105469
1774528686.29596,/metrics/dbscan/right/detections_count,std_msgs/msg/Int32,8
1774528686.296106,/metrics/dbscan/right/points_in,std_msgs/msg/Int32,6848
1774528686.2961707,/metrics/dbscan/right/processing_ms,std_msgs/msg/Float32,62.50206756591797
1774528686.3155491,/metrics/dbscan/front/detections_count,std_msgs/msg/Int32,12
1774528686.3156695,/metrics/dbscan/front/points_in,std_msgs/msg/Int32,6263
1774528686.3157427,/metrics/dbscan/front/processing_ms,std_msgs/msg/Float32,58.87974548339844
1774528686.3221252,/metrics/dbscan/left/detections_count,std_msgs/msg/Int32,12
1774528686.3222055,/metrics/dbscan/left/points_in,std_msgs/msg/Int32,8226
1774528686.3222716,/metrics/dbscan/left/processing_ms,std_msgs/msg/Float32,66.87297058105469
1774528686.3963945,/metrics/dbscan/right/detections_count,std_msgs/msg/Int32,10
1774528686.396551,/metrics/dbscan/right/points_in,std_msgs/msg/Int32,6848
1774528686.3966455,/metrics/dbscan/right/processing_ms,std_msgs/msg/Float32,62.66175079345703
1774528686.4169629,/metrics/dbscan/front/detections_count,std_msgs/msg/Int32,13
1774528686.4170754,/metrics/dbscan/front/points_in,std_msgs/msg/Int32,6263
1774528686.4171386,/metrics/dbscan/front/processing_ms,std_msgs/msg/Float32,59.67988967895508
1774528686.426924,/metrics/dbscan/left/detections_count,std_msgs/msg/Int32,12
1774528686.4270117,/metrics/dbscan/left/points_in,std_msgs/msg/Int32,8234
1774528686.4270697,/metrics/dbscan/left/processing_ms,std_msgs/msg/Float32,71.12959289550781
1774528686.500561,/metrics/dbscan/right/detections_count,std_msgs/msg/Int32,9
1774528686.5006783,/metrics/dbscan/right/points_in,std_msgs/msg/Int32,6843
1774528686.500743,/metrics/dbscan/right/processing_ms,std_msgs/msg/Float32,66.80602264404297
1774528686.5188835,/metrics/dbscan/front/detections_count,std_msgs/msg/Int32,12
1774528686.518996,/metrics/dbscan/front/points_in,std_msgs/msg/Int32,6276
1774528686.519061,/metrics/dbscan/front/processing_ms,std_msgs/msg/Float32,60.251075744628906
1774528686.523142,/metrics/dbscan/left/detections_count,std_msgs/msg/Int32,12
1774528686.5232348,/metrics/dbscan/left/points_in,std_msgs/msg/Int32,8223
1774528686.5233116,/metrics/dbscan/left/processing_ms,std_msgs/msg/Float32,70.5477066040039
1774528686.6057112,/metrics/dbscan/right/detections_count,std_msgs/msg/Int32,9
1774528686.60583,/metrics/dbscan/right/points_in,std_msgs/msg/Int32,6846
1774528686.605896,/metrics/dbscan/right/processing_ms,std_msgs/msg/Float32,69.8529052734375
1774528686.6158605,/metrics/dbscan/front/detections_count,std_msgs/msg/Int32,13
1774528686.6159503,/metrics/dbscan/front/points_in,std_msgs/msg/Int32,6250
1774528686.6160114,/metrics/dbscan/front/processing_ms,std_msgs/msg/Float32,57.1250114440918
1774528686.626583,/metrics/dbscan/left/detections_count,std_msgs/msg/Int32,12
1774528686.626689,/metrics/dbscan/left/points_in,std_msgs/msg/Int32,8201
1774528686.626753,/metrics/dbscan/left/processing_ms,std_msgs/msg/Float32,73.3223648071289
1774528686.7023003,/metrics/dbscan/right/detections_count,std_msgs/msg/Int32,10
1774528686.7024486,/metrics/dbscan/right/points_in,std_msgs/msg/Int32,6840
1774528686.7025638,/metrics/dbscan/right/processing_ms,std_msgs/msg/Float32,66.96574401855469
1774528686.7233615,/metrics/dbscan/left/detections_count,std_msgs/msg/Int32,12
1774528686.7234724,/metrics/dbscan/left/points_in,std_msgs/msg/Int32,8172
1774528686.7235353,/metrics/dbscan/left/processing_ms,std_msgs/msg/Float32,68.81893157958984
1774528686.7238579,/metrics/dbscan/front/detections_count,std_msgs/msg/Int32,15
1774528686.7239225,/metrics/dbscan/front/points_in,std_msgs/msg/Int32,6240
1774528686.7239754,/metrics/dbscan/front/processing_ms,std_msgs/msg/Float32,62.833656311035156
1774528686.8043928,/metrics/dbscan/right/detections_count,std_msgs/msg/Int32,10
1774528686.8045235,/metrics/dbscan/right/points_in,std_msgs/msg/Int32,6794
1774528686.8045893,/metrics/dbscan/right/processing_ms,std_msgs/msg/Float32,70.4110336303711
1774528686.8193333,/metrics/dbscan/front/detections_count,std_msgs/msg/Int32,13
1774528686.8194854,/metrics/dbscan/front/points_in,std_msgs/msg/Int32,6206
1774528686.8195677,/metrics/dbscan/front/processing_ms,std_msgs/msg/Float32,62.64852523803711
1774528686.826487,/metrics/dbscan/left/detections_count,std_msgs/msg/Int32,12
1774528686.8265758,/metrics/dbscan/left/points_in,std_msgs/msg/Int32,8115
1774528686.8266366,/metrics/dbscan/left/processing_ms,std_msgs/msg/Float32,71.20297241210938
1774528686.8640337,/metrics/dbscan/back/detections_count,std_msgs/msg/Int32,11
1774528686.8641407,/metrics/dbscan/back/points_in,std_msgs/msg/Int32,4898
1774528686.8642035,/metrics/dbscan/back/processing_ms,std_msgs/msg/Float32,53.52622604370117
1774528686.8956432,/metrics/dbscan/right/detections_count,std_msgs/msg/Int32,9
1774528686.8957589,/metrics/dbscan/right/points_in,std_msgs/msg/Int32,6786
1774528686.8958235,/metrics/dbscan/right/processing_ms,std_msgs/msg/Float32,62.146358489990234
1774528686.9190822,/metrics/dbscan/front/detections_count,std_msgs/msg/Int32,14
1774528686.9191875,/metrics/dbscan/front/points_in,std_msgs/msg/Int32,6179
1774528686.9192493,/metrics/dbscan/front/processing_ms,std_msgs/msg/Float32,60.82093048095703
1774528686.925525,/metrics/dbscan/left/detections_count,std_msgs/msg/Int32,12
1774528686.9256299,/metrics/dbscan/left/points_in,std_msgs/msg/Int32,8062
1774528686.9256883,/metrics/dbscan/left/processing_ms,std_msgs/msg/Float32,68.71507263183594
1774528686.9597511,/metrics/dbscan/back/detections_count,std_msgs/msg/Int32,11
1774528686.9598553,/metrics/dbscan/back/points_in,std_msgs/msg/Int32,4855
1774528686.9599166,/metrics/dbscan/back/processing_ms,std_msgs/msg/Float32,49.777915954589844
1774528686.9980423,/metrics/dbscan/right/detections_count,std_msgs/msg/Int32,10
1774528686.998154,/metrics/dbscan/right/points_in,std_msgs/msg/Int32,6734
1774528686.9982185,/metrics/dbscan/right/processing_ms,std_msgs/msg/Float32,63.5820198059082
1774528687.0134366,/metrics/dbscan/front/detections_count,std_msgs/msg/Int32,12
1774528687.0135398,/metrics/dbscan/front/points_in,std_msgs/msg/Int32,6126
1774528687.0136,/metrics/dbscan/front/processing_ms,std_msgs/msg/Float32,55.98769760131836
1774528687.0252361,/metrics/dbscan/left/detections_count,std_msgs/msg/Int32,13
1774528687.0253363,/metrics/dbscan/left/points_in,std_msgs/msg/Int32,8039
1774528687.0254,/metrics/dbscan/left/processing_ms,std_msgs/msg/Float32,72.46585845947266
1774528687.0708866,/metrics/dbscan/back/detections_count,std_msgs/msg/Int32,10
1774528687.0710104,/metrics/dbscan/back/points_in,std_msgs/msg/Int32,4825
1774528687.0710802,/metrics/dbscan/back/processing_ms,std_msgs/msg/Float32,60.03850173950195
1774528687.0969577,/metrics/dbscan/right/detections_count,std_msgs/msg/Int32,10
1774528687.0970602,/metrics/dbscan/right/points_in,std_msgs/msg/Int32,6726
1774528687.097113,/metrics/dbscan/right/processing_ms,std_msgs/msg/Float32,62.31674575805664
1774528687.117348,/metrics/dbscan/front/detections_count,std_msgs/msg/Int32,11
1774528687.1174536,/metrics/dbscan/front/points_in,std_msgs/msg/Int32,6128
1774528687.117517,/metrics/dbscan/front/processing_ms,std_msgs/msg/Float32,58.8343391418457
1774528687.124386,/metrics/dbscan/left/detections_count,std_msgs/msg/Int32,12
1774528687.124466,/metrics/dbscan/left/points_in,std_msgs/msg/Int32,8042
1774528687.124525,/metrics/dbscan/left/processing_ms,std_msgs/msg/Float32,71.16742706298828
1774528687.157966,/metrics/dbscan/back/detections_count,std_msgs/msg/Int32,10
1774528687.158087,/metrics/dbscan/back/points_in,std_msgs/msg/Int32,4762
1774528687.1581497,/metrics/dbscan/back/processing_ms,std_msgs/msg/Float32,50.0124626159668
1774528687.1998644,/metrics/dbscan/right/detections_count,std_msgs/msg/Int32,10
1774528687.200012,/metrics/dbscan/right/points_in,std_msgs/msg/Int32,6767
1774528687.2001069,/metrics/dbscan/right/processing_ms,std_msgs/msg/Float32,64.75840759277344
1774528687.21964,/metrics/dbscan/front/detections_count,std_msgs/msg/Int32,12
1774528687.219755,/metrics/dbscan/front/points_in,std_msgs/msg/Int32,6173
1774528687.2198179,/metrics/dbscan/front/processing_ms,std_msgs/msg/Float32,59.947566986083984
1774528687.2248662,/metrics/dbscan/left/detections_count,std_msgs/msg/Int32,12
1774528687.2249563,/metrics/dbscan/left/points_in,std_msgs/msg/Int32,8022
1774528687.2250226,/metrics/dbscan/left/processing_ms,std_msgs/msg/Float32,70.50627899169922
1774528687.2577193,/metrics/dbscan/back/detections_count,std_msgs/msg/Int32,10
1774528687.257832,/metrics/dbscan/back/points_in,std_msgs/msg/Int32,4662
1774528687.257897,/metrics/dbscan/back/processing_ms,std_msgs/msg/Float32,49.5598030090332
1774528687.3003883,/metrics/dbscan/right/detections_count,std_msgs/msg/Int32,10
1774528687.3005104,/metrics/dbscan/right/points_in,std_msgs/msg/Int32,6781
1774528687.3005733,/metrics/dbscan/right/processing_ms,std_msgs/msg/Float32,64.39845275878906
1774528687.315326,/metrics/dbscan/front/detections_count,std_msgs/msg/Int32,14
1774528687.3154335,/metrics/dbscan/front/points_in,std_msgs/msg/Int32,6179
1774528687.3154967,/metrics/dbscan/front/processing_ms,std_msgs/msg/Float32,58.53915786743164
1774528687.3217468,/metrics/dbscan/left/detections_count,std_msgs/msg/Int32,12
1774528687.3218307,/metrics/dbscan/left/processing_ms,std_msgs/msg/Float32,66.44094848632812
1774528687.3221157,/metrics/dbscan/left/points_in,std_msgs/msg/Int32,8033
1774528687.3568902,/metrics/dbscan/back/detections_count,std_msgs/msg/Int32,11
1774528687.3570287,/metrics/dbscan/back/points_in,std_msgs/msg/Int32,4583
1774528687.3570993,/metrics/dbscan/back/processing_ms,std_msgs/msg/Float32,48.29340362548828
1774528687.3987627,/metrics/dbscan/right/detections_count,std_msgs/msg/Int32,9
1774528687.3988671,/metrics/dbscan/right/points_in,std_msgs/msg/Int32,6819
1774528687.3989244,/metrics/dbscan/right/processing_ms,std_msgs/msg/Float32,65.42249298095703
1774528687.4153454,/metrics/dbscan/front/detections_count,std_msgs/msg/Int32,13
1774528687.415463,/metrics/dbscan/front/points_in,std_msgs/msg/Int32,6228
1774528687.415526,/metrics/dbscan/front/processing_ms,std_msgs/msg/Float32,58.64663314819336
1774528687.4180799,/metrics/dbscan/left/detections_count,std_msgs/msg/Int32,12
1774528687.4181623,/metrics/dbscan/left/points_in,std_msgs/msg/Int32,7979
1774528687.4182281,/metrics/dbscan/left/processing_ms,std_msgs/msg/Float32,66.37128448486328
1774528687.4599373,/metrics/dbscan/back/detections_count,std_msgs/msg/Int32,12
1774528687.4600592,/metrics/dbscan/back/points_in,std_msgs/msg/Int32,4498
1774528687.4601295,/metrics/dbscan/back/processing_ms,std_msgs/msg/Float32,50.05818176269531
1774528687.500567,/metrics/dbscan/right/detections_count,std_msgs/msg/Int32,8
1774528687.5006833,/metrics/dbscan/right/points_in,std_msgs/msg/Int32,6847
1774528687.5007536,/metrics/dbscan/right/processing_ms,std_msgs/msg/Float32,66.8303451538086
1774528687.5181897,/metrics/dbscan/front/detections_count,std_msgs/msg/Int32,12
1774528687.5183198,/metrics/dbscan/front/points_in,std_msgs/msg/Int32,6247
1774528687.518386,/metrics/dbscan/front/processing_ms,std_msgs/msg/Float32,59.48793411254883
1774528687.527852,/metrics/dbscan/left/detections_count,std_msgs/msg/Int32,12
1774528687.5279605,/metrics/dbscan/left/points_in,std_msgs/msg/Int32,7955
1774528687.5280292,/metrics/dbscan/left/processing_ms,std_msgs/msg/Float32,75.43499755859375
1774528687.5657868,/metrics/dbscan/back/detections_count,std_msgs/msg/Int32,11
1774528687.5658965,/metrics/dbscan/back/points_in,std_msgs/msg/Int32,4434
1774528687.565962,/metrics/dbscan/back/processing_ms,std_msgs/msg/Float32,56.09196472167969
1774528687.5958993,/metrics/dbscan/right/detections_count,std_msgs/msg/Int32,8
1774528687.596003,/metrics/dbscan/right/points_in,std_msgs/msg/Int32,6910
1774528687.5960581,/metrics/dbscan/right/processing_ms,std_msgs/msg/Float32,61.31804275512695
1774528687.6217334,/metrics/dbscan/left/detections_count,std_msgs/msg/Int32,12
1774528687.6218905,/metrics/dbscan/left/points_in,std_msgs/msg/Int32,7899
1774528687.6219876,/metrics/dbscan/left/processing_ms,std_msgs/msg/Float32,68.57475280761719
1774528687.622539,/metrics/dbscan/front/detections_count,std_msgs/msg/Int32,14
1774528687.622596,/metrics/dbscan/front/points_in,std_msgs/msg/Int32,6298
1774528687.6226401,/metrics/dbscan/front/processing_ms,std_msgs/msg/Float32,63.7647590637207
1774528687.6587203,/metrics/dbscan/back/detections_count,std_msgs/msg/Int32,11
1774528687.6588326,/metrics/dbscan/back/points_in,std_msgs/msg/Int32,4408
1774528687.658903,/metrics/dbscan/back/processing_ms,std_msgs/msg/Float32,47.45640182495117
1774528687.698841,/metrics/dbscan/right/detections_count,std_msgs/msg/Int32,8
1774528687.6989563,/metrics/dbscan/right/points_in,std_msgs/msg/Int32,6939
1774528687.6990228,/metrics/dbscan/right/processing_ms,std_msgs/msg/Float32,63.3507194519043
1774528687.7193196,/metrics/dbscan/front/detections_count,std_msgs/msg/Int32,15
1774528687.7194653,/metrics/dbscan/front/points_in,std_msgs/msg/Int32,6333
1774528687.7195618,/metrics/dbscan/front/processing_ms,std_msgs/msg/Float32,58.58375549316406
1774528687.7203722,/metrics/dbscan/left/detections_count,std_msgs/msg/Int32,11
1774528687.7204442,/metrics/dbscan/left/processing_ms,std_msgs/msg/Float32,65.62773895263672
1774528687.7207496,/metrics/dbscan/left/points_in,std_msgs/msg/Int32,7844
1774528687.755102,/metrics/dbscan/back/detections_count,std_msgs/msg/Int32,12
1774528687.7552102,/metrics/dbscan/back/points_in,std_msgs/msg/Int32,4297
1774528687.7552853,/metrics/dbscan/back/processing_ms,std_msgs/msg/Float32,48.10475540161133
1774528687.8024437,/metrics/dbscan/right/detections_count,std_msgs/msg/Int32,11
1774528687.8025572,/metrics/dbscan/right/points_in,std_msgs/msg/Int32,6951
1774528687.802621,/metrics/dbscan/right/processing_ms,std_msgs/msg/Float32,66.3380126953125
1774528687.8172908,/metrics/dbscan/front/detections_count,std_msgs/msg/Int32,13
1774528687.8174074,/metrics/dbscan/front/points_in,std_msgs/msg/Int32,6305
1774528687.8174696,/metrics/dbscan/front/processing_ms,std_msgs/msg/Float32,61.05096435546875
1774528687.8209527,/metrics/dbscan/left/detections_count,std_msgs/msg/Int32,11
1774528687.8210254,/metrics/dbscan/left/points_in,std_msgs/msg/Int32,7775
1774528687.8210866,/metrics/dbscan/left/processing_ms,std_msgs/msg/Float32,66.19451141357422
1774528687.8607135,/metrics/dbscan/back/detections_count,std_msgs/msg/Int32,12
1774528687.8608255,/metrics/dbscan/back/points_in,std_msgs/msg/Int32,4198
1774528687.8608892,/metrics/dbscan/back/processing_ms,std_msgs/msg/Float32,52.41129684448242
1774528687.9014072,/metrics/dbscan/right/detections_count,std_msgs/msg/Int32,9
1774528687.901532,/metrics/dbscan/right/points_in,std_msgs/msg/Int32,6946
1774528687.9015973,/metrics/dbscan/right/processing_ms,std_msgs/msg/Float32,65.1225814819336
1774528687.914634,/metrics/dbscan/front/detections_count,std_msgs/msg/Int32,14
1774528687.9147384,/metrics/dbscan/front/points_in,std_msgs/msg/Int32,6226
1774528687.9147997,/metrics/dbscan/front/processing_ms,std_msgs/msg/Float32,56.79719543457031
1774528687.921586,/metrics/dbscan/left/detections_count,std_msgs/msg/Int32,11
1774528687.9216576,/metrics/dbscan/left/processing_ms,std_msgs/msg/Float32,65.20567321777344
1774528687.9218931,/metrics/dbscan/left/points_in,std_msgs/msg/Int32,7651
1774528687.9563873,/metrics/dbscan/back/detections_count,std_msgs/msg/Int32,12
1774528687.9565146,/metrics/dbscan/back/points_in,std_msgs/msg/Int32,4180
1774528687.9565895,/metrics/dbscan/back/processing_ms,std_msgs/msg/Float32,46.25600051879883
1774528687.996522,/metrics/dbscan/right/detections_count,std_msgs/msg/Int32,10
1774528687.9966493,/metrics/dbscan/right/points_in,std_msgs/msg/Int32,7019
1774528687.9967353,/metrics/dbscan/right/processing_ms,std_msgs/msg/Float32,63.42613220214844
1774528688.0167396,/metrics/dbscan/front/detections_count,std_msgs/msg/Int32,13
1774528688.0168536,/metrics/dbscan/front/points_in,std_msgs/msg/Int32,6156
1774528688.016932,/metrics/dbscan/front/processing_ms,std_msgs/msg/Float32,58.377403259277344
1774528688.0172386,/metrics/dbscan/left/detections_count,std_msgs/msg/Int32,12
1774528688.017476,/metrics/dbscan/left/points_in,std_msgs/msg/Int32,7535
1774528688.0175292,/metrics/dbscan/left/processing_ms,std_msgs/msg/Float32,64.93888854980469
1774528688.0569189,/metrics/dbscan/back/detections_count,std_msgs/msg/Int32,11
1774528688.057027,/metrics/dbscan/back/points_in,std_msgs/msg/Int32,4226
1774528688.0570898,/metrics/dbscan/back/processing_ms,std_msgs/msg/Float32,47.26182174682617
1774528688.0987768,/metrics/dbscan/right/detections_count,std_msgs/msg/Int32,10
1774528688.0989087,/metrics/dbscan/right/points_in,std_msgs/msg/Int32,7045
1774528688.098975,/metrics/dbscan/right/processing_ms,std_msgs/msg/Float32,64.93331909179688
1774528688.1145616,/metrics/dbscan/front/detections_count,std_msgs/msg/Int32,12
1774528688.1146727,/metrics/dbscan/front/points_in,std_msgs/msg/Int32,6107
1774528688.114736,/metrics/dbscan/front/processing_ms,std_msgs/msg/Float32,56.14802169799805
1774528688.1177027,/metrics/dbscan/left/detections_count,std_msgs/msg/Int32,12
1774528688.1177754,/metrics/dbscan/left/points_in,std_msgs/msg/Int32,7504
1774528688.117832,/metrics/dbscan/left/processing_ms,std_msgs/msg/Float32,64.33097076416016
1774528688.1611784,/metrics/dbscan/back/detections_count,std_msgs/msg/Int32,11
1774528688.1613278,/metrics/dbscan/back/points_in,std_msgs/msg/Int32,4354
1774528688.1652691,/metrics/dbscan/back/processing_ms,std_msgs/msg/Float32,50.27958297729492
1774528688.2015216,/metrics/dbscan/right/detections_count,std_msgs/msg/Int32,9
1774528688.2016482,/metrics/dbscan/right/points_in,std_msgs/msg/Int32,7048
1774528688.2017345,/metrics/dbscan/right/processing_ms,std_msgs/msg/Float32,67.05592346191406
1774528688.2172925,/metrics/dbscan/front/detections_count,std_msgs/msg/Int32,11
1774528688.2174037,/metrics/dbscan/front/points_in,std_msgs/msg/Int32,6133
1774528688.2174737,/metrics/dbscan/front/processing_ms,std_msgs/msg/Float32,58.23076248168945
1774528688.22515,/metrics/dbscan/left/detections_count,std_msgs/msg/Int32,11
1774528688.2252579,/metrics/dbscan/left/points_in,std_msgs/msg/Int32,7486
1774528688.225339,/metrics/dbscan/left/processing_ms,std_msgs/msg/Float32,70.22894287109375
1774528688.2611773,/metrics/dbscan/back/detections_count,std_msgs/msg/Int32,12
1774528688.2613132,/metrics/dbscan/back/points_in,std_msgs/msg/Int32,4468
1774528688.2613993,/metrics/dbscan/back/processing_ms,std_msgs/msg/Float32,49.51662063598633
1774528688.301997,/metrics/dbscan/right/detections_count,std_msgs/msg/Int32,9
1774528688.30211,/metrics/dbscan/right/points_in,std_msgs/msg/Int32,7052
1774528688.3021727,/metrics/dbscan/right/processing_ms,std_msgs/msg/Float32,67.46112060546875
1774528688.317026,/metrics/dbscan/front/detections_count,std_msgs/msg/Int32,13
1774528688.3171427,/metrics/dbscan/front/points_in,std_msgs/msg/Int32,6122
1774528688.3172083,/metrics/dbscan/front/processing_ms,std_msgs/msg/Float32,58.37513732910156
1774528688.3243997,/metrics/dbscan/left/detections_count,std_msgs/msg/Int32,12
1774528688.324494,/metrics/dbscan/left/points_in,std_msgs/msg/Int32,7482
1774528688.3245466,/metrics/dbscan/left/processing_ms,std_msgs/msg/Float32,67.48152923583984
1774528688.3588445,/metrics/dbscan/back/detections_count,std_msgs/msg/Int32,12
1774528688.358953,/metrics/dbscan/back/points_in,std_msgs/msg/Int32,4584
1774528688.3590145,/metrics/dbscan/back/processing_ms,std_msgs/msg/Float32,50.974483489990234
1774528688.4024632,/metrics/dbscan/right/detections_count,std_msgs/msg/Int32,10
1774528688.4025779,/metrics/dbscan/right/points_in,std_msgs/msg/Int32,7052
1774528688.402643,/metrics/dbscan/right/processing_ms,std_msgs/msg/Float32,65.36962127685547
1774528688.4213443,/metrics/dbscan/front/detections_count,std_msgs/msg/Int32,12
1774528688.4214938,/metrics/dbscan/front/points_in,std_msgs/msg/Int32,6105
1774528688.421592,/metrics/dbscan/front/processing_ms,std_msgs/msg/Float32,62.68475341796875
1774528688.4252703,/metrics/dbscan/left/detections_count,std_msgs/msg/Int32,11
1774528688.4253616,/metrics/dbscan/left/points_in,std_msgs/msg/Int32,7490
1774528688.425421,/metrics/dbscan/left/processing_ms,std_msgs/msg/Float32,68.80671691894531
1774528688.4571967,/metrics/dbscan/back/detections_count,std_msgs/msg/Int32,11
1774528688.4573193,/metrics/dbscan/back/points_in,std_msgs/msg/Int32,4638
1774528688.4573843,/metrics/dbscan/back/processing_ms,std_msgs/msg/Float32,48.8970947265625
1774528688.4939883,/metrics/dbscan/right/detections_count,std_msgs/msg/Int32,11
1774528688.4941068,/metrics/dbscan/right/points_in,std_msgs/msg/Int32,7031
1774528688.4941785,/metrics/dbscan/right/processing_ms,std_msgs/msg/Float32,61.58304977416992
1774528688.520647,/metrics/dbscan/front/detections_count,std_msgs/msg/Int32,13
1774528688.5207553,/metrics/dbscan/front/points_in,std_msgs/msg/Int32,6094
1774528688.5208187,/metrics/dbscan/front/processing_ms,std_msgs/msg/Float32,61.35549545288086
1774528688.525617,/metrics/dbscan/left/detections_count,std_msgs/msg/Int32,11
1774528688.5256872,/metrics/dbscan/left/points_in,std_msgs/msg/Int32,7489
1774528688.5257382,/metrics/dbscan/left/processing_ms,std_msgs/msg/Float32,72.03741455078125
1774528688.5602329,/metrics/dbscan/back/detections_count,std_msgs/msg/Int32,10
1774528688.5603545,/metrics/dbscan/back/points_in,std_msgs/msg/Int32,4633
1774528688.5604222,/metrics/dbscan/back/processing_ms,std_msgs/msg/Float32,50.3592529296875
1774528688.597888,/metrics/dbscan/right/detections_count,std_msgs/msg/Int32,9
1774528688.5980062,/metrics/dbscan/right/points_in,std_msgs/msg/Int32,6985
1774528688.598083,/metrics/dbscan/right/processing_ms,std_msgs/msg/Float32,64.1995849609375
1774528688.6152623,/metrics/dbscan/front/detections_count,std_msgs/msg/Int32,13
1774528688.6154032,/metrics/dbscan/front/points_in,std_msgs/msg/Int32,6125
1774528688.6154902,/metrics/dbscan/front/processing_ms,std_msgs/msg/Float32,57.277408599853516
1774528688.621665,/metrics/dbscan/left/detections_count,std_msgs/msg/Int32,11
1774528688.6217728,/metrics/dbscan/left/points_in,std_msgs/msg/Int32,7494
1774528688.6218572,/metrics/dbscan/left/processing_ms,std_msgs/msg/Float32,68.16981506347656
1774528688.660819,/metrics/dbscan/back/detections_count,std_msgs/msg/Int32,12
1774528688.6609282,/metrics/dbscan/back/points_in,std_msgs/msg/Int32,4623
1774528688.6610014,/metrics/dbscan/back/processing_ms,std_msgs/msg/Float32,50.64192199707031
1774528688.7045074,/metrics/dbscan/right/detections_count,std_msgs/msg/Int32,10
1774528688.704687,/metrics/dbscan/right/points_in,std_msgs/msg/Int32,6956
1774528688.7048347,/metrics/dbscan/right/processing_ms,std_msgs/msg/Float32,70.5000991821289
1774528688.7167726,/metrics/dbscan/front/detections_count,std_msgs/msg/Int32,12
1774528688.7168958,/metrics/dbscan/front/points_in,std_msgs/msg/Int32,6155
1774528688.7169814,/metrics/dbscan/front/processing_ms,std_msgs/msg/Float32,57.01067352294922
1774528688.7233343,/metrics/dbscan/left/detections_count,std_msgs/msg/Int32,11
1774528688.7234616,/metrics/dbscan/left/points_in,std_msgs/msg/Int32,7503
1774528688.723545,/metrics/dbscan/left/processing_ms,std_msgs/msg/Float32,68.981689453125
1774528688.7607963,/metrics/dbscan/back/detections_count,std_msgs/msg/Int32,11
1774528688.7609212,/metrics/dbscan/back/points_in,std_msgs/msg/Int32,4623
1774528688.7610104,/metrics/dbscan/back/processing_ms,std_msgs/msg/Float32,49.8106689453125
1774528688.8015347,/metrics/dbscan/right/detections_count,std_msgs/msg/Int32,9
1774528688.8016546,/metrics/dbscan/right/points_in,std_msgs/msg/Int32,6932
1774528688.8017223,/metrics/dbscan/right/processing_ms,std_msgs/msg/Float32,67.02348327636719
1774528688.8151307,/metrics/dbscan/front/detections_count,std_msgs/msg/Int32,12
1774528688.8152463,/metrics/dbscan/front/points_in,std_msgs/msg/Int32,6209
1774528688.8153214,/metrics/dbscan/front/processing_ms,std_msgs/msg/Float32,58.357093811035156
1774528688.8242908,/metrics/dbscan/left/detections_count,std_msgs/msg/Int32,11
1774528688.8243806,/metrics/dbscan/left/points_in,std_msgs/msg/Int32,7511
1774528688.824454,/metrics/dbscan/left/processing_ms,std_msgs/msg/Float32,68.8364486694336
1774528688.8624272,/metrics/dbscan/back/detections_count,std_msgs/msg/Int32,11
1774528688.862547,/metrics/dbscan/back/points_in,std_msgs/msg/Int32,4665
1774528688.8626254,/metrics/dbscan/back/processing_ms,std_msgs/msg/Float32,49.71649932861328
1774528688.899451,/metrics/dbscan/right/detections_count,std_msgs/msg/Int32,9
1774528688.8995872,/metrics/dbscan/right/points_in,std_msgs/msg/Int32,6854
1774528688.8996694,/metrics/dbscan/right/processing_ms,std_msgs/msg/Float32,63.72499084472656
1774528688.9176836,/metrics/dbscan/front/detections_count,std_msgs/msg/Int32,13
1774528688.9177883,/metrics/dbscan/front/points_in,std_msgs/msg/Int32,6282
1774528688.9178514,/metrics/dbscan/front/processing_ms,std_msgs/msg/Float32,59.41565704345703
1774528688.9217615,/metrics/dbscan/left/detections_count,std_msgs/msg/Int32,11
1774528688.9218485,/metrics/dbscan/left/processing_ms,std_msgs/msg/Float32,65.06849670410156
1774528688.922134,/metrics/dbscan/left/points_in,std_msgs/msg/Int32,7467
1774528688.9593792,/metrics/dbscan/back/detections_count,std_msgs/msg/Int32,11
1774528688.9594975,/metrics/dbscan/back/points_in,std_msgs/msg/Int32,4707
1774528688.9595644,/metrics/dbscan/back/processing_ms,std_msgs/msg/Float32,50.077144622802734
1774528689.0008287,/metrics/dbscan/right/detections_count,std_msgs/msg/Int32,10
1774528689.0009468,/metrics/dbscan/right/points_in,std_msgs/msg/Int32,6790
1774528689.0010164,/metrics/dbscan/right/processing_ms,std_msgs/msg/Float32,64.1662826538086
1774528689.0162303,/metrics/dbscan/front/detections_count,std_msgs/msg/Int32,13
1774528689.0163553,/metrics/dbscan/front/points_in,std_msgs/msg/Int32,6325
1774528689.016425,/metrics/dbscan/front/processing_ms,std_msgs/msg/Float32,59.068607330322266
1774528689.0186915,/metrics/dbscan/left/detections_count,std_msgs/msg/Int32,11
1774528689.018751,/metrics/dbscan/left/processing_ms,std_msgs/msg/Float32,65.8567123413086
1774528689.0189795,/metrics/dbscan/left/points_in,std_msgs/msg/Int32,7499
1774528689.0581355,/metrics/dbscan/back/detections_count,std_msgs/msg/Int32,10
1774528689.0583086,/metrics/dbscan/back/points_in,std_msgs/msg/Int32,4725
1774528689.0583928,/metrics/dbscan/back/processing_ms,std_msgs/msg/Float32,49.206600189208984
1774528689.0972857,/metrics/dbscan/right/detections_count,std_msgs/msg/Int32,8
1774528689.0974014,/metrics/dbscan/right/points_in,std_msgs/msg/Int32,6693
1774528689.0974653,/metrics/dbscan/right/processing_ms,std_msgs/msg/Float32,63.93526077270508
1774528689.118339,/metrics/dbscan/front/detections_count,std_msgs/msg/Int32,13
1774528689.118456,/metrics/dbscan/front/points_in,std_msgs/msg/Int32,6394
1774528689.1185179,/metrics/dbscan/front/processing_ms,std_msgs/msg/Float32,59.260780334472656
1774528689.1242692,/metrics/dbscan/left/detections_count,std_msgs/msg/Int32,11
1774528689.124393,/metrics/dbscan/left/points_in,std_msgs/msg/Int32,7487
1774528689.1244602,/metrics/dbscan/left/processing_ms,std_msgs/msg/Float32,70.50102233886719
1774528689.1614695,/metrics/dbscan/back/detections_count,std_msgs/msg/Int32,11
1774528689.1615946,/metrics/dbscan/back/points_in,std_msgs/msg/Int32,4694
1774528689.1616755,/metrics/dbscan/back/processing_ms,std_msgs/msg/Float32,52.46345520019531
1774528689.1963882,/metrics/dbscan/right/detections_count,std_msgs/msg/Int32,9
1774528689.1965668,/metrics/dbscan/right/points_in,std_msgs/msg/Int32,6683
1774528689.1966357,/metrics/dbscan/right/processing_ms,std_msgs/msg/Float32,61.765926361083984
1774528689.22035,/metrics/dbscan/front/detections_count,std_msgs/msg/Int32,12
1774528689.2204928,/metrics/dbscan/front/points_in,std_msgs/msg/Int32,6436
1774528689.2205894,/metrics/dbscan/front/processing_ms,std_msgs/msg/Float32,61.065853118896484
1774528689.2280307,/metrics/dbscan/left/detections_count,std_msgs/msg/Int32,11
1774528689.2281172,/metrics/dbscan/left/points_in,std_msgs/msg/Int32,7476
1774528689.228176,/metrics/dbscan/left/processing_ms,std_msgs/msg/Float32,72.2088394165039
1774528689.2665472,/metrics/dbscan/back/detections_count,std_msgs/msg/Int32,12
1774528689.2666733,/metrics/dbscan/back/points_in,std_msgs/msg/Int32,4619
1774528689.2667491,/metrics/dbscan/back/processing_ms,std_msgs/msg/Float32,56.55759048461914
1774528689.2954981,/metrics/dbscan/right/detections_count,std_msgs/msg/Int32,9
1774528689.2956226,/metrics/dbscan/right/points_in,std_msgs/msg/Int32,6656
1774528689.2956905,/metrics/dbscan/right/processing_ms,std_msgs/msg/Float32,61.506221771240234
1774528689.3172095,/metrics/dbscan/front/detections_count,std_msgs/msg/Int32,15
1774528689.3173478,/metrics/dbscan/front/points_in,std_msgs/msg/Int32,6462
1774528689.3174293,/metrics/dbscan/front/processing_ms,std_msgs/msg/Float32,59.64108657836914
1774528689.3243144,/metrics/dbscan/left/detections_count,std_msgs/msg/Int32,11
1774528689.32443,/metrics/dbscan/left/points_in,std_msgs/msg/Int32,7470
1774528689.3245046,/metrics/dbscan/left/processing_ms,std_msgs/msg/Float32,68.17337036132812
1774528689.3591588,/metrics/dbscan/back/detections_count,std_msgs/msg/Int32,12
1774528689.359282,/metrics/dbscan/back/points_in,std_msgs/msg/Int32,4521
1774528689.3593626,/metrics/dbscan/back/processing_ms,std_msgs/msg/Float32,48.27606964111328
1774528689.3954191,/metrics/dbscan/right/detections_count,std_msgs/msg/Int32,8
1774528689.3955574,/metrics/dbscan/right/points_in,std_msgs/msg/Int32,6652
1774528689.395639,/metrics/dbscan/right/processing_ms,std_msgs/msg/Float32,61.491294860839844
1774528689.4139347,/metrics/dbscan/front/detections_count,std_msgs/msg/Int32,14
1774528689.4144013,/metrics/dbscan/front/points_in,std_msgs/msg/Int32,6534
1774528689.414513,/metrics/dbscan/front/processing_ms,std_msgs/msg/Float32,58.00252914428711
1774528689.423794,/metrics/dbscan/left/detections_count,std_msgs/msg/Int32,11
1774528689.4238808,/metrics/dbscan/left/points_in,std_msgs/msg/Int32,7479
1774528689.4239473,/metrics/dbscan/left/processing_ms,std_msgs/msg/Float32,72.18622589111328
1774528689.4556053,/metrics/dbscan/back/detections_count,std_msgs/msg/Int32,13
1774528689.455712,/metrics/dbscan/back/points_in,std_msgs/msg/Int32,4411
1774528689.455775,/metrics/dbscan/back/processing_ms,std_msgs/msg/Float32,48.309242248535156
1774528689.5010035,/metrics/dbscan/right/detections_count,std_msgs/msg/Int32,9
1774528689.5011206,/metrics/dbscan/right/points_in,std_msgs/msg/Int32,6660
1774528689.5011868,/metrics/dbscan/right/processing_ms,std_msgs/msg/Float32,67.08940887451172
1774528689.5144238,/metrics/dbscan/front/detections_count,std_msgs/msg/Int32,15
1774528689.514527,/metrics/dbscan/front/points_in,std_msgs/msg/Int32,6527
1774528689.5145884,/metrics/dbscan/front/processing_ms,std_msgs/msg/Float32,57.13442611694336
1774528689.5227568,/metrics/dbscan/left/detections_count,std_msgs/msg/Int32,11
1774528689.5228446,/metrics/dbscan/left/points_in,std_msgs/msg/Int32,7496
1774528689.5229058,/metrics/dbscan/left/processing_ms,std_msgs/msg/Float32,69.773681640625
1774528689.556188,/metrics/dbscan/back/detections_count,std_msgs/msg/Int32,12
1774528689.5563297,/metrics/dbscan/back/points_in,std_msgs/msg/Int32,4346
1774528689.5563993,/metrics/dbscan/back/processing_ms,std_msgs/msg/Float32,47.7973518371582
1774528689.600685,/metrics/dbscan/right/detections_count,std_msgs/msg/Int32,10
1774528689.600783,/metrics/dbscan/right/points_in,std_msgs/msg/Int32,6697
1774528689.600835,/metrics/dbscan/right/processing_ms,std_msgs/msg/Float32,64.50553894042969
1774528689.615841,/metrics/dbscan/front/detections_count,std_msgs/msg/Int32,15
1774528689.6159468,/metrics/dbscan/front/points_in,std_msgs/msg/Int32,6555
1774528689.6160107,/metrics/dbscan/front/processing_ms,std_msgs/msg/Float32,57.67081832885742
1774528689.6182108,/metrics/dbscan/left/detections_count,std_msgs/msg/Int32,11
1774528689.6184862,/metrics/dbscan/left/points_in,std_msgs/msg/Int32,7507
1774528689.6185555,/metrics/dbscan/left/processing_ms,std_msgs/msg/Float32,64.71144104003906
1774528689.655804,/metrics/dbscan/back/detections_count,std_msgs/msg/Int32,13
1774528689.6559262,/metrics/dbscan/back/points_in,std_msgs/msg/Int32,4312
1774528689.6559913,/metrics/dbscan/back/processing_ms,std_msgs/msg/Float32,46.616004943847656
1774528689.7013896,/metrics/dbscan/right/detections_count,std_msgs/msg/Int32,10
1774528689.7015,/metrics/dbscan/right/points_in,std_msgs/msg/Int32,6845
1774528689.7015638,/metrics/dbscan/right/processing_ms,std_msgs/msg/Float32,68.18382263183594
1774528689.7220376,/metrics/dbscan/front/detections_count,std_msgs/msg/Int32,11
1774528689.7221503,/metrics/dbscan/front/points_in,std_msgs/msg/Int32,6569
1774528689.7222145,/metrics/dbscan/front/processing_ms,std_msgs/msg/Float32,62.79145812988281
1774528689.7244928,/metrics/dbscan/left/detections_count,std_msgs/msg/Int32,11
1774528689.724566,/metrics/dbscan/left/processing_ms,std_msgs/msg/Float32,69.89879608154297
1774528689.72484,/metrics/dbscan/left/points_in,std_msgs/msg/Int32,7488
1774528689.7613308,/metrics/dbscan/back/detections_count,std_msgs/msg/Int32,13
1774528689.7614608,/metrics/dbscan/back/points_in,std_msgs/msg/Int32,4315
1774528689.7615423,/metrics/dbscan/back/processing_ms,std_msgs/msg/Float32,51.86836242675781
1774528689.799762,/metrics/dbscan/right/detections_count,std_msgs/msg/Int32,11
1774528689.7998812,/metrics/dbscan/right/points_in,std_msgs/msg/Int32,7000
1774528689.7999458,/metrics/dbscan/right/processing_ms,std_msgs/msg/Float32,65.70687103271484
1774528689.8208213,/metrics/dbscan/left/detections_count,std_msgs/msg/Int32,11
1774528689.8209565,/metrics/dbscan/left/points_in,std_msgs/msg/Int32,7497
1774528689.8210208,/metrics/dbscan/left/processing_ms,std_msgs/msg/Float32,65.65811920166016
1774528689.8213727,/metrics/dbscan/front/detections_count,std_msgs/msg/Int32,13
1774528689.8214393,/metrics/dbscan/front/points_in,std_msgs/msg/Int32,6585
1774528689.8214986,/metrics/dbscan/front/processing_ms,std_msgs/msg/Float32,61.5025749206543
1774528689.8597796,/metrics/dbscan/back/detections_count,std_msgs/msg/Int32,13
1774528689.8599734,/metrics/dbscan/back/points_in,std_msgs/msg/Int32,4407
1774528689.8600516,/metrics/dbscan/back/processing_ms,std_msgs/msg/Float32,49.668617248535156
1774528689.8983624,/metrics/dbscan/right/detections_count,std_msgs/msg/Int32,9
1774528689.8984807,/metrics/dbscan/right/points_in,std_msgs/msg/Int32,7033
1774528689.898547,/metrics/dbscan/right/processing_ms,std_msgs/msg/Float32,64.2513198852539
1774528689.9158154,/metrics/dbscan/front/detections_count,std_msgs/msg/Int32,13
1774528689.915938,/metrics/dbscan/front/points_in,std_msgs/msg/Int32,6535
1774528689.9160073,/metrics/dbscan/front/processing_ms,std_msgs/msg/Float32,58.89149856567383
1774528689.9201658,/metrics/dbscan/left/detections_count,std_msgs/msg/Int32,11
1774528689.9202685,/metrics/dbscan/left/points_in,std_msgs/msg/Int32,7479
1774528689.9203494,/metrics/dbscan/left/processing_ms,std_msgs/msg/Float32,67.4146499633789
1774528689.9592266,/metrics/dbscan/back/detections_count,std_msgs/msg/Int32,13
1774528689.9593673,/metrics/dbscan/back/points_in,std_msgs/msg/Int32,4504
1774528689.9594545,/metrics/dbscan/back/processing_ms,std_msgs/msg/Float32,48.359588623046875
1774528690.001824,/metrics/dbscan/right/detections_count,std_msgs/msg/Int32,11
1774528690.0019367,/metrics/dbscan/right/points_in,std_msgs/msg/Int32,7083
1774528690.002,/metrics/dbscan/right/processing_ms,std_msgs/msg/Float32,65.24610137939453
1774528690.0153737,/metrics/dbscan/front/detections_count,std_msgs/msg/Int32,11
1774528690.015512,/metrics/dbscan/front/points_in,std_msgs/msg/Int32,6461
1774528690.0155807,/metrics/dbscan/front/processing_ms,std_msgs/msg/Float32,57.48491287231445
1774528690.021,/metrics/dbscan/left/detections_count,std_msgs/msg/Int32,12
1774528690.0211103,/metrics/dbscan/left/points_in,std_msgs/msg/Int32,7477
1774528690.0211883,/metrics/dbscan/left/processing_ms,std_msgs/msg/Float32,67.27825927734375
1774528690.0562665,/metrics/dbscan/back/detections_count,std_msgs/msg/Int32,13
1774528690.0564032,/metrics/dbscan/back/points_in,std_msgs/msg/Int32,4569
1774528690.0564692,/metrics/dbscan/back/processing_ms,std_msgs/msg/Float32,48.97696304321289
1774528690.1014378,/metrics/dbscan/right/detections_count,std_msgs/msg/Int32,11
1774528690.1015513,/metrics/dbscan/right/points_in,std_msgs/msg/Int32,7110
1774528690.101615,/metrics/dbscan/right/processing_ms,std_msgs/msg/Float32,65.63874053955078
1774528690.116234,/metrics/dbscan/front/detections_count,std_msgs/msg/Int32,13
1774528690.116382,/metrics/dbscan/front/points_in,std_msgs/msg/Int32,6358
1774528690.1164515,/metrics/dbscan/front/processing_ms,std_msgs/msg/Float32,56.89365005493164
1774528690.1210375,/metrics/dbscan/left/detections_count,std_msgs/msg/Int32,11
1774528690.1211135,/metrics/dbscan/left/points_in,std_msgs/msg/Int32,7478
1774528690.1211712,/metrics/dbscan/left/processing_ms,std_msgs/msg/Float32,66.2377700805664
1774528690.1568115,/metrics/dbscan/back/detections_count,std_msgs/msg/Int32,12
1774528690.1569204,/metrics/dbscan/back/points_in,std_msgs/msg/Int32,4652
1774528690.1569893,/metrics/dbscan/back/processing_ms,std_msgs/msg/Float32,49.10360336303711
1774528690.1950765,/metrics/dbscan/right/detections_count,std_msgs/msg/Int32,9
1774528690.1951869,/metrics/dbscan/right/points_in,std_msgs/msg/Int32,7078
1774528690.1952405,/metrics/dbscan/right/processing_ms,std_msgs/msg/Float32,62.31218338012695
1774528690.2189536,/metrics/dbscan/front/detections_count,std_msgs/msg/Int32,12
1774528690.2190864,/metrics/dbscan/front/points_in,std_msgs/msg/Int32,6216
1774528690.2191634,/metrics/dbscan/front/processing_ms,std_msgs/msg/Float32,60.3066520690918
1774528690.2211032,/metrics/dbscan/left/detections_count,std_msgs/msg/Int32,12
1774528690.2214015,/metrics/dbscan/left/points_in,std_msgs/msg/Int32,7492
1774528690.2214835,/metrics/dbscan/left/processing_ms,std_msgs/msg/Float32,66.39379119873047
1774528690.2642164,/metrics/dbscan/back/detections_count,std_msgs/msg/Int32,12
1774528690.2643397,/metrics/dbscan/back/points_in,std_msgs/msg/Int32,4690
1774528690.264408,/metrics/dbscan/back/processing_ms,std_msgs/msg/Float32,54.6213493347168
1774528690.2955565,/metrics/dbscan/right/detections_count,std_msgs/msg/Int32,10
1774528690.295715,/metrics/dbscan/right/points_in,std_msgs/msg/Int32,7035
1774528690.2957964,/metrics/dbscan/right/processing_ms,std_msgs/msg/Float32,62.035240173339844
1774528690.318065,/metrics/dbscan/front/detections_count,std_msgs/msg/Int32,13
1774528690.3181787,/metrics/dbscan/front/points_in,std_msgs/msg/Int32,6132
1774528690.3182425,/metrics/dbscan/front/processing_ms,std_msgs/msg/Float32,58.47441864013672
1774528690.32007,/metrics/dbscan/left/detections_count,std_msgs/msg/Int32,12
1774528690.3201277,/metrics/dbscan/left/points_in,std_msgs/msg/Int32,7489
1774528690.3201766,/metrics/dbscan/left/processing_ms,std_msgs/msg/Float32,64.50323486328125
1774528690.359213,/metrics/dbscan/back/detections_count,std_msgs/msg/Int32,11
1774528690.3593369,/metrics/dbscan/back/points_in,std_msgs/msg/Int32,4733
1774528690.3594046,/metrics/dbscan/back/processing_ms,std_msgs/msg/Float32,48.97996139526367
1774528690.397228,/metrics/dbscan/right/detections_count,std_msgs/msg/Int32,10
1774528690.3974173,/metrics/dbscan/right/points_in,std_msgs/msg/Int32,6958
1774528690.3974876,/metrics/dbscan/right/processing_ms,std_msgs/msg/Float32,63.252685546875
1774528690.4126244,/metrics/dbscan/front/detections_count,std_msgs/msg/Int32,12
1774528690.4127314,/metrics/dbscan/front/points_in,std_msgs/msg/Int32,6086
1774528690.4128017,/metrics/dbscan/front/processing_ms,std_msgs/msg/Float32,55.20963668823242
1774528690.422297,/metrics/dbscan/left/detections_count,std_msgs/msg/Int32,11
1774528690.422378,/metrics/dbscan/left/points_in,std_msgs/msg/Int32,7485
1774528690.4224362,/metrics/dbscan/left/processing_ms,std_msgs/msg/Float32,66.24536895751953
1774528690.4591806,/metrics/dbscan/back/detections_count,std_msgs/msg/Int32,12
1774528690.4593,/metrics/dbscan/back/points_in,std_msgs/msg/Int32,4766
1774528690.45937,/metrics/dbscan/back/processing_ms,std_msgs/msg/Float32,48.24204635620117
1774528690.4987218,/metrics/dbscan/right/detections_count,std_msgs/msg/Int32,8
1774528690.4988425,/metrics/dbscan/right/points_in,std_msgs/msg/Int32,6973
1774528690.498906,/metrics/dbscan/right/processing_ms,std_msgs/msg/Float32,64.09678649902344
1774528690.5126655,/metrics/dbscan/front/detections_count,std_msgs/msg/Int32,13
1774528690.5127783,/metrics/dbscan/front/points_in,std_msgs/msg/Int32,6110
1774528690.512843,/metrics/dbscan/front/processing_ms,std_msgs/msg/Float32,54.43177795410156
1774528690.5169144,/metrics/dbscan/left/detections_count,std_msgs/msg/Int32,11
1774528690.5169976,/metrics/dbscan/left/points_in,std_msgs/msg/Int32,7497
1774528690.5170643,/metrics/dbscan/left/processing_ms,std_msgs/msg/Float32,64.80776977539062
1774528690.5608985,/metrics/dbscan/back/detections_count,std_msgs/msg/Int32,12
1774528690.5610704,/metrics/dbscan/back/points_in,std_msgs/msg/Int32,4769
1774528690.5611649,/metrics/dbscan/back/processing_ms,std_msgs/msg/Float32,48.95592498779297
1774528690.6009717,/metrics/dbscan/right/detections_count,std_msgs/msg/Int32,9
1774528690.6010761,/metrics/dbscan/right/points_in,std_msgs/msg/Int32,7054
1774528690.6011367,/metrics/dbscan/right/processing_ms,std_msgs/msg/Float32,64.78496551513672
1774528690.6145186,/metrics/dbscan/front/detections_count,std_msgs/msg/Int32,13
1774528690.6146252,/metrics/dbscan/front/points_in,std_msgs/msg/Int32,6125
1774528690.6146882,/metrics/dbscan/front/processing_ms,std_msgs/msg/Float32,56.70731735229492
1774528690.6243668,/metrics/dbscan/left/detections_count,std_msgs/msg/Int32,11
1774528690.624522,/metrics/dbscan/left/points_in,std_msgs/msg/Int32,7464
1774528690.6246145,/metrics/dbscan/left/processing_ms,std_msgs/msg/Float32,71.49763488769531
1774528690.6581008,/metrics/dbscan/back/detections_count,std_msgs/msg/Int32,11
1774528690.6582596,/metrics/dbscan/back/points_in,std_msgs/msg/Int32,4780
1774528690.6583567,/metrics/dbscan/back/processing_ms,std_msgs/msg/Float32,50.91925811767578
1774528690.7003047,/metrics/dbscan/right/detections_count,std_msgs/msg/Int32,8
1774528690.7004185,/metrics/dbscan/right/points_in,std_msgs/msg/Int32,7108
1774528690.7004843,/metrics/dbscan/right/processing_ms,std_msgs/msg/Float32,64.11559295654297
1774528690.716215,/metrics/dbscan/front/detections_count,std_msgs/msg/Int32,15
1774528690.7163496,/metrics/dbscan/front/points_in,std_msgs/msg/Int32,6183
1774528690.7164652,/metrics/dbscan/front/processing_ms,std_msgs/msg/Float32,57.655738830566406
1774528690.7210956,/metrics/dbscan/left/detections_count,std_msgs/msg/Int32,11
1774528690.721198,/metrics/dbscan/left/points_in,std_msgs/msg/Int32,7475
1774528690.7212603,/metrics/dbscan/left/processing_ms,std_msgs/msg/Float32,66.99564361572266
1774528690.758533,/metrics/dbscan/back/detections_count,std_msgs/msg/Int32,12
1774528690.7586274,/metrics/dbscan/back/points_in,std_msgs/msg/Int32,4824
1774528690.7587078,/metrics/dbscan/back/processing_ms,std_msgs/msg/Float32,50.41999053955078
1774528690.796032,/metrics/dbscan/right/detections_count,std_msgs/msg/Int32,10
1774528690.7961583,/metrics/dbscan/right/points_in,std_msgs/msg/Int32,7131
1774528690.7962327,/metrics/dbscan/right/processing_ms,std_msgs/msg/Float32,62.5260124206543
1774528690.812887,/metrics/dbscan/front/detections_count,std_msgs/msg/Int32,14
1774528690.8129947,/metrics/dbscan/front/points_in,std_msgs/msg/Int32,6205
1774528690.8130567,/metrics/dbscan/front/processing_ms,std_msgs/msg/Float32,53.708091735839844
1774528690.8229687,/metrics/dbscan/left/detections_count,std_msgs/msg/Int32,11
1774528690.8230999,/metrics/dbscan/left/points_in,std_msgs/msg/Int32,7499
1774528690.823184,/metrics/dbscan/left/processing_ms,std_msgs/msg/Float32,67.8869400024414
1774528690.8599102,/metrics/dbscan/back/detections_count,std_msgs/msg/Int32,12
1774528690.8600514,/metrics/dbscan/back/processing_ms,std_msgs/msg/Float32,51.988372802734375
1774528690.8605056,/metrics/dbscan/back/points_in,std_msgs/msg/Int32,4902
1774528690.8977652,/metrics/dbscan/right/detections_count,std_msgs/msg/Int32,9
1774528690.897919,/metrics/dbscan/right/points_in,std_msgs/msg/Int32,7119
1774528690.8980088,/metrics/dbscan/right/processing_ms,std_msgs/msg/Float32,64.36962127685547
1774528690.9141123,/metrics/dbscan/front/detections_count,std_msgs/msg/Int32,15
1774528690.914231,/metrics/dbscan/front/points_in,std_msgs/msg/Int32,6198
1774528690.9143176,/metrics/dbscan/front/processing_ms,std_msgs/msg/Float32,58.19231033325195
1774528690.922211,/metrics/dbscan/left/detections_count,std_msgs/msg/Int32,11
1774528690.9223113,/metrics/dbscan/left/points_in,std_msgs/msg/Int32,7501
1774528690.9223783,/metrics/dbscan/left/processing_ms,std_msgs/msg/Float32,70.0304946899414
1774528690.9597118,/metrics/dbscan/back/detections_count,std_msgs/msg/Int32,12
1774528690.959819,/metrics/dbscan/back/points_in,std_msgs/msg/Int32,4967
1774528690.9598815,/metrics/dbscan/back/processing_ms,std_msgs/msg/Float32,50.07455062866211
1774528690.9967313,/metrics/dbscan/right/detections_count,std_msgs/msg/Int32,10
1774528690.996849,/metrics/dbscan/right/points_in,std_msgs/msg/Int32,7092
1774528690.9969068,/metrics/dbscan/right/processing_ms,std_msgs/msg/Float32,62.69038391113281
1774528691.0122144,/metrics/dbscan/front/detections_count,std_msgs/msg/Int32,14
1774528691.012327,/metrics/dbscan/front/points_in,std_msgs/msg/Int32,6195
1774528691.012394,/metrics/dbscan/front/processing_ms,std_msgs/msg/Float32,56.041439056396484
1774528691.0195613,/metrics/dbscan/left/detections_count,std_msgs/msg/Int32,11
1774528691.0196457,/metrics/dbscan/left/points_in,std_msgs/msg/Int32,7479
1774528691.0197105,/metrics/dbscan/left/processing_ms,std_msgs/msg/Float32,67.38046264648438
1774528691.0612519,/metrics/dbscan/back/detections_count,std_msgs/msg/Int32,11
1774528691.0614045,/metrics/dbscan/back/points_in,std_msgs/msg/Int32,4978
1774528691.0614958,/metrics/dbscan/back/processing_ms,std_msgs/msg/Float32,51.255096435546875
1774528691.0978372,/metrics/dbscan/right/detections_count,std_msgs/msg/Int32,9
1774528691.0979514,/metrics/dbscan/right/points_in,std_msgs/msg/Int32,7052
1774528691.0980163,/metrics/dbscan/right/processing_ms,std_msgs/msg/Float32,63.22975158691406
1774528691.1144972,/metrics/dbscan/front/detections_count,std_msgs/msg/Int32,15
1774528691.1146104,/metrics/dbscan/front/points_in,std_msgs/msg/Int32,6200
1774528691.1146784,/metrics/dbscan/front/processing_ms,std_msgs/msg/Float32,57.09080505371094
1774528691.117705,/metrics/dbscan/left/detections_count,std_msgs/msg/Int32,11
1774528691.117786,/metrics/dbscan/left/points_in,std_msgs/msg/Int32,7463
1774528691.1178517,/metrics/dbscan/left/processing_ms,std_msgs/msg/Float32,64.48751068115234
1774528691.1636534,/metrics/dbscan/back/detections_count,std_msgs/msg/Int32,12
1774528691.163772,/metrics/dbscan/back/points_in,std_msgs/msg/Int32,4992
1774528691.1638384,/metrics/dbscan/back/processing_ms,std_msgs/msg/Float32,52.089752197265625
1774528691.2022893,/metrics/dbscan/right/detections_count,std_msgs/msg/Int32,8
1774528691.2024028,/metrics/dbscan/right/points_in,std_msgs/msg/Int32,7012
1774528691.202467,/metrics/dbscan/right/processing_ms,std_msgs/msg/Float32,67.11601257324219
1774528691.214176,/metrics/dbscan/front/detections_count,std_msgs/msg/Int32,14
1774528691.214283,/metrics/dbscan/front/points_in,std_msgs/msg/Int32,6200
1774528691.2143507,/metrics/dbscan/front/processing_ms,std_msgs/msg/Float32,55.91240310668945
1774528691.2220073,/metrics/dbscan/left/detections_count,std_msgs/msg/Int32,11
1774528691.2220948,/metrics/dbscan/left/points_in,std_msgs/msg/Int32,7467
1774528691.222157,/metrics/dbscan/left/processing_ms,std_msgs/msg/Float32,68.14899444580078
1774528691.2579994,/metrics/dbscan/back/detections_count,std_msgs/msg/Int32,12
1774528691.258098,/metrics/dbscan/back/points_in,std_msgs/msg/Int32,4991
1774528691.2581522,/metrics/dbscan/back/processing_ms,std_msgs/msg/Float32,50.93737030029297
1774528691.299527,/metrics/dbscan/right/detections_count,std_msgs/msg/Int32,10
1774528691.2996478,/metrics/dbscan/right/points_in,std_msgs/msg/Int32,6970
1774528691.2997134,/metrics/dbscan/right/processing_ms,std_msgs/msg/Float32,63.231285095214844
1774528691.3114896,/metrics/dbscan/front/detections_count,std_msgs/msg/Int32,13
1774528691.3115897,/metrics/dbscan/front/points_in,std_msgs/msg/Int32,6194
1774528691.311651,/metrics/dbscan/front/processing_ms,std_msgs/msg/Float32,52.94722366333008
1774528691.3201947,/metrics/dbscan/left/detections_count,std_msgs/msg/Int32,11
1774528691.3202932,/metrics/dbscan/left/points_in,std_msgs/msg/Int32,7481
1774528691.3203745,/metrics/dbscan/left/processing_ms,std_msgs/msg/Float32,65.48416900634766
1774528691.3594663,/metrics/dbscan/back/detections_count,std_msgs/msg/Int32,12
1774528691.3595834,/metrics/dbscan/back/points_in,std_msgs/msg/Int32,5014
1774528691.359647,/metrics/dbscan/back/processing_ms,std_msgs/msg/Float32,51.459083557128906
1774528691.3959475,/metrics/dbscan/right/detections_count,std_msgs/msg/Int32,9
1774528691.3960693,/metrics/dbscan/right/points_in,std_msgs/msg/Int32,6958
1774528691.3961337,/metrics/dbscan/right/processing_ms,std_msgs/msg/Float32,62.67898178100586
1774528691.4083962,/metrics/dbscan/front/detections_count,std_msgs/msg/Int32,11
1774528691.408502,/metrics/dbscan/front/points_in,std_msgs/msg/Int32,6198
1774528691.4085636,/metrics/dbscan/front/processing_ms,std_msgs/msg/Float32,53.49901580810547
1774528691.4164898,/metrics/dbscan/left/detections_count,std_msgs/msg/Int32,11
1774528691.4165733,/metrics/dbscan/left/points_in,std_msgs/msg/Int32,7504
1774528691.4166315,/metrics/dbscan/left/processing_ms,std_msgs/msg/Float32,65.40625
1774528691.4586043,/metrics/dbscan/back/detections_count,std_msgs/msg/Int32,12
1774528691.4587297,/metrics/dbscan/back/points_in,std_msgs/msg/Int32,5006
1774528691.458799,/metrics/dbscan/back/processing_ms,std_msgs/msg/Float32,49.306610107421875
1774528691.4982247,/metrics/dbscan/right/detections_count,std_msgs/msg/Int32,11
1774528691.4983582,/metrics/dbscan/right/points_in,std_msgs/msg/Int32,6924
1774528691.4984267,/metrics/dbscan/right/processing_ms,std_msgs/msg/Float32,65.17903137207031
1774528691.5115592,/metrics/dbscan/front/detections_count,std_msgs/msg/Int32,11
1774528691.5116549,/metrics/dbscan/front/points_in,std_msgs/msg/Int32,6159
1774528691.5117173,/metrics/dbscan/front/processing_ms,std_msgs/msg/Float32,55.100399017333984
1774528691.5225415,/metrics/dbscan/left/detections_count,std_msgs/msg/Int32,11
1774528691.5226882,/metrics/dbscan/left/points_in,std_msgs/msg/Int32,7513
1774528691.522762,/metrics/dbscan/left/processing_ms,std_msgs/msg/Float32,70.1850357055664
1774528691.5633075,/metrics/dbscan/back/detections_count,std_msgs/msg/Int32,11
1774528691.5634148,/metrics/dbscan/back/points_in,std_msgs/msg/Int32,5012
1774528691.5634787,/metrics/dbscan/back/processing_ms,std_msgs/msg/Float32,53.410888671875
1774528691.5953538,/metrics/dbscan/right/detections_count,std_msgs/msg/Int32,9
1774528691.5954604,/metrics/dbscan/right/points_in,std_msgs/msg/Int32,6907
1774528691.5955157,/metrics/dbscan/right/processing_ms,std_msgs/msg/Float32,60.080169677734375
1774528691.6110668,/metrics/dbscan/front/detections_count,std_msgs/msg/Int32,11
1774528691.6111732,/metrics/dbscan/front/points_in,std_msgs/msg/Int32,6105
1774528691.611234,/metrics/dbscan/front/processing_ms,std_msgs/msg/Float32,53.372093200683594
1774528691.6218264,/metrics/dbscan/left/detections_count,std_msgs/msg/Int32,11
1774528691.621933,/metrics/dbscan/left/points_in,std_msgs/msg/Int32,7475
1774528691.621995,/metrics/dbscan/left/processing_ms,std_msgs/msg/Float32,68.5472640991211
1774528691.659684,/metrics/dbscan/back/detections_count,std_msgs/msg/Int32,12
1774528691.6597793,/metrics/dbscan/back/points_in,std_msgs/msg/Int32,5052
1774528691.6598341,/metrics/dbscan/back/processing_ms,std_msgs/msg/Float32,49.39896774291992
1774528691.6952531,/metrics/dbscan/right/detections_count,std_msgs/msg/Int32,9
1774528691.6954627,/metrics/dbscan/right/points_in,std_msgs/msg/Int32,6876
1774528691.695562,/metrics/dbscan/right/processing_ms,std_msgs/msg/Float32,59.961273193359375
1774528691.711796,/metrics/dbscan/front/detections_count,std_msgs/msg/Int32,12
1774528691.712013,/metrics/dbscan/front/points_in,std_msgs/msg/Int32,6093
1774528691.7121801,/metrics/dbscan/front/processing_ms,std_msgs/msg/Float32,52.49214172363281
1774528691.71973,/metrics/dbscan/left/detections_count,std_msgs/msg/Int32,11
1774528691.7198267,/metrics/dbscan/left/points_in,std_msgs/msg/Int32,7477
1774528691.719899,/metrics/dbscan/left/processing_ms,std_msgs/msg/Float32,64.54457092285156
1774528691.7606409,/metrics/dbscan/back/detections_count,std_msgs/msg/Int32,12
1774528691.7607574,/metrics/dbscan/back/points_in,std_msgs/msg/Int32,5102
1774528691.7608283,/metrics/dbscan/back/processing_ms,std_msgs/msg/Float32,49.8359489440918
1774528691.8015165,/metrics/dbscan/right/detections_count,std_msgs/msg/Int32,10
1774528691.8016336,/metrics/dbscan/right/points_in,std_msgs/msg/Int32,6838
1774528691.801699,/metrics/dbscan/right/processing_ms,std_msgs/msg/Float32,65.84730529785156
1774528691.8111815,/metrics/dbscan/front/detections_count,std_msgs/msg/Int32,12
1774528691.8113015,/metrics/dbscan/front/points_in,std_msgs/msg/Int32,6122
1774528691.8113742,/metrics/dbscan/front/processing_ms,std_msgs/msg/Float32,52.887901306152344
1774528691.8225849,/metrics/dbscan/left/detections_count,std_msgs/msg/Int32,11
1774528691.8226748,/metrics/dbscan/left/points_in,std_msgs/msg/Int32,7490
1774528691.8227375,/metrics/dbscan/left/processing_ms,std_msgs/msg/Float32,68.03002166748047
1774528691.857265,/metrics/dbscan/back/detections_count,std_msgs/msg/Int32,12
1774528691.8573883,/metrics/dbscan/back/points_in,std_msgs/msg/Int32,5173
1774528691.8574562,/metrics/dbscan/back/processing_ms,std_msgs/msg/Float32,50.36833953857422
1774528691.8956628,/metrics/dbscan/right/detections_count,std_msgs/msg/Int32,9
1774528691.8957653,/metrics/dbscan/right/points_in,std_msgs/msg/Int32,6804
1774528691.8958197,/metrics/dbscan/right/processing_ms,std_msgs/msg/Float32,62.67267990112305
1774528691.9084573,/metrics/dbscan/front/detections_count,std_msgs/msg/Int32,12
1774528691.9085503,/metrics/dbscan/front/points_in,std_msgs/msg/Int32,6162
1774528691.908604,/metrics/dbscan/front/processing_ms,std_msgs/msg/Float32,53.57672119140625
1774528691.9174104,/metrics/dbscan/left/detections_count,std_msgs/msg/Int32,11
1774528691.9175055,/metrics/dbscan/left/points_in,std_msgs/msg/Int32,7506
1774528691.9175718,/metrics/dbscan/left/processing_ms,std_msgs/msg/Float32,65.75909423828125
1774528691.958373,/metrics/dbscan/back/detections_count,std_msgs/msg/Int32,11
1774528691.958483,/metrics/dbscan/back/points_in,std_msgs/msg/Int32,5197
1774528691.9585516,/metrics/dbscan/back/processing_ms,std_msgs/msg/Float32,50.02667999267578
1774528691.9977155,/metrics/dbscan/right/detections_count,std_msgs/msg/Int32,11
1774528691.9978848,/metrics/dbscan/right/points_in,std_msgs/msg/Int32,6795
1774528691.9979618,/metrics/dbscan/right/processing_ms,std_msgs/msg/Float32,64.36467742919922
1774528692.0083163,/metrics/dbscan/front/detections_count,std_msgs/msg/Int32,11
1774528692.008423,/metrics/dbscan/front/points_in,std_msgs/msg/Int32,6214
1774528692.0084946,/metrics/dbscan/front/processing_ms,std_msgs/msg/Float32,52.815303802490234
1774528692.0173147,/metrics/dbscan/left/detections_count,std_msgs/msg/Int32,11
1774528692.017449,/metrics/dbscan/left/points_in,std_msgs/msg/Int32,7499
1774528692.017524,/metrics/dbscan/left/processing_ms,std_msgs/msg/Float32,65.1521224975586
1774528692.0586221,/metrics/dbscan/back/detections_count,std_msgs/msg/Int32,11
1774528692.0587263,/metrics/dbscan/back/points_in,std_msgs/msg/Int32,5172
1774528692.058788,/metrics/dbscan/back/processing_ms,std_msgs/msg/Float32,49.573238372802734
1774528692.100539,/metrics/dbscan/right/detections_count,std_msgs/msg/Int32,9
1774528692.1006503,/metrics/dbscan/right/points_in,std_msgs/msg/Int32,6837
1774528692.100713,/metrics/dbscan/right/processing_ms,std_msgs/msg/Float32,67.5037612915039
1774528692.111649,/metrics/dbscan/front/detections_count,std_msgs/msg/Int32,12
1774528692.1117418,/metrics/dbscan/front/processing_ms,std_msgs/msg/Float32,54.3624153137207
1774528692.1120071,/metrics/dbscan/front/points_in,std_msgs/msg/Int32,6247
1774528692.1199877,/metrics/dbscan/left/detections_count,std_msgs/msg/Int32,11
1774528692.1200829,/metrics/dbscan/left/points_in,std_msgs/msg/Int32,7512
1774528692.1201427,/metrics/dbscan/left/processing_ms,std_msgs/msg/Float32,66.65997314453125
1774528692.1592147,/metrics/dbscan/back/detections_count,std_msgs/msg/Int32,11
1774528692.159352,/metrics/dbscan/back/points_in,std_msgs/msg/Int32,5110
1774528692.1594331,/metrics/dbscan/back/processing_ms,std_msgs/msg/Float32,49.88790512084961
1774528692.2003498,/metrics/dbscan/right/detections_count,std_msgs/msg/Int32,10
1774528692.2004786,/metrics/dbscan/right/points_in,std_msgs/msg/Int32,6888
1774528692.2005527,/metrics/dbscan/right/processing_ms,std_msgs/msg/Float32,65.7042007446289
1774528692.211591,/metrics/dbscan/front/detections_count,std_msgs/msg/Int32,12
1774528692.211687,/metrics/dbscan/front/points_in,std_msgs/msg/Int32,6210
1774528692.211748,/metrics/dbscan/front/processing_ms,std_msgs/msg/Float32,53.55199432373047
1774528692.2198038,/metrics/dbscan/left/detections_count,std_msgs/msg/Int32,11
1774528692.2198849,/metrics/dbscan/left/points_in,std_msgs/msg/Int32,7477
1774528692.2199435,/metrics/dbscan/left/processing_ms,std_msgs/msg/Float32,66.25270080566406
1774528692.2588925,/metrics/dbscan/back/detections_count,std_msgs/msg/Int32,11
1774528692.2590113,/metrics/dbscan/back/points_in,std_msgs/msg/Int32,5005
1774528692.2590883,/metrics/dbscan/back/processing_ms,std_msgs/msg/Float32,48.65701675415039
1774528692.2975945,/metrics/dbscan/right/detections_count,std_msgs/msg/Int32,10
1774528692.2977304,/metrics/dbscan/right/points_in,std_msgs/msg/Int32,6927
1774528692.2978144,/metrics/dbscan/right/processing_ms,std_msgs/msg/Float32,62.33449935913086
1774528692.3128252,/metrics/dbscan/front/detections_count,std_msgs/msg/Int32,13
1774528692.3129554,/metrics/dbscan/front/points_in,std_msgs/msg/Int32,6201
1774528692.313044,/metrics/dbscan/front/processing_ms,std_msgs/msg/Float32,54.02918243408203
1774528692.320771,/metrics/dbscan/left/detections_count,std_msgs/msg/Int32,11
1774528692.3209133,/metrics/dbscan/left/points_in,std_msgs/msg/Int32,7479
1774528692.3210073,/metrics/dbscan/left/processing_ms,std_msgs/msg/Float32,66.19915771484375
1774528692.3559358,/metrics/dbscan/back/detections_count,std_msgs/msg/Int32,10
1774528692.3560777,/metrics/dbscan/back/points_in,std_msgs/msg/Int32,4826
1774528692.3561742,/metrics/dbscan/back/processing_ms,std_msgs/msg/Float32,49.314544677734375
1774528692.3990703,/metrics/dbscan/right/detections_count,std_msgs/msg/Int32,11
1774528692.3991742,/metrics/dbscan/right/points_in,std_msgs/msg/Int32,6971
1774528692.3992307,/metrics/dbscan/right/processing_ms,std_msgs/msg/Float32,62.35268020629883
1774528692.4103363,/metrics/dbscan/front/detections_count,std_msgs/msg/Int32,15
1774528692.4104412,/metrics/dbscan/front/points_in,std_msgs/msg/Int32,6197
1774528692.410504,/metrics/dbscan/front/processing_ms,std_msgs/msg/Float32,54.80695343017578
1774528692.4180105,/metrics/dbscan/left/detections_count,std_msgs/msg/Int32,11
1774528692.4181917,/metrics/dbscan/left/points_in,std_msgs/msg/Int32,7462
1774528692.4183083,/metrics/dbscan/left/processing_ms,std_msgs/msg/Float32,66.7586898803711
1774528692.4567158,/metrics/dbscan/back/detections_count,std_msgs/msg/Int32,11
1774528692.4568577,/metrics/dbscan/back/points_in,std_msgs/msg/Int32,4586
1774528692.4569452,/metrics/dbscan/back/processing_ms,std_msgs/msg/Float32,49.06365966796875
1774528692.4934933,/metrics/dbscan/right/detections_count,std_msgs/msg/Int32,9
1774528692.4936342,/metrics/dbscan/right/points_in,std_msgs/msg/Int32,6987
1774528692.493735,/metrics/dbscan/right/processing_ms,std_msgs/msg/Float32,61.15669631958008
1774528692.5138564,/metrics/dbscan/front/detections_count,std_msgs/msg/Int32,15
1774528692.5139906,/metrics/dbscan/front/points_in,std_msgs/msg/Int32,6172
1774528692.5140638,/metrics/dbscan/front/processing_ms,std_msgs/msg/Float32,56.6833610534668
1774528692.5212705,/metrics/dbscan/left/detections_count,std_msgs/msg/Int32,11
1774528692.5213997,/metrics/dbscan/left/points_in,std_msgs/msg/Int32,7470
1774528692.5214617,/metrics/dbscan/left/processing_ms,std_msgs/msg/Float32,67.92853546142578
1774528692.5568864,/metrics/dbscan/back/detections_count,std_msgs/msg/Int32,12
1774528692.5569959,/metrics/dbscan/back/points_in,std_msgs/msg/Int32,4392
1774528692.557062,/metrics/dbscan/back/processing_ms,std_msgs/msg/Float32,48.66885757446289
1774528692.5950408,/metrics/dbscan/right/detections_count,std_msgs/msg/Int32,11
1774528692.595189,/metrics/dbscan/right/points_in,std_msgs/msg/Int32,7033
1774528692.5952969,/metrics/dbscan/right/processing_ms,std_msgs/msg/Float32,61.81718444824219
1774528692.6118252,/metrics/dbscan/front/detections_count,std_msgs/msg/Int32,15
1774528692.6119554,/metrics/dbscan/front/points_in,std_msgs/msg/Int32,6148
1774528692.6120524,/metrics/dbscan/front/processing_ms,std_msgs/msg/Float32,55.002723693847656
1774528692.6184456,/metrics/dbscan/left/detections_count,std_msgs/msg/Int32,11
1774528692.618555,/metrics/dbscan/left/processing_ms,std_msgs/msg/Float32,65.60075378417969
1774528692.6188877,/metrics/dbscan/left/points_in,std_msgs/msg/Int32,7494
1774528692.6568618,/metrics/dbscan/back/detections_count,std_msgs/msg/Int32,10
1774528692.6569889,/metrics/dbscan/back/points_in,std_msgs/msg/Int32,4225
1774528692.6570826,/metrics/dbscan/back/processing_ms,std_msgs/msg/Float32,48.55736541748047
1774528692.6966991,/metrics/dbscan/right/detections_count,std_msgs/msg/Int32,11
1774528692.6968427,/metrics/dbscan/right/points_in,std_msgs/msg/Int32,7085
1774528692.6969254,/metrics/dbscan/right/processing_ms,std_msgs/msg/Float32,62.57429504394531
1774528692.713056,/metrics/dbscan/front/detections_count,std_msgs/msg/Int32,16
1774528692.713194,/metrics/dbscan/front/points_in,std_msgs/msg/Int32,6113
1774528692.7132924,/metrics/dbscan/front/processing_ms,std_msgs/msg/Float32,55.061275482177734
1774528692.720267,/metrics/dbscan/left/detections_count,std_msgs/msg/Int32,11
1774528692.7203786,/metrics/dbscan/left/points_in,std_msgs/msg/Int32,7500
1774528692.720461,/metrics/dbscan/left/processing_ms,std_msgs/msg/Float32,65.80123138427734
1774528692.7588158,/metrics/dbscan/back/detections_count,std_msgs/msg/Int32,10
1774528692.7589111,/metrics/dbscan/back/points_in,std_msgs/msg/Int32,4125
1774528692.7589645,/metrics/dbscan/back/processing_ms,std_msgs/msg/Float32,48.89510726928711
1774528692.7961974,/metrics/dbscan/right/detections_count,std_msgs/msg/Int32,8
1774528692.7963424,/metrics/dbscan/right/points_in,std_msgs/msg/Int32,7096
1774528692.7964146,/metrics/dbscan/right/processing_ms,std_msgs/msg/Float32,61.74241256713867
1774528692.8130322,/metrics/dbscan/front/detections_count,std_msgs/msg/Int32,15
1774528692.8131435,/metrics/dbscan/front/points_in,std_msgs/msg/Int32,6110
1774528692.8132083,/metrics/dbscan/front/processing_ms,std_msgs/msg/Float32,54.560123443603516
1774528692.8201735,/metrics/dbscan/left/detections_count,std_msgs/msg/Int32,11
1774528692.8202505,/metrics/dbscan/left/points_in,std_msgs/msg/Int32,7475
1774528692.8203232,/metrics/dbscan/left/processing_ms,std_msgs/msg/Float32,65.31645965576172
1774528692.8575182,/metrics/dbscan/back/detections_count,std_msgs/msg/Int32,10
1774528692.857625,/metrics/dbscan/back/points_in,std_msgs/msg/Int32,4111
1774528692.8576906,/metrics/dbscan/back/processing_ms,std_msgs/msg/Float32,47.667335510253906
1774528692.899395,/metrics/dbscan/right/detections_count,std_msgs/msg/Int32,11
1774528692.8995228,/metrics/dbscan/right/points_in,std_msgs/msg/Int32,7106
1774528692.8996048,/metrics/dbscan/right/processing_ms,std_msgs/msg/Float32,63.65989685058594
1774528692.91439,/metrics/dbscan/front/detections_count,std_msgs/msg/Int32,13
1774528692.9145086,/metrics/dbscan/front/points_in,std_msgs/msg/Int32,6148
1774528692.914572,/metrics/dbscan/front/processing_ms,std_msgs/msg/Float32,54.578086853027344
1774528692.9175377,/metrics/dbscan/left/detections_count,std_msgs/msg/Int32,11
1774528692.917615,/metrics/dbscan/left/points_in,std_msgs/msg/Int32,7487
1774528692.9176867,/metrics/dbscan/left/processing_ms,std_msgs/msg/Float32,65.5848388671875
1774528692.9536552,/metrics/dbscan/back/detections_count,std_msgs/msg/Int32,10
1774528692.9537845,/metrics/dbscan/back/points_in,std_msgs/msg/Int32,4121
1774528692.9538758,/metrics/dbscan/back/processing_ms,std_msgs/msg/Float32,47.0512809753418
1774528692.9987788,/metrics/dbscan/right/detections_count,std_msgs/msg/Int32,10
1774528692.9989169,/metrics/dbscan/right/points_in,std_msgs/msg/Int32,7101
1774528692.9990165,/metrics/dbscan/right/processing_ms,std_msgs/msg/Float32,63.10942077636719
1774528693.0111182,/metrics/dbscan/front/detections_count,std_msgs/msg/Int32,13
1774528693.0112343,/metrics/dbscan/front/points_in,std_msgs/msg/Int32,6213
1774528693.0113275,/metrics/dbscan/front/processing_ms,std_msgs/msg/Float32,55.872047424316406
1774528693.0190907,/metrics/dbscan/left/detections_count,std_msgs/msg/Int32,11
1774528693.019197,/metrics/dbscan/left/points_in,std_msgs/msg/Int32,7477
1774528693.0192883,/metrics/dbscan/left/processing_ms,std_msgs/msg/Float32,66.71162414550781
1774528693.0539505,/metrics/dbscan/back/detections_count,std_msgs/msg/Int32,10
1774528693.0540767,/metrics/dbscan/back/points_in,std_msgs/msg/Int32,4122
1774528693.054163,/metrics/dbscan/back/processing_ms,std_msgs/msg/Float32,46.80870056152344
1774528693.0974257,/metrics/dbscan/right/detections_count,std_msgs/msg/Int32,10
1774528693.0975664,/metrics/dbscan/right/points_in,std_msgs/msg/Int32,7126
1774528693.0976677,/metrics/dbscan/right/processing_ms,std_msgs/msg/Float32,65.17017364501953
1774528693.1148365,/metrics/dbscan/front/detections_count,std_msgs/msg/Int32,12
1774528693.1149583,/metrics/dbscan/front/points_in,std_msgs/msg/Int32,6248
1774528693.1150444,/metrics/dbscan/front/processing_ms,std_msgs/msg/Float32,57.61671447753906
1774528693.1203527,/metrics/dbscan/left/detections_count,std_msgs/msg/Int32,11
1774528693.1204748,/metrics/dbscan/left/points_in,std_msgs/msg/Int32,7495
1774528693.1205645,/metrics/dbscan/left/processing_ms,std_msgs/msg/Float32,66.91077423095703
1774528693.1578972,/metrics/dbscan/back/detections_count,std_msgs/msg/Int32,10
1774528693.1580336,/metrics/dbscan/back/points_in,std_msgs/msg/Int32,4120
1774528693.1581197,/metrics/dbscan/back/processing_ms,std_msgs/msg/Float32,49.35650634765625
1774528693.1970015,/metrics/dbscan/right/detections_count,std_msgs/msg/Int32,10
1774528693.1971302,/metrics/dbscan/right/points_in,std_msgs/msg/Int32,7138
1774528693.1972003,/metrics/dbscan/right/processing_ms,std_msgs/msg/Float32,62.76016616821289
1774528693.2139375,/metrics/dbscan/front/detections_count,std_msgs/msg/Int32,13
1774528693.2140648,/metrics/dbscan/front/points_in,std_msgs/msg/Int32,6276
1774528693.2141542,/metrics/dbscan/front/processing_ms,std_msgs/msg/Float32,55.27059555053711
1774528693.220187,/metrics/dbscan/left/detections_count,std_msgs/msg/Int32,11
1774528693.2203476,/metrics/dbscan/left/points_in,std_msgs/msg/Int32,7497
1774528693.220431,/metrics/dbscan/left/processing_ms,std_msgs/msg/Float32,65.79375457763672
1774528693.2566924,/metrics/dbscan/back/detections_count,std_msgs/msg/Int32,10
1774528693.2568173,/metrics/dbscan/back/points_in,std_msgs/msg/Int32,4118
1774528693.2569032,/metrics/dbscan/back/processing_ms,std_msgs/msg/Float32,47.07706069946289
1774528693.2996037,/metrics/dbscan/right/detections_count,std_msgs/msg/Int32,10
1774528693.2997189,/metrics/dbscan/right/points_in,std_msgs/msg/Int32,7107
1774528693.299782,/metrics/dbscan/right/processing_ms,std_msgs/msg/Float32,65.65611267089844
1774528693.3168514,/metrics/dbscan/front/detections_count,std_msgs/msg/Int32,12
1774528693.3169677,/metrics/dbscan/front/points_in,std_msgs/msg/Int32,6300
1774528693.3170352,/metrics/dbscan/front/processing_ms,std_msgs/msg/Float32,57.685646057128906
1774528693.3218355,/metrics/dbscan/left/detections_count,std_msgs/msg/Int32,11
1774528693.3219235,/metrics/dbscan/left/points_in,std_msgs/msg/Int32,7479
1774528693.3219855,/metrics/dbscan/left/processing_ms,std_msgs/msg/Float32,65.89502716064453
1774528693.358071,/metrics/dbscan/back/detections_count,std_msgs/msg/Int32,9
1774528693.3582044,/metrics/dbscan/back/points_in,std_msgs/msg/Int32,4103
1774528693.358311,/metrics/dbscan/back/processing_ms,std_msgs/msg/Float32,48.248939514160156
1774528693.3991463,/metrics/dbscan/right/detections_count,std_msgs/msg/Int32,11
1774528693.3992589,/metrics/dbscan/right/points_in,std_msgs/msg/Int32,7085
1774528693.3993804,/metrics/dbscan/right/processing_ms,std_msgs/msg/Float32,64.33361053466797
1774528693.416769,/metrics/dbscan/front/detections_count,std_msgs/msg/Int32,11
1774528693.4168997,/metrics/dbscan/front/points_in,std_msgs/msg/Int32,6346
1774528693.4169798,/metrics/dbscan/front/processing_ms,std_msgs/msg/Float32,57.77474594116211
1774528693.4175456,/metrics/dbscan/left/detections_count,std_msgs/msg/Int32,11
1774528693.4176128,/metrics/dbscan/left/points_in,std_msgs/msg/Int32,7478
1774528693.4176831,/metrics/dbscan/left/processing_ms,std_msgs/msg/Float32,65.70440673828125
1774528693.4575574,/metrics/dbscan/back/detections_count,std_msgs/msg/Int32,11
1774528693.4576643,/metrics/dbscan/back/points_in,std_msgs/msg/Int32,4113
1774528693.4577289,/metrics/dbscan/back/processing_ms,std_msgs/msg/Float32,46.847164154052734
1774528693.498322,/metrics/dbscan/right/detections_count,std_msgs/msg/Int32,10
1774528693.4984322,/metrics/dbscan/right/points_in,std_msgs/msg/Int32,7019
1774528693.4984968,/metrics/dbscan/right/processing_ms,std_msgs/msg/Float32,63.29569625854492
1774528693.5161467,/metrics/dbscan/front/detections_count,std_msgs/msg/Int32,12
1774528693.5162575,/metrics/dbscan/front/points_in,std_msgs/msg/Int32,6393
1774528693.5163317,/metrics/dbscan/front/processing_ms,std_msgs/msg/Float32,58.47818374633789
1774528693.5178602,/metrics/dbscan/left/detections_count,std_msgs/msg/Int32,11
1774528693.5179303,/metrics/dbscan/left/processing_ms,std_msgs/msg/Float32,65.17042541503906
1774528693.5181603,/metrics/dbscan/left/points_in,std_msgs/msg/Int32,7475
1774528693.5544956,/metrics/dbscan/back/detections_count,std_msgs/msg/Int32,11
1774528693.5546124,/metrics/dbscan/back/points_in,std_msgs/msg/Int32,4113
1774528693.5546768,/metrics/dbscan/back/processing_ms,std_msgs/msg/Float32,47.868587493896484
1774528693.5939708,/metrics/dbscan/right/detections_count,std_msgs/msg/Int32,10
1774528693.594094,/metrics/dbscan/right/points_in,std_msgs/msg/Int32,6945
1774528693.5941586,/metrics/dbscan/right/processing_ms,std_msgs/msg/Float32,62.656368255615234
1774528693.6137807,/metrics/dbscan/front/detections_count,std_msgs/msg/Int32,12
1774528693.6138947,/metrics/dbscan/front/points_in,std_msgs/msg/Int32,6464
1774528693.6139607,/metrics/dbscan/front/processing_ms,std_msgs/msg/Float32,58.05474090576172
1774528693.6177704,/metrics/dbscan/left/detections_count,std_msgs/msg/Int32,12
1774528693.6178432,/metrics/dbscan/left/points_in,std_msgs/msg/Int32,7477
1774528693.617913,/metrics/dbscan/left/processing_ms,std_msgs/msg/Float32,65.02165985107422
1774528693.654786,/metrics/dbscan/back/detections_count,std_msgs/msg/Int32,10
1774528693.6548805,/metrics/dbscan/back/points_in,std_msgs/msg/Int32,4124
1774528693.6549351,/metrics/dbscan/back/processing_ms,std_msgs/msg/Float32,47.19213104248047
1774528693.6987588,/metrics/dbscan/right/detections_count,std_msgs/msg/Int32,11
1774528693.6988802,/metrics/dbscan/right/points_in,std_msgs/msg/Int32,6849
1774528693.699011,/metrics/dbscan/right/processing_ms,std_msgs/msg/Float32,66.13675689697266
1774528693.7154393,/metrics/dbscan/front/detections_count,std_msgs/msg/Int32,12
1774528693.7155464,/metrics/dbscan/front/points_in,std_msgs/msg/Int32,6551
1774528693.7156157,/metrics/dbscan/front/processing_ms,std_msgs/msg/Float32,58.206729888916016
1774528693.719722,/metrics/dbscan/left/detections_count,std_msgs/msg/Int32,12
1774528693.719806,/metrics/dbscan/left/points_in,std_msgs/msg/Int32,7494
1774528693.719872,/metrics/dbscan/left/processing_ms,std_msgs/msg/Float32,65.70372772216797
1774528693.7552426,/metrics/dbscan/back/detections_count,std_msgs/msg/Int32,11
1774528693.7553797,/metrics/dbscan/back/points_in,std_msgs/msg/Int32,4138
1774528693.7554452,/metrics/dbscan/back/processing_ms,std_msgs/msg/Float32,46.974647521972656
1774528693.7986467,/metrics/dbscan/right/detections_count,std_msgs/msg/Int32,9
1774528693.7987669,/metrics/dbscan/right/points_in,std_msgs/msg/Int32,6831
1774528693.7988353,/metrics/dbscan/right/processing_ms,std_msgs/msg/Float32,64.186767578125
1774528693.817159,/metrics/dbscan/front/detections_count,std_msgs/msg/Int32,12
1774528693.8172715,/metrics/dbscan/front/points_in,std_msgs/msg/Int32,6606
1774528693.8173518,/metrics/dbscan/front/processing_ms,std_msgs/msg/Float32,59.18674087524414
1774528693.8207572,/metrics/dbscan/left/detections_count,std_msgs/msg/Int32,12
1774528693.8208556,/metrics/dbscan/left/points_in,std_msgs/msg/Int32,7534
1774528693.8209398,/metrics/dbscan/left/processing_ms,std_msgs/msg/Float32,65.96922302246094
1774528693.8561296,/metrics/dbscan/back/detections_count,std_msgs/msg/Int32,11
1774528693.8562434,/metrics/dbscan/back/points_in,std_msgs/msg/Int32,4115
1774528693.8563302,/metrics/dbscan/back/processing_ms,std_msgs/msg/Float32,47.093162536621094
1774528693.8971348,/metrics/dbscan/right/detections_count,std_msgs/msg/Int32,8
1774528693.8972633,/metrics/dbscan/right/points_in,std_msgs/msg/Int32,6772
1774528693.8973548,/metrics/dbscan/right/processing_ms,std_msgs/msg/Float32,62.66310119628906
1774528693.918631,/metrics/dbscan/front/detections_count,std_msgs/msg/Int32,14
1774528693.9187722,/metrics/dbscan/front/points_in,std_msgs/msg/Int32,6604
1774528693.9188297,/metrics/dbscan/front/processing_ms,std_msgs/msg/Float32,59.55705642700195
1774528693.9233015,/metrics/dbscan/left/detections_count,std_msgs/msg/Int32,12
1774528693.923419,/metrics/dbscan/left/points_in,std_msgs/msg/Int32,7591
1774528693.9234972,/metrics/dbscan/left/processing_ms,std_msgs/msg/Float32,71.65642547607422
1774528693.9596543,/metrics/dbscan/back/detections_count,std_msgs/msg/Int32,12
1774528693.9597943,/metrics/dbscan/back/points_in,std_msgs/msg/Int32,4117
1774528693.9598756,/metrics/dbscan/back/processing_ms,std_msgs/msg/Float32,49.92328643798828
1774528694.0016606,/metrics/dbscan/right/detections_count,std_msgs/msg/Int32,10
1774528694.0017724,/metrics/dbscan/right/points_in,std_msgs/msg/Int32,6698
1774528694.0018373,/metrics/dbscan/right/processing_ms,std_msgs/msg/Float32,65.54802703857422
1774528694.0151067,/metrics/dbscan/front/detections_count,std_msgs/msg/Int32,12
1774528694.0152285,/metrics/dbscan/front/points_in,std_msgs/msg/Int32,6616
1774528694.015309,/metrics/dbscan/front/processing_ms,std_msgs/msg/Float32,59.24165725708008
1774528694.020996,/metrics/dbscan/left/detections_count,std_msgs/msg/Int32,12
1774528694.0211008,/metrics/dbscan/left/points_in,std_msgs/msg/Int32,7578
1774528694.0211627,/metrics/dbscan/left/processing_ms,std_msgs/msg/Float32,67.99093627929688
1774528694.0570927,/metrics/dbscan/back/detections_count,std_msgs/msg/Int32,10
1774528694.0571918,/metrics/dbscan/back/points_in,std_msgs/msg/Int32,4106
1774528694.0572503,/metrics/dbscan/back/processing_ms,std_msgs/msg/Float32,47.05693435668945
1774528694.0954463,/metrics/dbscan/right/detections_count,std_msgs/msg/Int32,10
1774528694.095592,/metrics/dbscan/right/points_in,std_msgs/msg/Int32,6655
1774528694.0956602,/metrics/dbscan/right/processing_ms,std_msgs/msg/Float32,59.73997497558594
1774528694.1174264,/metrics/dbscan/front/detections_count,std_msgs/msg/Int32,14
1774528694.1175241,/metrics/dbscan/front/points_in,std_msgs/msg/Int32,6590
1774528694.1175785,/metrics/dbscan/front/processing_ms,std_msgs/msg/Float32,59.83424377441406
1774528694.1193597,/metrics/dbscan/left/detections_count,std_msgs/msg/Int32,12
1774528694.119446,/metrics/dbscan/left/points_in,std_msgs/msg/Int32,7572
1774528694.1195126,/metrics/dbscan/left/processing_ms,std_msgs/msg/Float32,65.06968688964844
1774528694.156738,/metrics/dbscan/back/detections_count,std_msgs/msg/Int32,11
1774528694.1568303,/metrics/dbscan/back/points_in,std_msgs/msg/Int32,4116
1774528694.1568837,/metrics/dbscan/back/processing_ms,std_msgs/msg/Float32,50.300933837890625
1774528694.1923738,/metrics/dbscan/right/detections_count,std_msgs/msg/Int32,10
1774528694.192496,/metrics/dbscan/right/points_in,std_msgs/msg/Int32,6689
1774528694.1925585,/metrics/dbscan/right/processing_ms,std_msgs/msg/Float32,60.0483283996582
1774528694.2147734,/metrics/dbscan/front/detections_count,std_msgs/msg/Int32,14
1774528694.2148876,/metrics/dbscan/front/points_in,std_msgs/msg/Int32,6560
1774528694.2149508,/metrics/dbscan/front/processing_ms,std_msgs/msg/Float32,57.83988952636719
1774528694.21836,/metrics/dbscan/left/detections_count,std_msgs/msg/Int32,12
1774528694.2184298,/metrics/dbscan/left/points_in,std_msgs/msg/Int32,7653
1774528694.2184868,/metrics/dbscan/left/processing_ms,std_msgs/msg/Float32,63.98814392089844
1774528694.2551613,/metrics/dbscan/back/detections_count,std_msgs/msg/Int32,10
1774528694.2552712,/metrics/dbscan/back/points_in,std_msgs/msg/Int32,4114
1774528694.2553537,/metrics/dbscan/back/processing_ms,std_msgs/msg/Float32,47.55359649658203
1774528694.2945886,/metrics/dbscan/right/detections_count,std_msgs/msg/Int32,9
1774528694.2947192,/metrics/dbscan/right/points_in,std_msgs/msg/Int32,6749
1774528694.2947836,/metrics/dbscan/right/processing_ms,std_msgs/msg/Float32,61.58077621459961
1774528694.314965,/metrics/dbscan/front/detections_count,std_msgs/msg/Int32,13
1774528694.3150866,/metrics/dbscan/front/points_in,std_msgs/msg/Int32,6534
1774528694.315153,/metrics/dbscan/front/processing_ms,std_msgs/msg/Float32,57.02074432373047
1774528694.3185596,/metrics/dbscan/left/detections_count,std_msgs/msg/Int32,12
1774528694.3186395,/metrics/dbscan/left/processing_ms,std_msgs/msg/Float32,63.785396575927734
1774528694.3189228,/metrics/dbscan/left/points_in,std_msgs/msg/Int32,7694
1774528694.3555229,/metrics/dbscan/back/detections_count,std_msgs/msg/Int32,10
1774528694.355657,/metrics/dbscan/back/points_in,std_msgs/msg/Int32,4131
1774528694.3557327,/metrics/dbscan/back/processing_ms,std_msgs/msg/Float32,46.62812805175781
1774528694.3971748,/metrics/dbscan/right/detections_count,std_msgs/msg/Int32,8
1774528694.3973806,/metrics/dbscan/right/points_in,std_msgs/msg/Int32,6947
1774528694.3975093,/metrics/dbscan/right/processing_ms,std_msgs/msg/Float32,63.255008697509766
1774528694.4174888,/metrics/dbscan/front/detections_count,std_msgs/msg/Int32,12
1774528694.4176028,/metrics/dbscan/front/points_in,std_msgs/msg/Int32,6472
1774528694.4176683,/metrics/dbscan/front/processing_ms,std_msgs/msg/Float32,58.67821502685547
1774528694.4180026,/metrics/dbscan/left/detections_count,std_msgs/msg/Int32,12
1774528694.41807,/metrics/dbscan/left/points_in,std_msgs/msg/Int32,7712
1774528694.4181252,/metrics/dbscan/left/processing_ms,std_msgs/msg/Float32,66.9936294555664
1774528694.4606256,/metrics/dbscan/back/detections_count,std_msgs/msg/Int32,11
1774528694.4607391,/metrics/dbscan/back/points_in,std_msgs/msg/Int32,4114
1774528694.4608052,/metrics/dbscan/back/processing_ms,std_msgs/msg/Float32,51.619110107421875
1774528694.4991708,/metrics/dbscan/right/detections_count,std_msgs/msg/Int32,9
1774528694.499295,/metrics/dbscan/right/points_in,std_msgs/msg/Int32,7082
1774528694.4993632,/metrics/dbscan/right/processing_ms,std_msgs/msg/Float32,64.48951721191406
1774528694.5137444,/metrics/dbscan/front/detections_count,std_msgs/msg/Int32,14
1774528694.5138526,/metrics/dbscan/front/points_in,std_msgs/msg/Int32,6471
1774528694.513917,/metrics/dbscan/front/processing_ms,std_msgs/msg/Float32,58.357234954833984
1774528694.5229723,/metrics/dbscan/left/detections_count,std_msgs/msg/Int32,12
1774528694.5230706,/metrics/dbscan/left/points_in,std_msgs/msg/Int32,7720
1774528694.5231373,/metrics/dbscan/left/processing_ms,std_msgs/msg/Float32,70.36123657226562
1774528694.560931,/metrics/dbscan/back/detections_count,std_msgs/msg/Int32,10
1774528694.5610712,/metrics/dbscan/back/points_in,std_msgs/msg/Int32,4120
1774528694.561144,/metrics/dbscan/back/processing_ms,std_msgs/msg/Float32,50.7571907043457
1774528694.5992293,/metrics/dbscan/right/detections_count,std_msgs/msg/Int32,9
1774528694.5994,/metrics/dbscan/right/points_in,std_msgs/msg/Int32,7149
1774528694.5994883,/metrics/dbscan/right/processing_ms,std_msgs/msg/Float32,63.906246185302734
1774528694.613502,/metrics/dbscan/front/detections_count,std_msgs/msg/Int32,11
1774528694.6136086,/metrics/dbscan/front/points_in,std_msgs/msg/Int32,6522
1774528694.6136737,/metrics/dbscan/front/processing_ms,std_msgs/msg/Float32,57.378543853759766
1774528694.6199455,/metrics/dbscan/left/detections_count,std_msgs/msg/Int32,12
1774528694.6200573,/metrics/dbscan/left/points_in,std_msgs/msg/Int32,7717
1774528694.6201406,/metrics/dbscan/left/processing_ms,std_msgs/msg/Float32,66.9164810180664
1774528694.6627452,/metrics/dbscan/back/detections_count,std_msgs/msg/Int32,10
1774528694.6628685,/metrics/dbscan/back/points_in,std_msgs/msg/Int32,4132
1774528694.662945,/metrics/dbscan/back/processing_ms,std_msgs/msg/Float32,51.736724853515625
1774528694.70187,/metrics/dbscan/right/detections_count,std_msgs/msg/Int32,11
1774528694.7019954,/metrics/dbscan/right/points_in,std_msgs/msg/Int32,7163
1774528694.7020643,/metrics/dbscan/right/processing_ms,std_msgs/msg/Float32,66.41603088378906
1774528694.7176418,/metrics/dbscan/front/detections_count,std_msgs/msg/Int32,12
1774528694.7177463,/metrics/dbscan/front/points_in,std_msgs/msg/Int32,6469
1774528694.7178,/metrics/dbscan/front/processing_ms,std_msgs/msg/Float32,59.26367950439453
1774528694.7232995,/metrics/dbscan/left/detections_count,std_msgs/msg/Int32,12
1774528694.7234352,/metrics/dbscan/left/points_in,std_msgs/msg/Int32,7661
1774528694.7235312,/metrics/dbscan/left/processing_ms,std_msgs/msg/Float32,69.08984375
1774528694.7562952,/metrics/dbscan/back/detections_count,std_msgs/msg/Int32,10
1774528694.7564962,/metrics/dbscan/back/points_in,std_msgs/msg/Int32,4126
1774528694.7566102,/metrics/dbscan/back/processing_ms,std_msgs/msg/Float32,48.8226318359375
1774528694.7980342,/metrics/dbscan/right/detections_count,std_msgs/msg/Int32,10
1774528694.798153,/metrics/dbscan/right/points_in,std_msgs/msg/Int32,7163
1774528694.7982187,/metrics/dbscan/right/processing_ms,std_msgs/msg/Float32,64.26681518554688
1774528694.8155403,/metrics/dbscan/front/detections_count,std_msgs/msg/Int32,14
1774528694.8156638,/metrics/dbscan/front/points_in,std_msgs/msg/Int32,6437
1774528694.8157322,/metrics/dbscan/front/processing_ms,std_msgs/msg/Float32,57.18362045288086
1774528694.8242145,/metrics/dbscan/left/detections_count,std_msgs/msg/Int32,11
1774528694.8243346,/metrics/dbscan/left/points_in,std_msgs/msg/Int32,7625
1774528694.8244019,/metrics/dbscan/left/processing_ms,std_msgs/msg/Float32,68.99279022216797
1774528694.8563545,/metrics/dbscan/back/detections_count,std_msgs/msg/Int32,10
1774528694.8564632,/metrics/dbscan/back/points_in,std_msgs/msg/Int32,4138
1774528694.8565276,/metrics/dbscan/back/processing_ms,std_msgs/msg/Float32,49.37296676635742
1774528694.8951938,/metrics/dbscan/right/detections_count,std_msgs/msg/Int32,9
1774528694.8953366,/metrics/dbscan/right/points_in,std_msgs/msg/Int32,7146
1774528694.8954196,/metrics/dbscan/right/processing_ms,std_msgs/msg/Float32,62.19108581542969
1774528694.9164221,/metrics/dbscan/front/detections_count,std_msgs/msg/Int32,11
1774528694.9165363,/metrics/dbscan/front/points_in,std_msgs/msg/Int32,6435
1774528694.9166012,/metrics/dbscan/front/processing_ms,std_msgs/msg/Float32,55.90684509277344
1774528694.9193366,/metrics/dbscan/left/detections_count,std_msgs/msg/Int32,11
1774528694.9194045,/metrics/dbscan/left/points_in,std_msgs/msg/Int32,7651
1774528694.919461,/metrics/dbscan/left/processing_ms,std_msgs/msg/Float32,66.3341064453125
1774528694.9602537,/metrics/dbscan/back/detections_count,std_msgs/msg/Int32,12
1774528694.9603755,/metrics/dbscan/back/points_in,std_msgs/msg/Int32,4129
1774528694.9604454,/metrics/dbscan/back/processing_ms,std_msgs/msg/Float32,51.18210983276367
1774528694.9974477,/metrics/dbscan/right/detections_count,std_msgs/msg/Int32,10
1774528694.997563,/metrics/dbscan/right/points_in,std_msgs/msg/Int32,7141
1774528694.9976413,/metrics/dbscan/right/processing_ms,std_msgs/msg/Float32,62.353172302246094
1774528695.010366,/metrics/dbscan/front/detections_count,std_msgs/msg/Int32,12
1774528695.010507,/metrics/dbscan/front/points_in,std_msgs/msg/Int32,6426
1774528695.0106118,/metrics/dbscan/front/processing_ms,std_msgs/msg/Float32,56.02614212036133
1774528695.0194504,/metrics/dbscan/left/detections_count,std_msgs/msg/Int32,11
1774528695.0195377,/metrics/dbscan/left/points_in,std_msgs/msg/Int32,7656
1774528695.0195968,/metrics/dbscan/left/processing_ms,std_msgs/msg/Float32,66.9222640991211
1774528695.0582216,/metrics/dbscan/back/detections_count,std_msgs/msg/Int32,10
1774528695.0583427,/metrics/dbscan/back/points_in,std_msgs/msg/Int32,4118
1774528695.0584133,/metrics/dbscan/back/processing_ms,std_msgs/msg/Float32,49.72952651977539
1774528695.1050491,/metrics/dbscan/right/detections_count,std_msgs/msg/Int32,9
1774528695.1051714,/metrics/dbscan/right/points_in,std_msgs/msg/Int32,7131
1774528695.1052353,/metrics/dbscan/right/processing_ms,std_msgs/msg/Float32,70.53849029541016
1774528695.1193078,/metrics/dbscan/left/detections_count,std_msgs/msg/Int32,12
1774528695.1194212,/metrics/dbscan/left/points_in,std_msgs/msg/Int32,7654
1774528695.1194859,/metrics/dbscan/left/processing_ms,std_msgs/msg/Float32,65.87319946289062
1774528695.1198084,/metrics/dbscan/front/detections_count,std_msgs/msg/Int32,13
1774528695.1198766,/metrics/dbscan/front/points_in,std_msgs/msg/Int32,6485
1774528695.119928,/metrics/dbscan/front/processing_ms,std_msgs/msg/Float32,63.81835174560547
1774528695.1584976,/metrics/dbscan/back/detections_count,std_msgs/msg/Int32,10
1774528695.1586165,/metrics/dbscan/back/points_in,std_msgs/msg/Int32,4117
1774528695.1586947,/metrics/dbscan/back/processing_ms,std_msgs/msg/Float32,47.7907600402832
1774528695.1981022,/metrics/dbscan/right/detections_count,std_msgs/msg/Int32,11
1774528695.1983027,/metrics/dbscan/right/points_in,std_msgs/msg/Int32,7144
1774528695.1983936,/metrics/dbscan/right/processing_ms,std_msgs/msg/Float32,62.62418746948242
1774528695.2157056,/metrics/dbscan/front/detections_count,std_msgs/msg/Int32,13
1774528695.2158349,/metrics/dbscan/front/points_in,std_msgs/msg/Int32,6657
1774528695.2159176,/metrics/dbscan/front/processing_ms,std_msgs/msg/Float32,58.470420837402344
1774528695.2189445,/metrics/dbscan/left/detections_count,std_msgs/msg/Int32,13
1774528695.2190173,/metrics/dbscan/left/points_in,std_msgs/msg/Int32,7780
1774528695.2190785,/metrics/dbscan/left/processing_ms,std_msgs/msg/Float32,64.69698333740234
1774528695.2666678,/metrics/dbscan/back/detections_count,std_msgs/msg/Int32,10
1774528695.2668097,/metrics/dbscan/back/points_in,std_msgs/msg/Int32,4116
1774528695.2668881,/metrics/dbscan/back/processing_ms,std_msgs/msg/Float32,55.77058410644531
1774528695.3025358,/metrics/dbscan/right/detections_count,std_msgs/msg/Int32,12
1774528695.3026555,/metrics/dbscan/right/points_in,std_msgs/msg/Int32,7229
1774528695.3027234,/metrics/dbscan/right/processing_ms,std_msgs/msg/Float32,70.51471710205078
1774528695.316971,/metrics/dbscan/front/detections_count,std_msgs/msg/Int32,13
1774528695.317076,/metrics/dbscan/front/points_in,std_msgs/msg/Int32,6796
1774528695.3171377,/metrics/dbscan/front/processing_ms,std_msgs/msg/Float32,59.079017639160156
1774528695.3215904,/metrics/dbscan/left/detections_count,std_msgs/msg/Int32,11
1774528695.3216662,/metrics/dbscan/left/points_in,std_msgs/msg/Int32,8011
1774528695.321728,/metrics/dbscan/left/processing_ms,std_msgs/msg/Float32,66.15767669677734
1774528695.358977,/metrics/dbscan/back/detections_count,std_msgs/msg/Int32,9
1774528695.3591058,/metrics/dbscan/back/points_in,std_msgs/msg/Int32,4107
1774528695.3591719,/metrics/dbscan/back/processing_ms,std_msgs/msg/Float32,52.67045974731445
1774528695.401699,/metrics/dbscan/right/detections_count,std_msgs/msg/Int32,12
1774528695.4018161,/metrics/dbscan/right/points_in,std_msgs/msg/Int32,7359
1774528695.401881,/metrics/dbscan/right/processing_ms,std_msgs/msg/Float32,68.00164794921875
1774528695.4191754,/metrics/dbscan/front/detections_count,std_msgs/msg/Int32,12
1774528695.419311,/metrics/dbscan/front/points_in,std_msgs/msg/Int32,6798
1774528695.419397,/metrics/dbscan/front/processing_ms,std_msgs/msg/Float32,59.649261474609375
1774528695.4212663,/metrics/dbscan/left/detections_count,std_msgs/msg/Int32,11
1774528695.4213643,/metrics/dbscan/left/points_in,std_msgs/msg/Int32,8233
1774528695.4214358,/metrics/dbscan/left/processing_ms,std_msgs/msg/Float32,69.64591217041016
1774528695.457043,/metrics/dbscan/back/detections_count,std_msgs/msg/Int32,11
1774528695.4572036,/metrics/dbscan/back/points_in,std_msgs/msg/Int32,4118
1774528695.457288,/metrics/dbscan/back/processing_ms,std_msgs/msg/Float32,49.27140426635742
1774528695.5031118,/metrics/dbscan/right/detections_count,std_msgs/msg/Int32,10
1774528695.5032358,/metrics/dbscan/right/points_in,std_msgs/msg/Int32,7509
1774528695.5033119,/metrics/dbscan/right/processing_ms,std_msgs/msg/Float32,69.010498046875
1774528695.517,/metrics/dbscan/front/detections_count,std_msgs/msg/Int32,14
1774528695.5171087,/metrics/dbscan/front/points_in,std_msgs/msg/Int32,6768
1774528695.5171723,/metrics/dbscan/front/processing_ms,std_msgs/msg/Float32,62.02111053466797
1774528695.5274234,/metrics/dbscan/left/detections_count,std_msgs/msg/Int32,11
1774528695.5275335,/metrics/dbscan/left/points_in,std_msgs/msg/Int32,8336
1774528695.5275962,/metrics/dbscan/left/processing_ms,std_msgs/msg/Float32,75.1793441772461
1774528695.555487,/metrics/dbscan/back/detections_count,std_msgs/msg/Int32,10
1774528695.5556161,/metrics/dbscan/back/points_in,std_msgs/msg/Int32,4114
1774528695.5556886,/metrics/dbscan/back/processing_ms,std_msgs/msg/Float32,48.57233428955078
1774528695.5961614,/metrics/dbscan/right/detections_count,std_msgs/msg/Int32,12
1774528695.596263,/metrics/dbscan/right/points_in,std_msgs/msg/Int32,7810
1774528695.5963352,/metrics/dbscan/right/processing_ms,std_msgs/msg/Float32,62.256900787353516
1774528695.6146264,/metrics/dbscan/front/detections_count,std_msgs/msg/Int32,13
1774528695.6147482,/metrics/dbscan/front/points_in,std_msgs/msg/Int32,6714
1774528695.6148124,/metrics/dbscan/front/processing_ms,std_msgs/msg/Float32,59.38276672363281
1774528695.6215303,/metrics/dbscan/left/detections_count,std_msgs/msg/Int32,12
1774528695.6216328,/metrics/dbscan/left/points_in,std_msgs/msg/Int32,8434
1774528695.6216867,/metrics/dbscan/left/processing_ms,std_msgs/msg/Float32,69.27725982666016
1774528695.6558316,/metrics/dbscan/back/detections_count,std_msgs/msg/Int32,10
1774528695.6559453,/metrics/dbscan/back/points_in,std_msgs/msg/Int32,4112
1774528695.656011,/metrics/dbscan/back/processing_ms,std_msgs/msg/Float32,48.02570724487305
1774528695.6953223,/metrics/dbscan/right/detections_count,std_msgs/msg/Int32,11
1774528695.6954298,/metrics/dbscan/right/points_in,std_msgs/msg/Int32,8207
1774528695.6954834,/metrics/dbscan/right/processing_ms,std_msgs/msg/Float32,61.63946533203125
1774528695.71619,/metrics/dbscan/front/detections_count,std_msgs/msg/Int32,13
1774528695.7163286,/metrics/dbscan/front/points_in,std_msgs/msg/Int32,6746
1774528695.716407,/metrics/dbscan/front/processing_ms,std_msgs/msg/Float32,59.21192932128906
1774528695.7217715,/metrics/dbscan/left/detections_count,std_msgs/msg/Int32,12
1774528695.7218692,/metrics/dbscan/left/points_in,std_msgs/msg/Int32,8545
1774528695.7219312,/metrics/dbscan/left/processing_ms,std_msgs/msg/Float32,68.08140563964844
1774528695.7566395,/metrics/dbscan/back/detections_count,std_msgs/msg/Int32,11
1774528695.7567828,/metrics/dbscan/back/points_in,std_msgs/msg/Int32,4110
1774528695.75688,/metrics/dbscan/back/processing_ms,std_msgs/msg/Float32,48.500858306884766
1774528695.7976437,/metrics/dbscan/right/detections_count,std_msgs/msg/Int32,11
1774528695.797761,/metrics/dbscan/right/points_in,std_msgs/msg/Int32,8563
1774528695.7978308,/metrics/dbscan/right/processing_ms,std_msgs/msg/Float32,62.95818328857422
1774528695.8159416,/metrics/dbscan/front/detections_count,std_msgs/msg/Int32,12
1774528695.8160634,/metrics/dbscan/front/points_in,std_msgs/msg/Int32,6840
1774528695.81615,/metrics/dbscan/front/processing_ms,std_msgs/msg/Float32,59.43916320800781
1774528695.8214107,/metrics/dbscan/left/detections_count,std_msgs/msg/Int32,12
1774528695.8217208,/metrics/dbscan/left/points_in,std_msgs/msg/Int32,8615
1774528695.8217874,/metrics/dbscan/left/processing_ms,std_msgs/msg/Float32,68.0138168334961
1774528695.8567088,/metrics/dbscan/back/detections_count,std_msgs/msg/Int32,11
1774528695.8568394,/metrics/dbscan/back/points_in,std_msgs/msg/Int32,4110
1774528695.8569026,/metrics/dbscan/back/processing_ms,std_msgs/msg/Float32,47.842105865478516
1774528695.8932436,/metrics/dbscan/right/detections_count,std_msgs/msg/Int32,11
1774528695.8934333,/metrics/dbscan/right/points_in,std_msgs/msg/Int32,8426
1774528695.8935165,/metrics/dbscan/right/processing_ms,std_msgs/msg/Float32,61.625999450683594
1774528695.915201,/metrics/dbscan/front/detections_count,std_msgs/msg/Int32,12
1774528695.9153397,/metrics/dbscan/front/points_in,std_msgs/msg/Int32,6976
1774528695.9154198,/metrics/dbscan/front/processing_ms,std_msgs/msg/Float32,58.079063415527344
1774528695.9172268,/metrics/dbscan/left/detections_count,std_msgs/msg/Int32,13
1774528695.9172983,/metrics/dbscan/left/processing_ms,std_msgs/msg/Float32,67.01921081542969
1774528695.9175215,/metrics/dbscan/left/points_in,std_msgs/msg/Int32,8681
1774528695.9542003,/metrics/dbscan/back/detections_count,std_msgs/msg/Int32,10
1774528695.9543507,/metrics/dbscan/back/points_in,std_msgs/msg/Int32,4113
1774528695.9544463,/metrics/dbscan/back/processing_ms,std_msgs/msg/Float32,48.36833572387695
1774528695.9918673,/metrics/dbscan/right/detections_count,std_msgs/msg/Int32,10
1774528695.991985,/metrics/dbscan/right/points_in,std_msgs/msg/Int32,8079
1774528695.9920504,/metrics/dbscan/right/processing_ms,std_msgs/msg/Float32,60.30296325683594
1774528696.0131493,/metrics/dbscan/front/detections_count,std_msgs/msg/Int32,11
1774528696.0132716,/metrics/dbscan/front/points_in,std_msgs/msg/Int32,6997
1774528696.0133562,/metrics/dbscan/front/processing_ms,std_msgs/msg/Float32,59.31614685058594
1774528696.018622,/metrics/dbscan/left/detections_count,std_msgs/msg/Int32,12
1774528696.0187,/metrics/dbscan/left/points_in,std_msgs/msg/Int32,8727
1774528696.0187612,/metrics/dbscan/left/processing_ms,std_msgs/msg/Float32,67.08197784423828
1774528696.0541704,/metrics/dbscan/back/detections_count,std_msgs/msg/Int32,10
1774528696.054358,/metrics/dbscan/back/points_in,std_msgs/msg/Int32,4115
1774528696.0544634,/metrics/dbscan/back/processing_ms,std_msgs/msg/Float32,47.57756423950195
1774528696.094289,/metrics/dbscan/right/detections_count,std_msgs/msg/Int32,9
1774528696.0944097,/metrics/dbscan/right/points_in,std_msgs/msg/Int32,8024
1774528696.0944827,/metrics/dbscan/right/processing_ms,std_msgs/msg/Float32,61.860137939453125
1774528696.1130686,/metrics/dbscan/front/detections_count,std_msgs/msg/Int32,10
1774528696.1131885,/metrics/dbscan/front/points_in,std_msgs/msg/Int32,6884
1774528696.1132529,/metrics/dbscan/front/processing_ms,std_msgs/msg/Float32,58.514625549316406
1774528696.120131,/metrics/dbscan/left/detections_count,std_msgs/msg/Int32,11
1774528696.1202195,/metrics/dbscan/left/points_in,std_msgs/msg/Int32,8722
1774528696.1202965,/metrics/dbscan/left/processing_ms,std_msgs/msg/Float32,68.10161590576172
1774528696.1555567,/metrics/dbscan/back/detections_count,std_msgs/msg/Int32,10
1774528696.155701,/metrics/dbscan/back/points_in,std_msgs/msg/Int32,4111
1774528696.155801,/metrics/dbscan/back/processing_ms,std_msgs/msg/Float32,48.78960037231445
1774528696.1954346,/metrics/dbscan/right/detections_count,std_msgs/msg/Int32,11
1774528696.1955492,/metrics/dbscan/right/points_in,std_msgs/msg/Int32,8065
1774528696.1956146,/metrics/dbscan/right/processing_ms,std_msgs/msg/Float32,61.99855041503906
1774528696.2143903,/metrics/dbscan/front/detections_count,std_msgs/msg/Int32,11
1774528696.2145188,/metrics/dbscan/front/points_in,std_msgs/msg/Int32,6803
1774528696.2145963,/metrics/dbscan/front/processing_ms,std_msgs/msg/Float32,59.05255889892578
1774528696.2211215,/metrics/dbscan/left/detections_count,std_msgs/msg/Int32,11
1774528696.221216,/metrics/dbscan/left/points_in,std_msgs/msg/Int32,8764
1774528696.2212927,/metrics/dbscan/left/processing_ms,std_msgs/msg/Float32,67.66969299316406
1774528696.255252,/metrics/dbscan/back/detections_count,std_msgs/msg/Int32,9
1774528696.2553828,/metrics/dbscan/back/points_in,std_msgs/msg/Int32,4117
1774528696.255448,/metrics/dbscan/back/processing_ms,std_msgs/msg/Float32,47.853118896484375
1774528696.3011973,/metrics/dbscan/right/detections_count,std_msgs/msg/Int32,10
1774528696.3013651,/metrics/dbscan/right/points_in,std_msgs/msg/Int32,8475
1774528696.3014646,/metrics/dbscan/right/processing_ms,std_msgs/msg/Float32,67.06185150146484
1774528696.3169029,/metrics/dbscan/front/detections_count,std_msgs/msg/Int32,12
1774528696.3170295,/metrics/dbscan/front/points_in,std_msgs/msg/Int32,6774
1774528696.3171053,/metrics/dbscan/front/processing_ms,std_msgs/msg/Float32,59.48652267456055
1774528696.3268287,/metrics/dbscan/left/detections_count,std_msgs/msg/Int32,12
1774528696.3269417,/metrics/dbscan/left/points_in,std_msgs/msg/Int32,8790
1774528696.3269975,/metrics/dbscan/left/processing_ms,std_msgs/msg/Float32,72.64067840576172
1774528696.356092,/metrics/dbscan/back/detections_count,std_msgs/msg/Int32,10
1774528696.3562095,/metrics/dbscan/back/points_in,std_msgs/msg/Int32,4117
1774528696.3562646,/metrics/dbscan/back/processing_ms,std_msgs/msg/Float32,47.51075744628906
1774528696.399891,/metrics/dbscan/right/detections_count,std_msgs/msg/Int32,9
1774528696.4000132,/metrics/dbscan/right/points_in,std_msgs/msg/Int32,8393
1774528696.400098,/metrics/dbscan/right/processing_ms,std_msgs/msg/Float32,68.66677856445312
1774528696.416968,/metrics/dbscan/front/detections_count,std_msgs/msg/Int32,12
1774528696.4171033,/metrics/dbscan/front/points_in,std_msgs/msg/Int32,6765
1774528696.4171696,/metrics/dbscan/front/processing_ms,std_msgs/msg/Float32,58.519412994384766
1774528696.4209545,/metrics/dbscan/left/detections_count,std_msgs/msg/Int32,12
1774528696.4210348,/metrics/dbscan/left/points_in,std_msgs/msg/Int32,8809
1774528696.4210923,/metrics/dbscan/left/processing_ms,std_msgs/msg/Float32,69.76130676269531
1774528696.4590263,/metrics/dbscan/back/detections_count,std_msgs/msg/Int32,10
1774528696.459142,/metrics/dbscan/back/points_in,std_msgs/msg/Int32,4119
1774528696.4592113,/metrics/dbscan/back/processing_ms,std_msgs/msg/Float32,49.42719268798828
1774528696.4951165,/metrics/dbscan/right/detections_count,std_msgs/msg/Int32,11
1774528696.4952428,/metrics/dbscan/right/points_in,std_msgs/msg/Int32,8405
1774528696.4953253,/metrics/dbscan/right/processing_ms,std_msgs/msg/Float32,63.67398452758789
1774528696.517678,/metrics/dbscan/front/detections_count,std_msgs/msg/Int32,12
1774528696.5177975,/metrics/dbscan/front/points_in,std_msgs/msg/Int32,6672
1774528696.5178657,/metrics/dbscan/front/processing_ms,std_msgs/msg/Float32,61.629249572753906
1774528696.5215316,/metrics/dbscan/left/detections_count,std_msgs/msg/Int32,13
1774528696.5216153,/metrics/dbscan/left/points_in,std_msgs/msg/Int32,8769
1774528696.5216906,/metrics/dbscan/left/processing_ms,std_msgs/msg/Float32,69.65189361572266
1774528696.5598116,/metrics/dbscan/back/detections_count,std_msgs/msg/Int32,11
1774528696.559925,/metrics/dbscan/back/points_in,std_msgs/msg/Int32,4127
1774528696.5599885,/metrics/dbscan/back/processing_ms,std_msgs/msg/Float32,47.34866714477539
1774528696.5941389,/metrics/dbscan/right/detections_count,std_msgs/msg/Int32,10
1774528696.5943441,/metrics/dbscan/right/points_in,std_msgs/msg/Int32,8441
1774528696.5944443,/metrics/dbscan/right/processing_ms,std_msgs/msg/Float32,61.62676239013672
1774528696.6124697,/metrics/dbscan/front/detections_count,std_msgs/msg/Int32,13
1774528696.6126215,/metrics/dbscan/front/points_in,std_msgs/msg/Int32,6465
1774528696.6127064,/metrics/dbscan/front/processing_ms,std_msgs/msg/Float32,57.801246643066406
1774528696.621253,/metrics/dbscan/left/detections_count,std_msgs/msg/Int32,12
1774528696.6213675,/metrics/dbscan/left/points_in,std_msgs/msg/Int32,8636
1774528696.6214354,/metrics/dbscan/left/processing_ms,std_msgs/msg/Float32,69.30574798583984
1774528696.6537535,/metrics/dbscan/back/detections_count,std_msgs/msg/Int32,10
1774528696.6538665,/metrics/dbscan/back/points_in,std_msgs/msg/Int32,4121
1774528696.653939,/metrics/dbscan/back/processing_ms,std_msgs/msg/Float32,48.243560791015625
1774528696.694422,/metrics/dbscan/right/detections_count,std_msgs/msg/Int32,11
1774528696.694577,/metrics/dbscan/right/points_in,std_msgs/msg/Int32,8213
1774528696.694674,/metrics/dbscan/right/processing_ms,std_msgs/msg/Float32,61.31196212768555
1774528696.7120302,/metrics/dbscan/front/detections_count,std_msgs/msg/Int32,14
1774528696.7121415,/metrics/dbscan/front/points_in,std_msgs/msg/Int32,6291
1774528696.7122076,/metrics/dbscan/front/processing_ms,std_msgs/msg/Float32,56.26157760620117
1774528696.7203257,/metrics/dbscan/left/detections_count,std_msgs/msg/Int32,12
1774528696.720422,/metrics/dbscan/left/points_in,std_msgs/msg/Int32,8473
1774528696.7204895,/metrics/dbscan/left/processing_ms,std_msgs/msg/Float32,67.59976196289062
1774528696.7550821,/metrics/dbscan/back/detections_count,std_msgs/msg/Int32,11
1774528696.7551925,/metrics/dbscan/back/points_in,std_msgs/msg/Int32,4125
1774528696.7552547,/metrics/dbscan/back/processing_ms,std_msgs/msg/Float32,47.921165466308594
1774528696.7940798,/metrics/dbscan/right/detections_count,std_msgs/msg/Int32,11
1774528696.794194,/metrics/dbscan/right/points_in,std_msgs/msg/Int32,7973
1774528696.7942894,/metrics/dbscan/right/processing_ms,std_msgs/msg/Float32,60.33211898803711
1774528696.8139198,/metrics/dbscan/front/detections_count,std_msgs/msg/Int32,13
1774528696.814034,/metrics/dbscan/front/points_in,std_msgs/msg/Int32,6269
1774528696.8141003,/metrics/dbscan/front/processing_ms,std_msgs/msg/Float32,57.26981735229492
1774528696.823651,/metrics/dbscan/left/detections_count,std_msgs/msg/Int32,12
1774528696.8237314,/metrics/dbscan/left/points_in,std_msgs/msg/Int32,8472
1774528696.8237913,/metrics/dbscan/left/processing_ms,std_msgs/msg/Float32,69.95816040039062
1774528696.855103,/metrics/dbscan/back/detections_count,std_msgs/msg/Int32,10
1774528696.8552155,/metrics/dbscan/back/points_in,std_msgs/msg/Int32,4124
1774528696.8552887,/metrics/dbscan/back/processing_ms,std_msgs/msg/Float32,47.11216735839844
1774528696.8958747,/metrics/dbscan/right/detections_count,std_msgs/msg/Int32,11
1774528696.8960469,/metrics/dbscan/right/points_in,std_msgs/msg/Int32,7717
1774528696.8961177,/metrics/dbscan/right/processing_ms,std_msgs/msg/Float32,60.913726806640625
1774528696.915612,/metrics/dbscan/front/detections_count,std_msgs/msg/Int32,13
1774528696.915736,/metrics/dbscan/front/points_in,std_msgs/msg/Int32,6386
1774528696.915807,/metrics/dbscan/front/processing_ms,std_msgs/msg/Float32,58.805809020996094
1774528696.9181993,/metrics/dbscan/left/detections_count,std_msgs/msg/Int32,12
1774528696.9182677,/metrics/dbscan/left/processing_ms,std_msgs/msg/Float32,67.67921447753906
1774528696.9185202,/metrics/dbscan/left/points_in,std_msgs/msg/Int32,8551
1774528696.956407,/metrics/dbscan/back/detections_count,std_msgs/msg/Int32,10
1774528696.9565034,/metrics/dbscan/back/points_in,std_msgs/msg/Int32,4120
1774528696.9565535,/metrics/dbscan/back/processing_ms,std_msgs/msg/Float32,48.26827621459961
1774528696.9911878,/metrics/dbscan/right/detections_count,std_msgs/msg/Int32,12
1774528696.9914243,/metrics/dbscan/right/points_in,std_msgs/msg/Int32,7523
1774528696.9915435,/metrics/dbscan/right/processing_ms,std_msgs/msg/Float32,59.81218338012695
1774528697.0130768,/metrics/dbscan/front/detections_count,std_msgs/msg/Int32,13
1774528697.0132062,/metrics/dbscan/front/points_in,std_msgs/msg/Int32,6513
1774528697.0133073,/metrics/dbscan/front/processing_ms,std_msgs/msg/Float32,59.46031188964844
1774528697.0194676,/metrics/dbscan/left/detections_count,std_msgs/msg/Int32,12
1774528697.0195544,/metrics/dbscan/left/points_in,std_msgs/msg/Int32,8605
1774528697.019628,/metrics/dbscan/left/processing_ms,std_msgs/msg/Float32,68.56230926513672
1774528697.0572848,/metrics/dbscan/back/detections_count,std_msgs/msg/Int32,10
1774528697.0574222,/metrics/dbscan/back/points_in,std_msgs/msg/Int32,4122
1774528697.0574977,/metrics/dbscan/back/processing_ms,std_msgs/msg/Float32,47.6643180847168
1774528697.0925252,/metrics/dbscan/right/detections_count,std_msgs/msg/Int32,10
1774528697.0926607,/metrics/dbscan/right/points_in,std_msgs/msg/Int32,7368
1774528697.0927467,/metrics/dbscan/right/processing_ms,std_msgs/msg/Float32,60.598148345947266
1774528697.1133869,/metrics/dbscan/front/detections_count,std_msgs/msg/Int32,13
1774528697.113509,/metrics/dbscan/front/points_in,std_msgs/msg/Int32,6448
1774528697.1135767,/metrics/dbscan/front/processing_ms,std_msgs/msg/Float32,58.86478042602539
1774528697.12268,/metrics/dbscan/left/detections_count,std_msgs/msg/Int32,12
1774528697.122834,/metrics/dbscan/left/points_in,std_msgs/msg/Int32,8574
1774528697.1229005,/metrics/dbscan/left/processing_ms,std_msgs/msg/Float32,70.39329528808594
1774528697.153146,/metrics/dbscan/back/detections_count,std_msgs/msg/Int32,10
1774528697.1533113,/metrics/dbscan/back/points_in,std_msgs/msg/Int32,4111
1774528697.153396,/metrics/dbscan/back/processing_ms,std_msgs/msg/Float32,47.52861022949219
1774528697.1925018,/metrics/dbscan/right/detections_count,std_msgs/msg/Int32,11
1774528697.192629,/metrics/dbscan/right/points_in,std_msgs/msg/Int32,7262
1774528697.1927056,/metrics/dbscan/right/processing_ms,std_msgs/msg/Float32,59.636268615722656
1774528697.2153714,/metrics/dbscan/front/detections_count,std_msgs/msg/Int32,13
1774528697.2154977,/metrics/dbscan/front/points_in,std_msgs/msg/Int32,6319
1774528697.215567,/metrics/dbscan/front/processing_ms,std_msgs/msg/Float32,59.36518096923828
1774528697.2229884,/metrics/dbscan/left/detections_count,std_msgs/msg/Int32,13
1774528697.2230942,/metrics/dbscan/left/points_in,std_msgs/msg/Int32,8498
1774528697.2231567,/metrics/dbscan/left/processing_ms,std_msgs/msg/Float32,70.03056335449219
1774528697.2545497,/metrics/dbscan/back/detections_count,std_msgs/msg/Int32,11
1774528697.2546892,/metrics/dbscan/back/points_in,std_msgs/msg/Int32,4113
1774528697.2547884,/metrics/dbscan/back/processing_ms,std_msgs/msg/Float32,48.55654525756836
1774528697.2910666,/metrics/dbscan/right/detections_count,std_msgs/msg/Int32,11
1774528697.2911792,/metrics/dbscan/right/points_in,std_msgs/msg/Int32,7161
1774528697.2912445,/metrics/dbscan/right/processing_ms,std_msgs/msg/Float32,57.8876838684082
1774528697.3149328,/metrics/dbscan/front/detections_count,std_msgs/msg/Int32,12
1774528697.3150856,/metrics/dbscan/front/points_in,std_msgs/msg/Int32,6196
1774528697.3151698,/metrics/dbscan/front/processing_ms,std_msgs/msg/Float32,57.2970085144043
1774528697.3222682,/metrics/dbscan/left/detections_count,std_msgs/msg/Int32,13
1774528697.3223665,/metrics/dbscan/left/points_in,std_msgs/msg/Int32,8379
1774528697.3224251,/metrics/dbscan/left/processing_ms,std_msgs/msg/Float32,67.79064178466797
1774528697.356566,/metrics/dbscan/back/detections_count,std_msgs/msg/Int32,10
1774528697.3566735,/metrics/dbscan/back/points_in,std_msgs/msg/Int32,4117
1774528697.356727,/metrics/dbscan/back/processing_ms,std_msgs/msg/Float32,49.71971893310547
1774528697.3938048,/metrics/dbscan/right/detections_count,std_msgs/msg/Int32,10
1774528697.393937,/metrics/dbscan/right/points_in,std_msgs/msg/Int32,7147
1774528697.3940036,/metrics/dbscan/right/processing_ms,std_msgs/msg/Float32,60.1871452331543
1774528697.416194,/metrics/dbscan/front/detections_count,std_msgs/msg/Int32,11
1774528697.4163322,/metrics/dbscan/front/points_in,std_msgs/msg/Int32,6120
1774528697.416414,/metrics/dbscan/front/processing_ms,std_msgs/msg/Float32,59.07465744018555
1774528697.4202046,/metrics/dbscan/left/detections_count,std_msgs/msg/Int32,12
1774528697.4203064,/metrics/dbscan/left/points_in,std_msgs/msg/Int32,8322
1774528697.420377,/metrics/dbscan/left/processing_ms,std_msgs/msg/Float32,69.28953552246094
1774528697.4565716,/metrics/dbscan/back/detections_count,std_msgs/msg/Int32,9
1774528697.4566872,/metrics/dbscan/back/points_in,std_msgs/msg/Int32,4105
1774528697.4567535,/metrics/dbscan/back/processing_ms,std_msgs/msg/Float32,48.57249450683594
1774528697.4899945,/metrics/dbscan/right/detections_count,std_msgs/msg/Int32,9
1774528697.49011,/metrics/dbscan/right/points_in,std_msgs/msg/Int32,7144
1774528697.4901707,/metrics/dbscan/right/processing_ms,std_msgs/msg/Float32,60.190921783447266
1774528697.510535,/metrics/dbscan/front/detections_count,std_msgs/msg/Int32,11
1774528697.5106313,/metrics/dbscan/front/points_in,std_msgs/msg/Int32,6124
1774528697.510699,/metrics/dbscan/front/processing_ms,std_msgs/msg/Float32,57.025001525878906
1774528697.5176148,/metrics/dbscan/left/detections_count,std_msgs/msg/Int32,13
1774528697.5177162,/metrics/dbscan/left/points_in,std_msgs/msg/Int32,8301
1774528697.517779,/metrics/dbscan/left/processing_ms,std_msgs/msg/Float32,66.49652099609375
1774528697.5636895,/metrics/dbscan/back/detections_count,std_msgs/msg/Int32,10
1774528697.563822,/metrics/dbscan/back/points_in,std_msgs/msg/Int32,4107
1774528697.5639014,/metrics/dbscan/back/processing_ms,std_msgs/msg/Float32,53.915645599365234
1774528697.59984,/metrics/dbscan/right/detections_count,std_msgs/msg/Int32,11
1774528697.5999603,/metrics/dbscan/right/points_in,std_msgs/msg/Int32,7109
1774528697.600034,/metrics/dbscan/right/processing_ms,std_msgs/msg/Float32,68.19940948486328
1774528697.611264,/metrics/dbscan/front/detections_count,std_msgs/msg/Int32,11
1774528697.6113822,/metrics/dbscan/front/points_in,std_msgs/msg/Int32,6094
1774528697.6114557,/metrics/dbscan/front/processing_ms,std_msgs/msg/Float32,56.74162292480469
1774528697.617111,/metrics/dbscan/left/detections_count,std_msgs/msg/Int32,12
1774528697.6172028,/metrics/dbscan/left/points_in,std_msgs/msg/Int32,8307
1774528697.6172712,/metrics/dbscan/left/processing_ms,std_msgs/msg/Float32,66.49915313720703
1774528697.6619306,/metrics/dbscan/back/detections_count,std_msgs/msg/Int32,10
1774528697.662073,/metrics/dbscan/back/points_in,std_msgs/msg/Int32,4113
1774528697.6621716,/metrics/dbscan/back/processing_ms,std_msgs/msg/Float32,52.66121292114258
1774528697.7000525,/metrics/dbscan/right/detections_count,std_msgs/msg/Int32,11
1774528697.7001767,/metrics/dbscan/right/points_in,std_msgs/msg/Int32,7040
1774528697.7002475,/metrics/dbscan/right/processing_ms,std_msgs/msg/Float32,68.3985595703125
1774528697.7125423,/metrics/dbscan/front/detections_count,std_msgs/msg/Int32,11
1774528697.7126532,/metrics/dbscan/front/points_in,std_msgs/msg/Int32,6021
1774528697.71272,/metrics/dbscan/front/processing_ms,std_msgs/msg/Float32,57.57558822631836
1774528697.7213306,/metrics/dbscan/left/detections_count,std_msgs/msg/Int32,12
1774528697.7214475,/metrics/dbscan/left/points_in,std_msgs/msg/Int32,8218
1774528697.7215195,/metrics/dbscan/left/processing_ms,std_msgs/msg/Float32,68.33538055419922
1774528697.7544694,/metrics/dbscan/back/detections_count,std_msgs/msg/Int32,10
1774528697.7545955,/metrics/dbscan/back/points_in,std_msgs/msg/Int32,4107
1774528697.7546701,/metrics/dbscan/back/processing_ms,std_msgs/msg/Float32,49.20606994628906
1774528697.7964294,/metrics/dbscan/right/detections_count,std_msgs/msg/Int32,10
1774528697.7965481,/metrics/dbscan/right/points_in,std_msgs/msg/Int32,6991
1774528697.796612,/metrics/dbscan/right/processing_ms,std_msgs/msg/Float32,63.005435943603516
1774528697.813618,/metrics/dbscan/front/detections_count,std_msgs/msg/Int32,12
1774528697.8137453,/metrics/dbscan/front/points_in,std_msgs/msg/Int32,5969
1774528697.8138301,/metrics/dbscan/front/processing_ms,std_msgs/msg/Float32,57.38842010498047
1774528697.8171117,/metrics/dbscan/left/detections_count,std_msgs/msg/Int32,12
1774528697.8171864,/metrics/dbscan/left/points_in,std_msgs/msg/Int32,8152
1774528697.817251,/metrics/dbscan/left/processing_ms,std_msgs/msg/Float32,67.64088439941406
1774528697.852996,/metrics/dbscan/back/detections_count,std_msgs/msg/Int32,9
1774528697.853112,/metrics/dbscan/back/points_in,std_msgs/msg/Int32,4100
1774528697.8532007,/metrics/dbscan/back/processing_ms,std_msgs/msg/Float32,46.854347229003906
1774528697.895119,/metrics/dbscan/right/detections_count,std_msgs/msg/Int32,10
1774528697.8952665,/metrics/dbscan/right/points_in,std_msgs/msg/Int32,6969
1774528697.8953779,/metrics/dbscan/right/processing_ms,std_msgs/msg/Float32,62.09943389892578
1774528697.9156616,/metrics/dbscan/front/detections_count,std_msgs/msg/Int32,11
1774528697.9157922,/metrics/dbscan/front/points_in,std_msgs/msg/Int32,6012
1774528697.9158583,/metrics/dbscan/front/processing_ms,std_msgs/msg/Float32,57.53846740722656
1774528697.9199111,/metrics/dbscan/left/detections_count,std_msgs/msg/Int32,12
1774528697.9200382,/metrics/dbscan/left/points_in,std_msgs/msg/Int32,8178
1774528697.920102,/metrics/dbscan/left/processing_ms,std_msgs/msg/Float32,68.70685577392578
1774528697.955909,/metrics/dbscan/back/detections_count,std_msgs/msg/Int32,11
1774528697.956053,/metrics/dbscan/back/points_in,std_msgs/msg/Int32,4123
1774528697.95615,/metrics/dbscan/back/processing_ms,std_msgs/msg/Float32,48.886444091796875
1774528697.997381,/metrics/dbscan/right/detections_count,std_msgs/msg/Int32,12
1774528697.9975317,/metrics/dbscan/right/points_in,std_msgs/msg/Int32,6956
1774528697.9976294,/metrics/dbscan/right/processing_ms,std_msgs/msg/Float32,62.202186584472656
1774528698.0163052,/metrics/dbscan/front/detections_count,std_msgs/msg/Int32,13
1774528698.0164552,/metrics/dbscan/front/points_in,std_msgs/msg/Int32,6061
1774528698.0165234,/metrics/dbscan/front/processing_ms,std_msgs/msg/Float32,61.97825241088867
1774528698.0215883,/metrics/dbscan/left/detections_count,std_msgs/msg/Int32,13
1774528698.0216951,/metrics/dbscan/left/points_in,std_msgs/msg/Int32,8217
1774528698.0217643,/metrics/dbscan/left/processing_ms,std_msgs/msg/Float32,69.53916931152344
1774528698.0577967,/metrics/dbscan/back/detections_count,std_msgs/msg/Int32,10
1774528698.0579073,/metrics/dbscan/back/points_in,std_msgs/msg/Int32,4118
1774528698.0579777,/metrics/dbscan/back/processing_ms,std_msgs/msg/Float32,50.17224884033203
1774528698.0942576,/metrics/dbscan/right/detections_count,std_msgs/msg/Int32,13
1774528698.0943978,/metrics/dbscan/right/points_in,std_msgs/msg/Int32,6951
1774528698.094465,/metrics/dbscan/right/processing_ms,std_msgs/msg/Float32,63.34638214111328
1774528698.115317,/metrics/dbscan/front/detections_count,std_msgs/msg/Int32,11
1774528698.1154463,/metrics/dbscan/front/points_in,std_msgs/msg/Int32,6093
1774528698.1155214,/metrics/dbscan/front/processing_ms,std_msgs/msg/Float32,59.62397384643555
1774528698.1223543,/metrics/dbscan/left/detections_count,std_msgs/msg/Int32,13
1774528698.1224387,/metrics/dbscan/left/points_in,std_msgs/msg/Int32,8197
1774528698.1225,/metrics/dbscan/left/processing_ms,std_msgs/msg/Float32,68.99624633789062
1774528698.1571906,/metrics/dbscan/back/detections_count,std_msgs/msg/Int32,10
1774528698.15731,/metrics/dbscan/back/points_in,std_msgs/msg/Int32,4120
1774528698.1573756,/metrics/dbscan/back/processing_ms,std_msgs/msg/Float32,48.40557861328125
1774528698.1942,/metrics/dbscan/right/detections_count,std_msgs/msg/Int32,11
1774528698.1943448,/metrics/dbscan/right/points_in,std_msgs/msg/Int32,6918
1774528698.1944149,/metrics/dbscan/right/processing_ms,std_msgs/msg/Float32,62.308380126953125
1774528698.2126584,/metrics/dbscan/front/detections_count,std_msgs/msg/Int32,12
1774528698.2127695,/metrics/dbscan/front/points_in,std_msgs/msg/Int32,6018
1774528698.2128344,/metrics/dbscan/front/processing_ms,std_msgs/msg/Float32,57.319793701171875
1774528698.2205696,/metrics/dbscan/left/detections_count,std_msgs/msg/Int32,12
1774528698.2206838,/metrics/dbscan/left/points_in,std_msgs/msg/Int32,8106
1774528698.220775,/metrics/dbscan/left/processing_ms,std_msgs/msg/Float32,67.01815795898438
1774528698.260051,/metrics/dbscan/back/detections_count,std_msgs/msg/Int32,10
1774528698.2601624,/metrics/dbscan/back/points_in,std_msgs/msg/Int32,4119
1774528698.2602277,/metrics/dbscan/back/processing_ms,std_msgs/msg/Float32,50.31986999511719
1774528698.2935176,/metrics/dbscan/right/detections_count,std_msgs/msg/Int32,11
1774528698.2936444,/metrics/dbscan/right/points_in,std_msgs/msg/Int32,6821
1774528698.2937095,/metrics/dbscan/right/processing_ms,std_msgs/msg/Float32,61.717185974121094
1774528698.3128219,/metrics/dbscan/front/detections_count,std_msgs/msg/Int32,14
1774528698.3129172,/metrics/dbscan/front/points_in,std_msgs/msg/Int32,5907
1774528698.3129685,/metrics/dbscan/front/processing_ms,std_msgs/msg/Float32,56.63896560668945
1774528698.3181572,/metrics/dbscan/left/detections_count,std_msgs/msg/Int32,12
1774528698.3182383,/metrics/dbscan/left/points_in,std_msgs/msg/Int32,7961
1774528698.3183084,/metrics/dbscan/left/processing_ms,std_msgs/msg/Float32,68.01710510253906
1774528698.3559015,/metrics/dbscan/back/detections_count,std_msgs/msg/Int32,9
1774528698.3560247,/metrics/dbscan/back/points_in,std_msgs/msg/Int32,4126
1774528698.3561013,/metrics/dbscan/back/processing_ms,std_msgs/msg/Float32,49.316429138183594
1774528698.3954844,/metrics/dbscan/right/detections_count,std_msgs/msg/Int32,10
1774528698.395599,/metrics/dbscan/right/points_in,std_msgs/msg/Int32,6756
1774528698.3956509,/metrics/dbscan/right/processing_ms,std_msgs/msg/Float32,62.604122161865234
1774528698.4137597,/metrics/dbscan/front/detections_count,std_msgs/msg/Int32,13
1774528698.4138746,/metrics/dbscan/front/points_in,std_msgs/msg/Int32,5852
1774528698.41394,/metrics/dbscan/front/processing_ms,std_msgs/msg/Float32,56.589534759521484
1774528698.4166229,/metrics/dbscan/left/detections_count,std_msgs/msg/Int32,12
1774528698.4166965,/metrics/dbscan/left/processing_ms,std_msgs/msg/Float32,65.95618438720703
1774528698.4169703,/metrics/dbscan/left/points_in,std_msgs/msg/Int32,7836
1774528698.4555664,/metrics/dbscan/back/detections_count,std_msgs/msg/Int32,10
1774528698.455684,/metrics/dbscan/back/points_in,std_msgs/msg/Int32,4123
1774528698.455756,/metrics/dbscan/back/processing_ms,std_msgs/msg/Float32,48.5377311706543
1774528698.4958963,/metrics/dbscan/right/detections_count,std_msgs/msg/Int32,11
1774528698.4960144,/metrics/dbscan/right/points_in,std_msgs/msg/Int32,6704
1774528698.4960842,/metrics/dbscan/right/processing_ms,std_msgs/msg/Float32,62.660701751708984
1774528698.5157247,/metrics/dbscan/left/detections_count,std_msgs/msg/Int32,11
1774528698.5158381,/metrics/dbscan/left/points_in,std_msgs/msg/Int32,7755
1774528698.5159025,/metrics/dbscan/left/processing_ms,std_msgs/msg/Float32,64.26457977294922
1774528698.5187619,/metrics/dbscan/front/detections_count,std_msgs/msg/Int32,14
1774528698.518847,/metrics/dbscan/front/points_in,std_msgs/msg/Int32,5833
1774528698.5189335,/metrics/dbscan/front/processing_ms,std_msgs/msg/Float32,61.28543472290039
1774528698.5584815,/metrics/dbscan/back/detections_count,std_msgs/msg/Int32,10
1774528698.558599,/metrics/dbscan/back/points_in,std_msgs/msg/Int32,4122
1774528698.55867,/metrics/dbscan/back/processing_ms,std_msgs/msg/Float32,51.023529052734375
1774528698.6000924,/metrics/dbscan/right/detections_count,std_msgs/msg/Int32,10
1774528698.600248,/metrics/dbscan/right/points_in,std_msgs/msg/Int32,6698
1774528698.600319,/metrics/dbscan/right/processing_ms,std_msgs/msg/Float32,65.09828186035156
1774528698.6135616,/metrics/dbscan/front/detections_count,std_msgs/msg/Int32,12
1774528698.6136994,/metrics/dbscan/front/points_in,std_msgs/msg/Int32,5763
1774528698.6137712,/metrics/dbscan/front/processing_ms,std_msgs/msg/Float32,59.143280029296875
1774528698.6232119,/metrics/dbscan/left/detections_count,std_msgs/msg/Int32,12
1774528698.6233478,/metrics/dbscan/left/points_in,std_msgs/msg/Int32,7713
1774528698.6234229,/metrics/dbscan/left/processing_ms,std_msgs/msg/Float32,70.82019805908203
1774528698.658759,/metrics/dbscan/back/detections_count,std_msgs/msg/Int32,11
1774528698.6589193,/metrics/dbscan/back/points_in,std_msgs/msg/Int32,4119
1774528698.659018,/metrics/dbscan/back/processing_ms,std_msgs/msg/Float32,50.30500030517578
1774528698.6957614,/metrics/dbscan/right/detections_count,std_msgs/msg/Int32,12
1774528698.6959054,/metrics/dbscan/right/points_in,std_msgs/msg/Int32,6675
1774528698.6959717,/metrics/dbscan/right/processing_ms,std_msgs/msg/Float32,64.38460540771484
1774528698.7105556,/metrics/dbscan/front/detections_count,std_msgs/msg/Int32,13
1774528698.7106743,/metrics/dbscan/front/points_in,std_msgs/msg/Int32,5713
1774528698.7107322,/metrics/dbscan/front/processing_ms,std_msgs/msg/Float32,55.74310302734375
1774528698.7195096,/metrics/dbscan/left/detections_count,std_msgs/msg/Int32,12
1774528698.7196217,/metrics/dbscan/left/points_in,std_msgs/msg/Int32,7678
1774528698.7196846,/metrics/dbscan/left/processing_ms,std_msgs/msg/Float32,66.35591888427734
1774528698.7580662,/metrics/dbscan/back/detections_count,std_msgs/msg/Int32,10
1774528698.7581935,/metrics/dbscan/back/points_in,std_msgs/msg/Int32,4126
1774528698.758268,/metrics/dbscan/back/processing_ms,std_msgs/msg/Float32,49.72101974487305
1774528698.7971373,/metrics/dbscan/right/detections_count,std_msgs/msg/Int32,11
1774528698.797258,/metrics/dbscan/right/points_in,std_msgs/msg/Int32,6558
1774528698.7973351,/metrics/dbscan/right/processing_ms,std_msgs/msg/Float32,64.17562103271484
1774528698.8130634,/metrics/dbscan/front/detections_count,std_msgs/msg/Int32,13
1774528698.8131905,/metrics/dbscan/front/points_in,std_msgs/msg/Int32,5669
1774528698.813257,/metrics/dbscan/front/processing_ms,std_msgs/msg/Float32,56.79322814941406
1774528698.81627,/metrics/dbscan/left/detections_count,std_msgs/msg/Int32,11
1774528698.8163743,/metrics/dbscan/left/points_in,std_msgs/msg/Int32,7665
1774528698.8164296,/metrics/dbscan/left/processing_ms,std_msgs/msg/Float32,66.5069351196289
1774528698.859652,/metrics/dbscan/back/detections_count,std_msgs/msg/Int32,10
1774528698.859763,/metrics/dbscan/back/points_in,std_msgs/msg/Int32,4132
1774528698.8598285,/metrics/dbscan/back/processing_ms,std_msgs/msg/Float32,49.9163703918457
1774528698.8918607,/metrics/dbscan/right/detections_count,std_msgs/msg/Int32,10
1774528698.8919728,/metrics/dbscan/right/points_in,std_msgs/msg/Int32,6469
1774528698.8920388,/metrics/dbscan/right/processing_ms,std_msgs/msg/Float32,59.31331253051758
1774528698.9171443,/metrics/dbscan/front/detections_count,std_msgs/msg/Int32,11
1774528698.9173062,/metrics/dbscan/front/points_in,std_msgs/msg/Int32,5699
1774528698.9212892,/metrics/dbscan/front/processing_ms,std_msgs/msg/Float32,59.18104934692383
1774528698.9216874,/metrics/dbscan/left/detections_count,std_msgs/msg/Int32,12
1774528698.9217582,/metrics/dbscan/left/points_in,std_msgs/msg/Int32,7681
1774528698.9218202,/metrics/dbscan/left/processing_ms,std_msgs/msg/Float32,68.62590026855469
1774528698.9551442,/metrics/dbscan/back/detections_count,std_msgs/msg/Int32,10
1774528698.9552577,/metrics/dbscan/back/points_in,std_msgs/msg/Int32,4110
1774528698.9553354,/metrics/dbscan/back/processing_ms,std_msgs/msg/Float32,49.435768127441406
1774528698.9935806,/metrics/dbscan/right/detections_count,std_msgs/msg/Int32,12
1774528698.9937246,/metrics/dbscan/right/points_in,std_msgs/msg/Int32,6383
1774528698.9938066,/metrics/dbscan/right/processing_ms,std_msgs/msg/Float32,60.513065338134766
1774528699.0154724,/metrics/dbscan/front/detections_count,std_msgs/msg/Int32,12
1774528699.0156155,/metrics/dbscan/front/points_in,std_msgs/msg/Int32,5741
1774528699.0157032,/metrics/dbscan/front/processing_ms,std_msgs/msg/Float32,57.66826629638672
1774528699.0184603,/metrics/dbscan/left/detections_count,std_msgs/msg/Int32,11
1774528699.018535,/metrics/dbscan/left/points_in,std_msgs/msg/Int32,7681
1774528699.018601,/metrics/dbscan/left/processing_ms,std_msgs/msg/Float32,67.12532806396484
1774528699.055332,/metrics/dbscan/back/detections_count,std_msgs/msg/Int32,10
1774528699.0554466,/metrics/dbscan/back/points_in,std_msgs/msg/Int32,4118
1774528699.055525,/metrics/dbscan/back/processing_ms,std_msgs/msg/Float32,48.52320098876953
1774528699.1003368,/metrics/dbscan/right/detections_count,std_msgs/msg/Int32,11
1774528699.1004753,/metrics/dbscan/right/points_in,std_msgs/msg/Int32,6330
1774528699.100568,/metrics/dbscan/right/processing_ms,std_msgs/msg/Float32,66.23880767822266
1774528699.1119993,/metrics/dbscan/front/detections_count,std_msgs/msg/Int32,12
1774528699.1121228,/metrics/dbscan/front/points_in,std_msgs/msg/Int32,5743
1774528699.1121955,/metrics/dbscan/front/processing_ms,std_msgs/msg/Float32,57.491920471191406
1774528699.1255527,/metrics/dbscan/left/detections_count,std_msgs/msg/Int32,12
1774528699.1256473,/metrics/dbscan/left/points_in,std_msgs/msg/Int32,7678
1774528699.1257105,/metrics/dbscan/left/processing_ms,std_msgs/msg/Float32,72.84590148925781
1774528699.1572566,/metrics/dbscan/back/detections_count,std_msgs/msg/Int32,10
1774528699.157376,/metrics/dbscan/back/points_in,std_msgs/msg/Int32,4107
1774528699.1574416,/metrics/dbscan/back/processing_ms,std_msgs/msg/Float32,49.6308479309082
1774528699.194957,/metrics/dbscan/right/detections_count,std_msgs/msg/Int32,12
1774528699.1950881,/metrics/dbscan/right/points_in,std_msgs/msg/Int32,6283
1774528699.1951537,/metrics/dbscan/right/processing_ms,std_msgs/msg/Float32,64.23902130126953
1774528699.2131822,/metrics/dbscan/front/detections_count,std_msgs/msg/Int32,12
1774528699.2132905,/metrics/dbscan/front/points_in,std_msgs/msg/Int32,5751
1774528699.213348,/metrics/dbscan/front/processing_ms,std_msgs/msg/Float32,57.50775909423828
1774528699.2241864,/metrics/dbscan/left/detections_count,std_msgs/msg/Int32,12
1774528699.2242804,/metrics/dbscan/left/points_in,std_msgs/msg/Int32,7706
1774528699.22435,/metrics/dbscan/left/processing_ms,std_msgs/msg/Float32,70.61094665527344
1774528699.2561252,/metrics/dbscan/back/detections_count,std_msgs/msg/Int32,10
1774528699.2562332,/metrics/dbscan/back/points_in,std_msgs/msg/Int32,4097
1774528699.2563047,/metrics/dbscan/back/processing_ms,std_msgs/msg/Float32,48.15703582763672
1774528699.2994819,/metrics/dbscan/right/detections_count,std_msgs/msg/Int32,10
1774528699.2995958,/metrics/dbscan/right/points_in,std_msgs/msg/Int32,6346
1774528699.2996597,/metrics/dbscan/right/processing_ms,std_msgs/msg/Float32,68.36980438232422
1774528699.3157623,/metrics/dbscan/front/detections_count,std_msgs/msg/Int32,12
1774528699.3158753,/metrics/dbscan/front/points_in,std_msgs/msg/Int32,5771
1774528699.3159375,/metrics/dbscan/front/processing_ms,std_msgs/msg/Float32,59.83647918701172
1774528699.3202996,/metrics/dbscan/left/detections_count,std_msgs/msg/Int32,11
1774528699.3203948,/metrics/dbscan/left/points_in,std_msgs/msg/Int32,7711
1774528699.3204594,/metrics/dbscan/left/processing_ms,std_msgs/msg/Float32,70.22390747070312
1774528699.3563716,/metrics/dbscan/back/detections_count,std_msgs/msg/Int32,10
1774528699.3564827,/metrics/dbscan/back/points_in,std_msgs/msg/Int32,4112
1774528699.3565464,/metrics/dbscan/back/processing_ms,std_msgs/msg/Float32,47.62175750732422
1774528699.3961692,/metrics/dbscan/right/detections_count,std_msgs/msg/Int32,12
1774528699.3963103,/metrics/dbscan/right/points_in,std_msgs/msg/Int32,6411
1774528699.3963833,/metrics/dbscan/right/processing_ms,std_msgs/msg/Float32,64.49080657958984
1774528699.4152374,/metrics/dbscan/front/detections_count,std_msgs/msg/Int32,13
1774528699.4153817,/metrics/dbscan/front/points_in,std_msgs/msg/Int32,5795
1774528699.4154506,/metrics/dbscan/front/processing_ms,std_msgs/msg/Float32,58.81098937988281
1774528699.4170396,/metrics/dbscan/left/detections_count,std_msgs/msg/Int32,12
1774528699.4170992,/metrics/dbscan/left/processing_ms,std_msgs/msg/Float32,66.92781829833984
1774528699.417372,/metrics/dbscan/left/points_in,std_msgs/msg/Int32,7700
1774528699.452753,/metrics/dbscan/back/detections_count,std_msgs/msg/Int32,11
1774528699.4528623,/metrics/dbscan/back/points_in,std_msgs/msg/Int32,4115
1774528699.4529252,/metrics/dbscan/back/processing_ms,std_msgs/msg/Float32,47.79058837890625
1774528699.4968228,/metrics/dbscan/right/detections_count,std_msgs/msg/Int32,13
1774528699.4969568,/metrics/dbscan/right/points_in,std_msgs/msg/Int32,6503
1774528699.49704,/metrics/dbscan/right/processing_ms,std_msgs/msg/Float32,64.65392303466797
1774528699.5147338,/metrics/dbscan/front/detections_count,std_msgs/msg/Int32,12
1774528699.5148404,/metrics/dbscan/front/points_in,std_msgs/msg/Int32,5859
1774528699.5149047,/metrics/dbscan/front/processing_ms,std_msgs/msg/Float32,56.64201354980469
1774528699.5226963,/metrics/dbscan/left/detections_count,std_msgs/msg/Int32,12
1774528699.5228736,/metrics/dbscan/left/points_in,std_msgs/msg/Int32,7699
1774528699.522955,/metrics/dbscan/left/processing_ms,std_msgs/msg/Float32,71.15283966064453
1774528699.5548408,/metrics/dbscan/back/detections_count,std_msgs/msg/Int32,9
1774528699.555042,/metrics/dbscan/back/points_in,std_msgs/msg/Int32,4107
1774528699.555143,/metrics/dbscan/back/processing_ms,std_msgs/msg/Float32,48.69378662109375
1774528699.5971394,/metrics/dbscan/right/detections_count,std_msgs/msg/Int32,13
1774528699.5972638,/metrics/dbscan/right/points_in,std_msgs/msg/Int32,6643
1774528699.5973582,/metrics/dbscan/right/processing_ms,std_msgs/msg/Float32,63.174686431884766
1774528699.6164157,/metrics/dbscan/front/detections_count,std_msgs/msg/Int32,12
1774528699.6165333,/metrics/dbscan/front/points_in,std_msgs/msg/Int32,5975
1774528699.6165974,/metrics/dbscan/front/processing_ms,std_msgs/msg/Float32,61.04904556274414
1774528699.619091,/metrics/dbscan/left/detections_count,std_msgs/msg/Int32,12
1774528699.619172,/metrics/dbscan/left/points_in,std_msgs/msg/Int32,7684
1774528699.6192257,/metrics/dbscan/left/processing_ms,std_msgs/msg/Float32,66.562744140625
1774528699.6557183,/metrics/dbscan/back/detections_count,std_msgs/msg/Int32,11
1774528699.65583,/metrics/dbscan/back/points_in,std_msgs/msg/Int32,4119
1774528699.6558888,/metrics/dbscan/back/processing_ms,std_msgs/msg/Float32,49.178489685058594
1774528699.6976852,/metrics/dbscan/right/detections_count,std_msgs/msg/Int32,14
1774528699.6977928,/metrics/dbscan/right/points_in,std_msgs/msg/Int32,6733
1774528699.6978488,/metrics/dbscan/right/processing_ms,std_msgs/msg/Float32,63.326576232910156
1774528699.7208252,/metrics/dbscan/front/detections_count,std_msgs/msg/Int32,12
1774528699.720938,/metrics/dbscan/front/points_in,std_msgs/msg/Int32,6010
1774528699.7210002,/metrics/dbscan/front/processing_ms,std_msgs/msg/Float32,64.31735229492188
1774528699.7218862,/metrics/dbscan/left/detections_count,std_msgs/msg/Int32,11
1774528699.7219515,/metrics/dbscan/left/points_in,std_msgs/msg/Int32,7653
1774528699.7220044,/metrics/dbscan/left/processing_ms,std_msgs/msg/Float32,67.6157455444336
1774528699.760155,/metrics/dbscan/back/detections_count,std_msgs/msg/Int32,11
1774528699.7602618,/metrics/dbscan/back/points_in,std_msgs/msg/Int32,4127
1774528699.7603416,/metrics/dbscan/back/processing_ms,std_msgs/msg/Float32,53.183013916015625
1774528699.7967947,/metrics/dbscan/right/detections_count,std_msgs/msg/Int32,14
1774528699.7968981,/metrics/dbscan/right/points_in,std_msgs/msg/Int32,6783
1774528699.7969503,/metrics/dbscan/right/processing_ms,std_msgs/msg/Float32,65.79566955566406
1774528699.8157492,/metrics/dbscan/left/detections_count,std_msgs/msg/Int32,11
1774528699.8158665,/metrics/dbscan/left/points_in,std_msgs/msg/Int32,7666
1774528699.8159373,/metrics/dbscan/left/processing_ms,std_msgs/msg/Float32,65.72823333740234
1774528699.8179414,/metrics/dbscan/front/detections_count,std_msgs/msg/Int32,13
1774528699.818006,/metrics/dbscan/front/points_in,std_msgs/msg/Int32,5979
1774528699.8180525,/metrics/dbscan/front/processing_ms,std_msgs/msg/Float32,63.140403747558594
1774528699.857304,/metrics/dbscan/back/detections_count,std_msgs/msg/Int32,10
1774528699.8574142,/metrics/dbscan/back/points_in,std_msgs/msg/Int32,4118
1774528699.857478,/metrics/dbscan/back/processing_ms,std_msgs/msg/Float32,48.837371826171875
1774528699.8967395,/metrics/dbscan/right/detections_count,std_msgs/msg/Int32,13
1774528699.896857,/metrics/dbscan/right/points_in,std_msgs/msg/Int32,6740
1774528699.89692,/metrics/dbscan/right/processing_ms,std_msgs/msg/Float32,65.23499298095703
1774528699.914895,/metrics/dbscan/front/detections_count,std_msgs/msg/Int32,12
1774528699.9150112,/metrics/dbscan/front/points_in,std_msgs/msg/Int32,5918
1774528699.9150913,/metrics/dbscan/front/processing_ms,std_msgs/msg/Float32,58.25779724121094
1774528699.9179828,/metrics/dbscan/left/detections_count,std_msgs/msg/Int32,11
1774528699.9180663,/metrics/dbscan/left/points_in,std_msgs/msg/Int32,7656
1774528699.9181318,/metrics/dbscan/left/processing_ms,std_msgs/msg/Float32,67.2939682006836
1774528699.9590297,/metrics/dbscan/back/detections_count,std_msgs/msg/Int32,10
1774528699.9591417,/metrics/dbscan/back/points_in,std_msgs/msg/Int32,4118
1774528699.959209,/metrics/dbscan/back/processing_ms,std_msgs/msg/Float32,49.62089920043945
1774528699.9970617,/metrics/dbscan/right/detections_count,std_msgs/msg/Int32,13
1774528699.997188,/metrics/dbscan/right/points_in,std_msgs/msg/Int32,6753
1774528699.9972985,/metrics/dbscan/right/processing_ms,std_msgs/msg/Float32,65.12972259521484
1774528700.016289,/metrics/dbscan/front/detections_count,std_msgs/msg/Int32,11
1774528700.016395,/metrics/dbscan/front/points_in,std_msgs/msg/Int32,5942
1774528700.0164502,/metrics/dbscan/front/processing_ms,std_msgs/msg/Float32,58.548667907714844
1774528700.0225375,/metrics/dbscan/left/detections_count,std_msgs/msg/Int32,11
1774528700.0226302,/metrics/dbscan/left/points_in,std_msgs/msg/Int32,7661
1774528700.0226836,/metrics/dbscan/left/processing_ms,std_msgs/msg/Float32,70.6562271118164
1774528700.0553138,/metrics/dbscan/back/detections_count,std_msgs/msg/Int32,9
1774528700.0554109,/metrics/dbscan/back/points_in,std_msgs/msg/Int32,4122
1774528700.0554626,/metrics/dbscan/back/processing_ms,std_msgs/msg/Float32,49.681976318359375
1774528700.0998237,/metrics/dbscan/right/detections_count,std_msgs/msg/Int32,14
1774528700.0999682,/metrics/dbscan/right/points_in,std_msgs/msg/Int32,6820
1774528700.1000364,/metrics/dbscan/right/processing_ms,std_msgs/msg/Float32,66.92908477783203
1774528700.111744,/metrics/dbscan/front/detections_count,std_msgs/msg/Int32,13
1774528700.111841,/metrics/dbscan/front/points_in,std_msgs/msg/Int32,6023
1774528700.1118953,/metrics/dbscan/front/processing_ms,std_msgs/msg/Float32,57.43536376953125
1774528700.1202953,/metrics/dbscan/left/detections_count,std_msgs/msg/Int32,12
1774528700.1203983,/metrics/dbscan/left/points_in,std_msgs/msg/Int32,7645
1774528700.1204607,/metrics/dbscan/left/processing_ms,std_msgs/msg/Float32,67.01800537109375
1774528700.1554651,/metrics/dbscan/back/detections_count,std_msgs/msg/Int32,10
1774528700.1555634,/metrics/dbscan/back/points_in,std_msgs/msg/Int32,4135
1774528700.155619,/metrics/dbscan/back/processing_ms,std_msgs/msg/Float32,50.17463302612305
1774528700.2017756,/metrics/dbscan/right/detections_count,std_msgs/msg/Int32,13
1774528700.201889,/metrics/dbscan/right/points_in,std_msgs/msg/Int32,6890
1774528700.201946,/metrics/dbscan/right/processing_ms,std_msgs/msg/Float32,67.49632263183594
1774528700.2123425,/metrics/dbscan/front/detections_count,std_msgs/msg/Int32,12
1774528700.2124388,/metrics/dbscan/front/points_in,std_msgs/msg/Int32,6063
1774528700.2124994,/metrics/dbscan/front/processing_ms,std_msgs/msg/Float32,57.83871078491211
1774528700.222075,/metrics/dbscan/left/detections_count,std_msgs/msg/Int32,12
1774528700.222175,/metrics/dbscan/left/points_in,std_msgs/msg/Int32,7645
1774528700.2222242,/metrics/dbscan/left/processing_ms,std_msgs/msg/Float32,68.58797454833984
1774528700.2590163,/metrics/dbscan/back/detections_count,std_msgs/msg/Int32,10
1774528700.2591667,/metrics/dbscan/back/points_in,std_msgs/msg/Int32,4127
1774528700.2592869,/metrics/dbscan/back/processing_ms,std_msgs/msg/Float32,52.20838165283203
1774528700.3001547,/metrics/dbscan/right/detections_count,std_msgs/msg/Int32,13
1774528700.3002849,/metrics/dbscan/right/points_in,std_msgs/msg/Int32,6966
1774528700.30036,/metrics/dbscan/right/processing_ms,std_msgs/msg/Float32,65.48224639892578
1774528700.3132348,/metrics/dbscan/front/detections_count,std_msgs/msg/Int32,12
1774528700.3133502,/metrics/dbscan/front/points_in,std_msgs/msg/Int32,6110
1774528700.3134139,/metrics/dbscan/front/processing_ms,std_msgs/msg/Float32,57.61784744262695
1774528700.3171306,/metrics/dbscan/left/detections_count,std_msgs/msg/Int32,11
1774528700.3172095,/metrics/dbscan/left/points_in,std_msgs/msg/Int32,7664
1774528700.3172889,/metrics/dbscan/left/processing_ms,std_msgs/msg/Float32,66.8906021118164
1774528700.3562112,/metrics/dbscan/back/detections_count,std_msgs/msg/Int32,11
1774528700.3563328,/metrics/dbscan/back/points_in,std_msgs/msg/Int32,4121
1774528700.356392,/metrics/dbscan/back/processing_ms,std_msgs/msg/Float32,48.86832809448242
1774528700.3957276,/metrics/dbscan/right/detections_count,std_msgs/msg/Int32,12
1774528700.3958676,/metrics/dbscan/right/points_in,std_msgs/msg/Int32,6949
1774528700.3959405,/metrics/dbscan/right/processing_ms,std_msgs/msg/Float32,63.80278015136719
1774528700.4148362,/metrics/dbscan/front/detections_count,std_msgs/msg/Int32,12
1774528700.4149883,/metrics/dbscan/front/points_in,std_msgs/msg/Int32,6121
1774528700.4150717,/metrics/dbscan/front/processing_ms,std_msgs/msg/Float32,57.769256591796875
1774528700.417962,/metrics/dbscan/left/detections_count,std_msgs/msg/Int32,12
1774528700.4180665,/metrics/dbscan/left/points_in,std_msgs/msg/Int32,7682
1774528700.4181406,/metrics/dbscan/left/processing_ms,std_msgs/msg/Float32,67.21784973144531
1774528700.456697,/metrics/dbscan/back/detections_count,std_msgs/msg/Int32,10
1774528700.4568143,/metrics/dbscan/back/points_in,std_msgs/msg/Int32,4122
1774528700.4568872,/metrics/dbscan/back/processing_ms,std_msgs/msg/Float32,48.414634704589844
1774528700.4944665,/metrics/dbscan/right/detections_count,std_msgs/msg/Int32,14
1774528700.4946637,/metrics/dbscan/right/points_in,std_msgs/msg/Int32,6928
1774528700.4948397,/metrics/dbscan/right/processing_ms,std_msgs/msg/Float32,63.01776885986328
1774528700.5161264,/metrics/dbscan/front/detections_count,std_msgs/msg/Int32,12
1774528700.516302,/metrics/dbscan/front/points_in,std_msgs/msg/Int32,6029
1774528700.516403,/metrics/dbscan/front/processing_ms,std_msgs/msg/Float32,57.69864273071289
1774528700.5194724,/metrics/dbscan/left/detections_count,std_msgs/msg/Int32,11
1774528700.5195506,/metrics/dbscan/left/processing_ms,std_msgs/msg/Float32,67.29917907714844
1774528700.5198407,/metrics/dbscan/left/points_in,std_msgs/msg/Int32,7670
1774528700.5575016,/metrics/dbscan/back/detections_count,std_msgs/msg/Int32,9
1774528700.557618,/metrics/dbscan/back/points_in,std_msgs/msg/Int32,4114
1774528700.5576866,/metrics/dbscan/back/processing_ms,std_msgs/msg/Float32,48.27740478515625
1774528700.594792,/metrics/dbscan/right/detections_count,std_msgs/msg/Int32,13
1774528700.5949152,/metrics/dbscan/right/points_in,std_msgs/msg/Int32,6982
1774528700.5949836,/metrics/dbscan/right/processing_ms,std_msgs/msg/Float32,62.37656021118164
1774528700.6114204,/metrics/dbscan/front/detections_count,std_msgs/msg/Int32,12
1774528700.6115274,/metrics/dbscan/front/points_in,std_msgs/msg/Int32,6025
1774528700.6115901,/metrics/dbscan/front/processing_ms,std_msgs/msg/Float32,57.535762786865234
1774528700.6178882,/metrics/dbscan/left/detections_count,std_msgs/msg/Int32,11
1774528700.6179826,/metrics/dbscan/left/points_in,std_msgs/msg/Int32,7657
1774528700.618052,/metrics/dbscan/left/processing_ms,std_msgs/msg/Float32,65.87374877929688
1774528700.6590533,/metrics/dbscan/back/detections_count,std_msgs/msg/Int32,11
1774528700.6592014,/metrics/dbscan/back/points_in,std_msgs/msg/Int32,4121
1774528700.6592891,/metrics/dbscan/back/processing_ms,std_msgs/msg/Float32,53.91012954711914
1774528700.700384,/metrics/dbscan/right/detections_count,std_msgs/msg/Int32,12
1774528700.700505,/metrics/dbscan/right/points_in,std_msgs/msg/Int32,7093
1774528700.7005699,/metrics/dbscan/right/processing_ms,std_msgs/msg/Float32,66.96930694580078
1774528700.7108972,/metrics/dbscan/front/detections_count,std_msgs/msg/Int32,12
1774528700.7110078,/metrics/dbscan/front/points_in,std_msgs/msg/Int32,6050
1774528700.711071,/metrics/dbscan/front/processing_ms,std_msgs/msg/Float32,55.747161865234375
1774528700.7198076,/metrics/dbscan/left/detections_count,std_msgs/msg/Int32,12
1774528700.719906,/metrics/dbscan/left/points_in,std_msgs/msg/Int32,7677
1774528700.7199702,/metrics/dbscan/left/processing_ms,std_msgs/msg/Float32,66.7552490234375
1774528700.754851,/metrics/dbscan/back/detections_count,std_msgs/msg/Int32,10
1774528700.7549794,/metrics/dbscan/back/points_in,std_msgs/msg/Int32,4121
1774528700.755045,/metrics/dbscan/back/processing_ms,std_msgs/msg/Float32,48.36082458496094
1774528700.798629,/metrics/dbscan/right/detections_count,std_msgs/msg/Int32,12
1774528700.7987404,/metrics/dbscan/right/points_in,std_msgs/msg/Int32,7214
1774528700.7987957,/metrics/dbscan/right/processing_ms,std_msgs/msg/Float32,64.42630767822266
1774528700.810373,/metrics/dbscan/front/detections_count,std_msgs/msg/Int32,12
1774528700.8104763,/metrics/dbscan/front/points_in,std_msgs/msg/Int32,6038
1774528700.8105364,/metrics/dbscan/front/processing_ms,std_msgs/msg/Float32,54.91088104248047
1774528700.8146973,/metrics/dbscan/left/detections_count,std_msgs/msg/Int32,11
1774528700.8147738,/metrics/dbscan/left/processing_ms,std_msgs/msg/Float32,64.75782775878906
1774528700.815054,/metrics/dbscan/left/points_in,std_msgs/msg/Int32,7677
1774528700.8585608,/metrics/dbscan/back/detections_count,std_msgs/msg/Int32,10
1774528700.8586693,/metrics/dbscan/back/points_in,std_msgs/msg/Int32,4101
1774528700.8587358,/metrics/dbscan/back/processing_ms,std_msgs/msg/Float32,53.18027877807617
1774528700.89952,/metrics/dbscan/right/detections_count,std_msgs/msg/Int32,11
1774528700.8996453,/metrics/dbscan/right/points_in,std_msgs/msg/Int32,7190
1774528700.8997214,/metrics/dbscan/right/processing_ms,std_msgs/msg/Float32,68.85511779785156
1774528700.9113004,/metrics/dbscan/front/detections_count,std_msgs/msg/Int32,11
1774528700.911398,/metrics/dbscan/front/points_in,std_msgs/msg/Int32,5970
1774528700.9114623,/metrics/dbscan/front/processing_ms,std_msgs/msg/Float32,55.16037368774414
1774528700.916337,/metrics/dbscan/left/detections_count,std_msgs/msg/Int32,12
1774528700.9164221,/metrics/dbscan/left/points_in,std_msgs/msg/Int32,7704
1774528700.9164894,/metrics/dbscan/left/processing_ms,std_msgs/msg/Float32,65.69451141357422
1774528700.9565103,/metrics/dbscan/back/detections_count,std_msgs/msg/Int32,10
1774528700.9566374,/metrics/dbscan/back/points_in,std_msgs/msg/Int32,4115
1774528700.956692,/metrics/dbscan/back/processing_ms,std_msgs/msg/Float32,49.20984649658203
1774528700.9977596,/metrics/dbscan/right/detections_count,std_msgs/msg/Int32,10
1774528700.9978673,/metrics/dbscan/right/points_in,std_msgs/msg/Int32,7207
1774528700.9979224,/metrics/dbscan/right/processing_ms,std_msgs/msg/Float32,66.43189239501953
1774528701.0128493,/metrics/dbscan/front/detections_count,std_msgs/msg/Int32,14
1774528701.012957,/metrics/dbscan/front/points_in,std_msgs/msg/Int32,5930
1774528701.0130177,/metrics/dbscan/front/processing_ms,std_msgs/msg/Float32,55.51914978027344
1774528701.0166123,/metrics/dbscan/left/detections_count,std_msgs/msg/Int32,12
1774528701.016688,/metrics/dbscan/left/points_in,std_msgs/msg/Int32,7702
1774528701.0167608,/metrics/dbscan/left/processing_ms,std_msgs/msg/Float32,65.44210815429688
1774528701.0587564,/metrics/dbscan/back/detections_count,std_msgs/msg/Int32,9
1774528701.0588667,/metrics/dbscan/back/points_in,std_msgs/msg/Int32,4107
1774528701.0589306,/metrics/dbscan/back/processing_ms,std_msgs/msg/Float32,50.434539794921875
1774528701.0989635,/metrics/dbscan/right/detections_count,std_msgs/msg/Int32,10
1774528701.099083,/metrics/dbscan/right/points_in,std_msgs/msg/Int32,7297
1774528701.0991495,/metrics/dbscan/right/processing_ms,std_msgs/msg/Float32,67.11188507080078
1774528701.1096544,/metrics/dbscan/front/detections_count,std_msgs/msg/Int32,12
1774528701.1097546,/metrics/dbscan/front/points_in,std_msgs/msg/Int32,6001
1774528701.1098177,/metrics/dbscan/front/processing_ms,std_msgs/msg/Float32,54.959224700927734
1774528701.1205175,/metrics/dbscan/left/detections_count,std_msgs/msg/Int32,12
1774528701.120631,/metrics/dbscan/left/points_in,std_msgs/msg/Int32,7697
1774528701.1207073,/metrics/dbscan/left/processing_ms,std_msgs/msg/Float32,67.3122787475586
1774528701.1582832,/metrics/dbscan/back/detections_count,std_msgs/msg/Int32,10
1774528701.1584268,/metrics/dbscan/back/points_in,std_msgs/msg/Int32,4106
1774528701.1585336,/metrics/dbscan/back/processing_ms,std_msgs/msg/Float32,49.098297119140625
1774528701.1971366,/metrics/dbscan/right/detections_count,std_msgs/msg/Int32,8
1774528701.1972868,/metrics/dbscan/right/points_in,std_msgs/msg/Int32,7419
1774528701.1973736,/metrics/dbscan/right/processing_ms,std_msgs/msg/Float32,63.709754943847656
1774528701.2096214,/metrics/dbscan/front/detections_count,std_msgs/msg/Int32,12
1774528701.2097163,/metrics/dbscan/front/points_in,std_msgs/msg/Int32,6083
1774528701.2097766,/metrics/dbscan/front/processing_ms,std_msgs/msg/Float32,54.47211456298828
1774528701.2207372,/metrics/dbscan/left/detections_count,std_msgs/msg/Int32,11
1774528701.2208567,/metrics/dbscan/left/points_in,std_msgs/msg/Int32,7680
1774528701.2209342,/metrics/dbscan/left/processing_ms,std_msgs/msg/Float32,67.32636260986328
1774528701.2566848,/metrics/dbscan/back/detections_count,std_msgs/msg/Int32,10
1774528701.2568035,/metrics/dbscan/back/points_in,std_msgs/msg/Int32,4131
1774528701.2568715,/metrics/dbscan/back/processing_ms,std_msgs/msg/Float32,50.814308166503906
1774528701.2993193,/metrics/dbscan/right/detections_count,std_msgs/msg/Int32,9
1774528701.299432,/metrics/dbscan/right/points_in,std_msgs/msg/Int32,7468
1774528701.2994957,/metrics/dbscan/right/processing_ms,std_msgs/msg/Float32,65.95240783691406
1774528701.3122845,/metrics/dbscan/front/detections_count,std_msgs/msg/Int32,12
1774528701.3124068,/metrics/dbscan/front/points_in,std_msgs/msg/Int32,6151
1774528701.312469,/metrics/dbscan/front/processing_ms,std_msgs/msg/Float32,55.04625701904297
1774528701.3183458,/metrics/dbscan/left/detections_count,std_msgs/msg/Int32,12
1774528701.3184729,/metrics/dbscan/left/points_in,std_msgs/msg/Int32,7668
1774528701.3185637,/metrics/dbscan/left/processing_ms,std_msgs/msg/Float32,67.12406158447266
1774528701.3547146,/metrics/dbscan/back/detections_count,std_msgs/msg/Int32,11
1774528701.3548238,/metrics/dbscan/back/points_in,std_msgs/msg/Int32,4128
1774528701.3548884,/metrics/dbscan/back/processing_ms,std_msgs/msg/Float32,48.89570999145508
1774528701.3973594,/metrics/dbscan/right/detections_count,std_msgs/msg/Int32,9
1774528701.3974767,/metrics/dbscan/right/points_in,std_msgs/msg/Int32,7424
1774528701.3975434,/metrics/dbscan/right/processing_ms,std_msgs/msg/Float32,62.891780853271484
1774528701.411757,/metrics/dbscan/front/detections_count,std_msgs/msg/Int32,13
1774528701.4118686,/metrics/dbscan/front/points_in,std_msgs/msg/Int32,6117
1774528701.4119327,/metrics/dbscan/front/processing_ms,std_msgs/msg/Float32,55.90385818481445
1774528701.4171348,/metrics/dbscan/left/detections_count,std_msgs/msg/Int32,11
1774528701.417218,/metrics/dbscan/left/points_in,std_msgs/msg/Int32,7666
1774528701.4172907,/metrics/dbscan/left/processing_ms,std_msgs/msg/Float32,66.31802368164062
1774528701.459462,/metrics/dbscan/back/detections_count,std_msgs/msg/Int32,11
1774528701.45957,/metrics/dbscan/back/points_in,std_msgs/msg/Int32,4124
1774528701.4596348,/metrics/dbscan/back/processing_ms,std_msgs/msg/Float32,51.866268157958984
1774528701.4924312,/metrics/dbscan/right/detections_count,std_msgs/msg/Int32,10
1774528701.4925313,/metrics/dbscan/right/points_in,std_msgs/msg/Int32,7212
1774528701.4925842,/metrics/dbscan/right/processing_ms,std_msgs/msg/Float32,61.84304428100586
1774528701.513098,/metrics/dbscan/front/detections_count,std_msgs/msg/Int32,12
1774528701.5132098,/metrics/dbscan/front/points_in,std_msgs/msg/Int32,6092
1774528701.5132847,/metrics/dbscan/front/processing_ms,std_msgs/msg/Float32,55.975467681884766
1774528701.5182023,/metrics/dbscan/left/detections_count,std_msgs/msg/Int32,11
1774528701.5182877,/metrics/dbscan/left/points_in,std_msgs/msg/Int32,7684
1774528701.518353,/metrics/dbscan/left/processing_ms,std_msgs/msg/Float32,66.7730484008789
1774528701.5593693,/metrics/dbscan/back/detections_count,std_msgs/msg/Int32,9
1774528701.5594862,/metrics/dbscan/back/points_in,std_msgs/msg/Int32,4122
1774528701.5595553,/metrics/dbscan/back/processing_ms,std_msgs/msg/Float32,50.70576477050781
1774528701.5970352,/metrics/dbscan/right/detections_count,std_msgs/msg/Int32,12
1774528701.597177,/metrics/dbscan/right/points_in,std_msgs/msg/Int32,7139
1774528701.5972676,/metrics/dbscan/right/processing_ms,std_msgs/msg/Float32,65.56513214111328
1774528701.6101403,/metrics/dbscan/front/detections_count,std_msgs/msg/Int32,13
1774528701.6102474,/metrics/dbscan/front/points_in,std_msgs/msg/Int32,6176
1774528701.6103435,/metrics/dbscan/front/processing_ms,std_msgs/msg/Float32,56.098331451416016
1774528701.6185596,/metrics/dbscan/left/detections_count,std_msgs/msg/Int32,12
1774528701.618639,/metrics/dbscan/left/points_in,std_msgs/msg/Int32,7681
1774528701.6186962,/metrics/dbscan/left/processing_ms,std_msgs/msg/Float32,65.81951904296875
1774528701.6603518,/metrics/dbscan/back/detections_count,std_msgs/msg/Int32,10
1774528701.6604636,/metrics/dbscan/back/points_in,std_msgs/msg/Int32,4132
1774528701.6605344,/metrics/dbscan/back/processing_ms,std_msgs/msg/Float32,51.183101654052734
1774528701.6985223,/metrics/dbscan/right/detections_count,std_msgs/msg/Int32,11
1774528701.6986217,/metrics/dbscan/right/points_in,std_msgs/msg/Int32,7274
1774528701.698677,/metrics/dbscan/right/processing_ms,std_msgs/msg/Float32,66.41856384277344
1774528701.7087069,/metrics/dbscan/front/detections_count,std_msgs/msg/Int32,12
1774528701.7088478,/metrics/dbscan/front/points_in,std_msgs/msg/Int32,6310
1774528701.7089577,/metrics/dbscan/front/processing_ms,std_msgs/msg/Float32,54.27497100830078
1774528701.7193403,/metrics/dbscan/left/detections_count,std_msgs/msg/Int32,11
1774528701.719435,/metrics/dbscan/left/points_in,std_msgs/msg/Int32,7682
1774528701.7195053,/metrics/dbscan/left/processing_ms,std_msgs/msg/Float32,65.7081527709961
1774528701.7573845,/metrics/dbscan/back/detections_count,std_msgs/msg/Int32,10
1774528701.7575023,/metrics/dbscan/back/points_in,std_msgs/msg/Int32,4127
1774528701.7575667,/metrics/dbscan/back/processing_ms,std_msgs/msg/Float32,48.08362579345703
1774528701.7979362,/metrics/dbscan/right/detections_count,std_msgs/msg/Int32,12
1774528701.7980595,/metrics/dbscan/right/points_in,std_msgs/msg/Int32,7436
1774528701.798132,/metrics/dbscan/right/processing_ms,std_msgs/msg/Float32,63.94786834716797
1774528701.8108926,/metrics/dbscan/front/detections_count,std_msgs/msg/Int32,13
1774528701.8109958,/metrics/dbscan/front/points_in,std_msgs/msg/Int32,6424
1774528701.8110588,/metrics/dbscan/front/processing_ms,std_msgs/msg/Float32,55.614017486572266
1774528701.8153028,/metrics/dbscan/left/detections_count,std_msgs/msg/Int32,11
1774528701.8153799,/metrics/dbscan/left/points_in,std_msgs/msg/Int32,7676
1774528701.8154368,/metrics/dbscan/left/processing_ms,std_msgs/msg/Float32,65.57495880126953
1774528701.8558807,/metrics/dbscan/back/detections_count,std_msgs/msg/Int32,10
1774528701.8560362,/metrics/dbscan/back/points_in,std_msgs/msg/Int32,4126
1774528701.8561003,/metrics/dbscan/back/processing_ms,std_msgs/msg/Float32,49.98802947998047
1774528701.8966727,/metrics/dbscan/right/detections_count,std_msgs/msg/Int32,11
1774528701.896796,/metrics/dbscan/right/points_in,std_msgs/msg/Int32,7483
1774528701.896862,/metrics/dbscan/right/processing_ms,std_msgs/msg/Float32,62.947364807128906
1774528701.912188,/metrics/dbscan/front/detections_count,std_msgs/msg/Int32,11
1774528701.9123073,/metrics/dbscan/front/points_in,std_msgs/msg/Int32,6480
1774528701.9123766,/metrics/dbscan/front/processing_ms,std_msgs/msg/Float32,55.97503662109375
1774528701.9224274,/metrics/dbscan/left/detections_count,std_msgs/msg/Int32,13
1774528701.9225416,/metrics/dbscan/left/points_in,std_msgs/msg/Int32,7687
1774528701.9226089,/metrics/dbscan/left/processing_ms,std_msgs/msg/Float32,70.99676513671875
1774528701.9596906,/metrics/dbscan/back/detections_count,std_msgs/msg/Int32,10
1774528701.959802,/metrics/dbscan/back/points_in,std_msgs/msg/Int32,4117
1774528701.959879,/metrics/dbscan/back/processing_ms,std_msgs/msg/Float32,53.880271911621094
1774528702.0002213,/metrics/dbscan/right/detections_count,std_msgs/msg/Int32,12
1774528702.0003467,/metrics/dbscan/right/points_in,std_msgs/msg/Int32,7436
1774528702.0004191,/metrics/dbscan/right/processing_ms,std_msgs/msg/Float32,64.83959197998047
1774528702.0128138,/metrics/dbscan/front/detections_count,std_msgs/msg/Int32,13
1774528702.0129206,/metrics/dbscan/front/points_in,std_msgs/msg/Int32,6566
1774528702.012984,/metrics/dbscan/front/processing_ms,std_msgs/msg/Float32,55.66236114501953
1774528702.0189621,/metrics/dbscan/left/detections_count,std_msgs/msg/Int32,12
1774528702.0190833,/metrics/dbscan/left/points_in,std_msgs/msg/Int32,7679
1774528702.0191638,/metrics/dbscan/left/processing_ms,std_msgs/msg/Float32,67.01935577392578
1774528702.0573795,/metrics/dbscan/back/detections_count,std_msgs/msg/Int32,10
1774528702.0574872,/metrics/dbscan/back/points_in,std_msgs/msg/Int32,4116
1774528702.0575435,/metrics/dbscan/back/processing_ms,std_msgs/msg/Float32,51.06074905395508
1774528702.0964243,/metrics/dbscan/right/detections_count,std_msgs/msg/Int32,14
1774528702.096542,/metrics/dbscan/right/points_in,std_msgs/msg/Int32,7444
1774528702.0966048,/metrics/dbscan/right/processing_ms,std_msgs/msg/Float32,64.9714584350586
1774528702.110411,/metrics/dbscan/front/detections_count,std_msgs/msg/Int32,13
1774528702.1105385,/metrics/dbscan/front/points_in,std_msgs/msg/Int32,6692
1774528702.1106074,/metrics/dbscan/front/processing_ms,std_msgs/msg/Float32,55.99565505981445
1774528702.1199517,/metrics/dbscan/left/detections_count,std_msgs/msg/Int32,12
1774528702.1200514,/metrics/dbscan/left/points_in,std_msgs/msg/Int32,7663
1774528702.1201122,/metrics/dbscan/left/processing_ms,std_msgs/msg/Float32,66.79389953613281
1774528702.157602,/metrics/dbscan/back/detections_count,std_msgs/msg/Int32,10
1774528702.1577258,/metrics/dbscan/back/points_in,std_msgs/msg/Int32,4126
1774528702.1578012,/metrics/dbscan/back/processing_ms,std_msgs/msg/Float32,50.447139739990234
1774528702.1944692,/metrics/dbscan/right/detections_count,std_msgs/msg/Int32,12
1774528702.194612,/metrics/dbscan/right/points_in,std_msgs/msg/Int32,7508
1774528702.1946776,/metrics/dbscan/right/processing_ms,std_msgs/msg/Float32,62.69791030883789
1774528702.211807,/metrics/dbscan/front/detections_count,std_msgs/msg/Int32,12
1774528702.211929,/metrics/dbscan/front/points_in,std_msgs/msg/Int32,6933
1774528702.2120028,/metrics/dbscan/front/processing_ms,std_msgs/msg/Float32,56.89731979370117
1774528702.2211316,/metrics/dbscan/left/detections_count,std_msgs/msg/Int32,11
1774528702.2212162,/metrics/dbscan/left/points_in,std_msgs/msg/Int32,7669
1774528702.2212884,/metrics/dbscan/left/processing_ms,std_msgs/msg/Float32,67.0100326538086
1774528702.2640574,/metrics/dbscan/back/detections_count,std_msgs/msg/Int32,12
1774528702.2641819,/metrics/dbscan/back/points_in,std_msgs/msg/Int32,4133
1774528702.264248,/metrics/dbscan/back/processing_ms,std_msgs/msg/Float32,55.17031478881836
1774528702.3010948,/metrics/dbscan/right/detections_count,std_msgs/msg/Int32,12
1774528702.301224,/metrics/dbscan/right/points_in,std_msgs/msg/Int32,7620
1774528702.3013136,/metrics/dbscan/right/processing_ms,std_msgs/msg/Float32,68.67643737792969
1774528702.3129804,/metrics/dbscan/front/detections_count,std_msgs/msg/Int32,12
1774528702.313091,/metrics/dbscan/front/points_in,std_msgs/msg/Int32,7197
1774528702.3131552,/metrics/dbscan/front/processing_ms,std_msgs/msg/Float32,57.65336608886719
1774528702.3175156,/metrics/dbscan/left/detections_count,std_msgs/msg/Int32,11
1774528702.317593,/metrics/dbscan/left/points_in,std_msgs/msg/Int32,7695
1774528702.3176653,/metrics/dbscan/left/processing_ms,std_msgs/msg/Float32,67.44503784179688
1774528702.3590813,/metrics/dbscan/back/detections_count,std_msgs/msg/Int32,10
1774528702.3591897,/metrics/dbscan/back/points_in,std_msgs/msg/Int32,4123
1774528702.3592532,/metrics/dbscan/back/processing_ms,std_msgs/msg/Float32,49.257568359375
1774528702.3988688,/metrics/dbscan/right/detections_count,std_msgs/msg/Int32,11
1774528702.3989916,/metrics/dbscan/right/points_in,std_msgs/msg/Int32,7623
1774528702.399049,/metrics/dbscan/right/processing_ms,std_msgs/msg/Float32,65.81324768066406
1774528702.4143574,/metrics/dbscan/front/detections_count,std_msgs/msg/Int32,12
1774528702.4144683,/metrics/dbscan/front/points_in,std_msgs/msg/Int32,7283
1774528702.4145303,/metrics/dbscan/front/processing_ms,std_msgs/msg/Float32,58.2042350769043
1774528702.4182596,/metrics/dbscan/left/detections_count,std_msgs/msg/Int32,11
1774528702.4183488,/metrics/dbscan/left/points_in,std_msgs/msg/Int32,7697
1774528702.4184165,/metrics/dbscan/left/processing_ms,std_msgs/msg/Float32,67.24462127685547
1774528702.4537587,/metrics/dbscan/back/detections_count,std_msgs/msg/Int32,11
1774528702.4538705,/metrics/dbscan/back/points_in,std_msgs/msg/Int32,4124
1774528702.4539354,/metrics/dbscan/back/processing_ms,std_msgs/msg/Float32,48.397762298583984
1774528702.499895,/metrics/dbscan/right/detections_count,std_msgs/msg/Int32,11
1774528702.5000072,/metrics/dbscan/right/points_in,std_msgs/msg/Int32,7461
1774528702.5000722,/metrics/dbscan/right/processing_ms,std_msgs/msg/Float32,65.96928405761719
1774528702.515068,/metrics/dbscan/front/detections_count,std_msgs/msg/Int32,11
1774528702.5151823,/metrics/dbscan/front/points_in,std_msgs/msg/Int32,7297
1774528702.5152473,/metrics/dbscan/front/processing_ms,std_msgs/msg/Float32,58.578765869140625
1774528702.5239224,/metrics/dbscan/left/detections_count,std_msgs/msg/Int32,11
1774528702.52401,/metrics/dbscan/left/points_in,std_msgs/msg/Int32,7685
1774528702.5240765,/metrics/dbscan/left/processing_ms,std_msgs/msg/Float32,72.25977325439453
1774528702.5559914,/metrics/dbscan/back/detections_count,std_msgs/msg/Int32,11
1774528702.5561075,/metrics/dbscan/back/points_in,std_msgs/msg/Int32,4109
1774528702.5561764,/metrics/dbscan/back/processing_ms,std_msgs/msg/Float32,49.74492645263672
1774528702.5960624,/metrics/dbscan/right/detections_count,std_msgs/msg/Int32,10
1774528702.5961893,/metrics/dbscan/right/points_in,std_msgs/msg/Int32,7379
1774528702.5962589,/metrics/dbscan/right/processing_ms,std_msgs/msg/Float32,64.63426208496094
1774528702.6188142,/metrics/dbscan/front/detections_count,std_msgs/msg/Int32,12
1774528702.6189327,/metrics/dbscan/front/points_in,std_msgs/msg/Int32,7319
1774528702.618996,/metrics/dbscan/front/processing_ms,std_msgs/msg/Float32,61.18437194824219
1774528702.6211946,/metrics/dbscan/left/detections_count,std_msgs/msg/Int32,12
1774528702.621264,/metrics/dbscan/left/points_in,std_msgs/msg/Int32,7689
1774528702.62133,/metrics/dbscan/left/processing_ms,std_msgs/msg/Float32,69.13301086425781
1774528702.656251,/metrics/dbscan/back/detections_count,std_msgs/msg/Int32,11
1774528702.6563678,/metrics/dbscan/back/points_in,std_msgs/msg/Int32,4121
1774528702.6564221,/metrics/dbscan/back/processing_ms,std_msgs/msg/Float32,49.421241760253906
1774528702.7030141,/metrics/dbscan/right/detections_count,std_msgs/msg/Int32,9
1774528702.7031336,/metrics/dbscan/right/points_in,std_msgs/msg/Int32,7366
1774528702.703192,/metrics/dbscan/right/processing_ms,std_msgs/msg/Float32,71.69034576416016
1774528702.7153673,/metrics/dbscan/front/detections_count,std_msgs/msg/Int32,13
1774528702.7154806,/metrics/dbscan/front/points_in,std_msgs/msg/Int32,7256
1774528702.7155485,/metrics/dbscan/front/processing_ms,std_msgs/msg/Float32,60.2449951171875
1774528702.724022,/metrics/dbscan/left/detections_count,std_msgs/msg/Int32,11
1774528702.724139,/metrics/dbscan/left/points_in,std_msgs/msg/Int32,7689
1774528702.7241962,/metrics/dbscan/left/processing_ms,std_msgs/msg/Float32,70.52275848388672
1774528702.7606902,/metrics/dbscan/back/detections_count,std_msgs/msg/Int32,11
1774528702.7608047,/metrics/dbscan/back/points_in,std_msgs/msg/Int32,4120
1774528702.7608912,/metrics/dbscan/back/processing_ms,std_msgs/msg/Float32,53.100318908691406
1774528702.7972138,/metrics/dbscan/right/detections_count,std_msgs/msg/Int32,10
1774528702.7973545,/metrics/dbscan/right/points_in,std_msgs/msg/Int32,7397
1774528702.7974246,/metrics/dbscan/right/processing_ms,std_msgs/msg/Float32,63.88529968261719
1774528702.8168795,/metrics/dbscan/front/detections_count,std_msgs/msg/Int32,12
1774528702.8170042,/metrics/dbscan/front/points_in,std_msgs/msg/Int32,7160
1774528702.8170657,/metrics/dbscan/front/processing_ms,std_msgs/msg/Float32,60.92270278930664
1774528702.8174524,/metrics/dbscan/left/detections_count,std_msgs/msg/Int32,11
1774528702.8175094,/metrics/dbscan/left/points_in,std_msgs/msg/Int32,7688
1774528702.817556,/metrics/dbscan/left/processing_ms,std_msgs/msg/Float32,67.40524291992188
1774528702.8617773,/metrics/dbscan/back/detections_count,std_msgs/msg/Int32,9
1774528702.8618915,/metrics/dbscan/back/points_in,std_msgs/msg/Int32,4117
1774528702.8619556,/metrics/dbscan/back/processing_ms,std_msgs/msg/Float32,53.0162467956543
1774528702.8996882,/metrics/dbscan/right/detections_count,std_msgs/msg/Int32,11
1774528702.8997993,/metrics/dbscan/right/points_in,std_msgs/msg/Int32,7494
1774528702.8998635,/metrics/dbscan/right/processing_ms,std_msgs/msg/Float32,66.9244384765625
1774528702.9190366,/metrics/dbscan/left/detections_count,std_msgs/msg/Int32,12
1774528702.9191716,/metrics/dbscan/left/points_in,std_msgs/msg/Int32,7682
1774528702.91924,/metrics/dbscan/left/processing_ms,std_msgs/msg/Float32,66.71707153320312
1774528702.920371,/metrics/dbscan/front/detections_count,std_msgs/msg/Int32,10
1774528702.9204295,/metrics/dbscan/front/processing_ms,std_msgs/msg/Float32,63.00191879272461
1774528702.920667,/metrics/dbscan/front/points_in,std_msgs/msg/Int32,7062
1774528702.9633448,/metrics/dbscan/back/detections_count,std_msgs/msg/Int32,10
1774528702.963457,/metrics/dbscan/back/points_in,std_msgs/msg/Int32,4132
1774528702.9635215,/metrics/dbscan/back/processing_ms,std_msgs/msg/Float32,54.032188415527344
1774528703.0054631,/metrics/dbscan/right/detections_count,std_msgs/msg/Int32,10
1774528703.0056129,/metrics/dbscan/right/points_in,std_msgs/msg/Int32,7522
1774528703.0056791,/metrics/dbscan/right/processing_ms,std_msgs/msg/Float32,71.44815063476562
1774528703.0173025,/metrics/dbscan/left/detections_count,std_msgs/msg/Int32,11
1774528703.0174131,/metrics/dbscan/left/points_in,std_msgs/msg/Int32,7688
1774528703.0174763,/metrics/dbscan/left/processing_ms,std_msgs/msg/Float32,65.67144775390625
1774528703.0200667,/metrics/dbscan/front/detections_count,std_msgs/msg/Int32,12
1774528703.020133,/metrics/dbscan/front/points_in,std_msgs/msg/Int32,7009
1774528703.0201867,/metrics/dbscan/front/processing_ms,std_msgs/msg/Float32,63.46512985229492
1774528703.0557957,/metrics/dbscan/back/detections_count,std_msgs/msg/Int32,10
1774528703.0559146,/metrics/dbscan/back/points_in,std_msgs/msg/Int32,4108
1774528703.0559866,/metrics/dbscan/back/processing_ms,std_msgs/msg/Float32,50.14812469482422
1774528703.098521,/metrics/dbscan/right/detections_count,std_msgs/msg/Int32,10
1774528703.0986347,/metrics/dbscan/right/points_in,std_msgs/msg/Int32,7522
1774528703.0986989,/metrics/dbscan/right/processing_ms,std_msgs/msg/Float32,64.37995910644531
1774528703.1152308,/metrics/dbscan/front/detections_count,std_msgs/msg/Int32,12
1774528703.115356,/metrics/dbscan/front/points_in,std_msgs/msg/Int32,6911
1774528703.1154268,/metrics/dbscan/front/processing_ms,std_msgs/msg/Float32,57.62046432495117
1774528703.1183455,/metrics/dbscan/left/detections_count,std_msgs/msg/Int32,12
1774528703.1184335,/metrics/dbscan/left/points_in,std_msgs/msg/Int32,7680
1774528703.118499,/metrics/dbscan/left/processing_ms,std_msgs/msg/Float32,65.67388916015625
1774528703.1581314,/metrics/dbscan/back/detections_count,std_msgs/msg/Int32,11
1774528703.1583278,/metrics/dbscan/back/points_in,std_msgs/msg/Int32,4117
1774528703.1584122,/metrics/dbscan/back/processing_ms,std_msgs/msg/Float32,50.9976806640625
1774528703.1983724,/metrics/dbscan/right/detections_count,std_msgs/msg/Int32,10
1774528703.1985416,/metrics/dbscan/right/points_in,std_msgs/msg/Int32,7477
1774528703.1986315,/metrics/dbscan/right/processing_ms,std_msgs/msg/Float32,66.77621459960938
1774528703.2121804,/metrics/dbscan/front/detections_count,std_msgs/msg/Int32,13
1774528703.2123234,/metrics/dbscan/front/points_in,std_msgs/msg/Int32,6784
1774528703.2124112,/metrics/dbscan/front/processing_ms,std_msgs/msg/Float32,57.454368591308594
1774528703.2193935,/metrics/dbscan/left/detections_count,std_msgs/msg/Int32,11
1774528703.2194834,/metrics/dbscan/left/points_in,std_msgs/msg/Int32,7689
1774528703.2195456,/metrics/dbscan/left/processing_ms,std_msgs/msg/Float32,65.6739730834961
1774528703.2589211,/metrics/dbscan/back/detections_count,std_msgs/msg/Int32,10
1774528703.25904,/metrics/dbscan/back/points_in,std_msgs/msg/Int32,4126
1774528703.259113,/metrics/dbscan/back/processing_ms,std_msgs/msg/Float32,50.42531204223633
1774528703.2991223,/metrics/dbscan/right/detections_count,std_msgs/msg/Int32,10
1774528703.2992344,/metrics/dbscan/right/points_in,std_msgs/msg/Int32,7460
1774528703.2993073,/metrics/dbscan/right/processing_ms,std_msgs/msg/Float32,67.56534576416016
1774528703.311982,/metrics/dbscan/front/detections_count,std_msgs/msg/Int32,11
1774528703.3120837,/metrics/dbscan/front/points_in,std_msgs/msg/Int32,6828
1774528703.3121607,/metrics/dbscan/front/processing_ms,std_msgs/msg/Float32,56.74037170410156
1774528703.3196926,/metrics/dbscan/left/detections_count,std_msgs/msg/Int32,11
1774528703.3197758,/metrics/dbscan/left/points_in,std_msgs/msg/Int32,7696
1774528703.3198345,/metrics/dbscan/left/processing_ms,std_msgs/msg/Float32,69.39427947998047
1774528703.357411,/metrics/dbscan/back/detections_count,std_msgs/msg/Int32,10
1774528703.3575373,/metrics/dbscan/back/points_in,std_msgs/msg/Int32,4126
1774528703.3576076,/metrics/dbscan/back/processing_ms,std_msgs/msg/Float32,49.525150299072266
1774528703.3994043,/metrics/dbscan/right/detections_count,std_msgs/msg/Int32,10
1774528703.3995197,/metrics/dbscan/right/points_in,std_msgs/msg/Int32,7462
1774528703.399591,/metrics/dbscan/right/processing_ms,std_msgs/msg/Float32,66.01068115234375
1774528703.41285,/metrics/dbscan/front/detections_count,std_msgs/msg/Int32,11
1774528703.412972,/metrics/dbscan/front/points_in,std_msgs/msg/Int32,6923
1774528703.4130359,/metrics/dbscan/front/processing_ms,std_msgs/msg/Float32,56.71320724487305
1774528703.4169106,/metrics/dbscan/left/detections_count,std_msgs/msg/Int32,11
1774528703.4169955,/metrics/dbscan/left/points_in,std_msgs/msg/Int32,7685
1774528703.4170563,/metrics/dbscan/left/processing_ms,std_msgs/msg/Float32,65.90725708007812
1774528703.4592173,/metrics/dbscan/back/detections_count,std_msgs/msg/Int32,10
1774528703.459377,/metrics/dbscan/back/points_in,std_msgs/msg/Int32,4127
1774528703.4594564,/metrics/dbscan/back/processing_ms,std_msgs/msg/Float32,50.17121887207031
1774528703.4980226,/metrics/dbscan/right/detections_count,std_msgs/msg/Int32,10
1774528703.4981363,/metrics/dbscan/right/points_in,std_msgs/msg/Int32,7438
1774528703.4981987,/metrics/dbscan/right/processing_ms,std_msgs/msg/Float32,64.64352416992188
1774528703.5142717,/metrics/dbscan/front/detections_count,std_msgs/msg/Int32,13
1774528703.5143924,/metrics/dbscan/front/points_in,std_msgs/msg/Int32,6967
1774528703.5144582,/metrics/dbscan/front/processing_ms,std_msgs/msg/Float32,57.62061309814453
1774528703.520655,/metrics/dbscan/left/detections_count,std_msgs/msg/Int32,13
1774528703.5208213,/metrics/dbscan/left/points_in,std_msgs/msg/Int32,7736
1774528703.5208926,/metrics/dbscan/left/processing_ms,std_msgs/msg/Float32,68.56298828125
1774528703.5589774,/metrics/dbscan/back/detections_count,std_msgs/msg/Int32,9
1774528703.5590842,/metrics/dbscan/back/points_in,std_msgs/msg/Int32,4118
1774528703.5591452,/metrics/dbscan/back/processing_ms,std_msgs/msg/Float32,49.0518798828125
1774528703.5999765,/metrics/dbscan/right/detections_count,std_msgs/msg/Int32,10
1774528703.6000984,/metrics/dbscan/right/points_in,std_msgs/msg/Int32,7446
1774528703.6001632,/metrics/dbscan/right/processing_ms,std_msgs/msg/Float32,64.84921264648438
1774528703.6199973,/metrics/dbscan/left/detections_count,std_msgs/msg/Int32,12
1774528703.6201305,/metrics/dbscan/left/points_in,std_msgs/msg/Int32,7809
1774528703.6202009,/metrics/dbscan/left/processing_ms,std_msgs/msg/Float32,67.62000274658203
1774528703.6206393,/metrics/dbscan/front/detections_count,std_msgs/msg/Int32,12
1774528703.6206965,/metrics/dbscan/front/points_in,std_msgs/msg/Int32,7046
1774528703.6207476,/metrics/dbscan/front/processing_ms,std_msgs/msg/Float32,62.290496826171875
1774528703.6550183,/metrics/dbscan/back/detections_count,std_msgs/msg/Int32,10
1774528703.6551561,/metrics/dbscan/back/points_in,std_msgs/msg/Int32,4119
1774528703.6552262,/metrics/dbscan/back/processing_ms,std_msgs/msg/Float32,49.75022506713867
1774528703.6938798,/metrics/dbscan/right/detections_count,std_msgs/msg/Int32,10
1774528703.6940029,/metrics/dbscan/right/points_in,std_msgs/msg/Int32,7402
1774528703.694068,/metrics/dbscan/right/processing_ms,std_msgs/msg/Float32,63.59526824951172
1774528703.716524,/metrics/dbscan/front/detections_count,std_msgs/msg/Int32,11
1774528703.7166297,/metrics/dbscan/front/points_in,std_msgs/msg/Int32,7124
1774528703.716684,/metrics/dbscan/front/processing_ms,std_msgs/msg/Float32,60.878299713134766
1774528703.7260053,/metrics/dbscan/left/detections_count,std_msgs/msg/Int32,11
1774528703.7261124,/metrics/dbscan/left/points_in,std_msgs/msg/Int32,7948
1774528703.7261813,/metrics/dbscan/left/processing_ms,std_msgs/msg/Float32,71.59900665283203
1774528703.7611253,/metrics/dbscan/back/detections_count,std_msgs/msg/Int32,10
1774528703.7612486,/metrics/dbscan/back/points_in,std_msgs/msg/Int32,4132
1774528703.761337,/metrics/dbscan/back/processing_ms,std_msgs/msg/Float32,54.821041107177734
1774528703.8007288,/metrics/dbscan/right/detections_count,std_msgs/msg/Int32,9
1774528703.8008425,/metrics/dbscan/right/points_in,std_msgs/msg/Int32,7400
1774528703.8009052,/metrics/dbscan/right/processing_ms,std_msgs/msg/Float32,69.58535766601562
1774528703.815494,/metrics/dbscan/front/detections_count,std_msgs/msg/Int32,12
1774528703.8156106,/metrics/dbscan/front/points_in,std_msgs/msg/Int32,7143
1774528703.815676,/metrics/dbscan/front/processing_ms,std_msgs/msg/Float32,60.24560546875
1774528703.817753,/metrics/dbscan/left/detections_count,std_msgs/msg/Int32,11
1774528703.817813,/metrics/dbscan/left/processing_ms,std_msgs/msg/Float32,67.56585693359375
1774528703.8180735,/metrics/dbscan/left/points_in,std_msgs/msg/Int32,8165
1774528703.8565745,/metrics/dbscan/back/detections_count,std_msgs/msg/Int32,10
1774528703.8566842,/metrics/dbscan/back/points_in,std_msgs/msg/Int32,4121
1774528703.8567498,/metrics/dbscan/back/processing_ms,std_msgs/msg/Float32,49.266014099121094
1774528703.8959036,/metrics/dbscan/right/detections_count,std_msgs/msg/Int32,10
1774528703.896023,/metrics/dbscan/right/points_in,std_msgs/msg/Int32,7393
1774528703.8960874,/metrics/dbscan/right/processing_ms,std_msgs/msg/Float32,63.97871780395508
1774528703.9170153,/metrics/dbscan/left/detections_count,std_msgs/msg/Int32,11
1774528703.917139,/metrics/dbscan/left/points_in,std_msgs/msg/Int32,8422
1774528703.9172025,/metrics/dbscan/left/processing_ms,std_msgs/msg/Float32,66.03610229492188
1774528703.918042,/metrics/dbscan/front/detections_count,std_msgs/msg/Int32,13
1774528703.9181147,/metrics/dbscan/front/points_in,std_msgs/msg/Int32,7164
1774528703.9221709,/metrics/dbscan/front/processing_ms,std_msgs/msg/Float32,62.017337799072266
1774528703.9606972,/metrics/dbscan/back/detections_count,std_msgs/msg/Int32,9
1774528703.960811,/metrics/dbscan/back/points_in,std_msgs/msg/Int32,4135
1774528703.960876,/metrics/dbscan/back/processing_ms,std_msgs/msg/Float32,52.48731231689453
1774528704.0078228,/metrics/dbscan/right/detections_count,std_msgs/msg/Int32,10
1774528704.0079677,/metrics/dbscan/right/points_in,std_msgs/msg/Int32,7343
1774528704.0080569,/metrics/dbscan/right/processing_ms,std_msgs/msg/Float32,73.63561248779297
1774528704.0175831,/metrics/dbscan/front/detections_count,std_msgs/msg/Int32,11
1774528704.0177057,/metrics/dbscan/front/points_in,std_msgs/msg/Int32,7210
1774528704.0177944,/metrics/dbscan/front/processing_ms,std_msgs/msg/Float32,60.320068359375
1774528704.0226803,/metrics/dbscan/left/detections_count,std_msgs/msg/Int32,12
1774528704.022777,/metrics/dbscan/left/points_in,std_msgs/msg/Int32,8720
1774528704.0228455,/metrics/dbscan/left/processing_ms,std_msgs/msg/Float32,70.3011245727539
1774528704.065351,/metrics/dbscan/back/detections_count,std_msgs/msg/Int32,10
1774528704.0654745,/metrics/dbscan/back/points_in,std_msgs/msg/Int32,4108
1774528704.0655417,/metrics/dbscan/back/processing_ms,std_msgs/msg/Float32,56.55754470825195
1774528704.1003702,/metrics/dbscan/right/detections_count,std_msgs/msg/Int32,10
1774528704.100486,/metrics/dbscan/right/points_in,std_msgs/msg/Int32,7218
1774528704.1005511,/metrics/dbscan/right/processing_ms,std_msgs/msg/Float32,67.28218841552734
1774528704.1222208,/metrics/dbscan/front/detections_count,std_msgs/msg/Int32,11
1774528704.122355,/metrics/dbscan/front/points_in,std_msgs/msg/Int32,7302
1774528704.1224241,/metrics/dbscan/front/processing_ms,std_msgs/msg/Float32,64.69187927246094
1774528704.1224852,/metrics/dbscan/left/detections_count,std_msgs/msg/Int32,12
1774528704.1225417,/metrics/dbscan/left/points_in,std_msgs/msg/Int32,8925
1774528704.122596,/metrics/dbscan/left/processing_ms,std_msgs/msg/Float32,68.95282745361328
1774528704.1629164,/metrics/dbscan/back/detections_count,std_msgs/msg/Int32,10
1774528704.1630597,/metrics/dbscan/back/points_in,std_msgs/msg/Int32,4115
1774528704.163136,/metrics/dbscan/back/processing_ms,std_msgs/msg/Float32,53.0064582824707
1774528704.2056043,/metrics/dbscan/right/detections_count,std_msgs/msg/Int32,10
1774528704.2057073,/metrics/dbscan/right/points_in,std_msgs/msg/Int32,7082
1774528704.2057605,/metrics/dbscan/right/processing_ms,std_msgs/msg/Float32,71.85159301757812
1774528704.2151725,/metrics/dbscan/front/detections_count,std_msgs/msg/Int32,12
1774528704.2152674,/metrics/dbscan/front/processing_ms,std_msgs/msg/Float32,61.26156997680664
1774528704.2155883,/metrics/dbscan/front/points_in,std_msgs/msg/Int32,7564
1774528704.231422,/metrics/dbscan/left/detections_count,std_msgs/msg/Int32,12
1774528704.231534,/metrics/dbscan/left/points_in,std_msgs/msg/Int32,9101
1774528704.231587,/metrics/dbscan/left/processing_ms,std_msgs/msg/Float32,77.69901275634766
1774528704.254835,/metrics/dbscan/back/detections_count,std_msgs/msg/Int32,9
1774528704.2549582,/metrics/dbscan/back/points_in,std_msgs/msg/Int32,4112
1774528704.255035,/metrics/dbscan/back/processing_ms,std_msgs/msg/Float32,49.21135330200195
1774528704.3041284,/metrics/dbscan/right/detections_count,std_msgs/msg/Int32,10
1774528704.3042555,/metrics/dbscan/right/points_in,std_msgs/msg/Int32,6993
1774528704.3043416,/metrics/dbscan/right/processing_ms,std_msgs/msg/Float32,73.7243881225586
1774528704.3183455,/metrics/dbscan/front/detections_count,std_msgs/msg/Int32,12
1774528704.3184652,/metrics/dbscan/front/points_in,std_msgs/msg/Int32,7721
1774528704.3185306,/metrics/dbscan/front/processing_ms,std_msgs/msg/Float32,62.2220458984375
1774528704.3283556,/metrics/dbscan/left/detections_count,std_msgs/msg/Int32,13
1774528704.328465,/metrics/dbscan/left/points_in,std_msgs/msg/Int32,9177
1774528704.3285284,/metrics/dbscan/left/processing_ms,std_msgs/msg/Float32,77.98747253417969
1774528704.3579264,/metrics/dbscan/back/detections_count,std_msgs/msg/Int32,11
1774528704.3580613,/metrics/dbscan/back/points_in,std_msgs/msg/Int32,4123
1774528704.358148,/metrics/dbscan/back/processing_ms,std_msgs/msg/Float32,51.630611419677734
1774528704.399699,/metrics/dbscan/right/detections_count,std_msgs/msg/Int32,9
1774528704.399819,/metrics/dbscan/right/points_in,std_msgs/msg/Int32,6959
1774528704.3998857,/metrics/dbscan/right/processing_ms,std_msgs/msg/Float32,67.3622055053711
1774528704.4186945,/metrics/dbscan/front/detections_count,std_msgs/msg/Int32,12
1774528704.4188523,/metrics/dbscan/front/points_in,std_msgs/msg/Int32,7786
1774528704.4189239,/metrics/dbscan/front/processing_ms,std_msgs/msg/Float32,61.72272491455078
1774528704.4253402,/metrics/dbscan/left/detections_count,std_msgs/msg/Int32,12
1774528704.4254367,/metrics/dbscan/left/points_in,std_msgs/msg/Int32,9173
1774528704.425499,/metrics/dbscan/left/processing_ms,std_msgs/msg/Float32,73.70453643798828
1774528704.4558554,/metrics/dbscan/back/detections_count,std_msgs/msg/Int32,10
1774528704.4559507,/metrics/dbscan/back/points_in,std_msgs/msg/Int32,4117
1774528704.4560049,/metrics/dbscan/back/processing_ms,std_msgs/msg/Float32,49.35030746459961
1774528704.4967992,/metrics/dbscan/right/detections_count,std_msgs/msg/Int32,9
1774528704.496941,/metrics/dbscan/right/points_in,std_msgs/msg/Int32,6902
1774528704.4970212,/metrics/dbscan/right/processing_ms,std_msgs/msg/Float32,64.45785522460938
1774528704.5223444,/metrics/dbscan/left/detections_count,std_msgs/msg/Int32,11
1774528704.5224562,/metrics/dbscan/left/points_in,std_msgs/msg/Int32,9116
1774528704.5225213,/metrics/dbscan/left/processing_ms,std_msgs/msg/Float32,69.26924896240234
1774528704.5230706,/metrics/dbscan/front/detections_count,std_msgs/msg/Int32,12
1774528704.523136,/metrics/dbscan/front/points_in,std_msgs/msg/Int32,7572
1774528704.5231903,/metrics/dbscan/front/processing_ms,std_msgs/msg/Float32,64.94812774658203
1774528704.56173,/metrics/dbscan/back/detections_count,std_msgs/msg/Int32,10
1774528704.5618427,/metrics/dbscan/back/points_in,std_msgs/msg/Int32,4117
1774528704.5619087,/metrics/dbscan/back/processing_ms,std_msgs/msg/Float32,53.53717803955078
1774528704.5960839,/metrics/dbscan/right/detections_count,std_msgs/msg/Int32,10
1774528704.5961998,/metrics/dbscan/right/points_in,std_msgs/msg/Int32,6844
1774528704.596263,/metrics/dbscan/right/processing_ms,std_msgs/msg/Float32,62.99652862548828
1774528704.619418,/metrics/dbscan/front/detections_count,std_msgs/msg/Int32,12
1774528704.6195228,/metrics/dbscan/front/points_in,std_msgs/msg/Int32,7222
1774528704.619584,/metrics/dbscan/front/processing_ms,std_msgs/msg/Float32,61.748897552490234
1774528704.621297,/metrics/dbscan/left/detections_count,std_msgs/msg/Int32,11
1774528704.6213562,/metrics/dbscan/left/points_in,std_msgs/msg/Int32,9004
1774528704.621401,/metrics/dbscan/left/processing_ms,std_msgs/msg/Float32,68.5815200805664
1774528704.6603181,/metrics/dbscan/back/detections_count,std_msgs/msg/Int32,10
1774528704.6604226,/metrics/dbscan/back/points_in,std_msgs/msg/Int32,4108
1774528704.6604831,/metrics/dbscan/back/processing_ms,std_msgs/msg/Float32,50.42335510253906
1774528704.6964107,/metrics/dbscan/right/detections_count,std_msgs/msg/Int32,10
1774528704.6965384,/metrics/dbscan/right/points_in,std_msgs/msg/Int32,6817
1774528704.6966105,/metrics/dbscan/right/processing_ms,std_msgs/msg/Float32,62.29840087890625
1774528704.717735,/metrics/dbscan/front/detections_count,std_msgs/msg/Int32,12
1774528704.71785,/metrics/dbscan/front/points_in,std_msgs/msg/Int32,6833
1774528704.7179136,/metrics/dbscan/front/processing_ms,std_msgs/msg/Float32,61.511043548583984
1774528704.7219615,/metrics/dbscan/left/detections_count,std_msgs/msg/Int32,12
1774528704.722037,/metrics/dbscan/left/processing_ms,std_msgs/msg/Float32,67.84175109863281
1774528704.7223577,/metrics/dbscan/left/points_in,std_msgs/msg/Int32,8724
1774528704.7570128,/metrics/dbscan/back/detections_count,std_msgs/msg/Int32,10
1774528704.7571254,/metrics/dbscan/back/points_in,std_msgs/msg/Int32,4125
1774528704.7571888,/metrics/dbscan/back/processing_ms,std_msgs/msg/Float32,50.699493408203125
1774528704.7980537,/metrics/dbscan/right/detections_count,std_msgs/msg/Int32,9
1774528704.7982,/metrics/dbscan/right/points_in,std_msgs/msg/Int32,6810
1774528704.7982612,/metrics/dbscan/right/processing_ms,std_msgs/msg/Float32,63.159568786621094
1774528704.8121908,/metrics/dbscan/front/detections_count,std_msgs/msg/Int32,13
1774528704.8123085,/metrics/dbscan/front/points_in,std_msgs/msg/Int32,6645
1774528704.8123977,/metrics/dbscan/front/processing_ms,std_msgs/msg/Float32,57.16718292236328
1774528704.8202953,/metrics/dbscan/left/detections_count,std_msgs/msg/Int32,12
1774528704.8204002,/metrics/dbscan/left/points_in,std_msgs/msg/Int32,8598
1774528704.8204827,/metrics/dbscan/left/processing_ms,std_msgs/msg/Float32,69.49474334716797
1774528704.856226,/metrics/dbscan/back/detections_count,std_msgs/msg/Int32,10
1774528704.8563597,/metrics/dbscan/back/points_in,std_msgs/msg/Int32,4109
1774528704.8564274,/metrics/dbscan/back/processing_ms,std_msgs/msg/Float32,49.91279602050781
1774528704.8983903,/metrics/dbscan/right/detections_count,std_msgs/msg/Int32,10
1774528704.8985057,/metrics/dbscan/right/points_in,std_msgs/msg/Int32,6830
1774528704.8985724,/metrics/dbscan/right/processing_ms,std_msgs/msg/Float32,65.74630737304688
1774528704.9146123,/metrics/dbscan/front/detections_count,std_msgs/msg/Int32,14
1774528704.9147165,/metrics/dbscan/front/points_in,std_msgs/msg/Int32,6593
1774528704.914778,/metrics/dbscan/front/processing_ms,std_msgs/msg/Float32,58.65987014770508
1774528704.9203646,/metrics/dbscan/left/detections_count,std_msgs/msg/Int32,12
1774528704.9204535,/metrics/dbscan/left/points_in,std_msgs/msg/Int32,8585
1774528704.9205163,/metrics/dbscan/left/processing_ms,std_msgs/msg/Float32,68.9812240600586
1774528704.9543161,/metrics/dbscan/back/detections_count,std_msgs/msg/Int32,11
1774528704.9544299,/metrics/dbscan/back/points_in,std_msgs/msg/Int32,4126
1774528704.9544957,/metrics/dbscan/back/processing_ms,std_msgs/msg/Float32,48.20919418334961
1774528704.9968057,/metrics/dbscan/right/detections_count,std_msgs/msg/Int32,10
1774528704.9969301,/metrics/dbscan/right/points_in,std_msgs/msg/Int32,6873
1774528704.9969993,/metrics/dbscan/right/processing_ms,std_msgs/msg/Float32,64.41171264648438
1774528705.0167847,/metrics/dbscan/front/detections_count,std_msgs/msg/Int32,13
1774528705.016894,/metrics/dbscan/front/points_in,std_msgs/msg/Int32,6720
1774528705.0169628,/metrics/dbscan/front/processing_ms,std_msgs/msg/Float32,60.19987106323242
1774528705.0201845,/metrics/dbscan/left/detections_count,std_msgs/msg/Int32,11
1774528705.020258,/metrics/dbscan/left/points_in,std_msgs/msg/Int32,8678
1774528705.0203238,/metrics/dbscan/left/processing_ms,std_msgs/msg/Float32,68.14209747314453
1774528705.0553257,/metrics/dbscan/back/detections_count,std_msgs/msg/Int32,10
1774528705.0554945,/metrics/dbscan/back/points_in,std_msgs/msg/Int32,4126
1774528705.05561,/metrics/dbscan/back/processing_ms,std_msgs/msg/Float32,48.08127212524414
1774528705.1008549,/metrics/dbscan/right/detections_count,std_msgs/msg/Int32,11
1774528705.1010144,/metrics/dbscan/right/points_in,std_msgs/msg/Int32,6963
1774528705.1011174,/metrics/dbscan/right/processing_ms,std_msgs/msg/Float32,68.00736999511719
1774528705.1295724,/metrics/dbscan/front/detections_count,std_msgs/msg/Int32,12
1774528705.1297004,/metrics/dbscan/front/points_in,std_msgs/msg/Int32,6822
1774528705.1297743,/metrics/dbscan/front/processing_ms,std_msgs/msg/Float32,71.86270904541016
1774528705.1353588,/metrics/dbscan/left/detections_count,std_msgs/msg/Int32,11
1774528705.1354358,/metrics/dbscan/left/points_in,std_msgs/msg/Int32,8790
1774528705.1354985,/metrics/dbscan/left/processing_ms,std_msgs/msg/Float32,82.05553436279297
1774528705.157631,/metrics/dbscan/back/detections_count,std_msgs/msg/Int32,10
1774528705.157766,/metrics/dbscan/back/points_in,std_msgs/msg/Int32,4127
1774528705.1578515,/metrics/dbscan/back/processing_ms,std_msgs/msg/Float32,50.045799255371094
1774528705.1990016,/metrics/dbscan/right/detections_count,std_msgs/msg/Int32,10
1774528705.199118,/metrics/dbscan/right/points_in,std_msgs/msg/Int32,7077
1774528705.1991835,/metrics/dbscan/right/processing_ms,std_msgs/msg/Float32,64.46524047851562
1774528705.2132037,/metrics/dbscan/front/detections_count,std_msgs/msg/Int32,12
1774528705.2133381,/metrics/dbscan/front/points_in,std_msgs/msg/Int32,6826
1774528705.2134101,/metrics/dbscan/front/processing_ms,std_msgs/msg/Float32,58.34906005859375
1774528705.2270892,/metrics/dbscan/left/detections_count,std_msgs/msg/Int32,11
1774528705.2272015,/metrics/dbscan/left/points_in,std_msgs/msg/Int32,8839
1774528705.2272873,/metrics/dbscan/left/processing_ms,std_msgs/msg/Float32,72.02730560302734
1774528705.2603152,/metrics/dbscan/back/detections_count,std_msgs/msg/Int32,10
1774528705.2604475,/metrics/dbscan/back/points_in,std_msgs/msg/Int32,4162
1774528705.2605317,/metrics/dbscan/back/processing_ms,std_msgs/msg/Float32,51.89706039428711
1774528705.2978876,/metrics/dbscan/right/detections_count,std_msgs/msg/Int32,9
1774528705.2980037,/metrics/dbscan/right/points_in,std_msgs/msg/Int32,7064
1774528705.2980685,/metrics/dbscan/right/processing_ms,std_msgs/msg/Float32,63.6984748840332
1774528705.3167944,/metrics/dbscan/front/detections_count,std_msgs/msg/Int32,14
1774528705.3169496,/metrics/dbscan/front/points_in,std_msgs/msg/Int32,6633
1774528705.3170536,/metrics/dbscan/front/processing_ms,std_msgs/msg/Float32,60.86424255371094
1774528705.3216686,/metrics/dbscan/left/detections_count,std_msgs/msg/Int32,12
1774528705.3217525,/metrics/dbscan/left/points_in,std_msgs/msg/Int32,8759
1774528705.3218186,/metrics/dbscan/left/processing_ms,std_msgs/msg/Float32,69.98160552978516
1774528705.354292,/metrics/dbscan/back/detections_count,std_msgs/msg/Int32,11
1774528705.3543997,/metrics/dbscan/back/points_in,std_msgs/msg/Int32,4301
1774528705.3544648,/metrics/dbscan/back/processing_ms,std_msgs/msg/Float32,49.220027923583984
1774528705.3935237,/metrics/dbscan/right/detections_count,std_msgs/msg/Int32,10
1774528705.3936718,/metrics/dbscan/right/points_in,std_msgs/msg/Int32,6951
1774528705.3937557,/metrics/dbscan/right/processing_ms,std_msgs/msg/Float32,62.82286834716797
1774528705.4152603,/metrics/dbscan/front/detections_count,std_msgs/msg/Int32,14
1774528705.4153962,/metrics/dbscan/front/points_in,std_msgs/msg/Int32,6503
1774528705.4154627,/metrics/dbscan/front/processing_ms,std_msgs/msg/Float32,59.54529571533203
1774528705.4210927,/metrics/dbscan/left/detections_count,std_msgs/msg/Int32,12
1774528705.4211836,/metrics/dbscan/left/points_in,std_msgs/msg/Int32,8642
1774528705.4212437,/metrics/dbscan/left/processing_ms,std_msgs/msg/Float32,69.62461853027344
1774528705.456741,/metrics/dbscan/back/detections_count,std_msgs/msg/Int32,11
1774528705.4568515,/metrics/dbscan/back/points_in,std_msgs/msg/Int32,4475
1774528705.4569156,/metrics/dbscan/back/processing_ms,std_msgs/msg/Float32,50.912986755371094
1774528705.4945898,/metrics/dbscan/right/detections_count,std_msgs/msg/Int32,9
1774528705.4947135,/metrics/dbscan/right/points_in,std_msgs/msg/Int32,6948
1774528705.4947803,/metrics/dbscan/right/processing_ms,std_msgs/msg/Float32,63.60843276977539
1774528705.5149581,/metrics/dbscan/front/detections_count,std_msgs/msg/Int32,12
1774528705.515067,/metrics/dbscan/front/points_in,std_msgs/msg/Int32,6418
1774528705.5151296,/metrics/dbscan/front/processing_ms,std_msgs/msg/Float32,58.390499114990234
1774528705.5197139,/metrics/dbscan/left/detections_count,std_msgs/msg/Int32,12
1774528705.51979,/metrics/dbscan/left/points_in,std_msgs/msg/Int32,8610
1774528705.5198524,/metrics/dbscan/left/processing_ms,std_msgs/msg/Float32,67.54122924804688
1774528705.556375,/metrics/dbscan/back/detections_count,std_msgs/msg/Int32,11
1774528705.556479,/metrics/dbscan/back/points_in,std_msgs/msg/Int32,4629
1774528705.5565395,/metrics/dbscan/back/processing_ms,std_msgs/msg/Float32,49.05470275878906
1774528705.5983922,/metrics/dbscan/right/detections_count,std_msgs/msg/Int32,10
1774528705.5985475,/metrics/dbscan/right/points_in,std_msgs/msg/Int32,6953
1774528705.598681,/metrics/dbscan/right/processing_ms,std_msgs/msg/Float32,65.91034698486328
1774528705.6173494,/metrics/dbscan/front/detections_count,std_msgs/msg/Int32,12
1774528705.617461,/metrics/dbscan/front/points_in,std_msgs/msg/Int32,6419
1774528705.617528,/metrics/dbscan/front/processing_ms,std_msgs/msg/Float32,59.599098205566406
1774528705.6230695,/metrics/dbscan/left/detections_count,std_msgs/msg/Int32,13
1774528705.6231604,/metrics/dbscan/left/points_in,std_msgs/msg/Int32,8645
1774528705.623223,/metrics/dbscan/left/processing_ms,std_msgs/msg/Float32,69.68798828125
1774528705.6558883,/metrics/dbscan/back/detections_count,std_msgs/msg/Int32,10
1774528705.6560016,/metrics/dbscan/back/points_in,std_msgs/msg/Int32,4765
1774528705.6560655,/metrics/dbscan/back/processing_ms,std_msgs/msg/Float32,48.90557098388672
1774528705.6971097,/metrics/dbscan/right/detections_count,std_msgs/msg/Int32,10
1774528705.697231,/metrics/dbscan/right/points_in,std_msgs/msg/Int32,6914
1774528705.6973124,/metrics/dbscan/right/processing_ms,std_msgs/msg/Float32,64.17765808105469
1774528705.7128415,/metrics/dbscan/front/detections_count,std_msgs/msg/Int32,12
1774528705.71296,/metrics/dbscan/front/points_in,std_msgs/msg/Int32,6309
1774528705.713022,/metrics/dbscan/front/processing_ms,std_msgs/msg/Float32,59.35476303100586
1774528705.7182374,/metrics/dbscan/left/detections_count,std_msgs/msg/Int32,12
1774528705.7183466,/metrics/dbscan/left/points_in,std_msgs/msg/Int32,8553
1774528705.71841,/metrics/dbscan/left/processing_ms,std_msgs/msg/Float32,68.49569702148438
1774528705.7582088,/metrics/dbscan/back/detections_count,std_msgs/msg/Int32,11
1774528705.7583444,/metrics/dbscan/back/points_in,std_msgs/msg/Int32,4822
1774528705.7584202,/metrics/dbscan/back/processing_ms,std_msgs/msg/Float32,49.78652572631836
1774528705.7981448,/metrics/dbscan/right/detections_count,std_msgs/msg/Int32,10
1774528705.7982588,/metrics/dbscan/right/points_in,std_msgs/msg/Int32,6783
1774528705.7983303,/metrics/dbscan/right/processing_ms,std_msgs/msg/Float32,64.12130737304688
1774528705.8136024,/metrics/dbscan/front/detections_count,std_msgs/msg/Int32,13
1774528705.8137174,/metrics/dbscan/front/points_in,std_msgs/msg/Int32,6113
1774528705.8137794,/metrics/dbscan/front/processing_ms,std_msgs/msg/Float32,58.884830474853516
1774528705.8186848,/metrics/dbscan/left/detections_count,std_msgs/msg/Int32,12
1774528705.8187737,/metrics/dbscan/left/points_in,std_msgs/msg/Int32,8360
1774528705.8188424,/metrics/dbscan/left/processing_ms,std_msgs/msg/Float32,68.13922119140625
1774528705.8591378,/metrics/dbscan/back/detections_count,std_msgs/msg/Int32,11
1774528705.8592663,/metrics/dbscan/back/points_in,std_msgs/msg/Int32,4851
1774528705.8593552,/metrics/dbscan/back/processing_ms,std_msgs/msg/Float32,50.18569564819336
1774528705.8975573,/metrics/dbscan/right/detections_count,std_msgs/msg/Int32,10
1774528705.8976867,/metrics/dbscan/right/points_in,std_msgs/msg/Int32,6641
1774528705.8977532,/metrics/dbscan/right/processing_ms,std_msgs/msg/Float32,63.36537170410156
1774528705.9175384,/metrics/dbscan/front/detections_count,std_msgs/msg/Int32,13
1774528705.9176414,/metrics/dbscan/front/points_in,std_msgs/msg/Int32,6033
1774528705.9176967,/metrics/dbscan/front/processing_ms,std_msgs/msg/Float32,61.70233917236328
1774528705.9270766,/metrics/dbscan/left/detections_count,std_msgs/msg/Int32,13
1774528705.92719,/metrics/dbscan/left/points_in,std_msgs/msg/Int32,8265
1774528705.927256,/metrics/dbscan/left/processing_ms,std_msgs/msg/Float32,75.0999984741211
1774528705.9594057,/metrics/dbscan/back/detections_count,std_msgs/msg/Int32,11
1774528705.9595153,/metrics/dbscan/back/points_in,std_msgs/msg/Int32,4898
1774528705.95958,/metrics/dbscan/back/processing_ms,std_msgs/msg/Float32,54.592185974121094
1774528705.9947374,/metrics/dbscan/right/detections_count,std_msgs/msg/Int32,10
1774528705.9948628,/metrics/dbscan/right/points_in,std_msgs/msg/Int32,6660
1774528705.9949312,/metrics/dbscan/right/processing_ms,std_msgs/msg/Float32,62.78824234008789
1774528706.0143027,/metrics/dbscan/front/detections_count,std_msgs/msg/Int32,14
1774528706.0144148,/metrics/dbscan/front/points_in,std_msgs/msg/Int32,6040
1774528706.0144718,/metrics/dbscan/front/processing_ms,std_msgs/msg/Float32,57.134220123291016
1774528706.0217786,/metrics/dbscan/left/detections_count,std_msgs/msg/Int32,12
1774528706.0218744,/metrics/dbscan/left/points_in,std_msgs/msg/Int32,8292
1774528706.021927,/metrics/dbscan/left/processing_ms,std_msgs/msg/Float32,69.41645050048828
1774528706.05554,/metrics/dbscan/back/detections_count,std_msgs/msg/Int32,11
1774528706.0556507,/metrics/dbscan/back/points_in,std_msgs/msg/Int32,4918
1774528706.0557284,/metrics/dbscan/back/processing_ms,std_msgs/msg/Float32,49.7097282409668
1774528706.0939744,/metrics/dbscan/right/detections_count,std_msgs/msg/Int32,9
1774528706.0941281,/metrics/dbscan/right/points_in,std_msgs/msg/Int32,6695
1774528706.0942485,/metrics/dbscan/right/processing_ms,std_msgs/msg/Float32,62.22602462768555
1774528706.1207368,/metrics/dbscan/front/detections_count,std_msgs/msg/Int32,14
1774528706.1208584,/metrics/dbscan/front/points_in,std_msgs/msg/Int32,6186
1774528706.1209233,/metrics/dbscan/front/processing_ms,std_msgs/msg/Float32,62.22687530517578
1774528706.124037,/metrics/dbscan/left/detections_count,std_msgs/msg/Int32,13
1774528706.1241193,/metrics/dbscan/left/points_in,std_msgs/msg/Int32,8360
1774528706.1241844,/metrics/dbscan/left/processing_ms,std_msgs/msg/Float32,69.7940902709961
1774528706.162997,/metrics/dbscan/back/detections_count,std_msgs/msg/Int32,12
1774528706.1631076,/metrics/dbscan/back/points_in,std_msgs/msg/Int32,4951
1774528706.1631792,/metrics/dbscan/back/processing_ms,std_msgs/msg/Float32,56.725833892822266
1774528706.2040367,/metrics/dbscan/right/detections_count,std_msgs/msg/Int32,10
1774528706.2041605,/metrics/dbscan/right/points_in,std_msgs/msg/Int32,6745
1774528706.2042255,/metrics/dbscan/right/processing_ms,std_msgs/msg/Float32,71.73445129394531
1774528706.2113597,/metrics/dbscan/front/detections_count,std_msgs/msg/Int32,13
1774528706.21148,/metrics/dbscan/front/points_in,std_msgs/msg/Int32,6198
1774528706.2115548,/metrics/dbscan/front/processing_ms,std_msgs/msg/Float32,57.98508834838867
1774528706.2179942,/metrics/dbscan/left/detections_count,std_msgs/msg/Int32,12
1774528706.218073,/metrics/dbscan/left/points_in,std_msgs/msg/Int32,8349
1774528706.2181454,/metrics/dbscan/left/processing_ms,std_msgs/msg/Float32,67.84640502929688
1774528706.2572043,/metrics/dbscan/back/detections_count,std_msgs/msg/Int32,11
1774528706.2573228,/metrics/dbscan/back/points_in,std_msgs/msg/Int32,4981
1774528706.2573905,/metrics/dbscan/back/processing_ms,std_msgs/msg/Float32,49.546199798583984
1774528706.2966447,/metrics/dbscan/right/detections_count,std_msgs/msg/Int32,9
1774528706.2967777,/metrics/dbscan/right/points_in,std_msgs/msg/Int32,6734
1774528706.2968624,/metrics/dbscan/right/processing_ms,std_msgs/msg/Float32,63.690670013427734
1774528706.3148646,/metrics/dbscan/front/detections_count,std_msgs/msg/Int32,14
1774528706.3149965,/metrics/dbscan/front/points_in,std_msgs/msg/Int32,6126
1774528706.3150625,/metrics/dbscan/front/processing_ms,std_msgs/msg/Float32,60.30077362060547
1774528706.3173664,/metrics/dbscan/left/detections_count,std_msgs/msg/Int32,12
1774528706.3174498,/metrics/dbscan/left/processing_ms,std_msgs/msg/Float32,66.74810028076172
1774528706.3176823,/metrics/dbscan/left/points_in,std_msgs/msg/Int32,8322
1774528706.3587031,/metrics/dbscan/back/detections_count,std_msgs/msg/Int32,11
1774528706.3588176,/metrics/dbscan/back/points_in,std_msgs/msg/Int32,5013
1774528706.3588827,/metrics/dbscan/back/processing_ms,std_msgs/msg/Float32,50.21715545654297
1774528706.3963187,/metrics/dbscan/right/detections_count,std_msgs/msg/Int32,10
1774528706.3964355,/metrics/dbscan/right/points_in,std_msgs/msg/Int32,6591
1774528706.3965,/metrics/dbscan/right/processing_ms,std_msgs/msg/Float32,62.81565475463867
1774528706.412812,/metrics/dbscan/front/detections_count,std_msgs/msg/Int32,14
1774528706.4129272,/metrics/dbscan/front/points_in,std_msgs/msg/Int32,5956
1774528706.412992,/metrics/dbscan/front/processing_ms,std_msgs/msg/Float32,57.468284606933594
1774528706.418074,/metrics/dbscan/left/detections_count,std_msgs/msg/Int32,12
1774528706.4181597,/metrics/dbscan/left/points_in,std_msgs/msg/Int32,8160
1774528706.4182208,/metrics/dbscan/left/processing_ms,std_msgs/msg/Float32,66.82766723632812
1774528706.4610248,/metrics/dbscan/back/detections_count,std_msgs/msg/Int32,11
1774528706.4611397,/metrics/dbscan/back/points_in,std_msgs/msg/Int32,4961
1774528706.4612186,/metrics/dbscan/back/processing_ms,std_msgs/msg/Float32,51.47807312011719
1774528706.5087159,/metrics/dbscan/right/detections_count,std_msgs/msg/Int32,10
1774528706.5088305,/metrics/dbscan/right/points_in,std_msgs/msg/Int32,6512
1774528706.5088947,/metrics/dbscan/right/processing_ms,std_msgs/msg/Float32,74.1678695678711
1774528706.5193253,/metrics/dbscan/left/detections_count,std_msgs/msg/Int32,12
1774528706.5194364,/metrics/dbscan/left/points_in,std_msgs/msg/Int32,8053
1774528706.519499,/metrics/dbscan/left/processing_ms,std_msgs/msg/Float32,66.86490631103516
1774528706.5227754,/metrics/dbscan/front/detections_count,std_msgs/msg/Int32,13
1774528706.5228736,/metrics/dbscan/front/points_in,std_msgs/msg/Int32,5884
1774528706.5229363,/metrics/dbscan/front/processing_ms,std_msgs/msg/Float32,65.99663543701172
1774528706.555997,/metrics/dbscan/back/detections_count,std_msgs/msg/Int32,11
1774528706.5561616,/metrics/dbscan/back/points_in,std_msgs/msg/Int32,4971
1774528706.5562263,/metrics/dbscan/back/processing_ms,std_msgs/msg/Float32,50.0637321472168
1774528706.5989375,/metrics/dbscan/right/detections_count,std_msgs/msg/Int32,10
1774528706.5990934,/metrics/dbscan/right/points_in,std_msgs/msg/Int32,6519
1774528706.5991998,/metrics/dbscan/right/processing_ms,std_msgs/msg/Float32,66.76331329345703
1774528706.6164696,/metrics/dbscan/front/detections_count,std_msgs/msg/Int32,12
1774528706.6165817,/metrics/dbscan/front/points_in,std_msgs/msg/Int32,5906
1774528706.6166456,/metrics/dbscan/front/processing_ms,std_msgs/msg/Float32,59.48045349121094
1774528706.620834,/metrics/dbscan/left/detections_count,std_msgs/msg/Int32,12
1774528706.6209223,/metrics/dbscan/left/points_in,std_msgs/msg/Int32,8025
1774528706.6209834,/metrics/dbscan/left/processing_ms,std_msgs/msg/Float32,67.57967376708984
1774528706.6583405,/metrics/dbscan/back/detections_count,std_msgs/msg/Int32,12
1774528706.658481,/metrics/dbscan/back/points_in,std_msgs/msg/Int32,4975
1774528706.6585498,/metrics/dbscan/back/processing_ms,std_msgs/msg/Float32,52.28459548950195
1774528706.696738,/metrics/dbscan/right/detections_count,std_msgs/msg/Int32,10
1774528706.6968532,/metrics/dbscan/right/points_in,std_msgs/msg/Int32,6601
1774528706.6969252,/metrics/dbscan/right/processing_ms,std_msgs/msg/Float32,64.41667938232422
1774528706.7110047,/metrics/dbscan/front/detections_count,std_msgs/msg/Int32,12
1774528706.7111018,/metrics/dbscan/front/points_in,std_msgs/msg/Int32,5960
1774528706.7111628,/metrics/dbscan/front/processing_ms,std_msgs/msg/Float32,57.763126373291016
1774528706.7174716,/metrics/dbscan/left/detections_count,std_msgs/msg/Int32,13
1774528706.717597,/metrics/dbscan/left/processing_ms,std_msgs/msg/Float32,67.34523010253906
1774528706.7179232,/metrics/dbscan/left/points_in,std_msgs/msg/Int32,8045
1774528706.7570865,/metrics/dbscan/back/detections_count,std_msgs/msg/Int32,11
1774528706.7572129,/metrics/dbscan/back/points_in,std_msgs/msg/Int32,5012
1774528706.7573545,/metrics/dbscan/back/processing_ms,std_msgs/msg/Float32,50.258644104003906
1774528706.7965164,/metrics/dbscan/right/detections_count,std_msgs/msg/Int32,9
1774528706.7966342,/metrics/dbscan/right/points_in,std_msgs/msg/Int32,6621
1774528706.7967095,/metrics/dbscan/right/processing_ms,std_msgs/msg/Float32,62.70564651489258
1774528706.8120534,/metrics/dbscan/front/detections_count,std_msgs/msg/Int32,12
1774528706.812158,/metrics/dbscan/front/points_in,std_msgs/msg/Int32,5943
1774528706.8122241,/metrics/dbscan/front/processing_ms,std_msgs/msg/Float32,57.53612518310547
1774528706.8172054,/metrics/dbscan/left/detections_count,std_msgs/msg/Int32,12
1774528706.8173473,/metrics/dbscan/left/points_in,std_msgs/msg/Int32,7985
1774528706.817421,/metrics/dbscan/left/processing_ms,std_msgs/msg/Float32,66.4111557006836
1774528706.8577065,/metrics/dbscan/back/detections_count,std_msgs/msg/Int32,11
1774528706.8578174,/metrics/dbscan/back/points_in,std_msgs/msg/Int32,5018
1774528706.8578813,/metrics/dbscan/back/processing_ms,std_msgs/msg/Float32,50.89552688598633
1774528706.896534,/metrics/dbscan/right/detections_count,std_msgs/msg/Int32,9
1774528706.896651,/metrics/dbscan/right/points_in,std_msgs/msg/Int32,6570
1774528706.8967042,/metrics/dbscan/right/processing_ms,std_msgs/msg/Float32,63.08342361450195
1774528706.9148543,/metrics/dbscan/front/detections_count,std_msgs/msg/Int32,12
1774528706.9149861,/metrics/dbscan/front/points_in,std_msgs/msg/Int32,5844
1774528706.9150581,/metrics/dbscan/front/processing_ms,std_msgs/msg/Float32,58.39991760253906
1774528706.9203033,/metrics/dbscan/left/detections_count,std_msgs/msg/Int32,13
1774528706.9203832,/metrics/dbscan/left/points_in,std_msgs/msg/Int32,7871
1774528706.9204414,/metrics/dbscan/left/processing_ms,std_msgs/msg/Float32,67.21110534667969
1774528706.9602122,/metrics/dbscan/back/detections_count,std_msgs/msg/Int32,12
1774528706.960337,/metrics/dbscan/back/points_in,std_msgs/msg/Int32,5015
1774528706.960411,/metrics/dbscan/back/processing_ms,std_msgs/msg/Float32,51.870079040527344
1774528706.9989123,/metrics/dbscan/right/detections_count,std_msgs/msg/Int32,10
1774528706.9990249,/metrics/dbscan/right/points_in,std_msgs/msg/Int32,6516
1774528706.9990897,/metrics/dbscan/right/processing_ms,std_msgs/msg/Float32,64.8768081665039
1774528707.0128996,/metrics/dbscan/front/detections_count,std_msgs/msg/Int32,11
1774528707.0130093,/metrics/dbscan/front/points_in,std_msgs/msg/Int32,5826
1774528707.0130742,/metrics/dbscan/front/processing_ms,std_msgs/msg/Float32,56.383541107177734
1774528707.0206413,/metrics/dbscan/left/detections_count,std_msgs/msg/Int32,12
1774528707.020726,/metrics/dbscan/left/points_in,std_msgs/msg/Int32,7791
1774528707.020785,/metrics/dbscan/left/processing_ms,std_msgs/msg/Float32,68.53919219970703
1774528707.0594764,/metrics/dbscan/back/detections_count,std_msgs/msg/Int32,13
1774528707.0595872,/metrics/dbscan/back/points_in,std_msgs/msg/Int32,5023
1774528707.0596519,/metrics/dbscan/back/processing_ms,std_msgs/msg/Float32,50.244998931884766
1774528707.0953023,/metrics/dbscan/right/detections_count,std_msgs/msg/Int32,10
1774528707.0954418,/metrics/dbscan/right/points_in,std_msgs/msg/Int32,6537
1774528707.0955071,/metrics/dbscan/right/processing_ms,std_msgs/msg/Float32,64.71324157714844
1774528707.1129816,/metrics/dbscan/front/detections_count,std_msgs/msg/Int32,12
1774528707.1130903,/metrics/dbscan/front/points_in,std_msgs/msg/Int32,5806
1774528707.113152,/metrics/dbscan/front/processing_ms,std_msgs/msg/Float32,56.07840347290039
1774528707.1197407,/metrics/dbscan/left/detections_count,std_msgs/msg/Int32,12
1774528707.119818,/metrics/dbscan/left/points_in,std_msgs/msg/Int32,7729
1774528707.11989,/metrics/dbscan/left/processing_ms,std_msgs/msg/Float32,66.22834777832031
1774528707.1562006,/metrics/dbscan/back/detections_count,std_msgs/msg/Int32,11
1774528707.1563227,/metrics/dbscan/back/points_in,std_msgs/msg/Int32,5010
1774528707.1563902,/metrics/dbscan/back/processing_ms,std_msgs/msg/Float32,50.48242950439453
1774528707.1973376,/metrics/dbscan/right/detections_count,std_msgs/msg/Int32,9
1774528707.197443,/metrics/dbscan/right/points_in,std_msgs/msg/Int32,6573
1774528707.1975274,/metrics/dbscan/right/processing_ms,std_msgs/msg/Float32,65.97856903076172
1774528707.2093117,/metrics/dbscan/front/detections_count,std_msgs/msg/Int32,12
1774528707.2094147,/metrics/dbscan/front/points_in,std_msgs/msg/Int32,5741
1774528707.209474,/metrics/dbscan/front/processing_ms,std_msgs/msg/Float32,55.932945251464844
1774528707.217944,/metrics/dbscan/left/detections_count,std_msgs/msg/Int32,12
1774528707.2180312,/metrics/dbscan/left/processing_ms,std_msgs/msg/Float32,67.09716796875
1774528707.218352,/metrics/dbscan/left/points_in,std_msgs/msg/Int32,7721
1774528707.2559853,/metrics/dbscan/back/detections_count,std_msgs/msg/Int32,12
1774528707.2560973,/metrics/dbscan/back/points_in,std_msgs/msg/Int32,4957
1774528707.2561612,/metrics/dbscan/back/processing_ms,std_msgs/msg/Float32,49.82725524902344
1774528707.2957666,/metrics/dbscan/right/detections_count,std_msgs/msg/Int32,10
1774528707.2959335,/metrics/dbscan/right/points_in,std_msgs/msg/Int32,6573
1774528707.2960343,/metrics/dbscan/right/processing_ms,std_msgs/msg/Float32,64.14468383789062
1774528707.3097744,/metrics/dbscan/front/detections_count,std_msgs/msg/Int32,13
1774528707.3098714,/metrics/dbscan/front/points_in,std_msgs/msg/Int32,5703
1774528707.3099315,/metrics/dbscan/front/processing_ms,std_msgs/msg/Float32,55.428375244140625
1774528707.3173566,/metrics/dbscan/left/detections_count,std_msgs/msg/Int32,12
1774528707.3174477,/metrics/dbscan/left/points_in,std_msgs/msg/Int32,7704
1774528707.31751,/metrics/dbscan/left/processing_ms,std_msgs/msg/Float32,66.4740219116211
1774528707.357918,/metrics/dbscan/back/detections_count,std_msgs/msg/Int32,12
1774528707.3580413,/metrics/dbscan/back/points_in,std_msgs/msg/Int32,4943
1774528707.3581088,/metrics/dbscan/back/processing_ms,std_msgs/msg/Float32,51.79441452026367
1774528707.3972006,/metrics/dbscan/right/detections_count,std_msgs/msg/Int32,9
1774528707.3973908,/metrics/dbscan/right/points_in,std_msgs/msg/Int32,6518
1774528707.3974903,/metrics/dbscan/right/processing_ms,std_msgs/msg/Float32,65.25054931640625
1774528707.412549,/metrics/dbscan/front/detections_count,std_msgs/msg/Int32,12
1774528707.4126554,/metrics/dbscan/front/points_in,std_msgs/msg/Int32,5724
1774528707.412719,/metrics/dbscan/front/processing_ms,std_msgs/msg/Float32,57.58895492553711
1774528707.418915,/metrics/dbscan/left/detections_count,std_msgs/msg/Int32,12
1774528707.4190025,/metrics/dbscan/left/points_in,std_msgs/msg/Int32,7697
1774528707.419064,/metrics/dbscan/left/processing_ms,std_msgs/msg/Float32,67.80419158935547
1774528707.4590275,/metrics/dbscan/back/detections_count,std_msgs/msg/Int32,11
1774528707.4591737,/metrics/dbscan/back/points_in,std_msgs/msg/Int32,4913
1774528707.4592826,/metrics/dbscan/back/processing_ms,std_msgs/msg/Float32,51.56343460083008
1774528707.4978073,/metrics/dbscan/right/detections_count,std_msgs/msg/Int32,10
1774528707.497946,/metrics/dbscan/right/points_in,std_msgs/msg/Int32,6485
1774528707.498046,/metrics/dbscan/right/processing_ms,std_msgs/msg/Float32,64.60335540771484
1774528707.5134244,/metrics/dbscan/front/detections_count,std_msgs/msg/Int32,12
1774528707.5135243,/metrics/dbscan/front/points_in,std_msgs/msg/Int32,5743
1774528707.5135846,/metrics/dbscan/front/processing_ms,std_msgs/msg/Float32,56.81157684326172
1774528707.5195339,/metrics/dbscan/left/detections_count,std_msgs/msg/Int32,11
1774528707.519652,/metrics/dbscan/left/points_in,std_msgs/msg/Int32,7698
1774528707.5197132,/metrics/dbscan/left/processing_ms,std_msgs/msg/Float32,66.71895599365234
1774528707.558881,/metrics/dbscan/back/detections_count,std_msgs/msg/Int32,12
1774528707.5589852,/metrics/dbscan/back/points_in,std_msgs/msg/Int32,4899
1774528707.5590472,/metrics/dbscan/back/processing_ms,std_msgs/msg/Float32,50.34469985961914
1774528707.5982137,/metrics/dbscan/right/detections_count,std_msgs/msg/Int32,9
1774528707.5983436,/metrics/dbscan/right/points_in,std_msgs/msg/Int32,6425
1774528707.5984135,/metrics/dbscan/right/processing_ms,std_msgs/msg/Float32,62.6955680847168
1774528707.6139092,/metrics/dbscan/front/detections_count,std_msgs/msg/Int32,12
1774528707.6140237,/metrics/dbscan/front/points_in,std_msgs/msg/Int32,5823
1774528707.614087,/metrics/dbscan/front/processing_ms,std_msgs/msg/Float32,56.371559143066406
1774528707.6203778,/metrics/dbscan/left/detections_count,std_msgs/msg/Int32,11
1774528707.6204717,/metrics/dbscan/left/points_in,std_msgs/msg/Int32,7687
1774528707.6205225,/metrics/dbscan/left/processing_ms,std_msgs/msg/Float32,66.86280059814453
1774528707.6594021,/metrics/dbscan/back/detections_count,std_msgs/msg/Int32,11
1774528707.659512,/metrics/dbscan/back/points_in,std_msgs/msg/Int32,4879
1774528707.6595745,/metrics/dbscan/back/processing_ms,std_msgs/msg/Float32,50.60072326660156
1774528707.6943183,/metrics/dbscan/right/detections_count,std_msgs/msg/Int32,9
1774528707.6944327,/metrics/dbscan/right/points_in,std_msgs/msg/Int32,6401
1774528707.6944995,/metrics/dbscan/right/processing_ms,std_msgs/msg/Float32,63.376953125
1774528707.7167552,/metrics/dbscan/front/detections_count,std_msgs/msg/Int32,13
1774528707.7169108,/metrics/dbscan/front/points_in,std_msgs/msg/Int32,5904
1774528707.7169952,/metrics/dbscan/front/processing_ms,std_msgs/msg/Float32,57.638671875
1774528707.7199106,/metrics/dbscan/left/detections_count,std_msgs/msg/Int32,11
1774528707.719986,/metrics/dbscan/left/points_in,std_msgs/msg/Int32,7684
1774528707.7200444,/metrics/dbscan/left/processing_ms,std_msgs/msg/Float32,68.37716674804688
1774528707.756461,/metrics/dbscan/back/detections_count,std_msgs/msg/Int32,12
1774528707.75657,/metrics/dbscan/back/points_in,std_msgs/msg/Int32,4832
1774528707.756636,/metrics/dbscan/back/processing_ms,std_msgs/msg/Float32,50.58208084106445
1774528707.7958174,/metrics/dbscan/right/detections_count,std_msgs/msg/Int32,8
1774528707.7959578,/metrics/dbscan/right/points_in,std_msgs/msg/Int32,6363
1774528707.7960114,/metrics/dbscan/right/processing_ms,std_msgs/msg/Float32,64.09024047851562
1774528707.812088,/metrics/dbscan/front/detections_count,std_msgs/msg/Int32,14
1774528707.8122034,/metrics/dbscan/front/points_in,std_msgs/msg/Int32,5920
1774528707.8122709,/metrics/dbscan/front/processing_ms,std_msgs/msg/Float32,57.84376907348633
1774528707.8186252,/metrics/dbscan/left/detections_count,std_msgs/msg/Int32,11
1774528707.8187175,/metrics/dbscan/left/points_in,std_msgs/msg/Int32,7667
1774528707.8187811,/metrics/dbscan/left/processing_ms,std_msgs/msg/Float32,67.8109130859375
1774528707.8570507,/metrics/dbscan/back/detections_count,std_msgs/msg/Int32,12
1774528707.8571615,/metrics/dbscan/back/points_in,std_msgs/msg/Int32,4825
1774528707.8572254,/metrics/dbscan/back/processing_ms,std_msgs/msg/Float32,50.863624572753906
1774528707.8999007,/metrics/dbscan/right/detections_count,std_msgs/msg/Int32,9
1774528707.9000168,/metrics/dbscan/right/points_in,std_msgs/msg/Int32,6310
1774528707.9000819,/metrics/dbscan/right/processing_ms,std_msgs/msg/Float32,67.64176177978516
1774528707.9164908,/metrics/dbscan/front/detections_count,std_msgs/msg/Int32,12
1774528707.916604,/metrics/dbscan/front/points_in,std_msgs/msg/Int32,5830
1774528707.916668,/metrics/dbscan/front/processing_ms,std_msgs/msg/Float32,61.60361099243164
1774528707.9173722,/metrics/dbscan/left/detections_count,std_msgs/msg/Int32,11
1774528707.9174414,/metrics/dbscan/left/points_in,std_msgs/msg/Int32,7676
1774528707.917508,/metrics/dbscan/left/processing_ms,std_msgs/msg/Float32,65.519775390625
1774528707.9561872,/metrics/dbscan/back/detections_count,std_msgs/msg/Int32,11
1774528707.9562962,/metrics/dbscan/back/points_in,std_msgs/msg/Int32,4782
1774528707.9563544,/metrics/dbscan/back/processing_ms,std_msgs/msg/Float32,48.81329345703125
1774528707.994157,/metrics/dbscan/right/detections_count,std_msgs/msg/Int32,10
1774528707.9943106,/metrics/dbscan/right/points_in,std_msgs/msg/Int32,6241
1774528707.994381,/metrics/dbscan/right/processing_ms,std_msgs/msg/Float32,61.19799041748047
1774528708.0120337,/metrics/dbscan/front/detections_count,std_msgs/msg/Int32,15
1774528708.012146,/metrics/dbscan/front/points_in,std_msgs/msg/Int32,5850
1774528708.0122092,/metrics/dbscan/front/processing_ms,std_msgs/msg/Float32,55.94276428222656
1774528708.018454,/metrics/dbscan/left/detections_count,std_msgs/msg/Int32,11
1774528708.0185413,/metrics/dbscan/left/points_in,std_msgs/msg/Int32,7661
1774528708.018604,/metrics/dbscan/left/processing_ms,std_msgs/msg/Float32,65.53556823730469
1774528708.058617,/metrics/dbscan/back/detections_count,std_msgs/msg/Int32,11
1774528708.0587316,/metrics/dbscan/back/points_in,std_msgs/msg/Int32,4718
1774528708.0587966,/metrics/dbscan/back/processing_ms,std_msgs/msg/Float32,50.485435485839844
1774528708.0992167,/metrics/dbscan/right/detections_count,std_msgs/msg/Int32,10
1774528708.0993402,/metrics/dbscan/right/points_in,std_msgs/msg/Int32,6292
1774528708.099408,/metrics/dbscan/right/processing_ms,std_msgs/msg/Float32,65.41813659667969
1774528708.114035,/metrics/dbscan/front/detections_count,std_msgs/msg/Int32,12
1774528708.1141376,/metrics/dbscan/front/points_in,std_msgs/msg/Int32,5939
1774528708.1142392,/metrics/dbscan/front/processing_ms,std_msgs/msg/Float32,57.64702606201172
1774528708.118088,/metrics/dbscan/left/detections_count,std_msgs/msg/Int32,11
1774528708.1181617,/metrics/dbscan/left/points_in,std_msgs/msg/Int32,7665
1774528708.1182396,/metrics/dbscan/left/processing_ms,std_msgs/msg/Float32,64.77430725097656
1774528708.1561503,/metrics/dbscan/back/detections_count,std_msgs/msg/Int32,12
1774528708.1562836,/metrics/dbscan/back/points_in,std_msgs/msg/Int32,4675
1774528708.1563542,/metrics/dbscan/back/processing_ms,std_msgs/msg/Float32,47.46498107910156
1774528708.1960702,/metrics/dbscan/right/detections_count,std_msgs/msg/Int32,10
1774528708.1961741,/metrics/dbscan/right/points_in,std_msgs/msg/Int32,6446
1774528708.19623,/metrics/dbscan/right/processing_ms,std_msgs/msg/Float32,64.7352066040039
1774528708.2155569,/metrics/dbscan/front/detections_count,std_msgs/msg/Int32,12
1774528708.2156718,/metrics/dbscan/front/points_in,std_msgs/msg/Int32,6058
1774528708.215735,/metrics/dbscan/front/processing_ms,std_msgs/msg/Float32,57.942588806152344
1774528708.2168872,/metrics/dbscan/left/detections_count,std_msgs/msg/Int32,11
1774528708.2169552,/metrics/dbscan/left/points_in,std_msgs/msg/Int32,7674
1774528708.2170043,/metrics/dbscan/left/processing_ms,std_msgs/msg/Float32,66.31056213378906
1774528708.260106,/metrics/dbscan/back/detections_count,std_msgs/msg/Int32,11
1774528708.2603076,/metrics/dbscan/back/points_in,std_msgs/msg/Int32,4542
1774528708.260399,/metrics/dbscan/back/processing_ms,std_msgs/msg/Float32,50.05019760131836
1774528708.2965863,/metrics/dbscan/right/detections_count,std_msgs/msg/Int32,12
1774528708.2967322,/metrics/dbscan/right/points_in,std_msgs/msg/Int32,6512
1774528708.2968652,/metrics/dbscan/right/processing_ms,std_msgs/msg/Float32,65.05670928955078
1774528708.313347,/metrics/dbscan/front/detections_count,std_msgs/msg/Int32,12
1774528708.3134553,/metrics/dbscan/front/points_in,std_msgs/msg/Int32,6042
1774528708.3135207,/metrics/dbscan/front/processing_ms,std_msgs/msg/Float32,59.048561096191406
1774528708.3176248,/metrics/dbscan/left/detections_count,std_msgs/msg/Int32,12
1774528708.3177147,/metrics/dbscan/left/points_in,std_msgs/msg/Int32,7663
1774528708.3178065,/metrics/dbscan/left/processing_ms,std_msgs/msg/Float32,66.45331573486328
1774528708.352971,/metrics/dbscan/back/detections_count,std_msgs/msg/Int32,12
1774528708.3531008,/metrics/dbscan/back/points_in,std_msgs/msg/Int32,4456
1774528708.3531551,/metrics/dbscan/back/processing_ms,std_msgs/msg/Float32,47.51997756958008
1774528708.3943605,/metrics/dbscan/right/detections_count,std_msgs/msg/Int32,11
1774528708.3944917,/metrics/dbscan/right/points_in,std_msgs/msg/Int32,6480
1774528708.3945687,/metrics/dbscan/right/processing_ms,std_msgs/msg/Float32,61.615562438964844
1774528708.4174104,/metrics/dbscan/front/detections_count,std_msgs/msg/Int32,12
1774528708.417535,/metrics/dbscan/front/points_in,std_msgs/msg/Int32,6017
1774528708.4176261,/metrics/dbscan/front/processing_ms,std_msgs/msg/Float32,61.969356536865234
1774528708.4208994,/metrics/dbscan/left/detections_count,std_msgs/msg/Int32,11
1774528708.4210086,/metrics/dbscan/left/points_in,std_msgs/msg/Int32,7671
1774528708.4210906,/metrics/dbscan/left/processing_ms,std_msgs/msg/Float32,68.52079772949219
1774528708.4569662,/metrics/dbscan/back/detections_count,std_msgs/msg/Int32,10
1774528708.4570637,/metrics/dbscan/back/points_in,std_msgs/msg/Int32,4423
1774528708.457117,/metrics/dbscan/back/processing_ms,std_msgs/msg/Float32,50.12733459472656
1774528708.4936976,/metrics/dbscan/right/detections_count,std_msgs/msg/Int32,11
1774528708.493811,/metrics/dbscan/right/points_in,std_msgs/msg/Int32,6503
1774528708.493873,/metrics/dbscan/right/processing_ms,std_msgs/msg/Float32,61.14763259887695
1774528708.5158358,/metrics/dbscan/front/detections_count,std_msgs/msg/Int32,11
1774528708.5159411,/metrics/dbscan/front/points_in,std_msgs/msg/Int32,6037
1774528708.515996,/metrics/dbscan/front/processing_ms,std_msgs/msg/Float32,58.825416564941406
1774528708.526297,/metrics/dbscan/left/detections_count,std_msgs/msg/Int32,11
1774528708.5263937,/metrics/dbscan/left/points_in,std_msgs/msg/Int32,7660
1774528708.5264564,/metrics/dbscan/left/processing_ms,std_msgs/msg/Float32,69.86425018310547
1774528708.5563588,/metrics/dbscan/back/detections_count,std_msgs/msg/Int32,11
1774528708.5564678,/metrics/dbscan/back/points_in,std_msgs/msg/Int32,4513
1774528708.5565302,/metrics/dbscan/back/processing_ms,std_msgs/msg/Float32,48.88380813598633
1774528708.5944033,/metrics/dbscan/right/detections_count,std_msgs/msg/Int32,10
1774528708.594533,/metrics/dbscan/right/points_in,std_msgs/msg/Int32,6644
1774528708.594599,/metrics/dbscan/right/processing_ms,std_msgs/msg/Float32,61.07966232299805
1774528708.61645,/metrics/dbscan/front/detections_count,std_msgs/msg/Int32,11
1774528708.6165671,/metrics/dbscan/front/points_in,std_msgs/msg/Int32,6201
1774528708.6166298,/metrics/dbscan/front/processing_ms,std_msgs/msg/Float32,60.01777648925781
1774528708.6191025,/metrics/dbscan/left/detections_count,std_msgs/msg/Int32,10
1774528708.6191673,/metrics/dbscan/left/processing_ms,std_msgs/msg/Float32,65.5996322631836
1774528708.6194513,/metrics/dbscan/left/points_in,std_msgs/msg/Int32,7657
1774528708.658574,/metrics/dbscan/back/detections_count,std_msgs/msg/Int32,11
1774528708.6586857,/metrics/dbscan/back/points_in,std_msgs/msg/Int32,4641
1774528708.658764,/metrics/dbscan/back/processing_ms,std_msgs/msg/Float32,50.440860748291016
1774528708.6969523,/metrics/dbscan/right/detections_count,std_msgs/msg/Int32,10
1774528708.6970675,/metrics/dbscan/right/points_in,std_msgs/msg/Int32,6808
1774528708.6971323,/metrics/dbscan/right/processing_ms,std_msgs/msg/Float32,62.365760803222656
1774528708.7149756,/metrics/dbscan/front/detections_count,std_msgs/msg/Int32,12
1774528708.7150888,/metrics/dbscan/front/points_in,std_msgs/msg/Int32,6302
1774528708.7151525,/metrics/dbscan/front/processing_ms,std_msgs/msg/Float32,57.57778549194336
1774528708.7155259,/metrics/dbscan/left/detections_count,std_msgs/msg/Int32,11
1774528708.7155943,/metrics/dbscan/left/points_in,std_msgs/msg/Int32,7669
1774528708.7156496,/metrics/dbscan/left/processing_ms,std_msgs/msg/Float32,64.79035186767578
1774528708.7590997,/metrics/dbscan/back/detections_count,std_msgs/msg/Int32,12
1774528708.7592175,/metrics/dbscan/back/points_in,std_msgs/msg/Int32,4842
1774528708.7592964,/metrics/dbscan/back/processing_ms,std_msgs/msg/Float32,49.337310791015625
1774528708.793993,/metrics/dbscan/right/detections_count,std_msgs/msg/Int32,10
1774528708.7941113,/metrics/dbscan/right/points_in,std_msgs/msg/Int32,6877
1774528708.794175,/metrics/dbscan/right/processing_ms,std_msgs/msg/Float32,62.91400146484375
1774528708.811539,/metrics/dbscan/front/detections_count,std_msgs/msg/Int32,12
1774528708.811656,/metrics/dbscan/front/points_in,std_msgs/msg/Int32,6286
1774528708.8117201,/metrics/dbscan/front/processing_ms,std_msgs/msg/Float32,57.230735778808594
1774528708.815722,/metrics/dbscan/left/detections_count,std_msgs/msg/Int32,11
1774528708.8157947,/metrics/dbscan/left/points_in,std_msgs/msg/Int32,7682
1774528708.8158717,/metrics/dbscan/left/processing_ms,std_msgs/msg/Float32,65.04215240478516
1774528708.8548634,/metrics/dbscan/back/detections_count,std_msgs/msg/Int32,11
1774528708.8549743,/metrics/dbscan/back/points_in,std_msgs/msg/Int32,4983
1774528708.8550391,/metrics/dbscan/back/processing_ms,std_msgs/msg/Float32,49.62565994262695
1774528708.8947482,/metrics/dbscan/right/detections_count,std_msgs/msg/Int32,11
1774528708.8949409,/metrics/dbscan/right/points_in,std_msgs/msg/Int32,6749
1774528708.8950317,/metrics/dbscan/right/processing_ms,std_msgs/msg/Float32,63.369720458984375
1774528708.9125993,/metrics/dbscan/front/detections_count,std_msgs/msg/Int32,13
1774528708.9126997,/metrics/dbscan/front/points_in,std_msgs/msg/Int32,6129
1774528708.912754,/metrics/dbscan/front/processing_ms,std_msgs/msg/Float32,57.632198333740234
1774528708.9205143,/metrics/dbscan/left/detections_count,std_msgs/msg/Int32,11
1774528708.921125,/metrics/dbscan/left/points_in,std_msgs/msg/Int32,7685
1774528708.9211788,/metrics/dbscan/left/processing_ms,std_msgs/msg/Float32,68.65345764160156
1774528708.95672,/metrics/dbscan/back/detections_count,std_msgs/msg/Int32,12
1774528708.9568408,/metrics/dbscan/back/points_in,std_msgs/msg/Int32,5089
1774528708.9569054,/metrics/dbscan/back/processing_ms,std_msgs/msg/Float32,50.8328857421875
1774528708.9963608,/metrics/dbscan/right/detections_count,std_msgs/msg/Int32,11
1774528708.9964912,/metrics/dbscan/right/points_in,std_msgs/msg/Int32,6670
1774528708.9965703,/metrics/dbscan/right/processing_ms,std_msgs/msg/Float32,63.992122650146484
1774528709.0143476,/metrics/dbscan/front/detections_count,std_msgs/msg/Int32,12
1774528709.0144668,/metrics/dbscan/front/points_in,std_msgs/msg/Int32,6010
1774528709.0145342,/metrics/dbscan/front/processing_ms,std_msgs/msg/Float32,59.18315887451172
1774528709.0190547,/metrics/dbscan/left/detections_count,std_msgs/msg/Int32,11
1774528709.019141,/metrics/dbscan/left/points_in,std_msgs/msg/Int32,7676
1774528709.0192041,/metrics/dbscan/left/processing_ms,std_msgs/msg/Float32,66.75099182128906
1774528709.0594478,/metrics/dbscan/back/detections_count,std_msgs/msg/Int32,11
1774528709.059596,/metrics/dbscan/back/points_in,std_msgs/msg/Int32,5206
1774528709.0596938,/metrics/dbscan/back/processing_ms,std_msgs/msg/Float32,52.90778350830078
1774528709.0968661,/metrics/dbscan/right/detections_count,std_msgs/msg/Int32,10
1774528709.0970159,/metrics/dbscan/right/points_in,std_msgs/msg/Int32,6770
1774528709.0971162,/metrics/dbscan/right/processing_ms,std_msgs/msg/Float32,64.30372619628906
1774528709.1149392,/metrics/dbscan/front/detections_count,std_msgs/msg/Int32,13
1774528709.1150455,/metrics/dbscan/front/points_in,std_msgs/msg/Int32,5994
1774528709.1151068,/metrics/dbscan/front/processing_ms,std_msgs/msg/Float32,57.378684997558594
1774528709.120397,/metrics/dbscan/left/detections_count,std_msgs/msg/Int32,12
1774528709.1205404,/metrics/dbscan/left/points_in,std_msgs/msg/Int32,7672
1774528709.1206288,/metrics/dbscan/left/processing_ms,std_msgs/msg/Float32,66.74555969238281
1774528709.1582851,/metrics/dbscan/back/detections_count,std_msgs/msg/Int32,11
1774528709.1583903,/metrics/dbscan/back/points_in,std_msgs/msg/Int32,5261
1774528709.1584504,/metrics/dbscan/back/processing_ms,std_msgs/msg/Float32,51.49842071533203
1774528709.1980267,/metrics/dbscan/right/detections_count,std_msgs/msg/Int32,9
1774528709.1981778,/metrics/dbscan/right/points_in,std_msgs/msg/Int32,6936
1774528709.1982937,/metrics/dbscan/right/processing_ms,std_msgs/msg/Float32,63.260440826416016
1774528709.213701,/metrics/dbscan/front/detections_count,std_msgs/msg/Int32,13
1774528709.2138336,/metrics/dbscan/front/points_in,std_msgs/msg/Int32,5996
1774528709.2139404,/metrics/dbscan/front/processing_ms,std_msgs/msg/Float32,55.827396392822266
1774528709.217103,/metrics/dbscan/left/detections_count,std_msgs/msg/Int32,11
1774528709.2172012,/metrics/dbscan/left/points_in,std_msgs/msg/Int32,7667
1774528709.2172685,/metrics/dbscan/left/processing_ms,std_msgs/msg/Float32,66.6297378540039
1774528709.2588544,/metrics/dbscan/back/detections_count,std_msgs/msg/Int32,11
1774528709.258977,/metrics/dbscan/back/points_in,std_msgs/msg/Int32,5276
1774528709.2590637,/metrics/dbscan/back/processing_ms,std_msgs/msg/Float32,51.07439422607422
1774528709.2962658,/metrics/dbscan/right/detections_count,std_msgs/msg/Int32,10
1774528709.2963848,/metrics/dbscan/right/points_in,std_msgs/msg/Int32,7013
1774528709.2964401,/metrics/dbscan/right/processing_ms,std_msgs/msg/Float32,62.063446044921875
1774528709.310519,/metrics/dbscan/front/detections_count,std_msgs/msg/Int32,12
1774528709.3106358,/metrics/dbscan/front/points_in,std_msgs/msg/Int32,5969
1774528709.310692,/metrics/dbscan/front/processing_ms,std_msgs/msg/Float32,55.439937591552734
1774528709.319081,/metrics/dbscan/left/detections_count,std_msgs/msg/Int32,11
1774528709.3191872,/metrics/dbscan/left/points_in,std_msgs/msg/Int32,7663
1774528709.319249,/metrics/dbscan/left/processing_ms,std_msgs/msg/Float32,67.3690185546875
1774528709.36147,/metrics/dbscan/back/detections_count,std_msgs/msg/Int32,10
1774528709.361598,/metrics/dbscan/back/points_in,std_msgs/msg/Int32,5253
1774528709.3616707,/metrics/dbscan/back/processing_ms,std_msgs/msg/Float32,52.90658950805664
1774528709.393264,/metrics/dbscan/right/detections_count,std_msgs/msg/Int32,10
1774528709.3934085,/metrics/dbscan/right/points_in,std_msgs/msg/Int32,6945
1774528709.393484,/metrics/dbscan/right/processing_ms,std_msgs/msg/Float32,62.17001724243164
1774528709.4102533,/metrics/dbscan/front/detections_count,std_msgs/msg/Int32,13
1774528709.4103851,/metrics/dbscan/front/points_in,std_msgs/msg/Int32,5890
1774528709.4104543,/metrics/dbscan/front/processing_ms,std_msgs/msg/Float32,55.98737716674805
1774528709.4213874,/metrics/dbscan/left/detections_count,std_msgs/msg/Int32,11
1774528709.4214861,/metrics/dbscan/left/points_in,std_msgs/msg/Int32,7659
1774528709.421549,/metrics/dbscan/left/processing_ms,std_msgs/msg/Float32,69.95777130126953
1774528709.45836,/metrics/dbscan/back/detections_count,std_msgs/msg/Int32,11
1774528709.458471,/metrics/dbscan/back/points_in,std_msgs/msg/Int32,5192
1774528709.4585361,/metrics/dbscan/back/processing_ms,std_msgs/msg/Float32,53.11313247680664
1774528709.5054755,/metrics/dbscan/right/detections_count,std_msgs/msg/Int32,10
1774528709.5056727,/metrics/dbscan/right/points_in,std_msgs/msg/Int32,6953
1774528709.505802,/metrics/dbscan/right/processing_ms,std_msgs/msg/Float32,74.39283752441406
1774528709.5084648,/metrics/dbscan/front/detections_count,std_msgs/msg/Int32,14
1774528709.5085657,/metrics/dbscan/front/points_in,std_msgs/msg/Int32,5875
1774528709.5086477,/metrics/dbscan/front/processing_ms,std_msgs/msg/Float32,53.26132583618164
1774528709.528346,/metrics/dbscan/left/detections_count,std_msgs/msg/Int32,11
1774528709.5284634,/metrics/dbscan/left/points_in,std_msgs/msg/Int32,7657
1774528709.528548,/metrics/dbscan/left/processing_ms,std_msgs/msg/Float32,75.56686401367188
1774528709.5577276,/metrics/dbscan/back/detections_count,std_msgs/msg/Int32,12
1774528709.5578518,/metrics/dbscan/back/points_in,std_msgs/msg/Int32,5175
1774528709.5579164,/metrics/dbscan/back/processing_ms,std_msgs/msg/Float32,51.328880310058594
1774528709.5938666,/metrics/dbscan/right/detections_count,std_msgs/msg/Int32,9
1774528709.5940068,/metrics/dbscan/right/points_in,std_msgs/msg/Int32,6974
1774528709.5940735,/metrics/dbscan/right/processing_ms,std_msgs/msg/Float32,61.77361297607422
1774528709.6109352,/metrics/dbscan/front/detections_count,std_msgs/msg/Int32,14
1774528709.6110463,/metrics/dbscan/front/points_in,std_msgs/msg/Int32,5994
1774528709.6111107,/metrics/dbscan/front/processing_ms,std_msgs/msg/Float32,54.21198272705078
1774528709.617483,/metrics/dbscan/left/detections_count,std_msgs/msg/Int32,11
1774528709.617562,/metrics/dbscan/left/points_in,std_msgs/msg/Int32,7634
1774528709.6176205,/metrics/dbscan/left/processing_ms,std_msgs/msg/Float32,64.12786102294922
1774528709.657144,/metrics/dbscan/back/detections_count,std_msgs/msg/Int32,11
1774528709.6572554,/metrics/dbscan/back/points_in,std_msgs/msg/Int32,5189
1774528709.6573327,/metrics/dbscan/back/processing_ms,std_msgs/msg/Float32,50.21579360961914
1774528709.7011092,/metrics/dbscan/right/detections_count,std_msgs/msg/Int32,8
1774528709.7012432,/metrics/dbscan/right/points_in,std_msgs/msg/Int32,7090
1774528709.7013192,/metrics/dbscan/right/processing_ms,std_msgs/msg/Float32,68.47496032714844
1774528709.7153273,/metrics/dbscan/front/detections_count,std_msgs/msg/Int32,13
1774528709.715445,/metrics/dbscan/front/points_in,std_msgs/msg/Int32,6125
1774528709.715549,/metrics/dbscan/front/processing_ms,std_msgs/msg/Float32,58.04060363769531
1774528709.7158873,/metrics/dbscan/left/detections_count,std_msgs/msg/Int32,11
1774528709.7159534,/metrics/dbscan/left/points_in,std_msgs/msg/Int32,7655
1774528709.7160215,/metrics/dbscan/left/processing_ms,std_msgs/msg/Float32,65.6448745727539
1774528709.7583098,/metrics/dbscan/back/detections_count,std_msgs/msg/Int32,11
1774528709.75845,/metrics/dbscan/back/points_in,std_msgs/msg/Int32,5205
1774528709.7585168,/metrics/dbscan/back/processing_ms,std_msgs/msg/Float32,51.03126525878906
1774528709.7975879,/metrics/dbscan/right/detections_count,std_msgs/msg/Int32,9
1774528709.7977324,/metrics/dbscan/right/points_in,std_msgs/msg/Int32,7172
1774528709.797839,/metrics/dbscan/right/processing_ms,std_msgs/msg/Float32,62.49555587768555
1774528709.8068914,/metrics/dbscan/front/detections_count,std_msgs/msg/Int32,13
1774528709.8069892,/metrics/dbscan/front/points_in,std_msgs/msg/Int32,6201
1774528709.8070617,/metrics/dbscan/front/processing_ms,std_msgs/msg/Float32,53.26798629760742
1774528709.8189998,/metrics/dbscan/left/detections_count,std_msgs/msg/Int32,12
1774528709.8190954,/metrics/dbscan/left/points_in,std_msgs/msg/Int32,7641
1774528709.8191726,/metrics/dbscan/left/processing_ms,std_msgs/msg/Float32,68.1528549194336
1774528709.8579025,/metrics/dbscan/back/detections_count,std_msgs/msg/Int32,11
1774528709.858036,/metrics/dbscan/back/points_in,std_msgs/msg/Int32,5223
1774528709.8581069,/metrics/dbscan/back/processing_ms,std_msgs/msg/Float32,49.48859786987305
1774528709.8940732,/metrics/dbscan/right/detections_count,std_msgs/msg/Int32,11
1774528709.8942246,/metrics/dbscan/right/points_in,std_msgs/msg/Int32,7117
1774528709.89434,/metrics/dbscan/right/processing_ms,std_msgs/msg/Float32,62.95647430419922
1774528709.908611,/metrics/dbscan/front/detections_count,std_msgs/msg/Int32,13
1774528709.908713,/metrics/dbscan/front/points_in,std_msgs/msg/Int32,6164
1774528709.9087636,/metrics/dbscan/front/processing_ms,std_msgs/msg/Float32,54.13429641723633
1774528709.9187863,/metrics/dbscan/left/detections_count,std_msgs/msg/Int32,12
1774528709.9189029,/metrics/dbscan/left/points_in,std_msgs/msg/Int32,7655
1774528709.918967,/metrics/dbscan/left/processing_ms,std_msgs/msg/Float32,67.14860534667969
1774528709.9626,/metrics/dbscan/back/detections_count,std_msgs/msg/Int32,11
1774528709.9627311,/metrics/dbscan/back/points_in,std_msgs/msg/Int32,5240
1774528709.9628184,/metrics/dbscan/back/processing_ms,std_msgs/msg/Float32,54.00807571411133
1774528709.9931705,/metrics/dbscan/right/detections_count,std_msgs/msg/Int32,9
1774528709.9933267,/metrics/dbscan/right/points_in,std_msgs/msg/Int32,6845
1774528709.9934304,/metrics/dbscan/right/processing_ms,std_msgs/msg/Float32,60.99640655517578
1774528710.0087059,/metrics/dbscan/front/detections_count,std_msgs/msg/Int32,11
1774528710.0088358,/metrics/dbscan/front/points_in,std_msgs/msg/Int32,5977
1774528710.0089245,/metrics/dbscan/front/processing_ms,std_msgs/msg/Float32,53.301509857177734
1774528710.0206017,/metrics/dbscan/left/detections_count,std_msgs/msg/Int32,11
1774528710.0207157,/metrics/dbscan/left/points_in,std_msgs/msg/Int32,7653
1774528710.020781,/metrics/dbscan/left/processing_ms,std_msgs/msg/Float32,68.37739562988281
1774528710.0547755,/metrics/dbscan/back/detections_count,std_msgs/msg/Int32,11
1774528710.054887,/metrics/dbscan/back/points_in,std_msgs/msg/Int32,5227
1774528710.0549505,/metrics/dbscan/back/processing_ms,std_msgs/msg/Float32,49.374271392822266
1774528710.091542,/metrics/dbscan/right/detections_count,std_msgs/msg/Int32,10
1774528710.0916576,/metrics/dbscan/right/points_in,std_msgs/msg/Int32,6606
1774528710.091727,/metrics/dbscan/right/processing_ms,std_msgs/msg/Float32,59.57345962524414
1774528710.1107757,/metrics/dbscan/front/detections_count,std_msgs/msg/Int32,11
1774528710.110923,/metrics/dbscan/front/points_in,std_msgs/msg/Int32,5820
1774528710.110999,/metrics/dbscan/front/processing_ms,std_msgs/msg/Float32,53.809818267822266
1774528710.120973,/metrics/dbscan/left/detections_count,std_msgs/msg/Int32,11
1774528710.121086,/metrics/dbscan/left/points_in,std_msgs/msg/Int32,7654
1774528710.1211512,/metrics/dbscan/left/processing_ms,std_msgs/msg/Float32,66.36491394042969
1774528710.1551197,/metrics/dbscan/back/detections_count,std_msgs/msg/Int32,12
1774528710.155228,/metrics/dbscan/back/points_in,std_msgs/msg/Int32,5208
1774528710.1553152,/metrics/dbscan/back/processing_ms,std_msgs/msg/Float32,49.09770584106445
1774528710.1926887,/metrics/dbscan/right/detections_count,std_msgs/msg/Int32,12
1774528710.1928084,/metrics/dbscan/right/points_in,std_msgs/msg/Int32,6764
1774528710.1928747,/metrics/dbscan/right/processing_ms,std_msgs/msg/Float32,60.44880676269531
1774528710.2113814,/metrics/dbscan/front/detections_count,std_msgs/msg/Int32,12
1774528710.2115188,/metrics/dbscan/front/points_in,std_msgs/msg/Int32,5644
1774528710.2116132,/metrics/dbscan/front/processing_ms,std_msgs/msg/Float32,54.251708984375
1774528710.2166877,/metrics/dbscan/left/detections_count,std_msgs/msg/Int32,11
1774528710.2167728,/metrics/dbscan/left/points_in,std_msgs/msg/Int32,7657
1774528710.2168512,/metrics/dbscan/left/processing_ms,std_msgs/msg/Float32,66.8507080078125
1774528710.2559557,/metrics/dbscan/back/detections_count,std_msgs/msg/Int32,11
1774528710.256093,/metrics/dbscan/back/points_in,std_msgs/msg/Int32,5160
1774528710.25619,/metrics/dbscan/back/processing_ms,std_msgs/msg/Float32,49.0606575012207
1774528710.2935426,/metrics/dbscan/right/detections_count,std_msgs/msg/Int32,11
1774528710.2936857,/metrics/dbscan/right/points_in,std_msgs/msg/Int32,6883
1774528710.2937758,/metrics/dbscan/right/processing_ms,std_msgs/msg/Float32,60.08619689941406
1774528710.3103883,/metrics/dbscan/front/detections_count,std_msgs/msg/Int32,12
1774528710.3105006,/metrics/dbscan/front/points_in,std_msgs/msg/Int32,5590
1774528710.3105671,/metrics/dbscan/front/processing_ms,std_msgs/msg/Float32,56.88058853149414
1774528710.31644,/metrics/dbscan/left/detections_count,std_msgs/msg/Int32,11
1774528710.3165374,/metrics/dbscan/left/points_in,std_msgs/msg/Int32,7651
1774528710.3165967,/metrics/dbscan/left/processing_ms,std_msgs/msg/Float32,65.43404388427734
1774528710.3553598,/metrics/dbscan/back/detections_count,std_msgs/msg/Int32,9
1774528710.3554592,/metrics/dbscan/back/processing_ms,std_msgs/msg/Float32,47.32038497924805
1774528710.3558369,/metrics/dbscan/back/points_in,std_msgs/msg/Int32,5132
1774528710.394876,/metrics/dbscan/right/detections_count,std_msgs/msg/Int32,11
1774528710.3949983,/metrics/dbscan/right/points_in,std_msgs/msg/Int32,6867
1774528710.3950639,/metrics/dbscan/right/processing_ms,std_msgs/msg/Float32,60.94370651245117
1774528710.4101555,/metrics/dbscan/front/detections_count,std_msgs/msg/Int32,11
1774528710.4102938,/metrics/dbscan/front/points_in,std_msgs/msg/Int32,5579
1774528710.4103649,/metrics/dbscan/front/processing_ms,std_msgs/msg/Float32,55.612064361572266
1774528710.415978,/metrics/dbscan/left/detections_count,std_msgs/msg/Int32,11
1774528710.416066,/metrics/dbscan/left/points_in,std_msgs/msg/Int32,7670
1774528710.4161294,/metrics/dbscan/left/processing_ms,std_msgs/msg/Float32,64.65232849121094
1774528710.4568288,/metrics/dbscan/back/detections_count,std_msgs/msg/Int32,9
1774528710.4569387,/metrics/dbscan/back/points_in,std_msgs/msg/Int32,5123
1774528710.4570038,/metrics/dbscan/back/processing_ms,std_msgs/msg/Float32,48.361915588378906
1774528710.49458,/metrics/dbscan/right/detections_count,std_msgs/msg/Int32,10
1774528710.4947271,/metrics/dbscan/right/points_in,std_msgs/msg/Int32,6774
1774528710.4948206,/metrics/dbscan/right/processing_ms,std_msgs/msg/Float32,64.29814910888672
1774528710.511557,/metrics/dbscan/front/detections_count,std_msgs/msg/Int32,11
1774528710.511671,/metrics/dbscan/front/points_in,std_msgs/msg/Int32,5578
1774528710.5117342,/metrics/dbscan/front/processing_ms,std_msgs/msg/Float32,56.60896301269531
1774528710.5229042,/metrics/dbscan/left/detections_count,std_msgs/msg/Int32,11
1774528710.5230064,/metrics/dbscan/left/points_in,std_msgs/msg/Int32,7674
1774528710.5230691,/metrics/dbscan/left/processing_ms,std_msgs/msg/Float32,70.15742492675781
1774528710.557862,/metrics/dbscan/back/detections_count,std_msgs/msg/Int32,9
1774528710.5579934,/metrics/dbscan/back/points_in,std_msgs/msg/Int32,5106
1774528710.5580704,/metrics/dbscan/back/processing_ms,std_msgs/msg/Float32,47.824954986572266
1774528710.5943587,/metrics/dbscan/right/detections_count,std_msgs/msg/Int32,10
1774528710.5944767,/metrics/dbscan/right/points_in,std_msgs/msg/Int32,6748
1774528710.5945323,/metrics/dbscan/right/processing_ms,std_msgs/msg/Float32,62.571109771728516
1774528710.6132388,/metrics/dbscan/front/detections_count,std_msgs/msg/Int32,12
1774528710.61336,/metrics/dbscan/front/points_in,std_msgs/msg/Int32,5593
1774528710.6134272,/metrics/dbscan/front/processing_ms,std_msgs/msg/Float32,57.015113830566406
1774528710.6202636,/metrics/dbscan/left/detections_count,std_msgs/msg/Int32,11
1774528710.6203635,/metrics/dbscan/left/points_in,std_msgs/msg/Int32,7669
1774528710.6204267,/metrics/dbscan/left/processing_ms,std_msgs/msg/Float32,67.05042266845703
1774528710.6539087,/metrics/dbscan/back/detections_count,std_msgs/msg/Int32,9
1774528710.6540427,/metrics/dbscan/back/points_in,std_msgs/msg/Int32,5158
1774528710.6541312,/metrics/dbscan/back/processing_ms,std_msgs/msg/Float32,48.118324279785156
1774528710.691944,/metrics/dbscan/right/detections_count,std_msgs/msg/Int32,9
1774528710.6920743,/metrics/dbscan/right/points_in,std_msgs/msg/Int32,6707
1774528710.6921291,/metrics/dbscan/right/processing_ms,std_msgs/msg/Float32,60.332645416259766
1774528710.7136967,/metrics/dbscan/front/detections_count,std_msgs/msg/Int32,11
1774528710.7138085,/metrics/dbscan/front/points_in,std_msgs/msg/Int32,5576
1774528710.713873,/metrics/dbscan/front/processing_ms,std_msgs/msg/Float32,55.83706283569336
1774528710.7200322,/metrics/dbscan/left/detections_count,std_msgs/msg/Int32,11
1774528710.7201986,/metrics/dbscan/left/points_in,std_msgs/msg/Int32,7672
1774528710.7202718,/metrics/dbscan/left/processing_ms,std_msgs/msg/Float32,69.55339813232422
1774528710.7563887,/metrics/dbscan/back/detections_count,std_msgs/msg/Int32,9
1774528710.756508,/metrics/dbscan/back/points_in,std_msgs/msg/Int32,5179
1774528710.7565699,/metrics/dbscan/back/processing_ms,std_msgs/msg/Float32,49.42796325683594
1774528710.7896981,/metrics/dbscan/right/detections_count,std_msgs/msg/Int32,10
1774528710.7899117,/metrics/dbscan/right/points_in,std_msgs/msg/Int32,6862
1774528710.7899954,/metrics/dbscan/right/processing_ms,std_msgs/msg/Float32,55.24247360229492
1774528710.8141024,/metrics/dbscan/front/detections_count,std_msgs/msg/Int32,12
1774528710.8142262,/metrics/dbscan/front/points_in,std_msgs/msg/Int32,5595
1774528710.814308,/metrics/dbscan/front/processing_ms,std_msgs/msg/Float32,55.93889617919922
1774528710.8183546,/metrics/dbscan/left/detections_count,std_msgs/msg/Int32,11
1774528710.8184495,/metrics/dbscan/left/points_in,std_msgs/msg/Int32,7676
1774528710.8185282,/metrics/dbscan/left/processing_ms,std_msgs/msg/Float32,67.51773071289062
1774528710.8550181,/metrics/dbscan/back/detections_count,std_msgs/msg/Int32,8
1774528710.8551428,/metrics/dbscan/back/points_in,std_msgs/msg/Int32,5173
1774528710.8552058,/metrics/dbscan/back/processing_ms,std_msgs/msg/Float32,47.909244537353516
1774528710.912311,/metrics/dbscan/front/detections_count,std_msgs/msg/Int32,12
1774528710.9124913,/metrics/dbscan/front/points_in,std_msgs/msg/Int32,5588
1774528710.9126158,/metrics/dbscan/front/processing_ms,std_msgs/msg/Float32,56.95109176635742
1774528710.914579,/metrics/dbscan/right/detections_count,std_msgs/msg/Int32,11
1774528710.91466,/metrics/dbscan/right/points_in,std_msgs/msg/Int32,7013
1774528710.9147232,/metrics/dbscan/right/processing_ms,std_msgs/msg/Float32,81.24453735351562
1774528710.922414,/metrics/dbscan/left/detections_count,std_msgs/msg/Int32,11
1774528710.9225268,/metrics/dbscan/left/points_in,std_msgs/msg/Int32,7671
1774528710.9225912,/metrics/dbscan/left/processing_ms,std_msgs/msg/Float32,69.71817779541016
1774528710.956574,/metrics/dbscan/back/detections_count,std_msgs/msg/Int32,9
1774528710.956685,/metrics/dbscan/back/points_in,std_msgs/msg/Int32,5202
1774528710.9567518,/metrics/dbscan/back/processing_ms,std_msgs/msg/Float32,48.69321823120117
1774528710.9936316,/metrics/dbscan/right/detections_count,std_msgs/msg/Int32,11
1774528710.9937627,/metrics/dbscan/right/points_in,std_msgs/msg/Int32,7101
1774528710.99384,/metrics/dbscan/right/processing_ms,std_msgs/msg/Float32,59.1859130859375
1774528711.0125124,/metrics/dbscan/front/detections_count,std_msgs/msg/Int32,13
1774528711.0126338,/metrics/dbscan/front/points_in,std_msgs/msg/Int32,5584
1774528711.0127122,/metrics/dbscan/front/processing_ms,std_msgs/msg/Float32,57.962215423583984
1774528711.02237,/metrics/dbscan/left/detections_count,std_msgs/msg/Int32,11
1774528711.0224614,/metrics/dbscan/left/points_in,std_msgs/msg/Int32,7669
1774528711.0225239,/metrics/dbscan/left/processing_ms,std_msgs/msg/Float32,70.38827514648438
1774528711.0603046,/metrics/dbscan/back/detections_count,std_msgs/msg/Int32,9
1774528711.0604138,/metrics/dbscan/back/points_in,std_msgs/msg/Int32,5217
1774528711.0604768,/metrics/dbscan/back/processing_ms,std_msgs/msg/Float32,51.224430084228516
1774528711.0912602,/metrics/dbscan/right/detections_count,std_msgs/msg/Int32,10
1774528711.0913923,/metrics/dbscan/right/points_in,std_msgs/msg/Int32,7228
1774528711.0914571,/metrics/dbscan/right/processing_ms,std_msgs/msg/Float32,60.63213348388672
1774528711.1111221,/metrics/dbscan/front/detections_count,std_msgs/msg/Int32,11
1774528711.111235,/metrics/dbscan/front/points_in,std_msgs/msg/Int32,5585
1774528711.1113105,/metrics/dbscan/front/processing_ms,std_msgs/msg/Float32,55.46417236328125
1774528711.1208901,/metrics/dbscan/left/detections_count,std_msgs/msg/Int32,11
1774528711.1209817,/metrics/dbscan/left/points_in,std_msgs/msg/Int32,7670
1774528711.1210449,/metrics/dbscan/left/processing_ms,std_msgs/msg/Float32,67.46752166748047
1774528711.1586604,/metrics/dbscan/back/detections_count,std_msgs/msg/Int32,10
1774528711.1587927,/metrics/dbscan/back/points_in,std_msgs/msg/Int32,5240
1774528711.1588705,/metrics/dbscan/back/processing_ms,std_msgs/msg/Float32,48.65434265136719
1774528711.1960707,/metrics/dbscan/right/detections_count,std_msgs/msg/Int32,11
1774528711.1962032,/metrics/dbscan/right/points_in,std_msgs/msg/Int32,7416
1774528711.196268,/metrics/dbscan/right/processing_ms,std_msgs/msg/Float32,64.61969757080078
1774528711.2131438,/metrics/dbscan/front/detections_count,std_msgs/msg/Int32,11
1774528711.2132711,/metrics/dbscan/front/points_in,std_msgs/msg/Int32,5586
1774528711.2134233,/metrics/dbscan/front/processing_ms,std_msgs/msg/Float32,56.36975860595703
1774528711.217004,/metrics/dbscan/left/detections_count,std_msgs/msg/Int32,11
1774528711.2170813,/metrics/dbscan/left/points_in,std_msgs/msg/Int32,7665
1774528711.2171445,/metrics/dbscan/left/processing_ms,std_msgs/msg/Float32,67.0059585571289
1774528711.2576196,/metrics/dbscan/back/detections_count,std_msgs/msg/Int32,11
1774528711.2577302,/metrics/dbscan/back/points_in,std_msgs/msg/Int32,5288
1774528711.2577975,/metrics/dbscan/back/processing_ms,std_msgs/msg/Float32,51.07866287231445
1774528711.298527,/metrics/dbscan/right/detections_count,std_msgs/msg/Int32,11
1774528711.2986479,/metrics/dbscan/right/points_in,std_msgs/msg/Int32,7556
1774528711.2987168,/metrics/dbscan/right/processing_ms,std_msgs/msg/Float32,66.45121002197266
1774528711.3153942,/metrics/dbscan/front/detections_count,std_msgs/msg/Int32,12
1774528711.3155003,/metrics/dbscan/front/points_in,std_msgs/msg/Int32,5580
1774528711.3155632,/metrics/dbscan/front/processing_ms,std_msgs/msg/Float32,58.15965270996094
1774528711.3217554,/metrics/dbscan/left/detections_count,std_msgs/msg/Int32,11
1774528711.3218455,/metrics/dbscan/left/points_in,std_msgs/msg/Int32,7671
1774528711.3219132,/metrics/dbscan/left/processing_ms,std_msgs/msg/Float32,70.96530151367188
1774528711.3558123,/metrics/dbscan/back/detections_count,std_msgs/msg/Int32,9
1774528711.3559356,/metrics/dbscan/back/points_in,std_msgs/msg/Int32,5388
1774528711.3560002,/metrics/dbscan/back/processing_ms,std_msgs/msg/Float32,49.68125534057617
1774528711.4003022,/metrics/dbscan/right/detections_count,std_msgs/msg/Int32,10
1774528711.400424,/metrics/dbscan/right/points_in,std_msgs/msg/Int32,7658
1774528711.400491,/metrics/dbscan/right/processing_ms,std_msgs/msg/Float32,66.57036590576172
1774528711.4192402,/metrics/dbscan/left/detections_count,std_msgs/msg/Int32,11
1774528711.4193573,/metrics/dbscan/left/points_in,std_msgs/msg/Int32,7658
1774528711.4194233,/metrics/dbscan/left/processing_ms,std_msgs/msg/Float32,67.6905746459961
1774528711.43683,/metrics/dbscan/front/detections_count,std_msgs/msg/Int32,13
1774528711.4369566,/metrics/dbscan/front/points_in,std_msgs/msg/Int32,5605
1774528711.4370306,/metrics/dbscan/front/processing_ms,std_msgs/msg/Float32,82.95336151123047
1774528711.4556828,/metrics/dbscan/back/detections_count,std_msgs/msg/Int32,10
1774528711.455818,/metrics/dbscan/back/points_in,std_msgs/msg/Int32,5525
1774528711.4558837,/metrics/dbscan/back/processing_ms,std_msgs/msg/Float32,48.47874069213867
1774528711.4979427,/metrics/dbscan/right/detections_count,std_msgs/msg/Int32,9
1774528711.4980454,/metrics/dbscan/right/points_in,std_msgs/msg/Int32,7638
1774528711.4981012,/metrics/dbscan/right/processing_ms,std_msgs/msg/Float32,63.63995361328125
1774528711.5142832,/metrics/dbscan/front/detections_count,std_msgs/msg/Int32,12
1774528711.514396,/metrics/dbscan/front/points_in,std_msgs/msg/Int32,5589
1774528711.5144594,/metrics/dbscan/front/processing_ms,std_msgs/msg/Float32,58.09566879272461
1774528711.5204294,/metrics/dbscan/left/detections_count,std_msgs/msg/Int32,11
1774528711.5205538,/metrics/dbscan/left/points_in,std_msgs/msg/Int32,7646
1774528711.520617,/metrics/dbscan/left/processing_ms,std_msgs/msg/Float32,67.5675277709961
1774528711.5585852,/metrics/dbscan/back/detections_count,std_msgs/msg/Int32,10
1774528711.5586908,/metrics/dbscan/back/points_in,std_msgs/msg/Int32,5648
1774528711.5587535,/metrics/dbscan/back/processing_ms,std_msgs/msg/Float32,50.82194519042969
1774528711.59452,/metrics/dbscan/right/detections_count,std_msgs/msg/Int32,8
1774528711.5946689,/metrics/dbscan/right/points_in,std_msgs/msg/Int32,7776
1774528711.5947585,/metrics/dbscan/right/processing_ms,std_msgs/msg/Float32,62.822750091552734
1774528711.6131592,/metrics/dbscan/front/detections_count,std_msgs/msg/Int32,11
1774528711.6133091,/metrics/dbscan/front/points_in,std_msgs/msg/Int32,5583
1774528711.613386,/metrics/dbscan/front/processing_ms,std_msgs/msg/Float32,57.43806838989258
1774528711.6206057,/metrics/dbscan/left/detections_count,std_msgs/msg/Int32,11
1774528711.620721,/metrics/dbscan/left/points_in,std_msgs/msg/Int32,7656
1774528711.6207895,/metrics/dbscan/left/processing_ms,std_msgs/msg/Float32,67.07429504394531
1774528711.6579552,/metrics/dbscan/back/detections_count,std_msgs/msg/Int32,11
1774528711.6580682,/metrics/dbscan/back/points_in,std_msgs/msg/Int32,5758
1774528711.6581364,/metrics/dbscan/back/processing_ms,std_msgs/msg/Float32,49.32001876831055
1774528711.6941297,/metrics/dbscan/right/detections_count,std_msgs/msg/Int32,10
1774528711.6942625,/metrics/dbscan/right/points_in,std_msgs/msg/Int32,7850
1774528711.6943777,/metrics/dbscan/right/processing_ms,std_msgs/msg/Float32,63.05912780761719
1774528711.7145336,/metrics/dbscan/front/detections_count,std_msgs/msg/Int32,11
1774528711.7146645,/metrics/dbscan/front/points_in,std_msgs/msg/Int32,5585
1774528711.7147472,/metrics/dbscan/front/processing_ms,std_msgs/msg/Float32,57.94456100463867
1774528711.7551355,/metrics/dbscan/left/detections_count,std_msgs/msg/Int32,11
1774528711.7552671,/metrics/dbscan/left/points_in,std_msgs/msg/Int32,7643
1774528711.755351,/metrics/dbscan/left/processing_ms,std_msgs/msg/Float32,104.1500015258789
1774528711.762916,/metrics/dbscan/back/detections_count,std_msgs/msg/Int32,10
1774528711.7630053,/metrics/dbscan/back/points_in,std_msgs/msg/Int32,5864
1774528711.7630665,/metrics/dbscan/back/processing_ms,std_msgs/msg/Float32,57.99742126464844
1774528711.7914288,/metrics/dbscan/right/detections_count,std_msgs/msg/Int32,9
1774528711.7915454,/metrics/dbscan/right/points_in,std_msgs/msg/Int32,7927
1774528711.7916136,/metrics/dbscan/right/processing_ms,std_msgs/msg/Float32,59.267738342285156
1774528711.8156383,/metrics/dbscan/front/detections_count,std_msgs/msg/Int32,11
1774528711.8157644,/metrics/dbscan/front/points_in,std_msgs/msg/Int32,5586
1774528711.81583,/metrics/dbscan/front/processing_ms,std_msgs/msg/Float32,59.49288558959961
1774528711.819689,/metrics/dbscan/left/detections_count,std_msgs/msg/Int32,11
1774528711.819764,/metrics/dbscan/left/points_in,std_msgs/msg/Int32,7637
1774528711.8198378,/metrics/dbscan/left/processing_ms,std_msgs/msg/Float32,63.59977722167969
1774528711.85769,/metrics/dbscan/back/detections_count,std_msgs/msg/Int32,11
1774528711.8578076,/metrics/dbscan/back/points_in,std_msgs/msg/Int32,5989
1774528711.8578727,/metrics/dbscan/back/processing_ms,std_msgs/msg/Float32,52.116207122802734
1774528711.8930686,/metrics/dbscan/right/detections_count,std_msgs/msg/Int32,8
1774528711.893191,/metrics/dbscan/right/points_in,std_msgs/msg/Int32,7938
1774528711.893255,/metrics/dbscan/right/processing_ms,std_msgs/msg/Float32,60.232242584228516
1774528711.910691,/metrics/dbscan/front/detections_count,std_msgs/msg/Int32,11
1774528711.9108012,/metrics/dbscan/front/points_in,std_msgs/msg/Int32,5578
1774528711.910866,/metrics/dbscan/front/processing_ms,std_msgs/msg/Float32,57.50949478149414
1774528711.917224,/metrics/dbscan/left/detections_count,std_msgs/msg/Int32,11
1774528711.9173155,/metrics/dbscan/left/points_in,std_msgs/msg/Int32,7640
1774528711.917386,/metrics/dbscan/left/processing_ms,std_msgs/msg/Float32,65.36012268066406
1774528711.9574718,/metrics/dbscan/back/detections_count,std_msgs/msg/Int32,11
1774528711.9575837,/metrics/dbscan/back/points_in,std_msgs/msg/Int32,6112
1774528711.9576478,/metrics/dbscan/back/processing_ms,std_msgs/msg/Float32,50.424678802490234
1774528711.9974208,/metrics/dbscan/right/detections_count,std_msgs/msg/Int32,8
1774528711.9975967,/metrics/dbscan/right/points_in,std_msgs/msg/Int32,7639
1774528711.9977214,/metrics/dbscan/right/processing_ms,std_msgs/msg/Float32,63.65877914428711
1774528712.0103493,/metrics/dbscan/front/detections_count,std_msgs/msg/Int32,11
1774528712.0104527,/metrics/dbscan/front/points_in,std_msgs/msg/Int32,5574
1774528712.010515,/metrics/dbscan/front/processing_ms,std_msgs/msg/Float32,55.871910095214844
1774528712.0209174,/metrics/dbscan/left/detections_count,std_msgs/msg/Int32,11
1774528712.0210037,/metrics/dbscan/left/points_in,std_msgs/msg/Int32,7653
1774528712.0210693,/metrics/dbscan/left/processing_ms,std_msgs/msg/Float32,68.16922760009766
1774528712.0597947,/metrics/dbscan/back/detections_count,std_msgs/msg/Int32,11
1774528712.0599031,/metrics/dbscan/back/points_in,std_msgs/msg/Int32,6175
1774528712.0599687,/metrics/dbscan/back/processing_ms,std_msgs/msg/Float32,52.098331451416016
1774528712.1002834,/metrics/dbscan/right/detections_count,std_msgs/msg/Int32,8
1774528712.100406,/metrics/dbscan/right/points_in,std_msgs/msg/Int32,7580
1774528712.1004708,/metrics/dbscan/right/processing_ms,std_msgs/msg/Float32,66.135498046875
1774528712.1145673,/metrics/dbscan/front/detections_count,std_msgs/msg/Int32,12
1774528712.114675,/metrics/dbscan/front/points_in,std_msgs/msg/Int32,5581
1774528712.1147385,/metrics/dbscan/front/processing_ms,std_msgs/msg/Float32,59.17619323730469
1774528712.125529,/metrics/dbscan/left/detections_count,std_msgs/msg/Int32,11
1774528712.1256394,/metrics/dbscan/left/points_in,std_msgs/msg/Int32,7650
1774528712.1257148,/metrics/dbscan/left/processing_ms,std_msgs/msg/Float32,71.30803680419922
1774528712.1591597,/metrics/dbscan/back/detections_count,std_msgs/msg/Int32,10
1774528712.1592848,/metrics/dbscan/back/points_in,std_msgs/msg/Int32,6255
1774528712.159358,/metrics/dbscan/back/processing_ms,std_msgs/msg/Float32,51.11785888671875
1774528712.1906319,/metrics/dbscan/right/detections_count,std_msgs/msg/Int32,8
1774528712.1908522,/metrics/dbscan/right/points_in,std_msgs/msg/Int32,7746
1774528712.1909394,/metrics/dbscan/right/processing_ms,std_msgs/msg/Float32,58.99099349975586
1774528712.213035,/metrics/dbscan/front/detections_count,std_msgs/msg/Int32,11
1774528712.2131565,/metrics/dbscan/front/points_in,std_msgs/msg/Int32,5582
1774528712.2132344,/metrics/dbscan/front/processing_ms,std_msgs/msg/Float32,57.09489822387695
1774528712.2178326,/metrics/dbscan/left/detections_count,std_msgs/msg/Int32,11
1774528712.2179103,/metrics/dbscan/left/points_in,std_msgs/msg/Int32,7643
1774528712.2179847,/metrics/dbscan/left/processing_ms,std_msgs/msg/Float32,67.36455535888672
1774528712.2642186,/metrics/dbscan/back/detections_count,std_msgs/msg/Int32,11
1774528712.2643778,/metrics/dbscan/back/points_in,std_msgs/msg/Int32,6285
1774528712.2644646,/metrics/dbscan/back/processing_ms,std_msgs/msg/Float32,55.311824798583984
1774528712.286554,/metrics/dbscan/right/detections_count,std_msgs/msg/Int32,8
1774528712.2866724,/metrics/dbscan/right/points_in,std_msgs/msg/Int32,7887
1774528712.2867386,/metrics/dbscan/right/processing_ms,std_msgs/msg/Float32,55.143436431884766
1774528712.316007,/metrics/dbscan/front/detections_count,std_msgs/msg/Int32,12
1774528712.3161182,/metrics/dbscan/front/points_in,std_msgs/msg/Int32,5580
1774528712.3161824,/metrics/dbscan/front/processing_ms,std_msgs/msg/Float32,58.01338195800781
1774528712.325301,/metrics/dbscan/left/detections_count,std_msgs/msg/Int32,11
1774528712.325419,/metrics/dbscan/left/points_in,std_msgs/msg/Int32,7648
1774528712.3254976,/metrics/dbscan/left/processing_ms,std_msgs/msg/Float32,74.32576751708984
1774528712.3565543,/metrics/dbscan/back/detections_count,std_msgs/msg/Int32,10
1774528712.3566778,/metrics/dbscan/back/points_in,std_msgs/msg/Int32,6080
1774528712.356758,/metrics/dbscan/back/processing_ms,std_msgs/msg/Float32,51.47906494140625
1774528712.3893473,/metrics/dbscan/right/detections_count,std_msgs/msg/Int32,8
1774528712.3894844,/metrics/dbscan/right/points_in,std_msgs/msg/Int32,7937
1774528712.3895578,/metrics/dbscan/right/processing_ms,std_msgs/msg/Float32,55.61368942260742
1774528712.4156396,/metrics/dbscan/front/detections_count,std_msgs/msg/Int32,13
1774528712.4157636,/metrics/dbscan/front/points_in,std_msgs/msg/Int32,5584
1774528712.4158344,/metrics/dbscan/front/processing_ms,std_msgs/msg/Float32,60.70135498046875
1774528712.417534,/metrics/dbscan/left/detections_count,std_msgs/msg/Int32,11
1774528712.4175978,/metrics/dbscan/left/points_in,std_msgs/msg/Int32,7654
1774528712.417647,/metrics/dbscan/left/processing_ms,std_msgs/msg/Float32,66.04542541503906
1774528712.4548368,/metrics/dbscan/back/detections_count,std_msgs/msg/Int32,10
1774528712.454948,/metrics/dbscan/back/points_in,std_msgs/msg/Int32,5843
1774528712.4550116,/metrics/dbscan/back/processing_ms,std_msgs/msg/Float32,49.19572448730469
1774528712.4911625,/metrics/dbscan/right/detections_count,std_msgs/msg/Int32,9
1774528712.4913085,/metrics/dbscan/right/points_in,std_msgs/msg/Int32,7794
1774528712.49139,/metrics/dbscan/right/processing_ms,std_msgs/msg/Float32,58.08633041381836
1774528712.5144353,/metrics/dbscan/front/detections_count,std_msgs/msg/Int32,13
1774528712.5145993,/metrics/dbscan/front/points_in,std_msgs/msg/Int32,5583
1774528712.514663,/metrics/dbscan/front/processing_ms,std_msgs/msg/Float32,58.1251335144043
1774528712.5218394,/metrics/dbscan/left/detections_count,std_msgs/msg/Int32,11
1774528712.5219443,/metrics/dbscan/left/points_in,std_msgs/msg/Int32,7659
1774528712.5220077,/metrics/dbscan/left/processing_ms,std_msgs/msg/Float32,68.18448638916016
1774528712.555418,/metrics/dbscan/back/detections_count,std_msgs/msg/Int32,11
1774528712.5555387,/metrics/dbscan/back/points_in,std_msgs/msg/Int32,5654
1774528712.5556066,/metrics/dbscan/back/processing_ms,std_msgs/msg/Float32,48.90926742553711
1774528712.5947492,/metrics/dbscan/right/detections_count,std_msgs/msg/Int32,10
1774528712.5948777,/metrics/dbscan/right/points_in,std_msgs/msg/Int32,7562
1774528712.594944,/metrics/dbscan/right/processing_ms,std_msgs/msg/Float32,60.580204010009766
1774528712.612149,/metrics/dbscan/front/detections_count,std_msgs/msg/Int32,12
1774528712.6122599,/metrics/dbscan/front/points_in,std_msgs/msg/Int32,5574
1774528712.6123416,/metrics/dbscan/front/processing_ms,std_msgs/msg/Float32,56.1890754699707
1774528712.6200464,/metrics/dbscan/left/detections_count,std_msgs/msg/Int32,11
1774528712.6201336,/metrics/dbscan/left/points_in,std_msgs/msg/Int32,7666
1774528712.620195,/metrics/dbscan/left/processing_ms,std_msgs/msg/Float32,66.0526123046875
1774528712.65691,/metrics/dbscan/back/detections_count,std_msgs/msg/Int32,11
1774528712.657008,/metrics/dbscan/back/points_in,std_msgs/msg/Int32,5587
1774528712.657069,/metrics/dbscan/back/processing_ms,std_msgs/msg/Float32,49.30317687988281
1774528712.6933482,/metrics/dbscan/right/detections_count,std_msgs/msg/Int32,8
1774528712.6934676,/metrics/dbscan/right/points_in,std_msgs/msg/Int32,7555
1774528712.6935322,/metrics/dbscan/right/processing_ms,std_msgs/msg/Float32,58.898555755615234
1774528712.711607,/metrics/dbscan/front/detections_count,std_msgs/msg/Int32,12
1774528712.7117174,/metrics/dbscan/front/points_in,std_msgs/msg/Int32,5582
1774528712.71178,/metrics/dbscan/front/processing_ms,std_msgs/msg/Float32,55.466888427734375
1774528712.716408,/metrics/dbscan/left/detections_count,std_msgs/msg/Int32,11
1774528712.7164886,/metrics/dbscan/left/points_in,std_msgs/msg/Int32,7664
1774528712.7165475,/metrics/dbscan/left/processing_ms,std_msgs/msg/Float32,66.25074768066406
1774528712.7563937,/metrics/dbscan/back/detections_count,std_msgs/msg/Int32,12
1774528712.7565157,/metrics/dbscan/back/points_in,std_msgs/msg/Int32,5608
1774528712.7565815,/metrics/dbscan/back/processing_ms,std_msgs/msg/Float32,47.82947540283203
1774528712.794717,/metrics/dbscan/right/detections_count,std_msgs/msg/Int32,8
1774528712.7948682,/metrics/dbscan/right/points_in,std_msgs/msg/Int32,7671
1774528712.794935,/metrics/dbscan/right/processing_ms,std_msgs/msg/Float32,63.065330505371094
1774528712.8132145,/metrics/dbscan/front/detections_count,std_msgs/msg/Int32,12
1774528712.8133447,/metrics/dbscan/front/points_in,std_msgs/msg/Int32,5583
1774528712.8134124,/metrics/dbscan/front/processing_ms,std_msgs/msg/Float32,56.38388442993164
1774528712.8189657,/metrics/dbscan/left/detections_count,std_msgs/msg/Int32,11
1774528712.8190587,/metrics/dbscan/left/points_in,std_msgs/msg/Int32,7663
1774528712.8191266,/metrics/dbscan/left/processing_ms,std_msgs/msg/Float32,68.0131607055664
1774528712.8568387,/metrics/dbscan/back/detections_count,std_msgs/msg/Int32,11
1774528712.8569498,/metrics/dbscan/back/points_in,std_msgs/msg/Int32,5738
1774528712.8570142,/metrics/dbscan/back/processing_ms,std_msgs/msg/Float32,47.36358642578125
1774528712.8961272,/metrics/dbscan/right/detections_count,std_msgs/msg/Int32,8
1774528712.8962507,/metrics/dbscan/right/points_in,std_msgs/msg/Int32,7631
1774528712.8963373,/metrics/dbscan/right/processing_ms,std_msgs/msg/Float32,64.00748443603516
1774528712.9088829,/metrics/dbscan/front/detections_count,std_msgs/msg/Int32,12
1774528712.9089873,/metrics/dbscan/front/points_in,std_msgs/msg/Int32,5592
1774528712.909048,/metrics/dbscan/front/processing_ms,std_msgs/msg/Float32,55.40126419067383
1774528712.9210851,/metrics/dbscan/left/detections_count,std_msgs/msg/Int32,11
1774528712.9211905,/metrics/dbscan/left/points_in,std_msgs/msg/Int32,7665
1774528712.921262,/metrics/dbscan/left/processing_ms,std_msgs/msg/Float32,68.77820587158203
1774528712.954932,/metrics/dbscan/back/detections_count,std_msgs/msg/Int32,12
1774528712.9550405,/metrics/dbscan/back/points_in,std_msgs/msg/Int32,6163
1774528712.9551058,/metrics/dbscan/back/processing_ms,std_msgs/msg/Float32,49.61519241333008
1774528712.9986706,/metrics/dbscan/right/detections_count,std_msgs/msg/Int32,8
1774528712.9987833,/metrics/dbscan/right/points_in,std_msgs/msg/Int32,7796
1774528712.9988475,/metrics/dbscan/right/processing_ms,std_msgs/msg/Float32,64.47123718261719
1774528713.0116045,/metrics/dbscan/front/detections_count,std_msgs/msg/Int32,12
1774528713.0117087,/metrics/dbscan/front/points_in,std_msgs/msg/Int32,5593
1774528713.0117745,/metrics/dbscan/front/processing_ms,std_msgs/msg/Float32,57.88923645019531
1774528713.0201068,/metrics/dbscan/left/detections_count,std_msgs/msg/Int32,11
1774528713.0202205,/metrics/dbscan/left/points_in,std_msgs/msg/Int32,7665
1774528713.0203042,/metrics/dbscan/left/processing_ms,std_msgs/msg/Float32,67.64288330078125
1774528713.05781,/metrics/dbscan/back/detections_count,std_msgs/msg/Int32,11
1774528713.0579615,/metrics/dbscan/back/points_in,std_msgs/msg/Int32,6637
1774528713.0580432,/metrics/dbscan/back/processing_ms,std_msgs/msg/Float32,51.62008285522461
1774528713.0978432,/metrics/dbscan/right/detections_count,std_msgs/msg/Int32,9
1774528713.0979826,/metrics/dbscan/right/points_in,std_msgs/msg/Int32,7893
1774528713.0980637,/metrics/dbscan/right/processing_ms,std_msgs/msg/Float32,64.42435455322266
1774528713.1117558,/metrics/dbscan/front/detections_count,std_msgs/msg/Int32,10
1774528713.111858,/metrics/dbscan/front/points_in,std_msgs/msg/Int32,5584
1774528713.1119184,/metrics/dbscan/front/processing_ms,std_msgs/msg/Float32,56.63638687133789
1774528713.1201544,/metrics/dbscan/left/detections_count,std_msgs/msg/Int32,11
1774528713.1203237,/metrics/dbscan/left/points_in,std_msgs/msg/Int32,7690
1774528713.120408,/metrics/dbscan/left/processing_ms,std_msgs/msg/Float32,66.49695587158203
1774528713.1591685,/metrics/dbscan/back/detections_count,std_msgs/msg/Int32,11
1774528713.159331,/metrics/dbscan/back/points_in,std_msgs/msg/Int32,6986
1774528713.1594331,/metrics/dbscan/back/processing_ms,std_msgs/msg/Float32,52.74799728393555
1774528713.1981008,/metrics/dbscan/right/detections_count,std_msgs/msg/Int32,10
1774528713.1982272,/metrics/dbscan/right/points_in,std_msgs/msg/Int32,7830
1774528713.1983092,/metrics/dbscan/right/processing_ms,std_msgs/msg/Float32,62.671573638916016
1774528713.2126293,/metrics/dbscan/front/detections_count,std_msgs/msg/Int32,12
1774528713.2127447,/metrics/dbscan/front/points_in,std_msgs/msg/Int32,5588
1774528713.2128067,/metrics/dbscan/front/processing_ms,std_msgs/msg/Float32,56.27585983276367
1774528713.215759,/metrics/dbscan/left/detections_count,std_msgs/msg/Int32,11
1774528713.2158446,/metrics/dbscan/left/points_in,std_msgs/msg/Int32,7677
1774528713.215905,/metrics/dbscan/left/processing_ms,std_msgs/msg/Float32,65.51168060302734
1774528713.260072,/metrics/dbscan/back/detections_count,std_msgs/msg/Int32,11
1774528713.2601862,/metrics/dbscan/back/points_in,std_msgs/msg/Int32,7147
1774528713.2602477,/metrics/dbscan/back/processing_ms,std_msgs/msg/Float32,52.06001281738281
1774528713.2919307,/metrics/dbscan/right/detections_count,std_msgs/msg/Int32,11
1774528713.292047,/metrics/dbscan/right/points_in,std_msgs/msg/Int32,7913
1774528713.2921126,/metrics/dbscan/right/processing_ms,std_msgs/msg/Float32,61.50213623046875
1774528713.3145106,/metrics/dbscan/front/detections_count,std_msgs/msg/Int32,12
1774528713.3146367,/metrics/dbscan/front/points_in,std_msgs/msg/Int32,5582
1774528713.3147118,/metrics/dbscan/front/processing_ms,std_msgs/msg/Float32,56.42283630371094
1774528713.3179784,/metrics/dbscan/left/detections_count,std_msgs/msg/Int32,11
1774528713.3180547,/metrics/dbscan/left/points_in,std_msgs/msg/Int32,7687
1774528713.3181186,/metrics/dbscan/left/processing_ms,std_msgs/msg/Float32,66.19274139404297
1774528713.361808,/metrics/dbscan/back/detections_count,std_msgs/msg/Int32,10
1774528713.3619287,/metrics/dbscan/back/points_in,std_msgs/msg/Int32,7185
1774528713.362009,/metrics/dbscan/back/processing_ms,std_msgs/msg/Float32,53.01903533935547
1774528713.3970497,/metrics/dbscan/right/detections_count,std_msgs/msg/Int32,11
1774528713.3971617,/metrics/dbscan/right/points_in,std_msgs/msg/Int32,7905
1774528713.3972244,/metrics/dbscan/right/processing_ms,std_msgs/msg/Float32,65.66700744628906
1774528713.4114728,/metrics/dbscan/front/detections_count,std_msgs/msg/Int32,12
1774528713.4115856,/metrics/dbscan/front/points_in,std_msgs/msg/Int32,5603
1774528713.4116495,/metrics/dbscan/front/processing_ms,std_msgs/msg/Float32,58.16120529174805
1774528713.4190996,/metrics/dbscan/left/detections_count,std_msgs/msg/Int32,11
1774528713.4191892,/metrics/dbscan/left/points_in,std_msgs/msg/Int32,7676
1774528713.4192488,/metrics/dbscan/left/processing_ms,std_msgs/msg/Float32,67.56587982177734
1774528713.4632294,/metrics/dbscan/back/detections_count,std_msgs/msg/Int32,11
1774528713.4633584,/metrics/dbscan/back/points_in,std_msgs/msg/Int32,7135
1774528713.463436,/metrics/dbscan/back/processing_ms,std_msgs/msg/Float32,57.808372497558594
1774528713.4974306,/metrics/dbscan/right/detections_count,std_msgs/msg/Int32,10
1774528713.4975564,/metrics/dbscan/right/points_in,std_msgs/msg/Int32,7574
1774528713.497631,/metrics/dbscan/right/processing_ms,std_msgs/msg/Float32,65.24588775634766
1774528713.511568,/metrics/dbscan/front/detections_count,std_msgs/msg/Int32,11
1774528713.5116742,/metrics/dbscan/front/points_in,std_msgs/msg/Int32,5588
1774528713.511736,/metrics/dbscan/front/processing_ms,std_msgs/msg/Float32,57.436988830566406
1774528713.5201979,/metrics/dbscan/left/detections_count,std_msgs/msg/Int32,11
1774528713.5202973,/metrics/dbscan/left/points_in,std_msgs/msg/Int32,7653
1774528713.520361,/metrics/dbscan/left/processing_ms,std_msgs/msg/Float32,67.25839233398438
1774528713.5595083,/metrics/dbscan/back/detections_count,std_msgs/msg/Int32,11
1774528713.55962,/metrics/dbscan/back/points_in,std_msgs/msg/Int32,7086
1774528713.5596848,/metrics/dbscan/back/processing_ms,std_msgs/msg/Float32,52.83540344238281
1774528713.59396,/metrics/dbscan/right/detections_count,std_msgs/msg/Int32,11
1774528713.5940764,/metrics/dbscan/right/points_in,std_msgs/msg/Int32,7195
1774528713.5941398,/metrics/dbscan/right/processing_ms,std_msgs/msg/Float32,61.51121520996094
1774528713.610839,/metrics/dbscan/front/detections_count,std_msgs/msg/Int32,11
1774528713.6109488,/metrics/dbscan/front/points_in,std_msgs/msg/Int32,5592
1774528713.6110117,/metrics/dbscan/front/processing_ms,std_msgs/msg/Float32,55.72187423706055
1774528713.6216228,/metrics/dbscan/left/detections_count,std_msgs/msg/Int32,11
1774528713.6217175,/metrics/dbscan/left/points_in,std_msgs/msg/Int32,7607
1774528713.6217794,/metrics/dbscan/left/processing_ms,std_msgs/msg/Float32,68.33145904541016
1774528713.6593428,/metrics/dbscan/back/detections_count,std_msgs/msg/Int32,12
1774528713.6594746,/metrics/dbscan/back/points_in,std_msgs/msg/Int32,6957
1774528713.6595402,/metrics/dbscan/back/processing_ms,std_msgs/msg/Float32,52.76200485229492
1774528713.694384,/metrics/dbscan/right/detections_count,std_msgs/msg/Int32,11
1774528713.694592,/metrics/dbscan/right/points_in,std_msgs/msg/Int32,6920
1774528713.6946704,/metrics/dbscan/right/processing_ms,std_msgs/msg/Float32,60.81922149658203
1774528713.714584,/metrics/dbscan/front/detections_count,std_msgs/msg/Int32,12
1774528713.714695,/metrics/dbscan/front/points_in,std_msgs/msg/Int32,5592
1774528713.7147586,/metrics/dbscan/front/processing_ms,std_msgs/msg/Float32,58.329063415527344
1774528713.7187374,/metrics/dbscan/left/detections_count,std_msgs/msg/Int32,12
1774528713.7188222,/metrics/dbscan/left/points_in,std_msgs/msg/Int32,7564
1774528713.7188861,/metrics/dbscan/left/processing_ms,std_msgs/msg/Float32,68.32353210449219
1774528713.7601438,/metrics/dbscan/back/detections_count,std_msgs/msg/Int32,10
1774528713.7603016,/metrics/dbscan/back/points_in,std_msgs/msg/Int32,6585
1774528713.7603796,/metrics/dbscan/back/processing_ms,std_msgs/msg/Float32,52.72069549560547
1774528713.7898078,/metrics/dbscan/right/detections_count,std_msgs/msg/Int32,10
1774528713.7899506,/metrics/dbscan/right/points_in,std_msgs/msg/Int32,7097
1774528713.7900183,/metrics/dbscan/right/processing_ms,std_msgs/msg/Float32,55.43089294433594
1774528713.8150713,/metrics/dbscan/front/detections_count,std_msgs/msg/Int32,11
1774528713.8151855,/metrics/dbscan/front/points_in,std_msgs/msg/Int32,5582
1774528713.8152494,/metrics/dbscan/front/processing_ms,std_msgs/msg/Float32,58.61642837524414
1774528713.816047,/metrics/dbscan/left/detections_count,std_msgs/msg/Int32,12
1774528713.8161294,/metrics/dbscan/left/processing_ms,std_msgs/msg/Float32,65.27537536621094
1774528713.8164065,/metrics/dbscan/left/points_in,std_msgs/msg/Int32,7522
1774528713.861899,/metrics/dbscan/back/detections_count,std_msgs/msg/Int32,11
1774528713.862022,/metrics/dbscan/back/points_in,std_msgs/msg/Int32,6050
1774528713.862077,/metrics/dbscan/back/processing_ms,std_msgs/msg/Float32,53.32176971435547
1774528713.890291,/metrics/dbscan/right/detections_count,std_msgs/msg/Int32,10
1774528713.8905017,/metrics/dbscan/right/points_in,std_msgs/msg/Int32,7309
1774528713.8905976,/metrics/dbscan/right/processing_ms,std_msgs/msg/Float32,59.461326599121094
1774528713.9158447,/metrics/dbscan/front/detections_count,std_msgs/msg/Int32,11
1774528713.915992,/metrics/dbscan/front/points_in,std_msgs/msg/Int32,5600
1774528713.9160743,/metrics/dbscan/front/processing_ms,std_msgs/msg/Float32,56.645042419433594
1774528713.9200246,/metrics/dbscan/left/detections_count,std_msgs/msg/Int32,11
1774528713.920145,/metrics/dbscan/left/points_in,std_msgs/msg/Int32,7497
1774528713.920214,/metrics/dbscan/left/processing_ms,std_msgs/msg/Float32,67.95032501220703
1774528713.962107,/metrics/dbscan/back/detections_count,std_msgs/msg/Int32,11
1774528713.9622214,/metrics/dbscan/back/points_in,std_msgs/msg/Int32,5426
1774528713.9623013,/metrics/dbscan/back/processing_ms,std_msgs/msg/Float32,52.90113067626953
1774528713.9985895,/metrics/dbscan/right/detections_count,std_msgs/msg/Int32,10
1774528713.998705,/metrics/dbscan/right/points_in,std_msgs/msg/Int32,7345
1774528713.9987679,/metrics/dbscan/right/processing_ms,std_msgs/msg/Float32,66.17172241210938
1774528714.0117295,/metrics/dbscan/front/detections_count,std_msgs/msg/Int32,11
1774528714.0118368,/metrics/dbscan/front/points_in,std_msgs/msg/Int32,5586
1774528714.0119166,/metrics/dbscan/front/processing_ms,std_msgs/msg/Float32,56.39087677001953
1774528714.022521,/metrics/dbscan/left/detections_count,std_msgs/msg/Int32,11
1774528714.0226345,/metrics/dbscan/left/points_in,std_msgs/msg/Int32,7496
1774528714.0226972,/metrics/dbscan/left/processing_ms,std_msgs/msg/Float32,69.34764862060547
1774528714.0568433,/metrics/dbscan/back/detections_count,std_msgs/msg/Int32,11
1774528714.0569546,/metrics/dbscan/back/points_in,std_msgs/msg/Int32,4731
1774528714.05702,/metrics/dbscan/back/processing_ms,std_msgs/msg/Float32,51.45939636230469
1774528714.0918624,/metrics/dbscan/right/detections_count,std_msgs/msg/Int32,11
1774528714.0919743,/metrics/dbscan/right/points_in,std_msgs/msg/Int32,7058
1774528714.0920393,/metrics/dbscan/right/processing_ms,std_msgs/msg/Float32,59.52493667602539
1774528714.1146848,/metrics/dbscan/front/detections_count,std_msgs/msg/Int32,12
1774528714.1148438,/metrics/dbscan/front/points_in,std_msgs/msg/Int32,5597
1774528714.1149435,/metrics/dbscan/front/processing_ms,std_msgs/msg/Float32,58.31913375854492
1774528714.1198895,/metrics/dbscan/left/detections_count,std_msgs/msg/Int32,11
1774528714.1199718,/metrics/dbscan/left/points_in,std_msgs/msg/Int32,7490
1774528714.1200297,/metrics/dbscan/left/processing_ms,std_msgs/msg/Float32,65.36891174316406
1774528714.15467,/metrics/dbscan/back/detections_count,std_msgs/msg/Int32,11
1774528714.1547759,/metrics/dbscan/back/points_in,std_msgs/msg/Int32,4146
1774528714.1548364,/metrics/dbscan/back/processing_ms,std_msgs/msg/Float32,48.738975524902344
1774528714.1987786,/metrics/dbscan/right/detections_count,std_msgs/msg/Int32,11
1774528714.1988926,/metrics/dbscan/right/points_in,std_msgs/msg/Int32,7030
1774528714.1989582,/metrics/dbscan/right/processing_ms,std_msgs/msg/Float32,65.59197998046875
1774528714.2143352,/metrics/dbscan/front/detections_count,std_msgs/msg/Int32,12
1774528714.2144487,/metrics/dbscan/front/points_in,std_msgs/msg/Int32,5636
1774528714.2145123,/metrics/dbscan/front/processing_ms,std_msgs/msg/Float32,58.49900436401367
1774528714.2177236,/metrics/dbscan/left/detections_count,std_msgs/msg/Int32,11
1774528714.217804,/metrics/dbscan/left/processing_ms,std_msgs/msg/Float32,66.85946655273438
1774528714.218095,/metrics/dbscan/left/points_in,std_msgs/msg/Int32,7482
1774528714.2592244,/metrics/dbscan/back/detections_count,std_msgs/msg/Int32,10
1774528714.2593546,/metrics/dbscan/back/points_in,std_msgs/msg/Int32,4119
1774528714.2594438,/metrics/dbscan/back/processing_ms,std_msgs/msg/Float32,52.27524185180664
1774528714.297024,/metrics/dbscan/right/detections_count,std_msgs/msg/Int32,9
1774528714.2971568,/metrics/dbscan/right/points_in,std_msgs/msg/Int32,7198
1774528714.297242,/metrics/dbscan/right/processing_ms,std_msgs/msg/Float32,63.650997161865234
1774528714.3093011,/metrics/dbscan/front/detections_count,std_msgs/msg/Int32,11
1774528714.3094337,/metrics/dbscan/front/points_in,std_msgs/msg/Int32,5824
1774528714.3095148,/metrics/dbscan/front/processing_ms,std_msgs/msg/Float32,52.564109802246094
1774528714.3183851,/metrics/dbscan/left/detections_count,std_msgs/msg/Int32,11
1774528714.318485,/metrics/dbscan/left/points_in,std_msgs/msg/Int32,7482
1774528714.3185446,/metrics/dbscan/left/processing_ms,std_msgs/msg/Float32,67.34496307373047
1774528714.3567836,/metrics/dbscan/back/detections_count,std_msgs/msg/Int32,10
1774528714.3569055,/metrics/dbscan/back/points_in,std_msgs/msg/Int32,4121
1774528714.356988,/metrics/dbscan/back/processing_ms,std_msgs/msg/Float32,48.89106369018555
1774528714.400304,/metrics/dbscan/right/detections_count,std_msgs/msg/Int32,11
1774528714.4004347,/metrics/dbscan/right/points_in,std_msgs/msg/Int32,7406
1774528714.4005234,/metrics/dbscan/right/processing_ms,std_msgs/msg/Float32,66.18095397949219
1774528714.4116497,/metrics/dbscan/front/detections_count,std_msgs/msg/Int32,11
1774528714.4117506,/metrics/dbscan/front/points_in,std_msgs/msg/Int32,6142
1774528714.4118223,/metrics/dbscan/front/processing_ms,std_msgs/msg/Float32,53.721702575683594
1774528714.416371,/metrics/dbscan/left/detections_count,std_msgs/msg/Int32,11
1774528714.4164627,/metrics/dbscan/left/points_in,std_msgs/msg/Int32,7490
1774528714.416529,/metrics/dbscan/left/processing_ms,std_msgs/msg/Float32,64.33832550048828
1774528714.4587517,/metrics/dbscan/back/detections_count,std_msgs/msg/Int32,11
1774528714.4588716,/metrics/dbscan/back/points_in,std_msgs/msg/Int32,4107
1774528714.4589427,/metrics/dbscan/back/processing_ms,std_msgs/msg/Float32,50.08434295654297
1774528714.5013034,/metrics/dbscan/right/detections_count,std_msgs/msg/Int32,10
1774528714.5014207,/metrics/dbscan/right/points_in,std_msgs/msg/Int32,7485
1774528714.5014873,/metrics/dbscan/right/processing_ms,std_msgs/msg/Float32,70.2483901977539
1774528714.5113664,/metrics/dbscan/front/detections_count,std_msgs/msg/Int32,13
1774528714.5114698,/metrics/dbscan/front/points_in,std_msgs/msg/Int32,6334
1774528714.5115328,/metrics/dbscan/front/processing_ms,std_msgs/msg/Float32,54.918094635009766
1774528714.5214765,/metrics/dbscan/left/detections_count,std_msgs/msg/Int32,11
1774528714.5215917,/metrics/dbscan/left/points_in,std_msgs/msg/Int32,7498
1774528714.5216565,/metrics/dbscan/left/processing_ms,std_msgs/msg/Float32,68.44080352783203
1774528714.5603542,/metrics/dbscan/back/detections_count,std_msgs/msg/Int32,11
1774528714.5604842,/metrics/dbscan/back/points_in,std_msgs/msg/Int32,4106
1774528714.5605488,/metrics/dbscan/back/processing_ms,std_msgs/msg/Float32,50.404170989990234
1774528714.598263,/metrics/dbscan/right/detections_count,std_msgs/msg/Int32,11
1774528714.5984282,/metrics/dbscan/right/points_in,std_msgs/msg/Int32,7365
1774528714.5984993,/metrics/dbscan/right/processing_ms,std_msgs/msg/Float32,65.84454345703125
1774528714.6129436,/metrics/dbscan/front/detections_count,std_msgs/msg/Int32,15
1774528714.6130729,/metrics/dbscan/front/points_in,std_msgs/msg/Int32,6258
1774528714.6131394,/metrics/dbscan/front/processing_ms,std_msgs/msg/Float32,57.90705108642578
1774528714.6216154,/metrics/dbscan/left/detections_count,std_msgs/msg/Int32,11
1774528714.6217792,/metrics/dbscan/left/points_in,std_msgs/msg/Int32,7496
1774528714.621841,/metrics/dbscan/left/processing_ms,std_msgs/msg/Float32,67.83142852783203
1774528714.655513,/metrics/dbscan/back/detections_count,std_msgs/msg/Int32,11
1774528714.6556408,/metrics/dbscan/back/points_in,std_msgs/msg/Int32,4101
1774528714.655706,/metrics/dbscan/back/processing_ms,std_msgs/msg/Float32,50.21028137207031
1774528714.6970556,/metrics/dbscan/right/detections_count,std_msgs/msg/Int32,10
1774528714.6971838,/metrics/dbscan/right/points_in,std_msgs/msg/Int32,7489
1774528714.6972508,/metrics/dbscan/right/processing_ms,std_msgs/msg/Float32,64.61894226074219
1774528714.7105958,/metrics/dbscan/front/detections_count,std_msgs/msg/Int32,13
1774528714.7106922,/metrics/dbscan/front/points_in,std_msgs/msg/Int32,6318
1774528714.7107446,/metrics/dbscan/front/processing_ms,std_msgs/msg/Float32,54.627342224121094
1774528714.7187796,/metrics/dbscan/left/detections_count,std_msgs/msg/Int32,11
1774528714.7188957,/metrics/dbscan/left/points_in,std_msgs/msg/Int32,7492
1774528714.7189596,/metrics/dbscan/left/processing_ms,std_msgs/msg/Float32,67.87606048583984
1774528714.7559144,/metrics/dbscan/back/detections_count,std_msgs/msg/Int32,11
1774528714.7560384,/metrics/dbscan/back/points_in,std_msgs/msg/Int32,4107
1774528714.756096,/metrics/dbscan/back/processing_ms,std_msgs/msg/Float32,49.91098403930664
1774528714.7993476,/metrics/dbscan/right/detections_count,std_msgs/msg/Int32,10
1774528714.799481,/metrics/dbscan/right/points_in,std_msgs/msg/Int32,7711
1774528714.7995455,/metrics/dbscan/right/processing_ms,std_msgs/msg/Float32,64.57101440429688
1774528714.8121085,/metrics/dbscan/front/detections_count,std_msgs/msg/Int32,13
1774528714.8122292,/metrics/dbscan/front/points_in,std_msgs/msg/Int32,6476
1774528714.8123026,/metrics/dbscan/front/processing_ms,std_msgs/msg/Float32,55.386898040771484
1774528714.8193328,/metrics/dbscan/left/detections_count,std_msgs/msg/Int32,11
1774528714.8194764,/metrics/dbscan/left/points_in,std_msgs/msg/Int32,7495
1774528714.8195522,/metrics/dbscan/left/processing_ms,std_msgs/msg/Float32,65.72518920898438
1774528714.854869,/metrics/dbscan/back/detections_count,std_msgs/msg/Int32,10
1774528714.854987,/metrics/dbscan/back/points_in,std_msgs/msg/Int32,4113
1774528714.8550558,/metrics/dbscan/back/processing_ms,std_msgs/msg/Float32,47.84166717529297
1774528714.898778,/metrics/dbscan/right/detections_count,std_msgs/msg/Int32,10
1774528714.8988924,/metrics/dbscan/right/points_in,std_msgs/msg/Int32,7725
1774528714.898958,/metrics/dbscan/right/processing_ms,std_msgs/msg/Float32,64.71115112304688
1774528714.9128928,/metrics/dbscan/front/detections_count,std_msgs/msg/Int32,13
1774528714.9130156,/metrics/dbscan/front/points_in,std_msgs/msg/Int32,6490
1774528714.9130728,/metrics/dbscan/front/processing_ms,std_msgs/msg/Float32,54.5797233581543
1774528714.920883,/metrics/dbscan/left/detections_count,std_msgs/msg/Int32,11
1774528714.9209943,/metrics/dbscan/left/points_in,std_msgs/msg/Int32,7512
1774528714.921063,/metrics/dbscan/left/processing_ms,std_msgs/msg/Float32,68.16065979003906
1774528714.9558134,/metrics/dbscan/back/detections_count,std_msgs/msg/Int32,10
1774528714.955932,/metrics/dbscan/back/points_in,std_msgs/msg/Int32,4114
1774528714.9559963,/metrics/dbscan/back/processing_ms,std_msgs/msg/Float32,48.7749137878418
1774528714.994431,/metrics/dbscan/right/detections_count,std_msgs/msg/Int32,10
1774528714.9945471,/metrics/dbscan/right/points_in,std_msgs/msg/Int32,7390
1774528714.9946115,/metrics/dbscan/right/processing_ms,std_msgs/msg/Float32,63.32011413574219
1774528715.0121918,/metrics/dbscan/front/detections_count,std_msgs/msg/Int32,13
1774528715.0123174,/metrics/dbscan/front/points_in,std_msgs/msg/Int32,6260
1774528715.0123875,/metrics/dbscan/front/processing_ms,std_msgs/msg/Float32,58.296302795410156
1774528715.0174675,/metrics/dbscan/left/detections_count,std_msgs/msg/Int32,11
1774528715.0175476,/metrics/dbscan/left/points_in,std_msgs/msg/Int32,7501
1774528715.017605,/metrics/dbscan/left/processing_ms,std_msgs/msg/Float32,65.21123504638672
1774528715.0582354,/metrics/dbscan/back/detections_count,std_msgs/msg/Int32,11
1774528715.0583568,/metrics/dbscan/back/points_in,std_msgs/msg/Int32,4116
1774528715.0584252,/metrics/dbscan/back/processing_ms,std_msgs/msg/Float32,50.23823547363281
1774528715.094745,/metrics/dbscan/right/detections_count,std_msgs/msg/Int32,11
1774528715.0948532,/metrics/dbscan/right/points_in,std_msgs/msg/Int32,6977
1774528715.0949192,/metrics/dbscan/right/processing_ms,std_msgs/msg/Float32,63.47816467285156
1774528715.1090348,/metrics/dbscan/front/detections_count,std_msgs/msg/Int32,12
1774528715.109154,/metrics/dbscan/front/points_in,std_msgs/msg/Int32,6090
1774528715.1092184,/metrics/dbscan/front/processing_ms,std_msgs/msg/Float32,54.39446258544922
1774528715.1181107,/metrics/dbscan/left/detections_count,std_msgs/msg/Int32,11
1774528715.118211,/metrics/dbscan/left/points_in,std_msgs/msg/Int32,7496
1774528715.1182706,/metrics/dbscan/left/processing_ms,std_msgs/msg/Float32,64.63095092773438
1774528715.1577027,/metrics/dbscan/back/detections_count,std_msgs/msg/Int32,10
1774528715.1578166,/metrics/dbscan/back/points_in,std_msgs/msg/Int32,4113
1774528715.1578841,/metrics/dbscan/back/processing_ms,std_msgs/msg/Float32,48.17604446411133
1774528715.1961968,/metrics/dbscan/right/detections_count,std_msgs/msg/Int32,11
1774528715.1963985,/metrics/dbscan/right/points_in,std_msgs/msg/Int32,6912
1774528715.1964583,/metrics/dbscan/right/processing_ms,std_msgs/msg/Float32,63.58705520629883
1774528715.2133582,/metrics/dbscan/front/detections_count,std_msgs/msg/Int32,12
1774528715.2134705,/metrics/dbscan/front/points_in,std_msgs/msg/Int32,6281
1774528715.2135344,/metrics/dbscan/front/processing_ms,std_msgs/msg/Float32,57.549903869628906
1774528715.2177424,/metrics/dbscan/left/detections_count,std_msgs/msg/Int32,11
1774528715.2178297,/metrics/dbscan/left/points_in,std_msgs/msg/Int32,7496
1774528715.2178938,/metrics/dbscan/left/processing_ms,std_msgs/msg/Float32,67.49293518066406
1774528715.2543309,/metrics/dbscan/back/detections_count,std_msgs/msg/Int32,10
1774528715.2544448,/metrics/dbscan/back/points_in,std_msgs/msg/Int32,4124
1774528715.2545085,/metrics/dbscan/back/processing_ms,std_msgs/msg/Float32,48.61774444580078
1774528715.2970748,/metrics/dbscan/right/detections_count,std_msgs/msg/Int32,11
1774528715.297211,/metrics/dbscan/right/points_in,std_msgs/msg/Int32,6958
1774528715.2972941,/metrics/dbscan/right/processing_ms,std_msgs/msg/Float32,64.14814758300781
1774528715.3145359,/metrics/dbscan/front/detections_count,std_msgs/msg/Int32,12
1774528715.3146489,/metrics/dbscan/front/points_in,std_msgs/msg/Int32,6494
1774528715.3147137,/metrics/dbscan/front/processing_ms,std_msgs/msg/Float32,58.15195846557617
1774528715.3272152,/metrics/dbscan/left/detections_count,std_msgs/msg/Int32,11
1774528715.3273556,/metrics/dbscan/left/points_in,std_msgs/msg/Int32,7499
1774528715.3274252,/metrics/dbscan/left/processing_ms,std_msgs/msg/Float32,75.90584564208984
1774528715.354437,/metrics/dbscan/back/detections_count,std_msgs/msg/Int32,10
1774528715.3545506,/metrics/dbscan/back/points_in,std_msgs/msg/Int32,4123
1774528715.3546288,/metrics/dbscan/back/processing_ms,std_msgs/msg/Float32,48.552120208740234
1774528715.3983657,/metrics/dbscan/right/detections_count,std_msgs/msg/Int32,10
1774528715.3984654,/metrics/dbscan/right/points_in,std_msgs/msg/Int32,6978
1774528715.3985186,/metrics/dbscan/right/processing_ms,std_msgs/msg/Float32,64.78372955322266
1774528715.4159474,/metrics/dbscan/front/detections_count,std_msgs/msg/Int32,11
1774528715.4160612,/metrics/dbscan/front/points_in,std_msgs/msg/Int32,6550
1774528715.416124,/metrics/dbscan/front/processing_ms,std_msgs/msg/Float32,59.019596099853516
1774528715.4184618,/metrics/dbscan/left/detections_count,std_msgs/msg/Int32,11
1774528715.4185424,/metrics/dbscan/left/points_in,std_msgs/msg/Int32,7486
1774528715.418607,/metrics/dbscan/left/processing_ms,std_msgs/msg/Float32,67.01544189453125
1774528715.4554238,/metrics/dbscan/back/detections_count,std_msgs/msg/Int32,11
1774528715.4555488,/metrics/dbscan/back/points_in,std_msgs/msg/Int32,4121
1774528715.4556131,/metrics/dbscan/back/processing_ms,std_msgs/msg/Float32,48.958892822265625
1774528715.5008805,/metrics/dbscan/right/detections_count,std_msgs/msg/Int32,10
1774528715.5009933,/metrics/dbscan/right/points_in,std_msgs/msg/Int32,6863
1774528715.5010583,/metrics/dbscan/right/processing_ms,std_msgs/msg/Float32,67.21371459960938
1774528715.5122185,/metrics/dbscan/front/detections_count,std_msgs/msg/Int32,12
1774528715.512327,/metrics/dbscan/front/points_in,std_msgs/msg/Int32,6408
1774528715.5123835,/metrics/dbscan/front/processing_ms,std_msgs/msg/Float32,58.13671875
1774528715.5223937,/metrics/dbscan/left/detections_count,std_msgs/msg/Int32,11
1774528715.5225153,/metrics/dbscan/left/points_in,std_msgs/msg/Int32,7493
1774528715.522581,/metrics/dbscan/left/processing_ms,std_msgs/msg/Float32,69.82599639892578
1774528715.5586326,/metrics/dbscan/back/detections_count,std_msgs/msg/Int32,10
1774528715.5587308,/metrics/dbscan/back/points_in,std_msgs/msg/Int32,4100
1774528715.558785,/metrics/dbscan/back/processing_ms,std_msgs/msg/Float32,50.71315002441406
1774528715.5932913,/metrics/dbscan/right/detections_count,std_msgs/msg/Int32,10
1774528715.5934215,/metrics/dbscan/right/points_in,std_msgs/msg/Int32,6646
1774528715.5934856,/metrics/dbscan/right/processing_ms,std_msgs/msg/Float32,61.707489013671875
1774528715.6135948,/metrics/dbscan/front/detections_count,std_msgs/msg/Int32,12
1774528715.6137264,/metrics/dbscan/front/points_in,std_msgs/msg/Int32,6329
1774528715.6137931,/metrics/dbscan/front/processing_ms,std_msgs/msg/Float32,58.64521408081055
1774528715.6229596,/metrics/dbscan/left/detections_count,std_msgs/msg/Int32,11
1774528715.623068,/metrics/dbscan/left/points_in,std_msgs/msg/Int32,7474
1774528715.62313,/metrics/dbscan/left/processing_ms,std_msgs/msg/Float32,69.07872772216797
1774528715.658011,/metrics/dbscan/back/detections_count,std_msgs/msg/Int32,9
1774528715.6581259,/metrics/dbscan/back/points_in,std_msgs/msg/Int32,4115
1774528715.6581948,/metrics/dbscan/back/processing_ms,std_msgs/msg/Float32,49.24855422973633
1774528715.6919672,/metrics/dbscan/right/detections_count,std_msgs/msg/Int32,10
1774528715.6920831,/metrics/dbscan/right/points_in,std_msgs/msg/Int32,6696
1774528715.6921494,/metrics/dbscan/right/processing_ms,std_msgs/msg/Float32,60.26587677001953
1774528715.7148013,/metrics/dbscan/front/detections_count,std_msgs/msg/Int32,13
1774528715.714921,/metrics/dbscan/front/points_in,std_msgs/msg/Int32,6425
1774528715.715005,/metrics/dbscan/front/processing_ms,std_msgs/msg/Float32,58.048240661621094
1774528715.718942,/metrics/dbscan/left/detections_count,std_msgs/msg/Int32,11
1774528715.7190125,/metrics/dbscan/left/points_in,std_msgs/msg/Int32,7498
1774528715.7190735,/metrics/dbscan/left/processing_ms,std_msgs/msg/Float32,67.74567413330078
1774528715.757562,/metrics/dbscan/back/detections_count,std_msgs/msg/Int32,10
1774528715.7576766,/metrics/dbscan/back/points_in,std_msgs/msg/Int32,4121
1774528715.7577443,/metrics/dbscan/back/processing_ms,std_msgs/msg/Float32,48.24030685424805
1774528715.7924368,/metrics/dbscan/right/detections_count,std_msgs/msg/Int32,10
1774528715.7925572,/metrics/dbscan/right/points_in,std_msgs/msg/Int32,7196
1774528715.7926223,/metrics/dbscan/right/processing_ms,std_msgs/msg/Float32,59.91564178466797
1774528715.8139243,/metrics/dbscan/front/detections_count,std_msgs/msg/Int32,11
1774528715.8140385,/metrics/dbscan/front/points_in,std_msgs/msg/Int32,6485
1774528715.8141024,/metrics/dbscan/front/processing_ms,std_msgs/msg/Float32,57.948299407958984
1774528715.8176303,/metrics/dbscan/left/detections_count,std_msgs/msg/Int32,11
1774528715.8177116,/metrics/dbscan/left/processing_ms,std_msgs/msg/Float32,66.74580383300781
1774528715.817993,/metrics/dbscan/left/points_in,std_msgs/msg/Int32,7497
1774528715.856205,/metrics/dbscan/back/detections_count,std_msgs/msg/Int32,9
1774528715.8563473,/metrics/dbscan/back/points_in,std_msgs/msg/Int32,4121
1774528715.8564193,/metrics/dbscan/back/processing_ms,std_msgs/msg/Float32,50.19709777832031
1774528715.8942387,/metrics/dbscan/right/detections_count,std_msgs/msg/Int32,11
1774528715.8943799,/metrics/dbscan/right/points_in,std_msgs/msg/Int32,7809
1774528715.8944492,/metrics/dbscan/right/processing_ms,std_msgs/msg/Float32,61.16566848754883
1774528715.9141784,/metrics/dbscan/front/detections_count,std_msgs/msg/Int32,11
1774528715.9143112,/metrics/dbscan/front/points_in,std_msgs/msg/Int32,6424
1774528715.9143796,/metrics/dbscan/front/processing_ms,std_msgs/msg/Float32,57.05247497558594
1774528715.921238,/metrics/dbscan/left/detections_count,std_msgs/msg/Int32,11
1774528715.9213328,/metrics/dbscan/left/points_in,std_msgs/msg/Int32,7511
1774528715.9214003,/metrics/dbscan/left/processing_ms,std_msgs/msg/Float32,69.4773941040039
1774528715.956881,/metrics/dbscan/back/detections_count,std_msgs/msg/Int32,10
1774528715.9569945,/metrics/dbscan/back/points_in,std_msgs/msg/Int32,4100
1774528715.95706,/metrics/dbscan/back/processing_ms,std_msgs/msg/Float32,49.128536224365234
1774528715.9966965,/metrics/dbscan/right/detections_count,std_msgs/msg/Int32,10
1774528715.996837,/metrics/dbscan/right/points_in,std_msgs/msg/Int32,8221
1774528715.9969208,/metrics/dbscan/right/processing_ms,std_msgs/msg/Float32,62.34566116333008
1774528716.0133684,/metrics/dbscan/front/detections_count,std_msgs/msg/Int32,12
1774528716.013482,/metrics/dbscan/front/points_in,std_msgs/msg/Int32,6149
1774528716.0135472,/metrics/dbscan/front/processing_ms,std_msgs/msg/Float32,59.39055252075195
1774528716.018256,/metrics/dbscan/left/detections_count,std_msgs/msg/Int32,11
1774528716.018359,/metrics/dbscan/left/points_in,std_msgs/msg/Int32,7501
1774528716.0184271,/metrics/dbscan/left/processing_ms,std_msgs/msg/Float32,65.42852783203125
1774528716.0572987,/metrics/dbscan/back/detections_count,std_msgs/msg/Int32,11
1774528716.0574198,/metrics/dbscan/back/points_in,std_msgs/msg/Int32,4116
1774528716.0574846,/metrics/dbscan/back/processing_ms,std_msgs/msg/Float32,50.00809860229492
1774528716.09524,/metrics/dbscan/right/detections_count,std_msgs/msg/Int32,10
1774528716.0953934,/metrics/dbscan/right/points_in,std_msgs/msg/Int32,8532
1774528716.0954783,/metrics/dbscan/right/processing_ms,std_msgs/msg/Float32,60.38236999511719
1774528716.1127996,/metrics/dbscan/front/detections_count,std_msgs/msg/Int32,12
1774528716.112912,/metrics/dbscan/front/points_in,std_msgs/msg/Int32,6042
1774528716.1129754,/metrics/dbscan/front/processing_ms,std_msgs/msg/Float32,58.18182373046875
1774528716.1200378,/metrics/dbscan/left/detections_count,std_msgs/msg/Int32,11
1774528716.120151,/metrics/dbscan/left/points_in,std_msgs/msg/Int32,7501
1774528716.120219,/metrics/dbscan/left/processing_ms,std_msgs/msg/Float32,66.34978485107422
1774528716.1553578,/metrics/dbscan/back/detections_count,std_msgs/msg/Int32,9
1774528716.155458,/metrics/dbscan/back/points_in,std_msgs/msg/Int32,4115
1774528716.1555111,/metrics/dbscan/back/processing_ms,std_msgs/msg/Float32,47.945777893066406
1774528716.1943657,/metrics/dbscan/right/detections_count,std_msgs/msg/Int32,10
1774528716.1944883,/metrics/dbscan/right/points_in,std_msgs/msg/Int32,8549
1774528716.1945548,/metrics/dbscan/right/processing_ms,std_msgs/msg/Float32,62.354190826416016
1774528716.2115035,/metrics/dbscan/front/detections_count,std_msgs/msg/Int32,13
1774528716.2116134,/metrics/dbscan/front/points_in,std_msgs/msg/Int32,5989
1774528716.2116776,/metrics/dbscan/front/processing_ms,std_msgs/msg/Float32,56.445091247558594
1774528716.2170496,/metrics/dbscan/left/detections_count,std_msgs/msg/Int32,11
1774528716.2171404,/metrics/dbscan/left/points_in,std_msgs/msg/Int32,7521
1774528716.2172072,/metrics/dbscan/left/processing_ms,std_msgs/msg/Float32,66.70362091064453
1774528716.2559896,/metrics/dbscan/back/detections_count,std_msgs/msg/Int32,11
1774528716.2561154,/metrics/dbscan/back/points_in,std_msgs/msg/Int32,4110
1774528716.2561815,/metrics/dbscan/back/processing_ms,std_msgs/msg/Float32,47.59831619262695
1774528716.2967923,/metrics/dbscan/right/detections_count,std_msgs/msg/Int32,9
1774528716.2969108,/metrics/dbscan/right/points_in,std_msgs/msg/Int32,8790
1774528716.2969794,/metrics/dbscan/right/processing_ms,std_msgs/msg/Float32,64.30667877197266
1774528716.3138726,/metrics/dbscan/front/detections_count,std_msgs/msg/Int32,13
1774528716.314004,/metrics/dbscan/front/points_in,std_msgs/msg/Int32,6059
1774528716.3140826,/metrics/dbscan/front/processing_ms,std_msgs/msg/Float32,58.017730712890625
1774528716.3194983,/metrics/dbscan/left/detections_count,std_msgs/msg/Int32,11
1774528716.3196151,/metrics/dbscan/left/points_in,std_msgs/msg/Int32,7516
1774528716.3196735,/metrics/dbscan/left/processing_ms,std_msgs/msg/Float32,68.53870391845703
1774528716.3590243,/metrics/dbscan/back/detections_count,std_msgs/msg/Int32,10
1774528716.3592033,/metrics/dbscan/back/processing_ms,std_msgs/msg/Float32,50.03599166870117
1774528716.3596292,/metrics/dbscan/back/points_in,std_msgs/msg/Int32,4126
1774528716.3956125,/metrics/dbscan/right/detections_count,std_msgs/msg/Int32,10
1774528716.3957164,/metrics/dbscan/right/points_in,std_msgs/msg/Int32,8930
1774528716.3957725,/metrics/dbscan/right/processing_ms,std_msgs/msg/Float32,62.26586151123047
1774528716.4134164,/metrics/dbscan/front/detections_count,std_msgs/msg/Int32,12
1774528716.4135637,/metrics/dbscan/front/points_in,std_msgs/msg/Int32,6092
1774528716.4136357,/metrics/dbscan/front/processing_ms,std_msgs/msg/Float32,56.45621109008789
1774528716.421432,/metrics/dbscan/left/detections_count,std_msgs/msg/Int32,12
1774528716.421545,/metrics/dbscan/left/points_in,std_msgs/msg/Int32,7530
1774528716.421612,/metrics/dbscan/left/processing_ms,std_msgs/msg/Float32,69.4924087524414
1774528716.4580524,/metrics/dbscan/back/detections_count,std_msgs/msg/Int32,10
1774528716.4581645,/metrics/dbscan/back/points_in,std_msgs/msg/Int32,4115
1774528716.4582276,/metrics/dbscan/back/processing_ms,std_msgs/msg/Float32,52.498165130615234
1774528716.4970999,/metrics/dbscan/right/detections_count,std_msgs/msg/Int32,10
1774528716.4972026,/metrics/dbscan/right/points_in,std_msgs/msg/Int32,9090
1774528716.4972577,/metrics/dbscan/right/processing_ms,std_msgs/msg/Float32,63.527278900146484
1774528716.51694,/metrics/dbscan/front/detections_count,std_msgs/msg/Int32,12
1774528716.5170655,/metrics/dbscan/front/points_in,std_msgs/msg/Int32,6135
1774528716.517131,/metrics/dbscan/front/processing_ms,std_msgs/msg/Float32,62.36064147949219
1774528716.5220346,/metrics/dbscan/left/detections_count,std_msgs/msg/Int32,12
1774528716.5221288,/metrics/dbscan/left/points_in,std_msgs/msg/Int32,7600
1774528716.5221894,/metrics/dbscan/left/processing_ms,std_msgs/msg/Float32,68.07405853271484
1774528716.5629113,/metrics/dbscan/back/detections_count,std_msgs/msg/Int32,10
1774528716.563012,/metrics/dbscan/back/points_in,std_msgs/msg/Int32,4107
1774528716.563066,/metrics/dbscan/back/processing_ms,std_msgs/msg/Float32,56.17510986328125
1774528716.5988142,/metrics/dbscan/right/detections_count,std_msgs/msg/Int32,10
1774528716.5989392,/metrics/dbscan/right/points_in,std_msgs/msg/Int32,9307
1774528716.599009,/metrics/dbscan/right/processing_ms,std_msgs/msg/Float32,64.620361328125
1774528716.615463,/metrics/dbscan/front/detections_count,std_msgs/msg/Int32,12
1774528716.6155608,/metrics/dbscan/front/points_in,std_msgs/msg/Int32,6191
1774528716.6156135,/metrics/dbscan/front/processing_ms,std_msgs/msg/Float32,60.708248138427734
1774528716.6212366,/metrics/dbscan/left/detections_count,std_msgs/msg/Int32,11
1774528716.6213348,/metrics/dbscan/left/points_in,std_msgs/msg/Int32,7711
1774528716.6213994,/metrics/dbscan/left/processing_ms,std_msgs/msg/Float32,67.4292221069336
1774528716.6569405,/metrics/dbscan/back/detections_count,std_msgs/msg/Int32,10
1774528716.6570518,/metrics/dbscan/back/points_in,std_msgs/msg/Int32,4104
1774528716.6571143,/metrics/dbscan/back/processing_ms,std_msgs/msg/Float32,50.25984573364258
1774528716.6983304,/metrics/dbscan/right/detections_count,std_msgs/msg/Int32,11
1774528716.698445,/metrics/dbscan/right/points_in,std_msgs/msg/Int32,9261
1774528716.6985092,/metrics/dbscan/right/processing_ms,std_msgs/msg/Float32,67.38789367675781
1774528716.7135794,/metrics/dbscan/front/detections_count,std_msgs/msg/Int32,12
1774528716.7136958,/metrics/dbscan/front/points_in,std_msgs/msg/Int32,6245
1774528716.7137582,/metrics/dbscan/front/processing_ms,std_msgs/msg/Float32,58.72739028930664
1774528716.7177668,/metrics/dbscan/left/detections_count,std_msgs/msg/Int32,11
1774528716.7178612,/metrics/dbscan/left/points_in,std_msgs/msg/Int32,7870
1774528716.7179284,/metrics/dbscan/left/processing_ms,std_msgs/msg/Float32,67.11559295654297
1774528716.7652316,/metrics/dbscan/back/detections_count,std_msgs/msg/Int32,10
1774528716.7653794,/metrics/dbscan/back/points_in,std_msgs/msg/Int32,4117
1774528716.7654715,/metrics/dbscan/back/processing_ms,std_msgs/msg/Float32,57.08620834350586
1774528716.80222,/metrics/dbscan/right/detections_count,std_msgs/msg/Int32,11
1774528716.802346,/metrics/dbscan/right/points_in,std_msgs/msg/Int32,9168
1774528716.802415,/metrics/dbscan/right/processing_ms,std_msgs/msg/Float32,70.31110382080078
1774528716.8156314,/metrics/dbscan/front/detections_count,std_msgs/msg/Int32,13
1774528716.8157418,/metrics/dbscan/front/points_in,std_msgs/msg/Int32,6368
1774528716.8158052,/metrics/dbscan/front/processing_ms,std_msgs/msg/Float32,59.32773208618164
1774528716.819645,/metrics/dbscan/left/detections_count,std_msgs/msg/Int32,12
1774528716.8197308,/metrics/dbscan/left/points_in,std_msgs/msg/Int32,8098
1774528716.8197973,/metrics/dbscan/left/processing_ms,std_msgs/msg/Float32,68.20377349853516
1774528716.8591447,/metrics/dbscan/back/detections_count,std_msgs/msg/Int32,10
1774528716.8592696,/metrics/dbscan/back/points_in,std_msgs/msg/Int32,4117
1774528716.859361,/metrics/dbscan/back/processing_ms,std_msgs/msg/Float32,50.79020690917969
1774528716.8967824,/metrics/dbscan/right/detections_count,std_msgs/msg/Int32,12
1774528716.896902,/metrics/dbscan/right/points_in,std_msgs/msg/Int32,8998
1774528716.8969676,/metrics/dbscan/right/processing_ms,std_msgs/msg/Float32,64.08157348632812
1774528716.9186022,/metrics/dbscan/front/detections_count,std_msgs/msg/Int32,12
1774528716.9187202,/metrics/dbscan/front/points_in,std_msgs/msg/Int32,6396
1774528716.9187863,/metrics/dbscan/front/processing_ms,std_msgs/msg/Float32,62.34407043457031
1774528716.923154,/metrics/dbscan/left/detections_count,std_msgs/msg/Int32,12
1774528716.9232392,/metrics/dbscan/left/points_in,std_msgs/msg/Int32,8238
1774528716.9233146,/metrics/dbscan/left/processing_ms,std_msgs/msg/Float32,71.0617904663086
1774528716.9568791,/metrics/dbscan/back/detections_count,std_msgs/msg/Int32,10
1774528716.9570112,/metrics/dbscan/back/points_in,std_msgs/msg/Int32,4119
1774528716.9570858,/metrics/dbscan/back/processing_ms,std_msgs/msg/Float32,47.361446380615234
1774528716.99704,/metrics/dbscan/right/detections_count,std_msgs/msg/Int32,12
1774528716.9971914,/metrics/dbscan/right/points_in,std_msgs/msg/Int32,8642
1774528716.9973109,/metrics/dbscan/right/processing_ms,std_msgs/msg/Float32,63.906593322753906
1774528717.01822,/metrics/dbscan/front/detections_count,std_msgs/msg/Int32,12
1774528717.0183442,/metrics/dbscan/front/points_in,std_msgs/msg/Int32,6258
1774528717.0184133,/metrics/dbscan/front/processing_ms,std_msgs/msg/Float32,60.708309173583984
1774528717.020232,/metrics/dbscan/left/detections_count,std_msgs/msg/Int32,12
1774528717.0203054,/metrics/dbscan/left/processing_ms,std_msgs/msg/Float32,67.46473693847656
1774528717.020551,/metrics/dbscan/left/points_in,std_msgs/msg/Int32,8204
1774528717.0525486,/metrics/dbscan/back/detections_count,std_msgs/msg/Int32,10
1774528717.0526628,/metrics/dbscan/back/points_in,std_msgs/msg/Int32,4123
1774528717.0527265,/metrics/dbscan/back/processing_ms,std_msgs/msg/Float32,46.88929748535156
1774528717.0947828,/metrics/dbscan/right/detections_count,std_msgs/msg/Int32,12
1774528717.0949485,/metrics/dbscan/right/points_in,std_msgs/msg/Int32,8287
1774528717.0950296,/metrics/dbscan/right/processing_ms,std_msgs/msg/Float32,62.24999237060547
1774528717.1135573,/metrics/dbscan/front/detections_count,std_msgs/msg/Int32,13
1774528717.1136658,/metrics/dbscan/front/points_in,std_msgs/msg/Int32,6321
1774528717.113728,/metrics/dbscan/front/processing_ms,std_msgs/msg/Float32,58.557437896728516
1774528717.1249397,/metrics/dbscan/left/detections_count,std_msgs/msg/Int32,12
1774528717.125043,/metrics/dbscan/left/points_in,std_msgs/msg/Int32,8309
1774528717.1251168,/metrics/dbscan/left/processing_ms,std_msgs/msg/Float32,70.52474975585938
1774528717.1536179,/metrics/dbscan/back/detections_count,std_msgs/msg/Int32,9
1774528717.1537921,/metrics/dbscan/back/points_in,std_msgs/msg/Int32,4121
1774528717.1538625,/metrics/dbscan/back/processing_ms,std_msgs/msg/Float32,47.048561096191406
1774528717.1961126,/metrics/dbscan/right/detections_count,std_msgs/msg/Int32,12
1774528717.1962233,/metrics/dbscan/right/points_in,std_msgs/msg/Int32,8206
1774528717.1962945,/metrics/dbscan/right/processing_ms,std_msgs/msg/Float32,61.19118881225586
1774528717.2156017,/metrics/dbscan/front/detections_count,std_msgs/msg/Int32,12
1774528717.2157178,/metrics/dbscan/front/points_in,std_msgs/msg/Int32,6502
1774528717.215773,/metrics/dbscan/front/processing_ms,std_msgs/msg/Float32,60.04865264892578
1774528717.2222304,/metrics/dbscan/left/detections_count,std_msgs/msg/Int32,12
1774528717.2223446,/metrics/dbscan/left/points_in,std_msgs/msg/Int32,8450
1774528717.2224128,/metrics/dbscan/left/processing_ms,std_msgs/msg/Float32,71.36296081542969
1774528717.2549741,/metrics/dbscan/back/detections_count,std_msgs/msg/Int32,11
1774528717.2550952,/metrics/dbscan/back/processing_ms,std_msgs/msg/Float32,48.31670379638672
1774528717.255449,/metrics/dbscan/back/points_in,std_msgs/msg/Int32,4119
1774528717.2915356,/metrics/dbscan/right/detections_count,std_msgs/msg/Int32,12
1774528717.2916481,/metrics/dbscan/right/points_in,std_msgs/msg/Int32,8129
1774528717.2917118,/metrics/dbscan/right/processing_ms,std_msgs/msg/Float32,60.62995147705078
1774528717.3177085,/metrics/dbscan/front/detections_count,std_msgs/msg/Int32,13
1774528717.3178363,/metrics/dbscan/front/points_in,std_msgs/msg/Int32,6666
1774528717.3179173,/metrics/dbscan/front/processing_ms,std_msgs/msg/Float32,60.440128326416016
1774528717.3219252,/metrics/dbscan/left/detections_count,std_msgs/msg/Int32,12
1774528717.322007,/metrics/dbscan/left/points_in,std_msgs/msg/Int32,8619
1774528717.3220735,/metrics/dbscan/left/processing_ms,std_msgs/msg/Float32,69.42281341552734
1774528717.3557692,/metrics/dbscan/back/detections_count,std_msgs/msg/Int32,9
1774528717.355884,/metrics/dbscan/back/points_in,std_msgs/msg/Int32,4119
1774528717.3559475,/metrics/dbscan/back/processing_ms,std_msgs/msg/Float32,47.58666229248047
1774528717.391015,/metrics/dbscan/right/detections_count,std_msgs/msg/Int32,12
1774528717.3911424,/metrics/dbscan/right/points_in,std_msgs/msg/Int32,7927
1774528717.3912194,/metrics/dbscan/right/processing_ms,std_msgs/msg/Float32,59.279964447021484
1774528717.415361,/metrics/dbscan/front/detections_count,std_msgs/msg/Int32,12
1774528717.4154723,/metrics/dbscan/front/points_in,std_msgs/msg/Int32,6734
1774528717.4155364,/metrics/dbscan/front/processing_ms,std_msgs/msg/Float32,58.960784912109375
1774528717.421964,/metrics/dbscan/left/detections_count,std_msgs/msg/Int32,12
1774528717.4220562,/metrics/dbscan/left/points_in,std_msgs/msg/Int32,8670
1774528717.4221208,/metrics/dbscan/left/processing_ms,std_msgs/msg/Float32,70.19499206542969
1774528717.4582322,/metrics/dbscan/back/detections_count,std_msgs/msg/Int32,10
1774528717.458354,/metrics/dbscan/back/points_in,std_msgs/msg/Int32,4117
1774528717.4584205,/metrics/dbscan/back/processing_ms,std_msgs/msg/Float32,49.01019287109375
1774528717.4907892,/metrics/dbscan/right/detections_count,std_msgs/msg/Int32,11
1774528717.4909034,/metrics/dbscan/right/points_in,std_msgs/msg/Int32,7677
1774528717.4909666,/metrics/dbscan/right/processing_ms,std_msgs/msg/Float32,59.22804260253906
1774528717.515856,/metrics/dbscan/front/detections_count,std_msgs/msg/Int32,13
1774528717.5159662,/metrics/dbscan/front/points_in,std_msgs/msg/Int32,6701
1774528717.5160275,/metrics/dbscan/front/processing_ms,std_msgs/msg/Float32,57.98524856567383
1774528717.5250125,/metrics/dbscan/left/detections_count,std_msgs/msg/Int32,11
1774528717.5251005,/metrics/dbscan/left/points_in,std_msgs/msg/Int32,8654
1774528717.5251596,/metrics/dbscan/left/processing_ms,std_msgs/msg/Float32,72.24663543701172
1774528717.5582466,/metrics/dbscan/back/detections_count,std_msgs/msg/Int32,11
1774528717.558368,/metrics/dbscan/back/points_in,std_msgs/msg/Int32,4112
1774528717.5584316,/metrics/dbscan/back/processing_ms,std_msgs/msg/Float32,47.11934280395508
1774528717.5924387,/metrics/dbscan/right/detections_count,std_msgs/msg/Int32,10
1774528717.5925531,/metrics/dbscan/right/points_in,std_msgs/msg/Int32,7451
1774528717.5926185,/metrics/dbscan/right/processing_ms,std_msgs/msg/Float32,59.55563735961914
1774528717.614913,/metrics/dbscan/front/detections_count,std_msgs/msg/Int32,12
1774528717.6150234,/metrics/dbscan/front/points_in,std_msgs/msg/Int32,6724
1774528717.6150858,/metrics/dbscan/front/processing_ms,std_msgs/msg/Float32,60.23556137084961
1774528717.621284,/metrics/dbscan/left/detections_count,std_msgs/msg/Int32,11
1774528717.6213698,/metrics/dbscan/left/points_in,std_msgs/msg/Int32,8661
1774528717.6214287,/metrics/dbscan/left/processing_ms,std_msgs/msg/Float32,67.07119750976562
1774528717.6548462,/metrics/dbscan/back/detections_count,std_msgs/msg/Int32,10
1774528717.654959,/metrics/dbscan/back/points_in,std_msgs/msg/Int32,4116
1774528717.6550229,/metrics/dbscan/back/processing_ms,std_msgs/msg/Float32,48.99516296386719
1774528717.6935987,/metrics/dbscan/right/detections_count,std_msgs/msg/Int32,11
1774528717.6937306,/metrics/dbscan/right/points_in,std_msgs/msg/Int32,7305
1774528717.6937983,/metrics/dbscan/right/processing_ms,std_msgs/msg/Float32,59.21955871582031
1774528717.7137058,/metrics/dbscan/front/detections_count,std_msgs/msg/Int32,13
1774528717.7138102,/metrics/dbscan/front/points_in,std_msgs/msg/Int32,6818
1774528717.71387,/metrics/dbscan/front/processing_ms,std_msgs/msg/Float32,58.73130798339844
1774528717.7207258,/metrics/dbscan/left/detections_count,std_msgs/msg/Int32,12
1774528717.7208254,/metrics/dbscan/left/points_in,std_msgs/msg/Int32,8709
1774528717.7208922,/metrics/dbscan/left/processing_ms,std_msgs/msg/Float32,70.44628143310547
1774528717.7542222,/metrics/dbscan/back/detections_count,std_msgs/msg/Int32,10
1774528717.7543585,/metrics/dbscan/back/points_in,std_msgs/msg/Int32,4112
1774528717.7544343,/metrics/dbscan/back/processing_ms,std_msgs/msg/Float32,47.974159240722656
1774528717.7870977,/metrics/dbscan/right/detections_count,std_msgs/msg/Int32,13
1774528717.7872128,/metrics/dbscan/right/points_in,std_msgs/msg/Int32,7245
1774528717.7872918,/metrics/dbscan/right/processing_ms,std_msgs/msg/Float32,55.67033767700195
1774528717.8165424,/metrics/dbscan/front/detections_count,std_msgs/msg/Int32,12
1774528717.8166592,/metrics/dbscan/front/points_in,std_msgs/msg/Int32,6962
1774528717.816723,/metrics/dbscan/front/processing_ms,std_msgs/msg/Float32,59.90704345703125
1774528717.818392,/metrics/dbscan/left/detections_count,std_msgs/msg/Int32,12
1774528717.8184586,/metrics/dbscan/left/points_in,std_msgs/msg/Int32,8783
1774528717.818509,/metrics/dbscan/left/processing_ms,std_msgs/msg/Float32,67.44233703613281
1774528717.8547792,/metrics/dbscan/back/detections_count,std_msgs/msg/Int32,9
1774528717.8549197,/metrics/dbscan/back/points_in,std_msgs/msg/Int32,4111
1774528717.8549955,/metrics/dbscan/back/processing_ms,std_msgs/msg/Float32,47.78632354736328
1774528717.8878417,/metrics/dbscan/right/detections_count,std_msgs/msg/Int32,12
1774528717.8879666,/metrics/dbscan/right/points_in,std_msgs/msg/Int32,7180
1774528717.8880327,/metrics/dbscan/right/processing_ms,std_msgs/msg/Float32,56.27555847167969
1774528717.9168632,/metrics/dbscan/front/detections_count,std_msgs/msg/Int32,11
1774528717.9169858,/metrics/dbscan/front/points_in,std_msgs/msg/Int32,7042
1774528717.917051,/metrics/dbscan/front/processing_ms,std_msgs/msg/Float32,60.10122299194336
1774528717.9206219,/metrics/dbscan/left/detections_count,std_msgs/msg/Int32,11
1774528717.9207242,/metrics/dbscan/left/points_in,std_msgs/msg/Int32,8870
1774528717.9207962,/metrics/dbscan/left/processing_ms,std_msgs/msg/Float32,68.33329010009766
1774528717.9564586,/metrics/dbscan/back/detections_count,std_msgs/msg/Int32,10
1774528717.9566007,/metrics/dbscan/back/points_in,std_msgs/msg/Int32,4113
1774528717.956676,/metrics/dbscan/back/processing_ms,std_msgs/msg/Float32,48.81777572631836
1774528717.9879806,/metrics/dbscan/right/detections_count,std_msgs/msg/Int32,11
1774528717.988099,/metrics/dbscan/right/points_in,std_msgs/msg/Int32,7033
1774528717.988158,/metrics/dbscan/right/processing_ms,std_msgs/msg/Float32,55.357975006103516
1774528718.0173593,/metrics/dbscan/front/detections_count,std_msgs/msg/Int32,12
1774528718.0175412,/metrics/dbscan/front/points_in,std_msgs/msg/Int32,7107
1774528718.0176036,/metrics/dbscan/front/processing_ms,std_msgs/msg/Float32,59.31192398071289
1774528718.0233786,/metrics/dbscan/left/detections_count,std_msgs/msg/Int32,11
1774528718.0234895,/metrics/dbscan/left/processing_ms,std_msgs/msg/Float32,70.38787078857422
1774528718.0238664,/metrics/dbscan/left/points_in,std_msgs/msg/Int32,8916
1774528718.0563507,/metrics/dbscan/back/detections_count,std_msgs/msg/Int32,10
1774528718.0564613,/metrics/dbscan/back/points_in,std_msgs/msg/Int32,4112
1774528718.0565264,/metrics/dbscan/back/processing_ms,std_msgs/msg/Float32,48.33168029785156
1774528718.089146,/metrics/dbscan/right/detections_count,std_msgs/msg/Int32,11
1774528718.0892928,/metrics/dbscan/right/points_in,std_msgs/msg/Int32,6867
1774528718.0893862,/metrics/dbscan/right/processing_ms,std_msgs/msg/Float32,56.44551086425781
1774528718.1176057,/metrics/dbscan/front/detections_count,std_msgs/msg/Int32,11
1774528718.1177254,/metrics/dbscan/front/points_in,std_msgs/msg/Int32,7253
1774528718.1177993,/metrics/dbscan/front/processing_ms,std_msgs/msg/Float32,62.0991325378418
1774528718.1197817,/metrics/dbscan/left/detections_count,std_msgs/msg/Int32,11
1774528718.1198432,/metrics/dbscan/left/points_in,std_msgs/msg/Int32,9023
1774528718.1198945,/metrics/dbscan/left/processing_ms,std_msgs/msg/Float32,69.1792221069336
1774528718.1530507,/metrics/dbscan/back/detections_count,std_msgs/msg/Int32,10
1774528718.153171,/metrics/dbscan/back/points_in,std_msgs/msg/Int32,4121
1774528718.153251,/metrics/dbscan/back/processing_ms,std_msgs/msg/Float32,48.51432800292969
1774528718.1891713,/metrics/dbscan/right/detections_count,std_msgs/msg/Int32,12
1774528718.1893063,/metrics/dbscan/right/points_in,std_msgs/msg/Int32,6693
1774528718.1893854,/metrics/dbscan/right/processing_ms,std_msgs/msg/Float32,55.8238410949707
1774528718.216729,/metrics/dbscan/front/detections_count,std_msgs/msg/Int32,11
1774528718.216846,/metrics/dbscan/front/points_in,std_msgs/msg/Int32,7483
1774528718.216907,/metrics/dbscan/front/processing_ms,std_msgs/msg/Float32,61.58454513549805
1774528718.2201958,/metrics/dbscan/left/detections_count,std_msgs/msg/Int32,12
1774528718.2202864,/metrics/dbscan/left/points_in,std_msgs/msg/Int32,9154
1774528718.2203553,/metrics/dbscan/left/processing_ms,std_msgs/msg/Float32,68.64360809326172
1774528718.2552474,/metrics/dbscan/back/detections_count,std_msgs/msg/Int32,11
1774528718.2553794,/metrics/dbscan/back/points_in,std_msgs/msg/Int32,4111
1774528718.2554517,/metrics/dbscan/back/processing_ms,std_msgs/msg/Float32,48.89119338989258
1774528718.2921515,/metrics/dbscan/right/detections_count,std_msgs/msg/Int32,12
1774528718.2922933,/metrics/dbscan/right/points_in,std_msgs/msg/Int32,6633
1774528718.2923765,/metrics/dbscan/right/processing_ms,std_msgs/msg/Float32,58.31416702270508
1774528718.3164756,/metrics/dbscan/front/detections_count,std_msgs/msg/Int32,13
1774528718.316599,/metrics/dbscan/front/points_in,std_msgs/msg/Int32,7678
1774528718.3166702,/metrics/dbscan/front/processing_ms,std_msgs/msg/Float32,60.18093490600586
1774528718.321249,/metrics/dbscan/left/detections_count,std_msgs/msg/Int32,11
1774528718.321341,/metrics/dbscan/left/points_in,std_msgs/msg/Int32,9215
1774528718.321399,/metrics/dbscan/left/processing_ms,std_msgs/msg/Float32,70.20635223388672
1774528718.3583608,/metrics/dbscan/back/detections_count,std_msgs/msg/Int32,10
1774528718.3584638,/metrics/dbscan/back/points_in,std_msgs/msg/Int32,4117
1774528718.3585281,/metrics/dbscan/back/processing_ms,std_msgs/msg/Float32,51.408172607421875
1774528718.3923776,/metrics/dbscan/right/detections_count,std_msgs/msg/Int32,12
1774528718.392489,/metrics/dbscan/right/points_in,std_msgs/msg/Int32,6759
1774528718.3925512,/metrics/dbscan/right/processing_ms,std_msgs/msg/Float32,61.65943908691406
1774528718.4171538,/metrics/dbscan/front/detections_count,std_msgs/msg/Int32,12
1774528718.4172907,/metrics/dbscan/front/points_in,std_msgs/msg/Int32,7785
1774528718.417376,/metrics/dbscan/front/processing_ms,std_msgs/msg/Float32,60.30559158325195
1774528718.42082,/metrics/dbscan/left/detections_count,std_msgs/msg/Int32,12
1774528718.420888,/metrics/dbscan/left/points_in,std_msgs/msg/Int32,9262
1774528718.4209416,/metrics/dbscan/left/processing_ms,std_msgs/msg/Float32,68.66118621826172
1774528718.4540584,/metrics/dbscan/back/detections_count,std_msgs/msg/Int32,9
1774528718.454187,/metrics/dbscan/back/points_in,std_msgs/msg/Int32,4116
1774528718.4542608,/metrics/dbscan/back/processing_ms,std_msgs/msg/Float32,46.739681243896484
1774528718.4923735,/metrics/dbscan/right/detections_count,std_msgs/msg/Int32,11
1774528718.4924772,/metrics/dbscan/right/points_in,std_msgs/msg/Int32,6822
1774528718.4925296,/metrics/dbscan/right/processing_ms,std_msgs/msg/Float32,61.11190414428711
1774528718.519363,/metrics/dbscan/front/detections_count,std_msgs/msg/Int32,12
1774528718.5194874,/metrics/dbscan/front/points_in,std_msgs/msg/Int32,7851
1774528718.519559,/metrics/dbscan/front/processing_ms,std_msgs/msg/Float32,61.88127899169922
1774528718.522395,/metrics/dbscan/left/detections_count,std_msgs/msg/Int32,12
1774528718.5224693,/metrics/dbscan/left/points_in,std_msgs/msg/Int32,9271
1774528718.5225308,/metrics/dbscan/left/processing_ms,std_msgs/msg/Float32,69.39178466796875
1774528718.5560951,/metrics/dbscan/back/detections_count,std_msgs/msg/Int32,11
1774528718.556224,/metrics/dbscan/back/points_in,std_msgs/msg/Int32,4103
1774528718.5563078,/metrics/dbscan/back/processing_ms,std_msgs/msg/Float32,47.62005615234375
1774528718.596725,/metrics/dbscan/right/detections_count,std_msgs/msg/Int32,11
1774528718.5968432,/metrics/dbscan/right/points_in,std_msgs/msg/Int32,6876
1774528718.5969088,/metrics/dbscan/right/processing_ms,std_msgs/msg/Float32,63.875404357910156
1774528718.615674,/metrics/dbscan/front/detections_count,std_msgs/msg/Int32,13
1774528718.6157882,/metrics/dbscan/front/points_in,std_msgs/msg/Int32,7918
1774528718.6158538,/metrics/dbscan/front/processing_ms,std_msgs/msg/Float32,61.414913177490234
1774528718.6207416,/metrics/dbscan/left/detections_count,std_msgs/msg/Int32,12
1774528718.6208324,/metrics/dbscan/left/processing_ms,std_msgs/msg/Float32,70.81332397460938
1774528718.6211603,/metrics/dbscan/left/points_in,std_msgs/msg/Int32,9276
1774528718.6592023,/metrics/dbscan/back/detections_count,std_msgs/msg/Int32,10
1774528718.6593506,/metrics/dbscan/back/points_in,std_msgs/msg/Int32,4112
1774528718.6594243,/metrics/dbscan/back/processing_ms,std_msgs/msg/Float32,50.26096725463867
1774528718.6967309,/metrics/dbscan/right/detections_count,std_msgs/msg/Int32,13
1774528718.6968534,/metrics/dbscan/right/points_in,std_msgs/msg/Int32,6939
1774528718.6969166,/metrics/dbscan/right/processing_ms,std_msgs/msg/Float32,63.87526321411133
1774528718.7208512,/metrics/dbscan/left/detections_count,std_msgs/msg/Int32,12
1774528718.7210217,/metrics/dbscan/left/points_in,std_msgs/msg/Int32,9303
1774528718.7211018,/metrics/dbscan/left/processing_ms,std_msgs/msg/Float32,70.0027847290039
1774528718.7215793,/metrics/dbscan/front/detections_count,std_msgs/msg/Int32,12
1774528718.721654,/metrics/dbscan/front/points_in,std_msgs/msg/Int32,7997
1774528718.721717,/metrics/dbscan/front/processing_ms,std_msgs/msg/Float32,65.12662506103516
1774528718.7524793,/metrics/dbscan/back/detections_count,std_msgs/msg/Int32,10
1774528718.7525814,/metrics/dbscan/back/points_in,std_msgs/msg/Int32,4121
1774528718.7526371,/metrics/dbscan/back/processing_ms,std_msgs/msg/Float32,47.50438690185547
1774528718.797582,/metrics/dbscan/right/detections_count,std_msgs/msg/Int32,13
1774528718.7976956,/metrics/dbscan/right/points_in,std_msgs/msg/Int32,7039
1774528718.7977602,/metrics/dbscan/right/processing_ms,std_msgs/msg/Float32,62.32130813598633
1774528718.82332,/metrics/dbscan/front/detections_count,std_msgs/msg/Int32,13
1774528718.8234677,/metrics/dbscan/front/points_in,std_msgs/msg/Int32,8197
1774528718.823564,/metrics/dbscan/front/processing_ms,std_msgs/msg/Float32,66.71605682373047
1774528718.8274825,/metrics/dbscan/left/detections_count,std_msgs/msg/Int32,12
1774528718.8275588,/metrics/dbscan/left/processing_ms,std_msgs/msg/Float32,75.4541244506836
1774528718.827833,/metrics/dbscan/left/points_in,std_msgs/msg/Int32,9393
1774528718.8547175,/metrics/dbscan/back/detections_count,std_msgs/msg/Int32,10
1774528718.854813,/metrics/dbscan/back/points_in,std_msgs/msg/Int32,4118
1774528718.854866,/metrics/dbscan/back/processing_ms,std_msgs/msg/Float32,49.06142807006836
1774528718.8992033,/metrics/dbscan/right/detections_count,std_msgs/msg/Int32,12
1774528718.89936,/metrics/dbscan/right/points_in,std_msgs/msg/Int32,7150
1774528718.8994422,/metrics/dbscan/right/processing_ms,std_msgs/msg/Float32,64.56160736083984
1774528718.9241164,/metrics/dbscan/front/detections_count,std_msgs/msg/Int32,13
1774528718.9242582,/metrics/dbscan/front/points_in,std_msgs/msg/Int32,8402
1774528718.9243453,/metrics/dbscan/front/processing_ms,std_msgs/msg/Float32,65.9153823852539
1774528718.9290757,/metrics/dbscan/left/detections_count,std_msgs/msg/Int32,12
1774528718.9291742,/metrics/dbscan/left/points_in,std_msgs/msg/Int32,9445
1774528718.9292285,/metrics/dbscan/left/processing_ms,std_msgs/msg/Float32,75.38825988769531
1774528718.961315,/metrics/dbscan/back/detections_count,std_msgs/msg/Int32,10
1774528718.9614308,/metrics/dbscan/back/points_in,std_msgs/msg/Int32,4119
1774528718.9614902,/metrics/dbscan/back/processing_ms,std_msgs/msg/Float32,54.00262451171875
1774528719.0021493,/metrics/dbscan/right/detections_count,std_msgs/msg/Int32,12
1774528719.0022676,/metrics/dbscan/right/points_in,std_msgs/msg/Int32,7285
1774528719.0023613,/metrics/dbscan/right/processing_ms,std_msgs/msg/Float32,68.15628051757812
1774528719.0245771,/metrics/dbscan/front/detections_count,std_msgs/msg/Int32,13
1774528719.024692,/metrics/dbscan/front/points_in,std_msgs/msg/Int32,8600
1774528719.0247562,/metrics/dbscan/front/processing_ms,std_msgs/msg/Float32,67.09508514404297
1774528719.0286443,/metrics/dbscan/left/detections_count,std_msgs/msg/Int32,12
1774528719.0287197,/metrics/dbscan/left/points_in,std_msgs/msg/Int32,9393
1774528719.028783,/metrics/dbscan/left/processing_ms,std_msgs/msg/Float32,75.03309631347656
1774528719.0604115,/metrics/dbscan/back/detections_count,std_msgs/msg/Int32,10
1774528719.0605175,/metrics/dbscan/back/points_in,std_msgs/msg/Int32,4108
1774528719.0605822,/metrics/dbscan/back/processing_ms,std_msgs/msg/Float32,53.357086181640625
1774528719.1051562,/metrics/dbscan/right/detections_count,std_msgs/msg/Int32,12
1774528719.1053128,/metrics/dbscan/right/points_in,std_msgs/msg/Int32,7422
1774528719.1054063,/metrics/dbscan/right/processing_ms,std_msgs/msg/Float32,72.98957061767578
1774528719.1185596,/metrics/dbscan/front/detections_count,std_msgs/msg/Int32,12
1774528719.1186633,/metrics/dbscan/front/points_in,std_msgs/msg/Int32,8735
1774528719.1187158,/metrics/dbscan/front/processing_ms,std_msgs/msg/Float32,63.787696838378906
1774528719.1187656,/metrics/dbscan/left/detections_count,std_msgs/msg/Int32,11
1774528719.1188116,/metrics/dbscan/left/points_in,std_msgs/msg/Int32,9255
1774528719.1188562,/metrics/dbscan/left/processing_ms,std_msgs/msg/Float32,68.57920837402344
1774528719.1563003,/metrics/dbscan/back/detections_count,std_msgs/msg/Int32,10
1774528719.1564095,/metrics/dbscan/back/points_in,std_msgs/msg/Int32,4114
1774528719.1564703,/metrics/dbscan/back/processing_ms,std_msgs/msg/Float32,47.953773498535156
1774528719.2026007,/metrics/dbscan/right/detections_count,std_msgs/msg/Int32,12
1774528719.202712,/metrics/dbscan/right/points_in,std_msgs/msg/Int32,7563
1774528719.2027998,/metrics/dbscan/right/processing_ms,std_msgs/msg/Float32,70.07251739501953
1774528719.2195687,/metrics/dbscan/left/detections_count,std_msgs/msg/Int32,11
1774528719.2196825,/metrics/dbscan/left/points_in,std_msgs/msg/Int32,9078
1774528719.2197466,/metrics/dbscan/left/processing_ms,std_msgs/msg/Float32,67.94281768798828
1774528719.22222,/metrics/dbscan/front/detections_count,std_msgs/msg/Int32,13
1774528719.2223144,/metrics/dbscan/front/points_in,std_msgs/msg/Int32,8852
1774528719.2223814,/metrics/dbscan/front/processing_ms,std_msgs/msg/Float32,67.20835876464844
1774528719.2591288,/metrics/dbscan/back/detections_count,std_msgs/msg/Int32,10
1774528719.2592561,/metrics/dbscan/back/points_in,std_msgs/msg/Int32,4111
1774528719.2593393,/metrics/dbscan/back/processing_ms,std_msgs/msg/Float32,49.97260284423828
1774528719.2995174,/metrics/dbscan/right/detections_count,std_msgs/msg/Int32,12
1774528719.2996397,/metrics/dbscan/right/points_in,std_msgs/msg/Int32,7671
1774528719.2997086,/metrics/dbscan/right/processing_ms,std_msgs/msg/Float32,66.41669464111328
1774528719.3196871,/metrics/dbscan/left/detections_count,std_msgs/msg/Int32,11
1774528719.319841,/metrics/dbscan/left/points_in,std_msgs/msg/Int32,8813
1774528719.319924,/metrics/dbscan/left/processing_ms,std_msgs/msg/Float32,67.73704528808594
1774528719.3202946,/metrics/dbscan/front/detections_count,std_msgs/msg/Int32,11
1774528719.3203616,/metrics/dbscan/front/points_in,std_msgs/msg/Int32,8981
1774528719.320423,/metrics/dbscan/front/processing_ms,std_msgs/msg/Float32,63.605369567871094
1774528719.3515134,/metrics/dbscan/back/detections_count,std_msgs/msg/Int32,10
1774528719.3516266,/metrics/dbscan/back/points_in,std_msgs/msg/Int32,4113
1774528719.3516898,/metrics/dbscan/back/processing_ms,std_msgs/msg/Float32,46.774959564208984
1774528719.3984005,/metrics/dbscan/right/detections_count,std_msgs/msg/Int32,12
1774528719.3985505,/metrics/dbscan/right/points_in,std_msgs/msg/Int32,7752
1774528719.3986292,/metrics/dbscan/right/processing_ms,std_msgs/msg/Float32,63.5403938293457
1774528719.4193625,/metrics/dbscan/left/detections_count,std_msgs/msg/Int32,11
1774528719.4194777,/metrics/dbscan/left/points_in,std_msgs/msg/Int32,8457
1774528719.4195416,/metrics/dbscan/left/processing_ms,std_msgs/msg/Float32,66.57669067382812
1774528719.421312,/metrics/dbscan/front/detections_count,std_msgs/msg/Int32,13
1774528719.421379,/metrics/dbscan/front/points_in,std_msgs/msg/Int32,9054
1774528719.4214294,/metrics/dbscan/front/processing_ms,std_msgs/msg/Float32,64.5844497680664
1774528719.4541035,/metrics/dbscan/back/detections_count,std_msgs/msg/Int32,9
1774528719.454247,/metrics/dbscan/back/points_in,std_msgs/msg/Int32,4115
1774528719.4543393,/metrics/dbscan/back/processing_ms,std_msgs/msg/Float32,48.42210388183594
1774528719.495556,/metrics/dbscan/right/detections_count,std_msgs/msg/Int32,12
1774528719.4957414,/metrics/dbscan/right/points_in,std_msgs/msg/Int32,7849
1774528719.4958966,/metrics/dbscan/right/processing_ms,std_msgs/msg/Float32,64.67100524902344
1774528719.5154784,/metrics/dbscan/front/detections_count,std_msgs/msg/Int32,14
1774528719.5156026,/metrics/dbscan/front/points_in,std_msgs/msg/Int32,9037
1774528719.515668,/metrics/dbscan/front/processing_ms,std_msgs/msg/Float32,61.44713592529297
1774528719.520891,/metrics/dbscan/left/detections_count,std_msgs/msg/Int32,11
1774528719.52101,/metrics/dbscan/left/points_in,std_msgs/msg/Int32,8017
1774528719.5210745,/metrics/dbscan/left/processing_ms,std_msgs/msg/Float32,67.35736846923828
1774528719.5556319,/metrics/dbscan/back/detections_count,std_msgs/msg/Int32,10
1774528719.5557563,/metrics/dbscan/back/points_in,std_msgs/msg/Int32,4110
1774528719.5558398,/metrics/dbscan/back/processing_ms,std_msgs/msg/Float32,49.26830291748047
1774528719.5970314,/metrics/dbscan/right/detections_count,std_msgs/msg/Int32,11
1774528719.597152,/metrics/dbscan/right/points_in,std_msgs/msg/Int32,8052
1774528719.5972173,/metrics/dbscan/right/processing_ms,std_msgs/msg/Float32,64.51414489746094
1774528719.61533,/metrics/dbscan/left/detections_count,std_msgs/msg/Int32,12
1774528719.6154528,/metrics/dbscan/left/points_in,std_msgs/msg/Int32,7714
1774528719.6155176,/metrics/dbscan/left/processing_ms,std_msgs/msg/Float32,65.52362823486328
1774528719.6161566,/metrics/dbscan/front/detections_count,std_msgs/msg/Int32,13
1774528719.6162276,/metrics/dbscan/front/points_in,std_msgs/msg/Int32,8895
1774528719.6162987,/metrics/dbscan/front/processing_ms,std_msgs/msg/Float32,60.752174377441406
1774528719.6551192,/metrics/dbscan/back/detections_count,std_msgs/msg/Int32,10
1774528719.6552658,/metrics/dbscan/back/points_in,std_msgs/msg/Int32,4119
1774528719.655388,/metrics/dbscan/back/processing_ms,std_msgs/msg/Float32,48.26157760620117
1774528719.6970103,/metrics/dbscan/right/detections_count,std_msgs/msg/Int32,12
1774528719.6971254,/metrics/dbscan/right/points_in,std_msgs/msg/Int32,8373
1774528719.6971912,/metrics/dbscan/right/processing_ms,std_msgs/msg/Float32,63.97001266479492
1774528719.7190936,/metrics/dbscan/left/detections_count,std_msgs/msg/Int32,11
1774528719.7192137,/metrics/dbscan/left/points_in,std_msgs/msg/Int32,7543
1774528719.7192924,/metrics/dbscan/left/processing_ms,std_msgs/msg/Float32,67.10093688964844
1774528719.7196808,/metrics/dbscan/front/detections_count,std_msgs/msg/Int32,12
1774528719.7197456,/metrics/dbscan/front/points_in,std_msgs/msg/Int32,8763
1774528719.7197976,/metrics/dbscan/front/processing_ms,std_msgs/msg/Float32,61.303680419921875
1774528719.756253,/metrics/dbscan/back/detections_count,std_msgs/msg/Int32,10
1774528719.7563977,/metrics/dbscan/back/points_in,std_msgs/msg/Int32,4117
1774528719.756463,/metrics/dbscan/back/processing_ms,std_msgs/msg/Float32,48.151859283447266
1774528719.7992718,/metrics/dbscan/right/detections_count,std_msgs/msg/Int32,10
1774528719.7994,/metrics/dbscan/right/points_in,std_msgs/msg/Int32,8752
1774528719.7994647,/metrics/dbscan/right/processing_ms,std_msgs/msg/Float32,66.11615753173828
1774528719.8138103,/metrics/dbscan/front/detections_count,std_msgs/msg/Int32,12
1774528719.8139224,/metrics/dbscan/front/points_in,std_msgs/msg/Int32,8658
1774528719.813986,/metrics/dbscan/front/processing_ms,std_msgs/msg/Float32,57.157554626464844
1774528719.8174114,/metrics/dbscan/left/detections_count,std_msgs/msg/Int32,11
1774528719.8174825,/metrics/dbscan/left/processing_ms,std_msgs/msg/Float32,65.90138244628906
1774528719.8177514,/metrics/dbscan/left/points_in,std_msgs/msg/Int32,7518
1774528719.8571763,/metrics/dbscan/back/detections_count,std_msgs/msg/Int32,9
1774528719.857314,/metrics/dbscan/back/points_in,std_msgs/msg/Int32,4116
1774528719.8573809,/metrics/dbscan/back/processing_ms,std_msgs/msg/Float32,48.18295669555664
1774528719.900348,/metrics/dbscan/right/detections_count,std_msgs/msg/Int32,10
1774528719.9004729,/metrics/dbscan/right/points_in,std_msgs/msg/Int32,9141
1774528719.9005404,/metrics/dbscan/right/processing_ms,std_msgs/msg/Float32,66.24613952636719
1774528719.9138808,/metrics/dbscan/front/detections_count,std_msgs/msg/Int32,11
1774528719.913993,/metrics/dbscan/front/points_in,std_msgs/msg/Int32,8661
1774528719.9140568,/metrics/dbscan/front/processing_ms,std_msgs/msg/Float32,57.020084381103516
1774528719.9182043,/metrics/dbscan/left/detections_count,std_msgs/msg/Int32,11
1774528719.9182997,/metrics/dbscan/left/points_in,std_msgs/msg/Int32,7528
1774528719.918367,/metrics/dbscan/left/processing_ms,std_msgs/msg/Float32,65.34432983398438
1774528719.9538379,/metrics/dbscan/back/detections_count,std_msgs/msg/Int32,9
1774528719.9539359,/metrics/dbscan/back/points_in,std_msgs/msg/Int32,4117
1774528719.9539893,/metrics/dbscan/back/processing_ms,std_msgs/msg/Float32,48.26038360595703
1774528720.0029433,/metrics/dbscan/right/detections_count,std_msgs/msg/Int32,10
1774528720.0030503,/metrics/dbscan/right/points_in,std_msgs/msg/Int32,9435
1774528720.0031042,/metrics/dbscan/right/processing_ms,std_msgs/msg/Float32,67.85977935791016
1774528720.011323,/metrics/dbscan/front/detections_count,std_msgs/msg/Int32,11
1774528720.0114346,/metrics/dbscan/front/points_in,std_msgs/msg/Int32,8753
1774528720.0114992,/metrics/dbscan/front/processing_ms,std_msgs/msg/Float32,57.30503845214844
1774528720.0192673,/metrics/dbscan/left/detections_count,std_msgs/msg/Int32,11
1774528720.0193677,/metrics/dbscan/left/points_in,std_msgs/msg/Int32,7533
1774528720.0194268,/metrics/dbscan/left/processing_ms,std_msgs/msg/Float32,65.87953186035156
1774528720.0530252,/metrics/dbscan/back/detections_count,std_msgs/msg/Int32,9
1774528720.0531387,/metrics/dbscan/back/points_in,std_msgs/msg/Int32,4117
1774528720.0532024,/metrics/dbscan/back/processing_ms,std_msgs/msg/Float32,47.59147262573242
1774528720.0967429,/metrics/dbscan/right/detections_count,std_msgs/msg/Int32,11
1774528720.0968783,/metrics/dbscan/right/points_in,std_msgs/msg/Int32,9564
1774528720.0969615,/metrics/dbscan/right/processing_ms,std_msgs/msg/Float32,65.71382141113281
1774528720.1127439,/metrics/dbscan/front/detections_count,std_msgs/msg/Int32,11
1774528720.112867,/metrics/dbscan/front/points_in,std_msgs/msg/Int32,8960
1774528720.1129289,/metrics/dbscan/front/processing_ms,std_msgs/msg/Float32,58.07405090332031
1774528720.115315,/metrics/dbscan/left/detections_count,std_msgs/msg/Int32,11
1774528720.1153815,/metrics/dbscan/left/points_in,std_msgs/msg/Int32,7522
1774528720.1154275,/metrics/dbscan/left/processing_ms,std_msgs/msg/Float32,64.77595520019531
1774528720.15324,/metrics/dbscan/back/detections_count,std_msgs/msg/Int32,11
1774528720.1533647,/metrics/dbscan/back/points_in,std_msgs/msg/Int32,4115
1774528720.1534352,/metrics/dbscan/back/processing_ms,std_msgs/msg/Float32,47.388755798339844
1774528720.1978512,/metrics/dbscan/right/detections_count,std_msgs/msg/Int32,12
1774528720.198003,/metrics/dbscan/right/points_in,std_msgs/msg/Int32,9655
1774528720.198089,/metrics/dbscan/right/processing_ms,std_msgs/msg/Float32,65.2299575805664
1774528720.2144415,/metrics/dbscan/front/detections_count,std_msgs/msg/Int32,12
1774528720.2145555,/metrics/dbscan/front/points_in,std_msgs/msg/Int32,9078
1774528720.2146206,/metrics/dbscan/front/processing_ms,std_msgs/msg/Float32,59.301082611083984
1774528720.2163863,/metrics/dbscan/left/detections_count,std_msgs/msg/Int32,11
1774528720.216453,/metrics/dbscan/left/points_in,std_msgs/msg/Int32,7528
1774528720.2165067,/metrics/dbscan/left/processing_ms,std_msgs/msg/Float32,65.18839263916016
1774528720.2543018,/metrics/dbscan/back/detections_count,std_msgs/msg/Int32,10
1774528720.254413,/metrics/dbscan/back/points_in,std_msgs/msg/Int32,4116
1774528720.2544682,/metrics/dbscan/back/processing_ms,std_msgs/msg/Float32,47.22633743286133
1774528720.2983184,/metrics/dbscan/right/detections_count,std_msgs/msg/Int32,11
1774528720.2984345,/metrics/dbscan/right/points_in,std_msgs/msg/Int32,9892
1774528720.298499,/metrics/dbscan/right/processing_ms,std_msgs/msg/Float32,65.72179412841797
1774528720.315129,/metrics/dbscan/front/detections_count,std_msgs/msg/Int32,12
1774528720.3152452,/metrics/dbscan/front/points_in,std_msgs/msg/Int32,8725
1774528720.3153255,/metrics/dbscan/front/processing_ms,std_msgs/msg/Float32,57.92707061767578
1774528720.3179243,/metrics/dbscan/left/detections_count,std_msgs/msg/Int32,11
1774528720.318006,/metrics/dbscan/left/processing_ms,std_msgs/msg/Float32,66.26045989990234
1774528720.3183138,/metrics/dbscan/left/points_in,std_msgs/msg/Int32,7507
1774528720.3553245,/metrics/dbscan/back/detections_count,std_msgs/msg/Int32,10
1774528720.3554497,/metrics/dbscan/back/points_in,std_msgs/msg/Int32,4107
1774528720.35553,/metrics/dbscan/back/processing_ms,std_msgs/msg/Float32,47.44728088378906
1774528720.3983176,/metrics/dbscan/right/detections_count,std_msgs/msg/Int32,11
1774528720.3984432,/metrics/dbscan/right/points_in,std_msgs/msg/Int32,9931
1774528720.3985097,/metrics/dbscan/right/processing_ms,std_msgs/msg/Float32,63.86617660522461
1774528720.4138439,/metrics/dbscan/front/detections_count,std_msgs/msg/Int32,13
1774528720.414012,/metrics/dbscan/front/points_in,std_msgs/msg/Int32,8001
1774528720.4141371,/metrics/dbscan/front/processing_ms,std_msgs/msg/Float32,55.90159606933594
1774528720.4206178,/metrics/dbscan/left/detections_count,std_msgs/msg/Int32,11
1774528720.4208238,/metrics/dbscan/left/points_in,std_msgs/msg/Int32,7517
1774528720.420911,/metrics/dbscan/left/processing_ms,std_msgs/msg/Float32,67.19501495361328
1774528720.4566593,/metrics/dbscan/back/detections_count,std_msgs/msg/Int32,10
1774528720.4567995,/metrics/dbscan/back/points_in,std_msgs/msg/Int32,4115
1774528720.4568686,/metrics/dbscan/back/processing_ms,std_msgs/msg/Float32,47.62879180908203
1774528720.5025814,/metrics/dbscan/right/detections_count,std_msgs/msg/Int32,10
1774528720.502694,/metrics/dbscan/right/points_in,std_msgs/msg/Int32,9776
1774528720.502759,/metrics/dbscan/right/processing_ms,std_msgs/msg/Float32,68.37844848632812
1774528720.5146408,/metrics/dbscan/front/detections_count,std_msgs/msg/Int32,12
1774528720.514754,/metrics/dbscan/front/points_in,std_msgs/msg/Int32,7519
1774528720.51482,/metrics/dbscan/front/processing_ms,std_msgs/msg/Float32,57.37892532348633
1774528720.5237632,/metrics/dbscan/left/detections_count,std_msgs/msg/Int32,11
1774528720.5238664,/metrics/dbscan/left/points_in,std_msgs/msg/Int32,7532
1774528720.5239289,/metrics/dbscan/left/processing_ms,std_msgs/msg/Float32,66.74943542480469
1774528720.5540519,/metrics/dbscan/back/detections_count,std_msgs/msg/Int32,9
1774528720.5541854,/metrics/dbscan/back/points_in,std_msgs/msg/Int32,4108
1774528720.5542493,/metrics/dbscan/back/processing_ms,std_msgs/msg/Float32,48.50243377685547
1774528720.5953307,/metrics/dbscan/right/detections_count,std_msgs/msg/Int32,11
1774528720.5954542,/metrics/dbscan/right/points_in,std_msgs/msg/Int32,9621
1774528720.5955198,/metrics/dbscan/right/processing_ms,std_msgs/msg/Float32,64.00736236572266
1774528720.6146894,/metrics/dbscan/front/detections_count,std_msgs/msg/Int32,10
1774528720.614793,/metrics/dbscan/front/points_in,std_msgs/msg/Int32,7359
1774528720.6148531,/metrics/dbscan/front/processing_ms,std_msgs/msg/Float32,60.259315490722656
1774528720.6205585,/metrics/dbscan/left/detections_count,std_msgs/msg/Int32,11
1774528720.6206412,/metrics/dbscan/left/points_in,std_msgs/msg/Int32,7524
1774528720.6207075,/metrics/dbscan/left/processing_ms,std_msgs/msg/Float32,70.81119537353516
1774528720.6584694,/metrics/dbscan/back/detections_count,std_msgs/msg/Int32,10
1774528720.6585803,/metrics/dbscan/back/points_in,std_msgs/msg/Int32,4110
1774528720.6586466,/metrics/dbscan/back/processing_ms,std_msgs/msg/Float32,52.864139556884766
1774528720.6943498,/metrics/dbscan/right/detections_count,std_msgs/msg/Int32,11
1774528720.6944654,/metrics/dbscan/right/points_in,std_msgs/msg/Int32,9469
1774528720.6945307,/metrics/dbscan/right/processing_ms,std_msgs/msg/Float32,63.00526809692383
1774528720.7114334,/metrics/dbscan/front/detections_count,std_msgs/msg/Int32,13
1774528720.7115312,/metrics/dbscan/front/points_in,std_msgs/msg/Int32,7196
1774528720.711585,/metrics/dbscan/front/processing_ms,std_msgs/msg/Float32,56.510555267333984
1774528720.7170024,/metrics/dbscan/left/detections_count,std_msgs/msg/Int32,11
1774528720.717088,/metrics/dbscan/left/points_in,std_msgs/msg/Int32,7522
1774528720.7171493,/metrics/dbscan/left/processing_ms,std_msgs/msg/Float32,66.73326873779297
1774528720.7556,/metrics/dbscan/back/detections_count,std_msgs/msg/Int32,10
1774528720.7557213,/metrics/dbscan/back/points_in,std_msgs/msg/Int32,4131
1774528720.7557895,/metrics/dbscan/back/processing_ms,std_msgs/msg/Float32,48.460655212402344
1774528720.7970324,/metrics/dbscan/right/detections_count,std_msgs/msg/Int32,12
1774528720.7971466,/metrics/dbscan/right/points_in,std_msgs/msg/Int32,9213
1774528720.7972138,/metrics/dbscan/right/processing_ms,std_msgs/msg/Float32,64.66780090332031
1774528720.8101025,/metrics/dbscan/front/detections_count,std_msgs/msg/Int32,13
1774528720.8102105,/metrics/dbscan/front/points_in,std_msgs/msg/Int32,6821
1774528720.8102891,/metrics/dbscan/front/processing_ms,std_msgs/msg/Float32,53.448734283447266
1774528720.8184254,/metrics/dbscan/left/detections_count,std_msgs/msg/Int32,11
1774528720.8185146,/metrics/dbscan/left/points_in,std_msgs/msg/Int32,7519
1774528720.8185756,/metrics/dbscan/left/processing_ms,std_msgs/msg/Float32,66.60905456542969
1774528720.8569026,/metrics/dbscan/back/detections_count,std_msgs/msg/Int32,10
1774528720.8570156,/metrics/dbscan/back/points_in,std_msgs/msg/Int32,4123
1774528720.8570795,/metrics/dbscan/back/processing_ms,std_msgs/msg/Float32,48.90517044067383
1774528720.894562,/metrics/dbscan/right/detections_count,std_msgs/msg/Int32,11
1774528720.8947253,/metrics/dbscan/right/points_in,std_msgs/msg/Int32,9037
1774528720.8947904,/metrics/dbscan/right/processing_ms,std_msgs/msg/Float32,61.60563659667969
1774528720.9101672,/metrics/dbscan/front/detections_count,std_msgs/msg/Int32,10
1774528720.9103048,/metrics/dbscan/front/points_in,std_msgs/msg/Int32,6475
1774528720.9103737,/metrics/dbscan/front/processing_ms,std_msgs/msg/Float32,53.2202262878418
1774528720.9189696,/metrics/dbscan/left/detections_count,std_msgs/msg/Int32,11
1774528720.919061,/metrics/dbscan/left/points_in,std_msgs/msg/Int32,7520
1774528720.9191236,/metrics/dbscan/left/processing_ms,std_msgs/msg/Float32,66.22176361083984
1774528720.955812,/metrics/dbscan/back/detections_count,std_msgs/msg/Int32,11
1774528720.9559274,/metrics/dbscan/back/points_in,std_msgs/msg/Int32,4127
1774528720.955991,/metrics/dbscan/back/processing_ms,std_msgs/msg/Float32,47.563087463378906
1774528720.9997666,/metrics/dbscan/right/detections_count,std_msgs/msg/Int32,11
1774528720.9998786,/metrics/dbscan/right/points_in,std_msgs/msg/Int32,9241
1774528720.9999433,/metrics/dbscan/right/processing_ms,std_msgs/msg/Float32,65.2839584350586
1774528721.01365,/metrics/dbscan/front/detections_count,std_msgs/msg/Int32,11
1774528721.0137498,/metrics/dbscan/front/points_in,std_msgs/msg/Int32,5996
1774528721.0138109,/metrics/dbscan/front/processing_ms,std_msgs/msg/Float32,59.63492965698242
1774528721.0247545,/metrics/dbscan/left/detections_count,std_msgs/msg/Int32,11
1774528721.0249217,/metrics/dbscan/left/points_in,std_msgs/msg/Int32,7529
1774528721.024984,/metrics/dbscan/left/processing_ms,std_msgs/msg/Float32,71.19588470458984
1774528721.0666392,/metrics/dbscan/back/detections_count,std_msgs/msg/Int32,9
1774528721.066784,/metrics/dbscan/back/points_in,std_msgs/msg/Int32,4107
1774528721.0668542,/metrics/dbscan/back/processing_ms,std_msgs/msg/Float32,57.77088165283203
1774528721.1011055,/metrics/dbscan/right/detections_count,std_msgs/msg/Int32,12
1774528721.1012044,/metrics/dbscan/right/points_in,std_msgs/msg/Int32,9436
1774528721.1012588,/metrics/dbscan/right/processing_ms,std_msgs/msg/Float32,70.48019409179688
1774528721.1108825,/metrics/dbscan/front/detections_count,std_msgs/msg/Int32,12
1774528721.1109757,/metrics/dbscan/front/points_in,std_msgs/msg/Int32,5577
1774528721.111043,/metrics/dbscan/front/processing_ms,std_msgs/msg/Float32,56.91527557373047
1774528721.1178281,/metrics/dbscan/left/detections_count,std_msgs/msg/Int32,11
1774528721.1179304,/metrics/dbscan/left/points_in,std_msgs/msg/Int32,7530
1774528721.1180012,/metrics/dbscan/left/processing_ms,std_msgs/msg/Float32,67.52310180664062
1774528721.1526077,/metrics/dbscan/back/detections_count,std_msgs/msg/Int32,10
1774528721.152752,/metrics/dbscan/back/points_in,std_msgs/msg/Int32,4114
1774528721.152821,/metrics/dbscan/back/processing_ms,std_msgs/msg/Float32,47.21002960205078
1774528721.197608,/metrics/dbscan/right/detections_count,std_msgs/msg/Int32,12
1774528721.1977417,/metrics/dbscan/right/points_in,std_msgs/msg/Int32,9390
1774528721.1978254,/metrics/dbscan/right/processing_ms,std_msgs/msg/Float32,65.44458770751953
1774528721.212843,/metrics/dbscan/front/detections_count,std_msgs/msg/Int32,12
1774528721.2129498,/metrics/dbscan/front/points_in,std_msgs/msg/Int32,5585
1774528721.213012,/metrics/dbscan/front/processing_ms,std_msgs/msg/Float32,57.794185638427734
1774528721.2185297,/metrics/dbscan/left/detections_count,std_msgs/msg/Int32,11
1774528721.218665,/metrics/dbscan/left/points_in,std_msgs/msg/Int32,7509
1774528721.218754,/metrics/dbscan/left/processing_ms,std_msgs/msg/Float32,67.02438354492188
1774528721.253818,/metrics/dbscan/back/detections_count,std_msgs/msg/Int32,10
1774528721.253931,/metrics/dbscan/back/points_in,std_msgs/msg/Int32,4127
1774528721.2539937,/metrics/dbscan/back/processing_ms,std_msgs/msg/Float32,47.77784729003906
1774528721.2951343,/metrics/dbscan/right/detections_count,std_msgs/msg/Int32,10
1774528721.295268,/metrics/dbscan/right/points_in,std_msgs/msg/Int32,9270
1774528721.2953546,/metrics/dbscan/right/processing_ms,std_msgs/msg/Float32,63.36968994140625
1774528721.3129804,/metrics/dbscan/front/detections_count,std_msgs/msg/Int32,13
1774528721.3131456,/metrics/dbscan/front/points_in,std_msgs/msg/Int32,5585
1774528721.3132195,/metrics/dbscan/front/processing_ms,std_msgs/msg/Float32,56.0501594543457
1774528721.3187056,/metrics/dbscan/left/detections_count,std_msgs/msg/Int32,11
1774528721.3188052,/metrics/dbscan/left/points_in,std_msgs/msg/Int32,7506
1774528721.3188689,/metrics/dbscan/left/processing_ms,std_msgs/msg/Float32,65.99571228027344
1774528721.353776,/metrics/dbscan/back/detections_count,std_msgs/msg/Int32,10
1774528721.3538737,/metrics/dbscan/back/points_in,std_msgs/msg/Int32,4118
1774528721.353929,/metrics/dbscan/back/processing_ms,std_msgs/msg/Float32,47.69034957885742
1774528721.3908272,/metrics/dbscan/right/detections_count,std_msgs/msg/Int32,9
1774528721.3909726,/metrics/dbscan/right/points_in,std_msgs/msg/Int32,9489
1774528721.3910718,/metrics/dbscan/right/processing_ms,std_msgs/msg/Float32,58.5161018371582
1774528721.4126027,/metrics/dbscan/front/detections_count,std_msgs/msg/Int32,11
1774528721.4127386,/metrics/dbscan/front/points_in,std_msgs/msg/Int32,5581
1774528721.4128258,/metrics/dbscan/front/processing_ms,std_msgs/msg/Float32,55.87104034423828
1774528721.4174852,/metrics/dbscan/left/detections_count,std_msgs/msg/Int32,11
1774528721.4175801,/metrics/dbscan/left/points_in,std_msgs/msg/Int32,7508
1774528721.4176848,/metrics/dbscan/left/processing_ms,std_msgs/msg/Float32,65.07431030273438
1774528721.4575508,/metrics/dbscan/back/detections_count,std_msgs/msg/Int32,11
1774528721.4576793,/metrics/dbscan/back/points_in,std_msgs/msg/Int32,4122
1774528721.457769,/metrics/dbscan/back/processing_ms,std_msgs/msg/Float32,49.82218551635742
1774528721.500284,/metrics/dbscan/right/detections_count,std_msgs/msg/Int32,8
1774528721.5004425,/metrics/dbscan/right/points_in,std_msgs/msg/Int32,9727
1774528721.5005198,/metrics/dbscan/right/processing_ms,std_msgs/msg/Float32,67.0535659790039
1774528721.516632,/metrics/dbscan/front/detections_count,std_msgs/msg/Int32,11
1774528721.5167465,/metrics/dbscan/front/points_in,std_msgs/msg/Int32,5594
1774528721.5168188,/metrics/dbscan/front/processing_ms,std_msgs/msg/Float32,63.18632125854492
1774528721.5227206,/metrics/dbscan/left/detections_count,std_msgs/msg/Int32,11
1774528721.52283,/metrics/dbscan/left/points_in,std_msgs/msg/Int32,7502
1774528721.5228949,/metrics/dbscan/left/processing_ms,std_msgs/msg/Float32,68.89714050292969
1774528721.5576742,/metrics/dbscan/back/detections_count,std_msgs/msg/Int32,9
1774528721.5577855,/metrics/dbscan/back/points_in,std_msgs/msg/Int32,4113
1774528721.5578473,/metrics/dbscan/back/processing_ms,std_msgs/msg/Float32,48.57679748535156
1774528721.5918126,/metrics/dbscan/right/detections_count,std_msgs/msg/Int32,9
1774528721.591937,/metrics/dbscan/right/points_in,std_msgs/msg/Int32,9831
1774528721.5920045,/metrics/dbscan/right/processing_ms,std_msgs/msg/Float32,58.06941223144531
1774528721.6162863,/metrics/dbscan/front/detections_count,std_msgs/msg/Int32,12
1774528721.6163855,/metrics/dbscan/front/points_in,std_msgs/msg/Int32,5582
1774528721.6164412,/metrics/dbscan/front/processing_ms,std_msgs/msg/Float32,61.26759338378906
1774528721.6177485,/metrics/dbscan/left/detections_count,std_msgs/msg/Int32,11
1774528721.6178122,/metrics/dbscan/left/processing_ms,std_msgs/msg/Float32,67.99956512451172
1774528721.6180327,/metrics/dbscan/left/points_in,std_msgs/msg/Int32,7457
1774528721.6570094,/metrics/dbscan/back/detections_count,std_msgs/msg/Int32,9
1774528721.65712,/metrics/dbscan/back/points_in,std_msgs/msg/Int32,4108
1774528721.657183,/metrics/dbscan/back/processing_ms,std_msgs/msg/Float32,48.03364181518555
1774528721.6873891,/metrics/dbscan/right/detections_count,std_msgs/msg/Int32,11
1774528721.6874957,/metrics/dbscan/right/points_in,std_msgs/msg/Int32,9833
1774528721.6875496,/metrics/dbscan/right/processing_ms,std_msgs/msg/Float32,56.723148345947266
1774528721.7115483,/metrics/dbscan/front/detections_count,std_msgs/msg/Int32,11
1774528721.7116592,/metrics/dbscan/front/points_in,std_msgs/msg/Int32,5584
1774528721.7117233,/metrics/dbscan/front/processing_ms,std_msgs/msg/Float32,56.522708892822266
1774528721.7174253,/metrics/dbscan/left/detections_count,std_msgs/msg/Int32,11
1774528721.7175236,/metrics/dbscan/left/points_in,std_msgs/msg/Int32,7442
1774528721.717584,/metrics/dbscan/left/processing_ms,std_msgs/msg/Float32,66.22815704345703
1774528721.7538319,/metrics/dbscan/back/detections_count,std_msgs/msg/Int32,10
1774528721.7539492,/metrics/dbscan/back/points_in,std_msgs/msg/Int32,4129
1774528721.754015,/metrics/dbscan/back/processing_ms,std_msgs/msg/Float32,48.46706008911133
1774528721.7906475,/metrics/dbscan/right/detections_count,std_msgs/msg/Int32,9
1774528721.7907715,/metrics/dbscan/right/points_in,std_msgs/msg/Int32,9808
1774528721.7908423,/metrics/dbscan/right/processing_ms,std_msgs/msg/Float32,58.59638214111328
1774528721.8128417,/metrics/dbscan/front/detections_count,std_msgs/msg/Int32,11
1774528721.8129888,/metrics/dbscan/front/points_in,std_msgs/msg/Int32,5607
1774528721.8131118,/metrics/dbscan/front/processing_ms,std_msgs/msg/Float32,56.84450149536133
1774528721.8181663,/metrics/dbscan/left/detections_count,std_msgs/msg/Int32,11
1774528721.818246,/metrics/dbscan/left/points_in,std_msgs/msg/Int32,7467
1774528721.8183212,/metrics/dbscan/left/processing_ms,std_msgs/msg/Float32,66.47496795654297
1774528721.8531678,/metrics/dbscan/back/detections_count,std_msgs/msg/Int32,10
1774528721.853327,/metrics/dbscan/back/points_in,std_msgs/msg/Int32,4108
1774528721.8534079,/metrics/dbscan/back/processing_ms,std_msgs/msg/Float32,47.47391891479492
1774528721.8954144,/metrics/dbscan/right/detections_count,std_msgs/msg/Int32,10
1774528721.895529,/metrics/dbscan/right/points_in,std_msgs/msg/Int32,9769
1774528721.8955898,/metrics/dbscan/right/processing_ms,std_msgs/msg/Float32,63.26713562011719
1774528721.9144766,/metrics/dbscan/front/detections_count,std_msgs/msg/Int32,11
1774528721.9145963,/metrics/dbscan/front/points_in,std_msgs/msg/Int32,5595
1774528721.9146702,/metrics/dbscan/front/processing_ms,std_msgs/msg/Float32,56.68296432495117
1774528721.9241412,/metrics/dbscan/left/detections_count,std_msgs/msg/Int32,11
1774528721.9242628,/metrics/dbscan/left/points_in,std_msgs/msg/Int32,7451
1774528721.9243548,/metrics/dbscan/left/processing_ms,std_msgs/msg/Float32,71.66151428222656
1774528721.9542341,/metrics/dbscan/back/detections_count,std_msgs/msg/Int32,11
1774528721.9543839,/metrics/dbscan/back/points_in,std_msgs/msg/Int32,4115
1774528721.9544537,/metrics/dbscan/back/processing_ms,std_msgs/msg/Float32,47.37409973144531
1774528721.9945555,/metrics/dbscan/right/detections_count,std_msgs/msg/Int32,10
1774528721.9947062,/metrics/dbscan/right/points_in,std_msgs/msg/Int32,9411
1774528721.9947987,/metrics/dbscan/right/processing_ms,std_msgs/msg/Float32,61.37150192260742
1774528722.0137935,/metrics/dbscan/front/detections_count,std_msgs/msg/Int32,11
1774528722.0139372,/metrics/dbscan/front/points_in,std_msgs/msg/Int32,5610
1774528722.0140154,/metrics/dbscan/front/processing_ms,std_msgs/msg/Float32,55.496028900146484
1774528722.0217328,/metrics/dbscan/left/detections_count,std_msgs/msg/Int32,11
1774528722.021836,/metrics/dbscan/left/points_in,std_msgs/msg/Int32,7471
1774528722.0218937,/metrics/dbscan/left/processing_ms,std_msgs/msg/Float32,67.49246215820312
1774528722.0559866,/metrics/dbscan/back/detections_count,std_msgs/msg/Int32,10
1774528722.0561383,/metrics/dbscan/back/points_in,std_msgs/msg/Int32,4111
1774528722.0562387,/metrics/dbscan/back/processing_ms,std_msgs/msg/Float32,48.13060760498047
1774528722.097944,/metrics/dbscan/right/detections_count,std_msgs/msg/Int32,10
1774528722.0980568,/metrics/dbscan/right/points_in,std_msgs/msg/Int32,9135
1774528722.098121,/metrics/dbscan/right/processing_ms,std_msgs/msg/Float32,64.49656677246094
1774528722.1095293,/metrics/dbscan/front/detections_count,std_msgs/msg/Int32,13
1774528722.1096396,/metrics/dbscan/front/points_in,std_msgs/msg/Int32,5616
1774528722.1097019,/metrics/dbscan/front/processing_ms,std_msgs/msg/Float32,54.20607376098633
1774528722.1178172,/metrics/dbscan/left/detections_count,std_msgs/msg/Int32,11
1774528722.1179225,/metrics/dbscan/left/points_in,std_msgs/msg/Int32,7462
1774528722.1179821,/metrics/dbscan/left/processing_ms,std_msgs/msg/Float32,66.09376525878906
1774528722.1572134,/metrics/dbscan/back/detections_count,std_msgs/msg/Int32,10
1774528722.157347,/metrics/dbscan/back/points_in,std_msgs/msg/Int32,4117
1774528722.157418,/metrics/dbscan/back/processing_ms,std_msgs/msg/Float32,48.662227630615234
1774528722.1988654,/metrics/dbscan/right/detections_count,std_msgs/msg/Int32,10
1774528722.1989794,/metrics/dbscan/right/points_in,std_msgs/msg/Int32,9025
1774528722.1990428,/metrics/dbscan/right/processing_ms,std_msgs/msg/Float32,64.67922973632812
1774528722.210756,/metrics/dbscan/front/detections_count,std_msgs/msg/Int32,11
1774528722.2108736,/metrics/dbscan/front/points_in,std_msgs/msg/Int32,5679
1774528722.2109385,/metrics/dbscan/front/processing_ms,std_msgs/msg/Float32,56.151512145996094
1774528722.2165544,/metrics/dbscan/left/detections_count,std_msgs/msg/Int32,11
1774528722.2166386,/metrics/dbscan/left/points_in,std_msgs/msg/Int32,7462
1774528722.2166982,/metrics/dbscan/left/processing_ms,std_msgs/msg/Float32,65.67420196533203
1774528722.2567153,/metrics/dbscan/back/detections_count,std_msgs/msg/Int32,10
1774528722.2568464,/metrics/dbscan/back/points_in,std_msgs/msg/Int32,4118
1774528722.2569253,/metrics/dbscan/back/processing_ms,std_msgs/msg/Float32,47.65955352783203
1774528722.294664,/metrics/dbscan/right/detections_count,std_msgs/msg/Int32,8
1774528722.294795,/metrics/dbscan/right/points_in,std_msgs/msg/Int32,8831
1774528722.2948694,/metrics/dbscan/right/processing_ms,std_msgs/msg/Float32,63.67823791503906
1774528722.3142614,/metrics/dbscan/front/detections_count,std_msgs/msg/Int32,12
1774528722.3143814,/metrics/dbscan/front/points_in,std_msgs/msg/Int32,5808
1774528722.3144436,/metrics/dbscan/front/processing_ms,std_msgs/msg/Float32,58.28451919555664
1774528722.32167,/metrics/dbscan/left/detections_count,std_msgs/msg/Int32,11
1774528722.3217497,/metrics/dbscan/left/points_in,std_msgs/msg/Int32,7466
1774528722.3218133,/metrics/dbscan/left/processing_ms,std_msgs/msg/Float32,70.23751068115234
1774528722.35505,/metrics/dbscan/back/detections_count,std_msgs/msg/Int32,10
1774528722.3551579,/metrics/dbscan/back/points_in,std_msgs/msg/Int32,4115
1774528722.3552186,/metrics/dbscan/back/processing_ms,std_msgs/msg/Float32,49.05556869506836
1774528722.3997009,/metrics/dbscan/right/detections_count,std_msgs/msg/Int32,11
1774528722.3998358,/metrics/dbscan/right/points_in,std_msgs/msg/Int32,8535
1774528722.3999226,/metrics/dbscan/right/processing_ms,std_msgs/msg/Float32,67.88888549804688
1774528722.4093182,/metrics/dbscan/front/detections_count,std_msgs/msg/Int32,12
1774528722.4094338,/metrics/dbscan/front/points_in,std_msgs/msg/Int32,6037
1774528722.4094956,/metrics/dbscan/front/processing_ms,std_msgs/msg/Float32,52.857547760009766
1774528722.422681,/metrics/dbscan/left/detections_count,std_msgs/msg/Int32,12
1774528722.4228196,/metrics/dbscan/left/points_in,std_msgs/msg/Int32,7485
1774528722.4229362,/metrics/dbscan/left/processing_ms,std_msgs/msg/Float32,69.67715454101562
1774528722.4545703,/metrics/dbscan/back/detections_count,std_msgs/msg/Int32,11
1774528722.4546683,/metrics/dbscan/back/points_in,std_msgs/msg/Int32,4116
1774528722.4547327,/metrics/dbscan/back/processing_ms,std_msgs/msg/Float32,47.58395004272461
1774528722.5025296,/metrics/dbscan/right/detections_count,std_msgs/msg/Int32,9
1774528722.5026498,/metrics/dbscan/right/points_in,std_msgs/msg/Int32,8687
1774528722.502714,/metrics/dbscan/right/processing_ms,std_msgs/msg/Float32,70.67569732666016
1774528722.5152016,/metrics/dbscan/front/detections_count,std_msgs/msg/Int32,11
1774528722.5153131,/metrics/dbscan/front/points_in,std_msgs/msg/Int32,6372
1774528722.5153816,/metrics/dbscan/front/processing_ms,std_msgs/msg/Float32,58.143550872802734
1774528722.5234401,/metrics/dbscan/left/detections_count,std_msgs/msg/Int32,12
1774528722.5235314,/metrics/dbscan/left/points_in,std_msgs/msg/Int32,7496
1774528722.523594,/metrics/dbscan/left/processing_ms,std_msgs/msg/Float32,70.01432800292969
1774528722.5598452,/metrics/dbscan/back/detections_count,std_msgs/msg/Int32,10
1774528722.5599823,/metrics/dbscan/back/points_in,std_msgs/msg/Int32,4130
1774528722.5600505,/metrics/dbscan/back/processing_ms,std_msgs/msg/Float32,52.954952239990234
1774528722.59808,/metrics/dbscan/right/detections_count,std_msgs/msg/Int32,9
1774528722.5982025,/metrics/dbscan/right/points_in,std_msgs/msg/Int32,9041
1774528722.5982664,/metrics/dbscan/right/processing_ms,std_msgs/msg/Float32,64.06397247314453
1774528722.6060746,/metrics/dbscan/front/detections_count,std_msgs/msg/Int32,12
1774528722.6061635,/metrics/dbscan/front/points_in,std_msgs/msg/Int32,6807
1774528722.606215,/metrics/dbscan/front/processing_ms,std_msgs/msg/Float32,51.94878005981445
1774528722.616345,/metrics/dbscan/left/detections_count,std_msgs/msg/Int32,12
1774528722.6164565,/metrics/dbscan/left/points_in,std_msgs/msg/Int32,7493
1774528722.6165287,/metrics/dbscan/left/processing_ms,std_msgs/msg/Float32,66.11579132080078
1774528722.6545174,/metrics/dbscan/back/detections_count,std_msgs/msg/Int32,11
1774528722.6546352,/metrics/dbscan/back/points_in,std_msgs/msg/Int32,4117
1774528722.6546893,/metrics/dbscan/back/processing_ms,std_msgs/msg/Float32,47.016258239746094
1774528722.6985123,/metrics/dbscan/right/detections_count,std_msgs/msg/Int32,9
1774528722.698643,/metrics/dbscan/right/points_in,std_msgs/msg/Int32,9369
1774528722.6987052,/metrics/dbscan/right/processing_ms,std_msgs/msg/Float32,64.4172134399414
1774528722.7055924,/metrics/dbscan/front/detections_count,std_msgs/msg/Int32,11
1774528722.7056835,/metrics/dbscan/front/points_in,std_msgs/msg/Int32,7398
1774528722.7057452,/metrics/dbscan/front/processing_ms,std_msgs/msg/Float32,50.93882751464844
1774528722.719435,/metrics/dbscan/left/detections_count,std_msgs/msg/Int32,12
1774528722.7195537,/metrics/dbscan/left/points_in,std_msgs/msg/Int32,7495
1774528722.719619,/metrics/dbscan/left/processing_ms,std_msgs/msg/Float32,68.58699035644531
1774528722.7591825,/metrics/dbscan/back/detections_count,std_msgs/msg/Int32,10
1774528722.7593186,/metrics/dbscan/back/processing_ms,std_msgs/msg/Float32,51.12202835083008
1774528722.7597172,/metrics/dbscan/back/points_in,std_msgs/msg/Int32,4129
1774528722.7978468,/metrics/dbscan/right/detections_count,std_msgs/msg/Int32,9
1774528722.7979689,/metrics/dbscan/right/points_in,std_msgs/msg/Int32,9420
1774528722.7980356,/metrics/dbscan/right/processing_ms,std_msgs/msg/Float32,66.59481811523438
1774528722.807112,/metrics/dbscan/front/detections_count,std_msgs/msg/Int32,8
1774528722.8072162,/metrics/dbscan/front/points_in,std_msgs/msg/Int32,7743
1774528722.807294,/metrics/dbscan/front/processing_ms,std_msgs/msg/Float32,51.11280822753906
1774528722.817478,/metrics/dbscan/left/detections_count,std_msgs/msg/Int32,12
1774528722.8176177,/metrics/dbscan/left/points_in,std_msgs/msg/Int32,7491
1774528722.8176928,/metrics/dbscan/left/processing_ms,std_msgs/msg/Float32,65.58161163330078
1774528722.857063,/metrics/dbscan/back/detections_count,std_msgs/msg/Int32,10
1774528722.8571775,/metrics/dbscan/back/points_in,std_msgs/msg/Int32,4123
1774528722.8572423,/metrics/dbscan/back/processing_ms,std_msgs/msg/Float32,48.24318313598633
1774528722.8962004,/metrics/dbscan/right/detections_count,std_msgs/msg/Int32,9
1774528722.896354,/metrics/dbscan/right/points_in,std_msgs/msg/Int32,9375
1774528722.8964424,/metrics/dbscan/right/processing_ms,std_msgs/msg/Float32,64.81948852539062
1774528722.9091074,/metrics/dbscan/front/detections_count,std_msgs/msg/Int32,11
1774528722.9092102,/metrics/dbscan/front/points_in,std_msgs/msg/Int32,8346
1774528722.9092958,/metrics/dbscan/front/processing_ms,std_msgs/msg/Float32,51.45222473144531
1774528722.9200115,/metrics/dbscan/left/detections_count,std_msgs/msg/Int32,11
1774528722.920138,/metrics/dbscan/left/points_in,std_msgs/msg/Int32,7479
1774528722.9202168,/metrics/dbscan/left/processing_ms,std_msgs/msg/Float32,66.5940933227539
1774528722.955751,/metrics/dbscan/back/detections_count,std_msgs/msg/Int32,11
1774528722.955856,/metrics/dbscan/back/points_in,std_msgs/msg/Int32,4115
1774528722.955916,/metrics/dbscan/back/processing_ms,std_msgs/msg/Float32,50.03447723388672
1774528722.9976575,/metrics/dbscan/right/detections_count,std_msgs/msg/Int32,11
1774528722.9978023,/metrics/dbscan/right/points_in,std_msgs/msg/Int32,9387
1774528722.9979358,/metrics/dbscan/right/processing_ms,std_msgs/msg/Float32,65.50031280517578
1774528723.0131714,/metrics/dbscan/front/detections_count,std_msgs/msg/Int32,14
1774528723.0133362,/metrics/dbscan/front/points_in,std_msgs/msg/Int32,9106
1774528723.0134442,/metrics/dbscan/front/processing_ms,std_msgs/msg/Float32,55.31291961669922
1774528723.0207648,/metrics/dbscan/left/detections_count,std_msgs/msg/Int32,11
1774528723.0208545,/metrics/dbscan/left/points_in,std_msgs/msg/Int32,7475
1774528723.0209157,/metrics/dbscan/left/processing_ms,std_msgs/msg/Float32,67.45201873779297
1774528723.0580552,/metrics/dbscan/back/detections_count,std_msgs/msg/Int32,10
1774528723.0581675,/metrics/dbscan/back/points_in,std_msgs/msg/Int32,4114
1774528723.0582345,/metrics/dbscan/back/processing_ms,std_msgs/msg/Float32,51.86269760131836
1774528723.0987222,/metrics/dbscan/right/detections_count,std_msgs/msg/Int32,11
1774528723.098846,/metrics/dbscan/right/points_in,std_msgs/msg/Int32,9084
1774528723.09891,/metrics/dbscan/right/processing_ms,std_msgs/msg/Float32,65.70719909667969
1774528723.114665,/metrics/dbscan/left/detections_count,std_msgs/msg/Int32,11
1774528723.1147757,/metrics/dbscan/left/points_in,std_msgs/msg/Int32,7464
1774528723.1148374,/metrics/dbscan/left/processing_ms,std_msgs/msg/Float32,64.69972229003906
1774528723.1151624,/metrics/dbscan/front/detections_count,std_msgs/msg/Int32,13
1774528723.1152265,/metrics/dbscan/front/points_in,std_msgs/msg/Int32,9779
1774528723.1153061,/metrics/dbscan/front/processing_ms,std_msgs/msg/Float32,60.813411712646484
1774528723.1592937,/metrics/dbscan/back/detections_count,std_msgs/msg/Int32,11
1774528723.1594236,/metrics/dbscan/back/points_in,std_msgs/msg/Int32,4118
1774528723.1595337,/metrics/dbscan/back/processing_ms,std_msgs/msg/Float32,51.66751480102539
1774528723.2074435,/metrics/dbscan/right/detections_count,std_msgs/msg/Int32,10
1774528723.207562,/metrics/dbscan/right/points_in,std_msgs/msg/Int32,8912
1774528723.2076254,/metrics/dbscan/right/processing_ms,std_msgs/msg/Float32,73.21040344238281
1774528723.2160952,/metrics/dbscan/front/detections_count,std_msgs/msg/Int32,12
1774528723.2161937,/metrics/dbscan/front/points_in,std_msgs/msg/Int32,10028
1774528723.2162583,/metrics/dbscan/front/processing_ms,std_msgs/msg/Float32,61.02949142456055
1774528723.2226057,/metrics/dbscan/left/detections_count,std_msgs/msg/Int32,11
1774528723.2227116,/metrics/dbscan/left/points_in,std_msgs/msg/Int32,7464
1774528723.2227838,/metrics/dbscan/left/processing_ms,std_msgs/msg/Float32,71.2906265258789
1774528723.254324,/metrics/dbscan/back/detections_count,std_msgs/msg/Int32,10
1774528723.2544358,/metrics/dbscan/back/points_in,std_msgs/msg/Int32,4119
1774528723.254502,/metrics/dbscan/back/processing_ms,std_msgs/msg/Float32,46.565982818603516
1774528723.2992115,/metrics/dbscan/right/detections_count,std_msgs/msg/Int32,9
1774528723.299358,/metrics/dbscan/right/points_in,std_msgs/msg/Int32,8834
1774528723.2994413,/metrics/dbscan/right/processing_ms,std_msgs/msg/Float32,69.42218017578125
1774528723.314438,/metrics/dbscan/front/detections_count,std_msgs/msg/Int32,12
1774528723.3145545,/metrics/dbscan/front/points_in,std_msgs/msg/Int32,10120
1774528723.314619,/metrics/dbscan/front/processing_ms,std_msgs/msg/Float32,58.405399322509766
1774528723.317982,/metrics/dbscan/left/detections_count,std_msgs/msg/Int32,11
1774528723.3180656,/metrics/dbscan/left/points_in,std_msgs/msg/Int32,7470
1774528723.318126,/metrics/dbscan/left/processing_ms,std_msgs/msg/Float32,66.42591094970703
1774528723.3568478,/metrics/dbscan/back/detections_count,std_msgs/msg/Int32,10
1774528723.3569446,/metrics/dbscan/back/points_in,std_msgs/msg/Int32,4181
1774528723.356999,/metrics/dbscan/back/processing_ms,std_msgs/msg/Float32,48.35572814941406
1774528723.4012997,/metrics/dbscan/right/detections_count,std_msgs/msg/Int32,11
1774528723.4014242,/metrics/dbscan/right/points_in,std_msgs/msg/Int32,8547
1774528723.4014869,/metrics/dbscan/right/processing_ms,std_msgs/msg/Float32,69.80449676513672
1774528723.4161878,/metrics/dbscan/front/detections_count,std_msgs/msg/Int32,11
1774528723.4163065,/metrics/dbscan/front/points_in,std_msgs/msg/Int32,10261
1774528723.4163754,/metrics/dbscan/front/processing_ms,std_msgs/msg/Float32,60.0247688293457
1774528723.4229705,/metrics/dbscan/left/detections_count,std_msgs/msg/Int32,11
1774528723.423085,/metrics/dbscan/left/points_in,std_msgs/msg/Int32,7466
1774528723.423149,/metrics/dbscan/left/processing_ms,std_msgs/msg/Float32,70.45050048828125
1774528723.453298,/metrics/dbscan/back/detections_count,std_msgs/msg/Int32,10
1774528723.4534357,/metrics/dbscan/back/points_in,std_msgs/msg/Int32,4357
1774528723.4535143,/metrics/dbscan/back/processing_ms,std_msgs/msg/Float32,48.21589279174805
1774528723.4986835,/metrics/dbscan/right/detections_count,std_msgs/msg/Int32,10
1774528723.4987974,/metrics/dbscan/right/points_in,std_msgs/msg/Int32,8097
1774528723.4988627,/metrics/dbscan/right/processing_ms,std_msgs/msg/Float32,67.24421691894531
1774528723.5177794,/metrics/dbscan/front/detections_count,std_msgs/msg/Int32,12
1774528723.5178936,/metrics/dbscan/front/points_in,std_msgs/msg/Int32,10306
1774528723.5179477,/metrics/dbscan/front/processing_ms,std_msgs/msg/Float32,59.15587615966797
1774528723.5193577,/metrics/dbscan/left/detections_count,std_msgs/msg/Int32,11
1774528723.51942,/metrics/dbscan/left/points_in,std_msgs/msg/Int32,7458
1774528723.5194688,/metrics/dbscan/left/processing_ms,std_msgs/msg/Float32,66.44893646240234
1774528723.5643857,/metrics/dbscan/back/detections_count,std_msgs/msg/Int32,10
1774528723.5644858,/metrics/dbscan/back/points_in,std_msgs/msg/Int32,4553
1774528723.5645375,/metrics/dbscan/back/processing_ms,std_msgs/msg/Float32,52.9340934753418
1774528723.5964382,/metrics/dbscan/right/detections_count,std_msgs/msg/Int32,10
1774528723.5965402,/metrics/dbscan/right/points_in,std_msgs/msg/Int32,7694
1774528723.5965939,/metrics/dbscan/right/processing_ms,std_msgs/msg/Float32,62.696109771728516
1774528723.6148756,/metrics/dbscan/front/detections_count,std_msgs/msg/Int32,10
1774528723.6150146,/metrics/dbscan/front/points_in,std_msgs/msg/Int32,10309
1774528723.6150892,/metrics/dbscan/front/processing_ms,std_msgs/msg/Float32,59.77070617675781
1774528723.6226633,/metrics/dbscan/left/detections_count,std_msgs/msg/Int32,11
1774528723.622771,/metrics/dbscan/left/points_in,std_msgs/msg/Int32,7466
1774528723.6228335,/metrics/dbscan/left/processing_ms,std_msgs/msg/Float32,72.12725830078125
1774528723.6552107,/metrics/dbscan/back/detections_count,std_msgs/msg/Int32,11
1774528723.6553316,/metrics/dbscan/back/points_in,std_msgs/msg/Int32,4750
1774528723.655401,/metrics/dbscan/back/processing_ms,std_msgs/msg/Float32,49.054054260253906
1774528723.6959589,/metrics/dbscan/right/detections_count,std_msgs/msg/Int32,10
1774528723.6960816,/metrics/dbscan/right/points_in,std_msgs/msg/Int32,7298
1774528723.6961474,/metrics/dbscan/right/processing_ms,std_msgs/msg/Float32,62.58477020263672
1774528723.7170532,/metrics/dbscan/front/detections_count,std_msgs/msg/Int32,11
1774528723.7171602,/metrics/dbscan/front/points_in,std_msgs/msg/Int32,10160
1774528723.7172177,/metrics/dbscan/front/processing_ms,std_msgs/msg/Float32,60.33881759643555
1774528723.7185748,/metrics/dbscan/left/detections_count,std_msgs/msg/Int32,12
1774528723.7186375,/metrics/dbscan/left/processing_ms,std_msgs/msg/Float32,66.64718627929688
1774528723.7188733,/metrics/dbscan/left/points_in,std_msgs/msg/Int32,7506
1774528723.7564108,/metrics/dbscan/back/detections_count,std_msgs/msg/Int32,11
1774528723.7565243,/metrics/dbscan/back/points_in,std_msgs/msg/Int32,4962
1774528723.7565875,/metrics/dbscan/back/processing_ms,std_msgs/msg/Float32,49.222694396972656
1774528723.7960172,/metrics/dbscan/right/detections_count,std_msgs/msg/Int32,10
1774528723.7961912,/metrics/dbscan/right/points_in,std_msgs/msg/Int32,6812
1774528723.7962825,/metrics/dbscan/right/processing_ms,std_msgs/msg/Float32,61.45696258544922
1774528723.8165271,/metrics/dbscan/left/detections_count,std_msgs/msg/Int32,11
1774528723.816642,/metrics/dbscan/left/points_in,std_msgs/msg/Int32,7710
1774528723.816709,/metrics/dbscan/left/processing_ms,std_msgs/msg/Float32,65.0615463256836
1774528723.8173645,/metrics/dbscan/front/detections_count,std_msgs/msg/Int32,13
1774528723.8174334,/metrics/dbscan/front/points_in,std_msgs/msg/Int32,9930
1774528723.8174913,/metrics/dbscan/front/processing_ms,std_msgs/msg/Float32,61.299774169921875
1774528723.8606415,/metrics/dbscan/back/detections_count,std_msgs/msg/Int32,11
1774528723.8607578,/metrics/dbscan/back/points_in,std_msgs/msg/Int32,5150
1774528723.8608222,/metrics/dbscan/back/processing_ms,std_msgs/msg/Float32,52.70274353027344
1774528723.8911657,/metrics/dbscan/right/detections_count,std_msgs/msg/Int32,11
1774528723.8912961,/metrics/dbscan/right/points_in,std_msgs/msg/Int32,6304
1774528723.891372,/metrics/dbscan/right/processing_ms,std_msgs/msg/Float32,60.7905158996582
1774528723.9171784,/metrics/dbscan/left/detections_count,std_msgs/msg/Int32,11
1774528723.9173033,/metrics/dbscan/left/points_in,std_msgs/msg/Int32,8109
1774528723.917371,/metrics/dbscan/left/processing_ms,std_msgs/msg/Float32,64.39900207519531
1774528723.919102,/metrics/dbscan/front/detections_count,std_msgs/msg/Int32,13
1774528723.9191625,/metrics/dbscan/front/points_in,std_msgs/msg/Int32,9806
1774528723.9192152,/metrics/dbscan/front/processing_ms,std_msgs/msg/Float32,61.88818359375
1774528723.959422,/metrics/dbscan/back/detections_count,std_msgs/msg/Int32,11
1774528723.959533,/metrics/dbscan/back/points_in,std_msgs/msg/Int32,5358
1774528723.9595966,/metrics/dbscan/back/processing_ms,std_msgs/msg/Float32,50.18648910522461
1774528723.999171,/metrics/dbscan/right/detections_count,std_msgs/msg/Int32,9
1774528723.9993556,/metrics/dbscan/right/points_in,std_msgs/msg/Int32,6173
1774528723.999426,/metrics/dbscan/right/processing_ms,std_msgs/msg/Float32,66.61111450195312
1774528724.0166352,/metrics/dbscan/front/detections_count,std_msgs/msg/Int32,13
1774528724.016735,/metrics/dbscan/front/points_in,std_msgs/msg/Int32,9492
1774528724.0167878,/metrics/dbscan/front/processing_ms,std_msgs/msg/Float32,62.565853118896484
1774528724.0217772,/metrics/dbscan/left/detections_count,std_msgs/msg/Int32,11
1774528724.0218594,/metrics/dbscan/left/points_in,std_msgs/msg/Int32,8545
1774528724.0219223,/metrics/dbscan/left/processing_ms,std_msgs/msg/Float32,68.05835723876953
1774528724.0561936,/metrics/dbscan/back/detections_count,std_msgs/msg/Int32,11
1774528724.0563135,/metrics/dbscan/back/points_in,std_msgs/msg/Int32,5504
1774528724.0563817,/metrics/dbscan/back/processing_ms,std_msgs/msg/Float32,50.59756088256836
1774528724.1003861,/metrics/dbscan/right/detections_count,std_msgs/msg/Int32,9
1774528724.1004963,/metrics/dbscan/right/points_in,std_msgs/msg/Int32,6171
1774528724.1005547,/metrics/dbscan/right/processing_ms,std_msgs/msg/Float32,68.71554565429688
1774528724.1161387,/metrics/dbscan/front/detections_count,std_msgs/msg/Int32,12
1774528724.1162717,/metrics/dbscan/front/points_in,std_msgs/msg/Int32,9022
1774528724.1163628,/metrics/dbscan/front/processing_ms,std_msgs/msg/Float32,61.599002838134766
1774528724.1228743,/metrics/dbscan/left/detections_count,std_msgs/msg/Int32,11
1774528724.1229756,/metrics/dbscan/left/points_in,std_msgs/msg/Int32,9000
1774528724.1230438,/metrics/dbscan/left/processing_ms,std_msgs/msg/Float32,72.42851257324219
1774528724.1560597,/metrics/dbscan/back/detections_count,std_msgs/msg/Int32,11
1774528724.1561792,/metrics/dbscan/back/points_in,std_msgs/msg/Int32,5574
1774528724.1562514,/metrics/dbscan/back/processing_ms,std_msgs/msg/Float32,50.926658630371094
1774528724.195182,/metrics/dbscan/right/detections_count,std_msgs/msg/Int32,9
1774528724.1953268,/metrics/dbscan/right/points_in,std_msgs/msg/Int32,6174
1774528724.1954098,/metrics/dbscan/right/processing_ms,std_msgs/msg/Float32,61.75643539428711
1774528724.2158048,/metrics/dbscan/front/detections_count,std_msgs/msg/Int32,12
1774528724.2159457,/metrics/dbscan/front/points_in,std_msgs/msg/Int32,8733
1774528724.2160187,/metrics/dbscan/front/processing_ms,std_msgs/msg/Float32,59.961509704589844
1774528724.2182655,/metrics/dbscan/left/detections_count,std_msgs/msg/Int32,11
1774528724.2183473,/metrics/dbscan/left/points_in,std_msgs/msg/Int32,9405
1774528724.218404,/metrics/dbscan/left/processing_ms,std_msgs/msg/Float32,67.2109603881836
1774528724.2585223,/metrics/dbscan/back/detections_count,std_msgs/msg/Int32,11
1774528724.2586584,/metrics/dbscan/back/points_in,std_msgs/msg/Int32,5658
1774528724.258734,/metrics/dbscan/back/processing_ms,std_msgs/msg/Float32,51.47889709472656
1774528724.2952106,/metrics/dbscan/right/detections_count,std_msgs/msg/Int32,9
1774528724.2953722,/metrics/dbscan/right/points_in,std_msgs/msg/Int32,6154
1774528724.2954767,/metrics/dbscan/right/processing_ms,std_msgs/msg/Float32,61.008750915527344
1774528724.3178,/metrics/dbscan/front/detections_count,std_msgs/msg/Int32,12
1774528724.3179312,/metrics/dbscan/front/points_in,std_msgs/msg/Int32,8774
1774528724.317999,/metrics/dbscan/front/processing_ms,std_msgs/msg/Float32,61.4332275390625
1774528724.3213034,/metrics/dbscan/left/detections_count,std_msgs/msg/Int32,11
1774528724.321432,/metrics/dbscan/left/points_in,std_msgs/msg/Int32,9791
1774528724.321502,/metrics/dbscan/left/processing_ms,std_msgs/msg/Float32,69.46690368652344
1774528724.3596027,/metrics/dbscan/back/detections_count,std_msgs/msg/Int32,11
1774528724.3597057,/metrics/dbscan/back/points_in,std_msgs/msg/Int32,5798
1774528724.359769,/metrics/dbscan/back/processing_ms,std_msgs/msg/Float32,52.77216720581055
1774528724.399069,/metrics/dbscan/right/detections_count,std_msgs/msg/Int32,9
1774528724.399198,/metrics/dbscan/right/points_in,std_msgs/msg/Int32,6164
1774528724.3992653,/metrics/dbscan/right/processing_ms,std_msgs/msg/Float32,63.91995620727539
1774528724.4180815,/metrics/dbscan/front/detections_count,std_msgs/msg/Int32,10
1774528724.4182217,/metrics/dbscan/front/points_in,std_msgs/msg/Int32,8658
1774528724.418319,/metrics/dbscan/front/processing_ms,std_msgs/msg/Float32,60.25701141357422
1774528724.4227064,/metrics/dbscan/left/detections_count,std_msgs/msg/Int32,12
1774528724.4228046,/metrics/dbscan/left/points_in,std_msgs/msg/Int32,10205
1774528724.4228787,/metrics/dbscan/left/processing_ms,std_msgs/msg/Float32,69.91312408447266
1774528724.4604344,/metrics/dbscan/back/detections_count,std_msgs/msg/Int32,12
1774528724.4605415,/metrics/dbscan/back/points_in,std_msgs/msg/Int32,5557
1774528724.4606051,/metrics/dbscan/back/processing_ms,std_msgs/msg/Float32,52.07448959350586
1774528724.4948337,/metrics/dbscan/right/detections_count,std_msgs/msg/Int32,9
1774528724.494976,/metrics/dbscan/right/points_in,std_msgs/msg/Int32,6162
1774528724.4950638,/metrics/dbscan/right/processing_ms,std_msgs/msg/Float32,63.83750915527344
1774528724.513681,/metrics/dbscan/front/detections_count,std_msgs/msg/Int32,10
1774528724.5138109,/metrics/dbscan/front/points_in,std_msgs/msg/Int32,8588
1774528724.5138993,/metrics/dbscan/front/processing_ms,std_msgs/msg/Float32,58.912235260009766
1774528724.5269008,/metrics/dbscan/left/detections_count,std_msgs/msg/Int32,12
1774528724.5270047,/metrics/dbscan/left/points_in,std_msgs/msg/Int32,10582
1774528724.5270863,/metrics/dbscan/left/processing_ms,std_msgs/msg/Float32,72.2386703491211
1774528724.5621364,/metrics/dbscan/back/detections_count,std_msgs/msg/Int32,12
1774528724.5622458,/metrics/dbscan/back/points_in,std_msgs/msg/Int32,5538
1774528724.5623212,/metrics/dbscan/back/processing_ms,std_msgs/msg/Float32,53.11688232421875
1774528724.597103,/metrics/dbscan/right/detections_count,std_msgs/msg/Int32,9
1774528724.597229,/metrics/dbscan/right/points_in,std_msgs/msg/Int32,6158
1774528724.597311,/metrics/dbscan/right/processing_ms,std_msgs/msg/Float32,65.23650360107422
1774528724.614561,/metrics/dbscan/front/detections_count,std_msgs/msg/Int32,9
1774528724.6146612,/metrics/dbscan/front/points_in,std_msgs/msg/Int32,8580
1774528724.6147156,/metrics/dbscan/front/processing_ms,std_msgs/msg/Float32,59.7420539855957
1774528724.6220217,/metrics/dbscan/left/detections_count,std_msgs/msg/Int32,12
1774528724.6221063,/metrics/dbscan/left/points_in,std_msgs/msg/Int32,10832
1774528724.6221654,/metrics/dbscan/left/processing_ms,std_msgs/msg/Float32,71.72456359863281
1774528724.6636379,/metrics/dbscan/back/detections_count,std_msgs/msg/Int32,10
1774528724.663758,/metrics/dbscan/back/points_in,std_msgs/msg/Int32,5657
1774528724.663835,/metrics/dbscan/back/processing_ms,std_msgs/msg/Float32,59.004669189453125
1774528724.7010915,/metrics/dbscan/right/detections_count,std_msgs/msg/Int32,9
1774528724.701226,/metrics/dbscan/right/points_in,std_msgs/msg/Int32,6154
1774528724.7013593,/metrics/dbscan/right/processing_ms,std_msgs/msg/Float32,68.58918762207031
1774528724.711972,/metrics/dbscan/front/detections_count,std_msgs/msg/Int32,8
1774528724.712078,/metrics/dbscan/front/points_in,std_msgs/msg/Int32,8399
1774528724.7121418,/metrics/dbscan/front/processing_ms,std_msgs/msg/Float32,56.68151092529297
1774528724.7210047,/metrics/dbscan/left/detections_count,std_msgs/msg/Int32,12
1774528724.7210908,/metrics/dbscan/left/points_in,std_msgs/msg/Int32,10953
1774528724.7211506,/metrics/dbscan/left/processing_ms,std_msgs/msg/Float32,69.7954330444336
1774528724.761406,/metrics/dbscan/back/detections_count,std_msgs/msg/Int32,11
1774528724.7615197,/metrics/dbscan/back/points_in,std_msgs/msg/Int32,5713
1774528724.7615838,/metrics/dbscan/back/processing_ms,std_msgs/msg/Float32,55.007198333740234
1774528724.7972329,/metrics/dbscan/right/detections_count,std_msgs/msg/Int32,9
1774528724.7973967,/metrics/dbscan/right/points_in,std_msgs/msg/Int32,6169
1774528724.7974796,/metrics/dbscan/right/processing_ms,std_msgs/msg/Float32,63.088836669921875
1774528724.8103204,/metrics/dbscan/front/detections_count,std_msgs/msg/Int32,9
1774528724.810424,/metrics/dbscan/front/points_in,std_msgs/msg/Int32,8299
1774528724.8104842,/metrics/dbscan/front/processing_ms,std_msgs/msg/Float32,54.283111572265625
1774528724.822669,/metrics/dbscan/left/detections_count,std_msgs/msg/Int32,12
1774528724.8227556,/metrics/dbscan/left/points_in,std_msgs/msg/Int32,10831
1774528724.822814,/metrics/dbscan/left/processing_ms,std_msgs/msg/Float32,70.53443908691406
1774528724.8960946,/metrics/dbscan/back/detections_count,std_msgs/msg/Int32,11
1774528724.8962727,/metrics/dbscan/back/points_in,std_msgs/msg/Int32,5765
1774528724.8964026,/metrics/dbscan/back/processing_ms,std_msgs/msg/Float32,89.35417938232422
1774528724.8990467,/metrics/dbscan/right/detections_count,std_msgs/msg/Int32,9
1774528724.8991203,/metrics/dbscan/right/points_in,std_msgs/msg/Int32,6155
1774528724.899171,/metrics/dbscan/right/processing_ms,std_msgs/msg/Float32,65.61962890625
1774528724.9120603,/metrics/dbscan/front/detections_count,std_msgs/msg/Int32,9
1774528724.912166,/metrics/dbscan/front/points_in,std_msgs/msg/Int32,7980
1774528724.9122274,/metrics/dbscan/front/processing_ms,std_msgs/msg/Float32,54.94398498535156
1774528724.927421,/metrics/dbscan/left/detections_count,std_msgs/msg/Int32,11
1774528724.9275506,/metrics/dbscan/left/points_in,std_msgs/msg/Int32,10688
1774528724.9276116,/metrics/dbscan/left/processing_ms,std_msgs/msg/Float32,74.09443664550781
1774528724.9602602,/metrics/dbscan/back/detections_count,std_msgs/msg/Int32,11
1774528724.960404,/metrics/dbscan/back/points_in,std_msgs/msg/Int32,5749
1774528724.9604688,/metrics/dbscan/back/processing_ms,std_msgs/msg/Float32,52.894466400146484
1774528724.9961817,/metrics/dbscan/right/detections_count,std_msgs/msg/Int32,8
1774528724.99634,/metrics/dbscan/right/points_in,std_msgs/msg/Int32,6160
1774528724.9964426,/metrics/dbscan/right/processing_ms,std_msgs/msg/Float32,65.63887786865234
1774528725.0082462,/metrics/dbscan/front/detections_count,std_msgs/msg/Int32,10
1774528725.0083525,/metrics/dbscan/front/points_in,std_msgs/msg/Int32,7540
1774528725.008414,/metrics/dbscan/front/processing_ms,std_msgs/msg/Float32,54.97921371459961
1774528725.0195875,/metrics/dbscan/left/detections_count,std_msgs/msg/Int32,11
1774528725.0196712,/metrics/dbscan/left/points_in,std_msgs/msg/Int32,10610
1774528725.0197296,/metrics/dbscan/left/processing_ms,std_msgs/msg/Float32,70.13223266601562
1774528725.0644953,/metrics/dbscan/back/detections_count,std_msgs/msg/Int32,10
1774528725.064603,/metrics/dbscan/back/points_in,std_msgs/msg/Int32,5759
1774528725.064672,/metrics/dbscan/back/processing_ms,std_msgs/msg/Float32,56.50695037841797
1774528725.1003308,/metrics/dbscan/right/detections_count,std_msgs/msg/Int32,9
1774528725.100442,/metrics/dbscan/right/points_in,std_msgs/msg/Int32,6173
1774528725.100505,/metrics/dbscan/right/processing_ms,std_msgs/msg/Float32,69.6305160522461
1774528725.113393,/metrics/dbscan/front/detections_count,std_msgs/msg/Int32,11
1774528725.113502,/metrics/dbscan/front/points_in,std_msgs/msg/Int32,7315
1774528725.113566,/metrics/dbscan/front/processing_ms,std_msgs/msg/Float32,58.29524230957031
1774528725.12849,/metrics/dbscan/left/detections_count,std_msgs/msg/Int32,11
1774528725.1286006,/metrics/dbscan/left/points_in,std_msgs/msg/Int32,10652
1774528725.1286626,/metrics/dbscan/left/processing_ms,std_msgs/msg/Float32,76.82720947265625
1774528725.1598961,/metrics/dbscan/back/detections_count,std_msgs/msg/Int32,12
1774528725.160012,/metrics/dbscan/back/points_in,std_msgs/msg/Int32,5757
1774528725.160079,/metrics/dbscan/back/processing_ms,std_msgs/msg/Float32,50.89847183227539
1774528725.1942017,/metrics/dbscan/right/detections_count,std_msgs/msg/Int32,9
1774528725.194352,/metrics/dbscan/right/points_in,std_msgs/msg/Int32,6161
1774528725.1944406,/metrics/dbscan/right/processing_ms,std_msgs/msg/Float32,61.639793395996094
1774528725.20665,/metrics/dbscan/front/detections_count,std_msgs/msg/Int32,11
1774528725.206755,/metrics/dbscan/front/points_in,std_msgs/msg/Int32,7087
1774528725.206817,/metrics/dbscan/front/processing_ms,std_msgs/msg/Float32,51.2362060546875
1774528725.2221792,/metrics/dbscan/left/detections_count,std_msgs/msg/Int32,11
1774528725.222302,/metrics/dbscan/left/points_in,std_msgs/msg/Int32,10581
1774528725.2223682,/metrics/dbscan/left/processing_ms,std_msgs/msg/Float32,70.65168762207031
1774528725.25639,/metrics/dbscan/back/detections_count,std_msgs/msg/Int32,12
1774528725.2565327,/metrics/dbscan/back/points_in,std_msgs/msg/Int32,5626
1774528725.2566001,/metrics/dbscan/back/processing_ms,std_msgs/msg/Float32,50.778717041015625
1774528725.2930777,/metrics/dbscan/right/detections_count,std_msgs/msg/Int32,9
1774528725.2931983,/metrics/dbscan/right/points_in,std_msgs/msg/Int32,6171
1774528725.2932646,/metrics/dbscan/right/processing_ms,std_msgs/msg/Float32,60.94869613647461
1774528725.3063235,/metrics/dbscan/front/detections_count,std_msgs/msg/Int32,10
1774528725.306426,/metrics/dbscan/front/points_in,std_msgs/msg/Int32,6813
1774528725.3064866,/metrics/dbscan/front/processing_ms,std_msgs/msg/Float32,49.10395050048828
1774528725.3224196,/metrics/dbscan/left/detections_count,std_msgs/msg/Int32,12
1774528725.322524,/metrics/dbscan/left/points_in,std_msgs/msg/Int32,10473
1774528725.3225958,/metrics/dbscan/left/processing_ms,std_msgs/msg/Float32,68.63031005859375
1774528725.3557703,/metrics/dbscan/back/detections_count,std_msgs/msg/Int32,12
1774528725.355898,/metrics/dbscan/back/points_in,std_msgs/msg/Int32,5389
1774528725.3559606,/metrics/dbscan/back/processing_ms,std_msgs/msg/Float32,50.01157760620117
1774528725.3932877,/metrics/dbscan/right/detections_count,std_msgs/msg/Int32,9
1774528725.3934102,/metrics/dbscan/right/points_in,std_msgs/msg/Int32,6179
1774528725.3934772,/metrics/dbscan/right/processing_ms,std_msgs/msg/Float32,60.26271438598633
1774528725.4062252,/metrics/dbscan/front/detections_count,std_msgs/msg/Int32,10
1774528725.4063766,/metrics/dbscan/front/points_in,std_msgs/msg/Int32,6567
1774528725.4064405,/metrics/dbscan/front/processing_ms,std_msgs/msg/Float32,49.586097717285156
1774528725.4220598,/metrics/dbscan/left/detections_count,std_msgs/msg/Int32,12
1774528725.4221685,/metrics/dbscan/left/points_in,std_msgs/msg/Int32,10310
1774528725.4222314,/metrics/dbscan/left/processing_ms,std_msgs/msg/Float32,69.00189208984375
1774528725.4580932,/metrics/dbscan/back/detections_count,std_msgs/msg/Int32,12
1774528725.458203,/metrics/dbscan/back/points_in,std_msgs/msg/Int32,5292
1774528725.4582672,/metrics/dbscan/back/processing_ms,std_msgs/msg/Float32,51.15131378173828
1774528725.4946284,/metrics/dbscan/right/detections_count,std_msgs/msg/Int32,9
1774528725.494753,/metrics/dbscan/right/points_in,std_msgs/msg/Int32,6172
1774528725.4948237,/metrics/dbscan/right/processing_ms,std_msgs/msg/Float32,60.957763671875
1774528725.5093062,/metrics/dbscan/front/detections_count,std_msgs/msg/Int32,13
1774528725.5094173,/metrics/dbscan/front/points_in,std_msgs/msg/Int32,6332
1774528725.5094798,/metrics/dbscan/front/processing_ms,std_msgs/msg/Float32,51.7514762878418
1774528725.5181897,/metrics/dbscan/left/detections_count,std_msgs/msg/Int32,12
1774528725.518284,/metrics/dbscan/left/points_in,std_msgs/msg/Int32,10263
1774528725.51835,/metrics/dbscan/left/processing_ms,std_msgs/msg/Float32,68.77349090576172
1774528725.5570722,/metrics/dbscan/back/detections_count,std_msgs/msg/Int32,12
1774528725.5571868,/metrics/dbscan/back/points_in,std_msgs/msg/Int32,5258
1774528725.5572522,/metrics/dbscan/back/processing_ms,std_msgs/msg/Float32,49.08415222167969
1774528725.591379,/metrics/dbscan/right/detections_count,std_msgs/msg/Int32,9
1774528725.591494,/metrics/dbscan/right/points_in,std_msgs/msg/Int32,6168
1774528725.5915585,/metrics/dbscan/right/processing_ms,std_msgs/msg/Float32,60.613067626953125
1774528725.6063318,/metrics/dbscan/front/detections_count,std_msgs/msg/Int32,13
1774528725.6064882,/metrics/dbscan/front/points_in,std_msgs/msg/Int32,6084
1774528725.6065586,/metrics/dbscan/front/processing_ms,std_msgs/msg/Float32,51.73702621459961
1774528725.6198514,/metrics/dbscan/left/detections_count,std_msgs/msg/Int32,12
1774528725.619977,/metrics/dbscan/left/points_in,std_msgs/msg/Int32,9772
1774528725.6200593,/metrics/dbscan/left/processing_ms,std_msgs/msg/Float32,69.23404693603516
1774528725.6593947,/metrics/dbscan/back/detections_count,std_msgs/msg/Int32,12
1774528725.659505,/metrics/dbscan/back/points_in,std_msgs/msg/Int32,5153
1774528725.6595688,/metrics/dbscan/back/processing_ms,std_msgs/msg/Float32,50.45027160644531
1774528725.6916494,/metrics/dbscan/right/detections_count,std_msgs/msg/Int32,9
1774528725.6917632,/metrics/dbscan/right/points_in,std_msgs/msg/Int32,6159
1774528725.6918244,/metrics/dbscan/right/processing_ms,std_msgs/msg/Float32,60.026973724365234
1774528725.7087104,/metrics/dbscan/front/detections_count,std_msgs/msg/Int32,13
1774528725.7088563,/metrics/dbscan/front/points_in,std_msgs/msg/Int32,5856
1774528725.7089455,/metrics/dbscan/front/processing_ms,std_msgs/msg/Float32,53.865203857421875
1774528725.7189891,/metrics/dbscan/left/detections_count,std_msgs/msg/Int32,11
1774528725.71909,/metrics/dbscan/left/points_in,std_msgs/msg/Int32,9572
1774528725.7191622,/metrics/dbscan/left/processing_ms,std_msgs/msg/Float32,67.04287719726562
1774528725.757623,/metrics/dbscan/back/detections_count,std_msgs/msg/Int32,13
1774528725.7577357,/metrics/dbscan/back/points_in,std_msgs/msg/Int32,5057
1774528725.7577999,/metrics/dbscan/back/processing_ms,std_msgs/msg/Float32,48.94277572631836
1774528725.7972429,/metrics/dbscan/right/detections_count,std_msgs/msg/Int32,9
1774528725.7973704,/metrics/dbscan/right/points_in,std_msgs/msg/Int32,6152
1774528725.7974398,/metrics/dbscan/right/processing_ms,std_msgs/msg/Float32,64.40975952148438
1774528725.8119452,/metrics/dbscan/front/detections_count,std_msgs/msg/Int32,12
1774528725.8120527,/metrics/dbscan/front/points_in,std_msgs/msg/Int32,5692
1774528725.8121161,/metrics/dbscan/front/processing_ms,std_msgs/msg/Float32,56.05997848510742
1774528725.8184404,/metrics/dbscan/left/detections_count,std_msgs/msg/Int32,11
1774528725.818533,/metrics/dbscan/left/points_in,std_msgs/msg/Int32,9639
1774528725.8185961,/metrics/dbscan/left/processing_ms,std_msgs/msg/Float32,66.29830932617188
1774528725.852879,/metrics/dbscan/back/detections_count,std_msgs/msg/Int32,10
1774528725.8529916,/metrics/dbscan/back/points_in,std_msgs/msg/Int32,5106
1774528725.8530543,/metrics/dbscan/back/processing_ms,std_msgs/msg/Float32,47.39744567871094
1774528725.8958027,/metrics/dbscan/right/detections_count,std_msgs/msg/Int32,9
1774528725.8959258,/metrics/dbscan/right/points_in,std_msgs/msg/Int32,6171
1774528725.895999,/metrics/dbscan/right/processing_ms,std_msgs/msg/Float32,62.82351303100586
1774528725.912692,/metrics/dbscan/front/detections_count,std_msgs/msg/Int32,11
1774528725.9128013,/metrics/dbscan/front/points_in,std_msgs/msg/Int32,5595
1774528725.9128666,/metrics/dbscan/front/processing_ms,std_msgs/msg/Float32,56.261051177978516
1774528725.9219203,/metrics/dbscan/left/detections_count,std_msgs/msg/Int32,12
1774528725.9220397,/metrics/dbscan/left/points_in,std_msgs/msg/Int32,9621
1774528725.9221048,/metrics/dbscan/left/processing_ms,std_msgs/msg/Float32,68.78614044189453
1774528725.957456,/metrics/dbscan/back/detections_count,std_msgs/msg/Int32,11
1774528725.9575553,/metrics/dbscan/back/points_in,std_msgs/msg/Int32,5141
1774528725.9576092,/metrics/dbscan/back/processing_ms,std_msgs/msg/Float32,51.75651550292969
1774528725.995371,/metrics/dbscan/right/detections_count,std_msgs/msg/Int32,10
1774528725.9954944,/metrics/dbscan/right/points_in,std_msgs/msg/Int32,6165
1774528725.995569,/metrics/dbscan/right/processing_ms,std_msgs/msg/Float32,60.84946823120117
1774528726.0144963,/metrics/dbscan/front/detections_count,std_msgs/msg/Int32,10
1774528726.0146399,/metrics/dbscan/front/points_in,std_msgs/msg/Int32,5570
1774528726.0147066,/metrics/dbscan/front/processing_ms,std_msgs/msg/Float32,56.183475494384766
1774528726.0147595,/metrics/dbscan/left/detections_count,std_msgs/msg/Int32,12
1774528726.0148072,/metrics/dbscan/left/points_in,std_msgs/msg/Int32,9501
1774528726.0148656,/metrics/dbscan/left/processing_ms,std_msgs/msg/Float32,64.84168243408203
1774528726.054301,/metrics/dbscan/back/detections_count,std_msgs/msg/Int32,11
1774528726.054433,/metrics/dbscan/back/points_in,std_msgs/msg/Int32,5125
1774528726.0545015,/metrics/dbscan/back/processing_ms,std_msgs/msg/Float32,47.76258087158203
1774528726.0951612,/metrics/dbscan/right/detections_count,std_msgs/msg/Int32,9
1774528726.0952623,/metrics/dbscan/right/points_in,std_msgs/msg/Int32,6163
1774528726.0953329,/metrics/dbscan/right/processing_ms,std_msgs/msg/Float32,60.81419372558594
1774528726.1117094,/metrics/dbscan/front/detections_count,std_msgs/msg/Int32,12
1774528726.111847,/metrics/dbscan/front/points_in,std_msgs/msg/Int32,5576
1774528726.1119275,/metrics/dbscan/front/processing_ms,std_msgs/msg/Float32,56.15798568725586
1774528726.1225762,/metrics/dbscan/left/detections_count,std_msgs/msg/Int32,12
1774528726.1226912,/metrics/dbscan/left/points_in,std_msgs/msg/Int32,9408
1774528726.1227577,/metrics/dbscan/left/processing_ms,std_msgs/msg/Float32,70.75818634033203
1774528726.1571565,/metrics/dbscan/back/detections_count,std_msgs/msg/Int32,12
1774528726.1572902,/metrics/dbscan/back/points_in,std_msgs/msg/Int32,5268
1774528726.157362,/metrics/dbscan/back/processing_ms,std_msgs/msg/Float32,49.08781051635742
1774528726.1904767,/metrics/dbscan/right/detections_count,std_msgs/msg/Int32,9
1774528726.190589,/metrics/dbscan/right/points_in,std_msgs/msg/Int32,6175
1774528726.1906524,/metrics/dbscan/right/processing_ms,std_msgs/msg/Float32,59.959434509277344
1774528726.2117412,/metrics/dbscan/front/detections_count,std_msgs/msg/Int32,12
1774528726.211856,/metrics/dbscan/front/points_in,std_msgs/msg/Int32,5577
1774528726.211922,/metrics/dbscan/front/processing_ms,std_msgs/msg/Float32,56.87263488769531
1774528726.216314,/metrics/dbscan/left/detections_count,std_msgs/msg/Int32,11
1774528726.2163875,/metrics/dbscan/left/points_in,std_msgs/msg/Int32,9213
1774528726.2164447,/metrics/dbscan/left/processing_ms,std_msgs/msg/Float32,64.98444366455078
1774528726.2568433,/metrics/dbscan/back/detections_count,std_msgs/msg/Int32,11
1774528726.2569547,/metrics/dbscan/back/points_in,std_msgs/msg/Int32,5389
1774528726.2570179,/metrics/dbscan/back/processing_ms,std_msgs/msg/Float32,48.399330139160156
1774528726.2953777,/metrics/dbscan/right/detections_count,std_msgs/msg/Int32,9
1774528726.295504,/metrics/dbscan/right/points_in,std_msgs/msg/Int32,6157
1774528726.29557,/metrics/dbscan/right/processing_ms,std_msgs/msg/Float32,63.70830535888672
1774528726.3099692,/metrics/dbscan/front/detections_count,std_msgs/msg/Int32,11
1774528726.310077,/metrics/dbscan/front/points_in,std_msgs/msg/Int32,5583
1774528726.3101377,/metrics/dbscan/front/processing_ms,std_msgs/msg/Float32,54.429840087890625
1774528726.3172638,/metrics/dbscan/left/detections_count,std_msgs/msg/Int32,12
1774528726.3173573,/metrics/dbscan/left/points_in,std_msgs/msg/Int32,8864
1774528726.3174171,/metrics/dbscan/left/processing_ms,std_msgs/msg/Float32,64.95513916015625
1774528726.3546066,/metrics/dbscan/back/detections_count,std_msgs/msg/Int32,10
1774528726.354745,/metrics/dbscan/back/points_in,std_msgs/msg/Int32,5495
1774528726.3548355,/metrics/dbscan/back/processing_ms,std_msgs/msg/Float32,49.07740783691406
1774528726.3956952,/metrics/dbscan/right/detections_count,std_msgs/msg/Int32,9
1774528726.39581,/metrics/dbscan/right/points_in,std_msgs/msg/Int32,6165
1774528726.3958726,/metrics/dbscan/right/processing_ms,std_msgs/msg/Float32,63.735355377197266
1774528726.4126275,/metrics/dbscan/front/detections_count,std_msgs/msg/Int32,13
1774528726.4127357,/metrics/dbscan/front/points_in,std_msgs/msg/Int32,5586
1774528726.4127998,/metrics/dbscan/front/processing_ms,std_msgs/msg/Float32,55.87078094482422
1774528726.4180372,/metrics/dbscan/left/detections_count,std_msgs/msg/Int32,13
1774528726.4181237,/metrics/dbscan/left/points_in,std_msgs/msg/Int32,8641
1774528726.418182,/metrics/dbscan/left/processing_ms,std_msgs/msg/Float32,64.66047668457031
1774528726.4558184,/metrics/dbscan/back/detections_count,std_msgs/msg/Int32,11
1774528726.4559505,/metrics/dbscan/back/points_in,std_msgs/msg/Int32,5590
1774528726.4560418,/metrics/dbscan/back/processing_ms,std_msgs/msg/Float32,50.078243255615234
1774528726.4968617,/metrics/dbscan/right/detections_count,std_msgs/msg/Int32,9
1774528726.4970088,/metrics/dbscan/right/points_in,std_msgs/msg/Int32,6163
1774528726.497124,/metrics/dbscan/right/processing_ms,std_msgs/msg/Float32,63.51887512207031
1774528726.5121715,/metrics/dbscan/left/detections_count,std_msgs/msg/Int32,12
1774528726.512315,/metrics/dbscan/left/points_in,std_msgs/msg/Int32,8582
1774528726.5124078,/metrics/dbscan/left/processing_ms,std_msgs/msg/Float32,62.30232238769531
1774528726.5142097,/metrics/dbscan/front/detections_count,std_msgs/msg/Int32,11
1774528726.5142932,/metrics/dbscan/front/points_in,std_msgs/msg/Int32,5597
1774528726.5143647,/metrics/dbscan/front/processing_ms,std_msgs/msg/Float32,57.20231246948242
1774528726.5551877,/metrics/dbscan/back/detections_count,std_msgs/msg/Int32,11
1774528726.555332,/metrics/dbscan/back/points_in,std_msgs/msg/Int32,5559
1774528726.5554273,/metrics/dbscan/back/processing_ms,std_msgs/msg/Float32,48.48767852783203
1774528726.5976408,/metrics/dbscan/right/detections_count,std_msgs/msg/Int32,9
1774528726.5977588,/metrics/dbscan/right/points_in,std_msgs/msg/Int32,6153
1774528726.5978262,/metrics/dbscan/right/processing_ms,std_msgs/msg/Float32,63.95524597167969
1774528726.6108286,/metrics/dbscan/front/detections_count,std_msgs/msg/Int32,11
1774528726.6109388,/metrics/dbscan/front/points_in,std_msgs/msg/Int32,5585
1774528726.611004,/metrics/dbscan/front/processing_ms,std_msgs/msg/Float32,56.966583251953125
1774528726.6168587,/metrics/dbscan/left/detections_count,std_msgs/msg/Int32,12
1774528726.6169424,/metrics/dbscan/left/points_in,std_msgs/msg/Int32,8585
1774528726.6170027,/metrics/dbscan/left/processing_ms,std_msgs/msg/Float32,66.06796264648438
1774528726.6579192,/metrics/dbscan/back/detections_count,std_msgs/msg/Int32,12
1774528726.6580596,/metrics/dbscan/back/points_in,std_msgs/msg/Int32,5593
1774528726.658135,/metrics/dbscan/back/processing_ms,std_msgs/msg/Float32,50.31398010253906
1774528726.6989434,/metrics/dbscan/right/detections_count,std_msgs/msg/Int32,9
1774528726.6990607,/metrics/dbscan/right/points_in,std_msgs/msg/Int32,6160
1774528726.6991305,/metrics/dbscan/right/processing_ms,std_msgs/msg/Float32,64.26731872558594
1774528726.714118,/metrics/dbscan/front/detections_count,std_msgs/msg/Int32,12
1774528726.714239,/metrics/dbscan/front/points_in,std_msgs/msg/Int32,5584
1774528726.7143152,/metrics/dbscan/front/processing_ms,std_msgs/msg/Float32,58.05352020263672
1774528726.7172046,/metrics/dbscan/left/detections_count,std_msgs/msg/Int32,11
1774528726.717287,/metrics/dbscan/left/points_in,std_msgs/msg/Int32,8566
1774528726.7173543,/metrics/dbscan/left/processing_ms,std_msgs/msg/Float32,65.35472869873047
1774528726.7591624,/metrics/dbscan/back/detections_count,std_msgs/msg/Int32,11
1774528726.759284,/metrics/dbscan/back/points_in,std_msgs/msg/Int32,5692
1774528726.7593718,/metrics/dbscan/back/processing_ms,std_msgs/msg/Float32,51.22832107543945
1774528726.799402,/metrics/dbscan/right/detections_count,std_msgs/msg/Int32,10
1774528726.7995808,/metrics/dbscan/right/points_in,std_msgs/msg/Int32,6168
1774528726.799689,/metrics/dbscan/right/processing_ms,std_msgs/msg/Float32,66.6614761352539
1774528726.8145392,/metrics/dbscan/front/detections_count,std_msgs/msg/Int32,12
1774528726.81465,/metrics/dbscan/front/points_in,std_msgs/msg/Int32,5580
1774528726.814714,/metrics/dbscan/front/processing_ms,std_msgs/msg/Float32,57.67038345336914
1774528726.819665,/metrics/dbscan/left/detections_count,std_msgs/msg/Int32,11
1774528726.8197696,/metrics/dbscan/left/points_in,std_msgs/msg/Int32,8517
1774528726.8198438,/metrics/dbscan/left/processing_ms,std_msgs/msg/Float32,67.56366729736328
1774528726.859465,/metrics/dbscan/back/detections_count,std_msgs/msg/Int32,12
1774528726.8595786,/metrics/dbscan/back/points_in,std_msgs/msg/Int32,5824
1774528726.8596408,/metrics/dbscan/back/processing_ms,std_msgs/msg/Float32,50.85108184814453
1774528726.893255,/metrics/dbscan/right/detections_count,std_msgs/msg/Int32,9
1774528726.8933797,/metrics/dbscan/right/points_in,std_msgs/msg/Int32,6160
1774528726.8934445,/metrics/dbscan/right/processing_ms,std_msgs/msg/Float32,61.19933319091797
1774528726.9164605,/metrics/dbscan/front/detections_count,std_msgs/msg/Int32,12
1774528726.9165952,/metrics/dbscan/front/points_in,std_msgs/msg/Int32,5575
1774528726.9166784,/metrics/dbscan/front/processing_ms,std_msgs/msg/Float32,58.24058532714844
1774528726.9171739,/metrics/dbscan/left/detections_count,std_msgs/msg/Int32,11
1774528726.9172635,/metrics/dbscan/left/points_in,std_msgs/msg/Int32,8576
1774528726.9173486,/metrics/dbscan/left/processing_ms,std_msgs/msg/Float32,63.13933563232422
1774528726.9560776,/metrics/dbscan/back/detections_count,std_msgs/msg/Int32,12
1774528726.9561894,/metrics/dbscan/back/points_in,std_msgs/msg/Int32,5828
1774528726.9562538,/metrics/dbscan/back/processing_ms,std_msgs/msg/Float32,51.01787185668945
1774528726.9964478,/metrics/dbscan/right/detections_count,std_msgs/msg/Int32,9
1774528726.996573,/metrics/dbscan/right/points_in,std_msgs/msg/Int32,6162
1774528726.996636,/metrics/dbscan/right/processing_ms,std_msgs/msg/Float32,63.79558181762695
1774528727.0135982,/metrics/dbscan/left/detections_count,std_msgs/msg/Int32,10
1774528727.013712,/metrics/dbscan/left/points_in,std_msgs/msg/Int32,8594
1774528727.0137746,/metrics/dbscan/left/processing_ms,std_msgs/msg/Float32,63.61050033569336
1774528727.0159228,/metrics/dbscan/front/detections_count,std_msgs/msg/Int32,11
1774528727.0160007,/metrics/dbscan/front/processing_ms,std_msgs/msg/Float32,58.52714157104492
1774528727.016291,/metrics/dbscan/front/points_in,std_msgs/msg/Int32,5575
1774528727.0586834,/metrics/dbscan/back/detections_count,std_msgs/msg/Int32,11
1774528727.0588064,/metrics/dbscan/back/points_in,std_msgs/msg/Int32,5804
1774528727.0588813,/metrics/dbscan/back/processing_ms,std_msgs/msg/Float32,52.963340759277344
1774528727.094197,/metrics/dbscan/right/detections_count,std_msgs/msg/Int32,9
1774528727.09437,/metrics/dbscan/right/points_in,std_msgs/msg/Int32,6171
1774528727.0944588,/metrics/dbscan/right/processing_ms,std_msgs/msg/Float32,61.27653121948242
1774528727.1095524,/metrics/dbscan/front/detections_count,std_msgs/msg/Int32,11
1774528727.109656,/metrics/dbscan/front/points_in,std_msgs/msg/Int32,5575
1774528727.1097214,/metrics/dbscan/front/processing_ms,std_msgs/msg/Float32,55.606998443603516
1774528727.1149254,/metrics/dbscan/left/detections_count,std_msgs/msg/Int32,10
1774528727.1150067,/metrics/dbscan/left/points_in,std_msgs/msg/Int32,8667
1774528727.115071,/metrics/dbscan/left/processing_ms,std_msgs/msg/Float32,64.19541931152344
1774528727.160701,/metrics/dbscan/back/detections_count,std_msgs/msg/Int32,12
1774528727.1608124,/metrics/dbscan/back/points_in,std_msgs/msg/Int32,5722
1774528727.1608784,/metrics/dbscan/back/processing_ms,std_msgs/msg/Float32,53.81971740722656
1774528727.1993334,/metrics/dbscan/right/detections_count,std_msgs/msg/Int32,9
1774528727.1994736,/metrics/dbscan/right/points_in,std_msgs/msg/Int32,6165
1774528727.1995401,/metrics/dbscan/right/processing_ms,std_msgs/msg/Float32,65.50182342529297
1774528727.2112246,/metrics/dbscan/front/detections_count,std_msgs/msg/Int32,10
1774528727.211336,/metrics/dbscan/front/points_in,std_msgs/msg/Int32,5568
1774528727.211481,/metrics/dbscan/front/processing_ms,std_msgs/msg/Float32,55.816436767578125
1774528727.2119014,/metrics/dbscan/left/detections_count,std_msgs/msg/Int32,11
1774528727.2120008,/metrics/dbscan/left/points_in,std_msgs/msg/Int32,8713
1774528727.2120707,/metrics/dbscan/left/processing_ms,std_msgs/msg/Float32,60.2286491394043
1774528727.257322,/metrics/dbscan/back/detections_count,std_msgs/msg/Int32,13
1774528727.257467,/metrics/dbscan/back/points_in,std_msgs/msg/Int32,5536
1774528727.2575638,/metrics/dbscan/back/processing_ms,std_msgs/msg/Float32,49.26874542236328
1774528727.2942014,/metrics/dbscan/right/detections_count,std_msgs/msg/Int32,9
1774528727.294372,/metrics/dbscan/right/points_in,std_msgs/msg/Int32,6157
1774528727.2944663,/metrics/dbscan/right/processing_ms,std_msgs/msg/Float32,64.68680572509766
1774528727.3123221,/metrics/dbscan/front/detections_count,std_msgs/msg/Int32,11
1774528727.312452,/metrics/dbscan/front/points_in,std_msgs/msg/Int32,5581
1774528727.3125412,/metrics/dbscan/front/processing_ms,std_msgs/msg/Float32,55.974666595458984
1774528727.313674,/metrics/dbscan/left/detections_count,std_msgs/msg/Int32,10
1774528727.3137472,/metrics/dbscan/left/points_in,std_msgs/msg/Int32,8722
1774528727.3138127,/metrics/dbscan/left/processing_ms,std_msgs/msg/Float32,61.60609817504883
1774528727.3562584,/metrics/dbscan/back/detections_count,std_msgs/msg/Int32,10
1774528727.3564234,/metrics/dbscan/back/points_in,std_msgs/msg/Int32,5399
1774528727.3565152,/metrics/dbscan/back/processing_ms,std_msgs/msg/Float32,47.99393081665039
1774528727.3959358,/metrics/dbscan/right/detections_count,std_msgs/msg/Int32,10
1774528727.3960576,/metrics/dbscan/right/points_in,std_msgs/msg/Int32,6157
1774528727.3961365,/metrics/dbscan/right/processing_ms,std_msgs/msg/Float32,65.28068542480469
1774528727.4136024,/metrics/dbscan/left/detections_count,std_msgs/msg/Int32,10
1774528727.41371,/metrics/dbscan/left/points_in,std_msgs/msg/Int32,8706
1774528727.4137766,/metrics/dbscan/left/processing_ms,std_msgs/msg/Float32,60.354949951171875
1774528727.4141152,/metrics/dbscan/front/detections_count,std_msgs/msg/Int32,11
1774528727.4141822,/metrics/dbscan/front/points_in,std_msgs/msg/Int32,5576
1774528727.4142368,/metrics/dbscan/front/processing_ms,std_msgs/msg/Float32,56.959228515625
1774528727.460409,/metrics/dbscan/back/detections_count,std_msgs/msg/Int32,9
1774528727.4605968,/metrics/dbscan/back/points_in,std_msgs/msg/Int32,5229
1774528727.4606874,/metrics/dbscan/back/processing_ms,std_msgs/msg/Float32,50.72563552856445
1774528727.4984515,/metrics/dbscan/right/detections_count,std_msgs/msg/Int32,9
1774528727.4985664,/metrics/dbscan/right/points_in,std_msgs/msg/Int32,6170
1774528727.4986324,/metrics/dbscan/right/processing_ms,std_msgs/msg/Float32,66.20598602294922
1774528727.5088797,/metrics/dbscan/left/detections_count,std_msgs/msg/Int32,10
1774528727.508982,/metrics/dbscan/left/points_in,std_msgs/msg/Int32,8679
1774528727.5090446,/metrics/dbscan/left/processing_ms,std_msgs/msg/Float32,59.29653549194336
1774528727.5203838,/metrics/dbscan/front/detections_count,std_msgs/msg/Int32,12
1774528727.5205133,/metrics/dbscan/front/points_in,std_msgs/msg/Int32,5582
1774528727.520594,/metrics/dbscan/front/processing_ms,std_msgs/msg/Float32,62.574790954589844
1774528727.5541837,/metrics/dbscan/back/detections_count,std_msgs/msg/Int32,9
1774528727.5543787,/metrics/dbscan/back/points_in,std_msgs/msg/Int32,5250
1774528727.5544658,/metrics/dbscan/back/processing_ms,std_msgs/msg/Float32,48.30464172363281
1774528727.596712,/metrics/dbscan/right/detections_count,std_msgs/msg/Int32,9
1774528727.5968335,/metrics/dbscan/right/points_in,std_msgs/msg/Int32,6177
1774528727.596904,/metrics/dbscan/right/processing_ms,std_msgs/msg/Float32,62.18262481689453
1774528727.6096246,/metrics/dbscan/left/detections_count,std_msgs/msg/Int32,10
1774528727.609758,/metrics/dbscan/left/points_in,std_msgs/msg/Int32,8654
1774528727.609847,/metrics/dbscan/left/processing_ms,std_msgs/msg/Float32,59.02729415893555
1774528727.6125584,/metrics/dbscan/front/detections_count,std_msgs/msg/Int32,11
1774528727.6129074,/metrics/dbscan/front/points_in,std_msgs/msg/Int32,5588
1774528727.6130004,/metrics/dbscan/front/processing_ms,std_msgs/msg/Float32,57.43412399291992
1774528727.6548007,/metrics/dbscan/back/detections_count,std_msgs/msg/Int32,10
1774528727.654954,/metrics/dbscan/back/points_in,std_msgs/msg/Int32,5506
1774528727.6550488,/metrics/dbscan/back/processing_ms,std_msgs/msg/Float32,48.96416473388672
1774528727.692994,/metrics/dbscan/right/detections_count,std_msgs/msg/Int32,9
1774528727.6931326,/metrics/dbscan/right/points_in,std_msgs/msg/Int32,6170
1774528727.6932282,/metrics/dbscan/right/processing_ms,std_msgs/msg/Float32,59.44728088378906
1774528727.7138703,/metrics/dbscan/front/detections_count,std_msgs/msg/Int32,11
1774528727.7140174,/metrics/dbscan/front/points_in,std_msgs/msg/Int32,5582
1774528727.7140768,/metrics/dbscan/front/processing_ms,std_msgs/msg/Float32,57.95766830444336
1774528727.7151275,/metrics/dbscan/left/detections_count,std_msgs/msg/Int32,10
1774528727.715189,/metrics/dbscan/left/processing_ms,std_msgs/msg/Float32,63.0855712890625
1774528727.7154858,/metrics/dbscan/left/points_in,std_msgs/msg/Int32,8601
1774528727.7585526,/metrics/dbscan/back/detections_count,std_msgs/msg/Int32,10
1774528727.7586975,/metrics/dbscan/back/points_in,std_msgs/msg/Int32,5922
1774528727.7587907,/metrics/dbscan/back/processing_ms,std_msgs/msg/Float32,51.65117645263672
1774528727.7944858,/metrics/dbscan/right/detections_count,std_msgs/msg/Int32,10
1774528727.794622,/metrics/dbscan/right/points_in,std_msgs/msg/Int32,6160
1774528727.794711,/metrics/dbscan/right/processing_ms,std_msgs/msg/Float32,59.99729919433594
1774528727.8127728,/metrics/dbscan/front/detections_count,std_msgs/msg/Int32,11
1774528727.8129108,/metrics/dbscan/front/points_in,std_msgs/msg/Int32,5582
1774528727.8130114,/metrics/dbscan/front/processing_ms,std_msgs/msg/Float32,56.91040802001953
1774528727.8134885,/metrics/dbscan/left/detections_count,std_msgs/msg/Int32,10
1774528727.8135717,/metrics/dbscan/left/points_in,std_msgs/msg/Int32,8562
1774528727.8136487,/metrics/dbscan/left/processing_ms,std_msgs/msg/Float32,61.19990539550781
1774528727.8595145,/metrics/dbscan/back/detections_count,std_msgs/msg/Int32,9
1774528727.8596282,/metrics/dbscan/back/points_in,std_msgs/msg/Int32,6101
1774528727.8597066,/metrics/dbscan/back/processing_ms,std_msgs/msg/Float32,51.562015533447266
1774528727.891145,/metrics/dbscan/right/detections_count,std_msgs/msg/Int32,8
1774528727.8912463,/metrics/dbscan/right/points_in,std_msgs/msg/Int32,6166
1774528727.891311,/metrics/dbscan/right/processing_ms,std_msgs/msg/Float32,60.25202178955078
1774528727.9134758,/metrics/dbscan/left/detections_count,std_msgs/msg/Int32,10
1774528727.9135823,/metrics/dbscan/left/points_in,std_msgs/msg/Int32,8491
1774528727.9136438,/metrics/dbscan/left/processing_ms,std_msgs/msg/Float32,60.228919982910156
1774528727.9139667,/metrics/dbscan/front/detections_count,std_msgs/msg/Int32,12
1774528727.914031,/metrics/dbscan/front/points_in,std_msgs/msg/Int32,5585
1774528727.9140906,/metrics/dbscan/front/processing_ms,std_msgs/msg/Float32,56.93525314331055
1774528727.9614124,/metrics/dbscan/back/detections_count,std_msgs/msg/Int32,11
1774528727.9615312,/metrics/dbscan/back/points_in,std_msgs/msg/Int32,6296
1774528727.9615972,/metrics/dbscan/back/processing_ms,std_msgs/msg/Float32,52.63394546508789
1774528727.9945233,/metrics/dbscan/right/detections_count,std_msgs/msg/Int32,8
1774528727.9946363,/metrics/dbscan/right/points_in,std_msgs/msg/Int32,6173
1774528727.9947002,/metrics/dbscan/right/processing_ms,std_msgs/msg/Float32,60.40491485595703
1774528728.0088527,/metrics/dbscan/left/detections_count,std_msgs/msg/Int32,10
1774528728.0089836,/metrics/dbscan/left/points_in,std_msgs/msg/Int32,8451
1774528728.009071,/metrics/dbscan/left/processing_ms,std_msgs/msg/Float32,59.1295280456543
1774528728.0164578,/metrics/dbscan/front/detections_count,std_msgs/msg/Int32,11
1774528728.016571,/metrics/dbscan/front/processing_ms,std_msgs/msg/Float32,58.60697555541992
1774528728.0169122,/metrics/dbscan/front/points_in,std_msgs/msg/Int32,5597
1774528728.0604303,/metrics/dbscan/back/detections_count,std_msgs/msg/Int32,11
1774528728.0605643,/metrics/dbscan/back/points_in,std_msgs/msg/Int32,6253
1774528728.0606623,/metrics/dbscan/back/processing_ms,std_msgs/msg/Float32,51.46241760253906
1774528728.0932002,/metrics/dbscan/right/detections_count,std_msgs/msg/Int32,9
1774528728.0933564,/metrics/dbscan/right/points_in,std_msgs/msg/Int32,6166
1774528728.0934212,/metrics/dbscan/right/processing_ms,std_msgs/msg/Float32,61.33592224121094
1774528728.1128836,/metrics/dbscan/front/detections_count,std_msgs/msg/Int32,11
1774528728.1130047,/metrics/dbscan/front/points_in,std_msgs/msg/Int32,5583
1774528728.1130683,/metrics/dbscan/front/processing_ms,std_msgs/msg/Float32,58.913936614990234
1774528728.115489,/metrics/dbscan/left/detections_count,std_msgs/msg/Int32,10
1774528728.1155639,/metrics/dbscan/left/points_in,std_msgs/msg/Int32,8430
1774528728.115626,/metrics/dbscan/left/processing_ms,std_msgs/msg/Float32,65.08050537109375
1774528728.154031,/metrics/dbscan/back/detections_count,std_msgs/msg/Int32,11
1774528728.1541512,/metrics/dbscan/back/points_in,std_msgs/msg/Int32,5918
1774528728.1542273,/metrics/dbscan/back/processing_ms,std_msgs/msg/Float32,48.82981872558594
1774528728.1931596,/metrics/dbscan/right/detections_count,std_msgs/msg/Int32,9
1774528728.1933703,/metrics/dbscan/right/points_in,std_msgs/msg/Int32,6171
1774528728.1934533,/metrics/dbscan/right/processing_ms,std_msgs/msg/Float32,60.34605026245117
1774528728.2116206,/metrics/dbscan/front/detections_count,std_msgs/msg/Int32,10
1774528728.21174,/metrics/dbscan/front/points_in,std_msgs/msg/Int32,5579
1774528728.2118163,/metrics/dbscan/front/processing_ms,std_msgs/msg/Float32,57.380409240722656
1774528728.213498,/metrics/dbscan/left/detections_count,std_msgs/msg/Int32,10
1774528728.2135644,/metrics/dbscan/left/points_in,std_msgs/msg/Int32,8467
1774528728.2136135,/metrics/dbscan/left/processing_ms,std_msgs/msg/Float32,62.23836898803711
1774528728.2536323,/metrics/dbscan/back/detections_count,std_msgs/msg/Int32,12
1774528728.2537475,/metrics/dbscan/back/points_in,std_msgs/msg/Int32,5505
1774528728.253813,/metrics/dbscan/back/processing_ms,std_msgs/msg/Float32,47.5047492980957
1774528728.294288,/metrics/dbscan/right/detections_count,std_msgs/msg/Int32,9
1774528728.2944105,/metrics/dbscan/right/points_in,std_msgs/msg/Int32,6163
1774528728.2944787,/metrics/dbscan/right/processing_ms,std_msgs/msg/Float32,61.0859489440918
1774528728.3133714,/metrics/dbscan/front/detections_count,std_msgs/msg/Int32,11
1774528728.3134832,/metrics/dbscan/front/points_in,std_msgs/msg/Int32,5584
1774528728.3135457,/metrics/dbscan/front/processing_ms,std_msgs/msg/Float32,57.11281204223633
1774528728.3136077,/metrics/dbscan/left/detections_count,std_msgs/msg/Int32,10
1774528728.313666,/metrics/dbscan/left/points_in,std_msgs/msg/Int32,8566
1774528728.3137226,/metrics/dbscan/left/processing_ms,std_msgs/msg/Float32,61.374908447265625
1774528728.3509748,/metrics/dbscan/back/detections_count,std_msgs/msg/Int32,10
1774528728.3510914,/metrics/dbscan/back/points_in,std_msgs/msg/Int32,5257
1774528728.3511586,/metrics/dbscan/back/processing_ms,std_msgs/msg/Float32,44.49810028076172
1774528728.3956738,/metrics/dbscan/right/detections_count,std_msgs/msg/Int32,9
1774528728.395809,/metrics/dbscan/right/points_in,std_msgs/msg/Int32,6159
1774528728.395883,/metrics/dbscan/right/processing_ms,std_msgs/msg/Float32,60.53751754760742
1774528728.4112236,/metrics/dbscan/left/detections_count,std_msgs/msg/Int32,10
1774528728.4113483,/metrics/dbscan/left/points_in,std_msgs/msg/Int32,8618
1774528728.4114137,/metrics/dbscan/left/processing_ms,std_msgs/msg/Float32,58.46311950683594
1774528728.4137511,/metrics/dbscan/front/detections_count,std_msgs/msg/Int32,11
1774528728.4138362,/metrics/dbscan/front/points_in,std_msgs/msg/Int32,5588
1774528728.4139118,/metrics/dbscan/front/processing_ms,std_msgs/msg/Float32,56.5469856262207
1774528728.4553905,/metrics/dbscan/back/detections_count,std_msgs/msg/Int32,9
1774528728.4554884,/metrics/dbscan/back/points_in,std_msgs/msg/Int32,5603
1774528728.455541,/metrics/dbscan/back/processing_ms,std_msgs/msg/Float32,47.88905715942383
1774528728.4916728,/metrics/dbscan/right/detections_count,std_msgs/msg/Int32,9
1774528728.4917862,/metrics/dbscan/right/points_in,std_msgs/msg/Int32,6162
1774528728.491851,/metrics/dbscan/right/processing_ms,std_msgs/msg/Float32,60.43754577636719
1774528728.509928,/metrics/dbscan/left/detections_count,std_msgs/msg/Int32,10
1774528728.5100603,/metrics/dbscan/left/points_in,std_msgs/msg/Int32,8609
1774528728.510128,/metrics/dbscan/left/processing_ms,std_msgs/msg/Float32,58.998008728027344
1774528728.5161662,/metrics/dbscan/front/detections_count,std_msgs/msg/Int32,12
1774528728.5162528,/metrics/dbscan/front/points_in,std_msgs/msg/Int32,5585
1774528728.516322,/metrics/dbscan/front/processing_ms,std_msgs/msg/Float32,57.54243087768555
1774528728.5593703,/metrics/dbscan/back/detections_count,std_msgs/msg/Int32,11
1774528728.5594864,/metrics/dbscan/back/points_in,std_msgs/msg/Int32,5947
1774528728.559555,/metrics/dbscan/back/processing_ms,std_msgs/msg/Float32,50.309993743896484
1774528728.5926838,/metrics/dbscan/right/detections_count,std_msgs/msg/Int32,9
1774528728.592802,/metrics/dbscan/right/points_in,std_msgs/msg/Int32,6164
1774528728.5928676,/metrics/dbscan/right/processing_ms,std_msgs/msg/Float32,60.46388626098633
1774528728.6105454,/metrics/dbscan/left/detections_count,std_msgs/msg/Int32,10
1774528728.6106594,/metrics/dbscan/left/points_in,std_msgs/msg/Int32,8616
1774528728.6107237,/metrics/dbscan/left/processing_ms,std_msgs/msg/Float32,59.99117660522461
1774528728.6113095,/metrics/dbscan/front/detections_count,std_msgs/msg/Int32,11
1774528728.6113677,/metrics/dbscan/front/points_in,std_msgs/msg/Int32,5574
1774528728.6114135,/metrics/dbscan/front/processing_ms,std_msgs/msg/Float32,57.92325210571289
1774528728.6594708,/metrics/dbscan/back/detections_count,std_msgs/msg/Int32,9
1774528728.6595838,/metrics/dbscan/back/points_in,std_msgs/msg/Int32,6103
1774528728.6596472,/metrics/dbscan/back/processing_ms,std_msgs/msg/Float32,50.31511306762695
1774528728.6928887,/metrics/dbscan/right/detections_count,std_msgs/msg/Int32,10
1774528728.693027,/metrics/dbscan/right/points_in,std_msgs/msg/Int32,6159
1774528728.693116,/metrics/dbscan/right/processing_ms,std_msgs/msg/Float32,60.51523208618164
1774528728.7080402,/metrics/dbscan/left/detections_count,std_msgs/msg/Int32,10
1774528728.7081542,/metrics/dbscan/left/points_in,std_msgs/msg/Int32,8623
1774528728.7082183,/metrics/dbscan/left/processing_ms,std_msgs/msg/Float32,57.045963287353516
1774528728.7103813,/metrics/dbscan/front/detections_count,std_msgs/msg/Int32,11
1774528728.7104564,/metrics/dbscan/front/processing_ms,std_msgs/msg/Float32,55.58342361450195
1774528728.7107253,/metrics/dbscan/front/points_in,std_msgs/msg/Int32,5576
1774528728.755848,/metrics/dbscan/back/detections_count,std_msgs/msg/Int32,9
1774528728.7559638,/metrics/dbscan/back/points_in,std_msgs/msg/Int32,6030
1774528728.7560282,/metrics/dbscan/back/processing_ms,std_msgs/msg/Float32,49.680397033691406
1774528728.7938504,/metrics/dbscan/right/detections_count,std_msgs/msg/Int32,9
1774528728.7939763,/metrics/dbscan/right/points_in,std_msgs/msg/Int32,6167
1774528728.794041,/metrics/dbscan/right/processing_ms,std_msgs/msg/Float32,60.78974533081055
1774528728.8076515,/metrics/dbscan/left/detections_count,std_msgs/msg/Int32,12
1774528728.8077674,/metrics/dbscan/left/points_in,std_msgs/msg/Int32,8621
1774528728.8078318,/metrics/dbscan/left/processing_ms,std_msgs/msg/Float32,55.48771286010742
1774528728.8112261,/metrics/dbscan/front/detections_count,std_msgs/msg/Int32,11
1774528728.8113198,/metrics/dbscan/front/points_in,std_msgs/msg/Int32,5575
1774528728.8113868,/metrics/dbscan/front/processing_ms,std_msgs/msg/Float32,55.684547424316406
1774528728.8557806,/metrics/dbscan/back/detections_count,std_msgs/msg/Int32,9
1774528728.8559136,/metrics/dbscan/back/points_in,std_msgs/msg/Int32,5876
1774528728.8559709,/metrics/dbscan/back/processing_ms,std_msgs/msg/Float32,49.237205505371094
1774528728.8964596,/metrics/dbscan/right/detections_count,std_msgs/msg/Int32,8
1774528728.8965821,/metrics/dbscan/right/points_in,std_msgs/msg/Int32,6166
1774528728.8966677,/metrics/dbscan/right/processing_ms,std_msgs/msg/Float32,62.56715393066406
1774528728.9087873,/metrics/dbscan/left/detections_count,std_msgs/msg/Int32,11
1774528728.9088855,/metrics/dbscan/left/points_in,std_msgs/msg/Int32,8592
1774528728.9089463,/metrics/dbscan/left/processing_ms,std_msgs/msg/Float32,55.55197525024414
1774528728.9136243,/metrics/dbscan/front/detections_count,std_msgs/msg/Int32,11
1774528728.9137115,/metrics/dbscan/front/points_in,std_msgs/msg/Int32,5588
1774528728.9137802,/metrics/dbscan/front/processing_ms,std_msgs/msg/Float32,57.80141067504883
1774528728.9556546,/metrics/dbscan/back/detections_count,std_msgs/msg/Int32,10
1774528728.9557707,/metrics/dbscan/back/points_in,std_msgs/msg/Int32,5318
1774528728.9558342,/metrics/dbscan/back/processing_ms,std_msgs/msg/Float32,48.73457717895508
1774528728.9928818,/metrics/dbscan/right/detections_count,std_msgs/msg/Int32,9
1774528728.993072,/metrics/dbscan/right/points_in,std_msgs/msg/Int32,6156
1774528728.9931688,/metrics/dbscan/right/processing_ms,std_msgs/msg/Float32,61.229339599609375
1774528729.0052166,/metrics/dbscan/left/detections_count,std_msgs/msg/Int32,11
1774528729.00533,/metrics/dbscan/left/points_in,std_msgs/msg/Int32,8711
1774528729.0053954,/metrics/dbscan/left/processing_ms,std_msgs/msg/Float32,55.24971008300781
1774528729.013988,/metrics/dbscan/front/detections_count,std_msgs/msg/Int32,12
1774528729.0140865,/metrics/dbscan/front/points_in,std_msgs/msg/Int32,5606
1774528729.0141466,/metrics/dbscan/front/processing_ms,std_msgs/msg/Float32,56.91976547241211
1774528729.05502,/metrics/dbscan/back/detections_count,std_msgs/msg/Int32,11
1774528729.0551417,/metrics/dbscan/back/points_in,std_msgs/msg/Int32,4701
1774528729.0551987,/metrics/dbscan/back/processing_ms,std_msgs/msg/Float32,47.45657730102539
1774528729.094615,/metrics/dbscan/right/detections_count,std_msgs/msg/Int32,9
1774528729.0947483,/metrics/dbscan/right/points_in,std_msgs/msg/Int32,6164
1774528729.094833,/metrics/dbscan/right/processing_ms,std_msgs/msg/Float32,63.13355255126953
1774528729.1063259,/metrics/dbscan/left/detections_count,std_msgs/msg/Int32,11
1774528729.1064336,/metrics/dbscan/left/points_in,std_msgs/msg/Int32,8944
1774528729.1064968,/metrics/dbscan/left/processing_ms,std_msgs/msg/Float32,55.54713439941406
1774528729.1107326,/metrics/dbscan/front/detections_count,std_msgs/msg/Int32,11
1774528729.1108162,/metrics/dbscan/front/points_in,std_msgs/msg/Int32,5581
1774528729.11088,/metrics/dbscan/front/processing_ms,std_msgs/msg/Float32,57.281822204589844
1774528729.1569867,/metrics/dbscan/back/detections_count,std_msgs/msg/Int32,10
1774528729.1571214,/metrics/dbscan/back/points_in,std_msgs/msg/Int32,4168
1774528729.1572046,/metrics/dbscan/back/processing_ms,std_msgs/msg/Float32,48.392547607421875
1774528729.195779,/metrics/dbscan/right/detections_count,std_msgs/msg/Int32,9
1774528729.195884,/metrics/dbscan/right/points_in,std_msgs/msg/Int32,6159
1774528729.1959386,/metrics/dbscan/right/processing_ms,std_msgs/msg/Float32,63.05263137817383
1774528729.2059498,/metrics/dbscan/left/detections_count,std_msgs/msg/Int32,10
1774528729.2060347,/metrics/dbscan/left/points_in,std_msgs/msg/Int32,9304
1774528729.2060878,/metrics/dbscan/left/processing_ms,std_msgs/msg/Float32,54.73703384399414
1774528729.2120926,/metrics/dbscan/front/detections_count,std_msgs/msg/Int32,11
1774528729.21219,/metrics/dbscan/front/points_in,std_msgs/msg/Int32,5566
1774528729.2122524,/metrics/dbscan/front/processing_ms,std_msgs/msg/Float32,57.2727165222168
1774528729.2547014,/metrics/dbscan/back/detections_count,std_msgs/msg/Int32,10
1774528729.2548287,/metrics/dbscan/back/points_in,std_msgs/msg/Int32,4123
1774528729.254907,/metrics/dbscan/back/processing_ms,std_msgs/msg/Float32,49.386627197265625
1774528729.2912023,/metrics/dbscan/right/detections_count,std_msgs/msg/Int32,9
1774528729.2913318,/metrics/dbscan/right/points_in,std_msgs/msg/Int32,6160
1774528729.2914033,/metrics/dbscan/right/processing_ms,std_msgs/msg/Float32,59.02836608886719
1774528729.3070228,/metrics/dbscan/left/detections_count,std_msgs/msg/Int32,10
1774528729.307137,/metrics/dbscan/left/points_in,std_msgs/msg/Int32,9728
1774528729.3072023,/metrics/dbscan/left/processing_ms,std_msgs/msg/Float32,53.812744140625
1774528729.3146827,/metrics/dbscan/front/detections_count,std_msgs/msg/Int32,11
1774528729.3148308,/metrics/dbscan/front/points_in,std_msgs/msg/Int32,5589
1774528729.3149107,/metrics/dbscan/front/processing_ms,std_msgs/msg/Float32,57.67718505859375
1774528729.356445,/metrics/dbscan/back/detections_count,std_msgs/msg/Int32,11
1774528729.3565726,/metrics/dbscan/back/points_in,std_msgs/msg/Int32,4109
1774528729.356643,/metrics/dbscan/back/processing_ms,std_msgs/msg/Float32,50.38730239868164
1774528729.3982315,/metrics/dbscan/right/detections_count,std_msgs/msg/Int32,9
1774528729.3983753,/metrics/dbscan/right/points_in,std_msgs/msg/Int32,6165
1774528729.3984418,/metrics/dbscan/right/processing_ms,std_msgs/msg/Float32,64.95758056640625
1774528731.8966088,/metrics/dbscan/front/detections_count,std_msgs/msg/Int32,14
1774528731.896766,/metrics/dbscan/front/points_in,std_msgs/msg/Int32,6415
1774528731.8968296,/metrics/dbscan/front/processing_ms,std_msgs/msg/Float32,61.48469543457031
1774528731.9947405,/metrics/dbscan/front/detections_count,std_msgs/msg/Int32,13
1774528731.994845,/metrics/dbscan/front/points_in,std_msgs/msg/Int32,6435
1774528731.9949372,/metrics/dbscan/front/processing_ms,std_msgs/msg/Float32,60.53168487548828
1774528732.0969915,/metrics/dbscan/front/detections_count,std_msgs/msg/Int32,13
1774528732.0970967,/metrics/dbscan/front/points_in,std_msgs/msg/Int32,6400
1774528732.0971577,/metrics/dbscan/front/processing_ms,std_msgs/msg/Float32,61.53300857543945
1774528732.1889322,/metrics/dbscan/front/detections_count,std_msgs/msg/Int32,13
1774528732.1890638,/metrics/dbscan/front/points_in,std_msgs/msg/Int32,6378
1774528732.1891277,/metrics/dbscan/front/processing_ms,std_msgs/msg/Float32,58.258270263671875
1774528732.2913864,/metrics/dbscan/front/detections_count,std_msgs/msg/Int32,13
1774528732.29149,/metrics/dbscan/front/points_in,std_msgs/msg/Int32,6296
1774528732.291551,/metrics/dbscan/front/processing_ms,std_msgs/msg/Float32,59.0120849609375
1774528732.3898268,/metrics/dbscan/front/detections_count,std_msgs/msg/Int32,11
1774528732.389945,/metrics/dbscan/front/points_in,std_msgs/msg/Int32,6187
1774528732.3900082,/metrics/dbscan/front/processing_ms,std_msgs/msg/Float32,57.54671859741211
1774528732.4937556,/metrics/dbscan/front/detections_count,std_msgs/msg/Int32,13
1774528732.493902,/metrics/dbscan/front/points_in,std_msgs/msg/Int32,6163
1774528732.4939904,/metrics/dbscan/front/processing_ms,std_msgs/msg/Float32,59.25484848022461
1774528732.57395,/metrics/dbscan/right/detections_count,std_msgs/msg/Int32,9
1774528732.574107,/metrics/dbscan/right/points_in,std_msgs/msg/Int32,6713
1774528732.5742104,/metrics/dbscan/right/processing_ms,std_msgs/msg/Float32,63.9224739074707
1774528732.587147,/metrics/dbscan/front/detections_count,std_msgs/msg/Int32,12
1774528732.5872366,/metrics/dbscan/front/points_in,std_msgs/msg/Int32,6106
1774528732.587306,/metrics/dbscan/front/processing_ms,std_msgs/msg/Float32,57.218223571777344
1774528732.6720154,/metrics/dbscan/right/detections_count,std_msgs/msg/Int32,8
1774528732.672132,/metrics/dbscan/right/points_in,std_msgs/msg/Int32,6662
1774528732.6722004,/metrics/dbscan/right/processing_ms,std_msgs/msg/Float32,64.07440185546875
1774528732.689733,/metrics/dbscan/front/detections_count,std_msgs/msg/Int32,15
1774528732.6898282,/metrics/dbscan/front/points_in,std_msgs/msg/Int32,6110
1774528732.6898906,/metrics/dbscan/front/processing_ms,std_msgs/msg/Float32,57.63899230957031
1774528732.771859,/metrics/dbscan/right/detections_count,std_msgs/msg/Int32,9
1774528732.7719905,/metrics/dbscan/right/points_in,std_msgs/msg/Int32,6677
1774528732.7720766,/metrics/dbscan/right/processing_ms,std_msgs/msg/Float32,63.759925842285156
1774528732.7870178,/metrics/dbscan/front/detections_count,std_msgs/msg/Int32,12
1774528732.7871213,/metrics/dbscan/front/processing_ms,std_msgs/msg/Float32,56.03458023071289
1774528732.7875218,/metrics/dbscan/front/points_in,std_msgs/msg/Int32,6142
1774528732.8718388,/metrics/dbscan/right/detections_count,std_msgs/msg/Int32,9
1774528732.8719654,/metrics/dbscan/right/points_in,std_msgs/msg/Int32,6700
1774528732.8720315,/metrics/dbscan/right/processing_ms,std_msgs/msg/Float32,62.71736145019531
1774528732.8917172,/metrics/dbscan/front/detections_count,std_msgs/msg/Int32,13
1774528732.8918188,/metrics/dbscan/front/points_in,std_msgs/msg/Int32,6151
1774528732.8918803,/metrics/dbscan/front/processing_ms,std_msgs/msg/Float32,58.85683059692383
1774528732.9757686,/metrics/dbscan/right/detections_count,std_msgs/msg/Int32,9
1774528732.9758806,/metrics/dbscan/right/points_in,std_msgs/msg/Int32,6725
1774528732.9759452,/metrics/dbscan/right/processing_ms,std_msgs/msg/Float32,65.57878112792969
1774528732.99405,/metrics/dbscan/front/detections_count,std_msgs/msg/Int32,13
1774528732.9941921,/metrics/dbscan/front/points_in,std_msgs/msg/Int32,6195
1774528732.9942856,/metrics/dbscan/front/processing_ms,std_msgs/msg/Float32,60.1903076171875
1774528733.0704477,/metrics/dbscan/right/detections_count,std_msgs/msg/Int32,9
1774528733.07056,/metrics/dbscan/right/points_in,std_msgs/msg/Int32,6762
1774528733.0706224,/metrics/dbscan/right/processing_ms,std_msgs/msg/Float32,63.67919158935547
1774528733.0920231,/metrics/dbscan/front/detections_count,std_msgs/msg/Int32,12
1774528733.0921314,/metrics/dbscan/front/points_in,std_msgs/msg/Int32,6241
1774528733.092194,/metrics/dbscan/front/processing_ms,std_msgs/msg/Float32,57.89185333251953
1774528733.1785572,/metrics/dbscan/right/detections_count,std_msgs/msg/Int32,9
1774528733.1786673,/metrics/dbscan/right/points_in,std_msgs/msg/Int32,6813
1774528733.1787305,/metrics/dbscan/right/processing_ms,std_msgs/msg/Float32,69.89921569824219
1774528733.1893885,/metrics/dbscan/front/detections_count,std_msgs/msg/Int32,12
1774528733.1894894,/metrics/dbscan/front/points_in,std_msgs/msg/Int32,6267
1774528733.1895502,/metrics/dbscan/front/processing_ms,std_msgs/msg/Float32,58.656219482421875
1774528733.2747967,/metrics/dbscan/right/detections_count,std_msgs/msg/Int32,8
1774528733.2749174,/metrics/dbscan/right/points_in,std_msgs/msg/Int32,6827
1774528733.2749813,/metrics/dbscan/right/processing_ms,std_msgs/msg/Float32,66.36050415039062
1774528733.2906792,/metrics/dbscan/front/detections_count,std_msgs/msg/Int32,12
1774528733.2908037,/metrics/dbscan/front/points_in,std_msgs/msg/Int32,6265
1774528733.2908669,/metrics/dbscan/front/processing_ms,std_msgs/msg/Float32,58.94029998779297
1774528733.3940065,/metrics/dbscan/front/detections_count,std_msgs/msg/Int32,13
1774528733.394122,/metrics/dbscan/front/points_in,std_msgs/msg/Int32,6266
1774528733.3941863,/metrics/dbscan/front/processing_ms,std_msgs/msg/Float32,61.07756423950195
1774528733.4631734,/metrics/dbscan/right/detections_count,std_msgs/msg/Int32,9
1774528733.4633014,/metrics/dbscan/right/points_in,std_msgs/msg/Int32,6823
1774528733.4633727,/metrics/dbscan/right/processing_ms,std_msgs/msg/Float32,64.72134399414062
1774528733.4924307,/metrics/dbscan/front/detections_count,std_msgs/msg/Int32,13
1774528733.4925442,/metrics/dbscan/front/points_in,std_msgs/msg/Int32,6255
1774528733.492606,/metrics/dbscan/front/processing_ms,std_msgs/msg/Float32,57.86576461791992
1774528733.528603,/metrics/dbscan/right/detections_count,std_msgs/msg/Int32,10
1774528733.528714,/metrics/dbscan/right/points_in,std_msgs/msg/Int32,6847
1774528733.5287771,/metrics/dbscan/right/processing_ms,std_msgs/msg/Float32,64.02758026123047
1774528733.5930166,/metrics/dbscan/front/detections_count,std_msgs/msg/Int32,13
1774528733.5931358,/metrics/dbscan/front/points_in,std_msgs/msg/Int32,6282
1774528733.5932038,/metrics/dbscan/front/processing_ms,std_msgs/msg/Float32,59.1115837097168
1774528733.5944858,/metrics/dbscan/right/detections_count,std_msgs/msg/Int32,10
1774528733.5945716,/metrics/dbscan/right/points_in,std_msgs/msg/Int32,6819
1774528733.594642,/metrics/dbscan/right/processing_ms,std_msgs/msg/Float32,64.72479248046875
1774528733.5987751,/metrics/dbscan/left/detections_count,std_msgs/msg/Int32,12
1774528733.5989017,/metrics/dbscan/left/points_in,std_msgs/msg/Int32,8229
1774528733.5989678,/metrics/dbscan/left/processing_ms,std_msgs/msg/Float32,69.59442901611328
1774528733.6715662,/metrics/dbscan/right/detections_count,std_msgs/msg/Int32,8
1774528733.6716866,/metrics/dbscan/right/points_in,std_msgs/msg/Int32,6848
1774528733.6717558,/metrics/dbscan/right/processing_ms,std_msgs/msg/Float32,64.46298217773438
1774528733.690192,/metrics/dbscan/front/detections_count,std_msgs/msg/Int32,12
1774528733.6903157,/metrics/dbscan/front/points_in,std_msgs/msg/Int32,6263
1774528733.6903849,/metrics/dbscan/front/processing_ms,std_msgs/msg/Float32,59.51172637939453
1774528733.6984086,/metrics/dbscan/left/detections_count,std_msgs/msg/Int32,12
1774528733.6985214,/metrics/dbscan/left/points_in,std_msgs/msg/Int32,8226
1774528733.6985917,/metrics/dbscan/left/processing_ms,std_msgs/msg/Float32,68.99186706542969
1774528733.7751865,/metrics/dbscan/right/detections_count,std_msgs/msg/Int32,10
1774528733.7753193,/metrics/dbscan/right/points_in,std_msgs/msg/Int32,6848
1774528733.7753873,/metrics/dbscan/right/processing_ms,std_msgs/msg/Float32,67.50897979736328
1774528733.7954443,/metrics/dbscan/front/detections_count,std_msgs/msg/Int32,13
1774528733.7955866,/metrics/dbscan/front/points_in,std_msgs/msg/Int32,6263
1774528733.795655,/metrics/dbscan/front/processing_ms,std_msgs/msg/Float32,63.90576171875
1774528733.7986553,/metrics/dbscan/left/detections_count,std_msgs/msg/Int32,12
1774528733.7987335,/metrics/dbscan/left/points_in,std_msgs/msg/Int32,8234
1774528733.798797,/metrics/dbscan/left/processing_ms,std_msgs/msg/Float32,68.24534606933594
1774528733.8717346,/metrics/dbscan/right/detections_count,std_msgs/msg/Int32,9
1774528733.8718572,/metrics/dbscan/right/points_in,std_msgs/msg/Int32,6843
1774528733.8719265,/metrics/dbscan/right/processing_ms,std_msgs/msg/Float32,63.75292205810547
1774528733.8936052,/metrics/dbscan/front/detections_count,std_msgs/msg/Int32,12
1774528733.89372,/metrics/dbscan/front/points_in,std_msgs/msg/Int32,6276
1774528733.893788,/metrics/dbscan/front/processing_ms,std_msgs/msg/Float32,60.70307922363281
1774528733.8944926,/metrics/dbscan/left/detections_count,std_msgs/msg/Int32,12
1774528733.894575,/metrics/dbscan/left/points_in,std_msgs/msg/Int32,8223
1774528733.894642,/metrics/dbscan/left/processing_ms,std_msgs/msg/Float32,67.62944793701172
1774528733.9739368,/metrics/dbscan/right/detections_count,std_msgs/msg/Int32,9
1774528733.9740555,/metrics/dbscan/right/points_in,std_msgs/msg/Int32,6846
1774528733.9741235,/metrics/dbscan/right/processing_ms,std_msgs/msg/Float32,64.17317962646484
1774528733.9932096,/metrics/dbscan/front/detections_count,std_msgs/msg/Int32,13
1774528733.9933622,/metrics/dbscan/front/points_in,std_msgs/msg/Int32,6250
1774528733.9934366,/metrics/dbscan/front/processing_ms,std_msgs/msg/Float32,60.00284957885742
1774528733.9958942,/metrics/dbscan/left/detections_count,std_msgs/msg/Int32,12
1774528733.9959812,/metrics/dbscan/left/points_in,std_msgs/msg/Int32,8201
1774528733.9960454,/metrics/dbscan/left/processing_ms,std_msgs/msg/Float32,68.55262756347656
1774528734.0765655,/metrics/dbscan/right/detections_count,std_msgs/msg/Int32,10
1774528734.0766826,/metrics/dbscan/right/points_in,std_msgs/msg/Int32,6840
1774528734.07675,/metrics/dbscan/right/processing_ms,std_msgs/msg/Float32,67.0642318725586
1774528734.0954401,/metrics/dbscan/front/detections_count,std_msgs/msg/Int32,15
1774528734.0955553,/metrics/dbscan/front/points_in,std_msgs/msg/Int32,6240
1774528734.0956202,/metrics/dbscan/front/processing_ms,std_msgs/msg/Float32,60.29426574707031
1774528734.0996192,/metrics/dbscan/left/detections_count,std_msgs/msg/Int32,12
1774528734.0997097,/metrics/dbscan/left/points_in,std_msgs/msg/Int32,8172
1774528734.0997689,/metrics/dbscan/left/processing_ms,std_msgs/msg/Float32,70.89937591552734
1774528734.1715336,/metrics/dbscan/right/detections_count,std_msgs/msg/Int32,10
1774528734.1716564,/metrics/dbscan/right/points_in,std_msgs/msg/Int32,6794
1774528734.171725,/metrics/dbscan/right/processing_ms,std_msgs/msg/Float32,63.641441345214844
1774528734.193385,/metrics/dbscan/front/detections_count,std_msgs/msg/Int32,13
1774528734.193498,/metrics/dbscan/front/points_in,std_msgs/msg/Int32,6206
1774528734.1935637,/metrics/dbscan/front/processing_ms,std_msgs/msg/Float32,62.44268035888672
1774528734.194989,/metrics/dbscan/left/detections_count,std_msgs/msg/Int32,12
1774528734.195313,/metrics/dbscan/left/points_in,std_msgs/msg/Int32,8115
1774528734.1953828,/metrics/dbscan/left/processing_ms,std_msgs/msg/Float32,66.16416931152344
1774528734.233508,/metrics/dbscan/back/detections_count,std_msgs/msg/Int32,11
1774528734.2336068,/metrics/dbscan/back/points_in,std_msgs/msg/Int32,4898
1774528734.2336624,/metrics/dbscan/back/processing_ms,std_msgs/msg/Float32,48.56734085083008
1774528734.2732985,/metrics/dbscan/right/detections_count,std_msgs/msg/Int32,9
1774528734.2734215,/metrics/dbscan/right/points_in,std_msgs/msg/Int32,6786
1774528734.2734938,/metrics/dbscan/right/processing_ms,std_msgs/msg/Float32,65.79251098632812
1774528734.2919834,/metrics/dbscan/front/detections_count,std_msgs/msg/Int32,14
1774528734.2920947,/metrics/dbscan/front/points_in,std_msgs/msg/Int32,6179
1774528734.2921605,/metrics/dbscan/front/processing_ms,std_msgs/msg/Float32,59.08965301513672
1774528734.2982595,/metrics/dbscan/left/detections_count,std_msgs/msg/Int32,12
1774528734.2983704,/metrics/dbscan/left/points_in,std_msgs/msg/Int32,8062
1774528734.2984312,/metrics/dbscan/left/processing_ms,std_msgs/msg/Float32,67.31979370117188
1774528734.3339987,/metrics/dbscan/back/detections_count,std_msgs/msg/Int32,11
1774528734.3341184,/metrics/dbscan/back/points_in,std_msgs/msg/Int32,4855
1774528734.334185,/metrics/dbscan/back/processing_ms,std_msgs/msg/Float32,50.09002685546875
1774528734.373184,/metrics/dbscan/right/detections_count,std_msgs/msg/Int32,10
1774528734.3733077,/metrics/dbscan/right/points_in,std_msgs/msg/Int32,6734
1774528734.3733773,/metrics/dbscan/right/processing_ms,std_msgs/msg/Float32,64.44828033447266
1774528734.390421,/metrics/dbscan/front/detections_count,std_msgs/msg/Int32,12
1774528734.3905277,/metrics/dbscan/front/points_in,std_msgs/msg/Int32,6126
1774528734.390589,/metrics/dbscan/front/processing_ms,std_msgs/msg/Float32,58.65049743652344
1774528734.3945682,/metrics/dbscan/left/detections_count,std_msgs/msg/Int32,13
1774528734.3946488,/metrics/dbscan/left/points_in,std_msgs/msg/Int32,8039
1774528734.3947306,/metrics/dbscan/left/processing_ms,std_msgs/msg/Float32,67.88068389892578
1774528734.4347632,/metrics/dbscan/back/detections_count,std_msgs/msg/Int32,10
1774528734.4348783,/metrics/dbscan/back/points_in,std_msgs/msg/Int32,4825
1774528734.4349747,/metrics/dbscan/back/processing_ms,std_msgs/msg/Float32,50.16789245605469
1774528734.4729936,/metrics/dbscan/right/detections_count,std_msgs/msg/Int32,10
1774528734.4731138,/metrics/dbscan/right/points_in,std_msgs/msg/Int32,6726
1774528734.4731832,/metrics/dbscan/right/processing_ms,std_msgs/msg/Float32,64.19482421875
1774528734.493137,/metrics/dbscan/front/detections_count,std_msgs/msg/Int32,11
1774528734.4932935,/metrics/dbscan/front/points_in,std_msgs/msg/Int32,6128
1774528734.4934146,/metrics/dbscan/front/processing_ms,std_msgs/msg/Float32,60.03324890136719
1774528734.4973824,/metrics/dbscan/left/detections_count,std_msgs/msg/Int32,12
1774528734.4975193,/metrics/dbscan/left/points_in,std_msgs/msg/Int32,8042
1774528734.497605,/metrics/dbscan/left/processing_ms,std_msgs/msg/Float32,69.7376937866211
1774528734.5328488,/metrics/dbscan/back/detections_count,std_msgs/msg/Int32,10
1774528734.5330145,/metrics/dbscan/back/points_in,std_msgs/msg/Int32,4762
1774528734.533114,/metrics/dbscan/back/processing_ms,std_msgs/msg/Float32,51.15145492553711
1774528734.5729718,/metrics/dbscan/right/detections_count,std_msgs/msg/Int32,10
1774528734.5730824,/metrics/dbscan/right/points_in,std_msgs/msg/Int32,6767
1774528734.573146,/metrics/dbscan/right/processing_ms,std_msgs/msg/Float32,63.98457336425781
1774528734.5916815,/metrics/dbscan/front/detections_count,std_msgs/msg/Int32,12
1774528734.5918112,/metrics/dbscan/front/points_in,std_msgs/msg/Int32,6173
1774528734.5918896,/metrics/dbscan/front/processing_ms,std_msgs/msg/Float32,57.8584098815918
1774528734.596576,/metrics/dbscan/left/detections_count,std_msgs/msg/Int32,12
1774528734.5967214,/metrics/dbscan/left/points_in,std_msgs/msg/Int32,8022
1774528734.596827,/metrics/dbscan/left/processing_ms,std_msgs/msg/Float32,67.84811401367188
1774528734.6317205,/metrics/dbscan/back/detections_count,std_msgs/msg/Int32,10
1774528734.6318352,/metrics/dbscan/back/points_in,std_msgs/msg/Int32,4662
1774528734.6319034,/metrics/dbscan/back/processing_ms,std_msgs/msg/Float32,49.468505859375
1774528734.6747434,/metrics/dbscan/right/detections_count,std_msgs/msg/Int32,10
1774528734.674856,/metrics/dbscan/right/points_in,std_msgs/msg/Int32,6781
1774528734.674922,/metrics/dbscan/right/processing_ms,std_msgs/msg/Float32,64.86065673828125
1774528734.6918259,/metrics/dbscan/front/detections_count,std_msgs/msg/Int32,14
1774528734.6919565,/metrics/dbscan/front/points_in,std_msgs/msg/Int32,6179
1774528734.6920366,/metrics/dbscan/front/processing_ms,std_msgs/msg/Float32,61.66740417480469
1774528734.6980152,/metrics/dbscan/left/detections_count,std_msgs/msg/Int32,12
1774528734.6981297,/metrics/dbscan/left/points_in,std_msgs/msg/Int32,8033
1774528734.6981916,/metrics/dbscan/left/processing_ms,std_msgs/msg/Float32,68.36920166015625
1774528734.7400172,/metrics/dbscan/back/detections_count,std_msgs/msg/Int32,11
1774528734.74013,/metrics/dbscan/back/points_in,std_msgs/msg/Int32,4583
1774528734.7401922,/metrics/dbscan/back/processing_ms,std_msgs/msg/Float32,57.34053421020508
1774528734.770987,/metrics/dbscan/right/detections_count,std_msgs/msg/Int32,9
1774528734.7711074,/metrics/dbscan/right/points_in,std_msgs/msg/Int32,6819
1774528734.7711706,/metrics/dbscan/right/processing_ms,std_msgs/msg/Float32,63.81797790527344
1774528734.7938342,/metrics/dbscan/left/detections_count,std_msgs/msg/Int32,12
1774528734.7939506,/metrics/dbscan/left/points_in,std_msgs/msg/Int32,7979
1774528734.7940102,/metrics/dbscan/left/processing_ms,std_msgs/msg/Float32,67.76840209960938
1774528734.7958534,/metrics/dbscan/front/detections_count,std_msgs/msg/Int32,13
1774528734.7959192,/metrics/dbscan/front/processing_ms,std_msgs/msg/Float32,65.25312805175781
1774528734.7962148,/metrics/dbscan/front/points_in,std_msgs/msg/Int32,6228
1774528734.8362243,/metrics/dbscan/back/detections_count,std_msgs/msg/Int32,12
1774528734.8363326,/metrics/dbscan/back/points_in,std_msgs/msg/Int32,4498
1774528734.8363898,/metrics/dbscan/back/processing_ms,std_msgs/msg/Float32,52.189788818359375
1774528734.8726444,/metrics/dbscan/right/detections_count,std_msgs/msg/Int32,8
1774528734.8727915,/metrics/dbscan/right/points_in,std_msgs/msg/Int32,6847
1774528734.872884,/metrics/dbscan/right/processing_ms,std_msgs/msg/Float32,65.21773529052734
1774528734.8907828,/metrics/dbscan/front/detections_count,std_msgs/msg/Int32,12
1774528734.8908887,/metrics/dbscan/front/points_in,std_msgs/msg/Int32,6247
1774528734.8909414,/metrics/dbscan/front/processing_ms,std_msgs/msg/Float32,57.96290969848633
1774528734.8959336,/metrics/dbscan/left/detections_count,std_msgs/msg/Int32,12
1774528734.8960376,/metrics/dbscan/left/points_in,std_msgs/msg/Int32,7955
1774528734.8961065,/metrics/dbscan/left/processing_ms,std_msgs/msg/Float32,69.37745666503906
1774528734.9345963,/metrics/dbscan/back/detections_count,std_msgs/msg/Int32,11
1774528734.9347248,/metrics/dbscan/back/points_in,std_msgs/msg/Int32,4434
1774528734.934811,/metrics/dbscan/back/processing_ms,std_msgs/msg/Float32,50.27195358276367
1774528734.9738278,/metrics/dbscan/right/detections_count,std_msgs/msg/Int32,8
1774528734.9739542,/metrics/dbscan/right/points_in,std_msgs/msg/Int32,6910
1774528734.9740324,/metrics/dbscan/right/processing_ms,std_msgs/msg/Float32,64.67374420166016
1774528734.9919288,/metrics/dbscan/front/detections_count,std_msgs/msg/Int32,14
1774528734.9920382,/metrics/dbscan/front/points_in,std_msgs/msg/Int32,6298
1774528734.9921105,/metrics/dbscan/front/processing_ms,std_msgs/msg/Float32,58.78249740600586
1774528734.9931276,/metrics/dbscan/left/detections_count,std_msgs/msg/Int32,12
1774528734.9931958,/metrics/dbscan/left/points_in,std_msgs/msg/Int32,7899
1774528734.9932468,/metrics/dbscan/left/processing_ms,std_msgs/msg/Float32,65.95530700683594
1774528735.032103,/metrics/dbscan/back/detections_count,std_msgs/msg/Int32,11
1774528735.0322273,/metrics/dbscan/back/points_in,std_msgs/msg/Int32,4408
1774528735.0323021,/metrics/dbscan/back/processing_ms,std_msgs/msg/Float32,47.02823257446289
1774528735.0754068,/metrics/dbscan/right/detections_count,std_msgs/msg/Int32,8
1774528735.0755177,/metrics/dbscan/right/points_in,std_msgs/msg/Int32,6939
1774528735.0755804,/metrics/dbscan/right/processing_ms,std_msgs/msg/Float32,65.7791976928711
1774528735.0935538,/metrics/dbscan/left/detections_count,std_msgs/msg/Int32,11
1774528735.0936692,/metrics/dbscan/left/points_in,std_msgs/msg/Int32,7844
1774528735.093732,/metrics/dbscan/left/processing_ms,std_msgs/msg/Float32,64.88390350341797
1774528735.0973492,/metrics/dbscan/front/detections_count,std_msgs/msg/Int32,15
1774528735.0974257,/metrics/dbscan/front/points_in,std_msgs/msg/Int32,6333
1774528735.0974932,/metrics/dbscan/front/processing_ms,std_msgs/msg/Float32,62.78896713256836
1774528735.1311638,/metrics/dbscan/back/detections_count,std_msgs/msg/Int32,12
1774528735.131285,/metrics/dbscan/back/points_in,std_msgs/msg/Int32,4297
1774528735.1313558,/metrics/dbscan/back/processing_ms,std_msgs/msg/Float32,50.12013244628906
1774528735.174814,/metrics/dbscan/right/detections_count,std_msgs/msg/Int32,11
1774528735.1749268,/metrics/dbscan/right/points_in,std_msgs/msg/Int32,6951
1774528735.1749926,/metrics/dbscan/right/processing_ms,std_msgs/msg/Float32,64.71177673339844
1774528735.1900349,/metrics/dbscan/front/detections_count,std_msgs/msg/Int32,13
1774528735.190132,/metrics/dbscan/front/points_in,std_msgs/msg/Int32,6305
1774528735.190193,/metrics/dbscan/front/processing_ms,std_msgs/msg/Float32,59.92852020263672
1774528735.1981237,/metrics/dbscan/left/detections_count,std_msgs/msg/Int32,11
1774528735.1982315,/metrics/dbscan/left/points_in,std_msgs/msg/Int32,7775
1774528735.1983054,/metrics/dbscan/left/processing_ms,std_msgs/msg/Float32,69.39249420166016
1774528735.2308555,/metrics/dbscan/back/detections_count,std_msgs/msg/Int32,12
1774528735.230981,/metrics/dbscan/back/points_in,std_msgs/msg/Int32,4198
1774528735.2310612,/metrics/dbscan/back/processing_ms,std_msgs/msg/Float32,48.841102600097656
1774528735.2748585,/metrics/dbscan/right/detections_count,std_msgs/msg/Int32,9
1774528735.274995,/metrics/dbscan/right/points_in,std_msgs/msg/Int32,6946
1774528735.2750897,/metrics/dbscan/right/processing_ms,std_msgs/msg/Float32,64.78902435302734
1774528735.2906568,/metrics/dbscan/front/detections_count,std_msgs/msg/Int32,14
1774528735.2907887,/metrics/dbscan/front/points_in,std_msgs/msg/Int32,6226
1774528735.2908773,/metrics/dbscan/front/processing_ms,std_msgs/msg/Float32,59.581138610839844
1774528735.2956643,/metrics/dbscan/left/detections_count,std_msgs/msg/Int32,11
1774528735.2957895,/metrics/dbscan/left/points_in,std_msgs/msg/Int32,7651
1774528735.2958746,/metrics/dbscan/left/processing_ms,std_msgs/msg/Float32,65.16382598876953
1774528735.333437,/metrics/dbscan/back/detections_count,std_msgs/msg/Int32,12
1774528735.333549,/metrics/dbscan/back/points_in,std_msgs/msg/Int32,4180
1774528735.3336215,/metrics/dbscan/back/processing_ms,std_msgs/msg/Float32,49.466670989990234
1774528735.3723414,/metrics/dbscan/right/detections_count,std_msgs/msg/Int32,10
1774528735.372481,/metrics/dbscan/right/points_in,std_msgs/msg/Int32,7019
1774528735.3725817,/metrics/dbscan/right/processing_ms,std_msgs/msg/Float32,65.15605163574219
1774528735.3899517,/metrics/dbscan/front/detections_count,std_msgs/msg/Int32,13
1774528735.3901043,/metrics/dbscan/front/points_in,std_msgs/msg/Int32,6156
1774528735.3901963,/metrics/dbscan/front/processing_ms,std_msgs/msg/Float32,57.4443244934082
1774528735.3933659,/metrics/dbscan/left/detections_count,std_msgs/msg/Int32,12
1774528735.3935041,/metrics/dbscan/left/points_in,std_msgs/msg/Int32,7535
1774528735.3935938,/metrics/dbscan/left/processing_ms,std_msgs/msg/Float32,66.56239318847656
1774528735.4339685,/metrics/dbscan/back/detections_count,std_msgs/msg/Int32,11
1774528735.4341185,/metrics/dbscan/back/points_in,std_msgs/msg/Int32,4226
1774528735.4342415,/metrics/dbscan/back/processing_ms,std_msgs/msg/Float32,50.131256103515625
1774528735.47214,/metrics/dbscan/right/detections_count,std_msgs/msg/Int32,10
1774528735.4722545,/metrics/dbscan/right/points_in,std_msgs/msg/Int32,7045
1774528735.4723341,/metrics/dbscan/right/processing_ms,std_msgs/msg/Float32,64.61659240722656
1774528735.488537,/metrics/dbscan/front/detections_count,std_msgs/msg/Int32,12
1774528735.488685,/metrics/dbscan/front/points_in,std_msgs/msg/Int32,6107
1774528735.4887779,/metrics/dbscan/front/processing_ms,std_msgs/msg/Float32,55.95329666137695
1774528735.4969356,/metrics/dbscan/left/detections_count,std_msgs/msg/Int32,12
1774528735.4970393,/metrics/dbscan/left/points_in,std_msgs/msg/Int32,7504
1774528735.4971013,/metrics/dbscan/left/processing_ms,std_msgs/msg/Float32,69.22184753417969
1774528735.539122,/metrics/dbscan/back/detections_count,std_msgs/msg/Int32,11
1774528735.5392368,/metrics/dbscan/back/points_in,std_msgs/msg/Int32,4354
1774528735.5393128,/metrics/dbscan/back/processing_ms,std_msgs/msg/Float32,54.36469650268555
1774528735.5715148,/metrics/dbscan/right/detections_count,std_msgs/msg/Int32,9
1774528735.5716314,/metrics/dbscan/right/points_in,std_msgs/msg/Int32,7048
1774528735.571695,/metrics/dbscan/right/processing_ms,std_msgs/msg/Float32,63.22549057006836
1774528735.5939636,/metrics/dbscan/front/detections_count,std_msgs/msg/Int32,11
1774528735.5941012,/metrics/dbscan/front/points_in,std_msgs/msg/Int32,6133
1774528735.594166,/metrics/dbscan/front/processing_ms,std_msgs/msg/Float32,60.815093994140625
1774528735.594524,/metrics/dbscan/left/detections_count,std_msgs/msg/Int32,11
1774528735.5945885,/metrics/dbscan/left/points_in,std_msgs/msg/Int32,7486
1774528735.5946357,/metrics/dbscan/left/processing_ms,std_msgs/msg/Float32,65.68013763427734
1774528735.6365762,/metrics/dbscan/back/detections_count,std_msgs/msg/Int32,12
1774528735.6367004,/metrics/dbscan/back/points_in,std_msgs/msg/Int32,4468
1774528735.6367648,/metrics/dbscan/back/processing_ms,std_msgs/msg/Float32,50.741737365722656
1774528735.6732695,/metrics/dbscan/right/detections_count,std_msgs/msg/Int32,9
1774528735.673402,/metrics/dbscan/right/points_in,std_msgs/msg/Int32,7052
1774528735.6734688,/metrics/dbscan/right/processing_ms,std_msgs/msg/Float32,64.70172882080078
1774528735.6871724,/metrics/dbscan/front/detections_count,std_msgs/msg/Int32,13
1774528735.6872892,/metrics/dbscan/front/points_in,std_msgs/msg/Int32,6122
1774528735.6873615,/metrics/dbscan/front/processing_ms,std_msgs/msg/Float32,56.45446014404297
1774528735.6959913,/metrics/dbscan/left/detections_count,std_msgs/msg/Int32,12
1774528735.6961312,/metrics/dbscan/left/points_in,std_msgs/msg/Int32,7482
1774528735.6962447,/metrics/dbscan/left/processing_ms,std_msgs/msg/Float32,65.8901138305664
1774528735.730433,/metrics/dbscan/back/detections_count,std_msgs/msg/Int32,12
1774528735.7305474,/metrics/dbscan/back/points_in,std_msgs/msg/Int32,4584
1774528735.730611,/metrics/dbscan/back/processing_ms,std_msgs/msg/Float32,48.54918670654297
1774528735.7807364,/metrics/dbscan/right/detections_count,std_msgs/msg/Int32,10
1774528735.7808597,/metrics/dbscan/right/points_in,std_msgs/msg/Int32,7052
1774528735.780925,/metrics/dbscan/right/processing_ms,std_msgs/msg/Float32,69.5795669555664
1774528735.7896864,/metrics/dbscan/front/detections_count,std_msgs/msg/Int32,12
1774528735.7897713,/metrics/dbscan/front/points_in,std_msgs/msg/Int32,6105
1774528735.7898304,/metrics/dbscan/front/processing_ms,std_msgs/msg/Float32,59.10929870605469
1774528735.79669,/metrics/dbscan/left/detections_count,std_msgs/msg/Int32,11
1774528735.7967992,/metrics/dbscan/left/points_in,std_msgs/msg/Int32,7490
1774528735.7968862,/metrics/dbscan/left/processing_ms,std_msgs/msg/Float32,66.91248321533203
1774528735.8327656,/metrics/dbscan/back/detections_count,std_msgs/msg/Int32,11
1774528735.8328984,/metrics/dbscan/back/points_in,std_msgs/msg/Int32,4638
1774528735.8329744,/metrics/dbscan/back/processing_ms,std_msgs/msg/Float32,50.348480224609375
1774528735.8741868,/metrics/dbscan/right/detections_count,std_msgs/msg/Int32,11
1774528735.874324,/metrics/dbscan/right/points_in,std_msgs/msg/Int32,7031
1774528735.8743923,/metrics/dbscan/right/processing_ms,std_msgs/msg/Float32,67.63192749023438
1774528735.8900938,/metrics/dbscan/front/detections_count,std_msgs/msg/Int32,13
1774528735.8901973,/metrics/dbscan/front/points_in,std_msgs/msg/Int32,6094
1774528735.8902602,/metrics/dbscan/front/processing_ms,std_msgs/msg/Float32,56.810546875
1774528735.8984568,/metrics/dbscan/left/detections_count,std_msgs/msg/Int32,11
1774528735.8985581,/metrics/dbscan/left/points_in,std_msgs/msg/Int32,7489
1774528735.898621,/metrics/dbscan/left/processing_ms,std_msgs/msg/Float32,70.87300109863281
1774528735.9333143,/metrics/dbscan/back/detections_count,std_msgs/msg/Int32,10
1774528735.9334407,/metrics/dbscan/back/points_in,std_msgs/msg/Int32,4633
1774528735.933507,/metrics/dbscan/back/processing_ms,std_msgs/msg/Float32,49.78211212158203
1774528735.973692,/metrics/dbscan/right/detections_count,std_msgs/msg/Int32,9
1774528735.9738033,/metrics/dbscan/right/points_in,std_msgs/msg/Int32,6985
1774528735.9738681,/metrics/dbscan/right/processing_ms,std_msgs/msg/Float32,65.62889862060547
1774528735.9895415,/metrics/dbscan/front/detections_count,std_msgs/msg/Int32,13
1774528735.9896543,/metrics/dbscan/front/points_in,std_msgs/msg/Int32,6125
1774528735.9897203,/metrics/dbscan/front/processing_ms,std_msgs/msg/Float32,57.51508712768555
1774528735.9927819,/metrics/dbscan/left/detections_count,std_msgs/msg/Int32,11
1774528735.9928644,/metrics/dbscan/left/points_in,std_msgs/msg/Int32,7494
1774528735.9929292,/metrics/dbscan/left/processing_ms,std_msgs/msg/Float32,65.65318298339844
1774528736.0364466,/metrics/dbscan/back/detections_count,std_msgs/msg/Int32,12
1774528736.0365744,/metrics/dbscan/back/points_in,std_msgs/msg/Int32,4623
1774528736.03664,/metrics/dbscan/back/processing_ms,std_msgs/msg/Float32,52.75226974487305
1774528736.075507,/metrics/dbscan/right/detections_count,std_msgs/msg/Int32,10
1774528736.075605,/metrics/dbscan/right/points_in,std_msgs/msg/Int32,6956
1774528736.0756571,/metrics/dbscan/right/processing_ms,std_msgs/msg/Float32,67.64705657958984
1774528736.091897,/metrics/dbscan/front/detections_count,std_msgs/msg/Int32,12
1774528736.0920112,/metrics/dbscan/front/points_in,std_msgs/msg/Int32,6155
1774528736.0921137,/metrics/dbscan/front/processing_ms,std_msgs/msg/Float32,57.88948059082031
1774528736.0995936,/metrics/dbscan/left/detections_count,std_msgs/msg/Int32,11
1774528736.0997138,/metrics/dbscan/left/points_in,std_msgs/msg/Int32,7503
1774528736.099788,/metrics/dbscan/left/processing_ms,std_msgs/msg/Float32,71.17169189453125
1774528736.1376617,/metrics/dbscan/back/detections_count,std_msgs/msg/Int32,11
1774528736.1377738,/metrics/dbscan/back/points_in,std_msgs/msg/Int32,4623
1774528736.1378427,/metrics/dbscan/back/processing_ms,std_msgs/msg/Float32,52.54108810424805
1774528736.1730258,/metrics/dbscan/right/detections_count,std_msgs/msg/Int32,9
1774528736.1731405,/metrics/dbscan/right/points_in,std_msgs/msg/Int32,6932
1774528736.1732063,/metrics/dbscan/right/processing_ms,std_msgs/msg/Float32,64.56736755371094
1774528736.1886778,/metrics/dbscan/front/detections_count,std_msgs/msg/Int32,12
1774528736.1887982,/metrics/dbscan/front/points_in,std_msgs/msg/Int32,6209
1774528736.1888764,/metrics/dbscan/front/processing_ms,std_msgs/msg/Float32,58.73609161376953
1774528736.198133,/metrics/dbscan/left/detections_count,std_msgs/msg/Int32,11
1774528736.1982572,/metrics/dbscan/left/points_in,std_msgs/msg/Int32,7511
1774528736.1983545,/metrics/dbscan/left/processing_ms,std_msgs/msg/Float32,68.4406509399414
1774528736.2392046,/metrics/dbscan/back/detections_count,std_msgs/msg/Int32,11
1774528736.2393298,/metrics/dbscan/back/points_in,std_msgs/msg/Int32,4665
1774528736.2393973,/metrics/dbscan/back/processing_ms,std_msgs/msg/Float32,52.73185348510742
1774528736.2717118,/metrics/dbscan/right/detections_count,std_msgs/msg/Int32,9
1774528736.2718272,/metrics/dbscan/right/points_in,std_msgs/msg/Int32,6854
1774528736.2718914,/metrics/dbscan/right/processing_ms,std_msgs/msg/Float32,62.147918701171875
1774528736.2907152,/metrics/dbscan/front/detections_count,std_msgs/msg/Int32,13
1774528736.2909088,/metrics/dbscan/front/points_in,std_msgs/msg/Int32,6282
1774528736.2909873,/metrics/dbscan/front/processing_ms,std_msgs/msg/Float32,59.41776657104492
1774528736.2973804,/metrics/dbscan/left/detections_count,std_msgs/msg/Int32,11
1774528736.2974916,/metrics/dbscan/left/points_in,std_msgs/msg/Int32,7467
1774528736.2975686,/metrics/dbscan/left/processing_ms,std_msgs/msg/Float32,66.45702362060547
1774528736.3340812,/metrics/dbscan/back/detections_count,std_msgs/msg/Int32,11
1774528736.334192,/metrics/dbscan/back/points_in,std_msgs/msg/Int32,4707
1774528736.3342576,/metrics/dbscan/back/processing_ms,std_msgs/msg/Float32,50.91466522216797
1774528736.37741,/metrics/dbscan/right/detections_count,std_msgs/msg/Int32,10
1774528736.3775256,/metrics/dbscan/right/points_in,std_msgs/msg/Int32,6790
1774528736.3775902,/metrics/dbscan/right/processing_ms,std_msgs/msg/Float32,66.68991088867188
1774528736.3906093,/metrics/dbscan/front/detections_count,std_msgs/msg/Int32,13
1774528736.390709,/metrics/dbscan/front/points_in,std_msgs/msg/Int32,6325
1774528736.3907614,/metrics/dbscan/front/processing_ms,std_msgs/msg/Float32,59.40850830078125
1774528736.392107,/metrics/dbscan/left/detections_count,std_msgs/msg/Int32,11
1774528736.392173,/metrics/dbscan/left/points_in,std_msgs/msg/Int32,7499
1774528736.3922226,/metrics/dbscan/left/processing_ms,std_msgs/msg/Float32,65.2365951538086
1774528736.4333043,/metrics/dbscan/back/detections_count,std_msgs/msg/Int32,10
1774528736.4334345,/metrics/dbscan/back/points_in,std_msgs/msg/Int32,4725
1774528736.4335155,/metrics/dbscan/back/processing_ms,std_msgs/msg/Float32,49.95014190673828
1774528736.472492,/metrics/dbscan/right/detections_count,std_msgs/msg/Int32,8
1774528736.4726124,/metrics/dbscan/right/points_in,std_msgs/msg/Int32,6693
1774528736.4726782,/metrics/dbscan/right/processing_ms,std_msgs/msg/Float32,65.14453887939453
1774528736.4911218,/metrics/dbscan/front/detections_count,std_msgs/msg/Int32,13
1774528736.49123,/metrics/dbscan/front/points_in,std_msgs/msg/Int32,6394
1774528736.4913068,/metrics/dbscan/front/processing_ms,std_msgs/msg/Float32,58.29001235961914
1774528736.4973307,/metrics/dbscan/left/detections_count,std_msgs/msg/Int32,11
1774528736.4974337,/metrics/dbscan/left/points_in,std_msgs/msg/Int32,7487
1774528736.497495,/metrics/dbscan/left/processing_ms,std_msgs/msg/Float32,69.41865539550781
1774528736.5320086,/metrics/dbscan/back/detections_count,std_msgs/msg/Int32,11
1774528736.5321167,/metrics/dbscan/back/points_in,std_msgs/msg/Int32,4694
1774528736.532178,/metrics/dbscan/back/processing_ms,std_msgs/msg/Float32,49.164146423339844
1774528736.571079,/metrics/dbscan/right/detections_count,std_msgs/msg/Int32,9
1774528736.5711994,/metrics/dbscan/right/points_in,std_msgs/msg/Int32,6683
1774528736.5712652,/metrics/dbscan/right/processing_ms,std_msgs/msg/Float32,62.508182525634766
1774528736.5915508,/metrics/dbscan/front/detections_count,std_msgs/msg/Int32,12
1774528736.591662,/metrics/dbscan/front/points_in,std_msgs/msg/Int32,6436
1774528736.591723,/metrics/dbscan/front/processing_ms,std_msgs/msg/Float32,58.24358367919922
1774528736.6013463,/metrics/dbscan/left/detections_count,std_msgs/msg/Int32,11
1774528736.601443,/metrics/dbscan/left/points_in,std_msgs/msg/Int32,7476
1774528736.6015038,/metrics/dbscan/left/processing_ms,std_msgs/msg/Float32,72.15514373779297
1774528736.6329274,/metrics/dbscan/back/detections_count,std_msgs/msg/Int32,12
1774528736.6330388,/metrics/dbscan/back/points_in,std_msgs/msg/Int32,4619
1774528736.6331024,/metrics/dbscan/back/processing_ms,std_msgs/msg/Float32,49.195396423339844
1774528736.6750658,/metrics/dbscan/right/detections_count,std_msgs/msg/Int32,9
1774528736.6751869,/metrics/dbscan/right/points_in,std_msgs/msg/Int32,6656
1774528736.6752517,/metrics/dbscan/right/processing_ms,std_msgs/msg/Float32,66.9725341796875
1774528736.6897492,/metrics/dbscan/front/detections_count,std_msgs/msg/Int32,15
1774528736.6898568,/metrics/dbscan/front/points_in,std_msgs/msg/Int32,6462
1774528736.6899283,/metrics/dbscan/front/processing_ms,std_msgs/msg/Float32,59.015533447265625
1774528736.696671,/metrics/dbscan/left/detections_count,std_msgs/msg/Int32,11
1774528736.6967666,/metrics/dbscan/left/points_in,std_msgs/msg/Int32,7470
1774528736.696829,/metrics/dbscan/left/processing_ms,std_msgs/msg/Float32,66.40260314941406
1774528736.7323778,/metrics/dbscan/back/detections_count,std_msgs/msg/Int32,12
1774528736.7325158,/metrics/dbscan/back/points_in,std_msgs/msg/Int32,4521
1774528736.732591,/metrics/dbscan/back/processing_ms,std_msgs/msg/Float32,48.120059967041016
1774528736.7723331,/metrics/dbscan/right/detections_count,std_msgs/msg/Int32,8
1774528736.772465,/metrics/dbscan/right/points_in,std_msgs/msg/Int32,6652
1774528736.7725563,/metrics/dbscan/right/processing_ms,std_msgs/msg/Float32,64.38703155517578
1774528736.789614,/metrics/dbscan/front/detections_count,std_msgs/msg/Int32,14
1774528736.7897246,/metrics/dbscan/front/points_in,std_msgs/msg/Int32,6534
1774528736.7897885,/metrics/dbscan/front/processing_ms,std_msgs/msg/Float32,59.61202621459961
1774528736.7932255,/metrics/dbscan/left/detections_count,std_msgs/msg/Int32,11
1774528736.793314,/metrics/dbscan/left/processing_ms,std_msgs/msg/Float32,67.82437896728516
1774528736.793587,/metrics/dbscan/left/points_in,std_msgs/msg/Int32,7479
1774528736.8288333,/metrics/dbscan/back/detections_count,std_msgs/msg/Int32,13
1774528736.828939,/metrics/dbscan/back/points_in,std_msgs/msg/Int32,4411
1774528736.8289993,/metrics/dbscan/back/processing_ms,std_msgs/msg/Float32,47.82024002075195
1774528736.8773277,/metrics/dbscan/right/detections_count,std_msgs/msg/Int32,9
1774528736.8774445,/metrics/dbscan/right/points_in,std_msgs/msg/Int32,6660
1774528736.8775187,/metrics/dbscan/right/processing_ms,std_msgs/msg/Float32,69.49728393554688
1774528736.8919446,/metrics/dbscan/front/detections_count,std_msgs/msg/Int32,15
1774528736.8920536,/metrics/dbscan/front/points_in,std_msgs/msg/Int32,6527
1774528736.8921177,/metrics/dbscan/front/processing_ms,std_msgs/msg/Float32,60.1882438659668
1774528736.8998585,/metrics/dbscan/left/detections_count,std_msgs/msg/Int32,11
1774528736.899992,/metrics/dbscan/left/points_in,std_msgs/msg/Int32,7496
1774528736.9000652,/metrics/dbscan/left/processing_ms,std_msgs/msg/Float32,72.95343017578125
1774528736.9304073,/metrics/dbscan/back/detections_count,std_msgs/msg/Int32,12
1774528736.930547,/metrics/dbscan/back/points_in,std_msgs/msg/Int32,4346
1774528736.9306495,/metrics/dbscan/back/processing_ms,std_msgs/msg/Float32,47.795352935791016
1774528736.9727526,/metrics/dbscan/right/detections_count,std_msgs/msg/Int32,10
1774528736.9729567,/metrics/dbscan/right/points_in,std_msgs/msg/Int32,6697
1774528736.9730709,/metrics/dbscan/right/processing_ms,std_msgs/msg/Float32,62.663631439208984
1774528736.9947276,/metrics/dbscan/left/detections_count,std_msgs/msg/Int32,11
1774528736.9948444,/metrics/dbscan/left/points_in,std_msgs/msg/Int32,7507
1774528736.9949102,/metrics/dbscan/left/processing_ms,std_msgs/msg/Float32,66.84761047363281
1774528736.9958797,/metrics/dbscan/front/detections_count,std_msgs/msg/Int32,15
1774528736.9959645,/metrics/dbscan/front/processing_ms,std_msgs/msg/Float32,63.52348709106445
1774528736.996245,/metrics/dbscan/front/points_in,std_msgs/msg/Int32,6555
1774528737.0336213,/metrics/dbscan/back/detections_count,std_msgs/msg/Int32,13
1774528737.0337474,/metrics/dbscan/back/points_in,std_msgs/msg/Int32,4312
1774528737.0338206,/metrics/dbscan/back/processing_ms,std_msgs/msg/Float32,50.60447311401367
1774528737.070075,/metrics/dbscan/right/detections_count,std_msgs/msg/Int32,10
1774528737.0701954,/metrics/dbscan/right/points_in,std_msgs/msg/Int32,6845
1774528737.0702631,/metrics/dbscan/right/processing_ms,std_msgs/msg/Float32,63.14913558959961
1774528737.09499,/metrics/dbscan/front/detections_count,std_msgs/msg/Int32,11
1774528737.0951226,/metrics/dbscan/front/points_in,std_msgs/msg/Int32,6569
1774528737.0951872,/metrics/dbscan/front/processing_ms,std_msgs/msg/Float32,61.5517463684082
1774528737.0962718,/metrics/dbscan/left/detections_count,std_msgs/msg/Int32,11
1774528737.0963438,/metrics/dbscan/left/points_in,std_msgs/msg/Int32,7488
1774528737.0963895,/metrics/dbscan/left/processing_ms,std_msgs/msg/Float32,67.51689147949219
1774528737.1308625,/metrics/dbscan/back/detections_count,std_msgs/msg/Int32,13
1774528737.130975,/metrics/dbscan/back/points_in,std_msgs/msg/Int32,4315
1774528737.131039,/metrics/dbscan/back/processing_ms,std_msgs/msg/Float32,47.33658218383789
1774528737.1717043,/metrics/dbscan/right/detections_count,std_msgs/msg/Int32,11
1774528737.1718266,/metrics/dbscan/right/points_in,std_msgs/msg/Int32,7000
1774528737.1719255,/metrics/dbscan/right/processing_ms,std_msgs/msg/Float32,63.858402252197266
1774528737.1920729,/metrics/dbscan/front/detections_count,std_msgs/msg/Int32,13
1774528737.1921947,/metrics/dbscan/front/points_in,std_msgs/msg/Int32,6585
1774528737.192266,/metrics/dbscan/front/processing_ms,std_msgs/msg/Float32,58.27846908569336
1774528737.197318,/metrics/dbscan/left/detections_count,std_msgs/msg/Int32,11
1774528737.1974185,/metrics/dbscan/left/points_in,std_msgs/msg/Int32,7497
1774528737.1974812,/metrics/dbscan/left/processing_ms,std_msgs/msg/Float32,68.11712646484375
1774528737.2345574,/metrics/dbscan/back/detections_count,std_msgs/msg/Int32,13
1774528737.2346833,/metrics/dbscan/back/points_in,std_msgs/msg/Int32,4407
1774528737.2347593,/metrics/dbscan/back/processing_ms,std_msgs/msg/Float32,50.074745178222656
1774528737.2713926,/metrics/dbscan/right/detections_count,std_msgs/msg/Int32,9
1774528737.2715151,/metrics/dbscan/right/points_in,std_msgs/msg/Int32,7033
1774528737.2715824,/metrics/dbscan/right/processing_ms,std_msgs/msg/Float32,63.34260177612305
1774528737.2884314,/metrics/dbscan/front/detections_count,std_msgs/msg/Int32,13
1774528737.2885532,/metrics/dbscan/front/points_in,std_msgs/msg/Int32,6535
1774528737.2886245,/metrics/dbscan/front/processing_ms,std_msgs/msg/Float32,57.499359130859375
1774528737.2947874,/metrics/dbscan/left/detections_count,std_msgs/msg/Int32,11
1774528737.294889,/metrics/dbscan/left/points_in,std_msgs/msg/Int32,7479
1774528737.2949712,/metrics/dbscan/left/processing_ms,std_msgs/msg/Float32,67.96435546875
1774528737.3326745,/metrics/dbscan/back/detections_count,std_msgs/msg/Int32,13
1774528737.3327858,/metrics/dbscan/back/points_in,std_msgs/msg/Int32,4504
1774528737.3328485,/metrics/dbscan/back/processing_ms,std_msgs/msg/Float32,48.008968353271484
1774528737.381993,/metrics/dbscan/right/detections_count,std_msgs/msg/Int32,11
1774528737.3821027,/metrics/dbscan/right/points_in,std_msgs/msg/Int32,7083
1774528737.3821676,/metrics/dbscan/right/processing_ms,std_msgs/msg/Float32,71.56161499023438
1774528737.3918529,/metrics/dbscan/left/detections_count,std_msgs/msg/Int32,12
1774528737.3919451,/metrics/dbscan/left/points_in,std_msgs/msg/Int32,7477
1774528737.3919969,/metrics/dbscan/left/processing_ms,std_msgs/msg/Float32,64.71157836914062
1774528737.3970578,/metrics/dbscan/front/detections_count,std_msgs/msg/Int32,11
1774528737.3971527,/metrics/dbscan/front/points_in,std_msgs/msg/Int32,6461
1774528737.3972063,/metrics/dbscan/front/processing_ms,std_msgs/msg/Float32,65.650146484375
1774528737.4313812,/metrics/dbscan/back/detections_count,std_msgs/msg/Int32,13
1774528737.4314883,/metrics/dbscan/back/points_in,std_msgs/msg/Int32,4569
1774528737.4315507,/metrics/dbscan/back/processing_ms,std_msgs/msg/Float32,50.192142486572266
1774528737.4756744,/metrics/dbscan/right/detections_count,std_msgs/msg/Int32,11
1774528737.475796,/metrics/dbscan/right/points_in,std_msgs/msg/Int32,7110
1774528737.4758677,/metrics/dbscan/right/processing_ms,std_msgs/msg/Float32,65.379638671875
1774528737.491109,/metrics/dbscan/front/detections_count,std_msgs/msg/Int32,13
1774528737.491234,/metrics/dbscan/front/points_in,std_msgs/msg/Int32,6358
1774528737.4913201,/metrics/dbscan/front/processing_ms,std_msgs/msg/Float32,57.49211502075195
1774528737.4947705,/metrics/dbscan/left/detections_count,std_msgs/msg/Int32,11
1774528737.494857,/metrics/dbscan/left/points_in,std_msgs/msg/Int32,7478
1774528737.4988637,/metrics/dbscan/left/processing_ms,std_msgs/msg/Float32,66.03290557861328
1774528737.5326083,/metrics/dbscan/back/detections_count,std_msgs/msg/Int32,12
1774528737.5327487,/metrics/dbscan/back/points_in,std_msgs/msg/Int32,4652
1774528737.5328178,/metrics/dbscan/back/processing_ms,std_msgs/msg/Float32,50.75767517089844
1774528737.573987,/metrics/dbscan/right/detections_count,std_msgs/msg/Int32,9
1774528737.5741246,/metrics/dbscan/right/points_in,std_msgs/msg/Int32,7078
1774528737.5742044,/metrics/dbscan/right/processing_ms,std_msgs/msg/Float32,66.85273742675781
1774528737.5914516,/metrics/dbscan/front/detections_count,std_msgs/msg/Int32,12
1774528737.5915592,/metrics/dbscan/front/points_in,std_msgs/msg/Int32,6216
1774528737.5916212,/metrics/dbscan/front/processing_ms,std_msgs/msg/Float32,58.44589614868164
1774528737.5980484,/metrics/dbscan/left/detections_count,std_msgs/msg/Int32,12
1774528737.598185,/metrics/dbscan/left/points_in,std_msgs/msg/Int32,7492
1774528737.5982714,/metrics/dbscan/left/processing_ms,std_msgs/msg/Float32,69.05181884765625
1774528737.6372116,/metrics/dbscan/back/detections_count,std_msgs/msg/Int32,12
1774528737.637376,/metrics/dbscan/back/points_in,std_msgs/msg/Int32,4690
1774528737.6374404,/metrics/dbscan/back/processing_ms,std_msgs/msg/Float32,53.77094650268555
1774528737.6724422,/metrics/dbscan/right/detections_count,std_msgs/msg/Int32,10
1774528737.6725464,/metrics/dbscan/right/points_in,std_msgs/msg/Int32,7035
1774528737.6726,/metrics/dbscan/right/processing_ms,std_msgs/msg/Float32,64.9954833984375
1774528737.6893978,/metrics/dbscan/front/detections_count,std_msgs/msg/Int32,13
1774528737.6895046,/metrics/dbscan/front/points_in,std_msgs/msg/Int32,6132
1774528737.689568,/metrics/dbscan/front/processing_ms,std_msgs/msg/Float32,55.32278823852539
1774528737.7017388,/metrics/dbscan/left/detections_count,std_msgs/msg/Int32,12
1774528737.7018542,/metrics/dbscan/left/points_in,std_msgs/msg/Int32,7489
1774528737.701921,/metrics/dbscan/left/processing_ms,std_msgs/msg/Float32,71.72074890136719
1774528737.7353063,/metrics/dbscan/back/detections_count,std_msgs/msg/Int32,11
1774528737.7354207,/metrics/dbscan/back/points_in,std_msgs/msg/Int32,4733
1774528737.7354898,/metrics/dbscan/back/processing_ms,std_msgs/msg/Float32,50.95331954956055
1774528737.7763367,/metrics/dbscan/right/detections_count,std_msgs/msg/Int32,10
1774528737.7764525,/metrics/dbscan/right/points_in,std_msgs/msg/Int32,6958
1774528737.7765284,/metrics/dbscan/right/processing_ms,std_msgs/msg/Float32,68.4601058959961
1774528737.7893202,/metrics/dbscan/front/detections_count,std_msgs/msg/Int32,12
1774528737.7894254,/metrics/dbscan/front/points_in,std_msgs/msg/Int32,6086
1774528737.7894876,/metrics/dbscan/front/processing_ms,std_msgs/msg/Float32,58.59381103515625
1774528737.8008256,/metrics/dbscan/left/detections_count,std_msgs/msg/Int32,11
1774528737.8009462,/metrics/dbscan/left/points_in,std_msgs/msg/Int32,7485
1774528737.8010116,/metrics/dbscan/left/processing_ms,std_msgs/msg/Float32,70.03752136230469
1774528737.834456,/metrics/dbscan/back/detections_count,std_msgs/msg/Int32,12
1774528737.8345788,/metrics/dbscan/back/points_in,std_msgs/msg/Int32,4766
1774528737.8346534,/metrics/dbscan/back/processing_ms,std_msgs/msg/Float32,49.520084381103516
1774528737.8718898,/metrics/dbscan/right/detections_count,std_msgs/msg/Int32,8
1774528737.8720052,/metrics/dbscan/right/points_in,std_msgs/msg/Int32,6973
1774528737.8720694,/metrics/dbscan/right/processing_ms,std_msgs/msg/Float32,63.5904655456543
1774528737.8876412,/metrics/dbscan/front/detections_count,std_msgs/msg/Int32,13
1774528737.8878052,/metrics/dbscan/front/points_in,std_msgs/msg/Int32,6110
1774528737.8878756,/metrics/dbscan/front/processing_ms,std_msgs/msg/Float32,55.23587417602539
1774528737.8928165,/metrics/dbscan/left/detections_count,std_msgs/msg/Int32,11
1774528737.8929033,/metrics/dbscan/left/points_in,std_msgs/msg/Int32,7497
1774528737.8929615,/metrics/dbscan/left/processing_ms,std_msgs/msg/Float32,66.26432037353516
1774528737.9376354,/metrics/dbscan/back/detections_count,std_msgs/msg/Int32,12
1774528737.9377627,/metrics/dbscan/back/points_in,std_msgs/msg/Int32,4769
1774528737.9378374,/metrics/dbscan/back/processing_ms,std_msgs/msg/Float32,51.06798553466797
1774528737.974987,/metrics/dbscan/right/detections_count,std_msgs/msg/Int32,9
1774528737.9751194,/metrics/dbscan/right/points_in,std_msgs/msg/Int32,7054
1774528737.975185,/metrics/dbscan/right/processing_ms,std_msgs/msg/Float32,64.11869049072266
1774528737.9872143,/metrics/dbscan/front/detections_count,std_msgs/msg/Int32,13
1774528737.9873674,/metrics/dbscan/front/points_in,std_msgs/msg/Int32,6125
1774528737.9874852,/metrics/dbscan/front/processing_ms,std_msgs/msg/Float32,54.88241958618164
1774528737.9934852,/metrics/dbscan/left/detections_count,std_msgs/msg/Int32,11
1774528737.9935641,/metrics/dbscan/left/points_in,std_msgs/msg/Int32,7464
1774528737.9936287,/metrics/dbscan/left/processing_ms,std_msgs/msg/Float32,65.73490142822266
1774528738.0313354,/metrics/dbscan/back/detections_count,std_msgs/msg/Int32,11
1774528738.0314515,/metrics/dbscan/back/points_in,std_msgs/msg/Int32,4780
1774528738.031514,/metrics/dbscan/back/processing_ms,std_msgs/msg/Float32,49.786598205566406
1774528738.0763113,/metrics/dbscan/right/detections_count,std_msgs/msg/Int32,8
1774528738.076429,/metrics/dbscan/right/points_in,std_msgs/msg/Int32,7108
1774528738.076493,/metrics/dbscan/right/processing_ms,std_msgs/msg/Float32,66.13269805908203
1774528738.086869,/metrics/dbscan/front/detections_count,std_msgs/msg/Int32,15
1774528738.0869803,/metrics/dbscan/front/points_in,std_msgs/msg/Int32,6183
1774528738.0870438,/metrics/dbscan/front/processing_ms,std_msgs/msg/Float32,54.570858001708984
1774528738.0945842,/metrics/dbscan/left/detections_count,std_msgs/msg/Int32,11
1774528738.0946672,/metrics/dbscan/left/points_in,std_msgs/msg/Int32,7475
1774528738.0947337,/metrics/dbscan/left/processing_ms,std_msgs/msg/Float32,66.49514770507812
1774528738.1313987,/metrics/dbscan/back/detections_count,std_msgs/msg/Int32,12
1774528738.131523,/metrics/dbscan/back/points_in,std_msgs/msg/Int32,4824
1774528738.1315968,/metrics/dbscan/back/processing_ms,std_msgs/msg/Float32,49.45909881591797
1774528738.1718767,/metrics/dbscan/right/detections_count,std_msgs/msg/Int32,10
1774528738.1719964,/metrics/dbscan/right/points_in,std_msgs/msg/Int32,7131
1774528738.1720605,/metrics/dbscan/right/processing_ms,std_msgs/msg/Float32,64.36518859863281
1774528738.1877272,/metrics/dbscan/front/detections_count,std_msgs/msg/Int32,14
1774528738.1878524,/metrics/dbscan/front/points_in,std_msgs/msg/Int32,6205
1774528738.1879284,/metrics/dbscan/front/processing_ms,std_msgs/msg/Float32,54.33848571777344
1774528738.193554,/metrics/dbscan/left/detections_count,std_msgs/msg/Int32,11
1774528738.1936338,/metrics/dbscan/left/points_in,std_msgs/msg/Int32,7499
1774528738.193699,/metrics/dbscan/left/processing_ms,std_msgs/msg/Float32,65.02657318115234
1774528738.232009,/metrics/dbscan/back/detections_count,std_msgs/msg/Int32,12
1774528738.232134,/metrics/dbscan/back/points_in,std_msgs/msg/Int32,4902
1774528738.2322092,/metrics/dbscan/back/processing_ms,std_msgs/msg/Float32,50.093223571777344
1774528738.274106,/metrics/dbscan/right/detections_count,std_msgs/msg/Int32,9
1774528738.2742283,/metrics/dbscan/right/points_in,std_msgs/msg/Int32,7119
1774528738.274326,/metrics/dbscan/right/processing_ms,std_msgs/msg/Float32,66.78485107421875
1774528738.2868938,/metrics/dbscan/front/detections_count,std_msgs/msg/Int32,15
1774528738.2870462,/metrics/dbscan/front/points_in,std_msgs/msg/Int32,6198
1774528738.2871194,/metrics/dbscan/front/processing_ms,std_msgs/msg/Float32,56.30588912963867
1774528738.292829,/metrics/dbscan/left/detections_count,std_msgs/msg/Int32,11
1774528738.2929313,/metrics/dbscan/left/points_in,std_msgs/msg/Int32,7501
1774528738.292994,/metrics/dbscan/left/processing_ms,std_msgs/msg/Float32,66.52330017089844
1774528738.3344028,/metrics/dbscan/back/detections_count,std_msgs/msg/Int32,12
1774528738.3345509,/metrics/dbscan/back/points_in,std_msgs/msg/Int32,4967
1774528738.3346336,/metrics/dbscan/back/processing_ms,std_msgs/msg/Float32,50.77902603149414
1774528738.3731768,/metrics/dbscan/right/detections_count,std_msgs/msg/Int32,10
1774528738.3733165,/metrics/dbscan/right/points_in,std_msgs/msg/Int32,7092
1774528738.3733878,/metrics/dbscan/right/processing_ms,std_msgs/msg/Float32,65.27462005615234
1774528738.3885174,/metrics/dbscan/front/detections_count,std_msgs/msg/Int32,14
1774528738.3886347,/metrics/dbscan/front/points_in,std_msgs/msg/Int32,6195
1774528738.3887024,/metrics/dbscan/front/processing_ms,std_msgs/msg/Float32,58.27604675292969
1774528738.3921072,/metrics/dbscan/left/detections_count,std_msgs/msg/Int32,11
1774528738.3921962,/metrics/dbscan/left/points_in,std_msgs/msg/Int32,7479
1774528738.3922603,/metrics/dbscan/left/processing_ms,std_msgs/msg/Float32,66.1268310546875
1774528738.4350967,/metrics/dbscan/back/detections_count,std_msgs/msg/Int32,11
1774528738.435218,/metrics/dbscan/back/points_in,std_msgs/msg/Int32,4978
1774528738.4352932,/metrics/dbscan/back/processing_ms,std_msgs/msg/Float32,51.39556121826172
1774528738.4744906,/metrics/dbscan/right/detections_count,std_msgs/msg/Int32,9
1774528738.4745972,/metrics/dbscan/right/points_in,std_msgs/msg/Int32,7052
1774528738.4746528,/metrics/dbscan/right/processing_ms,std_msgs/msg/Float32,65.82308959960938
1774528738.487231,/metrics/dbscan/front/detections_count,std_msgs/msg/Int32,15
1774528738.4873435,/metrics/dbscan/front/points_in,std_msgs/msg/Int32,6200
1774528738.4874,/metrics/dbscan/front/processing_ms,std_msgs/msg/Float32,55.749351501464844
1774528738.501717,/metrics/dbscan/left/detections_count,std_msgs/msg/Int32,11
1774528738.5018542,/metrics/dbscan/left/points_in,std_msgs/msg/Int32,7463
1774528738.501942,/metrics/dbscan/left/processing_ms,std_msgs/msg/Float32,74.37361145019531
1774528738.536233,/metrics/dbscan/back/detections_count,std_msgs/msg/Int32,12
1774528738.5364397,/metrics/dbscan/back/points_in,std_msgs/msg/Int32,4992
1774528738.5365477,/metrics/dbscan/back/processing_ms,std_msgs/msg/Float32,51.003665924072266
1774528738.5790818,/metrics/dbscan/right/detections_count,std_msgs/msg/Int32,8
1774528738.5792105,/metrics/dbscan/right/points_in,std_msgs/msg/Int32,7012
1774528738.5793068,/metrics/dbscan/right/processing_ms,std_msgs/msg/Float32,70.00676727294922
1774528738.5867062,/metrics/dbscan/front/detections_count,std_msgs/msg/Int32,14
1774528738.5868075,/metrics/dbscan/front/points_in,std_msgs/msg/Int32,6200
1774528738.586879,/metrics/dbscan/front/processing_ms,std_msgs/msg/Float32,54.272823333740234
1774528738.5957286,/metrics/dbscan/left/detections_count,std_msgs/msg/Int32,11
1774528738.5958667,/metrics/dbscan/left/points_in,std_msgs/msg/Int32,7467
1774528738.5959353,/metrics/dbscan/left/processing_ms,std_msgs/msg/Float32,67.58857727050781
1774528738.6336567,/metrics/dbscan/back/detections_count,std_msgs/msg/Int32,12
1774528738.6338017,/metrics/dbscan/back/points_in,std_msgs/msg/Int32,4991
1774528738.6338923,/metrics/dbscan/back/processing_ms,std_msgs/msg/Float32,52.676979064941406
1774528738.6710577,/metrics/dbscan/right/detections_count,std_msgs/msg/Int32,10
1774528738.671221,/metrics/dbscan/right/points_in,std_msgs/msg/Int32,6970
1774528738.6713533,/metrics/dbscan/right/processing_ms,std_msgs/msg/Float32,61.13719940185547
1774528738.6864,/metrics/dbscan/front/detections_count,std_msgs/msg/Int32,13
1774528738.6865697,/metrics/dbscan/front/points_in,std_msgs/msg/Int32,6194
1774528738.6866777,/metrics/dbscan/front/processing_ms,std_msgs/msg/Float32,53.6108512878418
1774528738.6960912,/metrics/dbscan/left/detections_count,std_msgs/msg/Int32,11
1774528738.6962547,/metrics/dbscan/left/points_in,std_msgs/msg/Int32,7481
1774528738.6963918,/metrics/dbscan/left/processing_ms,std_msgs/msg/Float32,67.08528137207031
1774528738.7344244,/metrics/dbscan/back/detections_count,std_msgs/msg/Int32,12
1774528738.7345695,/metrics/dbscan/back/points_in,std_msgs/msg/Int32,5014
1774528738.734674,/metrics/dbscan/back/processing_ms,std_msgs/msg/Float32,52.80207443237305
1774528738.767491,/metrics/dbscan/right/detections_count,std_msgs/msg/Int32,9
1774528738.7676506,/metrics/dbscan/right/points_in,std_msgs/msg/Int32,6958
1774528738.7677586,/metrics/dbscan/right/processing_ms,std_msgs/msg/Float32,60.63766860961914
1774528738.7837093,/metrics/dbscan/front/detections_count,std_msgs/msg/Int32,11
1774528738.783838,/metrics/dbscan/front/points_in,std_msgs/msg/Int32,6198
1774528738.7839105,/metrics/dbscan/front/processing_ms,std_msgs/msg/Float32,54.37049865722656
1774528738.7979634,/metrics/dbscan/left/detections_count,std_msgs/msg/Int32,11
1774528738.7980797,/metrics/dbscan/left/points_in,std_msgs/msg/Int32,7504
1774528738.7981434,/metrics/dbscan/left/processing_ms,std_msgs/msg/Float32,72.60676574707031
1774528738.8344889,/metrics/dbscan/back/detections_count,std_msgs/msg/Int32,12
1774528738.8346047,/metrics/dbscan/back/points_in,std_msgs/msg/Int32,5006
1774528738.8346677,/metrics/dbscan/back/processing_ms,std_msgs/msg/Float32,50.926719665527344
1774528738.8679829,/metrics/dbscan/right/detections_count,std_msgs/msg/Int32,11
1774528738.8680978,/metrics/dbscan/right/points_in,std_msgs/msg/Int32,6924
1774528738.8681622,/metrics/dbscan/right/processing_ms,std_msgs/msg/Float32,61.08450698852539
1774528738.8837833,/metrics/dbscan/front/detections_count,std_msgs/msg/Int32,11
1774528738.8839378,/metrics/dbscan/front/points_in,std_msgs/msg/Int32,6159
1774528738.8840213,/metrics/dbscan/front/processing_ms,std_msgs/msg/Float32,53.2512092590332
1774528738.8981283,/metrics/dbscan/left/detections_count,std_msgs/msg/Int32,11
1774528738.898259,/metrics/dbscan/left/points_in,std_msgs/msg/Int32,7513
1774528738.8983455,/metrics/dbscan/left/processing_ms,std_msgs/msg/Float32,71.87330627441406
1774528738.935082,/metrics/dbscan/back/detections_count,std_msgs/msg/Int32,11
1774528738.9352329,/metrics/dbscan/back/points_in,std_msgs/msg/Int32,5012
1774528738.9353564,/metrics/dbscan/back/processing_ms,std_msgs/msg/Float32,51.14982223510742
1774528738.9710238,/metrics/dbscan/right/detections_count,std_msgs/msg/Int32,9
1774528738.9711764,/metrics/dbscan/right/points_in,std_msgs/msg/Int32,6907
1774528738.9712903,/metrics/dbscan/right/processing_ms,std_msgs/msg/Float32,61.833011627197266
1774528738.988515,/metrics/dbscan/front/detections_count,std_msgs/msg/Int32,11
1774528738.9886615,/metrics/dbscan/front/points_in,std_msgs/msg/Int32,6105
1774528738.9887664,/metrics/dbscan/front/processing_ms,std_msgs/msg/Float32,57.14181900024414
1774528738.9920523,/metrics/dbscan/left/detections_count,std_msgs/msg/Int32,11
1774528738.9921415,/metrics/dbscan/left/processing_ms,std_msgs/msg/Float32,65.13139343261719
1774528738.992449,/metrics/dbscan/left/points_in,std_msgs/msg/Int32,7475
1774528739.0346704,/metrics/dbscan/back/detections_count,std_msgs/msg/Int32,12
1774528739.0347967,/metrics/dbscan/back/points_in,std_msgs/msg/Int32,5052
1774528739.034881,/metrics/dbscan/back/processing_ms,std_msgs/msg/Float32,50.580528259277344
1774528739.0715947,/metrics/dbscan/right/detections_count,std_msgs/msg/Int32,9
1774528739.0718129,/metrics/dbscan/right/points_in,std_msgs/msg/Int32,6876
1774528739.0719318,/metrics/dbscan/right/processing_ms,std_msgs/msg/Float32,62.0452766418457
1774528739.0881379,/metrics/dbscan/front/detections_count,std_msgs/msg/Int32,12
1774528739.0882516,/metrics/dbscan/front/points_in,std_msgs/msg/Int32,6093
1774528739.0883367,/metrics/dbscan/front/processing_ms,std_msgs/msg/Float32,54.982913970947266
1774528739.0937877,/metrics/dbscan/left/detections_count,std_msgs/msg/Int32,11
1774528739.0938747,/metrics/dbscan/left/points_in,std_msgs/msg/Int32,7477
1774528739.093943,/metrics/dbscan/left/processing_ms,std_msgs/msg/Float32,64.96070861816406
1774528739.1341023,/metrics/dbscan/back/detections_count,std_msgs/msg/Int32,12
1774528739.1342373,/metrics/dbscan/back/points_in,std_msgs/msg/Int32,5102
1774528739.1343372,/metrics/dbscan/back/processing_ms,std_msgs/msg/Float32,49.45297622680664
1774528739.17283,/metrics/dbscan/right/detections_count,std_msgs/msg/Int32,10
1774528739.1729538,/metrics/dbscan/right/points_in,std_msgs/msg/Int32,6838
1774528739.173027,/metrics/dbscan/right/processing_ms,std_msgs/msg/Float32,63.13313293457031
1774528739.1853034,/metrics/dbscan/front/detections_count,std_msgs/msg/Int32,12
1774528739.1854327,/metrics/dbscan/front/points_in,std_msgs/msg/Int32,6122
1774528739.1855145,/metrics/dbscan/front/processing_ms,std_msgs/msg/Float32,53.03291320800781
1774528739.1968496,/metrics/dbscan/left/detections_count,std_msgs/msg/Int32,11
1774528739.1969805,/metrics/dbscan/left/points_in,std_msgs/msg/Int32,7490
1774528739.1970723,/metrics/dbscan/left/processing_ms,std_msgs/msg/Float32,68.38197326660156
1774528739.2330015,/metrics/dbscan/back/detections_count,std_msgs/msg/Int32,12
1774528739.2331336,/metrics/dbscan/back/points_in,std_msgs/msg/Int32,5173
1774528739.233211,/metrics/dbscan/back/processing_ms,std_msgs/msg/Float32,52.1706657409668
1774528739.2727618,/metrics/dbscan/right/detections_count,std_msgs/msg/Int32,9
1774528739.2728906,/metrics/dbscan/right/points_in,std_msgs/msg/Int32,6804
1774528739.272964,/metrics/dbscan/right/processing_ms,std_msgs/msg/Float32,66.50008392333984
1774528739.2873964,/metrics/dbscan/front/detections_count,std_msgs/msg/Int32,12
1774528739.2875001,/metrics/dbscan/front/points_in,std_msgs/msg/Int32,6162
1774528739.2875688,/metrics/dbscan/front/processing_ms,std_msgs/msg/Float32,58.52337646484375
1774528739.2933352,/metrics/dbscan/left/detections_count,std_msgs/msg/Int32,11
1774528739.2934253,/metrics/dbscan/left/points_in,std_msgs/msg/Int32,7506
1774528739.293495,/metrics/dbscan/left/processing_ms,std_msgs/msg/Float32,67.9700698852539
1774528739.334953,/metrics/dbscan/back/detections_count,std_msgs/msg/Int32,11
1774528739.3351233,/metrics/dbscan/back/points_in,std_msgs/msg/Int32,5197
1774528739.3351893,/metrics/dbscan/back/processing_ms,std_msgs/msg/Float32,52.516700744628906
